region_code;region_name;state_code;state_abbr;state_name;city_code;city_name;has_educational_record;school_year;school_network;education_level;school_grades;approval_rate;performance_indicator;saeb_math_score;saeb_portuguese_score;saeb_standardized_average_score;ideb;ideb_projection;gdp_2023_current_prices_thousand_reais;gdp_per_capita_2023_current_reais;gdp_2022_current_prices_thousand_reais;gdp_per_capita_2022_current_reais;gdp_2021_current_prices_thousand_reais;gdp_per_capita_2021_current_reais;gross_value_added_agriculture_2021_current_prices_thousand_reais;gross_value_added_industry_2021_current_prices_thousand_reais;gross_value_added_services_2021_current_prices_thousand_reais;gross_value_added_public_administration_2021_current_prices_thousand_reais;gross_value_added_total_2021_current_prices_thousand_reais;taxes_less_subsidies_2021_current_prices_thousand_reais;main_economic_activity_2021;second_main_economic_activity_2021;third_main_economic_activity_2021
2;Nordeste;29;BA;Bahia;2900108;Abaíra;True;2023;publica;medio;todos (1-4);98.7;0.987242;277.5;272.17;4.661387;4.6;;84853.976;11622.24;79219.551;10850.51;70036.719;8067.82;5645.005;2519.128;21864.093;36780.918;66809.144;3227.575;Administração, defesa, educação e saúde públicas e seguridade social;Demais serviços;Agricultura, inclusive apoio à agricultura e a pós colheita
2;Nordeste;29;BA;Bahia;2900207;Abaré;True;2023;publica;medio;todos (1-4);97.5;0.974567;246.54;241.88;3.773113;3.7;;224238.542;12712.66;206161.515;11687.82;208481.098;10123.39;25259.572;11206.016;67106.232;87825.186;191397.006;17084.093;Administração, defesa, educação e saúde públicas e seguridade social;Demais serviços;Comércio e reparação de veículos automotores e motocicletas
2;Nordeste;29;BA;Bahia;2900306;Acajutiba;True;2023;publica;medio;todos (1-4);86.9;0.848148;241.67;240.45;3.683307;3.1;;186446.172;13515.49;157503.769;11417.45;144340.89;9487.37;24598.617;7391.122;43322.968;63685.497;138998.204;5342.687;Administração, defesa, educação e saúde públicas e seguridade social;Demais serviços;Agricultura, inclusive apoio à agricultura e a pós colheita
2;Nordeste;29;BA;Bahia;2900355;Adustina;True;2023;publica;medio;todos (1-4);95.7;0.962925;268.84;274.29;4.571495;4.4;;275493.875;19399.61;368395.122;25943.32;240507.055;13975.66;108042.607;9535.009;45173.868;70543.437;233294.921;7212.134;Agricultura, inclusive apoio à agricultura e a pós colheita;Administração, defesa, educação e saúde públicas e seguridade social;Demais serviços
2;Nordeste;29;BA;Bahia;2900405;Água Fria;True;2023;publica;medio;todos (1-4);96.4;0.963527;246.37;249.61;3.886444;3.7;;174798.461;12057.56;159896.355;11029.62;158357.102;9262.82;34768.81;12037.177;31623.275;72435.984;150865.246;7491.856;Administração, defesa, educação e saúde públicas e seguridade social;Pecuária, inclusive apoio à pecuária;Demais serviços
2;Nordeste;29;BA;Bahia;2900504;Érico Cardoso;True;2023;publica;medio;todos (1-4);96.2;0.96291;267.3;269.19;4.473518;4.3;;102934.025;9707.09;89979.906;8485.47;77947.069;7414.35;7236.006;6056.813;20498.143;41369.871;75160.833;2786.236;Administração, defesa, educação e saúde públicas e seguridade social;Demais serviços;Agricultura, inclusive apoio à agricultura e a pós colheita
2;Nordeste;29;BA;Bahia;2900603;Aiquara;True;2023;publica;medio;todos (1-4);99.1;0.992558;247.79;270.57;4.22016;4.2;;75418.036;16959.31;63586.611;14301.98;53699.466;12240.59;14798.687;2516.606;10384.931;24622.559;52322.782;1376.684;Administração, defesa, educação e saúde públicas e seguridade social;Demais serviços;Pecuária, inclusive apoio à pecuária
2;Nordeste;29;BA;Bahia;2900702;Alagoinhas;True;2023;publica;medio;todos (1-4);90.7;0.934875;264.0;274.01;4.499326;4.2;;5705227.49;37769.21;5150945.94;34097.55;4533419.568;29625.74;123134.438;1169443.865;1814750.929;624234.166;3731563.398;801856.17;Demais serviços;Indústrias de transformação;Administração, defesa, educação e saúde públicas e seguridade social
2;Nordeste;29;BA;Bahia;2900801;Alcobaça;True;2023;publica;medio;todos (1-4);98.0;0.976869;257.93;259.34;4.194462;4.1;;439081.541;17899.78;365754.053;14910.48;347521.385;15439.22;81418.809;32807.139;102762.43;107331.278;324319.656;23201.73;Administração, defesa, educação e saúde públicas e seguridade social;Demais serviços;Agricultura, inclusive apoio à agricultura e a pós colheita
2;Nordeste;29;BA;Bahia;2900900;Almadina;True;2023;publica;medio;todos (1-4);90.4;0.89949;239.4;257.23;3.902622;3.5;;79710.606;15276.08;71248.189;13654.31;62839.1;11917.14;18644.017;2955.727;13050.565;26543.168;61193.477;1645.624;Administração, defesa, educação e saúde públicas e seguridade social;Demais serviços;Agricultura, inclusive apoio à agricultura e a pós colheita
2;Nordeste;29;BA;Bahia;2901007;Amargosa;True;2023;publica;medio;todos (1-4);88.0;0.881518;256.03;257.62;4.142028;3.7;;608765.198;16668.91;534104.124;14624.18;463245.567;12310.21;34306.137;47548.415;197711.832;139664.352;419230.736;44014.831;Demais serviços;Administração, defesa, educação e saúde públicas e seguridade social;Comércio e reparação de veículos automotores e motocicletas
2;Nordeste;29;BA;Bahia;2901106;Amélia Rodrigues;True;2023;publica;medio;todos (1-4);90.7;0.91142;268.35;285.14;4.727038;4.3;;521349.037;21598.68;483418.635;20027.29;437827.407;17515.2;55706.71;74248.182;145817.505;105100.186;380872.584;56954.823;Administração, defesa, educação e saúde públicas e seguridade social;Demais serviços;Indústrias de transformação
2;Nordeste;29;BA;Bahia;2901155;América Dourada;True;2023;publica;medio;todos (1-4);97.1;0.963829;250.32;254.68;4.017819;3.9;;198616.016;13121.23;172892.166;11421.83;167875.859;10436.15;46344.555;11187.524;36665.411;64693.812;158891.301;8984.558;Administração, defesa, educação e saúde públicas e seguridade social;Agricultura, inclusive apoio à agricultura e a pós colheita;Demais serviços
2;Nordeste;29;BA;Bahia;2901205;Anagé;True;2023;publica;medio;todos (1-4);89.2;0.900518;253.18;265.5;4.219964;3.8;;299894.814;11789.24;260324.664;10233.69;224788.357;10588.74;23058.018;13252.461;80136.951;93390.583;209838.013;14950.345;Administração, defesa, educação e saúde públicas e seguridade social;Demais serviços;Comércio e reparação de veículos automotores e motocicletas
2;Nordeste;29;BA;Bahia;2901304;Andaraí;True;2023;publica;medio;todos (1-4);99.8;0.997992;253.63;260.69;4.154278;4.1;;178408.467;13639.79;163054.191;12465.92;134354.237;10238.85;14311.73;6113.38;44822.443;60666.861;125914.414;8439.823;Administração, defesa, educação e saúde públicas e seguridade social;Demais serviços;Pecuária, inclusive apoio à pecuária
2;Nordeste;29;BA;Bahia;2901353;Andorinha;True;2023;publica;medio;todos (1-4);94.7;0.947247;247.15;257.29;4.012369;3.8;;252205.76;16800.28;222631.378;14830.23;223254.503;15486.58;11774.49;74247.394;59496.925;69533.179;215051.987;8202.516;Administração, defesa, educação e saúde públicas e seguridade social;Indústrias extrativas;Demais serviços
2;Nordeste;29;BA;Bahia;2901403;Angical;True;2023;publica;medio;todos (1-4);94.4;0.943808;252.96;250.24;3.988431;3.8;;229298.219;16698.09;203278.039;14803.24;190379.176;13694.37;62430.642;8028.453;48351.553;65174.195;183984.843;6394.333;Administração, defesa, educação e saúde públicas e seguridade social;Pecuária, inclusive apoio à pecuária;Demais serviços
2;Nordeste;29;BA;Bahia;2901502;Anguera;True;2023;publica;medio;todos (1-4);88.8;0.878426;244.47;242.32;3.750627;3.3;;118551.884;10747.16;92255.89;8363.33;78771.04;6928.58;5371.19;4111.519;21319.603;44026.648;74828.96;3942.079;Administração, defesa, educação e saúde públicas e seguridade social;Demais serviços;Comércio e reparação de veículos automotores e motocicletas
2;Nordeste;29;BA;Bahia;2901601;Antas;True;2023;publica;medio;todos (1-4);88.8;0.884766;246.57;247.51;3.857816;3.4;;197869.627;13413.07;172127.932;12116.57;160610.695;8169.83;24702.595;11861.68;45539.121;69796.875;151900.271;8710.424;Administração, defesa, educação e saúde públicas e seguridade social;Demais serviços;Pecuária, inclusive apoio à pecuária
2;Nordeste;29;BA;Bahia;2901700;Antônio Cardoso;True;2023;publica;medio;todos (1-4);98.9;0.984536;244.06;245.33;3.789928;3.7;;138792.627;12452.24;133060.18;11937.93;124245.921;10646.61;8762.465;4772.034;44263.464;54214.726;112012.69;12233.231;Administração, defesa, educação e saúde públicas e seguridade social;Demais serviços;Comércio e reparação de veículos automotores e motocicletas
2;Nordeste;29;BA;Bahia;2901809;Antônio Gonçalves;True;2023;publica;medio;todos (1-4);96.3;0.962285;246.53;252.66;3.93435;3.8;;108499.704;9988.93;93416.325;8600.29;82589.056;6908.33;7883.217;4954.749;21915.576;44034.683;78788.226;3800.83;Administração, defesa, educação e saúde públicas e seguridade social;Demais serviços;Agricultura, inclusive apoio à agricultura e a pós colheita
2;Nordeste;29;BA;Bahia;2901908;Aporá;True;2023;publica;medio;todos (1-4);95.3;0.95215;242.8;245.11;3.768938;3.6;;191757.869;12043.58;168038.88;10548.58;148459.991;8321.75;23760.358;7728.207;35588.531;76087.731;143164.828;5295.163;Administração, defesa, educação e saúde públicas e seguridade social;Demais serviços;Pecuária, inclusive apoio à pecuária
2;Nordeste;29;BA;Bahia;2901957;Apuarema;True;2023;publica;medio;todos (1-4);85.6;0.835487;266.6;253.63;4.230753;3.5;;90728.526;13124.33;84490.352;12221.95;74215.883;10202.9;14503.769;3850.992;17749.891;35597.377;71702.028;2513.855;Administração, defesa, educação e saúde públicas e seguridade social;Demais serviços;Agricultura, inclusive apoio à agricultura e a pós colheita
2;Nordeste;29;BA;Bahia;2902005;Aracatu;True;2023;publica;medio;todos (1-4);97.9;0.985255;269.23;258.19;4.335954;4.3;;174004.348;12485.96;164867.856;11830.36;145622.002;11236.27;38649.37;7200.73;38970.986;52919.738;137740.824;7881.177;Administração, defesa, educação e saúde públicas e seguridade social;Demais serviços;Agricultura, inclusive apoio à agricultura e a pós colheita
2;Nordeste;29;BA;Bahia;2902054;Araçás;True;2023;publica;medio;todos (1-4);94.5;0.949011;240.29;248.46;3.783835;3.6;;325621.667;28175.28;418583.587;36219.05;298903.454;24426.2;14916.555;153991.671;65051.786;54844.031;288804.043;10099.412;Indústrias extrativas;Demais serviços;Administração, defesa, educação e saúde públicas e seguridade social
2;Nordeste;29;BA;Bahia;2902104;Araci;True;2023;publica;medio;todos (1-4);88.3;0.889003;245.91;245.71;3.8216;3.4;;642812.114;13310.39;549715.944;11444.07;490958.077;8942.28;73553.519;28752.964;151832.292;211620.188;465758.964;25199.113;Administração, defesa, educação e saúde públicas e seguridade social;Demais serviços;Agricultura, inclusive apoio à agricultura e a pós colheita
2;Nordeste;29;BA;Bahia;2902203;Aramari;True;2023;publica;medio;todos (1-4);98.0;0.976236;254.35;255.62;4.088492;4.0;;138749.091;14110.56;127076.061;12923.43;103680.002;9000.78;10473.403;15511.678;24616.688;47235.823;97837.592;5842.41;Administração, defesa, educação e saúde públicas e seguridade social;Demais serviços;Indústrias de transformação
2;Nordeste;29;BA;Bahia;2902252;Arataca;False;;;;;;;;;;;;135073.021;13254.15;115193.706;11303.47;101344.436;9294.24;27252.408;4794.611;21364.794;44294.153;97705.965;3638.471;Administração, defesa, educação e saúde públicas e seguridade social;Agricultura, inclusive apoio à agricultura e a pós colheita;Demais serviços
2;Nordeste;29;BA;Bahia;2902302;Aratuípe;True;2023;publica;medio;todos (1-4);98.4;0.984316;237.23;246.22;3.707324;3.6;;107370.357;12374.13;91212.922;10512.03;79991.847;9040.67;16393.668;3280.596;18977.024;38311.896;76963.184;3028.663;Administração, defesa, educação e saúde públicas e seguridade social;Demais serviços;Agricultura, inclusive apoio à agricultura e a pós colheita
2;Nordeste;29;BA;Bahia;2902401;Aurelino Leal;True;2023;publica;medio;todos (1-4);97.4;0.962366;233.82;241.18;3.583982;3.4;;180021.295;16103.52;152785.576;13667.2;136886.378;12355.48;33457.374;8155.031;29939.241;60142.006;131693.652;5192.726;Administração, defesa, educação e saúde públicas e seguridade social;Demais serviços;Agricultura, inclusive apoio à agricultura e a pós colheita
2;Nordeste;29;BA;Bahia;2902500;Baianópolis;True;2023;publica;medio;todos (1-4);96.2;0.959799;254.71;249.18;3.997141;3.8;;362686.108;26640.67;353299.767;25951.21;263674.989;18862.22;134627.569;9476.765;52177.905;60146.592;256428.831;7246.157;Agricultura, inclusive apoio à agricultura e a pós colheita;Administração, defesa, educação e saúde públicas e seguridade social;Demais serviços
2;Nordeste;29;BA;Bahia;2902609;Baixa Grande;True;2023;publica;medio;todos (1-4);93.4;0.929366;267.38;265.0;4.411917;4.1;;226703.817;12442.58;215808.984;11844.62;194473.942;9518.57;25109.901;13838.031;59973.993;85650.678;184572.604;9901.337;Administração, defesa, educação e saúde públicas e seguridade social;Demais serviços;Pecuária, inclusive apoio à pecuária
2;Nordeste;29;BA;Bahia;2902658;Banzaê;True;2023;publica;medio;todos (1-4);95.2;0.951776;250.78;257.4;4.064999;3.9;;152080.651;12717.9;126552.49;10583.08;113492.974;8564.86;19155.517;4815.744;27471.326;57289.945;108732.533;4760.441;Administração, defesa, educação e saúde públicas e seguridade social;Demais serviços;Pecuária, inclusive apoio à pecuária
2;Nordeste;29;BA;Bahia;2902708;Barra;True;2023;publica;medio;todos (1-4);94.5;0.936665;233.06;226.53;3.353997;3.1;;558492.724;10931.12;489346.279;9577.75;430282.251;7935.13;47663.902;15798.398;138508.306;208586.717;410557.323;19724.927;Administração, defesa, educação e saúde públicas e seguridade social;Demais serviços;Produção florestal, pesca e aquicultura
2;Nordeste;29;BA;Bahia;2902807;Barra da Estiva;True;2023;publica;medio;todos (1-4);90.7;0.904189;262.29;263.5;4.317973;3.9;;589438.511;22648.06;427686.984;16433.07;376925.906;18661.55;121031.332;14502.977;137950.424;80663.972;354148.704;22777.202;Agricultura, inclusive apoio à agricultura e a pós colheita;Demais serviços;Administração, defesa, educação e saúde públicas e seguridade social
2;Nordeste;29;BA;Bahia;2902906;Barra do Choça;True;2023;publica;medio;todos (1-4);94.4;0.943877;256.24;264.59;4.249319;4.0;;540749.955;14799.25;495488.312;13560.53;573206.782;18591.9;238098.365;42718.402;134239.926;129890.516;544947.209;28259.573;Agricultura, inclusive apoio à agricultura e a pós colheita;Administração, defesa, educação e saúde públicas e seguridade social;Demais serviços
2;Nordeste;29;BA;Bahia;2903003;Barra do Mendes;True;2023;publica;medio;todos (1-4);91.4;0.914683;253.93;260.04;4.148761;3.8;;143355.927;10361.08;132407.348;9569.77;115644.469;8808.99;9807.626;7451.662;42510.475;50612.717;110382.481;5261.989;Administração, defesa, educação e saúde públicas e seguridade social;Demais serviços;Pecuária, inclusive apoio à pecuária
2;Nordeste;29;BA;Bahia;2903102;Barra do Rocha;True;2023;publica;medio;todos (1-4);89.6;0.88263;238.91;248.35;3.762806;3.3;;107926.635;18688.59;88764.729;15373.18;77839.046;14114.06;26264.86;3867.966;15258.597;30204.095;75595.518;2243.528;Administração, defesa, educação e saúde públicas e seguridade social;Agricultura, inclusive apoio à agricultura e a pós colheita;Demais serviços
2;Nordeste;29;BA;Bahia;2903201;Barreiras;True;2023;publica;medio;todos (1-4);92.7;0.924027;262.3;267.02;4.370808;4.0;;9499498.974;59470.74;8761076.551;54844.82;7007583.279;44230.86;2001021.519;949134.745;2698297.941;649630.323;6298084.528;709498.751;Demais serviços;Agricultura, inclusive apoio à agricultura e a pós colheita;Comércio e reparação de veículos automotores e motocicletas
2;Nordeste;29;BA;Bahia;2903235;Barro Alto;True;2023;publica;medio;todos (1-4);91.8;0.918398;262.34;262.29;4.300562;3.9;;137538.062;10223.6;122266.99;9088.46;112747.118;7431.75;13867.582;5958.612;29827.077;57494.168;107147.438;5599.68;Administração, defesa, educação e saúde públicas e seguridade social;Demais serviços;Agricultura, inclusive apoio à agricultura e a pós colheita
2;Nordeste;29;BA;Bahia;2903276;Barrocas;True;2023;publica;medio;todos (1-4);97.3;0.968752;256.77;255.03;4.113649;4.0;;289667.896;19053.34;278897.72;18344.91;345869.49;21317.07;12590.84;190812.102;72455.776;60436.305;336295.023;9574.467;Indústrias extrativas;Demais serviços;Administração, defesa, educação e saúde públicas e seguridade social
2;Nordeste;29;BA;Bahia;2903300;Barro Preto;True;2023;publica;medio;todos (1-4);93.7;0.939155;243.2;240.35;3.703298;3.5;;112869.346;19350.14;93134.594;16681.82;79870.302;15035.82;24718.912;2953.213;17156.682;32707.885;77536.692;2333.61;Administração, defesa, educação e saúde públicas e seguridade social;Agricultura, inclusive apoio à agricultura e a pós colheita;Demais serviços
2;Nordeste;29;BA;Bahia;2903409;Belmonte;True;2023;publica;medio;todos (1-4);84.3;0.835187;235.94;226.34;3.391602;2.8;;432367.576;21488.37;375199.726;18647.17;373616.295;15871.55;96216.177;31698.334;114351.291;111132.991;353398.793;20217.502;Administração, defesa, educação e saúde públicas e seguridade social;Demais serviços;Agricultura, inclusive apoio à agricultura e a pós colheita
2;Nordeste;29;BA;Bahia;2903508;Belo Campo;True;2023;publica;medio;todos (1-4);96.4;0.969063;268.11;269.67;4.49208;4.4;;217595.873;11818.16;195500.036;10618.08;169333.707;9953.2;13580.298;7231.983;63125.69;74446.678;158384.648;10949.06;Administração, defesa, educação e saúde públicas e seguridade social;Demais serviços;Comércio e reparação de veículos automotores e motocicletas
2;Nordeste;29;BA;Bahia;2903607;Biritinga;True;2023;publica;medio;todos (1-4);94.7;0.953377;237.59;244.39;3.684985;3.5;;234654.242;15492.82;161989.031;10695.17;145253.69;9084.6;12648.975;13450.316;32486.312;74674.198;133259.802;11993.888;Administração, defesa, educação e saúde públicas e seguridade social;Demais serviços;Eletricidade e gás, água, esgoto, atividades de gestão de resíduos e descontaminação
2;Nordeste;29;BA;Bahia;2903706;Boa Nova;True;2023;publica;medio;todos (1-4);94.1;0.940767;250.12;246.35;3.89031;3.7;;144910.467;10585.13;130837.547;9557.16;111524.71;9263.62;16820.11;5514.433;28603.563;56106.196;107044.303;4480.408;Administração, defesa, educação e saúde públicas e seguridade social;Demais serviços;Pecuária, inclusive apoio à pecuária
2;Nordeste;29;BA;Bahia;2903805;Boa Vista do Tupim;True;2023;publica;medio;todos (1-4);87.3;0.86042;237.61;229.11;3.456524;3.0;;187248.715;11097.54;163553.722;9693.22;155182.102;8392.3;31163.813;8240.075;36148.611;73156.817;148709.316;6472.786;Administração, defesa, educação e saúde públicas e seguridade social;Demais serviços;Pecuária, inclusive apoio à pecuária
2;Nordeste;29;BA;Bahia;2903904;Bom Jesus da Lapa;True;2023;publica;medio;todos (1-4);93.9;0.935041;245.38;244.66;3.798437;3.6;;1554154.439;23709.45;1478785.707;22559.66;1357111.41;19345.57;279808.338;216687.451;455139.128;293150.892;1244785.809;112325.601;Demais serviços;Administração, defesa, educação e saúde públicas e seguridade social;Agricultura, inclusive apoio à agricultura e a pós colheita
2;Nordeste;29;BA;Bahia;2903953;Bom Jesus da Serra;True;2023;publica;medio;todos (1-4);97.8;0.977744;251.56;248.52;3.94302;3.9;;92366.046;9492.91;81010.757;8325.87;69906.437;7156.68;6786.31;3058.441;17019.647;40459.912;67324.31;2582.127;Administração, defesa, educação e saúde públicas e seguridade social;Demais serviços;Pecuária, inclusive apoio à pecuária
2;Nordeste;29;BA;Bahia;2904001;Boninal;True;2023;publica;medio;todos (1-4);98.5;0.984619;254.54;253.22;4.055233;4.0;;146375.553;10745.53;131798.115;9675.39;117753.016;8110.83;9857.991;5355.984;35718.395;60001.591;110933.961;6819.055;Administração, defesa, educação e saúde públicas e seguridade social;Demais serviços;Comércio e reparação de veículos automotores e motocicletas
2;Nordeste;29;BA;Bahia;2904050;Bonito;True;2023;publica;medio;todos (1-4);86.5;0.863991;257.19;261.55;4.217152;3.6;;265008.82;16726.13;250498.628;15810.31;270623.768;15919.98;97278.701;25999.088;60447.443;74493.907;258219.139;12404.629;Agricultura, inclusive apoio à agricultura e a pós colheita;Administração, defesa, educação e saúde públicas e seguridade social;Demais serviços
2;Nordeste;29;BA;Bahia;2904100;Boquira;True;2023;publica;medio;todos (1-4);94.3;0.943184;257.55;263.58;4.252598;4.0;;221071.153;11441.42;200438.36;10373.58;188737.454;8784.21;18240.525;12990.693;57477.314;92443.755;181152.287;7585.167;Administração, defesa, educação e saúde públicas e seguridade social;Demais serviços;Agricultura, inclusive apoio à agricultura e a pós colheita
2;Nordeste;29;BA;Bahia;2904209;Botuporã;True;2023;publica;medio;todos (1-4);96.2;0.961346;285.52;287.33;5.000974;4.8;;132224.667;11994.26;120411.564;10922.67;109883.732;10933.7;14470.705;5121.957;38599.105;46437.492;104629.26;5254.472;Administração, defesa, educação e saúde públicas e seguridade social;Demais serviços;Pecuária, inclusive apoio à pecuária
2;Nordeste;29;BA;Bahia;2904308;Brejões;True;2023;publica;medio;todos (1-4);87.6;0.882311;246.52;246.82;3.846784;3.4;;168676.087;13032.22;149394.318;11542.48;144196.045;10186.93;15781.879;7227.347;47241.267;63128.731;133379.224;10816.821;Administração, defesa, educação e saúde públicas e seguridade social;Demais serviços;Comércio e reparação de veículos automotores e motocicletas
2;Nordeste;29;BA;Bahia;2904407;Brejolândia;True;2023;publica;medio;todos (1-4);96.3;0.961235;244.13;245.99;3.800791;3.7;;146903.266;16129.04;128957.77;14158.74;126160.936;11818.35;50410.14;3660.816;26437.817;40535.392;121044.164;5116.772;Pecuária, inclusive apoio à pecuária;Administração, defesa, educação e saúde públicas e seguridade social;Demais serviços
2;Nordeste;29;BA;Bahia;2904506;Brotas de Macaúbas;True;2023;publica;medio;todos (1-4);92.6;0.918995;253.13;259.21;4.1251;3.8;;141253.088;12006.21;106716.084;9070.64;96352.323;9000.68;9702.503;6550.9;27997.547;46673.057;90924.007;5428.315;Administração, defesa, educação e saúde públicas e seguridade social;Demais serviços;Pecuária, inclusive apoio à pecuária
2;Nordeste;29;BA;Bahia;2904605;Brumado;True;2023;publica;medio;todos (1-4);87.8;0.884975;285.55;283.11;4.938222;4.4;;1931839.323;27398.09;1916461.319;27179.22;1781801.763;26409.58;47627.449;749456.376;587150.685;243535.985;1627770.494;154031.269;Demais serviços;Construção;Indústrias extrativas
2;Nordeste;29;BA;Bahia;2904704;Buerarema;True;2023;publica;medio;todos (1-4);96.3;0.954325;245.69;251.77;3.909228;3.7;;237932.104;16072.15;212174.036;14332.21;209116.867;11446.54;24317.564;8718.12;86204.528;68430.015;187670.227;21446.64;Administração, defesa, educação e saúde públicas e seguridade social;Demais serviços;Comércio e reparação de veículos automotores e motocicletas
2;Nordeste;29;BA;Bahia;2904753;Buritirama;True;2023;publica;medio;todos (1-4);93.6;0.935708;247.11;248.95;3.886957;3.6;;191820.251;9792.24;175031.921;8935.21;154804.668;7242.66;20109.948;4739.343;38272.861;84681.112;147803.264;7001.404;Administração, defesa, educação e saúde públicas e seguridade social;Demais serviços;Pecuária, inclusive apoio à pecuária
2;Nordeste;29;BA;Bahia;2904803;Caatiba;True;2023;publica;medio;todos (1-4);91.9;0.900515;268.45;271.87;4.52979;4.1;;97532.131;15718.31;84896.397;13681.93;77335.558;12409.43;24242.617;3175.636;16298.349;31286.246;75002.848;2332.71;Administração, defesa, educação e saúde públicas e seguridade social;Pecuária, inclusive apoio à pecuária;Demais serviços
2;Nordeste;29;BA;Bahia;2904852;Cabaceiras do Paraguaçu;True;2023;publica;medio;todos (1-4);93.9;0.936466;250.54;242.19;3.833933;3.6;;186027.975;11234.25;157530.779;9513.3;141050.367;7419.8;21840.338;8953.677;32383.29;72390.513;135567.819;5482.548;Administração, defesa, educação e saúde públicas e seguridade social;Demais serviços;Pecuária, inclusive apoio à pecuária
2;Nordeste;29;BA;Bahia;2904902;Cachoeira;True;2023;publica;medio;todos (1-4);90.9;0.913707;231.55;226.15;3.3271;3.0;;521415.95;17826.19;518096.387;17712.09;479137.837;14235.06;36276.964;90764.213;178116.478;130476.733;435634.389;43503.449;Demais serviços;Administração, defesa, educação e saúde públicas e seguridade social;Indústrias de transformação
2;Nordeste;29;BA;Bahia;2905008;Caculé;True;2023;publica;medio;todos (1-4);96.4;0.958809;270.36;275.46;4.610358;4.4;;429993.372;19143.15;380459.97;16937.94;363603.087;15533.95;16385.373;32963.45;166815.602;88445.448;304609.873;58993.214;Demais serviços;Administração, defesa, educação e saúde públicas e seguridade social;Comércio e reparação de veículos automotores e motocicletas
2;Nordeste;29;BA;Bahia;2905107;Caém;True;2023;publica;medio;todos (1-4);96.3;0.963601;252.83;259.63;4.127174;4.0;;127401.113;12268.98;102600.362;9880.62;92224.07;10348.3;22664.149;5387.689;20974.231;39744.19;88770.26;3453.81;Administração, defesa, educação e saúde públicas e seguridade social;Demais serviços;Agricultura, inclusive apoio à agricultura e a pós colheita
2;Nordeste;29;BA;Bahia;2905156;Caetanos;True;2023;publica;medio;todos (1-4);96.1;0.960873;246.8;252.35;3.933501;3.8;;114112.66;10128.94;102401.187;9089.4;102467.523;6984.36;10905.952;6417.06;25242.326;55722.956;98288.294;4179.228;Administração, defesa, educação e saúde públicas e seguridade social;Demais serviços;Pecuária, inclusive apoio à pecuária
2;Nordeste;29;BA;Bahia;2905206;Caetité;True;2023;publica;medio;todos (1-4);89.4;0.884859;276.22;276.94;4.714817;4.2;;1216743.242;23393.51;1154744.631;22201.5;1098343.675;21458.73;29231.64;439370.174;342254.061;211531.078;1022386.953;75956.722;Eletricidade e gás, água, esgoto, atividades de gestão de resíduos e descontaminação;Demais serviços;Administração, defesa, educação e saúde públicas e seguridade social
2;Nordeste;29;BA;Bahia;2905305;Cafarnaum;True;2023;publica;medio;todos (1-4);96.1;0.956599;253.12;256.9;4.090379;3.9;;277213.977;15871.63;235496.524;13483.14;217329.401;11693.81;32111.271;23363.014;62385.403;82978.28;200837.968;16491.433;Administração, defesa, educação e saúde públicas e seguridade social;Demais serviços;Agricultura, inclusive apoio à agricultura e a pós colheita
2;Nordeste;29;BA;Bahia;2905404;Cairu;True;2023;publica;medio;todos (1-4);96.9;0.960819;253.41;265.41;4.221847;4.1;;1442324.551;81207.4;2228400.586;125465.94;1508841.953;80833.71;19581.298;920582.649;438138.632;103469.78;1481772.36;27069.593;Indústrias extrativas;Demais serviços;Administração, defesa, educação e saúde públicas e seguridade social
2;Nordeste;29;BA;Bahia;2905503;Caldeirão Grande;True;2023;publica;medio;todos (1-4);91.2;0.924238;237.15;242.78;3.654704;3.4;;138754.744;10608.16;119189.775;9112.37;101885.428;7574.0;8698.812;4992.716;27183.01;56434.723;97309.26;4576.167;Administração, defesa, educação e saúde públicas e seguridade social;Demais serviços;Pecuária, inclusive apoio à pecuária
2;Nordeste;29;BA;Bahia;2905602;Camacan;True;2023;publica;medio;todos (1-4);96.7;0.961316;244.1;254.47;3.927316;3.8;;470759.707;20849.45;391543.043;17341.79;354111.339;11058.03;33139.227;20553.253;140160.241;135440.364;329293.085;24818.254;Administração, defesa, educação e saúde públicas e seguridade social;Demais serviços;Comércio e reparação de veículos automotores e motocicletas
2;Nordeste;29;BA;Bahia;2905701;Camaçari;True;2023;publica;medio;todos (1-4);88.2;0.812361;252.52;255.78;4.065185;3.3;;27418877.532;91283.07;30465888.591;101695.67;33990889.95;109928.88;20676.644;15728958.247;8865587.137;1390932.972;26006155.0;7984734.95;Indústrias de transformação;Demais serviços;Comércio e reparação de veículos automotores e motocicletas
2;Nordeste;29;BA;Bahia;2905800;Camamu;True;2023;publica;medio;todos (1-4);91.8;0.912022;239.18;236.39;3.587556;3.3;;557661.535;18302.59;496817.436;16329.25;468116.934;13207.23;100894.33;22208.65;155103.003;149000.496;427206.479;40910.455;Administração, defesa, educação e saúde públicas e seguridade social;Demais serviços;Agricultura, inclusive apoio à agricultura e a pós colheita
2;Nordeste;29;BA;Bahia;2905909;Campo Alegre de Lourdes;True;2023;publica;medio;todos (1-4);94.0;0.933233;245.31;253.37;3.927843;3.7;;383421.237;12501.1;336862.03;10983.08;295119.14;10233.33;40523.236;23043.194;95446.453;115733.105;274745.988;20373.152;Administração, defesa, educação e saúde públicas e seguridade social;Demais serviços;Comércio e reparação de veículos automotores e motocicletas
2;Nordeste;29;BA;Bahia;2906006;Campo Formoso;True;2023;publica;medio;todos (1-4);93.9;0.93204;239.05;240.7;3.650251;3.4;;1617786.003;22665.37;1675839.237;23478.7;2072120.743;28878.12;96326.345;1245678.861;328126.056;278666.639;1948797.901;123322.842;Eletricidade e gás, água, esgoto, atividades de gestão de resíduos e descontaminação;Indústrias de transformação;Administração, defesa, educação e saúde públicas e seguridade social
2;Nordeste;29;BA;Bahia;2906105;Canápolis;True;2023;publica;medio;todos (1-4);98.3;0.980823;255.41;249.27;4.00832;3.9;;110069.158;10764.71;95083.942;9299.16;84822.921;8750.04;15402.838;4705.544;19730.027;41882.742;81721.151;3101.77;Administração, defesa, educação e saúde públicas e seguridade social;Demais serviços;Pecuária, inclusive apoio à pecuária
2;Nordeste;29;BA;Bahia;2906204;Canarana;True;2023;publica;medio;todos (1-4);92.6;0.927912;246.63;244.14;3.808209;3.5;;305655.738;12627.27;270466.717;11173.54;258494.023;9766.28;50096.591;17576.337;72537.492;103354.296;243564.717;14929.307;Administração, defesa, educação e saúde públicas e seguridade social;Demais serviços;Agricultura, inclusive apoio à agricultura e a pós colheita
2;Nordeste;29;BA;Bahia;2906303;Canavieiras;True;2023;publica;medio;todos (1-4);87.6;0.851954;260.96;279.06;4.532228;3.9;;510979.086;15634.4;438491.71;13416.51;394907.243;12854.22;100671.031;21337.861;123031.095;129994.002;375033.989;19873.254;Administração, defesa, educação e saúde públicas e seguridade social;Demais serviços;Produção florestal, pesca e aquicultura
2;Nordeste;29;BA;Bahia;2906402;Candeal;True;2023;publica;medio;todos (1-4);94.5;0.944384;244.04;241.65;3.734557;3.5;;84961.221;10931.71;73428.729;9447.86;67739.498;8353.62;12421.649;3284.633;15203.012;35001.622;65910.916;1828.583;Administração, defesa, educação e saúde públicas e seguridade social;Demais serviços;Pecuária, inclusive apoio à pecuária
2;Nordeste;29;BA;Bahia;2906501;Candeias;True;2023;publica;medio;todos (1-4);90.3;0.900921;245.59;250.72;3.892105;3.5;;5750025.525;79439.99;7207729.223;99579.03;6824935.046;77715.04;16367.122;2664224.271;2411306.041;452597.51;5544494.943;1280440.103;Indústrias de transformação;Demais serviços;Comércio e reparação de veículos automotores e motocicletas
2;Nordeste;29;BA;Bahia;2906600;Candiba;True;2023;publica;medio;todos (1-4);99.2;0.993305;283.75;285.27;4.945276;4.9;;170087.646;13067.58;152302.24;11701.16;140512.987;9747.69;27594.411;7904.907;44057.119;53231.533;132787.97;7725.017;Administração, defesa, educação e saúde públicas e seguridade social;Demais serviços;Pecuária, inclusive apoio à pecuária
2;Nordeste;29;BA;Bahia;2906709;Cândido Sales;True;2023;publica;medio;todos (1-4);94.1;0.942352;262.4;263.86;4.324907;4.1;;289056.859;11449.16;262985.637;10416.51;244447.967;9808.91;12897.561;12968.724;90924.54;109249.365;226040.189;18407.778;Administração, defesa, educação e saúde públicas e seguridade social;Demais serviços;Comércio e reparação de veículos automotores e motocicletas
2;Nordeste;29;BA;Bahia;2906808;Cansanção;True;2023;publica;medio;todos (1-4);91.3;0.885249;243.98;253.79;3.915451;3.5;;510493.321;13635.34;442763.39;11826.26;352264.826;10085.17;39827.131;17497.835;109642.306;165843.142;332810.414;19454.411;Administração, defesa, educação e saúde públicas e seguridade social;Demais serviços;Comércio e reparação de veículos automotores e motocicletas
2;Nordeste;29;BA;Bahia;2906824;Canudos;True;2023;publica;medio;todos (1-4);95.0;0.940092;254.51;261.08;4.172476;3.9;;203666.771;12646.18;185457.815;11515.54;152935.361;9085.99;28621.015;8059.589;43158.314;63385.568;143224.486;9710.875;Administração, defesa, educação e saúde públicas e seguridade social;Demais serviços;Agricultura, inclusive apoio à agricultura e a pós colheita
2;Nordeste;29;BA;Bahia;2906857;Capela do Alto Alegre;True;2023;publica;medio;todos (1-4);97.9;0.980478;279.16;270.33;4.657157;4.6;;164342.354;15296.2;134755.949;12542.44;129341.543;11153.02;25762.408;16508.714;32399.206;47046.469;121716.797;7624.746;Administração, defesa, educação e saúde públicas e seguridade social;Demais serviços;Pecuária, inclusive apoio à pecuária
2;Nordeste;29;BA;Bahia;2906873;Capim Grosso;True;2023;publica;medio;todos (1-4);90.7;0.89032;255.22;267.54;4.279155;3.8;;801015.808;24101.57;704240.331;21189.72;579389.688;18656.89;16116.681;33546.829;325707.887;116487.286;491858.682;87531.006;Demais serviços;Comércio e reparação de veículos automotores e motocicletas;Administração, defesa, educação e saúde públicas e seguridade social
2;Nordeste;29;BA;Bahia;2906899;Caraíbas;True;2023;publica;medio;todos (1-4);97.1;0.971997;246.94;240.24;3.75418;3.6;;123402.399;12414.73;98638.879;9923.43;86125.164;9946.32;13654.646;5075.209;24275.664;37698.219;80703.738;5421.426;Administração, defesa, educação e saúde públicas e seguridade social;Demais serviços;Pecuária, inclusive apoio à pecuária
2;Nordeste;29;BA;Bahia;2906907;Caravelas;True;2023;publica;medio;todos (1-4);88.8;0.892486;251.96;259.28;4.109715;3.7;;413319.456;20083.55;373367.359;18136.96;357854.613;16144.3;136234.569;16911.242;85206.56;99779.504;338131.875;19722.738;Administração, defesa, educação e saúde públicas e seguridade social;Demais serviços;Agricultura, inclusive apoio à agricultura e a pós colheita
2;Nordeste;29;BA;Bahia;2907004;Cardeal da Silva;True;2023;publica;medio;todos (1-4);95.3;0.952879;247.65;246.51;3.858014;3.7;;140042.098;16741.43;145418.362;17522.4;117843.839;12543.25;8003.452;36826.045;30033.774;36915.177;111778.449;6065.39;Administração, defesa, educação e saúde públicas e seguridade social;Indústrias extrativas;Demais serviços
2;Nordeste;29;BA;Bahia;2907103;Carinhanha;True;2023;publica;medio;todos (1-4);94.4;0.941338;249.59;249.79;3.934363;3.7;;377035.401;13060.22;337539.267;11692.1;288403.486;9904.65;64416.944;10730.876;86358.0;111797.757;273303.576;15099.909;Administração, defesa, educação e saúde públicas e seguridade social;Demais serviços;Pecuária, inclusive apoio à pecuária
2;Nordeste;29;BA;Bahia;2907202;Casa Nova;True;2023;publica;medio;todos (1-4);89.7;0.904022;234.79;231.46;3.452097;3.1;;1135275.591;15748.91;930298.774;12905.58;874879.232;11969.56;163856.246;127304.91;230169.961;284368.336;805699.453;69179.779;Administração, defesa, educação e saúde públicas e seguridade social;Demais serviços;Agricultura, inclusive apoio à agricultura e a pós colheita
2;Nordeste;29;BA;Bahia;2907301;Castro Alves;True;2023;publica;medio;todos (1-4);78.8;0.796794;238.49;228.97;3.466787;2.8;;431937.994;17478.88;367434.434;14868.66;316840.46;12015.64;22553.456;48989.433;109161.312;110361.342;291065.543;25774.917;Administração, defesa, educação e saúde públicas e seguridade social;Demais serviços;Indústrias de transformação
2;Nordeste;29;BA;Bahia;2907400;Catolândia;False;;;;;;;;;;;;93082.334;27106.1;90210.025;26269.66;80904.042;22355.36;8854.617;3390.522;38254.628;18572.257;69072.024;11832.018;Comércio e reparação de veículos automotores e motocicletas;Administração, defesa, educação e saúde públicas e seguridade social;Demais serviços
2;Nordeste;29;BA;Bahia;2907509;Catu;True;2023;publica;medio;todos (1-4);93.8;0.941459;262.64;263.34;4.320494;4.1;;928641.003;19287.22;871419.463;18081.12;695020.716;12585.94;9814.769;117685.827;287816.414;206317.671;621634.681;73386.035;Demais serviços;Administração, defesa, educação e saúde públicas e seguridade social;Indústrias extrativas
2;Nordeste;29;BA;Bahia;2907558;Caturama;True;2023;publica;medio;todos (1-4);99.1;0.992639;283.17;275.7;4.793866;4.8;;105133.773;11891.62;87384.767;9884.04;78181.384;8403.89;12917.728;5751.198;17820.248;38662.768;75151.942;3029.442;Administração, defesa, educação e saúde públicas e seguridade social;Demais serviços;Pecuária, inclusive apoio à pecuária
2;Nordeste;29;BA;Bahia;2907608;Central;True;2023;publica;medio;todos (1-4);90.8;0.910119;253.77;248.84;3.978849;3.6;;180701.476;11053.43;177929.488;10883.87;154454.399;8931.61;8111.503;8399.786;54159.814;72291.955;142963.058;11491.34;Administração, defesa, educação e saúde públicas e seguridade social;Demais serviços;Comércio e reparação de veículos automotores e motocicletas
2;Nordeste;29;BA;Bahia;2907707;Chorrochó;True;2023;publica;medio;todos (1-4);96.3;0.96296;251.24;247.59;3.924603;3.8;;137581.262;13005.13;119313.133;11278.3;105377.296;9391.08;9996.825;10157.695;26313.563;54983.802;101451.885;3925.411;Administração, defesa, educação e saúde públicas e seguridade social;Demais serviços;Pecuária, inclusive apoio à pecuária
2;Nordeste;29;BA;Bahia;2907806;Cícero Dantas;True;2023;publica;medio;todos (1-4);95.6;0.952583;242.9;247.03;3.799085;3.6;;503222.235;16365.48;445985.023;14430.37;399479.828;12240.47;55825.597;19228.589;153746.809;143629.687;372430.681;27049.147;Administração, defesa, educação e saúde públicas e seguridade social;Demais serviços;Comércio e reparação de veículos automotores e motocicletas
2;Nordeste;29;BA;Bahia;2907905;Cipó;True;2023;publica;medio;todos (1-4);96.7;0.969603;261.19;262.59;4.288901;4.2;;214615.596;12455.93;179187.97;10399.77;155099.909;8912.76;6204.969;8151.196;59256.264;71230.664;144843.093;10256.816;Administração, defesa, educação e saúde públicas e seguridade social;Demais serviços;Comércio e reparação de veículos automotores e motocicletas
2;Nordeste;29;BA;Bahia;2908002;Coaraci;True;2023;publica;medio;todos (1-4);98.0;0.978482;254.21;269.49;4.294161;4.2;;256642.839;14806.6;221184.986;12747.68;190857.091;11833.9;23125.024;9675.634;71556.194;76979.372;181336.224;9520.867;Administração, defesa, educação e saúde públicas e seguridade social;Demais serviços;Agricultura, inclusive apoio à agricultura e a pós colheita
2;Nordeste;29;BA;Bahia;2908101;Cocos;True;2023;publica;medio;todos (1-4);94.0;0.939083;252.81;248.78;3.964468;3.7;;733216.57;38286.07;664816.478;34714.45;559255.161;29692.34;311827.232;37090.04;95626.771;79422.862;523966.905;35288.256;Agricultura, inclusive apoio à agricultura e a pós colheita;Demais serviços;Administração, defesa, educação e saúde públicas e seguridade social
2;Nordeste;29;BA;Bahia;2908200;Conceição da Feira;True;2023;publica;medio;todos (1-4);90.2;0.944254;247.71;245.99;3.851072;3.6;;430602.157;20702.03;415483.119;19975.15;375844.599;16388.81;47156.285;93842.543;100804.823;94284.835;336088.486;39756.112;Administração, defesa, educação e saúde públicas e seguridade social;Indústrias de transformação;Demais serviços
2;Nordeste;29;BA;Bahia;2908309;Conceição do Almeida;True;2023;publica;medio;todos (1-4);89.2;0.885392;236.3;235.89;3.539622;3.1;;236506.602;14974.46;219702.032;13910.47;200105.353;11710.97;21607.635;23895.685;70865.884;67283.0;183652.203;16453.15;Administração, defesa, educação e saúde públicas e seguridade social;Demais serviços;Comércio e reparação de veículos automotores e motocicletas
2;Nordeste;29;BA;Bahia;2908408;Conceição do Coité;True;2023;publica;medio;todos (1-4);92.4;0.920056;257.45;262.19;4.230385;3.9;;1122063.228;16543.51;1009568.473;14884.9;883549.569;13110.21;40436.839;133343.337;377036.017;248089.907;798906.1;84643.469;Demais serviços;Administração, defesa, educação e saúde públicas e seguridade social;Comércio e reparação de veículos automotores e motocicletas
2;Nordeste;29;BA;Bahia;2908507;Conceição do Jacuípe;True;2023;publica;medio;todos (1-4);93.2;0.96222;257.04;259.47;4.183908;4.0;;2634469.119;74613.94;2886973.785;81765.43;2761494.696;82111.58;56438.312;1157961.049;523332.808;146462.221;1884194.391;877300.306;Indústrias de transformação;Demais serviços;Administração, defesa, educação e saúde públicas e seguridade social
2;Nordeste;29;BA;Bahia;2908606;Conde;True;2023;publica;medio;todos (1-4);88.2;0.894769;237.48;227.22;3.426404;3.1;;365281.648;15442.7;331196.89;14003.5;288431.692;10999.19;42387.042;31157.559;79103.062;118555.114;271202.777;17228.915;Administração, defesa, educação e saúde públicas e seguridade social;Demais serviços;Agricultura, inclusive apoio à agricultura e a pós colheita
2;Nordeste;29;BA;Bahia;2908705;Condeúba;True;2023;publica;medio;todos (1-4);94.2;0.941227;268.48;273.38;4.552816;4.3;;203310.521;11922.27;191635.081;11237.62;170758.268;9978.28;14367.714;10948.593;62870.944;72885.89;161073.14;9685.128;Administração, defesa, educação e saúde públicas e seguridade social;Demais serviços;Comércio e reparação de veículos automotores e motocicletas
2;Nordeste;29;BA;Bahia;2908804;Contendas do Sincorá;True;2023;publica;medio;todos (1-4);87.3;0.868472;251.66;246.44;3.913286;3.4;;63627.246;14684.34;57759.352;13330.11;50705.258;12597.58;12708.937;2639.228;13091.412;19936.755;48376.333;2328.925;Administração, defesa, educação e saúde públicas e seguridade social;Demais serviços;Agricultura, inclusive apoio à agricultura e a pós colheita
2;Nordeste;29;BA;Bahia;2908903;Coração de Maria;True;2023;publica;medio;todos (1-4);92.0;0.91278;249.26;254.95;4.006974;3.7;;325844.013;12207.55;278464.168;10432.5;225909.027;10089.28;23198.909;22385.583;67486.002;97315.805;210386.299;15522.727;Administração, defesa, educação e saúde públicas e seguridade social;Demais serviços;Pecuária, inclusive apoio à pecuária
2;Nordeste;29;BA;Bahia;2909000;Cordeiros;True;2023;publica;medio;todos (1-4);97.7;0.976272;280.16;272.63;4.705633;4.6;;79050.184;10475.77;74074.03;9816.33;70615.999;8147.69;6468.551;5239.478;19834.497;35757.444;67299.97;3316.029;Administração, defesa, educação e saúde públicas e seguridade social;Demais serviços;Pecuária, inclusive apoio à pecuária
2;Nordeste;29;BA;Bahia;2909109;Coribe;True;2023;publica;medio;todos (1-4);97.4;0.972957;257.25;255.43;4.126378;4.0;;207786.048;14852.47;182548.154;13048.47;168998.983;11978.95;57131.261;6562.079;43200.394;52198.381;159092.115;9906.867;Administração, defesa, educação e saúde públicas e seguridade social;Pecuária, inclusive apoio à pecuária;Demais serviços
2;Nordeste;29;BA;Bahia;2909208;Coronel João Sá;True;2023;publica;medio;todos (1-4);97.5;0.971189;242.61;239.03;3.675251;3.6;;258087.826;15131.79;209198.056;12265.36;175063.321;11258.82;32172.822;7362.771;43881.551;84332.269;167749.414;7313.908;Administração, defesa, educação e saúde públicas e seguridade social;Demais serviços;Pecuária, inclusive apoio à pecuária
2;Nordeste;29;BA;Bahia;2909307;Correntina;True;2023;publica;medio;todos (1-4);91.8;0.920695;249.2;247.7;3.897598;3.6;;3806363.285;117274.03;4110432.171;126634.59;3280616.967;101746.64;1923038.389;190521.581;746522.491;194016.068;3054098.53;226518.437;Agricultura, inclusive apoio à agricultura e a pós colheita;Demais serviços;Comércio e reparação de veículos automotores e motocicletas
2;Nordeste;29;BA;Bahia;2909406;Cotegipe;True;2023;publica;medio;todos (1-4);92.9;0.916969;247.07;245.0;3.827263;3.5;;214456.773;16417.11;185362.884;14189.92;171260.553;12449.88;61113.206;7462.968;33780.929;62922.133;165279.237;5981.316;Administração, defesa, educação e saúde públicas e seguridade social;Pecuária, inclusive apoio à pecuária;Demais serviços
2;Nordeste;29;BA;Bahia;2909505;Cravolândia;True;2023;publica;medio;todos (1-4);98.7;0.986915;257.0;266.17;4.283646;4.2;;57702.745;13069.7;48367.746;10955.32;45855.921;8568.0;5428.204;2809.26;11491.279;24024.854;43753.596;2102.325;Administração, defesa, educação e saúde públicas e seguridade social;Demais serviços;Agricultura, inclusive apoio à agricultura e a pós colheita
2;Nordeste;29;BA;Bahia;2909604;Crisópolis;True;2023;publica;medio;todos (1-4);97.0;0.970625;257.06;259.89;4.190476;4.1;;262119.649;13286.01;218506.516;11075.4;205808.587;9699.26;35017.897;8724.358;58576.881;93071.075;195390.211;10418.377;Administração, defesa, educação e saúde públicas e seguridade social;Demais serviços;Pecuária, inclusive apoio à pecuária
2;Nordeste;29;BA;Bahia;2909703;Cristópolis;True;2023;publica;medio;todos (1-4);97.0;0.966095;257.8;256.65;4.152367;4.0;;218524.996;15616.74;188180.071;13448.16;157828.802;11288.81;27207.666;6149.111;51678.467;60981.561;146016.806;11811.996;Administração, defesa, educação e saúde públicas e seguridade social;Demais serviços;Comércio e reparação de veículos automotores e motocicletas
2;Nordeste;29;BA;Bahia;2909802;Cruz das Almas;True;2023;publica;medio;todos (1-4);85.9;0.850138;247.9;247.66;3.878741;3.3;;1279175.071;21196.64;1163111.974;19274.05;1041984.133;16300.61;17568.299;105692.264;548354.514;245131.39;916746.467;125237.666;Demais serviços;Administração, defesa, educação e saúde públicas e seguridade social;Comércio e reparação de veículos automotores e motocicletas
2;Nordeste;29;BA;Bahia;2909901;Curaçá;True;2023;publica;medio;todos (1-4);93.9;0.938269;246.52;246.58;3.843191;3.6;;499931.719;14626.44;411633.813;12043.12;354901.487;10121.25;61802.241;22121.186;98274.357;141931.399;324129.182;30772.305;Administração, defesa, educação e saúde públicas e seguridade social;Demais serviços;Agricultura, inclusive apoio à agricultura e a pós colheita
2;Nordeste;29;BA;Bahia;2910008;Dário Meira;True;2023;publica;medio;todos (1-4);94.2;0.939312;269.91;279.5;4.664517;4.4;;155286.969;14351.85;144586.287;13366.58;126034.763;12180.8;26546.159;5039.493;29235.174;61169.336;121990.163;4044.6;Administração, defesa, educação e saúde públicas e seguridade social;Demais serviços;Agricultura, inclusive apoio à agricultura e a pós colheita
2;Nordeste;29;BA;Bahia;2910057;Dias d'Ávila;True;2023;publica;medio;todos (1-4);88.2;0.874887;241.7;250.91;3.840315;3.4;;2377818.192;33263.18;2208895.654;30900.13;3052172.706;36463.45;3958.166;1648232.506;678016.425;322543.218;2652750.314;399422.392;Indústrias de transformação;Demais serviços;Administração, defesa, educação e saúde públicas e seguridade social
2;Nordeste;29;BA;Bahia;2910107;Dom Basílio;True;2023;publica;medio;todos (1-4);96.3;0.949676;262.74;263.76;4.328186;4.1;;177242.569;14914.39;157646.521;13265.44;142114.382;11571.89;29117.752;6229.054;44266.434;51842.249;131455.488;10658.895;Administração, defesa, educação e saúde públicas e seguridade social;Demais serviços;Agricultura, inclusive apoio à agricultura e a pós colheita
2;Nordeste;29;BA;Bahia;2910206;Dom Macedo Costa;True;2023;publica;medio;todos (1-4);94.8;0.942705;242.95;236.5;3.642152;3.4;;60840.322;13805.38;48993.169;11117.12;43268.314;10625.81;6907.071;2839.649;13663.931;18205.504;41616.156;1652.157;Administração, defesa, educação e saúde públicas e seguridade social;Demais serviços;Pecuária, inclusive apoio à pecuária
2;Nordeste;29;BA;Bahia;2910305;Elísio Medrado;True;2023;publica;medio;todos (1-4);98.5;0.986231;274.14;280.1;4.732909;4.7;;104130.141;13336.34;88469.19;11329.13;76576.731;9420.19;15041.805;4012.972;19437.864;34843.429;73336.071;3240.66;Administração, defesa, educação e saúde públicas e seguridade social;Demais serviços;Pecuária, inclusive apoio à pecuária
2;Nordeste;29;BA;Bahia;2910404;Encruzilhada;True;2023;publica;medio;todos (1-4);93.3;0.935242;257.0;263.23;4.239634;4.0;;254827.772;13336.88;248726.171;13017.54;255982.486;16085.36;70025.876;10504.04;74511.585;84578.254;239619.754;16362.732;Administração, defesa, educação e saúde públicas e seguridade social;Demais serviços;Agricultura, inclusive apoio à agricultura e a pós colheita
2;Nordeste;29;BA;Bahia;2910503;Entre Rios;True;2023;publica;medio;todos (1-4);90.8;0.907711;249.77;251.43;3.961442;3.6;;790786.138;20756.63;843516.188;22140.69;680874.564;16205.9;91708.808;143729.482;225674.65;173593.49;634706.43;46168.134;Demais serviços;Administração, defesa, educação e saúde públicas e seguridade social;Indústrias extrativas
2;Nordeste;29;BA;Bahia;2910602;Esplanada;False;;;;;;;;;;;;810979.757;24911.83;864600.03;26557.32;731443.459;19298.28;93211.063;210573.708;213576.391;169086.442;686447.604;44995.855;Demais serviços;Administração, defesa, educação e saúde públicas e seguridade social;Indústrias extrativas
2;Nordeste;29;BA;Bahia;2910701;Euclides da Cunha;True;2023;publica;medio;todos (1-4);90.3;0.91794;255.93;261.21;4.194366;3.9;;959547.942;15613.58;858571.212;13970.5;794576.024;13001.96;164926.393;48763.064;298325.018;226658.056;738672.53;55903.494;Administração, defesa, educação e saúde públicas e seguridade social;Demais serviços;Agricultura, inclusive apoio à agricultura e a pós colheita
2;Nordeste;29;BA;Bahia;2910727;Eunápolis;True;2023;publica;medio;todos (1-4);88.5;0.896215;266.0;269.29;4.456757;4.0;;4264492.925;37503.24;3948115.733;34721.22;3204764.489;27780.55;193028.147;781814.509;1330033.594;482888.942;2787765.192;416999.297;Demais serviços;Indústrias de transformação;Administração, defesa, educação e saúde públicas e seguridade social
2;Nordeste;29;BA;Bahia;2910750;Fátima;True;2023;publica;medio;todos (1-4);93.1;0.937047;272.6;267.56;4.523555;4.2;;298891.354;16701.57;276559.573;15453.71;279796.681;15718.03;129454.124;12590.578;52928.578;76711.976;271685.257;8111.424;Agricultura, inclusive apoio à agricultura e a pós colheita;Administração, defesa, educação e saúde públicas e seguridade social;Demais serviços
2;Nordeste;29;BA;Bahia;2910776;Feira da Mata;True;2023;publica;medio;todos (1-4);97.2;0.971591;257.88;268.16;4.325796;4.2;;83140.366;14764.76;71637.581;12722.0;63005.594;11139.6;17004.869;1888.877;15518.066;25795.612;60207.424;2798.17;Administração, defesa, educação e saúde públicas e seguridade social;Pecuária, inclusive apoio à pecuária;Demais serviços
2;Nordeste;29;BA;Bahia;2910800;Feira de Santana;True;2023;publica;medio;todos (1-4);91.2;0.872488;255.61;259.43;4.163225;3.6;;21846454.667;35449.37;19625071.607;31844.46;17287745.832;27699.97;85543.288;3699324.796;8594182.423;1931140.63;14310191.137;2977554.694;Demais serviços;Comércio e reparação de veículos automotores e motocicletas;Indústrias de transformação
2;Nordeste;29;BA;Bahia;2910859;Filadélfia;True;2023;publica;medio;todos (1-4);94.7;0.961799;245.13;246.43;3.821423;3.7;;201628.08;11266.03;170964.523;9552.69;139019.214;8521.47;12727.732;9690.985;43214.893;66022.809;131656.419;7362.796;Administração, defesa, educação e saúde públicas e seguridade social;Demais serviços;Pecuária, inclusive apoio à pecuária
2;Nordeste;29;BA;Bahia;2910909;Firmino Alves;True;2023;publica;medio;todos (1-4);96.3;0.963664;252.38;254.63;4.046003;3.9;;88592.155;18180.21;76622.84;15723.96;70961.224;12579.55;19359.527;4920.915;15885.702;28502.104;68668.247;2292.976;Administração, defesa, educação e saúde públicas e seguridade social;Pecuária, inclusive apoio à pecuária;Demais serviços
2;Nordeste;29;BA;Bahia;2911006;Floresta Azul;True;2023;publica;medio;todos (1-4);91.0;0.914875;237.7;240.64;3.630393;3.3;;134078.706;12123.94;116438.526;10532.66;101470.306;9640.88;19462.184;5520.251;26665.962;45232.6;96880.996;4589.31;Administração, defesa, educação e saúde públicas e seguridade social;Demais serviços;Pecuária, inclusive apoio à pecuária
2;Nordeste;29;BA;Bahia;2911105;Formosa do Rio Preto;True;2023;publica;medio;todos (1-4);89.8;0.898388;242.76;240.77;3.703406;3.3;;5334932.831;205989.92;5987521.106;231187.35;4609105.455;176519.68;3398631.968;145473.671;763224.324;134461.129;4441791.091;167314.363;Agricultura, inclusive apoio à agricultura e a pós colheita;Demais serviços;Comércio e reparação de veículos automotores e motocicletas
2;Nordeste;29;BA;Bahia;2911204;Gandu;True;2023;publica;medio;todos (1-4);91.4;0.907143;264.39;275.0;4.519623;4.1;;598642.986;18604.11;512869.389;15938.51;460710.116;14055.47;70107.519;24009.225;192978.661;126513.385;413608.79;47101.326;Demais serviços;Administração, defesa, educação e saúde públicas e seguridade social;Agricultura, inclusive apoio à agricultura e a pós colheita
2;Nordeste;29;BA;Bahia;2911253;Gavião;True;2023;publica;medio;todos (1-4);96.9;0.973185;241.86;243.51;3.731784;3.6;;64348.661;14758.87;55139.664;12646.71;49891.62;11295.36;12404.838;2148.553;11439.177;22133.794;48126.363;1765.257;Administração, defesa, educação e saúde públicas e seguridade social;Pecuária, inclusive apoio à pecuária;Demais serviços
2;Nordeste;29;BA;Bahia;2911303;Gentio do Ouro;True;2023;publica;medio;todos (1-4);96.7;0.969343;251.72;247.26;3.926404;3.8;;563487.092;51772.06;137667.013;12648.57;133421.322;11823.94;5594.936;40308.669;21961.843;49514.429;117379.877;16041.445;Administração, defesa, educação e saúde públicas e seguridade social;Eletricidade e gás, água, esgoto, atividades de gestão de resíduos e descontaminação;Demais serviços
2;Nordeste;29;BA;Bahia;2911402;Glória;True;2023;publica;medio;todos (1-4);97.4;0.972986;250.57;267.45;4.212498;4.1;;297614.829;19171.27;223389.496;14389.94;254115.812;16666.61;133261.754;13443.411;35942.352;61562.332;244209.849;9905.963;Produção florestal, pesca e aquicultura;Administração, defesa, educação e saúde públicas e seguridade social;Demais serviços
2;Nordeste;29;BA;Bahia;2911501;Gongogi;True;2023;publica;medio;todos (1-4);85.9;0.8604;239.79;239.99;3.650016;3.1;;91564.455;16483.25;79733.476;14368.98;76383.694;11147.65;20065.225;2952.187;15912.501;35078.604;74008.516;2375.177;Administração, defesa, educação e saúde públicas e seguridade social;Pecuária, inclusive apoio à pecuária;Demais serviços
2;Nordeste;29;BA;Bahia;2911600;Governador Mangabeira;True;2023;publica;medio;todos (1-4);93.4;0.936235;263.4;271.5;4.453324;4.2;;284847.183;13824.18;240625.346;11678.01;221824.172;10664.62;22000.767;13494.986;83104.438;84292.673;202892.864;18931.307;Administração, defesa, educação e saúde públicas e seguridade social;Demais serviços;Comércio e reparação de veículos automotores e motocicletas
2;Nordeste;29;BA;Bahia;2911659;Guajeru;True;2023;publica;medio;todos (1-4);96.7;0.965503;273.49;275.85;4.660157;4.5;;86286.262;10718.79;78556.486;9758.57;68553.065;10760.17;14365.536;4354.731;16841.456;30131.309;65693.032;2860.033;Administração, defesa, educação e saúde públicas e seguridade social;Demais serviços;Pecuária, inclusive apoio à pecuária
2;Nordeste;29;BA;Bahia;2911709;Guanambi;True;2023;publica;medio;todos (1-4);92.8;0.925135;268.12;274.3;4.561532;4.2;;2028013.245;23093.63;1848370.175;21047.98;1652173.969;19356.95;57047.375;204440.82;831882.462;353238.386;1446609.043;205564.926;Demais serviços;Administração, defesa, educação e saúde públicas e seguridade social;Comércio e reparação de veículos automotores e motocicletas
2;Nordeste;29;BA;Bahia;2911808;Guaratinga;True;2023;publica;medio;todos (1-4);91.1;0.912761;244.84;244.33;3.785913;3.5;;318836.843;16737.72;284896.788;14956.0;279298.061;13581.23;121701.09;9866.897;45243.72;94843.783;271655.49;7642.571;Administração, defesa, educação e saúde públicas e seguridade social;Pecuária, inclusive apoio à pecuária;Demais serviços
2;Nordeste;29;BA;Bahia;2911857;Heliópolis;True;2023;publica;medio;todos (1-4);93.6;0.954942;283.16;271.82;4.735642;4.5;;170531.034;13441.4;151762.464;12329.39;140496.916;10852.53;34113.9;8343.352;35573.758;55954.375;133985.385;6511.531;Administração, defesa, educação e saúde públicas e seguridade social;Demais serviços;Pecuária, inclusive apoio à pecuária
2;Nordeste;29;BA;Bahia;2911907;Iaçu;True;2023;publica;medio;todos (1-4);87.2;0.850453;249.98;254.17;4.005409;3.4;;309737.081;12587.36;286123.852;11627.74;236733.195;9884.48;32203.486;16127.128;77088.789;99096.544;224515.946;12217.249;Administração, defesa, educação e saúde públicas e seguridade social;Demais serviços;Pecuária, inclusive apoio à pecuária
2;Nordeste;29;BA;Bahia;2912004;Ibiassucê;True;2023;publica;medio;todos (1-4);95.3;0.951939;303.06;279.83;5.135047;4.9;;121229.529;11624.27;108316.949;10386.13;98695.612;11153.31;11034.887;6978.511;35413.797;38391.001;91818.195;6877.416;Administração, defesa, educação e saúde públicas e seguridade social;Demais serviços;Pecuária, inclusive apoio à pecuária
2;Nordeste;29;BA;Bahia;2912103;Ibicaraí;True;2023;publica;medio;todos (1-4);93.1;0.931338;243.54;241.97;3.732325;3.5;;265631.847;12260.87;230352.464;10632.47;206487.826;9794.04;19130.623;9652.527;76315.045;91259.158;196357.353;10130.473;Administração, defesa, educação e saúde públicas e seguridade social;Demais serviços;Pecuária, inclusive apoio à pecuária
2;Nordeste;29;BA;Bahia;2912202;Ibicoara;True;2023;publica;medio;todos (1-4);93.8;0.937939;246.55;252.7;3.935229;3.7;;517754.214;24909.99;496149.439;23870.55;442996.133;22160.89;205404.482;23697.862;99101.238;89643.627;417847.209;25148.924;Agricultura, inclusive apoio à agricultura e a pós colheita;Administração, defesa, educação e saúde públicas e seguridade social;Demais serviços
2;Nordeste;29;BA;Bahia;2912301;Ibicuí;True;2023;publica;medio;todos (1-4);95.7;0.948648;254.01;262.36;4.184615;4.0;;224503.022;16111.89;199377.783;14308.73;196040.76;12055.14;74879.748;7781.236;40156.191;61828.713;184645.889;11394.871;Pecuária, inclusive apoio à pecuária;Administração, defesa, educação e saúde públicas e seguridade social;Demais serviços
2;Nordeste;29;BA;Bahia;2912400;Ibipeba;True;2023;publica;medio;todos (1-4);97.7;0.977946;249.18;256.46;4.028455;3.9;;201180.984;12117.15;183117.875;11029.2;177642.709;9643.49;45092.578;12499.818;41231.629;64957.566;163781.591;13861.118;Administração, defesa, educação e saúde públicas e seguridade social;Demais serviços;Agricultura, inclusive apoio à agricultura e a pós colheita
2;Nordeste;29;BA;Bahia;2912509;Ibipitanga;True;2023;publica;medio;todos (1-4);95.8;0.95828;263.49;262.51;4.320007;4.1;;155050.168;11184.46;133688.678;9643.56;117147.439;7815.56;8547.916;5653.664;38014.466;58193.85;110409.895;6737.544;Administração, defesa, educação e saúde públicas e seguridade social;Demais serviços;Comércio e reparação de veículos automotores e motocicletas
2;Nordeste;29;BA;Bahia;2912608;Ibiquera;True;2023;publica;medio;todos (1-4);91.8;0.925491;240.52;232.64;3.550239;3.3;;48873.515;13120.41;42163.749;11319.13;37301.787;9217.15;7468.384;1621.207;8264.402;18696.974;36050.967;1250.82;Administração, defesa, educação e saúde públicas e seguridade social;Demais serviços;Pecuária, inclusive apoio à pecuária
2;Nordeste;29;BA;Bahia;2912707;Ibirapitanga;True;2023;publica;medio;todos (1-4);98.4;0.980627;257.02;271.39;4.36207;4.3;;385351.271;15204.83;314018.313;12391.71;285725.307;12193.29;105281.112;14248.072;54181.489;104029.468;277740.141;7985.167;Administração, defesa, educação e saúde públicas e seguridade social;Agricultura, inclusive apoio à agricultura e a pós colheita;Demais serviços
2;Nordeste;29;BA;Bahia;2912806;Ibirapuã;True;2023;publica;medio;todos (1-4);87.3;0.864222;250.89;251.41;3.976873;3.4;;486181.66;54651.72;440051.693;49466.24;450753.904;51573.67;89444.299;178669.378;89527.591;40308.619;397949.888;52804.016;Indústrias de transformação;Demais serviços;Pecuária, inclusive apoio à pecuária
2;Nordeste;29;BA;Bahia;2912905;Ibirataia;True;2023;publica;medio;todos (1-4);94.3;0.934352;247.56;254.92;3.982648;3.7;;274185.068;14590.52;245793.801;13079.7;206991.156;14298.92;39816.067;14152.066;66747.963;73899.079;194615.176;12375.981;Administração, defesa, educação e saúde públicas e seguridade social;Demais serviços;Agricultura, inclusive apoio à agricultura e a pós colheita
2;Nordeste;29;BA;Bahia;2913002;Ibitiara;True;2023;publica;medio;todos (1-4);97.4;0.973522;255.21;261.41;4.187248;4.1;;145139.883;9915.96;124077.119;8478.69;113539.327;6896.64;11858.702;4565.736;32410.591;58451.833;107286.862;6252.465;Administração, defesa, educação e saúde públicas e seguridade social;Demais serviços;Pecuária, inclusive apoio à pecuária
2;Nordeste;29;BA;Bahia;2913101;Ibititá;True;2023;publica;medio;todos (1-4);91.9;0.909191;251.46;250.38;3.969459;3.6;;181670.057;10706.0;165480.161;9751.91;155356.267;9112.87;36222.375;11868.181;36884.078;62186.095;147160.728;8195.539;Administração, defesa, educação e saúde públicas e seguridade social;Demais serviços;Agricultura, inclusive apoio à agricultura e a pós colheita
2;Nordeste;29;BA;Bahia;2913200;Ibotirama;True;2023;publica;medio;todos (1-4);96.4;0.962463;245.11;249.41;3.865753;3.7;;544229.386;20686.05;482520.087;18340.5;415175.858;15333.72;23160.102;54074.475;186049.78;108401.648;371686.005;43489.853;Demais serviços;Administração, defesa, educação e saúde públicas e seguridade social;Comércio e reparação de veículos automotores e motocicletas
2;Nordeste;29;BA;Bahia;2913309;Ichu;True;2023;publica;medio;todos (1-4);98.1;0.978155;241.76;257.05;3.933074;3.8;;72148.171;11655.6;64299.049;10387.57;56325.859;9038.17;4569.284;3917.714;14961.962;30499.196;53948.156;2377.703;Administração, defesa, educação e saúde públicas e seguridade social;Demais serviços;Pecuária, inclusive apoio à pecuária
2;Nordeste;29;BA;Bahia;2913408;Igaporã;True;2023;publica;medio;todos (1-4);90.6;0.906901;263.96;262.24;4.322566;3.9;;237185.761;15275.7;213020.349;13719.35;198181.025;12654.43;15360.944;55415.138;46722.799;64163.146;181662.027;16518.998;Administração, defesa, educação e saúde públicas e seguridade social;Eletricidade e gás, água, esgoto, atividades de gestão de resíduos e descontaminação;Demais serviços
2;Nordeste;29;BA;Bahia;2913457;Igrapiúna;True;2023;publica;medio;todos (1-4);96.1;0.958459;247.97;268.68;4.194395;4.0;;248014.796;18859.01;225550.229;17150.8;211118.123;16286.21;70920.289;35136.625;36362.955;58171.167;200591.035;10527.087;Administração, defesa, educação e saúde públicas e seguridade social;Agricultura, inclusive apoio à agricultura e a pós colheita;Demais serviços
2;Nordeste;29;BA;Bahia;2913507;Iguaí;True;2023;publica;medio;todos (1-4);87.4;0.863933;246.03;245.65;3.822387;3.3;;282578.114;13148.67;247343.188;11580.82;246106.57;9113.03;46570.855;11605.741;73496.806;103248.204;234921.606;11184.964;Administração, defesa, educação e saúde públicas e seguridade social;Demais serviços;Pecuária, inclusive apoio à pecuária
2;Nordeste;29;BA;Bahia;2913606;Ilhéus;True;2023;publica;medio;todos (1-4);88.5;0.843163;253.29;261.9;4.167617;3.5;;7234380.827;40494.94;6704943.081;37520.04;5165434.324;32767.49;172099.609;1276419.809;2097989.137;661271.852;4207780.406;957653.918;Demais serviços;Indústrias de transformação;Administração, defesa, educação e saúde públicas e seguridade social
2;Nordeste;29;BA;Bahia;2913705;Inhambupe;True;2023;publica;medio;todos (1-4);83.8;0.821855;237.43;241.26;3.635882;3.0;;728056.798;21546.52;668474.686;19783.21;625516.441;15361.41;261752.298;32025.237;138432.927;167586.039;599796.5;25719.941;Agricultura, inclusive apoio à agricultura e a pós colheita;Administração, defesa, educação e saúde públicas e seguridade social;Demais serviços
2;Nordeste;29;BA;Bahia;2913804;Ipecaetá;True;2023;publica;medio;todos (1-4);91.1;0.894057;231.15;216.26;3.173428;2.8;;141403.755;10314.67;125727.01;9171.13;105038.518;7382.0;9524.725;5588.181;23522.848;62555.843;101191.597;3846.922;Administração, defesa, educação e saúde públicas e seguridade social;Demais serviços;Pecuária, inclusive apoio à pecuária
2;Nordeste;29;BA;Bahia;2913903;Ipiaú;True;2023;publica;medio;todos (1-4);90.2;0.892281;242.93;253.41;3.895015;3.5;;714937.605;17563.45;640794.737;15742.02;567652.162;12348.59;33419.281;44463.332;263708.887;177453.902;519045.401;48606.762;Demais serviços;Administração, defesa, educação e saúde públicas e seguridade social;Comércio e reparação de veículos automotores e motocicletas
2;Nordeste;29;BA;Bahia;2914000;Ipirá;True;2023;publica;medio;todos (1-4);95.0;0.947012;251.74;258.65;4.097194;3.9;;799164.101;14050.99;765627.791;13462.06;664073.768;11202.14;73424.922;81074.781;238195.755;217169.237;609864.695;54209.072;Administração, defesa, educação e saúde públicas e seguridade social;Demais serviços;Pecuária, inclusive apoio à pecuária
2;Nordeste;29;BA;Bahia;2914109;Ipupiara;True;2023;publica;medio;todos (1-4);92.2;0.924492;266.83;281.63;4.653145;4.3;;138063.549;13896.68;120660.454;12144.99;100297.666;10076.12;6606.857;8219.276;41504.934;36089.469;92420.536;7877.13;Administração, defesa, educação e saúde públicas e seguridade social;Demais serviços;Comércio e reparação de veículos automotores e motocicletas
2;Nordeste;29;BA;Bahia;2914208;Irajuba;True;2023;publica;medio;todos (1-4);99.1;0.982759;259.97;268.93;4.366676;4.3;;81309.529;13327.25;76989.028;12619.08;77968.46;10687.93;5234.597;3060.601;30478.214;30402.564;69175.976;8792.484;Administração, defesa, educação e saúde públicas e seguridade social;Demais serviços;Comércio e reparação de veículos automotores e motocicletas
2;Nordeste;29;BA;Bahia;2914307;Iramaia;True;2023;publica;medio;todos (1-4);94.1;0.943673;231.0;220.03;3.227759;3.0;;128687.776;11968.73;117391.973;10918.15;102574.5;13026.99;19074.397;4093.915;33668.599;38341.72;95178.631;7395.869;Administração, defesa, educação e saúde públicas e seguridade social;Demais serviços;Pecuária, inclusive apoio à pecuária
2;Nordeste;29;BA;Bahia;2914406;Iraquara;True;2023;publica;medio;todos (1-4);92.7;0.923523;253.54;256.44;4.089391;3.8;;695112.51;29109.78;766674.818;32106.66;897724.291;34892.89;50396.515;468304.788;187695.433;99229.696;805626.431;92097.86;Indústrias de transformação;Demais serviços;Administração, defesa, educação e saúde públicas e seguridade social
2;Nordeste;29;BA;Bahia;2914505;Irará;True;2023;publica;medio;todos (1-4);93.5;0.957662;256.68;263.25;4.235439;4.1;;385665.422;13752.64;332675.251;11863.04;285797.274;9752.51;19787.866;16618.56;103229.117;125895.44;265530.984;20266.29;Administração, defesa, educação e saúde públicas e seguridade social;Demais serviços;Comércio e reparação de veículos automotores e motocicletas
2;Nordeste;29;BA;Bahia;2914604;Irecê;True;2023;publica;medio;todos (1-4);92.3;0.940009;262.52;262.64;4.308329;4.0;;1963173.351;26348.84;1779885.113;23888.83;1531591.894;20683.21;47937.822;114427.93;879067.303;275243.569;1316676.624;214915.27;Demais serviços;Comércio e reparação de veículos automotores e motocicletas;Administração, defesa, educação e saúde públicas e seguridade social
2;Nordeste;29;BA;Bahia;2914653;Itabela;True;2023;publica;medio;todos (1-4);94.2;0.941497;249.96;249.71;3.938362;3.7;;669662.547;23776.41;549081.144;19495.16;513989.054;16633.41;109961.947;39185.862;179266.777;139993.781;468408.367;45580.687;Administração, defesa, educação e saúde públicas e seguridade social;Demais serviços;Agricultura, inclusive apoio à agricultura e a pós colheita
2;Nordeste;29;BA;Bahia;2914703;Itaberaba;True;2023;publica;medio;todos (1-4);89.4;0.886179;255.33;255.22;4.096268;3.6;;1267186.907;19473.31;1160119.406;17827.97;995761.242;15367.87;55219.406;104145.404;466939.011;257467.821;883771.642;111989.599;Demais serviços;Administração, defesa, educação e saúde públicas e seguridade social;Comércio e reparação de veículos automotores e motocicletas
2;Nordeste;29;BA;Bahia;2914802;Itabuna;True;2023;publica;medio;todos (1-4);90.8;0.902102;254.68;267.54;4.27157;3.9;;5152367.087;27595.86;4780912.091;25606.36;4200886.994;19619.04;36543.538;540211.339;2283837.171;833399.215;3693991.262;506895.732;Demais serviços;Administração, defesa, educação e saúde públicas e seguridade social;Comércio e reparação de veículos automotores e motocicletas
2;Nordeste;29;BA;Bahia;2914901;Itacaré;True;2023;publica;medio;todos (1-4);90.4;0.924001;248.67;252.59;3.963358;3.7;;563115.494;20326.14;482599.132;17406.64;427089.995;14701.39;61290.143;23047.862;193493.23;124962.607;402793.842;24296.153;Demais serviços;Administração, defesa, educação e saúde públicas e seguridade social;Agricultura, inclusive apoio à agricultura e a pós colheita
2;Nordeste;29;BA;Bahia;2915007;Itaeté;True;2023;publica;medio;todos (1-4);92.0;0.918559;240.05;242.71;3.694386;3.4;;151141.5;11218.94;129630.219;9622.2;126614.759;7833.13;17172.26;7173.455;31686.275;63186.117;119218.107;7396.652;Administração, defesa, educação e saúde públicas e seguridade social;Demais serviços;Pecuária, inclusive apoio à pecuária
2;Nordeste;29;BA;Bahia;2915106;Itagi;True;2023;publica;medio;todos (1-4);90.4;0.903136;247.89;269.04;4.19866;3.8;;162850.098;11798.17;144578.909;10474.46;128429.463;10579.03;23053.361;6516.752;34490.923;58602.31;122663.346;5766.117;Administração, defesa, educação e saúde públicas e seguridade social;Demais serviços;Agricultura, inclusive apoio à agricultura e a pós colheita
2;Nordeste;29;BA;Bahia;2915205;Itagibá;True;2023;publica;medio;todos (1-4);95.2;0.950041;253.54;245.23;3.921577;3.7;;746823.176;48780.09;876118.692;57225.26;1102618.488;76939.4;55091.614;741057.535;206045.451;71629.045;1073823.645;28794.843;Indústrias extrativas;Demais serviços;Construção
2;Nordeste;29;BA;Bahia;2915304;Itagimirim;True;2023;publica;medio;todos (1-4);93.2;0.934272;243.51;265.25;4.080407;3.8;;153619.497;24203.48;139384.678;21960.72;127477.598;18790.92;40677.823;5624.513;36476.676;35946.761;118725.773;8751.825;Pecuária, inclusive apoio à pecuária;Administração, defesa, educação e saúde públicas e seguridade social;Demais serviços
2;Nordeste;29;BA;Bahia;2915353;Itaguaçu da Bahia;True;2023;publica;medio;todos (1-4);95.9;0.958482;257.46;256.22;4.141154;4.0;;173900.568;14125.62;150049.117;12188.22;152645.862;10419.51;17546.679;37845.453;26102.105;61356.455;142850.692;9795.17;Administração, defesa, educação e saúde públicas e seguridade social;Eletricidade e gás, água, esgoto, atividades de gestão de resíduos e descontaminação;Demais serviços
2;Nordeste;29;BA;Bahia;2915403;Itaju do Colônia;False;;;;;;;;;;;;110196.786;18253.57;117698.546;19496.2;89468.026;13732.62;35339.583;4310.887;15322.164;31967.14;86939.774;2528.252;Pecuária, inclusive apoio à pecuária;Administração, defesa, educação e saúde públicas e seguridade social;Demais serviços
2;Nordeste;29;BA;Bahia;2915502;Itajuípe;False;;;;;;;;;;;;382794.967;20382.03;339263.017;18064.16;255369.353;12574.2;41925.466;39467.539;69838.701;85649.82;236881.526;18487.827;Administração, defesa, educação e saúde públicas e seguridade social;Demais serviços;Agricultura, inclusive apoio à agricultura e a pós colheita
2;Nordeste;29;BA;Bahia;2915601;Itamaraju;True;2023;publica;medio;todos (1-4);94.3;0.93669;255.68;262.58;4.211364;3.9;;1395505.741;23412.56;1258909.045;21121.57;1109786.486;17226.56;282039.396;104768.984;387125.278;241278.874;1015212.531;94573.955;Demais serviços;Administração, defesa, educação e saúde públicas e seguridade social;Agricultura, inclusive apoio à agricultura e a pós colheita
2;Nordeste;29;BA;Bahia;2915700;Itamari;True;2023;publica;medio;todos (1-4);96.1;0.965559;231.71;229.33;3.376952;3.3;;118905.574;16863.65;101927.407;14455.74;103342.802;12964.85;34892.206;4266.495;22718.66;37100.06;98977.421;4365.38;Administração, defesa, educação e saúde públicas e seguridade social;Agricultura, inclusive apoio à agricultura e a pós colheita;Demais serviços
2;Nordeste;29;BA;Bahia;2915809;Itambé;True;2023;publica;medio;todos (1-4);97.8;0.975445;245.96;248.39;3.862422;3.8;;403897.7;16557.26;352106.729;14434.15;294534.299;13105.56;72658.423;21941.423;78179.403;109466.659;282245.908;12288.391;Administração, defesa, educação e saúde públicas e seguridade social;Demais serviços;Pecuária, inclusive apoio à pecuária
2;Nordeste;29;BA;Bahia;2915908;Itanagra;True;2023;publica;medio;todos (1-4);90.4;0.892843;250.9;260.28;4.109798;3.7;;110577.394;18697.56;102243.575;17288.4;81828.586;12720.13;6100.539;12438.655;20005.034;40192.961;78737.189;3091.397;Administração, defesa, educação e saúde públicas e seguridade social;Demais serviços;Indústrias extrativas
2;Nordeste;29;BA;Bahia;2916005;Itanhém;True;2023;publica;medio;todos (1-4);88.2;0.883036;245.11;253.29;3.923837;3.5;;341095.515;19148.68;305819.399;17168.33;293429.271;15258.14;110055.756;13934.596;74243.384;82770.942;281004.677;12424.594;Pecuária, inclusive apoio à pecuária;Administração, defesa, educação e saúde públicas e seguridade social;Demais serviços
2;Nordeste;29;BA;Bahia;2916104;Itaparica;True;2023;publica;medio;todos (1-4);84.3;0.869914;237.66;232.06;3.501388;3.0;;298513.763;15084.83;285799.687;14442.35;246765.254;10996.67;7995.291;17583.447;110311.26;94142.085;230032.083;16733.171;Administração, defesa, educação e saúde públicas e seguridade social;Demais serviços;Comércio e reparação de veículos automotores e motocicletas
2;Nordeste;29;BA;Bahia;2916203;Itapé;True;2023;publica;medio;todos (1-4);80.2;0.740019;238.83;235.43;3.568269;2.6;;135711.734;13123.66;125798.46;12165.02;106332.518;12811.15;30717.133;5813.806;25718.915;39722.121;101971.976;4360.542;Administração, defesa, educação e saúde públicas e seguridade social;Pecuária, inclusive apoio à pecuária;Demais serviços
2;Nordeste;29;BA;Bahia;2916302;Itapebi;True;2023;publica;medio;todos (1-4);90.8;0.899715;250.66;272.06;4.282774;3.9;;329115.871;35874.85;297356.349;32412.94;335600.745;32989.36;44738.37;201712.223;31790.202;52529.728;330770.523;4830.223;Eletricidade e gás, água, esgoto, atividades de gestão de resíduos e descontaminação;Administração, defesa, educação e saúde públicas e seguridade social;Pecuária, inclusive apoio à pecuária
2;Nordeste;29;BA;Bahia;2916401;Itapetinga;True;2023;publica;medio;todos (1-4);86.2;0.8587;252.97;252.82;4.027194;3.5;;1938472.475;29416.7;1707485.451;25911.43;1466168.786;18940.79;71339.659;359432.063;543483.925;319228.509;1293484.155;172684.631;Demais serviços;Administração, defesa, educação e saúde públicas e seguridade social;Indústrias de transformação
2;Nordeste;29;BA;Bahia;2916500;Itapicuru;True;2023;publica;medio;todos (1-4);93.9;0.942989;258.23;260.52;4.21634;4.0;;534862.537;16883.82;453942.931;14329.46;438659.815;12126.72;171534.886;26572.829;89012.311;135234.7;422354.726;16305.09;Agricultura, inclusive apoio à agricultura e a pós colheita;Administração, defesa, educação e saúde públicas e seguridade social;Demais serviços
2;Nordeste;29;BA;Bahia;2916609;Itapitanga;True;2023;publica;medio;todos (1-4);99.5;0.994949;260.71;268.5;4.370633;4.3;;124198.931;12082.78;110954.6;10794.3;94612.058;9199.93;21602.778;3896.598;19107.794;47377.239;91984.409;2627.649;Administração, defesa, educação e saúde públicas e seguridade social;Pecuária, inclusive apoio à pecuária;Demais serviços
2;Nordeste;29;BA;Bahia;2916708;Itaquara;True;2023;publica;medio;todos (1-4);97.3;0.968474;237.44;230.52;3.475244;3.4;;105757.568;12971.61;95765.449;11746.04;100679.075;12021.38;36687.017;4388.006;20718.566;35055.949;96849.538;3829.537;Administração, defesa, educação e saúde públicas e seguridade social;Agricultura, inclusive apoio à agricultura e a pós colheita;Demais serviços
2;Nordeste;29;BA;Bahia;2916807;Itarantim;True;2023;publica;medio;todos (1-4);96.0;0.956229;251.22;257.24;4.068783;3.9;;375539.977;22023.22;356225.539;20890.54;330772.091;16590.87;109298.181;49280.802;68679.902;86370.013;313628.898;17143.193;Pecuária, inclusive apoio à pecuária;Administração, defesa, educação e saúde públicas e seguridade social;Demais serviços
2;Nordeste;29;BA;Bahia;2916856;Itatim;True;2023;publica;medio;todos (1-4);67.9;0.678417;255.03;257.55;4.126935;2.8;;513400.981;32623.82;520384.842;33067.6;430368.69;29501.56;5740.885;30854.462;244487.8;65240.519;346323.666;84045.023;Comércio e reparação de veículos automotores e motocicletas;Demais serviços;Administração, defesa, educação e saúde públicas e seguridade social
2;Nordeste;29;BA;Bahia;2916906;Itiruçu;True;2023;publica;medio;todos (1-4);95.4;0.950236;264.4;260.81;4.307339;4.1;;152011.102;13820.45;127757.604;11615.38;120555.966;9658.39;19437.574;6657.482;39653.237;46951.534;112699.828;7856.138;Administração, defesa, educação e saúde públicas e seguridade social;Demais serviços;Agricultura, inclusive apoio à agricultura e a pós colheita
2;Nordeste;29;BA;Bahia;2917003;Itiúba;True;2023;publica;medio;todos (1-4);93.4;0.936395;232.63;224.89;3.323406;3.1;;429677.861;12685.34;388107.125;11458.05;351480.498;9725.53;58693.864;13265.847;101467.413;162949.637;336376.761;15103.737;Administração, defesa, educação e saúde públicas e seguridade social;Demais serviços;Pecuária, inclusive apoio à pecuária
2;Nordeste;29;BA;Bahia;2917102;Itororó;True;2023;publica;medio;todos (1-4);94.8;0.943832;244.23;249.42;3.853543;3.6;;281111.572;16917.11;263958.401;15884.84;250715.086;12293.57;30459.261;37702.451;76549.785;90090.956;234802.453;15912.633;Administração, defesa, educação e saúde públicas e seguridade social;Demais serviços;Indústrias de transformação
2;Nordeste;29;BA;Bahia;2917201;Ituaçu;True;2023;publica;medio;todos (1-4);96.5;0.961974;259.04;259.81;4.217088;4.1;;341991.049;19090.71;277476.818;15489.38;256553.803;13435.65;97913.736;14274.577;57281.08;78031.599;247500.991;9052.812;Agricultura, inclusive apoio à agricultura e a pós colheita;Administração, defesa, educação e saúde públicas e seguridade social;Demais serviços
2;Nordeste;29;BA;Bahia;2917300;Ituberá;True;2023;publica;medio;todos (1-4);85.7;0.8591;254.45;260.92;4.169238;3.6;;420872.854;19216.18;386726.265;17648.26;367366.711;12724.86;69298.186;29621.076;126630.11;113306.4;338855.773;28510.938;Administração, defesa, educação e saúde públicas e seguridade social;Demais serviços;Agricultura, inclusive apoio à agricultura e a pós colheita
2;Nordeste;29;BA;Bahia;2917334;Iuiu;True;2023;publica;medio;todos (1-4);90.6;0.905162;254.97;246.37;3.958727;3.6;;179352.803;16131.75;149731.32;13467.47;133298.729;12076.35;43989.284;5719.679;29271.73;47414.695;126395.388;6903.341;Administração, defesa, educação e saúde públicas e seguridade social;Pecuária, inclusive apoio à pecuária;Demais serviços
2;Nordeste;29;BA;Bahia;2917359;Jaborandi;True;2023;publica;medio;todos (1-4);96.9;0.965277;251.0;247.58;3.921083;3.8;;1527844.705;164727.19;1665178.44;179592.15;1344176.128;164405.1;1005404.739;76370.916;166807.681;43226.473;1291809.81;52366.318;Agricultura, inclusive apoio à agricultura e a pós colheita;Demais serviços;Pecuária, inclusive apoio à pecuária
2;Nordeste;29;BA;Bahia;2917409;Jacaraci;True;2023;publica;medio;todos (1-4);97.7;0.976726;281.97;278.16;4.813839;4.7;;150695.59;10438.87;136009.315;9421.54;122733.957;8262.13;15165.509;5095.794;36244.862;58413.138;114919.303;7814.654;Administração, defesa, educação e saúde públicas e seguridade social;Demais serviços;Pecuária, inclusive apoio à pecuária
2;Nordeste;29;BA;Bahia;2917508;Jacobina;True;2023;publica;medio;todos (1-4);89.2;0.906988;269.18;277.1;4.618336;4.2;;2030142.295;24580.97;1816304.179;21991.82;1866381.69;23113.37;39884.444;656447.111;735670.337;282469.973;1714471.864;151909.826;Demais serviços;Indústrias extrativas;Administração, defesa, educação e saúde públicas e seguridade social
2;Nordeste;29;BA;Bahia;2917607;Jaguaquara;True;2023;publica;medio;todos (1-4);96.6;0.963071;247.71;249.84;3.908707;3.8;;807068.769;17558.71;750298.9;16323.62;677732.009;12341.92;69162.224;33759.243;297888.225;207180.099;607989.792;69742.218;Administração, defesa, educação e saúde públicas e seguridade social;Demais serviços;Comércio e reparação de veículos automotores e motocicletas
2;Nordeste;29;BA;Bahia;2917706;Jaguarari;True;2023;publica;medio;todos (1-4);88.2;0.888566;260.96;263.7;4.302288;3.8;;805703.944;24637.0;865035.463;26451.26;1197314.953;35303.4;9715.174;706987.293;300679.036;133871.052;1151252.555;46062.397;Indústrias extrativas;Demais serviços;Administração, defesa, educação e saúde públicas e seguridade social
2;Nordeste;29;BA;Bahia;2917805;Jaguaripe;True;2023;publica;medio;todos (1-4);98.8;0.984492;239.17;239.88;3.639661;3.6;;261120.545;14786.83;221946.741;12568.48;206796.046;10791.99;64421.673;8302.485;37111.545;82726.078;192561.781;14234.264;Administração, defesa, educação e saúde públicas e seguridade social;Demais serviços;Produção florestal, pesca e aquicultura
2;Nordeste;29;BA;Bahia;2917904;Jandaíra;True;2023;publica;medio;todos (1-4);98.9;0.982044;241.62;246.14;3.767784;3.7;;217807.116;23457.96;183483.276;19761.26;168105.668;15649.38;76993.217;6501.719;30072.947;47739.551;161307.433;6798.235;Pecuária, inclusive apoio à pecuária;Administração, defesa, educação e saúde públicas e seguridade social;Demais serviços
2;Nordeste;29;BA;Bahia;2918001;Jequié;True;2023;publica;medio;todos (1-4);92.0;0.90561;261.13;261.48;4.271442;3.9;;3882706.96;24448.29;3613954.068;22756.18;3175606.984;20320.37;77837.907;389021.957;1648896.469;627446.705;2743203.038;432403.946;Demais serviços;Administração, defesa, educação e saúde públicas e seguridade social;Comércio e reparação de veículos automotores e motocicletas
2;Nordeste;29;BA;Bahia;2918100;Jeremoabo;True;2023;publica;medio;todos (1-4);91.6;0.921659;250.62;247.06;3.907961;3.6;;623856.272;16580.46;611471.292;16251.3;501168.694;12273.92;121184.333;32884.801;152349.307;166732.248;473150.689;28018.005;Administração, defesa, educação e saúde públicas e seguridade social;Demais serviços;Agricultura, inclusive apoio à agricultura e a pós colheita
2;Nordeste;29;BA;Bahia;2918209;Jiquiriçá;True;2023;publica;medio;todos (1-4);96.4;0.956359;266.83;265.58;4.412875;4.2;;195942.717;14376.9;162566.214;11927.96;150224.96;10306.32;32231.225;6897.241;40601.697;61506.211;141236.374;8988.587;Administração, defesa, educação e saúde públicas e seguridade social;Demais serviços;Agricultura, inclusive apoio à agricultura e a pós colheita
2;Nordeste;29;BA;Bahia;2918308;Jitaúna;True;2023;publica;medio;todos (1-4);94.9;0.945062;238.45;238.93;3.615327;3.4;;253022.524;17626.09;207889.4;14482.02;175500.919;16762.27;45936.16;9331.368;48718.929;62587.04;166573.497;8927.422;Administração, defesa, educação e saúde públicas e seguridade social;Agricultura, inclusive apoio à agricultura e a pós colheita;Demais serviços
2;Nordeste;29;BA;Bahia;2918357;João Dourado;True;2023;publica;medio;todos (1-4);99.9;0.998328;257.85;266.0;4.293039;4.3;;347834.875;13995.13;309355.953;12446.93;296791.84;11590.71;52544.847;20016.136;98986.24;99639.568;271186.79;25605.05;Administração, defesa, educação e saúde públicas e seguridade social;Demais serviços;Agricultura, inclusive apoio à agricultura e a pós colheita
2;Nordeste;29;BA;Bahia;2918407;Juazeiro;True;2023;publica;medio;todos (1-4);89.3;0.888688;255.03;254.67;4.083821;3.6;;6159603.827;25900.17;5505938.994;23348.45;5182686.052;23606.59;377812.955;666388.418;2486074.259;963723.255;4493998.887;688687.165;Demais serviços;Administração, defesa, educação e saúde públicas e seguridade social;Comércio e reparação de veículos automotores e motocicletas
2;Nordeste;29;BA;Bahia;2918456;Jucuruçu;True;2023;publica;medio;todos (1-4);94.3;0.934025;242.82;235.48;3.625057;3.4;;152424.112;15787.06;138907.662;14387.12;127605.021;14408.88;65613.47;3401.661;18831.842;36736.063;124583.036;3021.985;Pecuária, inclusive apoio à pecuária;Administração, defesa, educação e saúde públicas e seguridade social;Agricultura, inclusive apoio à agricultura e a pós colheita
2;Nordeste;29;BA;Bahia;2918506;Jussara;True;2023;publica;medio;todos (1-4);94.2;0.936724;249.88;239.22;3.780203;3.5;;151838.486;9284.49;133627.031;8170.91;113551.501;7450.4;13276.574;6932.124;31400.977;56583.523;108193.198;5358.302;Administração, defesa, educação e saúde públicas e seguridade social;Demais serviços;Pecuária, inclusive apoio à pecuária
2;Nordeste;29;BA;Bahia;2918555;Jussari;True;2023;publica;medio;todos (1-4);99.2;0.990143;252.97;266.49;4.231835;4.2;;90404.1;15353.96;78885.935;13397.75;71425.797;12517.67;18852.418;2128.496;15066.648;33256.302;69303.864;2121.933;Administração, defesa, educação e saúde públicas e seguridade social;Demais serviços;Pecuária, inclusive apoio à pecuária
2;Nordeste;29;BA;Bahia;2918605;Jussiape;True;2023;publica;medio;todos (1-4);97.3;0.973927;249.93;256.23;4.035545;3.9;;87227.64;11821.07;79497.926;10773.54;68637.1;11881.1;12272.328;3675.561;19799.27;29197.482;64944.64;3692.46;Administração, defesa, educação e saúde públicas e seguridade social;Demais serviços;Agricultura, inclusive apoio à agricultura e a pós colheita
2;Nordeste;29;BA;Bahia;2918704;Lafaiete Coutinho;True;2023;publica;medio;todos (1-4);92.3;0.931034;257.67;269.28;4.339613;4.0;;70953.286;17411.85;64057.65;15719.67;55228.295;15077.34;16616.782;2200.814;10896.837;23764.33;53478.763;1749.532;Administração, defesa, educação e saúde públicas e seguridade social;Pecuária, inclusive apoio à pecuária;Demais serviços
2;Nordeste;29;BA;Bahia;2918753;Lagoa Real;True;2023;publica;medio;todos (1-4);95.9;0.955618;258.82;260.95;4.231064;4.0;;147332.4;10445.4;132847.831;9418.49;119480.291;7528.69;14509.843;5427.413;31560.506;60686.726;112184.488;7295.804;Administração, defesa, educação e saúde públicas e seguridade social;Demais serviços;Pecuária, inclusive apoio à pecuária
2;Nordeste;29;BA;Bahia;2918803;Laje;True;2023;publica;medio;todos (1-4);91.8;0.921329;255.61;250.12;4.023854;3.7;;344541.365;16366.21;314683.396;14947.91;292273.856;12070.45;68950.541;11844.662;85742.75;104817.888;271355.841;20918.015;Administração, defesa, educação e saúde públicas e seguridade social;Agricultura, inclusive apoio à agricultura e a pós colheita;Demais serviços
2;Nordeste;29;BA;Bahia;2918902;Lajedão;True;2023;publica;medio;todos (1-4);98.6;0.985214;258.89;265.52;4.30046;4.2;;132125.986;34363.07;124139.741;32286.02;112925.176;28280.79;65155.779;3971.651;17192.022;23410.603;109730.055;3195.121;Pecuária, inclusive apoio à pecuária;Agricultura, inclusive apoio à agricultura e a pós colheita;Administração, defesa, educação e saúde públicas e seguridade social
2;Nordeste;29;BA;Bahia;2919009;Lajedinho;True;2023;publica;medio;todos (1-4);90.4;0.903198;236.2;230.89;3.463367;3.1;;66279.945;18792.16;74608.168;21153.44;60929.234;16313.05;6527.245;2374.054;25833.638;18549.901;53284.839;7644.396;Administração, defesa, educação e saúde públicas e seguridade social;Comércio e reparação de veículos automotores e motocicletas;Demais serviços
2;Nordeste;29;BA;Bahia;2919058;Lajedo do Tabocal;True;2023;publica;medio;todos (1-4);94.5;0.937928;243.92;232.38;3.594099;3.4;;102349.698;13657.55;84400.531;11262.41;78267.435;9110.4;11826.873;3864.486;22858.253;34984.053;73533.664;4733.771;Administração, defesa, educação e saúde públicas e seguridade social;Demais serviços;Agricultura, inclusive apoio à agricultura e a pós colheita
2;Nordeste;29;BA;Bahia;2919108;Lamarão;True;2023;publica;medio;todos (1-4);98.7;0.987253;242.31;248.86;3.818194;3.8;;83252.481;9234.88;75343.356;8614.61;64992.206;8045.58;6625.144;3552.357;14341.388;38449.661;62968.55;2023.657;Administração, defesa, educação e saúde públicas e seguridade social;Demais serviços;Pecuária, inclusive apoio à pecuária
2;Nordeste;29;BA;Bahia;2919157;Lapão;True;2023;publica;medio;todos (1-4);92.3;0.918686;247.59;246.44;3.856123;3.5;;381812.078;14835.72;334842.912;13009.17;302184.363;11059.71;52360.228;34336.672;83723.523;109543.103;279963.526;22220.837;Administração, defesa, educação e saúde públicas e seguridade social;Demais serviços;Agricultura, inclusive apoio à agricultura e a pós colheita
2;Nordeste;29;BA;Bahia;2919207;Lauro de Freitas;True;2023;publica;medio;todos (1-4);90.0;0.885852;244.59;247.76;3.833749;3.4;;8918479.61;43861.88;8004189.893;39364.74;7322788.256;35778.69;2469.988;1167751.707;3892123.301;999930.439;6062275.435;1260512.821;Demais serviços;Comércio e reparação de veículos automotores e motocicletas;Administração, defesa, educação e saúde públicas e seguridade social
2;Nordeste;29;BA;Bahia;2919306;Lençóis;False;;;;;;;;;;;;210369.84;19525.7;184445.983;17119.55;170247.503;14694.24;25600.541;10918.366;72495.693;50150.766;159165.366;11082.136;Demais serviços;Administração, defesa, educação e saúde públicas e seguridade social;Agricultura, inclusive apoio à agricultura e a pós colheita
2;Nordeste;29;BA;Bahia;2919405;Licínio de Almeida;True;2023;publica;medio;todos (1-4);91.6;0.914126;277.63;279.37;4.770998;4.4;;165211.987;13960.79;155601.188;13148.66;157144.806;12717.07;14737.673;22679.964;56500.519;49909.246;143827.402;13317.404;Administração, defesa, educação e saúde públicas e seguridade social;Demais serviços;Comércio e reparação de veículos automotores e motocicletas
2;Nordeste;29;BA;Bahia;2919504;Livramento de Nossa Senhora;True;2023;publica;medio;todos (1-4);96.6;0.964163;252.49;245.65;3.913117;3.8;;705491.381;16069.32;623588.212;14201.18;574693.079;12393.11;106651.026;33922.71;223545.91;168654.933;532774.579;41918.5;Administração, defesa, educação e saúde públicas e seguridade social;Demais serviços;Agricultura, inclusive apoio à agricultura e a pós colheita
2;Nordeste;29;BA;Bahia;2919553;Luís Eduardo Magalhães;True;2023;publica;medio;todos (1-4);88.8;0.880865;258.98;261.83;4.246485;3.7;;11559024.195;107118.26;11938895.148;110638.55;8833178.599;95317.61;1476998.961;1519224.053;3842421.358;416131.474;7254775.845;1578402.754;Demais serviços;Comércio e reparação de veículos automotores e motocicletas;Agricultura, inclusive apoio à agricultura e a pós colheita
2;Nordeste;29;BA;Bahia;2919603;Macajuba;True;2023;publica;medio;todos (1-4);84.8;0.814219;249.56;254.42;4.003253;3.3;;108591.993;10387.6;100246.493;9583.79;90666.233;8010.8;10582.601;4663.255;25065.562;46571.191;86882.609;3783.624;Administração, defesa, educação e saúde públicas e seguridade social;Demais serviços;Pecuária, inclusive apoio à pecuária
2;Nordeste;29;BA;Bahia;2919702;Macarani;True;2023;publica;medio;todos (1-4);92.8;0.917488;261.49;267.98;4.373803;4.0;;269681.394;12485.83;251739.499;11655.15;226871.918;11905.54;72214.4;6783.927;52076.806;88058.033;219133.166;7738.752;Administração, defesa, educação e saúde públicas e seguridade social;Pecuária, inclusive apoio à pecuária;Demais serviços
2;Nordeste;29;BA;Bahia;2919801;Macaúbas;True;2023;publica;medio;todos (1-4);94.9;0.949581;268.67;268.28;4.479137;4.3;;549585.766;13129.45;466083.391;11134.6;430547.894;8528.91;33695.688;27873.259;154460.426;190638.489;406667.863;23880.031;Administração, defesa, educação e saúde públicas e seguridade social;Demais serviços;Comércio e reparação de veículos automotores e motocicletas
2;Nordeste;29;BA;Bahia;2919900;Macururé;True;2023;publica;medio;todos (1-4);92.8;0.926472;232.34;228.99;3.38071;3.1;;80971.997;11159.32;74830.33;10312.89;67455.388;8701.68;5810.441;2635.929;17743.744;38183.313;64373.426;3081.962;Administração, defesa, educação e saúde públicas e seguridade social;Demais serviços;Pecuária, inclusive apoio à pecuária
2;Nordeste;29;BA;Bahia;2919926;Madre de Deus;True;2023;publica;medio;todos (1-4);95.3;0.937163;242.63;235.36;3.620592;3.4;;710438.473;38393.78;580018.499;31345.57;515753.054;23708.42;2774.789;64441.501;260823.778;139974.438;468014.505;47738.549;Demais serviços;Administração, defesa, educação e saúde públicas e seguridade social;Indústrias de transformação
2;Nordeste;29;BA;Bahia;2919959;Maetinga;True;2023;publica;medio;todos (1-4);92.7;0.927347;260.93;260.32;4.251267;3.9;;81860.129;11739.59;68888.286;9879.29;50031.436;20968.75;4441.719;2993.268;18407.653;21036.395;46879.034;3152.401;Administração, defesa, educação e saúde públicas e seguridade social;Demais serviços;Comércio e reparação de veículos automotores e motocicletas
2;Nordeste;29;BA;Bahia;2920007;Maiquinique;True;2023;publica;medio;todos (1-4);98.6;0.985222;248.46;259.2;4.05936;4.0;;210895.572;24154.8;178234.996;20414.04;204964.456;19911.06;33537.247;39521.312;64455.833;48214.148;185728.541;19235.915;Administração, defesa, educação e saúde públicas e seguridade social;Demais serviços;Pecuária, inclusive apoio à pecuária
2;Nordeste;29;BA;Bahia;2920106;Mairi;True;2023;publica;medio;todos (1-4);97.7;0.972026;252.23;255.71;4.060064;3.9;;211982.299;11994.02;177569.754;10046.95;158649.33;8559.45;22504.754;6665.599;51069.062;68636.381;148875.796;9773.533;Administração, defesa, educação e saúde públicas e seguridade social;Demais serviços;Pecuária, inclusive apoio à pecuária
2;Nordeste;29;BA;Bahia;2920205;Malhada;True;2023;publica;medio;todos (1-4);97.0;0.965816;232.83;220.28;3.257203;3.1;;238292.949;15475.58;208455.916;13537.86;187955.492;11138.1;70131.852;10035.008;33299.569;65589.864;179056.293;8899.199;Administração, defesa, educação e saúde públicas e seguridade social;Pecuária, inclusive apoio à pecuária;Demais serviços
2;Nordeste;29;BA;Bahia;2920304;Malhada de Pedras;True;2023;publica;medio;todos (1-4);98.9;0.988901;269.46;260.98;4.380951;4.3;;111364.731;12844.84;92034.575;10615.29;80500.863;9668.61;12253.402;4290.732;23796.634;35917.25;76258.019;4242.845;Administração, defesa, educação e saúde públicas e seguridade social;Demais serviços;Pecuária, inclusive apoio à pecuária
2;Nordeste;29;BA;Bahia;2920403;Manoel Vitorino;True;2023;publica;medio;todos (1-4);86.8;0.87;255.44;250.69;4.029999;3.5;;165431.588;11935.9;147474.695;10640.31;139733.487;10795.23;35511.583;5847.384;34710.363;57281.231;133350.561;6382.926;Administração, defesa, educação e saúde públicas e seguridade social;Demais serviços;Pecuária, inclusive apoio à pecuária
2;Nordeste;29;BA;Bahia;2920452;Mansidão;True;2023;publica;medio;todos (1-4);98.1;0.983827;242.62;232.4;3.57614;3.5;;117786.924;8462.31;106246.677;7633.21;93634.642;6774.32;13188.973;3954.199;20682.228;52207.432;90032.833;3601.81;Administração, defesa, educação e saúde públicas e seguridade social;Demais serviços;Pecuária, inclusive apoio à pecuária
2;Nordeste;29;BA;Bahia;2920502;Maracás;True;2023;publica;medio;todos (1-4);97.3;0.971584;259.55;262.24;4.260628;4.1;;692348.658;25066.93;621278.232;22493.78;655864.918;32837.58;61728.144;269440.088;188877.508;97751.307;617797.047;38067.871;Indústrias extrativas;Demais serviços;Administração, defesa, educação e saúde públicas e seguridade social
2;Nordeste;29;BA;Bahia;2920601;Maragogipe;True;2023;publica;medio;todos (1-4);92.3;0.92943;240.66;241.76;3.688732;3.4;;479211.8;13363.78;430082.056;11993.7;402216.465;8957.65;83229.375;18623.183;105673.765;179967.325;387493.648;14722.817;Administração, defesa, educação e saúde públicas e seguridade social;Demais serviços;Produção florestal, pesca e aquicultura
2;Nordeste;29;BA;Bahia;2920700;Maraú;True;2023;publica;medio;todos (1-4);89.5;0.879458;240.42;246.46;3.755721;3.3;;434712.147;17723.82;396613.016;16135.6;343434.794;16619.96;58634.096;21722.119;150982.244;95432.023;326770.483;16664.311;Demais serviços;Administração, defesa, educação e saúde públicas e seguridade social;Agricultura, inclusive apoio à agricultura e a pós colheita
2;Nordeste;29;BA;Bahia;2920809;Marcionílio Souza;True;2023;publica;medio;todos (1-4);91.2;0.915877;253.72;266.3;4.239524;3.9;;119537.686;12899.29;100169.474;10809.27;94273.352;9102.38;19994.419;4230.332;22588.1;43894.195;90707.045;3566.306;Administração, defesa, educação e saúde públicas e seguridade social;Demais serviços;Pecuária, inclusive apoio à pecuária
2;Nordeste;29;BA;Bahia;2920908;Mascote;True;2023;publica;medio;todos (1-4);88.6;0.872725;248.53;251.1;3.939086;3.4;;193316.501;14273.22;180089.629;13296.64;161322.423;11845.39;30843.007;6984.925;47846.818;64512.306;150187.057;11135.366;Administração, defesa, educação e saúde públicas e seguridade social;Demais serviços;Comércio e reparação de veículos automotores e motocicletas
2;Nordeste;29;BA;Bahia;2921005;Mata de São João;True;2023;publica;medio;todos (1-4);91.2;0.916586;246.13;250.64;3.898492;3.6;;1734856.86;40756.87;1657803.492;38946.66;1307567.229;27445.11;19992.743;231151.237;632626.205;248139.937;1131910.122;175657.107;Demais serviços;Administração, defesa, educação e saúde públicas e seguridade social;Indústrias de transformação
2;Nordeste;29;BA;Bahia;2921054;Matina;True;2023;publica;medio;todos (1-4);96.7;0.965848;256.23;247.7;3.996334;3.9;;123261.011;11932.33;98504.667;9535.79;91645.996;7415.32;17059.669;3309.19;20785.54;47046.762;88201.162;3444.834;Administração, defesa, educação e saúde públicas e seguridade social;Demais serviços;Pecuária, inclusive apoio à pecuária
2;Nordeste;29;BA;Bahia;2921104;Medeiros Neto;True;2023;publica;medio;todos (1-4);98.9;0.989317;266.23;273.36;4.520915;4.5;;505591.94;22780.57;486192.404;21906.48;514264.277;22613.97;103629.522;142415.833;135987.213;92601.027;474633.594;39630.683;Demais serviços;Indústrias de transformação;Administração, defesa, educação e saúde públicas e seguridade social
2;Nordeste;29;BA;Bahia;2921203;Miguel Calmon;True;2023;publica;medio;todos (1-4);95.9;0.955143;263.79;272.0;4.466286;4.3;;340199.632;13795.05;308661.087;12516.16;272751.442;10583.66;32304.856;19475.135;102110.484;102664.85;256555.325;16196.117;Administração, defesa, educação e saúde públicas e seguridade social;Demais serviços;Pecuária, inclusive apoio à pecuária
2;Nordeste;29;BA;Bahia;2921302;Milagres;True;2023;publica;medio;todos (1-4);94.1;0.941638;243.67;236.29;3.649121;3.4;;181064.199;16354.82;174737.23;15783.33;144021.218;13288.54;2664.851;6721.668;68972.578;47706.528;126065.624;17955.594;Administração, defesa, educação e saúde públicas e seguridade social;Demais serviços;Comércio e reparação de veículos automotores e motocicletas
2;Nordeste;29;BA;Bahia;2921401;Mirangaba;True;2023;publica;medio;todos (1-4);96.0;0.95697;251.25;246.43;3.907378;3.7;;167190.994;10626.1;151436.448;9624.79;141313.667;7596.28;24132.687;8911.135;30644.797;71359.115;135047.734;6265.933;Administração, defesa, educação e saúde públicas e seguridade social;Demais serviços;Agricultura, inclusive apoio à agricultura e a pós colheita
2;Nordeste;29;BA;Bahia;2921450;Mirante;True;2023;publica;medio;todos (1-4);95.4;0.954828;275.4;272.17;4.631893;4.4;;102821.862;10093.44;92560.008;9086.09;78529.471;9502.6;14492.483;3448.701;20042.693;37454.958;75438.835;3090.636;Administração, defesa, educação e saúde públicas e seguridade social;Demais serviços;Pecuária, inclusive apoio à pecuária
2;Nordeste;29;BA;Bahia;2921500;Monte Santo;True;2023;publica;medio;todos (1-4);97.9;0.977592;243.29;243.65;3.753964;3.7;;590805.465;12365.12;514352.832;10765.02;459587.202;9351.66;62379.42;18919.282;142069.033;210833.939;434201.673;25385.53;Administração, defesa, educação e saúde públicas e seguridade social;Demais serviços;Agricultura, inclusive apoio à agricultura e a pós colheita
2;Nordeste;29;BA;Bahia;2921609;Morpará;True;2023;publica;medio;todos (1-4);97.3;0.972185;249.12;248.84;3.91354;3.8;;102667.043;12839.8;87064.242;10907.57;78575.99;9270.41;16404.386;3686.816;19398.271;35879.501;75368.974;3207.016;Administração, defesa, educação e saúde públicas e seguridade social;Demais serviços;Pecuária, inclusive apoio à pecuária
2;Nordeste;29;BA;Bahia;2921708;Morro do Chapéu;True;2023;publica;medio;todos (1-4);94.9;0.942777;255.04;265.52;4.246387;4.0;;1565321.407;46595.27;737034.137;21939.46;626444.238;17663.23;48076.209;261750.287;139761.472;135615.35;585203.317;41240.921;Eletricidade e gás, água, esgoto, atividades de gestão de resíduos e descontaminação;Administração, defesa, educação e saúde públicas e seguridade social;Demais serviços
2;Nordeste;29;BA;Bahia;2921807;Mortugaba;True;2023;publica;medio;todos (1-4);79.7;0.816149;295.89;299.21;5.324464;4.3;;132840.361;11921.42;114248.288;10252.92;106586.873;8835.85;12327.603;6085.255;36294.567;45614.504;100321.928;6264.945;Administração, defesa, educação e saúde públicas e seguridade social;Demais serviços;Comércio e reparação de veículos automotores e motocicletas
2;Nordeste;29;BA;Bahia;2921906;Mucugê;True;2023;publica;medio;todos (1-4);91.1;0.910257;254.09;245.15;3.928104;3.6;;599591.173;49401.93;560967.652;46219.63;774984.078;88823.39;565926.842;37644.282;99835.317;47570.705;750977.145;24006.932;Agricultura, inclusive apoio à agricultura e a pós colheita;Demais serviços;Administração, defesa, educação e saúde públicas e seguridade social
2;Nordeste;29;BA;Bahia;2922003;Mucuri;True;2023;publica;medio;todos (1-4);94.6;0.943567;256.6;255.6;4.119794;3.9;;3127407.236;82350.03;2968295.698;78164.47;2213928.59;51813.26;95110.247;1227744.69;455704.099;225710.132;2004269.168;209659.422;Indústrias de transformação;Demais serviços;Administração, defesa, educação e saúde públicas e seguridade social
2;Nordeste;29;BA;Bahia;2922052;Mulungu do Morro;True;2023;publica;medio;todos (1-4);89.6;0.893683;244.79;234.73;3.641498;3.3;;283456.447;21552.35;254974.904;19386.78;212754.385;20322.32;12366.426;107222.408;27499.469;51583.915;198672.218;14082.167;Eletricidade e gás, água, esgoto, atividades de gestão de resíduos e descontaminação;Administração, defesa, educação e saúde públicas e seguridade social;Demais serviços
2;Nordeste;29;BA;Bahia;2922102;Mundo Novo;True;2023;publica;medio;todos (1-4);95.5;0.951377;251.79;251.65;3.993106;3.8;;219477.472;12682.89;190073.569;10987.55;198985.33;7328.3;34805.447;8698.507;53099.584;94995.797;191599.335;7385.996;Administração, defesa, educação e saúde públicas e seguridade social;Demais serviços;Pecuária, inclusive apoio à pecuária
2;Nordeste;29;BA;Bahia;2922201;Muniz Ferreira;True;2023;publica;medio;todos (1-4);98.8;0.987184;242.3;244.64;3.75488;3.7;;86329.424;12006.87;77665.487;10783.88;66760.323;8944.31;7835.484;4215.24;18071.174;33450.01;63571.909;3188.414;Administração, defesa, educação e saúde públicas e seguridade social;Demais serviços;Agricultura, inclusive apoio à agricultura e a pós colheita
2;Nordeste;29;BA;Bahia;2922250;Muquém do São Francisco;True;2023;publica;medio;todos (1-4);92.9;0.928814;227.16;223.57;3.22682;3.0;;266937.053;25561.34;234871.846;22490.84;210271.605;18317.94;52696.071;40441.758;47354.842;51474.204;191966.875;18304.729;Administração, defesa, educação e saúde públicas e seguridade social;Demais serviços;Pecuária, inclusive apoio à pecuária
2;Nordeste;29;BA;Bahia;2922300;Muritiba;True;2023;publica;medio;todos (1-4);89.3;0.8962;238.13;231.91;3.505743;3.1;;375976.5;13097.03;320964.957;11180.72;276521.966;9399.12;13308.117;25852.81;106635.11;111736.237;257532.274;18989.692;Administração, defesa, educação e saúde públicas e seguridade social;Demais serviços;Comércio e reparação de veículos automotores e motocicletas
2;Nordeste;29;BA;Bahia;2922409;Mutuípe;True;2023;publica;medio;todos (1-4);97.4;0.973614;261.09;269.75;4.394682;4.3;;511682.019;25536.86;554458.768;27671.75;470758.29;21072.44;81545.217;20857.746;258310.463;86331.566;447044.993;23713.297;Demais serviços;Administração, defesa, educação e saúde públicas e seguridade social;Agricultura, inclusive apoio à agricultura e a pós colheita
2;Nordeste;29;BA;Bahia;2922508;Nazaré;True;2023;publica;medio;todos (1-4);86.8;0.869448;244.28;247.34;3.823108;3.3;;463720.766;17136.76;411315.594;15206.31;330398.755;11527.82;15436.599;21738.687;135558.309;136593.921;309327.515;21071.24;Administração, defesa, educação e saúde públicas e seguridade social;Demais serviços;Comércio e reparação de veículos automotores e motocicletas
2;Nordeste;29;BA;Bahia;2922607;Nilo Peçanha;True;2023;publica;medio;todos (1-4);96.5;0.958784;261.33;260.99;4.266915;4.1;;201028.331;16664.87;200143.941;16606.7;185841.836;13128.13;74103.811;9588.38;35300.651;61228.21;180221.052;5620.784;Administração, defesa, educação e saúde públicas e seguridade social;Agricultura, inclusive apoio à agricultura e a pós colheita;Demais serviços
2;Nordeste;29;BA;Bahia;2922656;Nordestina;True;2023;publica;medio;todos (1-4);85.2;0.873055;239.39;234.02;3.555027;3.1;;184561.855;9963.93;171364.245;9312.26;160703.648;12177.29;7248.207;41369.603;43185.648;60011.115;151814.574;8889.075;Administração, defesa, educação e saúde públicas e seguridade social;Demais serviços;Indústrias extrativas
2;Nordeste;29;BA;Bahia;2922706;Nova Canaã;True;2023;publica;medio;todos (1-4);96.6;0.967135;238.35;242.32;3.664671;3.5;;227966.485;16621.69;196101.976;14298.36;174011.367;10557.66;46847.937;5831.308;45897.166;70454.553;169030.963;4980.404;Administração, defesa, educação e saúde públicas e seguridade social;Demais serviços;Pecuária, inclusive apoio à pecuária
2;Nordeste;29;BA;Bahia;2922730;Nova Fátima;True;2023;publica;medio;todos (1-4);93.9;0.951024;263.56;265.81;4.370391;4.2;;121798.973;15287.93;102026.101;12806.09;95116.243;12147.67;13606.826;4969.588;34012.685;34807.334;87396.433;7719.81;Administração, defesa, educação e saúde públicas e seguridade social;Demais serviços;Comércio e reparação de veículos automotores e motocicletas
2;Nordeste;29;BA;Bahia;2922755;Nova Ibiá;True;2023;publica;medio;todos (1-4);89.2;0.894427;246.09;259.27;4.027122;3.6;;127888.329;19672.1;106668.975;16408.09;101835.051;15623.67;45974.559;3763.571;17403.848;32743.88;99885.859;1949.193;Agricultura, inclusive apoio à agricultura e a pós colheita;Administração, defesa, educação e saúde públicas e seguridade social;Demais serviços
2;Nordeste;29;BA;Bahia;2922805;Nova Itarana;True;2023;publica;medio;todos (1-4);97.1;0.973475;255.51;264.05;4.230982;4.1;;89839.984;11547.56;81200.875;10437.13;73231.46;8793.4;6579.213;4129.107;19648.806;38480.691;68837.816;4393.644;Administração, defesa, educação e saúde públicas e seguridade social;Demais serviços;Comércio e reparação de veículos automotores e motocicletas
2;Nordeste;29;BA;Bahia;2922854;Nova Redenção;True;2023;publica;medio;todos (1-4);93.8;0.930148;247.69;245.6;3.844953;3.6;;93115.338;12352.79;83312.172;11052.29;75482.213;8271.12;11345.141;3689.467;18652.888;38961.703;72649.199;2833.014;Administração, defesa, educação e saúde públicas e seguridade social;Demais serviços;Pecuária, inclusive apoio à pecuária
2;Nordeste;29;BA;Bahia;2922904;Nova Soure;True;2023;publica;medio;todos (1-4);92.4;0.924638;246.87;249.88;3.897508;3.6;;341841.659;14104.71;291499.719;12027.55;271385.396;10033.84;46482.339;18886.367;76947.474;114068.317;256384.497;15000.9;Administração, defesa, educação e saúde públicas e seguridade social;Demais serviços;Agricultura, inclusive apoio à agricultura e a pós colheita
2;Nordeste;29;BA;Bahia;2923001;Nova Viçosa;True;2023;publica;medio;todos (1-4);93.2;0.930726;255.98;251.96;4.056595;3.8;;699743.948;17711.0;646041.254;16351.75;575878.974;13037.79;54469.025;58822.061;234302.338;172066.287;519659.71;56219.264;Administração, defesa, educação e saúde públicas e seguridade social;Demais serviços;Comércio e reparação de veículos automotores e motocicletas
2;Nordeste;29;BA;Bahia;2923035;Novo Horizonte;True;2023;publica;medio;todos (1-4);97.4;0.973199;260.74;263.0;4.288719;4.2;;137372.055;12307.12;115005.761;10303.33;105116.854;8307.66;14793.563;8157.73;28329.35;48244.05;99524.693;5592.162;Administração, defesa, educação e saúde públicas e seguridade social;Demais serviços;Agricultura, inclusive apoio à agricultura e a pós colheita
2;Nordeste;29;BA;Bahia;2923050;Novo Triunfo;True;2023;publica;medio;todos (1-4);99.7;0.997656;264.87;265.11;4.378311;4.4;;130774.308;11780.41;114668.634;10756.91;103839.633;6723.19;15232.583;4690.898;21031.334;59954.916;100909.731;2929.902;Administração, defesa, educação e saúde públicas e seguridade social;Demais serviços;Agricultura, inclusive apoio à agricultura e a pós colheita
2;Nordeste;29;BA;Bahia;2923100;Olindina;True;2023;publica;medio;todos (1-4);93.0;0.91947;248.65;245.9;3.862927;3.6;;296049.094;13080.42;270816.672;11965.57;241904.724;8525.88;13992.84;18799.498;78296.2;113205.409;224293.947;17610.778;Administração, defesa, educação e saúde públicas e seguridade social;Demais serviços;Comércio e reparação de veículos automotores e motocicletas
2;Nordeste;29;BA;Bahia;2923209;Oliveira dos Brejinhos;True;2023;publica;medio;todos (1-4);92.8;0.923939;248.56;246.55;3.871394;3.6;;420123.901;20281.14;371571.07;17937.3;291777.973;13386.15;19800.782;80754.237;86204.86;80732.671;267492.55;24285.423;Administração, defesa, educação e saúde públicas e seguridade social;Eletricidade e gás, água, esgoto, atividades de gestão de resíduos e descontaminação;Demais serviços
2;Nordeste;29;BA;Bahia;2923308;Ouriçangas;True;2023;publica;medio;todos (1-4);95.2;0.957002;257.18;264.79;4.265515;4.1;;110003.255;14256.51;106666.142;13824.02;80572.147;9396.17;5784.031;14842.313;18183.775;38936.443;77746.562;2825.585;Administração, defesa, educação e saúde públicas e seguridade social;Demais serviços;Indústrias extrativas
2;Nordeste;29;BA;Bahia;2923357;Ourolândia;True;2023;publica;medio;todos (1-4);93.1;0.927968;247.25;246.5;3.852246;3.6;;318032.238;16527.17;281119.406;14608.92;279796.496;15927.39;10394.32;119298.649;62854.5;71360.97;263908.439;15888.057;Administração, defesa, educação e saúde públicas e seguridade social;Eletricidade e gás, água, esgoto, atividades de gestão de resíduos e descontaminação;Demais serviços
2;Nordeste;29;BA;Bahia;2923407;Palmas de Monte Alto;True;2023;publica;medio;todos (1-4);92.3;0.924938;256.37;261.16;4.199797;3.9;;291638.714;14525.29;259686.202;12933.87;237973.062;10896.2;58694.139;17181.751;58293.495;89722.27;223891.654;14081.408;Administração, defesa, educação e saúde públicas e seguridade social;Pecuária, inclusive apoio à pecuária;Demais serviços
2;Nordeste;29;BA;Bahia;2923506;Palmeiras;True;2023;publica;medio;todos (1-4);97.6;0.973639;259.07;263.56;4.273647;4.2;;153919.434;14887.27;135574.715;13112.94;107771.653;11813.18;8197.944;18106.608;38485.682;36951.745;101741.978;6029.675;Administração, defesa, educação e saúde públicas e seguridade social;Demais serviços;Indústrias de transformação
2;Nordeste;29;BA;Bahia;2923605;Paramirim;True;2023;publica;medio;todos (1-4);97.1;0.971646;272.33;270.56;4.564673;4.4;;310453.443;15254.95;284095.672;13962.53;270521.752;12422.36;17726.501;42079.119;100646.633;90583.966;251036.219;19485.534;Administração, defesa, educação e saúde públicas e seguridade social;Demais serviços;Indústrias extrativas
2;Nordeste;29;BA;Bahia;2923704;Paratinga;True;2023;publica;medio;todos (1-4);94.1;0.925887;240.83;233.08;3.56118;3.3;;327812.862;11206.51;287939.909;9843.43;260302.103;8065.38;32120.99;10739.181;80354.386;121239.847;244454.404;15847.7;Administração, defesa, educação e saúde públicas e seguridade social;Demais serviços;Comércio e reparação de veículos automotores e motocicletas
2;Nordeste;29;BA;Bahia;2923803;Paripiranga;True;2023;publica;medio;todos (1-4);96.3;0.960067;268.3;272.99;4.544449;4.4;;559998.86;21049.42;572979.576;21537.35;454228.621;15596.37;158946.212;17401.867;147468.429;105886.2;429702.707;24525.914;Agricultura, inclusive apoio à agricultura e a pós colheita;Demais serviços;Administração, defesa, educação e saúde públicas e seguridade social
2;Nordeste;29;BA;Bahia;2923902;Pau Brasil;True;2023;publica;medio;todos (1-4);89.3;0.890498;234.7;239.64;3.573288;3.2;;135358.895;14445.99;118827.796;12681.73;105693.515;11067.38;29529.832;5526.863;24233.423;42543.27;101833.387;3860.128;Administração, defesa, educação e saúde públicas e seguridade social;Demais serviços;Pecuária, inclusive apoio à pecuária
2;Nordeste;29;BA;Bahia;2924009;Paulo Afonso;True;2023;publica;medio;todos (1-4);86.5;0.862091;266.68;272.18;4.509571;3.9;;4258890.934;37732.71;4009274.093;35521.17;3964728.89;33257.52;31769.068;2335742.993;884360.435;520526.062;3772398.558;192330.332;Eletricidade e gás, água, esgoto, atividades de gestão de resíduos e descontaminação;Demais serviços;Administração, defesa, educação e saúde públicas e seguridade social
2;Nordeste;29;BA;Bahia;2924058;Pé de Serra;True;2023;publica;medio;todos (1-4);96.2;0.954941;261.0;264.1;4.308837;4.1;;166031.463;12537.3;162950.215;12304.63;131267.676;9698.39;24126.825;9116.651;32287.765;60997.894;126529.134;4738.541;Administração, defesa, educação e saúde públicas e seguridade social;Demais serviços;Pecuária, inclusive apoio à pecuária
2;Nordeste;29;BA;Bahia;2924108;Pedrão;True;2023;publica;medio;todos (1-4);96.0;0.96228;232.68;237.18;3.508091;3.4;;68923.76;11054.33;56137.59;9003.62;52230.026;7022.05;6341.317;2336.291;11414.899;30380.754;50473.262;1756.764;Administração, defesa, educação e saúde públicas e seguridade social;Demais serviços;Pecuária, inclusive apoio à pecuária
2;Nordeste;29;BA;Bahia;2924207;Pedro Alexandre;True;2023;publica;medio;todos (1-4);87.3;0.884853;263.37;261.13;4.297663;3.8;;178830.493;12815.72;169733.382;12163.78;119243.321;7141.17;31267.543;3791.255;22646.408;58242.395;115947.6;3295.72;Administração, defesa, educação e saúde públicas e seguridade social;Pecuária, inclusive apoio à pecuária;Demais serviços
2;Nordeste;29;BA;Bahia;2924306;Piatã;True;2023;publica;medio;todos (1-4);96.1;0.961272;262.23;266.33;4.359496;4.2;;220691.887;10987.35;213258.271;10617.26;242589.1;14393.56;19974.225;65679.314;75394.787;68804.86;229853.187;12735.913;Administração, defesa, educação e saúde públicas e seguridade social;Demais serviços;Indústrias extrativas
2;Nordeste;29;BA;Bahia;2924405;Pilão Arcado;False;;;;;;;;;;;;367179.251;10384.91;313744.417;8873.62;291130.78;8248.5;51152.571;8919.126;76077.674;141148.201;277297.572;13833.208;Administração, defesa, educação e saúde públicas e seguridade social;Demais serviços;Produção florestal, pesca e aquicultura
2;Nordeste;29;BA;Bahia;2924504;Pindaí;True;2023;publica;medio;todos (1-4);95.6;0.947255;262.05;260.9;4.27568;4.1;;285212.565;19361.39;247172.244;16779.05;296448.545;18178.11;22513.461;150095.268;37903.59;63490.68;274003.0;22445.545;Eletricidade e gás, água, esgoto, atividades de gestão de resíduos e descontaminação;Administração, defesa, educação e saúde públicas e seguridade social;Demais serviços
2;Nordeste;29;BA;Bahia;2924603;Pindobaçu;True;2023;publica;medio;todos (1-4);95.2;0.943927;255.95;259.13;4.163509;3.9;;215103.251;11271.98;187999.484;9851.67;156836.489;7823.05;10290.077;8468.643;46829.488;84658.211;150246.418;6590.07;Administração, defesa, educação e saúde públicas e seguridade social;Demais serviços;Comércio e reparação de veículos automotores e motocicletas
2;Nordeste;29;BA;Bahia;2924652;Pintadas;True;2023;publica;medio;todos (1-4);92.9;0.940515;265.5;267.79;4.427279;4.2;;132344.778;12817.9;121618.604;11779.04;109215.668;10549.18;21019.773;5082.323;27221.527;43957.124;97280.747;11934.921;Administração, defesa, educação e saúde públicas e seguridade social;Demais serviços;Pecuária, inclusive apoio à pecuária
2;Nordeste;29;BA;Bahia;2924678;Piraí do Norte;True;2023;publica;medio;todos (1-4);77.6;0.759135;242.56;254.24;3.902244;3.0;;157000.634;14306.6;138883.522;12655.69;116890.746;11630.92;46489.063;4545.79;20029.176;42951.741;114015.771;2874.975;Agricultura, inclusive apoio à agricultura e a pós colheita;Administração, defesa, educação e saúde públicas e seguridade social;Demais serviços
2;Nordeste;29;BA;Bahia;2924702;Piripá;True;2023;publica;medio;todos (1-4);99.7;0.996644;284.01;288.01;4.989946;5.0;;92317.178;10066.21;83834.148;9160.2;79283.314;7732.69;6369.262;4480.179;24543.343;40226.353;75619.138;3664.175;Administração, defesa, educação e saúde públicas e seguridade social;Demais serviços;Pecuária, inclusive apoio à pecuária
2;Nordeste;29;BA;Bahia;2924801;Piritiba;True;2023;publica;medio;todos (1-4);95.3;0.947428;258.62;266.72;4.314632;4.1;;218911.43;12462.22;197757.957;11258.0;187716.866;7460.33;26298.054;9025.081;59220.779;81851.038;176394.953;11321.913;Administração, defesa, educação e saúde públicas e seguridade social;Demais serviços;Pecuária, inclusive apoio à pecuária
2;Nordeste;29;BA;Bahia;2924900;Planaltino;True;2023;publica;medio;todos (1-4);98.4;0.981258;243.36;233.67;3.605546;3.5;;88316.286;11009.26;80129.285;9988.69;79136.412;8405.35;13003.932;3408.196;20022.206;39126.303;75560.637;3575.775;Administração, defesa, educação e saúde públicas e seguridade social;Demais serviços;Pecuária, inclusive apoio à pecuária
2;Nordeste;29;BA;Bahia;2925006;Planalto;True;2023;publica;medio;todos (1-4);93.3;0.955596;271.2;285.82;4.777246;4.6;;324874.126;13922.78;311911.939;13482.25;309692.462;11650.9;45780.423;21524.458;113614.334;102036.748;282955.964;26736.499;Administração, defesa, educação e saúde públicas e seguridade social;Demais serviços;Comércio e reparação de veículos automotores e motocicletas
2;Nordeste;29;BA;Bahia;2925105;Poções;True;2023;publica;medio;todos (1-4);95.5;0.955673;259.95;265.75;4.318791;4.1;;681871.458;14119.47;622824.638;12896.79;572944.012;12220.2;32742.63;33353.78;274593.046;172522.219;513211.675;59732.336;Demais serviços;Administração, defesa, educação e saúde públicas e seguridade social;Comércio e reparação de veículos automotores e motocicletas
2;Nordeste;29;BA;Bahia;2925204;Pojuca;True;2023;publica;medio;todos (1-4);81.9;0.839793;253.27;255.0;4.064042;3.4;;3036558.676;94490.87;2808750.021;87421.02;1843254.642;45623.99;9118.441;1120343.448;359975.62;187112.346;1676549.855;166704.787;Indústrias de transformação;Demais serviços;Indústrias extrativas
2;Nordeste;29;BA;Bahia;2925253;Ponto Novo;True;2023;publica;medio;todos (1-4);96.3;0.953018;250.24;253.55;3.99978;3.8;;246409.882;13736.75;176483.355;9838.52;142450.028;9671.4;13482.201;9129.26;41275.486;71661.389;135548.337;6901.692;Administração, defesa, educação e saúde públicas e seguridade social;Demais serviços;Agricultura, inclusive apoio à agricultura e a pós colheita
2;Nordeste;29;BA;Bahia;2925303;Porto Seguro;True;2023;publica;medio;todos (1-4);89.8;0.8934;252.91;254.92;4.057789;3.6;;5009893.696;29763.04;4440532.258;26438.82;3775002.986;24749.41;197895.66;277327.855;2251084.269;704962.697;3431270.481;343732.505;Demais serviços;Administração, defesa, educação e saúde públicas e seguridade social;Comércio e reparação de veículos automotores e motocicletas
2;Nordeste;29;BA;Bahia;2925402;Potiraguá;True;2023;publica;medio;todos (1-4);96.0;0.962665;246.8;255.08;3.974369;3.8;;151243.46;14720.99;130208.826;12673.63;114890.461;17347.19;35650.498;9621.373;26449.043;38742.313;110463.227;4427.234;Administração, defesa, educação e saúde públicas e seguridade social;Pecuária, inclusive apoio à pecuária;Demais serviços
2;Nordeste;29;BA;Bahia;2925501;Prado;True;2023;publica;medio;todos (1-4);83.5;0.835245;247.87;251.39;3.934158;3.3;;776982.13;22197.59;719701.44;20561.14;625402.518;22166.39;224931.537;42869.886;188898.081;139307.641;596007.145;29395.373;Demais serviços;Agricultura, inclusive apoio à agricultura e a pós colheita;Administração, defesa, educação e saúde públicas e seguridade social
2;Nordeste;29;BA;Bahia;2925600;Presidente Dutra;True;2023;publica;medio;todos (1-4);92.8;0.911145;251.64;249.86;3.964203;3.6;;167732.785;11086.11;145533.347;9618.86;132057.902;8699.47;14006.055;9422.004;43555.597;58240.007;125223.663;6834.239;Administração, defesa, educação e saúde públicas e seguridade social;Demais serviços;Agricultura, inclusive apoio à agricultura e a pós colheita
2;Nordeste;29;BA;Bahia;2925709;Presidente Jânio Quadros;True;2023;publica;medio;todos (1-4);95.8;0.958055;256.59;259.04;4.171151;4.0;;122013.542;9667.5;111215.086;8811.91;100235.127;8333.48;12697.878;4850.71;28457.011;49862.13;95867.729;4367.398;Administração, defesa, educação e saúde públicas e seguridade social;Demais serviços;Pecuária, inclusive apoio à pecuária
2;Nordeste;29;BA;Bahia;2925758;Presidente Tancredo Neves;True;2023;publica;medio;todos (1-4);84.2;0.847548;250.02;247.39;3.904474;3.3;;417933.455;15069.35;365592.507;13185.91;337994.131;11955.08;89731.555;18293.594;93973.861;115783.061;317782.07;20212.061;Administração, defesa, educação e saúde públicas e seguridade social;Agricultura, inclusive apoio à agricultura e a pós colheita;Demais serviços
2;Nordeste;29;BA;Bahia;2925808;Queimadas;True;2023;publica;medio;todos (1-4);91.2;0.911205;239.48;238.71;3.6265;3.3;;321603.264;12375.07;282522.134;10875.44;257594.736;10130.36;35508.4;14331.636;82803.818;109590.487;242234.342;15360.394;Administração, defesa, educação e saúde públicas e seguridade social;Demais serviços;Pecuária, inclusive apoio à pecuária
2;Nordeste;29;BA;Bahia;2925907;Quijingue;True;2023;publica;medio;todos (1-4);96.1;0.961067;246.42;242.34;3.778314;3.6;;277904.407;10996.53;271168.229;10729.99;227708.365;8228.84;24470.746;10066.158;65357.32;116042.531;215936.755;11771.61;Administração, defesa, educação e saúde públicas e seguridade social;Demais serviços;Comércio e reparação de veículos automotores e motocicletas
2;Nordeste;29;BA;Bahia;2925931;Quixabeira;True;2023;publica;medio;todos (1-4);97.2;0.971098;260.25;261.5;4.259382;4.1;;117642.285;12434.45;95437.806;10087.5;76980.332;8611.74;8241.907;4610.792;22742.853;38283.308;73878.861;3101.471;Administração, defesa, educação e saúde públicas e seguridade social;Demais serviços;Pecuária, inclusive apoio à pecuária
2;Nordeste;29;BA;Bahia;2925956;Rafael Jambeiro;True;2023;publica;medio;todos (1-4);91.5;0.916057;246.54;240.39;3.750807;3.4;;422266.249;21476.26;423684.375;21548.39;396592.665;17515.02;17641.085;14111.758;209824.895;91433.832;333011.57;63581.095;Comércio e reparação de veículos automotores e motocicletas;Administração, defesa, educação e saúde públicas e seguridade social;Demais serviços
2;Nordeste;29;BA;Bahia;2926004;Remanso;True;2023;publica;medio;todos (1-4);91.3;0.907485;250.94;246.28;3.900779;3.5;;573383.292;14127.61;523253.976;12892.47;486106.719;11763.3;76732.644;17294.265;178156.176;185148.363;457331.448;28775.272;Administração, defesa, educação e saúde públicas e seguridade social;Demais serviços;Comércio e reparação de veículos automotores e motocicletas
2;Nordeste;29;BA;Bahia;2926103;Retirolândia;True;2023;publica;medio;todos (1-4);95.2;0.946583;257.59;251.6;4.073818;3.9;;175547.914;12859.71;174335.656;12770.91;149703.947;10262.13;13026.6;21344.935;44656.081;59525.642;138553.259;11150.688;Administração, defesa, educação e saúde públicas e seguridade social;Demais serviços;Indústrias de transformação
2;Nordeste;29;BA;Bahia;2926202;Riachão das Neves;True;2023;publica;medio;todos (1-4);95.3;0.951387;233.2;237.09;3.514047;3.3;;1896806.255;87644.68;2108395.232;97421.46;1539858.671;68959.19;1035030.236;71804.185;261511.926;101849.433;1470195.78;69662.891;Agricultura, inclusive apoio à agricultura e a pós colheita;Demais serviços;Administração, defesa, educação e saúde públicas e seguridade social
2;Nordeste;29;BA;Bahia;2926301;Riachão do Jacuípe;True;2023;publica;medio;todos (1-4);96.7;0.963966;254.16;261.2;4.169357;4.0;;565913.377;16950.62;506570.599;15173.14;409526.624;12225.41;35306.975;40546.37;174949.674;123717.661;374520.68;35005.944;Demais serviços;Administração, defesa, educação e saúde públicas e seguridade social;Comércio e reparação de veículos automotores e motocicletas
2;Nordeste;29;BA;Bahia;2926400;Riacho de Santana;True;2023;publica;medio;todos (1-4);94.7;0.938963;259.32;257.18;4.181649;3.9;;406699.912;13242.81;355432.066;11573.44;317645.282;8883.44;50211.247;10655.868;105660.93;133922.111;300450.156;17195.126;Administração, defesa, educação e saúde públicas e seguridade social;Demais serviços;Pecuária, inclusive apoio à pecuária
2;Nordeste;29;BA;Bahia;2926509;Ribeira do Amparo;True;2023;publica;medio;todos (1-4);93.1;0.928602;250.55;255.82;4.038116;3.7;;199747.093;14202.72;172530.972;12465.21;192311.456;13144.11;82256.445;8347.211;31079.718;65235.318;186918.693;5392.763;Agricultura, inclusive apoio à agricultura e a pós colheita;Administração, defesa, educação e saúde públicas e seguridade social;Demais serviços
2;Nordeste;29;BA;Bahia;2926608;Ribeira do Pombal;True;2023;publica;medio;todos (1-4);90.7;0.907282;254.47;266.24;4.24916;3.9;;918879.756;17154.16;805348.897;14911.11;715512.208;13226.47;76924.689;51871.514;312881.475;208874.097;650551.775;64960.433;Demais serviços;Administração, defesa, educação e saúde públicas e seguridade social;Comércio e reparação de veículos automotores e motocicletas
2;Nordeste;29;BA;Bahia;2926657;Ribeirão do Largo;True;2023;publica;medio;todos (1-4);96.6;0.964672;250.15;257.17;4.052707;3.9;;134073.859;13765.28;117926.608;12107.45;110953.512;22662.07;54745.399;3153.632;17990.091;32348.643;108237.765;2715.747;Pecuária, inclusive apoio à pecuária;Administração, defesa, educação e saúde públicas e seguridade social;Demais serviços
2;Nordeste;29;BA;Bahia;2926707;Rio de Contas;True;2023;publica;medio;todos (1-4);100.0;1.0;266.95;279.27;4.619501;4.6;;198436.418;15051.31;171464.792;13005.52;155831.467;12100.6;36965.275;7869.035;50901.848;53660.842;149397.0;6434.468;Administração, defesa, educação e saúde públicas e seguridade social;Demais serviços;Agricultura, inclusive apoio à agricultura e a pós colheita
2;Nordeste;29;BA;Bahia;2926806;Rio do Antônio;True;2023;publica;medio;todos (1-4);94.4;0.946968;272.44;279.16;4.694961;4.4;;143762.314;10935.82;129869.213;9878.99;115514.947;7442.49;10611.4;6061.323;35682.999;57172.647;109528.369;5986.579;Administração, defesa, educação e saúde públicas e seguridade social;Demais serviços;Pecuária, inclusive apoio à pecuária
2;Nordeste;29;BA;Bahia;2926905;Rio do Pires;True;2023;publica;medio;todos (1-4);98.4;0.982577;261.62;271.72;4.431617;4.4;;119203.331;11355.94;105611.014;10061.07;100333.281;8596.07;8875.552;5310.104;35419.848;44547.918;94153.422;6179.859;Administração, defesa, educação e saúde públicas e seguridade social;Demais serviços;Comércio e reparação de veículos automotores e motocicletas
2;Nordeste;29;BA;Bahia;2927002;Rio Real;True;2023;publica;medio;todos (1-4);92.7;0.922118;253.36;258.28;4.114408;3.8;;1275891.66;36080.87;1106436.979;31288.87;1030914.613;25016.73;626455.453;35208.213;180571.193;163120.834;1005355.693;25558.92;Agricultura, inclusive apoio à agricultura e a pós colheita;Administração, defesa, educação e saúde públicas e seguridade social;Demais serviços
2;Nordeste;29;BA;Bahia;2927101;Rodelas;True;2023;publica;medio;todos (1-4);95.2;0.945528;262.15;268.25;4.387115;4.1;;162518.115;15766.21;151146.966;14663.07;143383.123;15017.08;32542.724;9487.673;35991.194;54944.021;132965.611;10417.511;Administração, defesa, educação e saúde públicas e seguridade social;Agricultura, inclusive apoio à agricultura e a pós colheita;Demais serviços
2;Nordeste;29;BA;Bahia;2927200;Ruy Barbosa;True;2023;publica;medio;todos (1-4);85.5;0.846225;247.27;242.96;3.799533;3.2;;537945.952;19020.79;472125.501;16693.5;392237.614;12693.77;24855.914;56814.154;160110.991;120013.587;361794.645;30442.968;Demais serviços;Administração, defesa, educação e saúde públicas e seguridade social;Indústrias de transformação
2;Nordeste;29;BA;Bahia;2927309;Salinas da Margarida;True;2023;publica;medio;todos (1-4);87.4;0.876429;236.25;242.19;3.633231;3.2;;250080.573;16686.5;212067.298;14150.08;201345.116;12547.21;71301.815;9468.032;45811.964;68069.225;194651.036;6694.08;Produção florestal, pesca e aquicultura;Administração, defesa, educação e saúde públicas e seguridade social;Demais serviços
2;Nordeste;29;BA;Bahia;2927408;Salvador;True;2023;publica;medio;todos (1-4);87.5;0.886859;248.87;255.68;4.012424;3.6;;76698777.218;31724.15;68764217.807;28438.41;62981325.915;21715.31;52696.652;7154630.575;38143695.917;8893534.727;54244557.87;8736768.045;Demais serviços;Administração, defesa, educação e saúde públicas e seguridade social;Comércio e reparação de veículos automotores e motocicletas
2;Nordeste;29;BA;Bahia;2927507;Santa Bárbara;True;2023;publica;medio;todos (1-4);87.4;0.877535;245.86;254.11;3.946646;3.5;;229692.146;10962.78;199497.566;9521.65;180434.309;8603.99;12064.137;14944.063;61775.562;81468.779;170252.541;10181.768;Administração, defesa, educação e saúde públicas e seguridade social;Demais serviços;Comércio e reparação de veículos automotores e motocicletas
2;Nordeste;29;BA;Bahia;2927606;Santa Brígida;True;2023;publica;medio;todos (1-4);95.6;0.951488;261.16;260.95;4.263929;4.1;;161580.395;10797.22;143420.051;9583.7;119246.262;8568.39;15132.897;7642.246;33694.969;56235.798;112705.91;6540.352;Administração, defesa, educação e saúde públicas e seguridade social;Demais serviços;Pecuária, inclusive apoio à pecuária
2;Nordeste;29;BA;Bahia;2927705;Santa Cruz Cabrália;True;2023;publica;medio;todos (1-4);85.6;0.856041;245.38;248.97;3.862958;3.3;;649501.528;22254.64;600433.153;20573.35;549712.599;19592.01;75660.371;57538.512;238315.347;140831.162;512345.391;37367.207;Demais serviços;Administração, defesa, educação e saúde públicas e seguridade social;Agricultura, inclusive apoio à agricultura e a pós colheita
2;Nordeste;29;BA;Bahia;2927804;Santa Cruz da Vitória;True;2023;publica;medio;todos (1-4);96.8;0.970022;257.77;265.51;4.28458;4.2;;77736.69;16606.86;77134.84;16478.28;71168.765;11403.42;16561.934;3625.734;16469.183;31778.511;68435.362;2733.404;Administração, defesa, educação e saúde públicas e seguridade social;Pecuária, inclusive apoio à pecuária;Demais serviços
2;Nordeste;29;BA;Bahia;2927903;Santa Inês;True;2023;publica;medio;todos (1-4);95.0;0.955827;271.36;278.15;4.664672;4.5;;113747.756;11043.47;91139.36;8848.48;76084.975;7189.36;3589.701;5069.614;24509.664;38467.006;71635.986;4448.989;Administração, defesa, educação e saúde públicas e seguridade social;Demais serviços;Comércio e reparação de veículos automotores e motocicletas
2;Nordeste;29;BA;Bahia;2928000;Santaluz;True;2023;publica;medio;todos (1-4);92.3;0.935172;245.28;239.03;3.712751;3.5;;678132.686;17923.9;619028.846;16361.71;521837.737;13840.38;37263.256;114213.763;173818.43;155368.398;480663.847;41173.89;Administração, defesa, educação e saúde públicas e seguridade social;Demais serviços;Construção
2;Nordeste;29;BA;Bahia;2928059;Santa Luzia;True;2023;publica;medio;todos (1-4);86.2;0.879971;245.64;256.06;3.972748;3.5;;165145.314;11884.38;143634.912;10431.76;124187.262;10089.96;30727.13;6172.541;27909.278;54786.387;119595.336;4591.926;Administração, defesa, educação e saúde públicas e seguridade social;Agricultura, inclusive apoio à agricultura e a pós colheita;Demais serviços
2;Nordeste;29;BA;Bahia;2928109;Santa Maria da Vitória;True;2023;publica;medio;todos (1-4);95.4;0.951131;257.92;253.91;4.113034;3.9;;696761.133;18048.94;648376.902;16795.59;600084.818;15112.82;66504.23;36428.634;250255.327;187885.668;541073.859;59010.959;Administração, defesa, educação e saúde públicas e seguridade social;Demais serviços;Comércio e reparação de veículos automotores e motocicletas
2;Nordeste;29;BA;Bahia;2928208;Santana;True;2023;publica;medio;todos (1-4);95.0;0.945129;249.91;250.92;3.955774;3.7;;426642.509;17234.6;400246.881;16168.32;343471.421;12819.92;91206.734;23801.621;100506.826;106061.862;321577.042;21894.379;Administração, defesa, educação e saúde públicas e seguridade social;Demais serviços;Pecuária, inclusive apoio à pecuária
2;Nordeste;29;BA;Bahia;2928307;Santanópolis;True;2023;publica;medio;todos (1-4);98.4;0.98161;238.7;239.38;3.625575;3.6;;84482.199;9692.77;73340.795;8414.5;68800.227;7655.53;6761.455;3837.58;17326.604;38011.721;65937.36;2862.867;Administração, defesa, educação e saúde públicas e seguridade social;Demais serviços;Pecuária, inclusive apoio à pecuária
2;Nordeste;29;BA;Bahia;2928406;Santa Rita de Cássia;True;2023;publica;medio;todos (1-4);91.2;0.904682;250.76;243.33;3.854089;3.5;;389399.755;14216.86;328351.702;11988.01;285735.891;9986.23;66776.952;9721.187;88459.504;106996.929;271954.572;13781.319;Administração, defesa, educação e saúde públicas e seguridade social;Demais serviços;Pecuária, inclusive apoio à pecuária
2;Nordeste;29;BA;Bahia;2928505;Santa Terezinha;True;2023;publica;medio;todos (1-4);95.7;0.959507;260.62;265.2;4.319967;4.1;;165368.92;15838.42;146455.43;14026.95;101309.393;9630.17;8261.654;12606.541;26232.933;46470.241;93571.369;7738.024;Administração, defesa, educação e saúde públicas e seguridade social;Demais serviços;Indústrias de transformação
2;Nordeste;29;BA;Bahia;2928604;Santo Amaro;True;2023;publica;medio;todos (1-4);77.5;0.809134;245.91;245.1;3.812468;3.1;;1375771.156;24562.08;1223555.44;21844.52;1137499.279;18898.48;72106.248;266626.417;382481.694;252872.414;974086.773;163412.506;Demais serviços;Administração, defesa, educação e saúde públicas e seguridade social;Indústrias de transformação
2;Nordeste;29;BA;Bahia;2928703;Santo Antônio de Jesus;True;2023;publica;medio;todos (1-4);89.0;0.85536;249.53;259.88;4.084568;3.5;;3028413.726;29386.38;2737851.983;26566.9;2449482.451;23734.38;64126.475;356073.002;1295084.672;371210.756;2086494.905;362987.546;Demais serviços;Comércio e reparação de veículos automotores e motocicletas;Administração, defesa, educação e saúde públicas e seguridade social
2;Nordeste;29;BA;Bahia;2928802;Santo Estêvão;True;2023;publica;medio;todos (1-4);90.7;0.905548;258.96;262.24;4.252341;3.9;;1295366.193;24779.37;1130712.06;21630.49;913473.457;17021.46;17037.175;173012.285;384809.454;212675.46;787534.374;125939.082;Demais serviços;Administração, defesa, educação e saúde públicas e seguridade social;Comércio e reparação de veículos automotores e motocicletas
2;Nordeste;29;BA;Bahia;2928901;São Desidério;True;2023;publica;medio;todos (1-4);90.2;0.900619;252.64;257.11;4.086781;3.7;;8525861.621;259713.1;9514922.146;289841.66;5846223.785;168168.9;4191027.751;353309.729;889736.628;191192.919;5625267.026;220956.758;Agricultura, inclusive apoio à agricultura e a pós colheita;Demais serviços;Administração, defesa, educação e saúde públicas e seguridade social
2;Nordeste;29;BA;Bahia;2928950;São Domingos;True;2023;publica;medio;todos (1-4);88.7;0.89099;256.7;264.36;4.252336;3.8;;109019.733;12938.49;97825.395;11609.94;88332.832;9722.93;12708.52;6397.845;26765.168;37258.836;83130.37;5202.462;Administração, defesa, educação e saúde públicas e seguridade social;Demais serviços;Pecuária, inclusive apoio à pecuária
2;Nordeste;29;BA;Bahia;2929008;São Félix;True;2023;publica;medio;todos (1-4);86.5;0.857158;231.93;226.5;3.337677;2.9;;198066.092;17963.55;191035.762;17325.94;172669.261;11679.47;38440.258;13570.234;51792.526;62756.989;166560.007;6109.254;Administração, defesa, educação e saúde públicas e seguridade social;Demais serviços;Agricultura, inclusive apoio à agricultura e a pós colheita
2;Nordeste;29;BA;Bahia;2929057;São Félix do Coribe;True;2023;publica;medio;todos (1-4);89.0;0.884737;265.73;270.29;4.467935;4.0;;276484.259;18196.94;250117.849;16461.62;238008.929;15312.93;72039.696;12430.965;71110.822;63128.744;218710.228;19298.701;Administração, defesa, educação e saúde públicas e seguridade social;Demais serviços;Agricultura, inclusive apoio à agricultura e a pós colheita
2;Nordeste;29;BA;Bahia;2929107;São Felipe;False;;;;;;;;;;;;282890.888;13947.19;255642.436;12603.78;211989.161;10054.98;48028.996;11016.844;64716.773;76298.109;200060.721;11928.44;Administração, defesa, educação e saúde públicas e seguridade social;Demais serviços;Agricultura, inclusive apoio à agricultura e a pós colheita
2;Nordeste;29;BA;Bahia;2929206;São Francisco do Conde;True;2023;publica;medio;todos (1-4);96.9;0.961811;229.94;224.09;3.273649;3.1;;26505736.857;684319.23;25361788.952;672155.97;13095066.58;322030.95;17002.499;7341282.517;3096529.77;367955.607;10822770.393;2272296.187;Indústrias de transformação;Demais serviços;Administração, defesa, educação e saúde públicas e seguridade social
2;Nordeste;29;BA;Bahia;2929255;São Gabriel;True;2023;publica;medio;todos (1-4);93.9;0.928631;257.06;248.67;4.022512;3.7;;193552.547;10406.05;179236.233;9636.36;152707.32;8129.22;13758.921;9871.866;41911.632;80662.598;146205.017;6502.303;Administração, defesa, educação e saúde públicas e seguridade social;Demais serviços;Agricultura, inclusive apoio à agricultura e a pós colheita
2;Nordeste;29;BA;Bahia;2929305;São Gonçalo dos Campos;True;2023;publica;medio;todos (1-4);93.8;0.96765;248.51;253.55;3.975482;3.8;;1673385.933;42350.26;1361891.765;34466.93;1156471.536;30183.26;32193.331;262052.721;471204.773;155877.501;921328.326;235143.21;Demais serviços;Comércio e reparação de veículos automotores e motocicletas;Indústrias de transformação
2;Nordeste;29;BA;Bahia;2929354;São José da Vitória;True;2023;publica;medio;todos (1-4);98.1;0.981447;245.0;252.92;3.916753;3.8;;71407.246;13435.04;65330.537;12291.73;67106.899;12065.25;8475.082;2977.495;21678.822;28622.494;61753.892;5353.007;Administração, defesa, educação e saúde públicas e seguridade social;Demais serviços;Comércio e reparação de veículos automotores e motocicletas
2;Nordeste;29;BA;Bahia;2929370;São José do Jacuípe;True;2023;publica;medio;todos (1-4);95.7;0.95654;251.93;253.41;4.02142;3.8;;154211.16;15138.03;136118.707;13362.0;126577.096;12002.38;21503.825;11109.142;39996.915;43066.989;115676.872;10900.224;Administração, defesa, educação e saúde públicas e seguridade social;Demais serviços;Comércio e reparação de veículos automotores e motocicletas
2;Nordeste;29;BA;Bahia;2929404;São Miguel das Matas;True;2023;publica;medio;todos (1-4);92.2;0.927981;273.55;270.61;4.582557;4.3;;207568.001;20085.93;168437.31;16299.33;176577.603;15049.66;36025.927;6220.013;65836.229;44490.246;152572.414;24005.188;Administração, defesa, educação e saúde públicas e seguridade social;Comércio e reparação de veículos automotores e motocicletas;Demais serviços
2;Nordeste;29;BA;Bahia;2929503;São Sebastião do Passé;True;2023;publica;medio;todos (1-4);91.0;0.928374;239.46;248.29;3.769633;3.5;;957089.48;23367.58;1057958.716;25830.33;849766.492;19072.73;25522.585;261854.884;262010.108;183968.809;733356.385;116410.107;Demais serviços;Administração, defesa, educação e saúde públicas e seguridade social;Indústrias extrativas
2;Nordeste;29;BA;Bahia;2929602;Sapeaçu;True;2023;publica;medio;todos (1-4);95.0;0.947975;247.85;256.44;4.009476;3.8;;343804.522;19139.59;269295.784;14991.69;213065.498;12230.38;25155.825;20130.163;67733.796;88095.716;201115.5;11949.998;Administração, defesa, educação e saúde públicas e seguridade social;Demais serviços;Agricultura, inclusive apoio à agricultura e a pós colheita
2;Nordeste;29;BA;Bahia;2929701;Sátiro Dias;True;2023;publica;medio;todos (1-4);92.3;0.924857;238.37;234.43;3.546839;3.3;;352993.391;22051.06;317794.193;19852.21;257706.121;14870.52;117221.291;12809.97;42477.551;76562.339;249071.15;8634.97;Agricultura, inclusive apoio à agricultura e a pós colheita;Administração, defesa, educação e saúde públicas e seguridade social;Demais serviços
2;Nordeste;29;BA;Bahia;2929750;Saubara;True;2023;publica;medio;todos (1-4);87.4;0.88173;227.08;217.08;3.128541;2.8;;179571.811;15699.58;155655.32;13608.61;146219.114;12021.63;26798.85;12020.074;44332.319;57422.39;140573.633;5645.481;Administração, defesa, educação e saúde públicas e seguridade social;Demais serviços;Produção florestal, pesca e aquicultura
2;Nordeste;29;BA;Bahia;2929800;Saúde;True;2023;publica;medio;todos (1-4);94.5;0.946287;263.74;277.99;4.555255;4.3;;120917.66;11540.15;109732.593;10472.67;102998.965;7940.71;8805.872;4457.511;33885.223;51594.996;98743.602;4255.363;Administração, defesa, educação e saúde públicas e seguridade social;Demais serviços;Pecuária, inclusive apoio à pecuária
2;Nordeste;29;BA;Bahia;2929909;Seabra;True;2023;publica;medio;todos (1-4);93.2;0.931668;265.76;268.2;4.437069;4.1;;861824.933;18670.38;730433.135;15823.94;625080.486;14087.91;26437.188;35237.782;317133.313;173682.186;552490.469;72590.018;Demais serviços;Administração, defesa, educação e saúde públicas e seguridade social;Comércio e reparação de veículos automotores e motocicletas
2;Nordeste;29;BA;Bahia;2930006;Sebastião Laranjeiras;True;2023;publica;medio;todos (1-4);91.6;0.924538;279.58;284.72;4.878475;4.5;;123933.498;13240.76;111668.902;11930.44;107168.399;9249.82;26883.844;3575.307;24638.846;46611.977;101709.974;5458.426;Administração, defesa, educação e saúde públicas e seguridade social;Pecuária, inclusive apoio à pecuária;Demais serviços
2;Nordeste;29;BA;Bahia;2930105;Senhor do Bonfim;True;2023;publica;medio;todos (1-4);92.2;0.92364;257.96;259.33;4.194734;3.9;;1260521.545;16914.53;1153019.795;15478.85;997788.034;12501.57;15680.876;95514.64;495619.836;291133.52;897948.872;99839.161;Demais serviços;Administração, defesa, educação e saúde públicas e seguridade social;Comércio e reparação de veículos automotores e motocicletas
2;Nordeste;29;BA;Bahia;2930154;Serra do Ramalho;True;2023;publica;medio;todos (1-4);93.7;0.929622;236.5;233.05;3.499916;3.3;;521085.967;15226.64;477400.47;13950.1;411278.669;13113.92;113758.07;30704.4;106658.67;139352.564;390473.705;20804.964;Administração, defesa, educação e saúde públicas e seguridade social;Demais serviços;Agricultura, inclusive apoio à agricultura e a pós colheita
2;Nordeste;29;BA;Bahia;2930204;Sento Sé;True;2023;publica;medio;todos (1-4);92.0;0.916561;240.78;236.81;3.616316;3.3;;1566194.071;41049.28;1493924.303;39151.01;1714710.739;41539.54;55053.73;1215947.407;175335.632;188333.973;1634670.742;80039.996;Eletricidade e gás, água, esgoto, atividades de gestão de resíduos e descontaminação;Indústrias de transformação;Administração, defesa, educação e saúde públicas e seguridade social
2;Nordeste;29;BA;Bahia;2930303;Serra Dourada;True;2023;publica;medio;todos (1-4);97.9;0.977726;243.26;245.59;3.782584;3.7;;261412.036;15317.71;215873.896;12649.36;199802.106;11575.35;56761.043;13729.961;52849.435;66626.699;189967.138;9834.968;Administração, defesa, educação e saúde públicas e seguridade social;Pecuária, inclusive apoio à pecuária;Demais serviços
2;Nordeste;29;BA;Bahia;2930402;Serra Preta;True;2023;publica;medio;todos (1-4);95.6;0.959193;254.03;258.29;4.123968;4.0;;175258.44;9738.74;163469.182;9083.64;138170.858;9508.7;18522.092;8539.093;42111.116;62040.942;131213.242;6957.616;Administração, defesa, educação e saúde públicas e seguridade social;Demais serviços;Pecuária, inclusive apoio à pecuária
2;Nordeste;29;BA;Bahia;2930501;Serrinha;True;2023;publica;medio;todos (1-4);92.5;0.924928;248.02;252.93;3.959318;3.7;;1420688.878;17662.57;1252947.009;15577.14;1085465.219;13287.13;24925.959;94583.774;522808.349;330108.031;972426.113;113039.105;Demais serviços;Administração, defesa, educação e saúde públicas e seguridade social;Comércio e reparação de veículos automotores e motocicletas
2;Nordeste;29;BA;Bahia;2930600;Serrolândia;True;2023;publica;medio;todos (1-4);87.3;0.874709;252.85;257.49;4.095419;3.6;;153750.111;11529.82;132635.468;9946.42;118127.036;8756.64;7777.83;9156.485;37924.322;56924.798;111783.435;6343.601;Administração, defesa, educação e saúde públicas e seguridade social;Demais serviços;Comércio e reparação de veículos automotores e motocicletas
2;Nordeste;29;BA;Bahia;2930709;Simões Filho;True;2023;publica;medio;todos (1-4);91.5;0.88991;254.83;262.17;4.193288;3.7;;8508321.271;74270.21;7423430.777;64866.88;6340237.079;46239.61;11984.8;2200927.709;2175567.098;593739.353;4982218.959;1358018.12;Indústrias de transformação;Demais serviços;Comércio e reparação de veículos automotores e motocicletas
2;Nordeste;29;BA;Bahia;2930758;Sítio do Mato;True;2023;publica;medio;todos (1-4);90.2;0.900011;229.22;219.59;3.196172;2.9;;154007.5;11486.24;132587.524;9888.69;119915.707;9151.08;39224.411;6999.98;23051.723;45128.759;114404.873;5510.834;Administração, defesa, educação e saúde públicas e seguridade social;Pecuária, inclusive apoio à pecuária;Demais serviços
2;Nordeste;29;BA;Bahia;2930766;Sítio do Quinto;True;2023;publica;medio;todos (1-4);98.1;0.982481;250.17;259.77;4.09191;4.0;;168209.084;12201.44;150091.036;10159.82;103226.938;10945.49;19247.21;4969.083;28717.783;45248.704;98182.78;5044.158;Administração, defesa, educação e saúde públicas e seguridade social;Demais serviços;Pecuária, inclusive apoio à pecuária
2;Nordeste;29;BA;Bahia;2930774;Sobradinho;True;2023;publica;medio;todos (1-4);90.2;0.899313;252.91;250.15;3.986381;3.6;;908544.285;35664.15;952518.159;37390.31;842991.87;36220.33;24871.137;572785.935;105434.753;116876.003;819967.828;23024.042;Eletricidade e gás, água, esgoto, atividades de gestão de resíduos e descontaminação;Administração, defesa, educação e saúde públicas e seguridade social;Demais serviços
2;Nordeste;29;BA;Bahia;2930808;Souto Soares;True;2023;publica;medio;todos (1-4);97.0;0.969096;244.92;247.84;3.839582;3.7;;177202.729;10390.68;157653.141;9242.18;135851.075;7936.15;6876.351;6107.486;43715.799;71251.913;127951.55;7899.526;Administração, defesa, educação e saúde públicas e seguridade social;Demais serviços;Comércio e reparação de veículos automotores e motocicletas
2;Nordeste;29;BA;Bahia;2930907;Tabocas do Brejo Velho;True;2023;publica;medio;todos (1-4);90.6;0.914855;253.63;250.18;3.996943;3.7;;341963.364;28546.9;341746.887;28528.83;268070.508;21419.94;24471.818;152197.807;31419.583;50934.078;259023.287;9047.221;Eletricidade e gás, água, esgoto, atividades de gestão de resíduos e descontaminação;Administração, defesa, educação e saúde públicas e seguridade social;Demais serviços
2;Nordeste;29;BA;Bahia;2931004;Tanhaçu;True;2023;publica;medio;todos (1-4);92.9;0.929431;259.16;250.25;4.075659;3.8;;315576.937;15023.18;278871.553;13275.8;252998.731;12412.24;59078.886;14689.69;77484.983;87978.713;239232.272;13766.459;Administração, defesa, educação e saúde públicas e seguridade social;Demais serviços;Agricultura, inclusive apoio à agricultura e a pós colheita
2;Nordeste;29;BA;Bahia;2931053;Tanque Novo;True;2023;publica;medio;todos (1-4);97.9;0.979548;290.33;277.68;4.924069;4.8;;297435.262;17335.08;216305.287;12606.67;182571.852;10421.96;13098.53;8535.048;69445.101;73702.921;164781.6;17790.252;Administração, defesa, educação e saúde públicas e seguridade social;Demais serviços;Comércio e reparação de veículos automotores e motocicletas
2;Nordeste;29;BA;Bahia;2931103;Tanquinho;True;2023;publica;medio;todos (1-4);87.7;0.877933;251.01;258.3;4.081702;3.6;;83841.325;10864.5;72090.147;9341.73;66751.666;8411.25;7992.491;3667.921;21474.358;30784.485;63919.255;2832.411;Administração, defesa, educação e saúde públicas e seguridade social;Demais serviços;Pecuária, inclusive apoio à pecuária
2;Nordeste;29;BA;Bahia;2931202;Taperoá;True;2023;publica;medio;todos (1-4);90.6;0.844495;255.09;264.48;4.23152;3.6;;254682.252;14114.51;227007.05;12580.75;221529.593;10341.7;45545.553;7464.888;63375.175;92606.47;208992.085;12537.508;Administração, defesa, educação e saúde públicas e seguridade social;Demais serviços;Agricultura, inclusive apoio à agricultura e a pós colheita
2;Nordeste;29;BA;Bahia;2931301;Tapiramutá;True;2023;publica;medio;todos (1-4);92.7;0.932487;266.93;269.66;4.475357;4.2;;174264.684;11016.86;163287.549;10322.89;148710.307;8779.17;26397.782;9188.811;34033.966;74525.447;144146.006;4564.301;Administração, defesa, educação e saúde públicas e seguridade social;Demais serviços;Pecuária, inclusive apoio à pecuária
2;Nordeste;29;BA;Bahia;2931350;Teixeira de Freitas;True;2023;publica;medio;todos (1-4);94.1;0.935721;262.02;267.48;4.373762;4.1;;3670771.175;25278.01;3328070.428;22916.97;2875559.634;17502.95;119245.98;225870.598;1523924.417;645729.61;2514770.604;360789.03;Demais serviços;Administração, defesa, educação e saúde públicas e seguridade social;Comércio e reparação de veículos automotores e motocicletas
2;Nordeste;29;BA;Bahia;2931400;Teodoro Sampaio;True;2023;publica;medio;todos (1-4);95.8;0.956659;228.26;222.9;3.232239;3.1;;123381.217;17353.2;114574.094;16114.5;177343.261;24306.92;8096.614;14893.404;105193.346;37604.2;165787.565;11555.696;Demais serviços;Administração, defesa, educação e saúde públicas e seguridade social;Comércio e reparação de veículos automotores e motocicletas
2;Nordeste;29;BA;Bahia;2931509;Teofilândia;True;2023;publica;medio;todos (1-4);92.3;0.938898;251.3;256.13;4.05329;3.8;;238097.542;11243.74;207926.804;9818.98;191244.409;8465.89;12556.279;11328.127;68160.732;85511.372;177556.51;13687.9;Administração, defesa, educação e saúde públicas e seguridade social;Demais serviços;Comércio e reparação de veículos automotores e motocicletas
2;Nordeste;29;BA;Bahia;2931608;Teolândia;True;2023;publica;medio;todos (1-4);68.2;0.701053;261.97;267.12;4.367671;3.1;;279612.06;18237.15;233156.191;15207.16;216596.892;14347.02;95788.391;9328.435;37353.14;69070.999;211540.965;5055.927;Agricultura, inclusive apoio à agricultura e a pós colheita;Administração, defesa, educação e saúde públicas e seguridade social;Demais serviços
2;Nordeste;29;BA;Bahia;2931707;Terra Nova;True;2023;publica;medio;todos (1-4);92.2;0.928024;238.03;238.88;3.60868;3.3;;164870.724;15268.64;174605.428;16170.16;170368.667;13087.16;9341.001;45439.39;36789.226;59096.056;150665.673;19702.994;Administração, defesa, educação e saúde públicas e seguridade social;Indústrias de transformação;Demais serviços
2;Nordeste;29;BA;Bahia;2931806;Tremedal;True;2023;publica;medio;todos (1-4);98.3;0.985069;261.73;263.61;4.311755;4.2;;172959.458;10626.0;150401.153;9229.33;133571.391;8350.3;21777.62;6660.83;35532.829;63423.065;127394.344;6177.048;Administração, defesa, educação e saúde públicas e seguridade social;Demais serviços;Pecuária, inclusive apoio à pecuária
2;Nordeste;29;BA;Bahia;2931905;Tucano;True;2023;publica;medio;todos (1-4);94.8;0.941397;253.55;255.55;4.076209;3.8;;823511.194;16897.39;633447.114;12996.99;544589.495;10698.57;37335.546;29445.064;219103.632;208351.499;494235.741;50353.755;Administração, defesa, educação e saúde públicas e seguridade social;Demais serviços;Comércio e reparação de veículos automotores e motocicletas
2;Nordeste;29;BA;Bahia;2932002;Uauá;True;2023;publica;medio;todos (1-4);93.8;0.942761;265.98;269.27;4.456176;4.2;;318312.473;12905.43;277058.021;11232.84;234752.044;9785.0;22661.025;11879.136;82216.57;104305.141;221061.872;13690.171;Administração, defesa, educação e saúde públicas e seguridade social;Demais serviços;Comércio e reparação de veículos automotores e motocicletas
2;Nordeste;29;BA;Bahia;2932101;Ubaíra;True;2023;publica;medio;todos (1-4);97.2;0.966697;251.93;254.14;4.032348;3.9;;305086.784;16379.62;253803.909;13626.32;228976.039;11529.51;35744.889;13151.947;92374.8;75835.986;217107.622;11868.416;Demais serviços;Administração, defesa, educação e saúde públicas e seguridade social;Agricultura, inclusive apoio à agricultura e a pós colheita
2;Nordeste;29;BA;Bahia;2932200;Ubaitaba;True;2023;publica;medio;todos (1-4);88.6;0.884745;259.94;268.49;4.359668;3.9;;316059.303;17962.0;289446.493;16436.48;244474.941;13110.68;11848.03;24043.065;101547.18;86779.799;224218.074;20256.867;Administração, defesa, educação e saúde públicas e seguridade social;Demais serviços;Comércio e reparação de veículos automotores e motocicletas
2;Nordeste;29;BA;Bahia;2932309;Ubatã;True;2023;publica;medio;todos (1-4);93.0;0.929079;247.3;259.61;4.049206;3.8;;264213.165;16416.87;233221.265;14475.9;223668.99;8139.04;24342.491;11515.68;76879.712;95046.93;207784.814;15884.177;Administração, defesa, educação e saúde públicas e seguridade social;Demais serviços;Agricultura, inclusive apoio à agricultura e a pós colheita
2;Nordeste;29;BA;Bahia;2932408;Uibaí;True;2023;publica;medio;todos (1-4);95.9;0.962461;258.95;248.4;4.045015;3.9;;177264.992;13197.22;307867.376;22920.44;175916.249;12661.31;17357.854;53513.333;39156.133;49297.038;159324.357;16591.891;Administração, defesa, educação e saúde públicas e seguridade social;Construção;Demais serviços
2;Nordeste;29;BA;Bahia;2932457;Umburanas;True;2023;publica;medio;todos (1-4);89.6;0.89371;248.02;260.08;4.066354;3.6;;238955.363;17516.15;260968.706;19129.8;263227.509;13448.5;7533.435;102569.507;60723.39;76249.011;247075.343;16152.166;Administração, defesa, educação e saúde públicas e seguridade social;Eletricidade e gás, água, esgoto, atividades de gestão de resíduos e descontaminação;Demais serviços
2;Nordeste;29;BA;Bahia;2932507;Unas;True;2023;publica;medio;todos (1-4);92.1;0.893654;247.15;259.12;4.039764;3.6;;453710.985;25024.05;380359.84;20978.43;333869.65;18437.69;91083.239;18239.021;103257.973;95829.571;308409.805;25459.845;Administração, defesa, educação e saúde públicas e seguridade social;Demais serviços;Agricultura, inclusive apoio à agricultura e a pós colheita
2;Nordeste;29;BA;Bahia;2932606;Urandi;True;2023;publica;medio;todos (1-4);92.9;0.927746;266.04;266.46;4.414953;4.1;;232370.405;15133.21;203527.036;13254.77;199656.309;11975.55;27544.193;26464.622;58059.183;66561.716;178629.714;21026.595;Administração, defesa, educação e saúde públicas e seguridade social;Demais serviços;Indústrias de transformação
2;Nordeste;29;BA;Bahia;2932705;Uruçuca;True;2023;publica;medio;todos (1-4);85.8;0.86404;239.6;236.24;3.59121;3.1;;384146.077;17933.99;317768.432;14835.13;296010.635;14573.19;62839.932;18566.64;98064.875;93928.902;273400.348;22610.287;Administração, defesa, educação e saúde públicas e seguridade social;Demais serviços;Agricultura, inclusive apoio à agricultura e a pós colheita
2;Nordeste;29;BA;Bahia;2932804;Utinga;True;2023;publica;medio;todos (1-4);88.4;0.877865;255.31;255.64;4.102275;3.6;;297919.476;18303.09;195562.713;12014.67;185676.462;9605.61;29859.173;9266.668;61336.453;73469.559;173931.853;11744.609;Administração, defesa, educação e saúde públicas e seguridade social;Demais serviços;Agricultura, inclusive apoio à agricultura e a pós colheita
2;Nordeste;29;BA;Bahia;2932903;Valença;True;2023;publica;medio;todos (1-4);85.7;0.890113;262.35;273.23;4.464475;4.0;;2194454.273;25619.69;2010351.263;23470.33;1740628.987;17784.57;186657.565;163522.505;797793.434;377906.642;1525880.146;214748.841;Demais serviços;Administração, defesa, educação e saúde públicas e seguridade social;Comércio e reparação de veículos automotores e motocicletas
2;Nordeste;29;BA;Bahia;2933000;Valente;True;2023;publica;medio;todos (1-4);93.3;0.929387;258.28;259.28;4.198479;3.9;;350571.309;14390.09;311921.523;12803.61;268417.804;9220.49;13438.072;20962.888;95191.135;111073.926;240666.022;27751.782;Administração, defesa, educação e saúde públicas e seguridade social;Demais serviços;Comércio e reparação de veículos automotores e motocicletas
2;Nordeste;29;BA;Bahia;2933059;Várzea da Roça;True;2023;publica;medio;todos (1-4);93.6;0.936974;264.3;269.68;4.438719;4.2;;152109.586;11022.43;129466.669;9383.68;111965.066;7921.12;13679.45;6277.219;31467.762;55094.801;106519.232;5445.835;Administração, defesa, educação e saúde públicas e seguridade social;Demais serviços;Pecuária, inclusive apoio à pecuária
2;Nordeste;29;BA;Bahia;2933109;Várzea do Poço;True;2023;publica;medio;todos (1-4);95.4;0.950147;251.62;252.39;4.001796;3.8;;154661.072;19091.6;132771.221;16389.49;116184.52;12564.56;7878.102;4754.792;51991.505;35159.307;99783.705;16400.815;Administração, defesa, educação e saúde públicas e seguridade social;Comércio e reparação de veículos automotores e motocicletas;Demais serviços
2;Nordeste;29;BA;Bahia;2933158;Várzea Nova;True;2023;publica;medio;todos (1-4);97.7;0.975097;258.2;262.57;4.246607;4.1;;573060.128;42839.21;247161.948;18476.64;231719.282;18454.86;23098.087;97629.198;45955.538;55351.596;222034.42;9684.862;Eletricidade e gás, água, esgoto, atividades de gestão de resíduos e descontaminação;Administração, defesa, educação e saúde públicas e seguridade social;Demais serviços
2;Nordeste;29;BA;Bahia;2933174;Varzedo;True;2023;publica;medio;todos (1-4);95.6;0.945713;253.4;250.14;3.993114;3.8;;172935.392;17445.31;149543.146;15085.56;135058.638;15463.55;38756.186;23535.618;28679.548;34647.946;125619.299;9439.339;Administração, defesa, educação e saúde públicas e seguridade social;Demais serviços;Pecuária, inclusive apoio à pecuária
2;Nordeste;29;BA;Bahia;2933208;Vera Cruz;True;2023;publica;medio;todos (1-4);84.9;0.815396;234.1;232.98;3.46516;2.8;;709330.481;16678.75;658721.583;15471.3;601815.994;13620.37;31957.413;64230.881;265673.733;181995.507;543857.534;57958.46;Demais serviços;Administração, defesa, educação e saúde públicas e seguridade social;Comércio e reparação de veículos automotores e motocicletas
2;Nordeste;29;BA;Bahia;2933257;Vereda;True;2023;publica;medio;todos (1-4);96.9;0.973999;243.97;244.64;3.778335;3.7;;116334.1;19379.33;100788.513;16789.69;92690.066;15182.65;42995.893;3076.839;13572.158;30298.688;89943.578;2746.488;Pecuária, inclusive apoio à pecuária;Administração, defesa, educação e saúde públicas e seguridade social;Demais serviços
2;Nordeste;29;BA;Bahia;2933307;Vitória da Conquista;True;2023;publica;medio;todos (1-4);91.8;0.939245;269.4;277.36;4.625318;4.3;;12666570.589;34152.84;9324322.408;25141.89;8218063.44;23914.54;188037.51;1219365.299;4319364.453;1321865.48;7048632.743;1169430.698;Demais serviços;Comércio e reparação de veículos automotores e motocicletas;Administração, defesa, educação e saúde públicas e seguridade social
2;Nordeste;29;BA;Bahia;2933406;Wagner;True;2023;publica;medio;todos (1-4);85.0;0.822828;266.17;271.35;4.489983;3.7;;115311.179;12134.19;98206.011;10334.21;89462.421;9576.37;14570.376;5584.486;25743.822;38052.934;83951.617;5510.803;Administração, defesa, educação e saúde públicas e seguridade social;Demais serviços;Agricultura, inclusive apoio à agricultura e a pós colheita
2;Nordeste;29;BA;Bahia;2933455;Wanderley;True;2023;publica;medio;todos (1-4);91.1;0.911969;257.24;270.72;4.35513;4.0;;230491.553;17773.87;194369.287;14988.38;167533.659;13817.21;57555.074;6270.11;42927.536;53763.82;160516.541;7017.118;Administração, defesa, educação e saúde públicas e seguridade social;Pecuária, inclusive apoio à pecuária;Demais serviços
2;Nordeste;29;BA;Bahia;2933505;Wenceslau Guimarães;True;2023;publica;medio;todos (1-4);91.5;0.908992;242.35;242.42;3.722348;3.4;;424519.835;17345.75;354804.755;14497.21;331450.842;15887.78;154587.039;13377.785;59413.925;96097.185;323475.934;7974.908;Agricultura, inclusive apoio à agricultura e a pós colheita;Administração, defesa, educação e saúde públicas e seguridade social;Demais serviços
2;Nordeste;29;BA;Bahia;2933604;Xique-Xique;True;2023;publica;medio;todos (1-4);87.8;0.887304;239.94;238.95;3.636554;3.2;;780079.645;17429.22;560495.211;12523.07;460816.688;9896.84;60719.374;15843.729;161556.462;193315.558;431435.123;29381.564;Administração, defesa, educação e saúde públicas e seguridade social;Demais serviços;Produção florestal, pesca e aquicultura
