region_code;region_name;state_code;state_abbr;state_name;city_code;city_name;has_educational_record;school_year;school_network;education_level;school_grades;approval_rate;performance_indicator;saeb_math_score;saeb_portuguese_score;saeb_standardized_average_score;ideb;ideb_projection;gdp_2023_current_prices_thousand_reais;gdp_per_capita_2023_current_reais;gdp_2022_current_prices_thousand_reais;gdp_per_capita_2022_current_reais;gdp_2021_current_prices_thousand_reais;gdp_per_capita_2021_current_reais;gross_value_added_agriculture_2021_current_prices_thousand_reais;gross_value_added_industry_2021_current_prices_thousand_reais;gross_value_added_services_2021_current_prices_thousand_reais;gross_value_added_public_administration_2021_current_prices_thousand_reais;gross_value_added_total_2021_current_prices_thousand_reais;taxes_less_subsidies_2021_current_prices_thousand_reais;main_economic_activity_2021;second_main_economic_activity_2021;third_main_economic_activity_2021
3;Sudeste;31;MG;Minas Gerais;3100104;Abadia dos Dourados;True;2023;publica;medio;todos (1-4);93.5;0.937587;266.13;286.53;4.716666;4.4;;190396.516;30356.59;179485.464;28616.94;176730.073;25168.05;75110.576;10609.966;43375.457;38585.978;167681.977;9048.095;Pecuária, inclusive apoio à pecuária;Administração, defesa, educação e saúde públicas e seguridade social;Demais serviços
3;Sudeste;31;MG;Minas Gerais;3100203;Abaeté;True;2023;publica;medio;todos (1-4);77.9;0.785322;286.41;289.86;5.051348;4.0;;641970.992;28311.84;569165.637;25101.02;541135.868;23261.65;127033.876;40594.899;220366.054;108966.05;496960.879;44174.989;Demais serviços;Administração, defesa, educação e saúde públicas e seguridade social;Pecuária, inclusive apoio à pecuária
3;Sudeste;31;MG;Minas Gerais;3100302;Abre Campo;True;2023;publica;medio;todos (1-4);90.0;0.906788;278.99;272.71;4.690398;4.3;;331512.387;23803.57;301984.737;21683.4;262668.33;19552.5;66751.611;14006.53;100226.086;61422.445;242406.671;20261.658;Demais serviços;Administração, defesa, educação e saúde públicas e seguridade social;Agricultura, inclusive apoio à agricultura e a pós colheita
3;Sudeste;31;MG;Minas Gerais;3100401;Acaiaca;True;2023;publica;medio;todos (1-4);89.4;0.897228;266.74;266.99;4.432719;4.0;;85065.9;21761.55;75588.102;19336.94;64892.356;16243.39;3563.593;12306.954;22200.75;23345.463;61416.761;3475.596;Administração, defesa, educação e saúde públicas e seguridade social;Demais serviços;Indústrias extrativas
3;Sudeste;31;MG;Minas Gerais;3100500;Açucena;True;2023;publica;medio;todos (1-4);88.7;0.887324;257.4;252.82;4.089413;3.6;;172093.758;19243.4;158448.9;17717.65;165795.99;17885.22;21964.548;75035.537;24500.72;41343.003;162843.808;2952.181;Eletricidade e gás, água, esgoto, atividades de gestão de resíduos e descontaminação;Administração, defesa, educação e saúde públicas e seguridade social;Demais serviços
3;Sudeste;31;MG;Minas Gerais;3100609;Água Boa;True;2023;publica;medio;todos (1-4);90.9;0.913562;266.41;267.89;4.441557;4.1;;235422.116;18700.62;223378.515;17743.94;192064.905;14420.37;56490.598;7669.372;54780.869;63873.615;182814.454;9250.451;Administração, defesa, educação e saúde públicas e seguridade social;Demais serviços;Pecuária, inclusive apoio à pecuária
3;Sudeste;31;MG;Minas Gerais;3100708;Água Comprida;True;2023;publica;medio;todos (1-4);97.8;0.975157;258.16;264.06;4.268351;4.2;;330940.253;156992.53;238190.686;112993.68;230005.138;115813.26;154963.363;9949.164;39703.55;20053.535;224669.612;5335.526;Agricultura, inclusive apoio à agricultura e a pós colheita;Demais serviços;Administração, defesa, educação e saúde públicas e seguridade social
3;Sudeste;31;MG;Minas Gerais;3100807;Aguanil;True;2023;publica;medio;todos (1-4);88.5;0.887998;275.28;288.86;4.880058;4.3;;111493.611;25589.54;110897.644;25452.75;94598.101;20758.85;33972.85;3193.004;26809.425;27140.709;91115.988;3482.113;Administração, defesa, educação e saúde públicas e seguridade social;Agricultura, inclusive apoio à agricultura e a pós colheita;Demais serviços
3;Sudeste;31;MG;Minas Gerais;3100906;Águas Formosas;True;2023;publica;medio;todos (1-4);83.5;0.842196;263.01;270.01;4.425541;3.7;;362825.731;19667.48;310640.891;16836.9;287546.392;14910.37;21207.082;24021.94;128787.557;91588.988;265605.567;21940.825;Demais serviços;Administração, defesa, educação e saúde públicas e seguridade social;Comércio e reparação de veículos automotores e motocicletas
3;Sudeste;31;MG;Minas Gerais;3101003;Águas Vermelhas;True;2023;publica;medio;todos (1-4);87.0;0.875747;267.26;261.49;4.357687;3.8;;278389.902;19832.58;290803.105;20716.9;236693.731;17332.58;52991.442;8903.823;88300.49;65954.424;216150.179;20543.552;Administração, defesa, educação e saúde públicas e seguridade social;Demais serviços;Comércio e reparação de veículos automotores e motocicletas
3;Sudeste;31;MG;Minas Gerais;3101102;Aimorés;True;2023;publica;medio;todos (1-4);88.7;0.892878;266.91;271.11;4.496783;4.0;;793375.795;31397.2;723559.561;28634.28;637982.739;25401.45;62403.461;198204.927;218161.917;122602.555;601372.86;36609.879;Eletricidade e gás, água, esgoto, atividades de gestão de resíduos e descontaminação;Demais serviços;Administração, defesa, educação e saúde públicas e seguridade social
3;Sudeste;31;MG;Minas Gerais;3101201;Aiuruoca;True;2023;publica;medio;todos (1-4);84.4;0.853985;300.5;300.71;5.411667;4.6;;154421.875;24774.89;133881.725;21479.5;128545.751;21607.96;36086.111;3032.313;51240.177;31536.171;121894.771;6650.98;Demais serviços;Administração, defesa, educação e saúde públicas e seguridade social;Pecuária, inclusive apoio à pecuária
3;Sudeste;31;MG;Minas Gerais;3101300;Alagoa;True;2023;publica;medio;todos (1-4);91.7;0.924846;322.62;297.25;5.670544;5.2;;63839.679;23222.87;51305.672;18663.39;47699.152;17952.26;12807.848;2783.566;12137.637;17906.919;45635.97;2063.182;Administração, defesa, educação e saúde públicas e seguridade social;Demais serviços;Pecuária, inclusive apoio à pecuária
3;Sudeste;31;MG;Minas Gerais;3101409;Albertina;True;2023;publica;medio;todos (1-4);94.3;0.945641;298.16;299.11;5.354849;5.1;;90906.241;30794.8;176971.584;60092.22;153934.928;51056.36;18311.194;6168.609;76542.771;20671.727;121694.301;32240.627;Comércio e reparação de veículos automotores e motocicletas;Demais serviços;Administração, defesa, educação e saúde públicas e seguridade social
3;Sudeste;31;MG;Minas Gerais;3101508;Além Paraíba;True;2023;publica;medio;todos (1-4);89.6;0.903816;261.51;252.16;4.137258;3.7;;1045758.927;34044.96;915497.548;29804.26;971558.229;27415.72;13246.91;330854.988;404540.467;163827.62;912469.986;59088.243;Demais serviços;Eletricidade e gás, água, esgoto, atividades de gestão de resíduos e descontaminação;Administração, defesa, educação e saúde públicas e seguridade social
3;Sudeste;31;MG;Minas Gerais;3101607;Alfenas;True;2023;publica;medio;todos (1-4);82.0;0.832381;267.02;275.57;4.565095;3.8;;3669898.617;46472.06;3891810.992;49282.15;3486906.669;43062.58;285843.836;507373.258;1759777.462;410535.762;2963530.318;523376.352;Demais serviços;Comércio e reparação de veículos automotores e motocicletas;Administração, defesa, educação e saúde públicas e seguridade social
3;Sudeste;31;MG;Minas Gerais;3101631;Alfredo Vasconcelos;False;;;;;;;;;;;;176964.207;25532.28;154407.974;22277.88;150571.429;21351.59;43650.687;15260.033;44699.541;35289.571;138899.831;11671.597;Agricultura, inclusive apoio à agricultura e a pós colheita;Administração, defesa, educação e saúde públicas e seguridade social;Demais serviços
3;Sudeste;31;MG;Minas Gerais;3101706;Almenara;True;2023;publica;medio;todos (1-4);91.7;0.920167;269.98;276.28;4.617296;4.2;;813916.6;20164.42;739398.014;18318.25;674814.982;15922.96;24789.138;90777.195;311895.684;198865.376;626327.393;48487.589;Demais serviços;Administração, defesa, educação e saúde públicas e seguridade social;Comércio e reparação de veículos automotores e motocicletas
3;Sudeste;31;MG;Minas Gerais;3101805;Alpercata;True;2023;publica;medio;todos (1-4);89.0;0.897224;274.29;290.6;4.892201;4.4;;112973.052;16365.79;100344.872;14536.41;94681.749;12712.37;9792.563;7803.522;32601.519;37978.255;88175.859;6505.889;Administração, defesa, educação e saúde públicas e seguridade social;Demais serviços;Pecuária, inclusive apoio à pecuária
3;Sudeste;31;MG;Minas Gerais;3101904;Alpinópolis;True;2023;publica;medio;todos (1-4);84.6;0.850273;266.35;261.9;4.351044;3.7;;618617.893;33804.26;625970.619;34206.04;524181.772;26132.0;159833.334;36181.231;196491.756;92902.535;485408.855;38772.917;Demais serviços;Agricultura, inclusive apoio à agricultura e a pós colheita;Administração, defesa, educação e saúde públicas e seguridade social
3;Sudeste;31;MG;Minas Gerais;3102001;Alterosa;True;2023;publica;medio;todos (1-4);89.0;0.893879;278.34;280.04;4.790999;4.3;;332255.68;23877.52;326887.085;23491.71;296492.03;20355.08;90182.339;15297.871;104311.631;70975.082;280766.924;15725.106;Demais serviços;Agricultura, inclusive apoio à agricultura e a pós colheita;Administração, defesa, educação e saúde públicas e seguridade social
3;Sudeste;31;MG;Minas Gerais;3102050;Alto Caparaó;True;2023;publica;medio;todos (1-4);94.4;0.941991;276.7;287.89;4.885481;4.6;;131678.025;22722.7;139707.422;24108.27;97092.315;16351.01;19090.075;3297.768;36212.581;32909.587;91510.01;5582.305;Administração, defesa, educação e saúde públicas e seguridade social;Demais serviços;Agricultura, inclusive apoio à agricultura e a pós colheita
3;Sudeste;31;MG;Minas Gerais;3102100;Alto Rio Doce;True;2023;publica;medio;todos (1-4);87.9;0.879363;277.28;278.08;4.746771;4.2;;222896.994;20466.16;184430.173;16934.18;180094.627;16795.17;67073.401;6715.097;49574.173;51056.357;174419.028;5675.598;Administração, defesa, educação e saúde públicas e seguridade social;Demais serviços;Produção florestal, pesca e aquicultura
3;Sudeste;31;MG;Minas Gerais;3102209;Alvarenga;False;;;;;;;;;;;;64939.112;16336.88;65157.768;16400.14;54645.245;14444.95;10161.099;1950.621;15292.977;25180.327;52585.024;2060.222;Administração, defesa, educação e saúde públicas e seguridade social;Demais serviços;Pecuária, inclusive apoio à pecuária
3;Sudeste;31;MG;Minas Gerais;3102308;Alvinópolis;True;2023;publica;medio;todos (1-4);89.8;0.899266;251.25;244.55;3.879235;3.5;;402513.186;26729.08;361982.498;24037.62;340110.153;22471.76;35148.881;88901.404;104021.355;65962.266;294033.907;46076.247;Demais serviços;Indústrias de transformação;Administração, defesa, educação e saúde públicas e seguridade social
3;Sudeste;31;MG;Minas Gerais;3102407;Alvorada de Minas;True;2023;publica;medio;todos (1-4);92.2;0.926406;248.88;241.38;3.798493;3.5;;95008.888;22844.17;77831.238;18713.93;64841.285;17986.49;11276.519;1737.672;15044.669;30293.279;58352.14;6489.146;Administração, defesa, educação e saúde públicas e seguridade social;Demais serviços;Pecuária, inclusive apoio à pecuária
3;Sudeste;31;MG;Minas Gerais;3102506;Amparo do Serra;False;;;;;;;;;;;;71597.296;15766.86;68128.747;15003.03;55909.591;12041.7;11817.895;1996.521;15558.458;24245.632;53618.506;2291.085;Administração, defesa, educação e saúde públicas e seguridade social;Demais serviços;Pecuária, inclusive apoio à pecuária
3;Sudeste;31;MG;Minas Gerais;3102605;Andradas;True;2023;publica;medio;todos (1-4);91.6;0.918799;282.32;289.11;4.982677;4.6;;1483245.48;36575.48;1339764.026;33041.43;1183259.133;28372.8;128329.349;254848.679;463663.128;197465.948;1044307.104;138952.028;Demais serviços;Administração, defesa, educação e saúde públicas e seguridade social;Indústrias de transformação
3;Sudeste;31;MG;Minas Gerais;3102704;Cachoeira de Pajeú;True;2023;publica;medio;todos (1-4);94.2;0.947868;261.55;262.0;4.285125;4.1;;146445.066;16075.2;142155.921;15604.38;125619.851;13265.03;7112.874;4003.348;57452.326;45896.879;114465.428;11154.423;Administração, defesa, educação e saúde públicas e seguridade social;Demais serviços;Comércio e reparação de veículos automotores e motocicletas
3;Sudeste;31;MG;Minas Gerais;3102803;Andrelândia;True;2023;publica;medio;todos (1-4);89.0;0.898216;274.08;275.0;4.655719;4.2;;340782.313;28572.34;314293.813;26351.46;292393.578;23988.32;78767.817;16641.992;112872.639;61729.088;270011.537;22382.041;Demais serviços;Administração, defesa, educação e saúde públicas e seguridade social;Agricultura, inclusive apoio à agricultura e a pós colheita
3;Sudeste;31;MG;Minas Gerais;3102852;Angelândia;True;2023;publica;medio;todos (1-4);80.2;0.801038;266.29;267.7;4.437027;3.6;;193853.189;25117.02;202643.966;26256.02;144549.106;16819.77;49166.621;11779.902;35007.24;41755.345;137709.108;6839.998;Administração, defesa, educação e saúde públicas e seguridade social;Agricultura, inclusive apoio à agricultura e a pós colheita;Demais serviços
3;Sudeste;31;MG;Minas Gerais;3102902;Antônio Carlos;True;2023;publica;medio;todos (1-4);88.1;0.881407;263.68;277.63;4.549023;4.0;;412676.149;37194.79;189737.885;17101.21;242348.277;21127.04;39127.57;50747.809;71893.218;57047.518;218816.115;23532.162;Demais serviços;Administração, defesa, educação e saúde públicas e seguridade social;Indústrias de transformação
3;Sudeste;31;MG;Minas Gerais;3103009;Antônio Dias;True;2023;publica;medio;todos (1-4);93.8;0.944517;280.41;277.78;4.78624;4.5;;535451.082;58081.25;500279.639;54266.15;894601.229;96891.72;32326.856;596936.829;179494.039;58827.166;867584.891;27016.338;Indústrias extrativas;Demais serviços;Administração, defesa, educação e saúde públicas e seguridade social
3;Sudeste;31;MG;Minas Gerais;3103108;Antônio Prado de Minas;True;2023;publica;medio;todos (1-4);98.6;0.99187;295.92;302.31;5.371293;5.3;;35792.157;23271.88;32949.311;21423.48;28555.65;18107.58;4350.345;921.072;7509.987;14979.911;27761.315;794.335;Administração, defesa, educação e saúde públicas e seguridade social;Demais serviços;Pecuária, inclusive apoio à pecuária
3;Sudeste;31;MG;Minas Gerais;3103207;Araçaí;True;2023;publica;medio;todos (1-4);89.4;0.898657;276.48;277.82;4.731642;4.3;;75709.061;34713.0;69331.142;31788.69;60662.309;25704.37;11726.002;15465.306;11390.835;17456.668;56038.811;4623.497;Administração, defesa, educação e saúde públicas e seguridade social;Indústrias de transformação;Demais serviços
3;Sudeste;31;MG;Minas Gerais;3103306;Aracitaba;True;2023;publica;medio;todos (1-4);100.0;1.0;256.18;242.98;3.924973;3.9;;40166.056;19602.76;35111.069;17135.71;31370.762;15258.15;4674.734;2210.093;8461.212;14931.463;30277.501;1093.26;Administração, defesa, educação e saúde públicas e seguridade social;Demais serviços;Pecuária, inclusive apoio à pecuária
3;Sudeste;31;MG;Minas Gerais;3103405;Araçuaí;True;2023;publica;medio;todos (1-4);92.5;0.926785;278.07;283.17;4.834064;4.5;;1081893.247;31544.84;744397.862;21704.46;519973.761;14162.43;24700.695;53306.157;242994.277;162561.35;483562.479;36411.282;Demais serviços;Administração, defesa, educação e saúde públicas e seguridade social;Comércio e reparação de veículos automotores e motocicletas
3;Sudeste;31;MG;Minas Gerais;3103504;Araguari;True;2023;publica;medio;todos (1-4);91.3;0.914443;268.85;279.54;4.650228;4.3;;6858533.812;58217.9;6767656.191;57446.49;5836329.304;49309.56;539102.186;1882310.947;2144315.694;597310.126;5163038.952;673290.352;Demais serviços;Indústrias de transformação;Eletricidade e gás, água, esgoto, atividades de gestão de resíduos e descontaminação
3;Sudeste;31;MG;Minas Gerais;3103603;Arantina;True;2023;publica;medio;todos (1-4);95.7;0.956082;255.88;273.14;4.372257;4.2;;77722.691;26663.02;79151.843;27153.29;88536.227;31859.02;45681.031;4305.877;17762.975;18779.587;86529.47;2006.757;Agricultura, inclusive apoio à agricultura e a pós colheita;Administração, defesa, educação e saúde públicas e seguridade social;Demais serviços
3;Sudeste;31;MG;Minas Gerais;3103702;Araponga;True;2023;publica;medio;todos (1-4);97.0;0.971256;272.51;275.0;4.633668;4.5;;143377.299;17815.27;164341.126;20420.12;122267.339;14440.46;47884.889;3935.06;25524.717;41222.985;118567.652;3699.688;Agricultura, inclusive apoio à agricultura e a pós colheita;Administração, defesa, educação e saúde públicas e seguridade social;Demais serviços
3;Sudeste;31;MG;Minas Gerais;3103751;Araporã;False;;;;;;;;;;;;1209045.34;142592.92;1345479.39;158683.74;1294623.562;185157.83;60753.349;916759.501;196117.228;64994.021;1238624.098;55999.464;Eletricidade e gás, água, esgoto, atividades de gestão de resíduos e descontaminação;Demais serviços;Construção
3;Sudeste;31;MG;Minas Gerais;3103801;Arapuá;True;2023;publica;medio;todos (1-4);100.0;1.0;299.81;305.58;5.47488;5.5;;249487.352;94826.06;219252.34;83334.22;172745.24;60911.58;30299.562;43587.937;53981.646;18143.659;146012.804;26732.436;Indústrias de transformação;Demais serviços;Pecuária, inclusive apoio à pecuária
3;Sudeste;31;MG;Minas Gerais;3103900;Araújos;True;2023;publica;medio;todos (1-4);96.4;0.963882;270.87;278.09;4.656892;4.5;;464947.328;50543.25;414182.292;45024.71;474403.537;49816.61;239754.716;45754.006;116649.496;47774.653;449932.871;24470.666;Agricultura, inclusive apoio à agricultura e a pós colheita;Demais serviços;Administração, defesa, educação e saúde públicas e seguridade social
3;Sudeste;31;MG;Minas Gerais;3104007;Araxá;True;2023;publica;medio;todos (1-4);78.6;0.794953;288.42;295.11;5.158171;4.1;;8847239.614;79211.75;8637092.254;77330.24;8950199.701;82564.13;190764.578;4272471.185;2704357.583;604091.433;7771684.779;1178514.922;Indústrias de transformação;Demais serviços;Comércio e reparação de veículos automotores e motocicletas
3;Sudeste;31;MG;Minas Gerais;3104106;Arceburgo;True;2023;publica;medio;todos (1-4);76.5;0.7813;247.68;240.03;3.761429;2.9;;460319.032;50160.08;402855.057;43898.34;346405.109;31520.03;29866.684;85997.272;120869.619;55719.294;292452.869;53952.241;Demais serviços;Indústrias de transformação;Administração, defesa, educação e saúde públicas e seguridade social
3;Sudeste;31;MG;Minas Gerais;3104205;Arcos;True;2023;publica;medio;todos (1-4);94.3;0.94424;279.27;281.64;4.828013;4.6;;3058033.013;73837.0;2735328.504;66043.62;2345874.338;57697.73;112414.618;1000376.093;712440.13;199692.05;2024922.89;320951.448;Indústrias de transformação;Demais serviços;Indústrias extrativas
3;Sudeste;31;MG;Minas Gerais;3104304;Areado;True;2023;publica;medio;todos (1-4);88.5;0.89178;279.88;279.86;4.809934;4.3;;380055.761;27379.57;336757.526;24260.32;309330.041;20233.52;57214.292;28287.129;129329.746;72381.903;287213.069;22116.972;Demais serviços;Administração, defesa, educação e saúde públicas e seguridade social;Agricultura, inclusive apoio à agricultura e a pós colheita
3;Sudeste;31;MG;Minas Gerais;3104403;Argirita;True;2023;publica;medio;todos (1-4);92.7;0.928092;249.55;245.47;3.869131;3.6;;51371.89;19111.57;44690.182;16625.81;40066.896;14944.76;6579.867;985.058;12092.866;18517.668;38175.46;1891.437;Administração, defesa, educação e saúde públicas e seguridade social;Demais serviços;Pecuária, inclusive apoio à pecuária
3;Sudeste;31;MG;Minas Gerais;3104452;Aricanduva;True;2023;publica;medio;todos (1-4);98.6;0.987582;283.71;290.47;5.022559;5.0;;86409.861;18311.05;80185.07;16991.96;67088.495;12646.28;22170.097;1201.179;13605.5;28506.369;65483.145;1605.351;Administração, defesa, educação e saúde públicas e seguridade social;Demais serviços;Produção florestal, pesca e aquicultura
3;Sudeste;31;MG;Minas Gerais;3104502;Arinos;True;2023;publica;medio;todos (1-4);95.7;0.959174;273.75;279.05;4.711713;4.5;;544568.075;31528.95;384516.105;22262.4;318814.801;17860.77;96701.733;11585.508;101995.957;90999.355;301282.553;17532.247;Administração, defesa, educação e saúde públicas e seguridade social;Demais serviços;Agricultura, inclusive apoio à agricultura e a pós colheita
3;Sudeste;31;MG;Minas Gerais;3104601;Astolfo Dutra;True;2023;publica;medio;todos (1-4);86.4;0.868348;264.09;258.65;4.270649;3.7;;453515.717;32077.78;352823.47;24955.68;291865.542;20327.73;24131.594;74116.297;96537.401;71204.226;265989.518;25876.024;Demais serviços;Administração, defesa, educação e saúde públicas e seguridade social;Indústrias de transformação
3;Sudeste;31;MG;Minas Gerais;3104700;Ataléia;True;2023;publica;medio;todos (1-4);86.3;0.873244;259.13;261.44;4.242753;3.7;;259695.786;18906.22;202342.795;14730.84;198960.488;15921.93;50287.058;23594.954;53861.599;59394.658;187138.27;11822.219;Administração, defesa, educação e saúde públicas e seguridade social;Demais serviços;Pecuária, inclusive apoio à pecuária
3;Sudeste;31;MG;Minas Gerais;3104809;Augusto de Lima;True;2023;publica;medio;todos (1-4);92.3;0.929701;260.72;264.84;4.315983;4.0;;113861.695;25090.72;86684.669;19101.95;89054.488;18426.34;17997.272;3205.739;33761.268;26924.298;81888.577;7165.911;Administração, defesa, educação e saúde públicas e seguridade social;Demais serviços;Pecuária, inclusive apoio à pecuária
3;Sudeste;31;MG;Minas Gerais;3104908;Baependi;True;2023;publica;medio;todos (1-4);93.9;0.941169;265.17;266.83;4.408273;4.1;;451939.764;24607.41;399929.504;21775.54;380866.399;19786.3;45768.671;35982.705;178526.824;95020.889;355299.09;25567.309;Demais serviços;Administração, defesa, educação e saúde públicas e seguridade social;Comércio e reparação de veículos automotores e motocicletas
3;Sudeste;31;MG;Minas Gerais;3105004;Baldim;True;2023;publica;medio;todos (1-4);90.8;0.910195;264.69;261.88;4.32743;3.9;;132125.412;17635.53;113009.505;15084.02;201271.578;25870.38;24132.935;92321.555;39331.635;38912.563;194698.687;6572.89;Construção;Administração, defesa, educação e saúde públicas e seguridade social;Demais serviços
3;Sudeste;31;MG;Minas Gerais;3105103;Bambuí;True;2023;publica;medio;todos (1-4);83.8;0.846416;276.09;277.05;4.714638;4.0;;861015.624;36567.38;849035.556;36058.59;779906.39;32544.92;245778.343;86400.601;273900.463;109160.853;715240.26;64666.13;Demais serviços;Agricultura, inclusive apoio à agricultura e a pós colheita;Administração, defesa, educação e saúde públicas e seguridade social
3;Sudeste;31;MG;Minas Gerais;3105202;Bandeira;True;2023;publica;medio;todos (1-4);96.1;0.963969;267.42;260.38;4.343317;4.2;;66317.142;13988.01;60502.299;12761.51;59093.101;12472.16;12900.71;2670.67;14218.142;27735.332;57524.853;1568.248;Administração, defesa, educação e saúde públicas e seguridade social;Demais serviços;Pecuária, inclusive apoio à pecuária
3;Sudeste;31;MG;Minas Gerais;3105301;Bandeira do Sul;True;2023;publica;medio;todos (1-4);87.1;0.879333;282.21;295.38;5.074994;4.5;;113862.262;19159.05;98245.017;16531.22;86571.538;14905.57;7068.165;7846.416;34848.521;30455.308;80218.41;6353.128;Administração, defesa, educação e saúde públicas e seguridade social;Demais serviços;Comércio e reparação de veículos automotores e motocicletas
3;Sudeste;31;MG;Minas Gerais;3105400;Barão de Cocais;True;2023;publica;medio;todos (1-4);88.9;0.895975;276.97;278.4;4.747207;4.3;;1547169.755;50268.69;1727167.208;56116.94;2438852.091;73388.66;19329.223;1486715.264;595487.991;180131.308;2281663.786;157188.305;Indústrias extrativas;Demais serviços;Indústrias de transformação
3;Sudeste;31;MG;Minas Gerais;3105509;Barão do Monte Alto;True;2023;publica;medio;todos (1-4);95.8;0.962495;262.37;259.77;4.263259;4.1;;73841.49;14875.4;64635.492;13020.85;63070.684;11875.48;12414.992;3565.541;17455.397;27689.343;61125.273;1945.411;Administração, defesa, educação e saúde públicas e seguridade social;Demais serviços;Pecuária, inclusive apoio à pecuária
3;Sudeste;31;MG;Minas Gerais;3105608;Barbacena;True;2023;publica;medio;todos (1-4);89.1;0.894055;307.87;298.43;5.481046;4.9;;4108617.172;32785.79;3873292.712;30907.96;3521229.065;25321.47;158243.841;588299.877;1713016.584;605835.741;3065396.042;455833.024;Demais serviços;Administração, defesa, educação e saúde públicas e seguridade social;Comércio e reparação de veículos automotores e motocicletas
3;Sudeste;31;MG;Minas Gerais;3105707;Barra Longa;True;2023;publica;medio;todos (1-4);95.6;0.954038;259.47;263.58;4.279564;4.1;;101736.25;17955.57;91642.243;16174.06;81928.238;16703.0;15598.811;4258.265;26510.016;29077.975;75445.067;6483.171;Administração, defesa, educação e saúde públicas e seguridade social;Demais serviços;Pecuária, inclusive apoio à pecuária
3;Sudeste;31;MG;Minas Gerais;3105905;Barroso;True;2023;publica;medio;todos (1-4);79.7;0.807978;278.86;281.62;4.821956;3.9;;801809.897;39930.77;759640.758;37830.72;608479.713;29001.46;5469.114;239843.8;178709.876;100830.269;524853.059;83626.654;Indústrias de transformação;Demais serviços;Administração, defesa, educação e saúde públicas e seguridade social
3;Sudeste;31;MG;Minas Gerais;3106002;Bela Vista de Minas;True;2023;publica;medio;todos (1-4);86.8;0.876473;269.35;262.19;4.39752;3.9;;407734.406;40103.71;395453.331;38895.77;568233.696;55334.86;5728.924;371455.994;124407.987;56236.43;557829.334;10404.361;Indústrias extrativas;Demais serviços;Administração, defesa, educação e saúde públicas e seguridade social
3;Sudeste;31;MG;Minas Gerais;3106101;Belmiro Braga;True;2023;publica;medio;todos (1-4);88.1;0.880356;261.16;263.09;4.295965;3.8;;79257.657;24432.08;67229.338;20724.21;61557.352;17988.71;15436.305;6261.014;16418.503;20404.126;58519.948;3037.404;Administração, defesa, educação e saúde públicas e seguridade social;Demais serviços;Pecuária, inclusive apoio à pecuária
3;Sudeste;31;MG;Minas Gerais;3106200;Belo Horizonte;True;2023;publica;medio;todos (1-4);82.1;0.866122;272.12;276.55;4.651394;4.0;;130197670.721;56227.29;115381697.805;49828.85;105920858.653;41854.36;4387.98;16146070.064;63270426.932;12743033.425;92163918.4;13756940.253;Demais serviços;Administração, defesa, educação e saúde públicas e seguridade social;Comércio e reparação de veículos automotores e motocicletas
3;Sudeste;31;MG;Minas Gerais;3106309;Belo Oriente;True;2023;publica;medio;todos (1-4);81.9;0.83612;275.57;274.54;4.66976;3.9;;2329753.724;97365.17;2547424.817;106462.09;2089749.896;76612.16;16550.353;1411066.188;338514.54;145410.954;1911542.034;178207.862;Indústrias de transformação;Demais serviços;Administração, defesa, educação e saúde públicas e seguridade social
3;Sudeste;31;MG;Minas Gerais;3106408;Belo Vale;True;2023;publica;medio;todos (1-4);74.0;0.746779;245.11;229.65;3.569945;2.7;;268616.399;31136.71;234548.437;27187.72;279867.823;36238.23;30221.271;114665.061;66037.177;59049.942;269973.45;9894.373;Indústrias extrativas;Demais serviços;Administração, defesa, educação e saúde públicas e seguridade social
3;Sudeste;31;MG;Minas Gerais;3106507;Berilo;True;2023;publica;medio;todos (1-4);96.0;0.958985;267.31;265.86;4.423808;4.2;;139373.005;14184.1;123979.261;12617.47;112833.282;9551.62;7940.344;2904.866;41005.161;55913.392;107763.763;5069.519;Administração, defesa, educação e saúde públicas e seguridade social;Demais serviços;Comércio e reparação de veículos automotores e motocicletas
3;Sudeste;31;MG;Minas Gerais;3106606;Bertópolis;True;2023;publica;medio;todos (1-4);90.9;0.910586;258.42;263.17;4.258679;3.9;;62779.568;14104.6;54639.569;12275.8;53770.091;11666.32;12086.781;1027.375;13264.041;26155.439;52533.636;1236.455;Administração, defesa, educação e saúde públicas e seguridade social;Demais serviços;Pecuária, inclusive apoio à pecuária
3;Sudeste;31;MG;Minas Gerais;3106655;Berizal;True;2023;publica;medio;todos (1-4);89.6;0.901469;257.85;265.17;4.280614;3.9;;70040.781;16672.41;69610.835;16570.06;61006.299;12730.86;15011.5;3290.145;14130.711;26362.705;58795.062;2211.237;Administração, defesa, educação e saúde públicas e seguridade social;Demais serviços;Agricultura, inclusive apoio à agricultura e a pós colheita
3;Sudeste;31;MG;Minas Gerais;3106705;Betim;True;2023;publica;medio;todos (1-4);84.4;0.851778;275.36;280.34;4.753637;4.0;;52614325.377;127752.43;47777093.753;116003.52;33125377.767;73608.02;18120.087;14547207.512;10568799.066;2305733.828;27439860.493;5685517.273;Indústrias de transformação;Demais serviços;Comércio e reparação de veículos automotores e motocicletas
3;Sudeste;31;MG;Minas Gerais;3106804;Bias Fortes;True;2023;publica;medio;todos (1-4);88.3;0.862094;282.67;273.23;4.749868;4.1;;51304.979;15264.8;44847.977;13343.64;41582.589;12669.89;9902.897;730.463;10424.208;19080.817;40138.384;1444.205;Administração, defesa, educação e saúde públicas e seguridade social;Demais serviços;Pecuária, inclusive apoio à pecuária
3;Sudeste;31;MG;Minas Gerais;3106903;Bicas;False;;;;;;;;;;;;357490.741;25575.24;324334.497;23203.21;277715.129;19005.96;7276.363;28992.22;149119.076;68588.817;253976.476;23738.652;Demais serviços;Administração, defesa, educação e saúde públicas e seguridade social;Comércio e reparação de veículos automotores e motocicletas
3;Sudeste;31;MG;Minas Gerais;3107000;Biquinhas;True;2023;publica;medio;todos (1-4);83.3;0.869076;295.1;314.56;5.543159;4.8;;75633.74;31738.88;72270.877;30327.69;64472.888;25976.18;23743.555;1888.441;17238.609;18360.58;61231.186;3241.702;Administração, defesa, educação e saúde públicas e seguridade social;Pecuária, inclusive apoio à pecuária;Demais serviços
3;Sudeste;31;MG;Minas Gerais;3107109;Boa Esperança;True;2023;publica;medio;todos (1-4);87.4;0.877932;271.37;271.82;4.570052;4.0;;1413663.549;35476.4;1317318.945;33058.6;1058479.721;26259.79;253236.648;86813.516;435466.53;191404.062;966920.757;91558.964;Demais serviços;Agricultura, inclusive apoio à agricultura e a pós colheita;Administração, defesa, educação e saúde públicas e seguridade social
3;Sudeste;31;MG;Minas Gerais;3107208;Bocaina de Minas;False;;;;;;;;;;;;105938.037;19808.91;90620.557;16944.76;80210.574;15764.66;18011.899;4744.848;25665.037;27870.945;76292.728;3917.845;Administração, defesa, educação e saúde públicas e seguridade social;Demais serviços;Pecuária, inclusive apoio à pecuária
3;Sudeste;31;MG;Minas Gerais;3107307;Bocaiúva;True;2023;publica;medio;todos (1-4);89.2;0.89648;261.94;267.07;4.366501;3.9;;1435951.111;29895.72;1462198.585;30442.18;1224913.798;24245.64;97988.592;318493.245;407070.711;238283.497;1061836.045;163077.753;Demais serviços;Indústrias de transformação;Administração, defesa, educação e saúde públicas e seguridade social
3;Sudeste;31;MG;Minas Gerais;3107406;Bom Despacho;True;2023;publica;medio;todos (1-4);87.1;0.877786;279.11;280.73;4.812143;4.2;;2193212.185;42391.56;2041159.4;39452.6;1814549.771;35277.82;205852.764;300936.851;863458.496;239097.479;1609345.59;205204.181;Demais serviços;Administração, defesa, educação e saúde públicas e seguridade social;Comércio e reparação de veículos automotores e motocicletas
3;Sudeste;31;MG;Minas Gerais;3107505;Bom Jardim de Minas;True;2023;publica;medio;todos (1-4);93.4;0.934319;269.46;271.46;4.537837;4.2;;152444.959;22474.56;136882.763;20180.27;127743.333;19823.61;25773.139;9545.903;46149.528;36216.889;117685.459;10057.875;Administração, defesa, educação e saúde públicas e seguridade social;Demais serviços;Produção florestal, pesca e aquicultura
3;Sudeste;31;MG;Minas Gerais;3107604;Bom Jesus da Penha;True;2023;publica;medio;todos (1-4);94.5;0.946344;295.23;290.2;5.180314;4.9;;203053.43;45385.21;230719.958;51569.06;196073.807;45918.92;84223.382;13587.88;56608.862;25676.668;180096.792;15977.015;Agricultura, inclusive apoio à agricultura e a pós colheita;Demais serviços;Administração, defesa, educação e saúde públicas e seguridade social
3;Sudeste;31;MG;Minas Gerais;3107703;Bom Jesus do Amparo;True;2023;publica;medio;todos (1-4);82.8;0.846881;276.84;288.75;4.900321;4.1;;178433.21;31687.66;180460.127;32047.62;160390.079;25944.69;10695.658;4894.318;90161.081;33224.132;138975.19;21414.889;Demais serviços;Comércio e reparação de veículos automotores e motocicletas;Administração, defesa, educação e saúde públicas e seguridade social
3;Sudeste;31;MG;Minas Gerais;3107802;Bom Jesus do Galho;True;2023;publica;medio;todos (1-4);97.9;0.980099;277.87;275.39;4.714788;4.6;;221367.799;15228.93;200948.842;13823.27;171083.507;11565.95;31963.253;7870.123;57638.889;65511.224;162983.489;8100.018;Administração, defesa, educação e saúde públicas e seguridade social;Demais serviços;Pecuária, inclusive apoio à pecuária
3;Sudeste;31;MG;Minas Gerais;3107901;Bom Repouso;True;2023;publica;medio;todos (1-4);91.1;0.914571;268.59;271.57;4.527265;4.1;;209756.748;16582.87;185409.6;14658.04;160231.832;15221.03;35441.479;7964.453;54471.311;52598.042;150475.285;9756.546;Administração, defesa, educação e saúde públicas e seguridade social;Demais serviços;Agricultura, inclusive apoio à agricultura e a pós colheita
3;Sudeste;31;MG;Minas Gerais;3108008;Bom Sucesso;True;2023;publica;medio;todos (1-4);96.6;0.968022;273.52;283.16;4.770009;4.6;;468362.537;27308.18;460604.6;26855.85;445214.281;25279.03;85114.337;35757.46;200577.807;79660.073;401109.677;44104.604;Demais serviços;Administração, defesa, educação e saúde públicas e seguridade social;Comércio e reparação de veículos automotores e motocicletas
3;Sudeste;31;MG;Minas Gerais;3108107;Bonfim;True;2023;publica;medio;todos (1-4);85.0;0.862694;295.55;288.33;5.156815;4.4;;142868.422;19218.24;173878.442;23389.62;135421.514;19763.79;25976.927;17746.322;47355.33;34988.076;126066.655;9354.859;Demais serviços;Administração, defesa, educação e saúde públicas e seguridade social;Agricultura, inclusive apoio à agricultura e a pós colheita
3;Sudeste;31;MG;Minas Gerais;3108206;Bonfinópolis de Minas;True;2023;publica;medio;todos (1-4);91.1;0.91675;274.91;280.89;4.75555;4.4;;473315.719;85621.51;481770.844;87151.02;458898.263;85028.4;308153.543;17675.228;83275.997;33940.444;443045.212;15853.051;Agricultura, inclusive apoio à agricultura e a pós colheita;Demais serviços;Administração, defesa, educação e saúde públicas e seguridade social
3;Sudeste;31;MG;Minas Gerais;3108255;Bonito de Minas;True;2023;publica;medio;todos (1-4);87.8;0.884174;245.08;239.94;3.723565;3.3;;127474.18;12492.57;107762.252;10560.79;101045.218;8785.01;12066.777;2495.683;24144.305;58373.951;97080.717;3964.501;Administração, defesa, educação e saúde públicas e seguridade social;Demais serviços;Comércio e reparação de veículos automotores e motocicletas
3;Sudeste;31;MG;Minas Gerais;3108305;Borda da Mata;True;2023;publica;medio;todos (1-4);91.7;0.920036;287.78;280.19;4.925829;4.5;;465206.3;26729.85;407585.417;23419.07;374715.963;18916.45;25753.741;57542.943;163090.797;92968.662;339356.142;35359.821;Demais serviços;Administração, defesa, educação e saúde públicas e seguridade social;Indústrias de transformação
3;Sudeste;31;MG;Minas Gerais;3108404;Botelhos;True;2023;publica;medio;todos (1-4);88.4;0.887821;274.93;280.04;4.743106;4.2;;346226.599;23349.51;342299.683;23084.68;325977.531;21838.11;90172.433;21049.391;116047.261;70305.13;297574.216;28403.315;Demais serviços;Agricultura, inclusive apoio à agricultura e a pós colheita;Administração, defesa, educação e saúde públicas e seguridade social
3;Sudeste;31;MG;Minas Gerais;3108503;Botumirim;True;2023;publica;medio;todos (1-4);91.7;0.920165;253.24;253.79;4.045507;3.7;;85707.159;14802.62;76590.394;13228.05;75744.453;12101.69;11420.577;12351.052;16149.358;33021.964;72942.95;2801.503;Administração, defesa, educação e saúde públicas e seguridade social;Demais serviços;Indústrias extrativas
3;Sudeste;31;MG;Minas Gerais;3108552;Brasilândia de Minas;True;2023;publica;medio;todos (1-4);86.0;0.866149;265.32;260.15;4.31038;3.7;;466968.877;31089.81;424706.83;28276.09;415060.833;24487.36;152849.974;20581.831;130324.53;80083.957;383840.291;31220.542;Agricultura, inclusive apoio à agricultura e a pós colheita;Demais serviços;Administração, defesa, educação e saúde públicas e seguridade social
3;Sudeste;31;MG;Minas Gerais;3108602;Brasília de Minas;True;2023;publica;medio;todos (1-4);92.3;0.92387;264.19;268.36;4.417413;4.1;;510727.719;15947.78;443175.632;13838.43;377410.41;11626.94;18527.121;24300.244;151043.109;160688.393;354558.868;22851.542;Administração, defesa, educação e saúde públicas e seguridade social;Demais serviços;Comércio e reparação de veículos automotores e motocicletas
3;Sudeste;31;MG;Minas Gerais;3108701;Brás Pires;True;2023;publica;medio;todos (1-4);99.2;0.989101;294.56;293.55;5.221054;5.2;;60375.527;14172.66;53895.81;12651.6;50031.931;11758.39;7155.943;1751.144;15082.132;23865.557;47854.775;2177.157;Administração, defesa, educação e saúde públicas e seguridade social;Demais serviços;Pecuária, inclusive apoio à pecuária
3;Sudeste;31;MG;Minas Gerais;3108800;Braúnas;True;2023;publica;medio;todos (1-4);89.6;0.907367;249.37;272.69;4.274087;3.9;;224250.483;50495.49;157987.494;35574.76;213072.155;44980.4;16829.622;146910.035;17303.037;29555.629;210598.323;2473.833;Eletricidade e gás, água, esgoto, atividades de gestão de resíduos e descontaminação;Administração, defesa, educação e saúde públicas e seguridade social;Demais serviços
3;Sudeste;31;MG;Minas Gerais;3108909;Brazópolis;True;2023;publica;medio;todos (1-4);92.8;0.934287;300.35;294.69;5.31944;5.0;;277925.932;19509.05;235936.583;16561.6;198123.272;13793.04;29318.693;13958.469;73671.181;63786.53;180734.873;17388.4;Administração, defesa, educação e saúde públicas e seguridade social;Demais serviços;Comércio e reparação de veículos automotores e motocicletas
3;Sudeste;31;MG;Minas Gerais;3109006;Brumadinho;True;2023;publica;medio;todos (1-4);83.0;0.836216;280.64;282.8;4.86462;4.1;;2845329.902;73116.53;2704306.756;69492.66;4624729.058;112228.91;31031.82;2875422.352;1035487.597;310555.397;4252497.167;372231.891;Indústrias extrativas;Demais serviços;Administração, defesa, educação e saúde públicas e seguridade social
3;Sudeste;31;MG;Minas Gerais;3109105;Bueno Brandão;True;2023;publica;medio;todos (1-4);94.1;0.942999;288.39;290.02;5.081552;4.8;;256721.226;23528.66;240323.525;22025.8;240684.045;21916.23;50018.336;8819.45;104549.064;51356.795;214743.644;25940.402;Demais serviços;Administração, defesa, educação e saúde públicas e seguridade social;Comércio e reparação de veículos automotores e motocicletas
3;Sudeste;31;MG;Minas Gerais;3109204;Buenópolis;True;2023;publica;medio;todos (1-4);94.6;0.948465;262.76;261.08;4.288347;4.1;;191748.182;20956.09;184692.309;20184.95;180714.345;17473.83;56678.331;6805.248;55680.606;52990.324;172154.508;8559.837;Administração, defesa, educação e saúde públicas e seguridade social;Demais serviços;Produção florestal, pesca e aquicultura
3;Sudeste;31;MG;Minas Gerais;3109253;Bugre;True;2023;publica;medio;todos (1-4);93.2;0.928268;268.67;269.53;4.49785;4.2;;56472.007;13974.76;47893.298;11851.84;47547.535;11934.62;10169.421;2487.727;11352.954;22121.936;46132.038;1415.497;Administração, defesa, educação e saúde públicas e seguridade social;Demais serviços;Pecuária, inclusive apoio à pecuária
3;Sudeste;31;MG;Minas Gerais;3109303;Buritis;True;2023;publica;medio;todos (1-4);90.4;0.907298;253.71;256.24;4.088785;3.7;;1446138.643;60180.55;1440540.483;59937.61;1163750.487;46219.09;625333.434;69489.667;283058.697;131625.362;1109507.161;54243.327;Agricultura, inclusive apoio à agricultura e a pós colheita;Demais serviços;Administração, defesa, educação e saúde públicas e seguridade social
3;Sudeste;31;MG;Minas Gerais;3109402;Buritizeiro;True;2023;publica;medio;todos (1-4);87.0;0.878362;252.0;252.68;4.011475;3.5;;852046.429;35635.57;796395.256;33308.04;735993.917;26113.89;347004.53;24823.449;178882.634;144488.123;695198.737;40795.18;Agricultura, inclusive apoio à agricultura e a pós colheita;Administração, defesa, educação e saúde públicas e seguridade social;Demais serviços
3;Sudeste;31;MG;Minas Gerais;3109451;Cabeceira Grande;True;2023;publica;medio;todos (1-4);94.0;0.94261;253.3;270.35;4.294254;4.0;;529789.018;79944.02;399518.003;60286.4;477331.539;67947.55;225232.058;130285.322;62552.876;48162.292;466232.549;11098.991;Agricultura, inclusive apoio à agricultura e a pós colheita;Eletricidade e gás, água, esgoto, atividades de gestão de resíduos e descontaminação;Demais serviços
3;Sudeste;31;MG;Minas Gerais;3109501;Cabo Verde;True;2023;publica;medio;todos (1-4);89.9;0.9076;266.19;265.54;4.403288;4.0;;320279.696;28070.09;383533.18;33613.78;290817.45;20663.45;102849.794;21573.367;85770.609;65700.465;275894.235;14923.215;Agricultura, inclusive apoio à agricultura e a pós colheita;Administração, defesa, educação e saúde públicas e seguridade social;Demais serviços
3;Sudeste;31;MG;Minas Gerais;3109600;Cachoeira da Prata;True;2023;publica;medio;todos (1-4);90.8;0.911141;285.76;285.82;4.98174;4.5;;68104.771;18441.58;59241.152;16041.47;51886.001;14493.3;2452.27;3524.442;20677.181;21531.305;48185.198;3700.803;Administração, defesa, educação e saúde públicas e seguridade social;Demais serviços;Comércio e reparação de veículos automotores e motocicletas
3;Sudeste;31;MG;Minas Gerais;3109709;Cachoeira de Minas;True;2023;publica;medio;todos (1-4);92.4;0.93533;279.4;283.05;4.850947;4.5;;609744.952;51312.38;562165.946;47304.44;536511.93;46215.17;46309.001;252817.06;117850.04;58041.822;475017.922;61494.008;Indústrias de transformação;Demais serviços;Administração, defesa, educação e saúde públicas e seguridade social
3;Sudeste;31;MG;Minas Gerais;3109808;Cachoeira Dourada;True;2023;publica;medio;todos (1-4);96.5;0.968839;267.73;286.53;4.739138;4.6;;156899.526;67775.17;158178.689;68327.73;131487.17;48340.87;67604.068;4096.368;25181.597;30774.634;127656.668;3830.502;Agricultura, inclusive apoio à agricultura e a pós colheita;Administração, defesa, educação e saúde públicas e seguridade social;Demais serviços
3;Sudeste;31;MG;Minas Gerais;3109907;Caetanópolis;True;2023;publica;medio;todos (1-4);78.6;0.795362;269.17;259.09;4.348585;3.5;;361893.796;31647.91;364668.968;31890.6;315208.237;26557.27;34268.433;89381.341;103505.93;59323.035;286478.739;28729.497;Demais serviços;Indústrias de transformação;Administração, defesa, educação e saúde públicas e seguridade social
3;Sudeste;31;MG;Minas Gerais;3110004;Caeté;True;2023;publica;medio;todos (1-4);91.1;0.910562;267.59;271.65;4.514418;4.1;;1004130.96;25895.68;981110.751;25302.01;1074947.112;23696.04;28647.39;288272.681;457283.934;212203.595;986407.6;88539.512;Demais serviços;Indústrias extrativas;Administração, defesa, educação e saúde públicas e seguridade social
3;Sudeste;31;MG;Minas Gerais;3110103;Caiana;True;2023;publica;medio;todos (1-4);78.9;0.787346;249.54;239.98;3.786804;3.0;;103763.571;19563.27;110448.482;20823.62;88660.684;15877.63;28005.176;3063.193;24721.646;28688.442;84478.457;4182.227;Administração, defesa, educação e saúde públicas e seguridade social;Agricultura, inclusive apoio à agricultura e a pós colheita;Demais serviços
3;Sudeste;31;MG;Minas Gerais;3110202;Cajuri;True;2023;publica;medio;todos (1-4);86.7;0.896908;289.99;293.17;5.15118;4.6;;128295.673;31383.48;116040.22;28385.57;97287.292;24561.3;17232.604;19175.252;27774.822;24144.484;88327.162;8960.13;Administração, defesa, educação e saúde públicas e seguridade social;Demais serviços;Indústrias de transformação
3;Sudeste;31;MG;Minas Gerais;3110301;Caldas;True;2023;publica;medio;todos (1-4);87.2;0.869452;282.76;285.37;4.932869;4.3;;372573.576;26206.2;350443.422;24649.6;337630.432;23125.37;70050.617;52566.544;121056.479;68526.1;312199.739;25430.693;Demais serviços;Administração, defesa, educação e saúde públicas e seguridade social;Agricultura, inclusive apoio à agricultura e a pós colheita
3;Sudeste;31;MG;Minas Gerais;3110400;Camacho;True;2023;publica;medio;todos (1-4);96.9;0.964286;284.52;281.26;4.896061;4.7;;89250.729;31448.46;87991.951;31004.92;70858.411;24958.93;33931.869;2596.695;14281.297;18152.91;68962.77;1895.641;Agricultura, inclusive apoio à agricultura e a pós colheita;Administração, defesa, educação e saúde públicas e seguridade social;Demais serviços
3;Sudeste;31;MG;Minas Gerais;3110509;Camanducaia;True;2023;publica;medio;todos (1-4);75.4;0.761862;264.76;268.07;4.421078;3.4;;1318309.628;50515.75;1203932.7;46132.99;987747.099;45245.16;18711.018;311300.123;380153.222;116115.071;826279.434;161467.665;Demais serviços;Indústrias de transformação;Administração, defesa, educação e saúde públicas e seguridade social
3;Sudeste;31;MG;Minas Gerais;3110608;Cambuí;True;2023;publica;medio;todos (1-4);94.2;0.942265;250.42;253.43;4.000511;3.8;;2451442.898;82998.47;2137683.143;72375.51;1864549.399;62011.09;37785.401;723524.136;597713.335;145938.704;1504961.575;359587.824;Indústrias de transformação;Demais serviços;Comércio e reparação de veículos automotores e motocicletas
3;Sudeste;31;MG;Minas Gerais;3110707;Cambuquira;True;2023;publica;medio;todos (1-4);89.8;0.901336;255.7;264.74;4.24398;3.8;;455158.505;36965.69;377194.915;30633.88;370830.035;28948.48;177702.841;12646.34;105640.007;60222.948;356212.135;14617.899;Agricultura, inclusive apoio à agricultura e a pós colheita;Demais serviços;Administração, defesa, educação e saúde públicas e seguridade social
3;Sudeste;31;MG;Minas Gerais;3110806;Campanário;True;2023;publica;medio;todos (1-4);88.1;0.88372;248.55;245.84;3.860625;3.4;;61166.633;20925.98;52824.637;18072.06;53457.815;14297.36;6982.226;1858.495;18931.903;23141.669;50914.294;2543.521;Administração, defesa, educação e saúde públicas e seguridade social;Demais serviços;Pecuária, inclusive apoio à pecuária
3;Sudeste;31;MG;Minas Gerais;3110905;Campanha;False;;;;;;;;;;;;561946.528;35264.92;503353.006;31587.89;439921.353;26100.35;89039.904;41508.836;187157.956;80427.548;398134.244;41787.109;Demais serviços;Agricultura, inclusive apoio à agricultura e a pós colheita;Administração, defesa, educação e saúde públicas e seguridade social
3;Sudeste;31;MG;Minas Gerais;3111002;Campestre;True;2023;publica;medio;todos (1-4);78.6;0.804693;285.55;292.1;5.072802;4.1;;564549.397;27278.19;548000.841;26478.59;486409.555;23105.15;144884.383;24462.072;182490.982;101379.47;453216.907;33192.648;Demais serviços;Agricultura, inclusive apoio à agricultura e a pós colheita;Administração, defesa, educação e saúde públicas e seguridade social
3;Sudeste;31;MG;Minas Gerais;3111101;Campina Verde;True;2023;publica;medio;todos (1-4);87.8;0.877405;267.23;262.59;4.373733;3.8;;677668.025;37625.23;589743.17;32743.5;536761.379;27165.41;176587.522;31233.238;196153.127;96570.669;500544.555;36216.823;Demais serviços;Pecuária, inclusive apoio à pecuária;Administração, defesa, educação e saúde públicas e seguridade social
3;Sudeste;31;MG;Minas Gerais;3111150;Campo Azul;False;;;;;;;;;;;;52497.209;14134.95;46710.972;12577.0;40651.172;10613.88;5503.989;1196.604;9901.739;22831.281;39433.613;1217.559;Administração, defesa, educação e saúde públicas e seguridade social;Demais serviços;Pecuária, inclusive apoio à pecuária
3;Sudeste;31;MG;Minas Gerais;3111200;Campo Belo;True;2023;publica;medio;todos (1-4);92.5;0.929989;283.59;287.3;4.973418;4.6;;1458095.82;27891.73;1406838.448;26911.23;1242918.006;22873.83;83676.67;172027.431;597180.737;263549.18;1116434.018;126483.988;Demais serviços;Administração, defesa, educação e saúde públicas e seguridade social;Comércio e reparação de veículos automotores e motocicletas
3;Sudeste;31;MG;Minas Gerais;3111309;Campo do Meio;True;2023;publica;medio;todos (1-4);82.8;0.834919;278.8;282.74;4.837879;4.0;;244375.088;21479.75;262698.72;23090.33;231123.873;19842.37;68689.894;9918.854;78444.917;60604.755;217658.42;13465.453;Administração, defesa, educação e saúde públicas e seguridade social;Agricultura, inclusive apoio à agricultura e a pós colheita;Demais serviços
3;Sudeste;31;MG;Minas Gerais;3111408;Campo Florido;True;2023;publica;medio;todos (1-4);75.5;0.760558;259.54;260.72;4.237733;3.2;;1054872.158;124601.01;810468.941;95732.22;710761.859;84786.1;316157.202;126995.301;159104.935;52504.659;654762.098;55999.761;Agricultura, inclusive apoio à agricultura e a pós colheita;Demais serviços;Indústrias de transformação
3;Sudeste;31;MG;Minas Gerais;3111507;Campos Altos;True;2023;publica;medio;todos (1-4);82.8;0.83601;271.96;280.78;4.712471;3.9;;524859.21;40439.11;583445.596;44953.05;434229.067;27726.78;161757.97;15884.169;146887.417;78850.73;403380.286;30848.781;Agricultura, inclusive apoio à agricultura e a pós colheita;Demais serviços;Administração, defesa, educação e saúde públicas e seguridade social
3;Sudeste;31;MG;Minas Gerais;3111606;Campos Gerais;True;2023;publica;medio;todos (1-4);87.3;0.876199;277.56;274.7;4.700104;4.1;;841149.655;32221.78;924910.369;35430.39;704524.7;24371.27;272058.254;32998.192;232207.928;130321.821;667586.194;36938.506;Agricultura, inclusive apoio à agricultura e a pós colheita;Demais serviços;Administração, defesa, educação e saúde públicas e seguridade social
3;Sudeste;31;MG;Minas Gerais;3111705;Canaã;True;2023;publica;medio;todos (1-4);85.5;0.85897;283.76;292.73;5.057093;4.3;;102038.527;21641.26;86362.762;18316.6;77436.816;17082.91;30614.632;2229.784;15746.309;26306.953;74897.679;2539.137;Administração, defesa, educação e saúde públicas e seguridade social;Demais serviços;Agricultura, inclusive apoio à agricultura e a pós colheita
3;Sudeste;31;MG;Minas Gerais;3111804;Canápolis;True;2023;publica;medio;todos (1-4);80.1;0.819878;274.36;279.74;4.73061;3.9;;937761.455;88401.34;853757.751;80482.44;677858.345;55330.86;203270.458;176479.708;160607.541;60186.179;600543.886;77314.458;Agricultura, inclusive apoio à agricultura e a pós colheita;Indústrias de transformação;Demais serviços
3;Sudeste;31;MG;Minas Gerais;3111903;Cana Verde;True;2023;publica;medio;todos (1-4);94.6;0.95104;284.7;287.66;4.994397;4.7;;95423.162;18099.99;87296.33;16558.48;80057.324;14334.35;16528.229;4023.717;25763.171;29549.188;75864.304;4193.02;Administração, defesa, educação e saúde públicas e seguridade social;Demais serviços;Agricultura, inclusive apoio à agricultura e a pós colheita
3;Sudeste;31;MG;Minas Gerais;3112000;Candeias;True;2023;publica;medio;todos (1-4);90.4;0.905804;270.05;277.29;4.633399;4.2;;442692.446;31618.63;440351.227;31451.41;371166.103;24927.21;111262.081;38950.969;123596.246;71962.375;345771.672;25394.431;Demais serviços;Agricultura, inclusive apoio à agricultura e a pós colheita;Administração, defesa, educação e saúde públicas e seguridade social
3;Sudeste;31;MG;Minas Gerais;3112059;Cantagalo;False;;;;;;;;;;;;63289.423;15925.87;60320.118;15178.69;56752.368;12404.89;10127.733;5994.49;13391.478;25368.687;54882.388;1869.98;Administração, defesa, educação e saúde públicas e seguridade social;Demais serviços;Pecuária, inclusive apoio à pecuária
3;Sudeste;31;MG;Minas Gerais;3112109;Caparaó;False;;;;;;;;;;;;129595.914;25672.72;157695.984;31239.3;97643.19;17870.28;31825.889;3496.798;30137.345;26722.382;92182.414;5460.776;Agricultura, inclusive apoio à agricultura e a pós colheita;Administração, defesa, educação e saúde públicas e seguridade social;Demais serviços
3;Sudeste;31;MG;Minas Gerais;3112208;Capela Nova;True;2023;publica;medio;todos (1-4);87.2;0.87205;281.52;264.48;4.602728;4.0;;70184.031;16089.87;69779.46;15997.13;62458.118;13530.79;9941.526;2034.823;21289.41;26072.509;59338.269;3119.85;Administração, defesa, educação e saúde públicas e seguridade social;Demais serviços;Agricultura, inclusive apoio à agricultura e a pós colheita
3;Sudeste;31;MG;Minas Gerais;3112307;Capelinha;True;2023;publica;medio;todos (1-4);84.6;0.852073;274.8;277.67;4.705801;4.0;;1111827.021;28058.02;1025592.041;25883.1;887590.26;23161.98;178060.367;92507.999;362086.373;177523.951;810178.69;77411.571;Demais serviços;Administração, defesa, educação e saúde públicas e seguridade social;Comércio e reparação de veículos automotores e motocicletas
3;Sudeste;31;MG;Minas Gerais;3112406;Capetinga;True;2023;publica;medio;todos (1-4);89.2;0.894917;280.47;286.83;4.922562;4.4;;233337.821;35558.95;228950.08;34890.29;207247.831;30211.05;90840.931;15335.143;53391.154;36350.212;195917.439;11330.391;Agricultura, inclusive apoio à agricultura e a pós colheita;Demais serviços;Administração, defesa, educação e saúde públicas e seguridade social
3;Sudeste;31;MG;Minas Gerais;3112505;Capim Branco;True;2023;publica;medio;todos (1-4);88.4;0.889154;246.57;237.63;3.709911;3.3;;179521.31;16835.91;139813.094;13111.98;123368.567;12466.51;3774.489;19507.669;48783.835;43607.816;115673.81;7694.757;Administração, defesa, educação e saúde públicas e seguridade social;Demais serviços;Indústrias extrativas
3;Sudeste;31;MG;Minas Gerais;3112604;Capinópolis;True;2023;publica;medio;todos (1-4);65.4;0.687446;264.44;270.11;4.447122;3.1;;861973.729;58817.72;821467.012;56053.7;666436.501;40900.73;279994.257;51279.868;206932.359;81236.396;619442.881;46993.62;Agricultura, inclusive apoio à agricultura e a pós colheita;Demais serviços;Administração, defesa, educação e saúde públicas e seguridade social
3;Sudeste;31;MG;Minas Gerais;3112653;Capitão Andrade;True;2023;publica;medio;todos (1-4);84.3;0.861907;285.79;292.54;5.08276;4.4;;71144.447;15516.78;63863.259;13928.74;60791.774;10935.74;8380.581;3338.592;16602.485;30412.844;58734.502;2057.273;Administração, defesa, educação e saúde públicas e seguridade social;Demais serviços;Pecuária, inclusive apoio à pecuária
3;Sudeste;31;MG;Minas Gerais;3112703;Capitão Enéas;True;2023;publica;medio;todos (1-4);83.8;0.842509;245.04;247.32;3.833482;3.2;;580397.935;41139.63;624275.416;44249.75;501415.48;32584.84;34685.264;239445.026;108565.212;74979.688;457675.19;43740.29;Indústrias de transformação;Demais serviços;Administração, defesa, educação e saúde públicas e seguridade social
3;Sudeste;31;MG;Minas Gerais;3112802;Capitólio;True;2023;publica;medio;todos (1-4);77.3;0.789144;276.61;282.03;4.796492;3.8;;443828.847;42758.08;406754.834;39186.4;328593.834;37799.82;48235.768;25816.248;166821.008;53770.136;294643.16;33950.674;Demais serviços;Administração, defesa, educação e saúde públicas e seguridade social;Comércio e reparação de veículos automotores e motocicletas
3;Sudeste;31;MG;Minas Gerais;3112901;Caputira;True;2023;publica;medio;todos (1-4);83.6;0.846736;268.16;275.48;4.579758;3.9;;196871.684;22031.3;184180.913;20611.11;143709.109;15422.74;50931.428;5062.201;35861.499;45107.414;136962.542;6746.567;Agricultura, inclusive apoio à agricultura e a pós colheita;Administração, defesa, educação e saúde públicas e seguridade social;Demais serviços
3;Sudeste;31;MG;Minas Gerais;3113008;Caraí;True;2023;publica;medio;todos (1-4);84.4;0.848842;261.47;261.85;4.281756;3.6;;273822.674;14007.71;224636.593;11491.54;210367.062;8812.29;22223.454;22098.152;51314.401;103732.462;199368.469;10998.593;Administração, defesa, educação e saúde públicas e seguridade social;Demais serviços;Indústrias de transformação
3;Sudeste;31;MG;Minas Gerais;3113107;Caranaíba;True;2023;publica;medio;todos (1-4);91.5;0.90444;274.24;286.17;4.825182;4.4;;49306.416;16810.92;45883.589;15643.91;41464.6;13163.36;9041.347;1261.878;9489.772;20710.765;40503.762;960.838;Administração, defesa, educação e saúde públicas e seguridade social;Demais serviços;Pecuária, inclusive apoio à pecuária
3;Sudeste;31;MG;Minas Gerais;3113206;Carandaí;True;2023;publica;medio;todos (1-4);95.7;0.964517;268.4;270.41;4.507231;4.3;;883368.72;37097.63;885252.397;37176.73;751464.877;29091.59;134522.672;173881.191;231825.599;127095.458;667324.921;84139.957;Demais serviços;Indústrias de transformação;Administração, defesa, educação e saúde públicas e seguridade social
3;Sudeste;31;MG;Minas Gerais;3113305;Carangola;True;2023;publica;medio;todos (1-4);79.7;0.810793;262.2;273.45;4.465661;3.6;;780302.918;24977.69;700417.017;22420.52;639119.4;19354.35;42749.474;64493.459;336033.016;155698.845;598974.793;40144.607;Demais serviços;Administração, defesa, educação e saúde públicas e seguridade social;Comércio e reparação de veículos automotores e motocicletas
3;Sudeste;31;MG;Minas Gerais;3113404;Caratinga;True;2023;publica;medio;todos (1-4);92.7;0.931062;271.03;282.76;4.729049;4.4;;2871549.04;32870.3;2647811.935;30309.2;2283105.29;24516.83;104000.531;296532.34;1186097.187;421633.425;2008263.483;274841.807;Demais serviços;Administração, defesa, educação e saúde públicas e seguridade social;Comércio e reparação de veículos automotores e motocicletas
3;Sudeste;31;MG;Minas Gerais;3113503;Carbonita;True;2023;publica;medio;todos (1-4);87.7;0.887734;280.86;281.44;4.847351;4.3;;199921.931;23487.07;178673.077;20990.73;220651.953;23416.32;102942.077;9269.749;54080.059;44846.58;211138.465;9513.488;Produção florestal, pesca e aquicultura;Administração, defesa, educação e saúde públicas e seguridade social;Demais serviços
3;Sudeste;31;MG;Minas Gerais;3113602;Careaçu;True;2023;publica;medio;todos (1-4);93.2;0.928235;259.45;253.02;4.121199;3.8;;199576.245;29280.55;252765.616;37084.16;174237.688;25525.59;29068.986;9929.709;81613.19;34981.769;155593.655;18644.033;Demais serviços;Comércio e reparação de veículos automotores e motocicletas;Administração, defesa, educação e saúde públicas e seguridade social
3;Sudeste;31;MG;Minas Gerais;3113701;Carlos Chagas;True;2023;publica;medio;todos (1-4);89.7;0.905418;261.51;258.16;4.227078;3.8;;629831.916;33834.64;503873.002;27068.12;474668.638;25635.59;96101.691;79357.204;156400.431;99217.14;431076.466;43592.172;Demais serviços;Administração, defesa, educação e saúde públicas e seguridade social;Pecuária, inclusive apoio à pecuária
3;Sudeste;31;MG;Minas Gerais;3113800;Carmésia;True;2023;publica;medio;todos (1-4);95.3;0.947135;276.15;274.3;4.674313;4.4;;45529.016;17477.55;38251.709;14683.96;39784.623;14956.63;7740.779;741.394;11234.337;18622.545;38339.055;1445.568;Administração, defesa, educação e saúde públicas e seguridade social;Demais serviços;Produção florestal, pesca e aquicultura
3;Sudeste;31;MG;Minas Gerais;3113909;Carmo da Cachoeira;True;2023;publica;medio;todos (1-4);75.8;0.77708;268.18;279.35;4.637973;3.6;;367737.882;31847.05;363858.929;31511.12;321614.48;26376.98;131351.205;16448.983;93962.139;63987.859;305750.186;15864.294;Agricultura, inclusive apoio à agricultura e a pós colheita;Demais serviços;Administração, defesa, educação e saúde públicas e seguridade social
3;Sudeste;31;MG;Minas Gerais;3114006;Carmo da Mata;True;2023;publica;medio;todos (1-4);92.3;0.924605;268.05;272.6;4.5351;4.2;;315081.702;28594.4;286356.67;25987.54;265586.209;23002.44;28206.188;70658.254;80345.598;58352.81;237562.85;28023.359;Demais serviços;Indústrias de transformação;Administração, defesa, educação e saúde públicas e seguridade social
3;Sudeste;31;MG;Minas Gerais;3114105;Carmo de Minas;True;2023;publica;medio;todos (1-4);92.2;0.925805;297.39;295.26;5.2864;4.9;;330268.118;23937.68;325942.412;23624.15;290552.709;19330.23;65775.67;9721.433;113443.415;74986.251;263926.77;26625.939;Administração, defesa, educação e saúde públicas e seguridade social;Demais serviços;Agricultura, inclusive apoio à agricultura e a pós colheita
3;Sudeste;31;MG;Minas Gerais;3114204;Carmo do Cajuru;True;2023;publica;medio;todos (1-4);89.7;0.90198;279.22;279.01;4.78794;4.3;;779792.824;33212.35;677622.069;28860.77;627198.732;27388.59;84364.293;133000.421;213543.969;120319.445;551228.129;75970.603;Demais serviços;Administração, defesa, educação e saúde públicas e seguridade social;Indústrias de transformação
3;Sudeste;31;MG;Minas Gerais;3114303;Carmo do Paranaíba;True;2023;publica;medio;todos (1-4);92.0;0.924598;281.5;282.64;4.874304;4.5;;1195268.635;41200.53;1178412.467;40619.51;1060015.283;34939.03;268998.802;115656.542;412065.703;160570.439;957291.485;102723.798;Demais serviços;Administração, defesa, educação e saúde públicas e seguridade social;Agricultura, inclusive apoio à agricultura e a pós colheita
3;Sudeste;31;MG;Minas Gerais;3114402;Carmo do Rio Claro;False;;;;;;;;;;;;843686.622;40263.75;919850.955;43898.59;694496.823;32590.18;239318.224;96409.622;213444.583;102746.939;651919.367;42577.456;Agricultura, inclusive apoio à agricultura e a pós colheita;Demais serviços;Administração, defesa, educação e saúde públicas e seguridade social
3;Sudeste;31;MG;Minas Gerais;3114501;Carmópolis de Minas;True;2023;publica;medio;todos (1-4);87.3;0.88055;268.71;265.9;4.44407;3.9;;541381.493;30071.74;484160.214;27081.34;461514.728;23360.74;46689.361;78527.333;185391.555;100944.635;411552.884;49961.845;Demais serviços;Administração, defesa, educação e saúde públicas e seguridade social;Indústrias de transformação
3;Sudeste;31;MG;Minas Gerais;3114550;Carneirinho;True;2023;publica;medio;todos (1-4);90.7;0.914516;271.26;275.71;4.626741;4.2;;684511.571;72650.35;450482.593;47811.78;406710.011;40256.36;145993.566;64168.523;101791.717;66442.083;378395.889;28314.122;Agricultura, inclusive apoio à agricultura e a pós colheita;Demais serviços;Administração, defesa, educação e saúde públicas e seguridade social
3;Sudeste;31;MG;Minas Gerais;3114600;Carrancas;True;2023;publica;medio;todos (1-4);89.5;0.900697;267.08;259.66;4.327764;3.9;;174306.657;43049.31;165827.812;40955.25;177635.925;43839.07;101935.699;6057.64;38559.758;24295.605;170848.702;6787.223;Agricultura, inclusive apoio à agricultura e a pós colheita;Demais serviços;Administração, defesa, educação e saúde públicas e seguridade social
3;Sudeste;31;MG;Minas Gerais;3114709;Carvalhópolis;False;;;;;;;;;;;;86223.977;25807.84;90885.43;27203.06;71383.976;19752.07;27209.186;3843.624;16305.316;21744.144;69102.27;2281.705;Agricultura, inclusive apoio à agricultura e a pós colheita;Administração, defesa, educação e saúde públicas e seguridade social;Demais serviços
3;Sudeste;31;MG;Minas Gerais;3114808;Carvalhos;True;2023;publica;medio;todos (1-4);80.6;0.795845;269.35;268.02;4.484795;3.6;;103815.761;23477.11;92014.573;20808.36;80681.819;18151.14;23841.093;4493.927;23305.223;24719.404;76359.646;4322.173;Administração, defesa, educação e saúde públicas e seguridade social;Pecuária, inclusive apoio à pecuária;Demais serviços
3;Sudeste;31;MG;Minas Gerais;3114907;Casa Grande;True;2023;publica;medio;todos (1-4);88.7;0.896089;279.98;294.24;5.026608;4.5;;81954.28;37016.39;70928.084;32036.17;69227.776;30754.23;37939.696;1750.519;11960.402;16278.376;67928.993;1298.783;Agricultura, inclusive apoio à agricultura e a pós colheita;Administração, defesa, educação e saúde públicas e seguridade social;Demais serviços
3;Sudeste;31;MG;Minas Gerais;3115003;Cascalho Rico;True;2023;publica;medio;todos (1-4);96.9;0.970658;261.14;264.76;4.320684;4.2;;101297.044;37351.42;94876.289;34983.88;79984.125;25734.92;35711.081;2843.66;16354.339;22686.734;77595.814;2388.31;Agricultura, inclusive apoio à agricultura e a pós colheita;Administração, defesa, educação e saúde públicas e seguridade social;Demais serviços
3;Sudeste;31;MG;Minas Gerais;3115102;Cássia;True;2023;publica;medio;todos (1-4);85.6;0.861807;262.56;260.67;4.2794;3.7;;519892.094;30305.57;497327.064;28990.21;436340.926;24595.06;108634.81;26671.041;174014.19;95578.322;404898.362;31442.563;Demais serviços;Administração, defesa, educação e saúde públicas e seguridade social;Agricultura, inclusive apoio à agricultura e a pós colheita
3;Sudeste;31;MG;Minas Gerais;3115201;Conceição da Barra de Minas;True;2023;publica;medio;todos (1-4);95.0;0.950726;265.82;256.89;4.2686;4.1;;87501.098;24578.96;70759.31;19876.21;68717.423;17445.4;26902.269;2320.768;15065.383;22222.446;66510.865;2206.558;Administração, defesa, educação e saúde públicas e seguridade social;Pecuária, inclusive apoio à pecuária;Demais serviços
3;Sudeste;31;MG;Minas Gerais;3115300;Cataguases;True;2023;publica;medio;todos (1-4);90.5;0.906013;265.45;270.08;4.460858;4.0;;2139615.681;32290.72;1821409.036;27488.4;1650830.841;21738.05;18175.748;308926.001;742839.833;339664.667;1409606.249;241224.592;Demais serviços;Administração, defesa, educação e saúde públicas e seguridade social;Indústrias de transformação
3;Sudeste;31;MG;Minas Gerais;3115359;Catas Altas;True;2023;publica;medio;todos (1-4);94.7;0.947048;286.4;288.77;5.03489;4.8;;1779684.141;325175.25;2139892.535;390990.78;5032326.985;920828.36;7502.002;4069095.452;874596.042;41799.95;4992993.446;39333.539;Indústrias extrativas;Demais serviços;Administração, defesa, educação e saúde públicas e seguridade social
3;Sudeste;31;MG;Minas Gerais;3115409;Catas Altas da Noruega;True;2023;publica;medio;todos (1-4);96.4;0.964937;268.03;276.94;4.599789;4.4;;51640.222;16604.57;43876.248;14108.12;40784.593;11128.13;7976.485;1561.76;10231.243;19634.837;39404.324;1380.269;Administração, defesa, educação e saúde públicas e seguridade social;Demais serviços;Produção florestal, pesca e aquicultura
3;Sudeste;31;MG;Minas Gerais;3115458;Catuji;True;2023;publica;medio;todos (1-4);89.0;0.89506;262.03;254.49;4.179441;3.7;;109879.753;15630.12;106417.719;15137.66;83308.243;13423.82;5941.277;1973.977;32998.783;36113.22;77027.257;6280.985;Administração, defesa, educação e saúde públicas e seguridade social;Demais serviços;Comércio e reparação de veículos automotores e motocicletas
3;Sudeste;31;MG;Minas Gerais;3115474;Catuti;True;2023;publica;medio;todos (1-4);93.4;0.939038;252.98;256.43;4.081377;3.8;;70828.424;14945.86;63502.878;13400.06;56837.881;11496.34;8850.972;2102.864;14254.245;29902.574;55110.654;1727.227;Administração, defesa, educação e saúde públicas e seguridade social;Demais serviços;Agricultura, inclusive apoio à agricultura e a pós colheita
3;Sudeste;31;MG;Minas Gerais;3115508;Caxambu;True;2023;publica;medio;todos (1-4);90.2;0.906168;258.65;262.97;4.258916;3.9;;464910.514;22079.72;403602.655;19168.06;371251.642;17214.67;4114.692;26170.004;210935.791;102847.147;344067.635;27184.007;Demais serviços;Administração, defesa, educação e saúde públicas e seguridade social;Comércio e reparação de veículos automotores e motocicletas
3;Sudeste;31;MG;Minas Gerais;3115607;Cedro do Abaeté;False;;;;;;;;;;;;27974.963;25878.78;24732.525;22879.3;22396.128;19474.89;4871.435;768.933;5408.999;10687.128;21736.496;659.632;Administração, defesa, educação e saúde públicas e seguridade social;Demais serviços;Pecuária, inclusive apoio à pecuária
3;Sudeste;31;MG;Minas Gerais;3115706;Central de Minas;True;2023;publica;medio;todos (1-4);93.8;0.947707;262.75;273.25;4.470392;4.2;;100033.962;16210.33;90002.815;14584.8;87042.746;12330.75;7154.954;3502.731;36061.379;34462.449;81181.512;5861.233;Administração, defesa, educação e saúde públicas e seguridade social;Demais serviços;Comércio e reparação de veículos automotores e motocicletas
3;Sudeste;31;MG;Minas Gerais;3115805;Centralina;True;2023;publica;medio;todos (1-4);82.2;0.822263;260.38;273.89;4.446686;3.7;;448883.432;43978.0;435047.79;42622.49;351125.237;33948.1;112549.865;13009.926;145931.419;50200.34;321691.55;29433.687;Agricultura, inclusive apoio à agricultura e a pós colheita;Demais serviços;Comércio e reparação de veículos automotores e motocicletas
3;Sudeste;31;MG;Minas Gerais;3115904;Chácara;True;2023;publica;medio;todos (1-4);82.8;0.838949;252.74;252.45;4.018425;3.4;;62303.794;20261.4;53962.412;17548.75;47144.785;14659.45;5965.613;2792.578;15890.277;20703.233;45351.702;1793.083;Administração, defesa, educação e saúde públicas e seguridade social;Demais serviços;Pecuária, inclusive apoio à pecuária
3;Sudeste;31;MG;Minas Gerais;3116001;Chalé;True;2023;publica;medio;todos (1-4);89.4;0.891848;271.67;277.79;4.663637;4.2;;139735.953;23001.8;139717.017;22998.69;114190.871;20051.07;24671.602;20141.476;32967.276;29456.608;107236.962;6953.908;Administração, defesa, educação e saúde públicas e seguridade social;Demais serviços;Eletricidade e gás, água, esgoto, atividades de gestão de resíduos e descontaminação
3;Sudeste;31;MG;Minas Gerais;3116100;Chapada do Norte;True;2023;publica;medio;todos (1-4);96.9;0.969905;265.7;252.49;4.201046;4.1;;121416.36;11745.8;107816.533;10430.16;111106.167;7245.74;9747.358;2798.551;28007.703;67398.157;107951.77;3154.398;Administração, defesa, educação e saúde públicas e seguridade social;Demais serviços;Pecuária, inclusive apoio à pecuária
3;Sudeste;31;MG;Minas Gerais;3116159;Chapada Gaúcha;True;2023;publica;medio;todos (1-4);90.8;0.908301;253.62;256.55;4.092162;3.7;;581136.991;47036.58;408892.107;33095.27;403132.561;28355.67;167954.306;12310.249;119277.55;71358.422;370900.527;32232.034;Agricultura, inclusive apoio à agricultura e a pós colheita;Administração, defesa, educação e saúde públicas e seguridade social;Demais serviços
3;Sudeste;31;MG;Minas Gerais;3116209;Chiador;False;;;;;;;;;;;;47110.405;16825.14;43149.683;15410.6;37246.518;14018.26;5728.675;1219.895;11501.668;17371.927;35822.164;1424.354;Administração, defesa, educação e saúde públicas e seguridade social;Demais serviços;Pecuária, inclusive apoio à pecuária
3;Sudeste;31;MG;Minas Gerais;3116308;Cipotânea;True;2023;publica;medio;todos (1-4);86.9;0.871361;258.44;260.56;4.219888;3.7;;80891.274;14494.05;73126.387;13102.74;73286.98;10760.09;9276.877;4925.841;23672.516;32354.955;70230.189;3056.79;Administração, defesa, educação e saúde públicas e seguridade social;Demais serviços;Comércio e reparação de veículos automotores e motocicletas
3;Sudeste;31;MG;Minas Gerais;3116407;Claraval;True;2023;publica;medio;todos (1-4);89.9;0.901505;251.01;248.74;3.938588;3.6;;261983.45;56243.76;222237.225;47710.87;181971.492;37342.81;40499.048;52485.658;44195.448;27345.802;164525.956;17445.536;Indústrias de transformação;Agricultura, inclusive apoio à agricultura e a pós colheita;Demais serviços
3;Sudeste;31;MG;Minas Gerais;3116506;Claro dos Poções;True;2023;publica;medio;todos (1-4);85.7;0.863454;257.05;266.27;4.285845;3.7;;113053.412;15776.36;103826.524;14488.77;83711.607;11194.38;16941.823;3968.339;21610.689;37788.255;80309.105;3402.502;Administração, defesa, educação e saúde públicas e seguridade social;Demais serviços;Pecuária, inclusive apoio à pecuária
3;Sudeste;31;MG;Minas Gerais;3116605;Cláudio;True;2023;publica;medio;todos (1-4);93.5;0.939729;281.29;287.42;4.942911;4.6;;1426309.747;47293.01;1275084.483;42278.74;1117593.155;38414.5;63594.446;344830.648;397074.35;142788.71;948288.154;169305.001;Indústrias de transformação;Demais serviços;Administração, defesa, educação e saúde públicas e seguridade social
3;Sudeste;31;MG;Minas Gerais;3116704;Coimbra;True;2023;publica;medio;todos (1-4);91.2;0.913471;284.04;288.56;4.998601;4.6;;149609.32;21021.4;151928.285;21347.24;139786.795;18318.28;30316.332;9817.797;51562.858;35801.435;127498.422;12288.373;Demais serviços;Administração, defesa, educação e saúde públicas e seguridade social;Agricultura, inclusive apoio à agricultura e a pós colheita
3;Sudeste;31;MG;Minas Gerais;3116803;Coluna;True;2023;publica;medio;todos (1-4);81.5;0.807419;271.51;258.21;4.368276;3.5;;134747.624;16507.12;129330.222;15843.47;121199.153;13757.0;19687.388;5164.635;45747.556;41676.418;112275.997;8923.156;Administração, defesa, educação e saúde públicas e seguridade social;Demais serviços;Comércio e reparação de veículos automotores e motocicletas
3;Sudeste;31;MG;Minas Gerais;3116902;Comendador Gomes;True;2023;publica;medio;todos (1-4);93.1;0.929069;282.15;289.49;4.985978;4.6;;225389.957;81280.19;170475.429;61476.89;154777.439;49481.28;91934.066;5376.9;27966.132;22891.74;148168.838;6608.601;Agricultura, inclusive apoio à agricultura e a pós colheita;Pecuária, inclusive apoio à pecuária;Demais serviços
3;Sudeste;31;MG;Minas Gerais;3117009;Comercinho;True;2023;publica;medio;todos (1-4);87.5;0.881505;269.25;256.81;4.315576;3.8;;84176.078;12639.05;77172.227;11587.42;68103.583;10281.34;6389.46;2185.374;20096.449;36711.611;65382.894;2720.689;Administração, defesa, educação e saúde públicas e seguridade social;Demais serviços;Pecuária, inclusive apoio à pecuária
3;Sudeste;31;MG;Minas Gerais;3117108;Conceição da Aparecida;False;;;;;;;;;;;;325806.067;31415.11;340024.864;32786.12;274187.309;26488.97;106234.989;11048.721;88947.559;51505.719;257736.988;16450.322;Agricultura, inclusive apoio à agricultura e a pós colheita;Demais serviços;Administração, defesa, educação e saúde públicas e seguridade social
3;Sudeste;31;MG;Minas Gerais;3117207;Conceição das Pedras;False;;;;;;;;;;;;78789.51;28423.34;78460.543;28304.67;61046.91;21694.0;23760.534;2036.71;15332.758;17632.359;58762.361;2284.549;Agricultura, inclusive apoio à agricultura e a pós colheita;Administração, defesa, educação e saúde públicas e seguridade social;Demais serviços
3;Sudeste;31;MG;Minas Gerais;3117306;Conceição das Alagoas;True;2023;publica;medio;todos (1-4);87.4;0.87872;258.46;260.09;4.213133;3.7;;1782238.407;62796.89;1363980.435;48059.63;1318008.968;45792.82;415017.269;208096.323;425582.154;143709.033;1192404.778;125604.19;Agricultura, inclusive apoio à agricultura e a pós colheita;Demais serviços;Indústrias de transformação
3;Sudeste;31;MG;Minas Gerais;3117405;Conceição de Ipanema;True;2023;publica;medio;todos (1-4);97.5;0.976357;246.15;247.14;3.846378;3.8;;91447.329;20741.06;92884.445;21067.01;81006.463;17683.14;21268.578;19791.228;12935.407;25230.824;79226.037;1780.425;Administração, defesa, educação e saúde públicas e seguridade social;Eletricidade e gás, água, esgoto, atividades de gestão de resíduos e descontaminação;Demais serviços
3;Sudeste;31;MG;Minas Gerais;3117504;Conceição do Mato Dentro;True;2023;publica;medio;todos (1-4);81.1;0.820942;256.57;263.16;4.232546;3.5;;3194400.721;137909.63;3542338.082;152937.49;9050952.928;519036.18;21947.374;7129218.984;1669366.47;139581.257;8960114.085;90838.843;Indústrias extrativas;Demais serviços;Administração, defesa, educação e saúde públicas e seguridade social
3;Sudeste;31;MG;Minas Gerais;3117603;Conceição do Pará;True;2023;publica;medio;todos (1-4);83.5;0.838552;262.97;275.43;4.506117;3.8;;313543.484;57902.77;373924.556;69053.47;493948.377;88871.6;23387.055;285849.412;108489.489;36038.729;453764.685;40183.692;Indústrias extrativas;Indústrias de transformação;Demais serviços
3;Sudeste;31;MG;Minas Gerais;3117702;Conceição do Rio Verde;False;;;;;;;;;;;;352054.354;28072.27;366160.513;29197.07;343556.228;25024.13;140658.35;17578.217;106290.3;62912.794;327439.66;16116.567;Agricultura, inclusive apoio à agricultura e a pós colheita;Demais serviços;Administração, defesa, educação e saúde públicas e seguridade social
3;Sudeste;31;MG;Minas Gerais;3117801;Conceição dos Ouros;True;2023;publica;medio;todos (1-4);93.5;0.938797;299.88;287.38;5.203408;4.9;;308533.225;28357.83;259018.363;23806.83;224989.825;18983.28;11345.178;55826.079;77972.359;55436.435;200580.05;24409.774;Demais serviços;Administração, defesa, educação e saúde públicas e seguridade social;Indústrias de transformação
3;Sudeste;31;MG;Minas Gerais;3117836;Cônego Marinho;True;2023;publica;medio;todos (1-4);94.9;0.948145;259.13;257.58;4.184969;4.0;;78704.701;10875.32;69322.849;9578.95;63477.594;8211.85;5853.874;1520.652;15136.001;39378.316;61888.843;1588.751;Administração, defesa, educação e saúde públicas e seguridade social;Demais serviços;Pecuária, inclusive apoio à pecuária
3;Sudeste;31;MG;Minas Gerais;3117876;Confins;True;2023;publica;medio;todos (1-4);93.5;0.946816;253.81;253.03;4.042136;3.8;;1617016.921;220002.3;780843.114;106237.16;485672.189;70725.53;387.016;38059.236;334716.102;50324.921;423487.275;62184.913;Demais serviços;Administração, defesa, educação e saúde públicas e seguridade social;Comércio e reparação de veículos automotores e motocicletas
3;Sudeste;31;MG;Minas Gerais;3117900;Congonhal;True;2023;publica;medio;todos (1-4);94.1;0.943692;270.89;271.46;4.557922;4.3;;274057.13;24727.7;241164.372;21759.85;220463.772;18057.48;18052.251;22203.509;98212.968;59284.133;197752.86;22710.912;Demais serviços;Administração, defesa, educação e saúde públicas e seguridade social;Comércio e reparação de veículos automotores e motocicletas
3;Sudeste;31;MG;Minas Gerais;3118007;Congonhas;True;2023;publica;medio;todos (1-4);89.8;0.902732;280.8;278.37;4.80055;4.3;;7693793.903;145467.84;8477571.439;160286.85;7677447.326;137499.95;3825.322;5068164.234;1535347.456;413530.806;7020867.818;656579.508;Indústrias de transformação;Indústrias extrativas;Demais serviços
3;Sudeste;31;MG;Minas Gerais;3118106;Congonhas do Norte;False;;;;;;;;;;;;63888.712;13224.74;55202.556;11426.73;49287.97;9765.8;5423.29;1370.542;15021.516;25380.974;47196.322;2091.647;Administração, defesa, educação e saúde públicas e seguridade social;Demais serviços;Pecuária, inclusive apoio à pecuária
3;Sudeste;31;MG;Minas Gerais;3118205;Conquista;True;2023;publica;medio;todos (1-4);76.5;0.779254;247.12;255.18;3.980361;3.1;;671619.125;100331.51;534105.287;79788.66;490051.082;70037.31;158527.457;179927.081;85273.468;45563.479;469291.484;20759.598;Agricultura, inclusive apoio à agricultura e a pós colheita;Eletricidade e gás, água, esgoto, atividades de gestão de resíduos e descontaminação;Demais serviços
3;Sudeste;31;MG;Minas Gerais;3118304;Conselheiro Lafaiete;True;2023;publica;medio;todos (1-4);89.6;0.900469;289.29;297.83;5.211109;4.7;;3482647.959;26459.67;2998868.601;22784.12;3117736.194;23875.33;21354.446;641933.792;1555477.435;619394.042;2838159.715;279576.479;Demais serviços;Administração, defesa, educação e saúde públicas e seguridade social;Comércio e reparação de veículos automotores e motocicletas
3;Sudeste;31;MG;Minas Gerais;3118403;Conselheiro Pena;True;2023;publica;medio;todos (1-4);81.0;0.816506;286.38;285.06;4.979071;4.1;;500870.997;24052.58;549039.159;26365.69;383757.235;16703.25;62904.029;20427.297;157850.581;117795.605;358977.512;24779.722;Demais serviços;Administração, defesa, educação e saúde públicas e seguridade social;Pecuária, inclusive apoio à pecuária
3;Sudeste;31;MG;Minas Gerais;3118502;Consolação;True;2023;publica;medio;todos (1-4);96.4;0.969537;271.13;280.31;4.693777;4.6;;36259.032;23198.36;32082.48;20526.22;31441.493;17604.42;9810.677;783.109;6962.736;12458.452;30014.974;1426.52;Administração, defesa, educação e saúde públicas e seguridade social;Demais serviços;Agricultura, inclusive apoio à agricultura e a pós colheita
3;Sudeste;31;MG;Minas Gerais;3118601;Contagem;True;2023;publica;medio;todos (1-4);82.9;0.873589;271.54;278.24;4.668548;4.1;;45092392.887;72511.78;42596067.422;68497.29;36478510.812;54134.55;3052.747;9128034.834;17512659.222;2984614.419;29628361.222;6850149.59;Demais serviços;Comércio e reparação de veículos automotores e motocicletas;Indústrias de transformação
3;Sudeste;31;MG;Minas Gerais;3118700;Coqueiral;True;2023;publica;medio;todos (1-4);83.5;0.84667;285.87;301.49;5.217866;4.4;;279819.69;31011.82;274206.028;30389.67;234159.016;25734.59;98529.841;8097.671;70352.335;44987.9;221967.746;12191.27;Agricultura, inclusive apoio à agricultura e a pós colheita;Demais serviços;Administração, defesa, educação e saúde públicas e seguridade social
3;Sudeste;31;MG;Minas Gerais;3118809;Coração de Jesus;True;2023;publica;medio;todos (1-4);90.8;0.911277;258.48;259.47;4.204133;3.8;;357956.467;14105.55;300866.462;11855.87;272831.598;10249.12;47025.978;12304.227;77463.756;120524.082;257318.043;15513.554;Administração, defesa, educação e saúde públicas e seguridade social;Demais serviços;Pecuária, inclusive apoio à pecuária
3;Sudeste;31;MG;Minas Gerais;3118908;Cordisburgo;True;2023;publica;medio;todos (1-4);94.8;0.949609;266.31;264.89;4.395242;4.2;;164132.156;21748.0;147036.282;19482.75;146188.136;16420.1;41492.996;12070.761;44486.136;39498.309;137548.202;8639.934;Administração, defesa, educação e saúde públicas e seguridade social;Demais serviços;Pecuária, inclusive apoio à pecuária
3;Sudeste;31;MG;Minas Gerais;3119005;Cordislândia;True;2023;publica;medio;todos (1-4);90.4;0.912398;281.7;277.65;4.802412;4.4;;131187.282;40996.03;135392.875;42310.27;113743.073;32076.44;57601.668;9490.112;21813.26;20503.395;109408.435;4334.638;Agricultura, inclusive apoio à agricultura e a pós colheita;Administração, defesa, educação e saúde públicas e seguridade social;Demais serviços
3;Sudeste;31;MG;Minas Gerais;3119104;Corinto;True;2023;publica;medio;todos (1-4);89.4;0.900506;262.89;252.83;4.16667;3.8;;546843.801;23238.31;563276.462;23936.62;608967.047;25796.04;62455.655;208676.538;177180.793;113056.813;561369.798;47597.249;Indústrias de transformação;Demais serviços;Administração, defesa, educação e saúde públicas e seguridade social
3;Sudeste;31;MG;Minas Gerais;3119203;Coroaci;True;2023;publica;medio;todos (1-4);87.7;0.888382;270.83;276.87;4.638067;4.1;;160041.242;14704.27;135644.998;12462.79;125595.771;12690.29;20282.566;13046.513;36100.64;52547.393;121977.112;3618.659;Administração, defesa, educação e saúde públicas e seguridade social;Demais serviços;Eletricidade e gás, água, esgoto, atividades de gestão de resíduos e descontaminação
3;Sudeste;31;MG;Minas Gerais;3119302;Coromandel;True;2023;publica;medio;todos (1-4);96.0;0.961731;271.1;274.11;4.600542;4.4;;2051785.006;71010.76;1876644.558;64949.28;1535202.818;54911.04;709975.262;127828.425;450088.392;145686.099;1433578.177;101624.641;Agricultura, inclusive apoio à agricultura e a pós colheita;Demais serviços;Administração, defesa, educação e saúde públicas e seguridade social
3;Sudeste;31;MG;Minas Gerais;3119401;Coronel Fabriciano;True;2023;publica;medio;todos (1-4);83.1;0.83786;279.79;282.12;4.842502;4.1;;2387845.824;22798.71;2164490.137;20666.15;1995524.656;18024.95;4186.646;182863.32;1107898.952;498339.715;1793288.633;202236.023;Demais serviços;Administração, defesa, educação e saúde públicas e seguridade social;Comércio e reparação de veículos automotores e motocicletas
3;Sudeste;31;MG;Minas Gerais;3119500;Coronel Murta;True;2023;publica;medio;todos (1-4);90.9;0.911091;250.96;244.73;3.877856;3.5;;116044.225;14151.73;113329.195;13820.63;119826.419;13011.88;8369.803;21634.466;31867.415;53953.019;115824.704;4001.715;Administração, defesa, educação e saúde públicas e seguridade social;Demais serviços;Indústrias extrativas
3;Sudeste;31;MG;Minas Gerais;3119609;Coronel Pacheco;True;2023;publica;medio;todos (1-4);96.4;0.966572;284.17;292.13;5.05387;4.9;;72440.323;26227.49;65349.657;23660.27;60101.018;19418.75;13597.907;2486.619;20529.73;19829.28;56443.536;3657.483;Administração, defesa, educação e saúde públicas e seguridade social;Demais serviços;Pecuária, inclusive apoio à pecuária
3;Sudeste;31;MG;Minas Gerais;3119708;Coronel Xavier Chaves;True;2023;publica;medio;todos (1-4);96.8;0.968209;298.42;302.47;5.4088;5.2;;89841.008;25771.95;75935.895;21783.1;90931.942;26372.37;28174.585;14852.88;21275.612;20825.096;85128.173;5803.769;Administração, defesa, educação e saúde públicas e seguridade social;Demais serviços;Agricultura, inclusive apoio à agricultura e a pós colheita
3;Sudeste;31;MG;Minas Gerais;3119807;Córrego Danta;True;2023;publica;medio;todos (1-4);91.8;0.929658;266.09;253.86;4.227033;3.9;;181309.701;61253.28;199342.803;67345.54;165719.08;52310.32;37657.062;5350.1;81982.64;19902.475;144892.276;20826.804;Comércio e reparação de veículos automotores e motocicletas;Demais serviços;Administração, defesa, educação e saúde públicas e seguridade social
3;Sudeste;31;MG;Minas Gerais;3119906;Córrego do Bom Jesus;True;2023;publica;medio;todos (1-4);100.0;1.0;298.85;298.22;5.351217;5.4;;65482.796;15328.37;53635.342;12555.09;45602.563;12375.19;6999.061;1739.464;14763.664;20409.363;43911.553;1691.011;Administração, defesa, educação e saúde públicas e seguridade social;Demais serviços;Agricultura, inclusive apoio à agricultura e a pós colheita
3;Sudeste;31;MG;Minas Gerais;3119955;Córrego Fundo;True;2023;publica;medio;todos (1-4);86.4;0.884588;283.27;269.07;4.696019;4.2;;508107.647;82848.14;460308.146;75054.32;320483.227;49880.66;20935.355;151260.755;69671.344;35957.391;277824.845;42658.382;Indústrias de transformação;Demais serviços;Administração, defesa, educação e saúde públicas e seguridade social
3;Sudeste;31;MG;Minas Gerais;3120003;Córrego Novo;True;2023;publica;medio;todos (1-4);94.3;0.942322;266.82;260.45;4.335938;4.1;;63742.211;22171.2;45589.515;15857.22;38520.81;14330.66;6586.302;3114.107;9845.523;17862.431;37408.364;1112.447;Administração, defesa, educação e saúde públicas e seguridade social;Demais serviços;Pecuária, inclusive apoio à pecuária
3;Sudeste;31;MG;Minas Gerais;3120102;Couto de Magalhães de Minas;True;2023;publica;medio;todos (1-4);92.9;0.942133;260.95;259.38;4.237476;4.0;;76758.203;18082.03;68415.405;16116.7;63266.102;14261.97;7369.235;1953.329;23600.745;25228.888;58152.196;5113.906;Administração, defesa, educação e saúde públicas e seguridade social;Demais serviços;Comércio e reparação de veículos automotores e motocicletas
3;Sudeste;31;MG;Minas Gerais;3120151;Crisólita;False;;;;;;;;;;;;92301.657;17531.18;78615.155;14931.65;76402.74;11212.61;24758.04;1447.323;13640.023;34915.749;74761.135;1641.605;Administração, defesa, educação e saúde públicas e seguridade social;Pecuária, inclusive apoio à pecuária;Demais serviços
3;Sudeste;31;MG;Minas Gerais;3120201;Cristais;True;2023;publica;medio;todos (1-4);91.4;0.914654;280.83;280.15;4.827618;4.4;;343069.406;28127.36;320609.188;26285.91;295629.763;22636.28;105734.216;14686.8;90761.911;67645.151;278828.079;16801.684;Agricultura, inclusive apoio à agricultura e a pós colheita;Demais serviços;Administração, defesa, educação e saúde públicas e seguridade social
3;Sudeste;31;MG;Minas Gerais;3120300;Cristália;False;;;;;;;;;;;;74446.623;14537.52;59248.071;11569.63;59160.155;9873.19;7702.865;2049.394;14864.773;32511.258;57128.29;2031.866;Administração, defesa, educação e saúde públicas e seguridade social;Demais serviços;Produção florestal, pesca e aquicultura
3;Sudeste;31;MG;Minas Gerais;3120409;Cristiano Otoni;True;2023;publica;medio;todos (1-4);86.8;0.87073;288.74;295.66;5.170899;4.5;;168667.765;36140.51;165311.744;35421.42;123677.587;23963.88;33701.262;12540.703;38444.731;30764.501;115451.197;8226.389;Administração, defesa, educação e saúde públicas e seguridade social;Demais serviços;Agricultura, inclusive apoio à agricultura e a pós colheita
3;Sudeste;31;MG;Minas Gerais;3120508;Cristina;True;2023;publica;medio;todos (1-4);88.0;0.884416;272.32;275.88;4.644173;4.1;;316772.643;30535.25;274252.385;26436.51;233176.654;22835.83;59544.347;47014.643;63267.897;50370.735;220197.621;12979.033;Demais serviços;Administração, defesa, educação e saúde públicas e seguridade social;Agricultura, inclusive apoio à agricultura e a pós colheita
3;Sudeste;31;MG;Minas Gerais;3120607;Crucilândia;False;;;;;;;;;;;;100691.886;18529.98;91382.019;16816.71;83063.591;16376.89;14633.208;8536.354;26438.27;28850.688;78458.521;4605.071;Administração, defesa, educação e saúde públicas e seguridade social;Demais serviços;Agricultura, inclusive apoio à agricultura e a pós colheita
3;Sudeste;31;MG;Minas Gerais;3120706;Cruzeiro da Fortaleza;True;2023;publica;medio;todos (1-4);96.3;0.964031;284.13;286.82;4.973817;4.8;;183246.046;52043.75;193461.854;54945.14;184033.369;50406.29;103808.957;8074.222;39326.235;24979.731;176189.145;7844.224;Agricultura, inclusive apoio à agricultura e a pós colheita;Pecuária, inclusive apoio à pecuária;Demais serviços
3;Sudeste;31;MG;Minas Gerais;3120805;Cruzília;True;2023;publica;medio;todos (1-4);88.3;0.882129;285.22;280.18;4.889724;4.3;;421201.298;27418.39;374479.735;24377.02;317648.567;20455.18;64922.972;27782.018;125266.728;79693.843;297665.561;19983.006;Demais serviços;Administração, defesa, educação e saúde públicas e seguridade social;Agricultura, inclusive apoio à agricultura e a pós colheita
3;Sudeste;31;MG;Minas Gerais;3120839;Cuparaque;True;2023;publica;medio;todos (1-4);93.1;0.943092;274.45;281.33;4.755676;4.5;;83623.306;20995.06;76948.761;19319.3;74036.886;14730.78;12701.223;3699.999;24968.536;28459.257;69829.015;4207.872;Administração, defesa, educação e saúde públicas e seguridade social;Demais serviços;Pecuária, inclusive apoio à pecuária
3;Sudeste;31;MG;Minas Gerais;3120870;Curral de Dentro;True;2023;publica;medio;todos (1-4);89.2;0.902834;257.49;259.99;4.198013;3.8;;94746.856;12793.26;84251.47;11376.11;80420.022;10222.45;10329.345;4652.813;22117.166;39993.202;77092.526;3327.496;Administração, defesa, educação e saúde públicas e seguridade social;Demais serviços;Produção florestal, pesca e aquicultura
3;Sudeste;31;MG;Minas Gerais;3120904;Curvelo;True;2023;publica;medio;todos (1-4);87.2;0.875828;277.25;280.14;4.777187;4.2;;2706326.327;33550.19;2352584.648;29278.48;2228065.903;27478.15;224572.218;433029.456;980234.79;365026.241;2002862.706;225203.198;Demais serviços;Administração, defesa, educação e saúde públicas e seguridade social;Indústrias de transformação
3;Sudeste;31;MG;Minas Gerais;3121001;Datas;True;2023;publica;medio;todos (1-4);93.3;0.933165;265.51;261.46;4.332659;4.0;;88055.274;16112.58;79589.825;14563.55;73978.2;13621.47;16493.762;2907.384;21343.562;30030.118;70774.827;3203.373;Administração, defesa, educação e saúde públicas e seguridade social;Demais serviços;Agricultura, inclusive apoio à agricultura e a pós colheita
3;Sudeste;31;MG;Minas Gerais;3121100;Delfim Moreira;True;2023;publica;medio;todos (1-4);95.3;0.950458;270.17;270.21;4.529097;4.3;;141823.929;17835.0;126342.837;15888.18;125697.353;15698.43;29905.008;16138.386;33951.698;39490.722;119485.814;6211.539;Administração, defesa, educação e saúde públicas e seguridade social;Demais serviços;Produção florestal, pesca e aquicultura
3;Sudeste;31;MG;Minas Gerais;3121209;Delfinópolis;True;2023;publica;medio;todos (1-4);81.0;0.818364;264.56;264.97;4.371861;3.6;;355640.31;42373.44;297581.503;35439.03;247288.997;34605.23;112478.947;10266.916;65563.868;48058.802;236368.533;10920.464;Agricultura, inclusive apoio à agricultura e a pós colheita;Demais serviços;Administração, defesa, educação e saúde públicas e seguridade social
3;Sudeste;31;MG;Minas Gerais;3121258;Delta;True;2023;publica;medio;todos (1-4);83.0;0.840027;256.63;254.93;4.110186;3.5;;708459.476;67510.91;528670.934;50378.4;466554.697;42437.21;24286.148;169661.051;141423.708;62424.965;397795.871;68758.826;Indústrias de transformação;Demais serviços;Administração, defesa, educação e saúde públicas e seguridade social
3;Sudeste;31;MG;Minas Gerais;3121308;Descoberto;False;;;;;;;;;;;;116297.582;23599.35;102136.724;20725.8;81649.305;16187.41;8993.139;17808.71;22637.352;26682.298;76121.499;5527.806;Administração, defesa, educação e saúde públicas e seguridade social;Demais serviços;Indústrias de transformação
3;Sudeste;31;MG;Minas Gerais;3121407;Desterro de Entre Rios;True;2023;publica;medio;todos (1-4);87.0;0.880884;291.42;293.85;5.181444;4.6;;249744.801;32633.58;298080.773;38949.53;261189.174;35946.76;31096.918;108464.777;67991.414;37894.778;245447.887;15741.287;Indústrias extrativas;Demais serviços;Administração, defesa, educação e saúde públicas e seguridade social
3;Sudeste;31;MG;Minas Gerais;3121506;Desterro do Melo;True;2023;publica;medio;todos (1-4);87.1;0.871421;309.35;295.43;5.456922;4.8;;62040.964;20721.76;58246.969;19454.57;50610.46;17652.76;14227.404;2036.041;12605.19;20075.991;48944.626;1665.835;Administração, defesa, educação e saúde públicas e seguridade social;Demais serviços;Agricultura, inclusive apoio à agricultura e a pós colheita
3;Sudeste;31;MG;Minas Gerais;3121605;Diamantina;True;2023;publica;medio;todos (1-4);85.7;0.859152;279.82;279.24;4.79981;4.1;;1201220.973;25181.77;1037925.19;21758.53;984231.313;20537.34;64944.702;100763.264;522256.564;220330.389;908294.919;75936.394;Demais serviços;Administração, defesa, educação e saúde públicas e seguridade social;Comércio e reparação de veículos automotores e motocicletas
3;Sudeste;31;MG;Minas Gerais;3121704;Diogo de Vasconcelos;True;2023;publica;medio;todos (1-4);93.6;0.945703;264.43;271.89;4.473628;4.2;;55354.946;15597.34;49388.201;13916.09;42932.392;11360.78;5609.8;1050.614;12599.768;21553.533;40813.715;2118.677;Administração, defesa, educação e saúde públicas e seguridade social;Demais serviços;Pecuária, inclusive apoio à pecuária
3;Sudeste;31;MG;Minas Gerais;3121803;Dionísio;True;2023;publica;medio;todos (1-4);99.1;0.992558;273.53;280.19;4.725689;4.7;;104802.973;15306.41;95506.932;13948.73;90864.556;12126.59;18141.636;4822.664;27556.61;37372.823;87893.733;2970.823;Administração, defesa, educação e saúde públicas e seguridade social;Demais serviços;Produção florestal, pesca e aquicultura
3;Sudeste;31;MG;Minas Gerais;3121902;Divinésia;True;2023;publica;medio;todos (1-4);83.1;0.806911;299.99;291.52;5.266929;4.2;;87003.442;20587.66;79771.935;18876.46;63670.837;18562.93;8388.171;7106.798;21313.202;23110.722;59918.893;3751.945;Administração, defesa, educação e saúde públicas e seguridade social;Demais serviços;Pecuária, inclusive apoio à pecuária
3;Sudeste;31;MG;Minas Gerais;3122009;Divino;True;2023;publica;medio;todos (1-4);84.4;0.853821;257.35;262.73;4.237064;3.6;;442809.827;21385.58;462607.426;22341.71;319452.715;15956.68;58633.998;14762.737;133844.708;87332.582;294574.024;24878.691;Demais serviços;Administração, defesa, educação e saúde públicas e seguridade social;Agricultura, inclusive apoio à agricultura e a pós colheita
3;Sudeste;31;MG;Minas Gerais;3122108;Divino das Laranjeiras;True;2023;publica;medio;todos (1-4);93.4;0.941358;270.79;268.17;4.507266;4.2;;70321.234;16831.32;63796.789;15269.7;61679.62;12412.88;8552.725;2548.076;20062.291;27575.026;58738.118;2941.502;Administração, defesa, educação e saúde públicas e seguridade social;Demais serviços;Pecuária, inclusive apoio à pecuária
3;Sudeste;31;MG;Minas Gerais;3122207;Divinolândia de Minas;True;2023;publica;medio;todos (1-4);77.6;0.79585;275.24;281.75;4.773059;3.8;;91614.435;14059.92;82946.967;12729.74;82271.854;10747.47;12790.935;1707.256;26564.333;37719.123;78781.647;3490.207;Administração, defesa, educação e saúde públicas e seguridade social;Demais serviços;Produção florestal, pesca e aquicultura
3;Sudeste;31;MG;Minas Gerais;3122306;Divinópolis;True;2023;publica;medio;todos (1-4);91.4;0.917694;284.67;288.82;5.011341;4.6;;9339332.264;40414.09;8791427.418;38043.14;8328419.738;34343.29;109939.818;2214343.474;3802888.144;1088599.643;7215771.079;1112648.659;Demais serviços;Indústrias de transformação;Administração, defesa, educação e saúde públicas e seguridade social
3;Sudeste;31;MG;Minas Gerais;3122355;Divisa Alegre;True;2023;publica;medio;todos (1-4);84.7;0.852515;253.08;253.8;4.04341;3.4;;216685.656;34280.28;221542.701;35048.68;178201.595;25655.28;2845.721;35775.735;72726.648;39502.817;150850.922;27350.673;Demais serviços;Administração, defesa, educação e saúde públicas e seguridade social;Indústrias de transformação
3;Sudeste;31;MG;Minas Gerais;3122405;Divisa Nova;True;2023;publica;medio;todos (1-4);84.5;0.8545;266.36;258.67;4.302831;3.7;;157089.428;26848.3;147395.861;25191.57;129920.755;21513.62;50118.424;5259.654;38742.245;29775.377;123895.7;6025.055;Agricultura, inclusive apoio à agricultura e a pós colheita;Administração, defesa, educação e saúde públicas e seguridade social;Demais serviços
3;Sudeste;31;MG;Minas Gerais;3122454;Divisópolis;True;2023;publica;medio;todos (1-4);89.7;0.895623;266.11;255.24;4.247972;3.8;;118503.144;11603.17;103450.68;10129.31;93183.437;8176.85;11999.446;3363.171;23701.296;51534.953;90598.866;2584.571;Administração, defesa, educação e saúde públicas e seguridade social;Demais serviços;Agricultura, inclusive apoio à agricultura e a pós colheita
3;Sudeste;31;MG;Minas Gerais;3122470;Dom Bosco;True;2023;publica;medio;todos (1-4);90.6;0.907795;256.51;257.25;4.143231;3.8;;85437.158;23109.86;74216.233;20074.72;69488.079;19116.39;24978.91;2173.593;17886.787;20296.102;65335.392;4152.687;Administração, defesa, educação e saúde públicas e seguridade social;Demais serviços;Pecuária, inclusive apoio à pecuária
3;Sudeste;31;MG;Minas Gerais;3122504;Dom Cavati;True;2023;publica;medio;todos (1-4);88.0;0.888719;279.07;287.39;4.911282;4.4;;85390.944;17412.51;76125.838;15523.21;69617.629;13854.25;2305.13;3760.854;30900.232;28581.707;65547.923;4069.707;Administração, defesa, educação e saúde públicas e seguridade social;Demais serviços;Comércio e reparação de veículos automotores e motocicletas
3;Sudeste;31;MG;Minas Gerais;3122603;Dom Joaquim;True;2023;publica;medio;todos (1-4);91.7;0.918152;268.56;265.63;4.437921;4.1;;81864.373;16710.43;67270.258;13731.43;67800.082;15284.06;8537.988;9524.818;21256.31;25486.568;64805.684;2994.398;Administração, defesa, educação e saúde públicas e seguridade social;Demais serviços;Indústrias extrativas
3;Sudeste;31;MG;Minas Gerais;3122702;Dom Silvério;True;2023;publica;medio;todos (1-4);85.5;0.863789;290.21;285.2;5.034958;4.3;;128825.538;24641.46;115466.367;22086.15;108260.435;20711.77;7669.9;18276.411;42455.294;27559.44;95961.046;12299.389;Demais serviços;Administração, defesa, educação e saúde públicas e seguridade social;Indústrias de transformação
3;Sudeste;31;MG;Minas Gerais;3122801;Dom Viçoso;True;2023;publica;medio;todos (1-4);95.0;0.958484;298.15;299.2;5.356056;5.1;;50704.475;16382.71;46944.778;15167.94;39045.971;13050.12;8851.287;865.796;10413.921;17902.087;38033.092;1012.88;Administração, defesa, educação e saúde públicas e seguridade social;Demais serviços;Pecuária, inclusive apoio à pecuária
3;Sudeste;31;MG;Minas Gerais;3122900;Dona Euzébia;True;2023;publica;medio;todos (1-4);91.4;0.914664;274.08;275.77;4.667246;4.3;;126626.913;20782.36;108142.242;17748.6;109853.981;16484.69;31826.718;5455.049;32871.664;34343.069;104496.499;5357.482;Administração, defesa, educação e saúde públicas e seguridade social;Agricultura, inclusive apoio à agricultura e a pós colheita;Demais serviços
3;Sudeste;31;MG;Minas Gerais;3123007;Dores de Campos;True;2023;publica;medio;todos (1-4);79.6;0.802672;272.49;295.39;4.938627;4.0;;485976.956;48563.7;370654.717;37039.54;320072.006;31102.13;6287.261;132146.83;80632.832;49941.273;269008.197;51063.809;Indústrias de transformação;Demais serviços;Administração, defesa, educação e saúde públicas e seguridade social
3;Sudeste;31;MG;Minas Gerais;3123106;Dores de Guanhães;True;2023;publica;medio;todos (1-4);93.3;0.93078;271.43;269.18;4.531374;4.2;;190470.271;37874.38;178040.421;35402.75;190688.686;37106.19;10060.014;111012.661;31360.552;29355.427;181788.654;8900.032;Eletricidade e gás, água, esgoto, atividades de gestão de resíduos e descontaminação;Administração, defesa, educação e saúde públicas e seguridade social;Demais serviços
3;Sudeste;31;MG;Minas Gerais;3123205;Dores do Indaiá;True;2023;publica;medio;todos (1-4);91.1;0.915509;264.06;277.79;4.556755;4.2;;398845.159;31579.19;341842.53;27065.92;352243.163;26339.88;56003.237;36418.768;157746.48;65275.603;315444.088;36799.075;Demais serviços;Administração, defesa, educação e saúde públicas e seguridade social;Comércio e reparação de veículos automotores e motocicletas
3;Sudeste;31;MG;Minas Gerais;3123304;Dores do Turvo;True;2023;publica;medio;todos (1-4);98.1;0.982481;275.31;274.43;4.664461;4.6;;76798.359;15399.71;68801.787;13796.23;67068.986;15961.21;19967.837;2189.238;18801.288;23288.382;64246.746;2822.24;Administração, defesa, educação e saúde públicas e seguridade social;Demais serviços;Pecuária, inclusive apoio à pecuária
3;Sudeste;31;MG;Minas Gerais;3123403;Doresópolis;True;2023;publica;medio;todos (1-4);96.3;0.967708;251.27;249.5;3.953617;3.8;;134727.115;92215.68;123362.019;84436.7;84085.291;54636.32;13217.269;32899.48;14729.483;14595.642;75441.874;8643.417;Indústrias de transformação;Demais serviços;Administração, defesa, educação e saúde públicas e seguridade social
3;Sudeste;31;MG;Minas Gerais;3123502;Douradoquara;True;2023;publica;medio;todos (1-4);96.6;0.975891;288.79;285.63;5.021452;4.9;;88740.75;48518.73;84277.709;46078.57;79306.236;41413.18;28396.134;12364.157;16337.362;17425.507;74523.16;4783.076;Administração, defesa, educação e saúde públicas e seguridade social;Demais serviços;Agricultura, inclusive apoio à agricultura e a pós colheita
3;Sudeste;31;MG;Minas Gerais;3123528;Durandé;True;2023;publica;medio;todos (1-4);92.1;0.919993;260.18;273.08;4.431752;4.1;;154213.27;19727.94;195042.317;24951.04;122872.75;15557.45;40049.592;4395.848;35665.596;36323.631;116434.667;6438.083;Agricultura, inclusive apoio à agricultura e a pós colheita;Administração, defesa, educação e saúde públicas e seguridade social;Demais serviços
3;Sudeste;31;MG;Minas Gerais;3123601;Elói Mendes;True;2023;publica;medio;todos (1-4);88.6;0.891834;272.28;282.71;4.745857;4.2;;948341.686;36009.33;924298.108;35096.37;705287.929;24698.41;143199.625;104156.751;247562.644;132967.972;627886.991;77400.937;Demais serviços;Administração, defesa, educação e saúde públicas e seguridade social;Agricultura, inclusive apoio à agricultura e a pós colheita
3;Sudeste;31;MG;Minas Gerais;3123700;Engenheiro Caldas;True;2023;publica;medio;todos (1-4);83.9;0.856175;277.67;270.17;4.633835;4.0;;188885.396;13866.2;167574.156;12301.73;157011.752;13934.31;15036.109;6272.295;63876.059;60720.848;145905.311;11106.441;Administração, defesa, educação e saúde públicas e seguridade social;Demais serviços;Comércio e reparação de veículos automotores e motocicletas
3;Sudeste;31;MG;Minas Gerais;3123809;Engenheiro Navarro;True;2023;publica;medio;todos (1-4);86.7;0.871991;254.86;256.52;4.109128;3.6;;116459.38;18328.51;104272.329;16410.5;92057.378;12715.11;13876.897;4152.898;28291.12;38743.079;85063.994;6993.384;Administração, defesa, educação e saúde públicas e seguridade social;Demais serviços;Comércio e reparação de veículos automotores e motocicletas
3;Sudeste;31;MG;Minas Gerais;3123858;Entre Folhas;True;2023;publica;medio;todos (1-4);95.3;0.94895;326.49;311.58;5.939419;5.6;;82275.065;15886.28;74684.499;14420.64;64894.89;12055.52;5264.704;2992.336;23327.667;30105.234;61689.941;3204.948;Administração, defesa, educação e saúde públicas e seguridade social;Demais serviços;Comércio e reparação de veículos automotores e motocicletas
3;Sudeste;31;MG;Minas Gerais;3123908;Entre Rios de Minas;True;2023;publica;medio;todos (1-4);91.3;0.913593;286.07;282.68;4.939088;4.5;;417306.732;28299.66;364593.726;24724.92;270169.703;17477.66;35763.663;23111.5;115702.45;74303.47;248881.084;21288.619;Demais serviços;Administração, defesa, educação e saúde públicas e seguridade social;Comércio e reparação de veículos automotores e motocicletas
3;Sudeste;31;MG;Minas Gerais;3124005;Ervália;True;2023;publica;medio;todos (1-4);92.1;0.923149;288.98;282.87;4.982803;4.6;;576909.131;28482.31;523466.037;25843.79;409382.613;21524.93;138568.552;21210.646;134957.048;94087.14;388823.387;20559.226;Agricultura, inclusive apoio à agricultura e a pós colheita;Demais serviços;Administração, defesa, educação e saúde públicas e seguridade social
3;Sudeste;31;MG;Minas Gerais;3124104;Esmeraldas;True;2023;publica;medio;todos (1-4);83.8;0.84875;261.71;271.94;4.436175;3.8;;1314690.511;15358.89;1207162.541;14103.35;973278.234;13422.31;49666.806;94673.351;425556.792;328050.002;897946.951;75331.283;Administração, defesa, educação e saúde públicas e seguridade social;Demais serviços;Comércio e reparação de veículos automotores e motocicletas
3;Sudeste;31;MG;Minas Gerais;3124203;Espera Feliz;True;2023;publica;medio;todos (1-4);88.1;0.884244;261.03;266.14;4.339798;3.8;;570798.994;23682.64;830714.285;34466.61;411015.827;16254.04;60691.758;19986.493;181545.062;117513.661;379736.973;31278.854;Demais serviços;Administração, defesa, educação e saúde públicas e seguridade social;Agricultura, inclusive apoio à agricultura e a pós colheita
3;Sudeste;31;MG;Minas Gerais;3124302;Espinosa;True;2023;publica;medio;todos (1-4);89.5;0.900832;263.11;256.17;4.21976;3.8;;472196.909;15510.85;405307.456;13313.65;364023.403;11518.63;18565.509;31371.232;139835.187;147316.088;337088.016;26935.387;Administração, defesa, educação e saúde públicas e seguridade social;Demais serviços;Comércio e reparação de veículos automotores e motocicletas
3;Sudeste;31;MG;Minas Gerais;3124401;Espírito Santo do Dourado;True;2023;publica;medio;todos (1-4);92.3;0.920657;265.69;270.5;4.470517;4.1;;151055.758;22849.15;121181.115;18330.22;122219.331;25850.11;28825.552;18540.768;37162.009;26388.417;110916.746;11302.585;Demais serviços;Administração, defesa, educação e saúde públicas e seguridade social;Agricultura, inclusive apoio à agricultura e a pós colheita
3;Sudeste;31;MG;Minas Gerais;3124500;Estiva;True;2023;publica;medio;todos (1-4);96.7;0.97056;270.98;282.9;4.730443;4.6;;572583.861;49781.24;602366.103;52370.55;601828.708;52718.0;78906.745;199724.978;196804.273;54826.316;530262.311;71566.397;Indústrias de transformação;Demais serviços;Agricultura, inclusive apoio à agricultura e a pós colheita
3;Sudeste;31;MG;Minas Gerais;3124609;Estrela Dalva;True;2023;publica;medio;todos (1-4);93.8;0.937359;247.34;260.17;4.058151;3.8;;51735.89;23666.92;48358.435;22121.88;42891.357;18583.78;10642.466;1538.366;12553.887;16527.696;41262.415;1628.942;Administração, defesa, educação e saúde públicas e seguridade social;Demais serviços;Pecuária, inclusive apoio à pecuária
3;Sudeste;31;MG;Minas Gerais;3124708;Estrela do Indaiá;True;2023;publica;medio;todos (1-4);88.9;0.904399;288.65;293.97;5.144336;4.7;;163895.665;59125.42;140290.917;50610.0;165337.982;47469.99;102756.328;5758.226;30964.237;21028.302;160507.094;4830.889;Agricultura, inclusive apoio à agricultura e a pós colheita;Demais serviços;Pecuária, inclusive apoio à pecuária
3;Sudeste;31;MG;Minas Gerais;3124807;Estrela do Sul;True;2023;publica;medio;todos (1-4);99.0;0.988753;262.51;257.42;4.230045;4.2;;458303.039;67003.37;415826.747;60793.38;351210.713;43590.76;184656.199;45396.673;61553.22;44504.268;336110.359;15100.354;Agricultura, inclusive apoio à agricultura e a pós colheita;Produção florestal, pesca e aquicultura;Demais serviços
3;Sudeste;31;MG;Minas Gerais;3124906;Eugenópolis;True;2023;publica;medio;todos (1-4);84.4;0.853652;269.13;288.7;4.791286;4.1;;243154.7;22512.24;242516.725;22453.17;221740.94;19480.01;48701.543;32092.307;72546.021;53770.771;207110.642;14630.298;Demais serviços;Administração, defesa, educação e saúde públicas e seguridade social;Agricultura, inclusive apoio à agricultura e a pós colheita
3;Sudeste;31;MG;Minas Gerais;3125002;Ewbank da Câmara;True;2023;publica;medio;todos (1-4);83.6;0.829314;259.01;260.21;4.222654;3.5;;71575.592;18471.12;60943.446;15727.34;54345.122;13821.24;4012.745;4959.418;18888.285;22684.443;50544.892;3800.23;Administração, defesa, educação e saúde públicas e seguridade social;Demais serviços;Comércio e reparação de veículos automotores e motocicletas
3;Sudeste;31;MG;Minas Gerais;3125101;Extrema;True;2023;publica;medio;todos (1-4);87.4;0.87259;280.22;280.66;4.826685;4.2;;20204998.576;377790.63;17506036.486;327325.76;13653880.394;362662.5;11357.222;2418815.272;6469966.824;302984.858;9203124.175;4450756.219;Comércio e reparação de veículos automotores e motocicletas;Demais serviços;Indústrias de transformação
3;Sudeste;31;MG;Minas Gerais;3125200;Fama;False;;;;;;;;;;;;68125.526;26425.73;62722.161;24329.78;58616.647;24691.09;20908.699;3168.93;17106.351;15854.243;57038.223;1578.424;Agricultura, inclusive apoio à agricultura e a pós colheita;Demais serviços;Administração, defesa, educação e saúde públicas e seguridade social
3;Sudeste;31;MG;Minas Gerais;3125309;Faria Lemos;True;2023;publica;medio;todos (1-4);90.4;0.908203;270.78;274.03;4.59485;4.2;;79465.644;24926.49;74154.566;23260.53;64355.137;20098.42;24145.737;5250.296;13589.575;19035.837;62021.445;2333.692;Administração, defesa, educação e saúde públicas e seguridade social;Agricultura, inclusive apoio à agricultura e a pós colheita;Demais serviços
3;Sudeste;31;MG;Minas Gerais;3125408;Felício dos Santos;False;;;;;;;;;;;;90314.498;17594.88;81601.309;15897.39;73737.51;15837.09;21635.649;1865.489;19911.864;27608.991;71021.992;2715.518;Administração, defesa, educação e saúde públicas e seguridade social;Demais serviços;Agricultura, inclusive apoio à agricultura e a pós colheita
3;Sudeste;31;MG;Minas Gerais;3125507;São Gonçalo do Rio Preto;True;2023;publica;medio;todos (1-4);96.7;0.966605;269.3;277.84;4.631099;4.5;;59521.522;19631.11;49661.382;16379.08;48741.79;15337.25;8621.1;2879.777;14036.002;20965.839;46502.718;2239.072;Administração, defesa, educação e saúde públicas e seguridade social;Demais serviços;Produção florestal, pesca e aquicultura
3;Sudeste;31;MG;Minas Gerais;3125606;Felisburgo;True;2023;publica;medio;todos (1-4);83.3;0.846747;250.89;251.41;3.976873;3.4;;91368.427;14080.51;77332.939;11917.54;75698.782;10028.99;9273.228;1370.906;23249.812;39338.831;73232.778;2466.004;Administração, defesa, educação e saúde públicas e seguridade social;Demais serviços;Pecuária, inclusive apoio à pecuária
3;Sudeste;31;MG;Minas Gerais;3125705;Felixlândia;True;2023;publica;medio;todos (1-4);77.3;0.79105;276.92;276.5;4.718062;3.7;;315867.475;22597.47;284405.326;20346.64;281135.599;18105.07;66003.439;9319.129;99953.108;81220.226;256495.902;24639.697;Administração, defesa, educação e saúde públicas e seguridade social;Demais serviços;Produção florestal, pesca e aquicultura
3;Sudeste;31;MG;Minas Gerais;3125804;Fernandes Tourinho;False;;;;;;;;;;;;55720.249;19978.58;47683.991;17097.16;45852.472;13100.71;6668.027;1666.659;13784.107;21775.78;43894.572;1957.9;Administração, defesa, educação e saúde públicas e seguridade social;Demais serviços;Pecuária, inclusive apoio à pecuária
3;Sudeste;31;MG;Minas Gerais;3125903;Ferros;True;2023;publica;medio;todos (1-4);97.2;0.973285;254.78;262.09;4.191388;4.1;;163549.232;17054.14;151696.836;15818.23;147934.904;15448.51;29183.484;5438.661;57187.576;46652.892;138462.612;9472.291;Administração, defesa, educação e saúde públicas e seguridade social;Demais serviços;Comércio e reparação de veículos automotores e motocicletas
3;Sudeste;31;MG;Minas Gerais;3125952;Fervedouro;True;2023;publica;medio;todos (1-4);83.9;0.845138;266.4;283.73;4.678542;4.0;;184762.184;17689.06;222412.965;21293.73;156871.962;14132.61;45368.31;5556.346;46172.537;52230.347;149327.54;7544.422;Administração, defesa, educação e saúde públicas e seguridade social;Agricultura, inclusive apoio à agricultura e a pós colheita;Demais serviços
3;Sudeste;31;MG;Minas Gerais;3126000;Florestal;True;2023;publica;medio;todos (1-4);95.6;0.942479;299.34;295.69;5.320225;5.0;;182908.897;22735.72;155554.07;19335.5;142774.991;18781.24;16937.577;13307.387;60932.853;39737.934;130915.75;11859.24;Demais serviços;Administração, defesa, educação e saúde públicas e seguridade social;Comércio e reparação de veículos automotores e motocicletas
3;Sudeste;31;MG;Minas Gerais;3126109;Formiga;True;2023;publica;medio;todos (1-4);92.6;0.927212;287.52;292.29;5.103315;4.7;;2969264.149;43506.98;2661730.497;39000.86;2212488.597;32557.66;258239.996;352434.092;1055898.158;327638.644;1994210.891;218277.706;Demais serviços;Administração, defesa, educação e saúde públicas e seguridade social;Comércio e reparação de veículos automotores e motocicletas
3;Sudeste;31;MG;Minas Gerais;3126208;Formoso;True;2023;publica;medio;todos (1-4);93.3;0.933336;268.27;274.17;4.561693;4.3;;536208.05;67456.04;507507.801;63845.49;314877.224;32097.58;156601.286;11619.411;74452.614;52635.442;295308.753;19568.471;Agricultura, inclusive apoio à agricultura e a pós colheita;Administração, defesa, educação e saúde públicas e seguridade social;Demais serviços
3;Sudeste;31;MG;Minas Gerais;3126307;Fortaleza de Minas;True;2023;publica;medio;todos (1-4);92.3;0.941133;307.15;297.83;5.461952;5.1;;98574.541;28350.46;101509.174;29194.47;111240.628;24941.84;28624.625;26400.413;24287.187;25731.928;105044.153;6196.475;Administração, defesa, educação e saúde públicas e seguridade social;Agricultura, inclusive apoio à agricultura e a pós colheita;Demais serviços
3;Sudeste;31;MG;Minas Gerais;3126406;Fortuna de Minas;True;2023;publica;medio;todos (1-4);93.1;0.927411;271.76;255.22;4.327027;4.0;;70961.247;22942.53;59803.41;19335.08;51258.553;17166.29;11100.571;3801.649;14350.537;19988.21;49240.968;2017.585;Administração, defesa, educação e saúde públicas e seguridade social;Demais serviços;Pecuária, inclusive apoio à pecuária
3;Sudeste;31;MG;Minas Gerais;3126505;Francisco Badaró;True;2023;publica;medio;todos (1-4);92.1;0.932394;270.63;271.19;4.550228;4.2;;91211.621;12382.79;78956.681;10719.07;77801.215;7545.46;6873.006;1307.55;22315.962;44794.655;75291.174;2510.041;Administração, defesa, educação e saúde públicas e seguridade social;Demais serviços;Pecuária, inclusive apoio à pecuária
3;Sudeste;31;MG;Minas Gerais;3126604;Francisco Dumont;True;2023;publica;medio;todos (1-4);92.5;0.929155;250.16;252.98;3.990123;3.7;;106412.427;23631.45;79709.022;17701.32;75589.243;14348.76;22578.523;2661.729;16808.867;29570.988;71620.108;3969.135;Administração, defesa, educação e saúde públicas e seguridade social;Produção florestal, pesca e aquicultura;Demais serviços
3;Sudeste;31;MG;Minas Gerais;3126703;Francisco Sá;True;2023;publica;medio;todos (1-4);86.3;0.873153;259.58;256.45;4.174373;3.6;;532917.976;22700.54;499307.288;21268.84;452039.744;17084.54;44167.178;15791.409;214235.46;122379.336;396573.383;55466.362;Administração, defesa, educação e saúde públicas e seguridade social;Demais serviços;Comércio e reparação de veículos automotores e motocicletas
3;Sudeste;31;MG;Minas Gerais;3126752;Franciscópolis;True;2023;publica;medio;todos (1-4);81.3;0.84092;277.83;286.64;4.882639;4.1;;95098.13;18891.17;92468.63;18368.82;101190.431;19139.48;16439.486;29606.786;21026.885;31038.389;98111.546;3078.886;Administração, defesa, educação e saúde públicas e seguridade social;Indústrias extrativas;Demais serviços
3;Sudeste;31;MG;Minas Gerais;3126802;Frei Gaspar;True;2023;publica;medio;todos (1-4);94.0;0.94299;259.69;264.68;4.299121;4.1;;91083.395;16149.54;77422.614;13727.41;80089.325;13671.79;23887.096;2450.859;18620.726;32379.315;77337.997;2751.327;Administração, defesa, educação e saúde públicas e seguridade social;Demais serviços;Pecuária, inclusive apoio à pecuária
3;Sudeste;31;MG;Minas Gerais;3126901;Frei Inocêncio;False;;;;;;;;;;;;173509.214;21092.78;168192.094;20446.4;150514.469;15491.4;12081.31;23500.264;58643.043;45352.592;139577.208;10937.261;Administração, defesa, educação e saúde públicas e seguridade social;Demais serviços;Eletricidade e gás, água, esgoto, atividades de gestão de resíduos e descontaminação
3;Sudeste;31;MG;Minas Gerais;3126950;Frei Lagonegro;True;2023;publica;medio;todos (1-4);97.2;0.975709;252.09;237.15;3.780254;3.7;;50932.766;15019.98;42805.746;12623.34;35557.969;10171.04;7655.799;605.574;8073.412;18231.94;34566.726;991.243;Administração, defesa, educação e saúde públicas e seguridade social;Demais serviços;Pecuária, inclusive apoio à pecuária
3;Sudeste;31;MG;Minas Gerais;3127008;Fronteira;True;2023;publica;medio;todos (1-4);82.0;0.836407;265.35;273.18;4.505861;3.8;;1090434.189;74995.47;748730.384;51519.33;935386.424;49580.54;14944.126;667519.205;117626.441;118381.62;918471.392;16915.032;Eletricidade e gás, água, esgoto, atividades de gestão de resíduos e descontaminação;Administração, defesa, educação e saúde públicas e seguridade social;Demais serviços
3;Sudeste;31;MG;Minas Gerais;3127057;Fronteira dos Vales;False;;;;;;;;;;;;57796.324;13301.8;53194.46;12242.68;48923.593;10771.38;7919.177;829.478;12542.33;26447.337;47738.321;1185.272;Administração, defesa, educação e saúde públicas e seguridade social;Demais serviços;Pecuária, inclusive apoio à pecuária
3;Sudeste;31;MG;Minas Gerais;3127073;Fruta de Leite;True;2023;publica;medio;todos (1-4);95.0;0.951827;257.09;247.51;4.005568;3.8;;57436.617;12359.93;50424.792;10851.04;47074.935;8997.5;3577.059;1956.618;11413.683;28613.664;45561.024;1513.911;Administração, defesa, educação e saúde públicas e seguridade social;Demais serviços;Construção
3;Sudeste;31;MG;Minas Gerais;3127107;Frutal;True;2023;publica;medio;todos (1-4);84.4;0.851202;259.55;261.02;4.242364;3.6;;4026768.689;68730.26;3084987.27;52655.62;2472972.017;40870.17;413665.469;358143.91;1007364.148;310607.557;2089781.084;383190.933;Demais serviços;Agricultura, inclusive apoio à agricultura e a pós colheita;Administração, defesa, educação e saúde públicas e seguridade social
3;Sudeste;31;MG;Minas Gerais;3127206;Funilândia;True;2023;publica;medio;todos (1-4);92.1;0.931901;276.72;270.52;4.625732;4.3;;111147.827;23719.13;96696.6;20635.21;83299.85;18786.61;15040.685;11772.903;21972.192;29375.243;78161.022;5138.828;Administração, defesa, educação e saúde públicas e seguridade social;Demais serviços;Construção
3;Sudeste;31;MG;Minas Gerais;3127305;Galiléia;False;;;;;;;;;;;;126802.223;20379.66;110317.975;17730.31;113698.807;16809.4;17937.383;23055.266;33368.807;34611.301;108972.756;4726.051;Administração, defesa, educação e saúde públicas e seguridade social;Demais serviços;Indústrias extrativas
3;Sudeste;31;MG;Minas Gerais;3127339;Gameleiras;True;2023;publica;medio;todos (1-4);98.3;0.982628;258.12;251.72;4.083059;4.0;;74869.089;15620.51;65812.885;13731.04;57342.391;11278.99;8595.365;1189.06;14402.548;30731.848;54918.821;2423.57;Administração, defesa, educação e saúde públicas e seguridade social;Demais serviços;Pecuária, inclusive apoio à pecuária
3;Sudeste;31;MG;Minas Gerais;3127354;Glaucilândia;True;2023;publica;medio;todos (1-4);90.8;0.917728;263.87;252.32;4.172799;3.8;;55389.691;18917.24;47510.603;16226.3;41125.695;12944.82;4822.327;4140.426;9656.749;20672.988;39292.49;1833.205;Administração, defesa, educação e saúde públicas e seguridade social;Demais serviços;Pecuária, inclusive apoio à pecuária
3;Sudeste;31;MG;Minas Gerais;3127370;Goiabeira;False;;;;;;;;;;;;57041.944;20156.16;51302.089;18127.95;49897.749;14667.18;6545.291;1377.927;17406.367;21677.377;47006.961;2890.787;Administração, defesa, educação e saúde públicas e seguridade social;Demais serviços;Comércio e reparação de veículos automotores e motocicletas
3;Sudeste;31;MG;Minas Gerais;3127388;Goianá;True;2023;publica;medio;todos (1-4);91.4;0.902663;252.71;254.38;4.046896;3.7;;104453.506;25771.9;75115.308;18533.26;62242.302;15506.3;4712.534;3262.197;25822.764;24416.47;58213.965;4028.338;Administração, defesa, educação e saúde públicas e seguridade social;Demais serviços;Comércio e reparação de veículos automotores e motocicletas
3;Sudeste;31;MG;Minas Gerais;3127404;Gonçalves;False;;;;;;;;;;;;124200.379;26274.67;106374.522;22460.84;94304.714;21629.52;11314.496;6490.177;42941.117;24950.442;85696.232;8608.483;Demais serviços;Administração, defesa, educação e saúde públicas e seguridade social;Comércio e reparação de veículos automotores e motocicletas
3;Sudeste;31;MG;Minas Gerais;3127503;Gonzaga;True;2023;publica;medio;todos (1-4);90.9;0.914086;261.53;275.71;4.490084;4.1;;92850.186;17753.38;77889.348;14892.8;68965.001;11152.17;7613.899;3555.766;21518.64;32912.463;65600.768;3364.233;Administração, defesa, educação e saúde públicas e seguridade social;Demais serviços;Comércio e reparação de veículos automotores e motocicletas
3;Sudeste;31;MG;Minas Gerais;3127602;Gouveia;True;2023;publica;medio;todos (1-4);92.8;0.928587;267.03;273.28;4.530954;4.2;;205956.861;18176.41;188430.794;16629.67;198843.315;16835.43;9034.075;44915.395;71577.365;59375.122;184901.957;13941.358;Administração, defesa, educação e saúde públicas e seguridade social;Demais serviços;Indústrias extrativas
3;Sudeste;31;MG;Minas Gerais;3127701;Governador Valadares;True;2023;publica;medio;todos (1-4);85.9;0.865636;275.39;283.83;4.806303;4.2;;8612265.515;33488.48;8028768.762;31219.45;7382103.923;26162.46;65862.532;848298.149;4130148.099;1481769.877;6526078.656;856025.267;Demais serviços;Administração, defesa, educação e saúde públicas e seguridade social;Comércio e reparação de veículos automotores e motocicletas
3;Sudeste;31;MG;Minas Gerais;3127800;Grão Mogol;True;2023;publica;medio;todos (1-4);93.1;0.929112;258.02;265.59;4.289289;4.0;;817459.322;58805.79;525199.394;37781.41;770835.526;48349.47;184815.8;437027.997;56573.9;81710.935;760128.632;10706.893;Eletricidade e gás, água, esgoto, atividades de gestão de resíduos e descontaminação;Produção florestal, pesca e aquicultura;Administração, defesa, educação e saúde públicas e seguridade social
3;Sudeste;31;MG;Minas Gerais;3127909;Grupiara;False;;;;;;;;;;;;51558.24;37038.97;49746.321;35737.3;44192.988;31885.27;12477.119;1529.679;10358.201;18718.74;43083.738;1109.25;Administração, defesa, educação e saúde públicas e seguridade social;Demais serviços;Agricultura, inclusive apoio à agricultura e a pós colheita
3;Sudeste;31;MG;Minas Gerais;3128006;Guanhães;True;2023;publica;medio;todos (1-4);81.6;0.821288;257.02;252.66;4.081681;3.4;;1284431.621;39834.75;1087755.107;33735.12;996792.245;28628.65;48640.831;229837.297;451476.694;164680.795;894635.617;102156.628;Demais serviços;Administração, defesa, educação e saúde públicas e seguridade social;Comércio e reparação de veículos automotores e motocicletas
3;Sudeste;31;MG;Minas Gerais;3128105;Guapé;True;2023;publica;medio;todos (1-4);87.8;0.881773;288.08;279.62;4.92151;4.3;;499821.825;36292.61;459855.157;33390.59;390740.979;27383.91;167531.854;14947.179;109738.297;79613.908;371831.237;18909.742;Agricultura, inclusive apoio à agricultura e a pós colheita;Demais serviços;Administração, defesa, educação e saúde públicas e seguridade social
3;Sudeste;31;MG;Minas Gerais;3128204;Guaraciaba;True;2023;publica;medio;todos (1-4);99.6;0.996306;276.31;272.62;4.65141;4.6;;132453.764;13580.82;118989.693;12200.32;115210.781;11177.92;21988.44;5991.317;34461.383;48625.512;111066.652;4144.129;Administração, defesa, educação e saúde públicas e seguridade social;Demais serviços;Agricultura, inclusive apoio à agricultura e a pós colheita
3;Sudeste;31;MG;Minas Gerais;3128253;Guaraciama;True;2023;publica;medio;todos (1-4);97.8;0.981;257.32;245.93;3.985146;3.9;;83745.323;16579.95;67716.361;13406.53;78006.391;15585.69;30401.476;1973.076;14199.15;29253.174;75826.875;2179.515;Administração, defesa, educação e saúde públicas e seguridade social;Produção florestal, pesca e aquicultura;Demais serviços
3;Sudeste;31;MG;Minas Gerais;3128303;Guaranésia;True;2023;publica;medio;todos (1-4);81.4;0.823804;251.08;260.35;4.113374;3.4;;811249.322;42362.89;744283.763;38865.99;549497.746;28899.64;41992.478;171371.147;160456.89;95427.553;469248.068;80249.678;Indústrias de transformação;Demais serviços;Administração, defesa, educação e saúde públicas e seguridade social
3;Sudeste;31;MG;Minas Gerais;3128402;Guarani;True;2023;publica;medio;todos (1-4);80.6;0.836536;291.99;298.8;5.263551;4.4;;226179.735;29320.68;190852.469;24741.05;173382.665;19424.45;22761.505;34235.312;56701.934;43683.838;157382.589;16000.076;Demais serviços;Administração, defesa, educação e saúde públicas e seguridade social;Indústrias de transformação
3;Sudeste;31;MG;Minas Gerais;3128501;Guarará;True;2023;publica;medio;todos (1-4);91.3;0.913714;288.36;271.3;4.800891;4.4;;72282.659;22954.16;63807.363;20262.74;57624.309;15346.02;5500.26;6785.584;18297.972;23230.777;53814.594;3809.715;Administração, defesa, educação e saúde públicas e seguridade social;Demais serviços;Indústrias de transformação
3;Sudeste;31;MG;Minas Gerais;3128600;Guarda-Mor;True;2023;publica;medio;todos (1-4);86.9;0.862825;254.15;256.57;4.099905;3.5;;889875.319;136087.37;918639.315;140486.21;750764.846;114480.76;521503.995;32409.58;124374.111;46872.734;725160.42;25604.426;Agricultura, inclusive apoio à agricultura e a pós colheita;Demais serviços;Administração, defesa, educação e saúde públicas e seguridade social
3;Sudeste;31;MG;Minas Gerais;3128709;Guaxupé;True;2023;publica;medio;todos (1-4);85.2;0.858377;270.11;279.51;4.667475;4.0;;2431559.589;47760.99;3912373.159;76847.31;2806751.376;53734.18;51222.313;553485.627;1424652.709;254996.034;2284356.682;522394.694;Demais serviços;Comércio e reparação de veículos automotores e motocicletas;Indústrias de transformação
3;Sudeste;31;MG;Minas Gerais;3128808;Guidoval;True;2023;publica;medio;todos (1-4);81.3;0.814455;292.62;291.4;5.161621;4.2;;134343.372;18839.35;131187.329;18396.76;123261.67;17543.65;14081.76;24273.495;39225.603;36896.864;114477.723;8783.947;Administração, defesa, educação e saúde públicas e seguridade social;Demais serviços;Indústrias de transformação
3;Sudeste;31;MG;Minas Gerais;3128907;Guimarânia;True;2023;publica;medio;todos (1-4);87.2;0.88466;272.2;281.28;4.723326;4.2;;359323.698;42383.07;333130.726;39293.55;327591.513;40106.7;124602.755;79590.515;66832.969;42384.975;313411.215;14180.299;Agricultura, inclusive apoio à agricultura e a pós colheita;Eletricidade e gás, água, esgoto, atividades de gestão de resíduos e descontaminação;Demais serviços
3;Sudeste;31;MG;Minas Gerais;3129004;Guiricema;True;2023;publica;medio;todos (1-4);94.9;0.951667;287.48;290.14;5.070568;4.8;;135879.587;17469.73;120001.097;15428.27;114327.227;13781.01;23317.129;8509.397;35549.153;38791.065;106166.745;8160.482;Administração, defesa, educação e saúde públicas e seguridade social;Demais serviços;Pecuária, inclusive apoio à pecuária
3;Sudeste;31;MG;Minas Gerais;3129103;Gurinhatã;False;;;;;;;;;;;;238367.948;45910.62;217168.319;41827.49;180788.045;32775.21;109750.438;4036.466;29838.664;31293.689;174919.257;5868.787;Pecuária, inclusive apoio à pecuária;Agricultura, inclusive apoio à agricultura e a pós colheita;Administração, defesa, educação e saúde públicas e seguridade social
3;Sudeste;31;MG;Minas Gerais;3129202;Heliodora;True;2023;publica;medio;todos (1-4);96.5;0.965862;279.18;279.65;4.796959;4.6;;156943.337;25585.81;146293.797;23849.66;133434.54;20147.14;41483.098;5568.025;47605.493;30957.548;125614.165;7820.375;Demais serviços;Agricultura, inclusive apoio à agricultura e a pós colheita;Administração, defesa, educação e saúde públicas e seguridade social
3;Sudeste;31;MG;Minas Gerais;3129301;Iapu;True;2023;publica;medio;todos (1-4);95.2;0.952618;277.22;280.67;4.7847;4.6;;206568.559;17171.12;215368.764;17902.64;176379.627;15911.56;17272.154;29068.115;61727.725;53852.926;161920.919;14458.708;Administração, defesa, educação e saúde públicas e seguridade social;Demais serviços;Indústrias de transformação
3;Sudeste;31;MG;Minas Gerais;3129400;Ibertioga;False;;;;;;;;;;;;120874.777;23254.09;110483.649;21255.03;103540.03;20712.15;41620.57;3505.492;25635.256;29391.34;100152.658;3387.372;Administração, defesa, educação e saúde públicas e seguridade social;Agricultura, inclusive apoio à agricultura e a pós colheita;Demais serviços
3;Sudeste;31;MG;Minas Gerais;3129509;Ibiá;True;2023;publica;medio;todos (1-4);85.2;0.863164;275.19;282.09;4.777447;4.1;;1701475.145;76543.04;1641283.913;73835.26;1534623.779;60155.38;479992.761;273327.876;481802.645;133072.413;1368195.695;166428.084;Agricultura, inclusive apoio à agricultura e a pós colheita;Demais serviços;Indústrias de transformação
3;Sudeste;31;MG;Minas Gerais;3129608;Ibiaí;True;2023;publica;medio;todos (1-4);87.6;0.885413;262.36;273.96;4.475543;4.0;;123723.762;19682.43;134720.011;21431.75;114948.035;13558.39;34060.457;4731.061;27461.471;42265.234;108518.223;6429.811;Administração, defesa, educação e saúde públicas e seguridade social;Agricultura, inclusive apoio à agricultura e a pós colheita;Demais serviços
3;Sudeste;31;MG;Minas Gerais;3129657;Ibiracatu;True;2023;publica;medio;todos (1-4);96.5;0.968144;257.69;252.19;4.084055;4.0;;62187.813;12239.29;54817.92;10788.81;51252.323;9597.81;3828.998;1689.083;13441.54;30826.537;49786.158;1466.165;Administração, defesa, educação e saúde públicas e seguridade social;Demais serviços;Pecuária, inclusive apoio à pecuária
3;Sudeste;31;MG;Minas Gerais;3129707;Ibiraci;True;2023;publica;medio;todos (1-4);87.0;0.878381;276.02;281.69;4.783116;4.2;;895829.172;81825.83;728550.208;66546.42;728232.156;51545.31;138202.605;344484.936;137367.148;74326.754;694381.443;33850.713;Eletricidade e gás, água, esgoto, atividades de gestão de resíduos e descontaminação;Agricultura, inclusive apoio à agricultura e a pós colheita;Demais serviços
3;Sudeste;31;MG;Minas Gerais;3129806;Ibirité;True;2023;publica;medio;todos (1-4);84.3;0.850483;273.79;274.29;4.641017;3.9;;3235632.471;18973.2;3073444.819;18038.02;3202480.113;17401.95;2938.069;1180375.745;894575.79;846005.158;2923894.762;278585.351;Administração, defesa, educação e saúde públicas e seguridade social;Demais serviços;Eletricidade e gás, água, esgoto, atividades de gestão de resíduos e descontaminação
3;Sudeste;31;MG;Minas Gerais;3129905;Ibitiúra de Minas;True;2023;publica;medio;todos (1-4);91.7;0.919984;251.55;256.9;4.068328;3.7;;75923.924;22562.83;80149.221;23818.49;77622.484;22196.88;26006.213;3964.436;23113.839;20278.072;73362.56;4259.924;Agricultura, inclusive apoio à agricultura e a pós colheita;Administração, defesa, educação e saúde públicas e seguridade social;Demais serviços
3;Sudeste;31;MG;Minas Gerais;3130002;Ibituruna;True;2023;publica;medio;todos (1-4);98.9;0.982759;269.05;278.71;4.640612;4.6;;72846.42;27000.16;62721.819;23247.52;59365.491;19768.73;21001.229;2082.154;15259.164;18378.964;56721.511;2643.98;Administração, defesa, educação e saúde públicas e seguridade social;Demais serviços;Agricultura, inclusive apoio à agricultura e a pós colheita
3;Sudeste;31;MG;Minas Gerais;3130051;Icaraí de Minas;True;2023;publica;medio;todos (1-4);91.5;0.912487;258.3;260.09;4.210886;3.8;;126584.47;11855.81;114602.785;10733.61;111419.448;9132.74;24440.74;4044.416;24395.745;55172.544;108053.445;3366.003;Administração, defesa, educação e saúde públicas e seguridade social;Demais serviços;Pecuária, inclusive apoio à pecuária
3;Sudeste;31;MG;Minas Gerais;3130101;Igarapé;True;2023;publica;medio;todos (1-4);86.6;0.877782;267.65;265.15;4.417955;3.9;;1401823.85;30576.13;1206081.766;26306.67;966978.336;21700.1;88040.239;176874.591;385291.394;223262.25;873468.473;93509.863;Demais serviços;Administração, defesa, educação e saúde públicas e seguridade social;Indústrias de transformação
3;Sudeste;31;MG;Minas Gerais;3130200;Igaratinga;True;2023;publica;medio;todos (1-4);89.2;0.905639;280.93;284.68;4.896837;4.4;;831526.667;76779.93;762874.301;70440.84;577884.474;51846.8;49856.585;206563.242;176310.348;55046.632;487776.808;90107.666;Indústrias de transformação;Demais serviços;Administração, defesa, educação e saúde públicas e seguridade social
3;Sudeste;31;MG;Minas Gerais;3130309;Iguatama;False;;;;;;;;;;;;569668.718;83455.72;556687.807;81554.03;586931.284;74285.7;131645.366;209144.436;125768.008;37045.2;503603.01;83328.274;Indústrias de transformação;Agricultura, inclusive apoio à agricultura e a pós colheita;Demais serviços
3;Sudeste;31;MG;Minas Gerais;3130408;Ijaci;True;2023;publica;medio;todos (1-4);95.9;0.964201;257.22;268.96;4.328502;4.2;;601865.287;85943.92;564038.916;80542.47;494349.183;74148.67;15808.559;273620.605;82616.707;38073.937;410119.809;84229.374;Indústrias de transformação;Demais serviços;Administração, defesa, educação e saúde públicas e seguridade social
3;Sudeste;31;MG;Minas Gerais;3130507;Ilicínea;True;2023;publica;medio;todos (1-4);92.8;0.931245;283.2;278.4;4.834707;4.5;;314564.988;24689.19;292707.843;22973.69;265457.276;21217.91;90096.307;12022.116;85826.457;62149.627;250094.508;15362.768;Agricultura, inclusive apoio à agricultura e a pós colheita;Administração, defesa, educação e saúde públicas e seguridade social;Demais serviços
3;Sudeste;31;MG;Minas Gerais;3130556;Imbé de Minas;True;2023;publica;medio;todos (1-4);94.7;0.95116;274.84;271.85;4.619237;4.4;;129944.598;18600.72;139946.71;20032.45;101195.736;14506.27;38535.054;3330.324;21425.599;35318.558;98609.536;2586.2;Administração, defesa, educação e saúde públicas e seguridade social;Agricultura, inclusive apoio à agricultura e a pós colheita;Demais serviços
3;Sudeste;31;MG;Minas Gerais;3130606;Inconfidentes;True;2023;publica;medio;todos (1-4);94.6;0.951932;292.83;287.36;5.104092;4.9;;175312.803;24012.16;176008.154;24107.4;132560.09;17945.05;36173.057;10767.392;39984.173;36818.905;123743.527;8816.563;Administração, defesa, educação e saúde públicas e seguridade social;Agricultura, inclusive apoio à agricultura e a pós colheita;Demais serviços
3;Sudeste;31;MG;Minas Gerais;3130655;Indaiabira;True;2023;publica;medio;todos (1-4);97.7;0.976664;265.67;267.96;4.432212;4.3;;96825.456;15257.71;87898.785;13851.05;87299.551;11913.15;24823.051;7343.249;16252.42;36450.853;84869.573;2429.978;Administração, defesa, educação e saúde públicas e seguridade social;Demais serviços;Agricultura, inclusive apoio à agricultura e a pós colheita
3;Sudeste;31;MG;Minas Gerais;3130705;Indianópolis;True;2023;publica;medio;todos (1-4);87.9;0.899527;277.39;274.65;4.696968;4.2;;2150116.581;348422.72;861720.469;139640.33;875623.444;124928.44;255033.681;411412.695;99290.435;49073.514;814810.326;60813.118;Construção;Agricultura, inclusive apoio à agricultura e a pós colheita;Eletricidade e gás, água, esgoto, atividades de gestão de resíduos e descontaminação
3;Sudeste;31;MG;Minas Gerais;3130804;Ingaí;True;2023;publica;medio;todos (1-4);90.8;0.911471;273.33;271.11;4.586952;4.2;;163203.396;63257.13;135273.033;52431.41;115688.894;41540.0;55695.984;13266.174;21370.667;19329.451;109662.277;6026.617;Agricultura, inclusive apoio à agricultura e a pós colheita;Demais serviços;Administração, defesa, educação e saúde públicas e seguridade social
3;Sudeste;31;MG;Minas Gerais;3130903;Inhapim;True;2023;publica;medio;todos (1-4);95.4;0.955384;279.85;287.23;4.919842;4.7;;543259.654;23940.58;501842.95;22115.41;404765.944;16851.2;66999.607;20168.834;178550.931;114096.184;379815.556;24950.388;Demais serviços;Administração, defesa, educação e saúde públicas e seguridade social;Agricultura, inclusive apoio à agricultura e a pós colheita
3;Sudeste;31;MG;Minas Gerais;3131000;Inhaúma;True;2023;publica;medio;todos (1-4);88.0;0.888605;264.01;261.05;4.305454;3.8;;157760.257;25286.14;147426.201;23629.78;145760.514;22947.18;22827.382;28988.672;44108.527;37050.142;132974.723;12785.791;Demais serviços;Administração, defesa, educação e saúde públicas e seguridade social;Pecuária, inclusive apoio à pecuária
3;Sudeste;31;MG;Minas Gerais;3131109;Inimutaba;True;2023;publica;medio;todos (1-4);94.5;0.946702;242.88;244.57;3.761978;3.6;;109322.158;14831.39;104620.765;14193.56;90714.035;11928.21;13001.288;8264.099;27345.459;36333.415;84944.262;5769.773;Administração, defesa, educação e saúde públicas e seguridade social;Demais serviços;Pecuária, inclusive apoio à pecuária
3;Sudeste;31;MG;Minas Gerais;3131158;Ipaba;True;2023;publica;medio;todos (1-4);86.7;0.870033;272.43;278.01;4.677605;4.1;;225484.82;13158.54;191442.709;11171.96;180272.402;9525.12;1868.701;9320.446;69445.576;89471.174;170105.896;10166.506;Administração, defesa, educação e saúde públicas e seguridade social;Demais serviços;Comércio e reparação de veículos automotores e motocicletas
3;Sudeste;31;MG;Minas Gerais;3131208;Ipanema;True;2023;publica;medio;todos (1-4);99.7;0.996306;276.38;269.43;4.604639;4.6;;423411.376;21688.93;397402.303;20356.64;344482.084;17110.32;27228.082;32175.774;154290.201;99034.813;312728.871;31753.214;Demais serviços;Administração, defesa, educação e saúde públicas e seguridade social;Comércio e reparação de veículos automotores e motocicletas
3;Sudeste;31;MG;Minas Gerais;3131307;Ipatinga;True;2023;publica;medio;todos (1-4);85.4;0.858296;280.72;283.84;4.881313;4.2;;16870238.851;74079.68;18957034.814;83243.1;17607739.764;65864.45;3358.034;9194725.071;5139848.316;1302407.61;15640339.03;1967400.733;Indústrias de transformação;Demais serviços;Administração, defesa, educação e saúde públicas e seguridade social
3;Sudeste;31;MG;Minas Gerais;3131406;Ipiaçu;False;;;;;;;;;;;;230520.968;61065.16;217351.953;57576.68;183042.644;43282.73;105370.268;8095.739;35663.812;28552.538;177682.357;5360.287;Agricultura, inclusive apoio à agricultura e a pós colheita;Demais serviços;Administração, defesa, educação e saúde públicas e seguridade social
3;Sudeste;31;MG;Minas Gerais;3131505;Ipuiúna;False;;;;;;;;;;;;223413.372;24456.86;198705.324;21752.09;188546.522;18565.04;36810.467;10289.082;78664.259;48625.657;174389.465;14157.057;Demais serviços;Administração, defesa, educação e saúde públicas e seguridade social;Agricultura, inclusive apoio à agricultura e a pós colheita
3;Sudeste;31;MG;Minas Gerais;3131604;Iraí de Minas;True;2023;publica;medio;todos (1-4);90.6;0.910893;274.2;273.67;4.637494;4.2;;455213.734;63400.24;344281.142;47950.02;301449.639;42655.96;93423.697;49350.326;92322.055;37007.173;272103.251;29346.387;Demais serviços;Agricultura, inclusive apoio à agricultura e a pós colheita;Indústrias de transformação
3;Sudeste;31;MG;Minas Gerais;3131703;Itabira;True;2023;publica;medio;todos (1-4);86.1;0.866854;277.92;285.49;4.866687;4.2;;7434200.081;65590.29;7361373.416;64947.76;14971550.437;123002.95;24520.366;10408560.785;3474565.121;601371.222;14509017.494;462532.942;Indústrias extrativas;Demais serviços;Administração, defesa, educação e saúde públicas e seguridade social
3;Sudeste;31;MG;Minas Gerais;3131802;Itabirinha;True;2023;publica;medio;todos (1-4);91.0;0.913675;273.84;274.16;4.639773;4.2;;182486.722;17611.15;161417.558;15577.84;136366.42;11718.35;11006.281;11794.139;53970.73;52402.203;129173.353;7193.067;Administração, defesa, educação e saúde públicas e seguridade social;Demais serviços;Comércio e reparação de veículos automotores e motocicletas
3;Sudeste;31;MG;Minas Gerais;3131901;Itabirito;True;2023;publica;medio;todos (1-4);88.1;0.889245;294.33;298.89;5.297764;4.7;;7160444.102;134178.66;7258818.69;136233.98;13139281.552;247929.68;8516.846;9350839.4;2818662.335;422544.622;12600563.203;538718.349;Indústrias extrativas;Demais serviços;Administração, defesa, educação e saúde públicas e seguridade social
3;Sudeste;31;MG;Minas Gerais;3132008;Itacambira;True;2023;publica;medio;todos (1-4);99.3;0.993243;282.54;270.26;4.703581;4.7;;72423.371;17032.78;62076.964;14599.47;61709.441;11329.07;21653.643;999.101;9153.552;28212.041;60018.337;1691.104;Administração, defesa, educação e saúde públicas e seguridade social;Produção florestal, pesca e aquicultura;Demais serviços
3;Sudeste;31;MG;Minas Gerais;3132107;Itacarambi;True;2023;publica;medio;todos (1-4);88.1;0.8857;257.53;261.3;4.218185;3.7;;292850.107;17018.25;244991.7;14237.08;226687.431;12472.49;31303.287;13425.264;73883.969;92757.27;211369.79;15317.641;Administração, defesa, educação e saúde públicas e seguridade social;Demais serviços;Agricultura, inclusive apoio à agricultura e a pós colheita
3;Sudeste;31;MG;Minas Gerais;3132206;Itaguara;True;2023;publica;medio;todos (1-4);89.7;0.90513;291.91;286.59;5.079643;4.6;;466010.107;33656.66;447167.594;32295.8;402203.951;29770.83;31078.474;87517.931;167037.706;69964.263;355598.373;46605.578;Demais serviços;Indústrias de transformação;Administração, defesa, educação e saúde públicas e seguridade social
3;Sudeste;31;MG;Minas Gerais;3132305;Itaipé;True;2023;publica;medio;todos (1-4);75.1;0.790274;270.67;277.63;4.647197;3.7;;143638.883;13728.27;125234.068;11969.23;121610.639;9419.88;10471.406;2935.033;38095.981;65342.926;116845.346;4765.292;Administração, defesa, educação e saúde públicas e seguridade social;Demais serviços;Comércio e reparação de veículos automotores e motocicletas
3;Sudeste;31;MG;Minas Gerais;3132404;Itajubá;True;2023;publica;medio;todos (1-4);88.1;0.885254;282.81;287.66;4.967852;4.4;;4497959.389;48327.22;4121333.696;44280.66;3611716.284;36936.41;16018.643;1069961.267;1458480.747;452169.27;2996629.927;615086.357;Demais serviços;Indústrias de transformação;Administração, defesa, educação e saúde públicas e seguridade social
3;Sudeste;31;MG;Minas Gerais;3132503;Itamarandiba;True;2023;publica;medio;todos (1-4);89.3;0.896573;282.59;283.16;4.897397;4.4;;669899.563;20332.03;636219.161;19309.8;647442.593;18429.91;223822.15;46227.927;181736.947;163286.166;615073.189;32369.404;Produção florestal, pesca e aquicultura;Administração, defesa, educação e saúde públicas e seguridade social;Demais serviços
3;Sudeste;31;MG;Minas Gerais;3132602;Itamarati de Minas;True;2023;publica;medio;todos (1-4);93.3;0.935846;280.66;287.16;4.930171;4.6;;73660.005;19962.06;65478.43;17744.83;67305.096;15314.02;16730.781;3335.006;18303.894;25925.807;64295.488;3009.608;Administração, defesa, educação e saúde públicas e seguridade social;Demais serviços;Agricultura, inclusive apoio à agricultura e a pós colheita
3;Sudeste;31;MG;Minas Gerais;3132701;Itambacuri;True;2023;publica;medio;todos (1-4);77.3;0.778687;251.04;251.1;3.974339;3.1;;415054.966;19725.07;370460.166;17605.75;341003.497;14693.99;42929.163;23653.736;141212.149;107633.138;315428.186;25575.311;Demais serviços;Administração, defesa, educação e saúde públicas e seguridade social;Pecuária, inclusive apoio à pecuária
3;Sudeste;31;MG;Minas Gerais;3132800;Itambé do Mato Dentro;True;2023;publica;medio;todos (1-4);89.8;0.896852;269.69;275.75;4.605289;4.1;;43137.654;20138.96;40712.623;19006.83;35862.511;17648.87;6428.49;760.577;11049.774;15816.424;34055.265;1807.245;Administração, defesa, educação e saúde públicas e seguridade social;Demais serviços;Pecuária, inclusive apoio à pecuária
3;Sudeste;31;MG;Minas Gerais;3132909;Itamogi;True;2023;publica;medio;todos (1-4);84.4;0.854878;267.0;271.53;4.504335;3.9;;348466.857;32355.33;346912.607;32211.01;236282.895;23343.5;74592.502;8825.702;82840.056;53474.906;219733.165;16549.73;Agricultura, inclusive apoio à agricultura e a pós colheita;Demais serviços;Administração, defesa, educação e saúde públicas e seguridade social
3;Sudeste;31;MG;Minas Gerais;3133006;Itamonte;True;2023;publica;medio;todos (1-4);84.0;0.848821;276.55;277.8;4.732326;4.0;;1087902.966;73576.56;805016.39;54444.5;1181670.936;74581.6;19960.593;593763.0;290540.31;72644.075;976907.977;204762.958;Indústrias de transformação;Demais serviços;Administração, defesa, educação e saúde públicas e seguridade social
3;Sudeste;31;MG;Minas Gerais;3133105;Itanhandu;True;2023;publica;medio;todos (1-4);95.0;0.950573;283.93;283.36;4.919211;4.7;;649276.352;42614.62;557979.799;36622.46;470089.292;30306.83;175470.0;35447.762;153182.014;77925.671;442025.447;28063.845;Pecuária, inclusive apoio à pecuária;Demais serviços;Administração, defesa, educação e saúde públicas e seguridade social
3;Sudeste;31;MG;Minas Gerais;3133204;Itanhomi;True;2023;publica;medio;todos (1-4);76.6;0.782118;277.88;271.5;4.656694;3.6;;178778.4;16065.64;159556.071;14338.25;151255.998;12338.36;17312.22;9877.371;57758.536;59887.443;144835.569;6420.428;Administração, defesa, educação e saúde públicas e seguridade social;Demais serviços;Pecuária, inclusive apoio à pecuária
3;Sudeste;31;MG;Minas Gerais;3133303;Itaobim;True;2023;publica;medio;todos (1-4);82.2;0.830663;267.27;274.82;4.557378;3.8;;375951.855;19630.93;355199.139;18547.29;308689.765;14701.61;8640.798;15744.541;154032.853;102688.855;281107.047;27582.718;Demais serviços;Administração, defesa, educação e saúde públicas e seguridade social;Comércio e reparação de veículos automotores e motocicletas
3;Sudeste;31;MG;Minas Gerais;3133402;Itapagipe;True;2023;publica;medio;todos (1-4);89.0;0.897663;282.42;273.73;4.753842;4.3;;714871.685;52218.53;550663.466;40223.77;514170.0;33148.73;158473.125;85924.845;142754.943;79549.463;466702.376;47467.623;Demais serviços;Agricultura, inclusive apoio à agricultura e a pós colheita;Administração, defesa, educação e saúde públicas e seguridade social
3;Sudeste;31;MG;Minas Gerais;3133501;Itapecerica;True;2023;publica;medio;todos (1-4);98.3;0.984545;273.01;275.35;4.64593;4.6;;665952.349;31642.7;641893.699;30589.67;628984.71;28905.55;90091.163;168657.825;209718.607;100949.622;569417.216;59567.494;Demais serviços;Administração, defesa, educação e saúde públicas e seguridade social;Indústrias extrativas
3;Sudeste;31;MG;Minas Gerais;3133600;Itapeva;True;2023;publica;medio;todos (1-4);79.6;0.803828;256.3;249.98;4.031449;3.2;;1698907.149;134876.72;1275556.456;100500.82;849148.449;85119.13;11335.001;38582.444;551966.933;54357.922;656242.3;192906.149;Comércio e reparação de veículos automotores e motocicletas;Demais serviços;Administração, defesa, educação e saúde públicas e seguridade social
3;Sudeste;31;MG;Minas Gerais;3133709;Itatiaiuçu;True;2023;publica;medio;todos (1-4);96.3;0.968867;269.81;271.45;4.542603;4.4;;2434575.301;187766.1;3079751.753;237525.2;6934361.709;610741.74;34263.73;5451781.517;1247245.458;79177.089;6812467.794;121893.915;Indústrias extrativas;Demais serviços;Administração, defesa, educação e saúde públicas e seguridade social
3;Sudeste;31;MG;Minas Gerais;3133758;Itaú de Minas;True;2023;publica;medio;todos (1-4);79.3;0.802136;274.96;279.57;4.736492;3.8;;899162.734;62415.85;831717.888;57734.13;724062.181;44459.18;26986.053;349621.361;172414.014;87701.776;636723.204;87338.977;Indústrias de transformação;Demais serviços;Administração, defesa, educação e saúde públicas e seguridade social
3;Sudeste;31;MG;Minas Gerais;3133808;Itaúna;True;2023;publica;medio;todos (1-4);90.7;0.910538;284.55;289.5;5.019835;4.6;;4975969.03;50947.27;5324954.914;54520.42;5082301.98;53806.6;43730.793;2165844.882;1536307.956;461406.601;4207290.233;875011.747;Indústrias de transformação;Demais serviços;Administração, defesa, educação e saúde públicas e seguridade social
3;Sudeste;31;MG;Minas Gerais;3133907;Itaverava;True;2023;publica;medio;todos (1-4);84.3;0.851643;267.97;272.05;4.525743;3.9;;83986.058;14885.87;76310.103;13525.36;71363.054;13411.59;11330.333;6040.156;20429.438;30217.754;68017.68;3345.374;Administração, defesa, educação e saúde públicas e seguridade social;Demais serviços;Agricultura, inclusive apoio à agricultura e a pós colheita
3;Sudeste;31;MG;Minas Gerais;3134004;Itinga;True;2023;publica;medio;todos (1-4);81.0;0.821291;249.59;248.74;3.918644;3.2;;283613.085;20633.91;143975.998;10474.79;148251.202;9848.62;14207.474;18519.815;39952.843;66791.391;139471.523;8779.679;Administração, defesa, educação e saúde públicas e seguridade social;Demais serviços;Indústrias extrativas
3;Sudeste;31;MG;Minas Gerais;3134103;Itueta;True;2023;publica;medio;todos (1-4);85.9;0.868074;264.7;277.59;4.56275;4.0;;163923.406;27072.4;141201.812;23331.43;122237.522;20124.72;27188.906;5184.873;42122.899;34945.04;109441.719;12795.802;Administração, defesa, educação e saúde públicas e seguridade social;Demais serviços;Comércio e reparação de veículos automotores e motocicletas
3;Sudeste;31;MG;Minas Gerais;3134202;Ituiutaba;True;2023;publica;medio;todos (1-4);77.6;0.783401;279.52;284.09;4.868201;3.8;;4975265.394;48673.56;4387179.82;42920.26;3797167.358;35883.95;400381.968;762865.192;1644494.753;508477.529;3316219.442;480947.915;Demais serviços;Indústrias de transformação;Administração, defesa, educação e saúde públicas e seguridade social
3;Sudeste;31;MG;Minas Gerais;3134301;Itumirim;True;2023;publica;medio;todos (1-4);86.9;0.874124;258.86;251.79;4.0945;3.6;;110967.147;16716.96;102914.751;15510.89;91595.651;15322.12;30313.354;3633.422;23419.25;31408.488;88774.514;2821.137;Administração, defesa, educação e saúde públicas e seguridade social;Demais serviços;Pecuária, inclusive apoio à pecuária
3;Sudeste;31;MG;Minas Gerais;3134400;Iturama;True;2023;publica;medio;todos (1-4);83.3;0.84651;277.2;280.34;4.779479;4.0;;2864935.043;74812.25;2403673.134;62767.28;2016961.901;50297.05;163572.895;791645.772;660404.728;206578.204;1822201.599;194760.302;Demais serviços;Eletricidade e gás, água, esgoto, atividades de gestão de resíduos e descontaminação;Indústrias de transformação
3;Sudeste;31;MG;Minas Gerais;3134509;Itutinga;True;2023;publica;medio;todos (1-4);92.0;0.918328;289.41;287.76;5.062046;4.6;;221742.319;52582.95;174873.746;41468.76;172517.553;46016.95;55592.711;53471.56;33973.399;23248.883;166286.553;6231.0;Eletricidade e gás, água, esgoto, atividades de gestão de resíduos e descontaminação;Agricultura, inclusive apoio à agricultura e a pós colheita;Demais serviços
3;Sudeste;31;MG;Minas Gerais;3134608;Jaboticatubas;True;2023;publica;medio;todos (1-4);92.9;0.933532;267.5;265.07;4.41465;4.1;;373789.243;18317.61;331471.601;16243.83;297804.467;14398.51;19438.839;16554.503;144647.563;96883.31;277524.216;20280.251;Demais serviços;Administração, defesa, educação e saúde públicas e seguridade social;Comércio e reparação de veículos automotores e motocicletas
3;Sudeste;31;MG;Minas Gerais;3134707;Jacinto;True;2023;publica;medio;todos (1-4);85.8;0.867148;242.51;247.22;3.796452;3.3;;159690.215;14462.07;142291.028;12886.35;131533.509;10676.42;17445.946;6488.264;43000.655;59966.212;126901.077;4632.432;Administração, defesa, educação e saúde públicas e seguridade social;Demais serviços;Pecuária, inclusive apoio à pecuária
3;Sudeste;31;MG;Minas Gerais;3134806;Jacuí;True;2023;publica;medio;todos (1-4);94.5;0.948928;277.01;282.81;4.813787;4.6;;186298.724;24856.4;183602.752;24496.7;150927.788;19613.75;52167.531;6092.26;46892.033;38514.866;143666.69;7261.098;Administração, defesa, educação e saúde públicas e seguridade social;Demais serviços;Agricultura, inclusive apoio à agricultura e a pós colheita
3;Sudeste;31;MG;Minas Gerais;3134905;Jacutinga;True;2023;publica;medio;todos (1-4);92.3;0.923637;278.33;286.19;4.882925;4.5;;1708889.642;66949.64;1354852.4;53079.43;1143674.23;43095.72;45067.716;340740.492;394493.029;138443.157;918744.395;224929.836;Indústrias de transformação;Demais serviços;Administração, defesa, educação e saúde públicas e seguridade social
3;Sudeste;31;MG;Minas Gerais;3135001;Jaguaraçu;True;2023;publica;medio;todos (1-4);94.4;0.941512;309.12;307.85;5.63962;5.3;;157329.176;50882.66;126244.412;40829.37;109803.214;34847.1;2990.39;33389.834;39728.241;20523.506;96631.971;13171.243;Demais serviços;Indústrias de transformação;Administração, defesa, educação e saúde públicas e seguridade social
3;Sudeste;31;MG;Minas Gerais;3135050;Jaíba;True;2023;publica;medio;todos (1-4);85.0;0.854056;247.69;251.68;3.935971;3.4;;969913.796;25754.48;843988.158;22410.73;849077.896;21306.85;208983.103;147074.855;230800.386;188394.868;775253.213;73824.684;Agricultura, inclusive apoio à agricultura e a pós colheita;Administração, defesa, educação e saúde públicas e seguridade social;Demais serviços
3;Sudeste;31;MG;Minas Gerais;3135076;Jampruca;True;2023;publica;medio;todos (1-4);96.3;0.963611;243.3;251.21;3.867278;3.7;;84853.381;19751.72;75146.135;17492.12;82525.666;15133.99;30171.757;5190.581;16636.74;28119.167;80118.245;2407.421;Administração, defesa, educação e saúde públicas e seguridade social;Agricultura, inclusive apoio à agricultura e a pós colheita;Demais serviços
3;Sudeste;31;MG;Minas Gerais;3135100;Janaúba;True;2023;publica;medio;todos (1-4);89.0;0.891849;272.45;275.52;4.64061;4.1;;1965161.025;27796.16;1666043.007;23565.3;1603604.651;22157.19;60175.478;316302.191;690152.402;352483.227;1419113.3;184491.352;Demais serviços;Administração, defesa, educação e saúde públicas e seguridade social;Comércio e reparação de veículos automotores e motocicletas
3;Sudeste;31;MG;Minas Gerais;3135209;Januária;True;2023;publica;medio;todos (1-4);90.2;0.904567;264.23;268.76;4.423963;4.0;;1040488.653;15970.66;903261.885;13868.6;824553.286;12133.28;54588.202;36249.597;376166.272;295473.443;762477.514;62075.772;Administração, defesa, educação e saúde públicas e seguridade social;Demais serviços;Comércio e reparação de veículos automotores e motocicletas
3;Sudeste;31;MG;Minas Gerais;3135308;Japaraíba;False;;;;;;;;;;;;126374.759;28045.89;103026.516;22854.15;101344.906;22939.09;36438.763;5126.707;28490.265;26213.679;96269.413;5075.493;Administração, defesa, educação e saúde públicas e seguridade social;Agricultura, inclusive apoio à agricultura e a pós colheita;Demais serviços
3;Sudeste;31;MG;Minas Gerais;3135357;Japonvar;True;2023;publica;medio;todos (1-4);95.6;0.956164;258.55;260.51;4.220685;4.0;;100135.576;12321.35;90085.876;11084.76;77418.326;9688.19;5882.751;3167.007;24514.902;40264.622;73829.281;3589.045;Administração, defesa, educação e saúde públicas e seguridade social;Demais serviços;Comércio e reparação de veículos automotores e motocicletas
3;Sudeste;31;MG;Minas Gerais;3135407;Jeceaba;True;2023;publica;medio;todos (1-4);77.7;0.799999;295.22;298.01;5.29709;4.2;;1689755.212;272673.1;1773263.054;286148.63;1952716.357;407240.12;10476.505;1315048.34;293404.358;60195.334;1679124.537;273591.82;Indústrias de transformação;Demais serviços;Administração, defesa, educação e saúde públicas e seguridade social
3;Sudeste;31;MG;Minas Gerais;3135456;Jenipapo de Minas;True;2023;publica;medio;todos (1-4);85.0;0.854152;257.11;262.19;4.22561;3.6;;87873.846;14405.55;79506.524;13033.86;79485.599;10215.34;13510.392;1561.911;21598.9;37183.68;73854.883;5630.717;Administração, defesa, educação e saúde públicas e seguridade social;Demais serviços;Produção florestal, pesca e aquicultura
3;Sudeste;31;MG;Minas Gerais;3135506;Jequeri;True;2023;publica;medio;todos (1-4);88.2;0.883798;258.01;249.0;4.040795;3.6;;245642.081;19779.54;257952.302;20770.78;193976.079;15839.95;56906.106;8921.073;57211.283;61225.479;184263.941;9712.138;Administração, defesa, educação e saúde públicas e seguridade social;Demais serviços;Agricultura, inclusive apoio à agricultura e a pós colheita
3;Sudeste;31;MG;Minas Gerais;3135605;Jequitaí;True;2023;publica;medio;todos (1-4);93.8;0.944625;260.01;273.44;4.434753;4.2;;157283.874;24257.23;148744.349;22940.21;130435.841;17609.81;33021.621;14025.927;35480.264;37887.819;120415.63;10020.21;Administração, defesa, educação e saúde públicas e seguridade social;Demais serviços;Pecuária, inclusive apoio à pecuária
3;Sudeste;31;MG;Minas Gerais;3135704;Jequitibá;True;2023;publica;medio;todos (1-4);97.1;0.975014;285.73;282.72;4.934911;4.8;;161753.013;27494.99;140200.062;23831.39;126107.62;24237.48;45431.362;7611.309;36969.578;29269.789;119282.037;6825.582;Demais serviços;Administração, defesa, educação e saúde públicas e seguridade social;Agricultura, inclusive apoio à agricultura e a pós colheita
3;Sudeste;31;MG;Minas Gerais;3135803;Jequitinhonha;True;2023;publica;medio;todos (1-4);84.2;0.845598;248.76;248.15;3.898155;3.3;;383947.895;15993.16;313074.587;13043.69;274884.619;10756.59;26487.528;12044.994;105137.707;116907.011;260577.239;14307.379;Administração, defesa, educação e saúde públicas e seguridade social;Demais serviços;Comércio e reparação de veículos automotores e motocicletas
3;Sudeste;31;MG;Minas Gerais;3135902;Jesuânia;True;2023;publica;medio;todos (1-4);93.5;0.935247;284.19;300.83;5.18439;4.8;;113092.975;22011.09;113437.486;22078.14;104191.61;21824.8;44000.667;2826.264;26498.576;26587.51;99913.017;4278.594;Agricultura, inclusive apoio à agricultura e a pós colheita;Administração, defesa, educação e saúde públicas e seguridade social;Demais serviços
3;Sudeste;31;MG;Minas Gerais;3136009;Joaíma;True;2023;publica;medio;todos (1-4);85.2;0.854721;254.64;254.69;4.078643;3.5;;211126.178;15202.06;180592.324;13003.48;162645.132;10509.51;23803.399;6680.326;49477.088;76019.822;155980.635;6664.496;Administração, defesa, educação e saúde públicas e seguridade social;Demais serviços;Pecuária, inclusive apoio à pecuária
3;Sudeste;31;MG;Minas Gerais;3136108;Joanésia;True;2023;publica;medio;todos (1-4);92.4;0.930144;251.43;260.0;4.11305;3.8;;120063.635;27734.73;113406.658;26196.96;110201.459;25148.67;6735.968;57647.548;16894.635;27079.619;108357.77;1843.689;Eletricidade e gás, água, esgoto, atividades de gestão de resíduos e descontaminação;Administração, defesa, educação e saúde públicas e seguridade social;Demais serviços
3;Sudeste;31;MG;Minas Gerais;3136207;João Monlevade;True;2023;publica;medio;todos (1-4);90.9;0.916967;281.85;285.53;4.922483;4.5;;4286349.25;53454.42;5011364.54;62495.97;4852509.786;59979.36;3795.476;2435701.85;1443266.981;408266.189;4291030.495;561479.291;Indústrias de transformação;Demais serviços;Administração, defesa, educação e saúde públicas e seguridade social
3;Sudeste;31;MG;Minas Gerais;3136306;João Pinheiro;True;2023;publica;medio;todos (1-4);93.2;0.933045;258.84;261.93;4.246015;4.0;;2562731.629;54758.05;2254280.376;48167.35;2156345.263;44933.22;594331.863;429356.306;675478.716;245101.177;1944268.063;212077.2;Demais serviços;Indústrias de transformação;Agricultura, inclusive apoio à agricultura e a pós colheita
3;Sudeste;31;MG;Minas Gerais;3136405;Joaquim Felício;True;2023;publica;medio;todos (1-4);89.4;0.90277;282.78;282.5;4.890185;4.4;;83619.696;21696.86;71970.745;18674.3;72279.075;15194.26;14782.879;5231.943;17597.669;29508.797;67121.287;5157.788;Administração, defesa, educação e saúde públicas e seguridade social;Demais serviços;Pecuária, inclusive apoio à pecuária
3;Sudeste;31;MG;Minas Gerais;3136504;Jordânia;False;;;;;;;;;;;;129428.687;12561.01;120966.637;11739.77;107126.746;9853.45;15303.893;3268.86;32438.95;52123.686;103135.389;3991.357;Administração, defesa, educação e saúde públicas e seguridade social;Demais serviços;Pecuária, inclusive apoio à pecuária
3;Sudeste;31;MG;Minas Gerais;3136520;José Gonçalves de Minas;True;2023;publica;medio;todos (1-4);98.8;0.988055;271.78;277.27;4.657398;4.6;;62251.278;15684.37;55890.823;14081.84;51739.301;11564.44;10671.765;1598.819;12435.903;25507.387;50213.874;1525.427;Administração, defesa, educação e saúde públicas e seguridade social;Demais serviços;Produção florestal, pesca e aquicultura
3;Sudeste;31;MG;Minas Gerais;3136553;José Raydan;True;2023;publica;medio;todos (1-4);90.2;0.906123;257.93;265.36;4.284582;3.9;;113810.435;26665.99;83717.005;19615.04;72329.52;14171.14;10208.982;8210.263;20287.227;28730.654;67437.126;4892.394;Administração, defesa, educação e saúde públicas e seguridade social;Demais serviços;Pecuária, inclusive apoio à pecuária
3;Sudeste;31;MG;Minas Gerais;3136579;Josenópolis;True;2023;publica;medio;todos (1-4);94.3;0.942615;248.13;257.91;4.035414;3.8;;59635.327;16428.46;52055.463;14340.35;58016.757;11813.63;15879.224;2115.394;10421.199;27406.031;55821.847;2194.91;Administração, defesa, educação e saúde públicas e seguridade social;Produção florestal, pesca e aquicultura;Demais serviços
3;Sudeste;31;MG;Minas Gerais;3136603;Nova União;True;2023;publica;medio;todos (1-4);96.0;0.952049;274.15;280.16;4.733948;4.5;;147089.479;24892.45;134151.928;22702.98;107483.41;18728.6;18939.326;8320.663;41007.625;31324.838;99592.452;7890.958;Administração, defesa, educação e saúde públicas e seguridade social;Demais serviços;Agricultura, inclusive apoio à agricultura e a pós colheita
3;Sudeste;31;MG;Minas Gerais;3136652;Juatuba;True;2023;publica;medio;todos (1-4);77.3;0.783157;271.17;271.89;4.568291;3.6;;2124349.302;69161.0;1767832.462;57554.12;1436347.194;51624.45;4004.906;564161.912;427999.614;168329.688;1164496.12;271851.073;Indústrias de transformação;Demais serviços;Administração, defesa, educação e saúde públicas e seguridade social
3;Sudeste;31;MG;Minas Gerais;3136702;Juiz de Fora;True;2023;publica;medio;todos (1-4);80.8;0.815746;275.12;279.69;4.740535;3.9;;23271627.261;43035.36;21817612.741;40346.5;20281698.377;35117.88;55013.692;4526246.047;10190643.136;2668122.525;17440025.4;2841672.976;Demais serviços;Indústrias de transformação;Administração, defesa, educação e saúde públicas e seguridade social
3;Sudeste;31;MG;Minas Gerais;3136801;Juramento;True;2023;publica;medio;todos (1-4);82.5;0.835984;260.02;267.62;4.347768;3.6;;63718.855;16910.52;56559.202;15010.4;51590.583;11835.42;10851.056;2068.536;12674.916;24296.785;49891.293;1699.29;Administração, defesa, educação e saúde públicas e seguridade social;Demais serviços;Pecuária, inclusive apoio à pecuária
3;Sudeste;31;MG;Minas Gerais;3136900;Juruaia;True;2023;publica;medio;todos (1-4);88.4;0.889817;289.23;289.29;5.082422;4.5;;303328.157;27366.31;317184.005;28616.38;274079.031;25389.44;76533.438;46394.623;76461.772;53485.353;252875.187;21203.844;Agricultura, inclusive apoio à agricultura e a pós colheita;Demais serviços;Administração, defesa, educação e saúde públicas e seguridade social
3;Sudeste;31;MG;Minas Gerais;3136959;Juvenília;True;2023;publica;medio;todos (1-4);94.4;0.944612;262.02;262.77;4.303253;4.1;;89870.794;15524.41;71183.994;12296.42;65619.107;11500.02;11593.471;2831.977;16409.309;32758.022;63592.779;2026.328;Administração, defesa, educação e saúde públicas e seguridade social;Demais serviços;Pecuária, inclusive apoio à pecuária
3;Sudeste;31;MG;Minas Gerais;3137007;Ladainha;True;2023;publica;medio;todos (1-4);80.3;0.803621;251.09;256.73;4.059323;3.3;;168094.058;11687.0;149544.968;10403.13;147335.314;8063.45;24142.171;2443.271;35208.303;81763.056;143556.8;3778.514;Administração, defesa, educação e saúde públicas e seguridade social;Demais serviços;Pecuária, inclusive apoio à pecuária
3;Sudeste;31;MG;Minas Gerais;3137106;Lagamar;True;2023;publica;medio;todos (1-4);94.0;0.943001;272.33;274.07;4.617218;4.4;;265408.931;40025.48;249903.063;37687.09;242478.231;31955.49;117110.476;22148.01;54458.619;38499.679;232216.783;10261.447;Agricultura, inclusive apoio à agricultura e a pós colheita;Demais serviços;Pecuária, inclusive apoio à pecuária
3;Sudeste;31;MG;Minas Gerais;3137205;Lagoa da Prata;True;2023;publica;medio;todos (1-4);92.7;0.928916;275.15;284.38;4.811166;4.5;;2471545.415;48073.32;2587184.912;50322.59;1984774.207;37282.56;57576.202;567330.848;842915.38;242783.735;1710606.164;274168.043;Demais serviços;Indústrias de transformação;Administração, defesa, educação e saúde públicas e seguridade social
3;Sudeste;31;MG;Minas Gerais;3137304;Lagoa dos Patos;True;2023;publica;medio;todos (1-4);91.4;0.921711;239.26;234.58;3.561584;3.3;;65868.175;19881.73;57187.304;17261.49;59595.164;14671.38;18973.77;2120.361;12643.388;24366.455;58103.974;1491.19;Administração, defesa, educação e saúde públicas e seguridade social;Demais serviços;Agricultura, inclusive apoio à agricultura e a pós colheita
3;Sudeste;31;MG;Minas Gerais;3137403;Lagoa Dourada;True;2023;publica;medio;todos (1-4);95.8;0.958467;300.59;296.83;5.354847;5.1;;376999.258;29524.57;354139.24;27734.3;345374.295;26334.3;137383.126;12007.69;106472.435;69224.459;325087.71;20286.586;Agricultura, inclusive apoio à agricultura e a pós colheita;Demais serviços;Administração, defesa, educação e saúde públicas e seguridade social
3;Sudeste;31;MG;Minas Gerais;3137502;Lagoa Formosa;True;2023;publica;medio;todos (1-4);88.5;0.890602;287.16;289.34;5.054097;4.5;;713683.216;37753.03;671391.321;35515.83;565538.929;31128.3;218860.969;53376.514;162994.006;95526.346;530757.835;34781.094;Demais serviços;Pecuária, inclusive apoio à pecuária;Agricultura, inclusive apoio à agricultura e a pós colheita
3;Sudeste;31;MG;Minas Gerais;3137536;Lagoa Grande;True;2023;publica;medio;todos (1-4);96.5;0.963607;271.92;272.34;4.585561;4.4;;312254.152;34814.82;317817.871;35435.15;292472.298;30210.96;121018.962;13821.615;83845.099;49547.227;268232.904;24239.394;Agricultura, inclusive apoio à agricultura e a pós colheita;Pecuária, inclusive apoio à pecuária;Demais serviços
3;Sudeste;31;MG;Minas Gerais;3137601;Lagoa Santa;True;2023;publica;medio;todos (1-4);86.9;0.876307;266.55;274.17;4.537535;4.0;;2825380.37;37599.05;2613051.936;34773.46;2187874.863;32780.1;4775.699;454768.515;1036079.186;343540.273;1839163.673;348711.189;Demais serviços;Administração, defesa, educação e saúde públicas e seguridade social;Indústrias de transformação
3;Sudeste;31;MG;Minas Gerais;3137700;Lajinha;True;2023;publica;medio;todos (1-4);90.1;0.903284;266.06;265.51;4.401013;4.0;;508139.191;24388.73;557866.875;26775.47;399767.038;20074.67;80200.958;17151.034;168245.638;97149.252;362746.883;37020.156;Demais serviços;Administração, defesa, educação e saúde públicas e seguridade social;Comércio e reparação de veículos automotores e motocicletas
3;Sudeste;31;MG;Minas Gerais;3137809;Lambari;True;2023;publica;medio;todos (1-4);84.2;0.848191;290.17;287.96;5.075714;4.3;;538927.795;26399.91;490868.771;24045.69;405228.682;19301.2;44908.468;39245.12;185366.53;98511.949;368032.067;37196.616;Demais serviços;Administração, defesa, educação e saúde públicas e seguridade social;Comércio e reparação de veículos automotores e motocicletas
3;Sudeste;31;MG;Minas Gerais;3137908;Lamim;True;2023;publica;medio;todos (1-4);91.5;0.916599;294.83;299.8;5.318409;4.9;;66917.653;21016.85;55310.991;17371.54;52121.453;15484.69;8636.093;3217.355;16439.389;20931.172;49224.01;2897.444;Administração, defesa, educação e saúde públicas e seguridade social;Demais serviços;Produção florestal, pesca e aquicultura
3;Sudeste;31;MG;Minas Gerais;3138005;Laranjal;True;2023;publica;medio;todos (1-4);93.5;0.935192;256.08;262.51;4.215934;3.9;;116195.241;19486.04;98942.185;16592.69;95736.447;13963.89;20735.698;6374.857;29118.431;35129.109;91358.096;4378.351;Administração, defesa, educação e saúde públicas e seguridade social;Demais serviços;Pecuária, inclusive apoio à pecuária
3;Sudeste;31;MG;Minas Gerais;3138104;Lassance;True;2023;publica;medio;todos (1-4);83.4;0.838605;254.68;267.73;4.274415;3.6;;231341.775;32473.58;200672.648;28168.54;192531.083;29647.53;103639.18;4217.159;34765.945;41281.216;183903.5;8627.583;Produção florestal, pesca e aquicultura;Administração, defesa, educação e saúde públicas e seguridade social;Demais serviços
3;Sudeste;31;MG;Minas Gerais;3138203;Lavras;True;2023;publica;medio;todos (1-4);86.9;0.874445;273.8;273.72;4.632625;4.1;;3916681.627;37386.83;3348002.734;31958.48;2941307.978;27812.21;145241.103;447001.804;1474978.296;504552.256;2571773.458;369534.52;Demais serviços;Administração, defesa, educação e saúde públicas e seguridade social;Comércio e reparação de veículos automotores e motocicletas
3;Sudeste;31;MG;Minas Gerais;3138302;Leandro Ferreira;True;2023;publica;medio;todos (1-4);100.0;1.0;298.34;299.96;5.370102;5.4;;67066.463;20964.82;57948.506;18114.57;55488.241;17221.68;15933.839;3001.776;15008.213;19752.231;53696.059;1792.183;Administração, defesa, educação e saúde públicas e seguridade social;Pecuária, inclusive apoio à pecuária;Demais serviços
3;Sudeste;31;MG;Minas Gerais;3138351;Leme do Prado;True;2023;publica;medio;todos (1-4);94.4;0.941839;292.05;289.61;5.126819;4.8;;73646.075;16965.23;72571.124;16717.61;66185.206;13444.08;11521.475;2765.658;19273.304;29587.91;63148.347;3036.86;Administração, defesa, educação e saúde públicas e seguridade social;Demais serviços;Produção florestal, pesca e aquicultura
3;Sudeste;31;MG;Minas Gerais;3138401;Leopoldina;True;2023;publica;medio;todos (1-4);82.0;0.831496;267.44;273.79;4.544347;3.8;;1344583.254;26289.63;1180538.862;23082.19;1112638.912;21116.7;74611.312;82101.598;600660.921;241364.673;998738.505;113900.407;Demais serviços;Administração, defesa, educação e saúde públicas e seguridade social;Comércio e reparação de veículos automotores e motocicletas
3;Sudeste;31;MG;Minas Gerais;3138500;Liberdade;True;2023;publica;medio;todos (1-4);93.6;0.933028;262.27;265.46;4.347034;4.1;;117802.921;24868.68;105711.989;22316.23;107623.129;21550.49;35742.533;4996.889;35075.791;26322.981;102138.193;5484.936;Demais serviços;Administração, defesa, educação e saúde públicas e seguridade social;Agricultura, inclusive apoio à agricultura e a pós colheita
3;Sudeste;31;MG;Minas Gerais;3138609;Lima Duarte;True;2023;publica;medio;todos (1-4);87.7;0.87627;269.98;267.23;4.481817;3.9;;432496.512;25114.48;360157.983;20913.88;339218.657;20253.07;54052.013;33698.568;142559.257;80858.809;311168.648;28050.009;Demais serviços;Administração, defesa, educação e saúde públicas e seguridade social;Comércio e reparação de veículos automotores e motocicletas
3;Sudeste;31;MG;Minas Gerais;3138625;Limeira do Oeste;True;2023;publica;medio;todos (1-4);83.1;0.854928;275.73;276.26;4.697755;4.0;;775260.818;89243.79;406146.178;46753.33;462720.443;60565.5;131396.473;136949.213;106584.334;49000.355;423930.375;38790.068;Indústrias de transformação;Agricultura, inclusive apoio à agricultura e a pós colheita;Demais serviços
3;Sudeste;31;MG;Minas Gerais;3138658;Lontra;True;2023;publica;medio;todos (1-4);86.8;0.878248;262.67;270.71;4.431245;3.9;;110763.133;12601.04;98904.993;11251.99;93829.353;9607.76;3420.362;3640.421;30226.207;52521.763;89808.754;4020.599;Administração, defesa, educação e saúde públicas e seguridade social;Demais serviços;Comércio e reparação de veículos automotores e motocicletas
3;Sudeste;31;MG;Minas Gerais;3138674;Luisburgo;True;2023;publica;medio;todos (1-4);94.2;0.941803;283.08;293.77;5.063111;4.8;;155369.855;22336.09;191968.099;27597.48;132764.781;21245.76;68198.319;4087.873;23563.877;33782.991;129633.06;3131.721;Agricultura, inclusive apoio à agricultura e a pós colheita;Administração, defesa, educação e saúde públicas e seguridade social;Demais serviços
3;Sudeste;31;MG;Minas Gerais;3138682;Luislândia;True;2023;publica;medio;todos (1-4);94.4;0.944144;257.24;258.24;4.168304;3.9;;82467.838;13279.85;72962.704;11749.23;65469.093;9720.73;6593.07;1822.526;19445.736;34905.28;62766.611;2702.482;Administração, defesa, educação e saúde públicas e seguridade social;Demais serviços;Pecuária, inclusive apoio à pecuária
3;Sudeste;31;MG;Minas Gerais;3138708;Luminárias;True;2023;publica;medio;todos (1-4);89.1;0.90193;304.71;310.23;5.613311;5.1;;166134.31;29741.19;168807.613;30219.77;149049.071;27444.13;71844.669;8406.993;33554.354;30276.278;144082.293;4966.777;Agricultura, inclusive apoio à agricultura e a pós colheita;Administração, defesa, educação e saúde públicas e seguridade social;Demais serviços
3;Sudeste;31;MG;Minas Gerais;3138807;Luz;True;2023;publica;medio;todos (1-4);98.7;0.98677;242.82;251.57;3.865925;3.8;;863686.116;48318.1;730134.772;40846.7;657535.006;35936.77;160849.896;55342.66;287865.336;91495.898;595553.79;61981.216;Demais serviços;Agricultura, inclusive apoio à agricultura e a pós colheita;Administração, defesa, educação e saúde públicas e seguridade social
3;Sudeste;31;MG;Minas Gerais;3138906;Machacalis;True;2023;publica;medio;todos (1-4);87.5;0.878;245.63;252.06;3.912727;3.4;;136850.056;21096.05;117258.494;18075.92;112414.488;15806.31;14645.919;13373.594;38222.09;38231.249;104472.852;7941.636;Administração, defesa, educação e saúde públicas e seguridade social;Demais serviços;Pecuária, inclusive apoio à pecuária
3;Sudeste;31;MG;Minas Gerais;3139003;Machado;True;2023;publica;medio;todos (1-4);86.8;0.873218;290.63;287.93;5.081726;4.4;;1406358.331;37319.77;1478209.998;39226.46;1373895.592;32189.11;201085.0;173113.423;611715.009;198167.324;1184080.756;189814.836;Demais serviços;Comércio e reparação de veículos automotores e motocicletas;Administração, defesa, educação e saúde públicas e seguridade social
3;Sudeste;31;MG;Minas Gerais;3139102;Madre de Deus de Minas;True;2023;publica;medio;todos (1-4);91.6;0.927299;264.49;275.6;4.53001;4.2;;408511.106;78696.03;380444.959;73289.34;301964.566;58988.98;174758.072;28918.162;57712.321;28643.47;290032.025;11932.541;Agricultura, inclusive apoio à agricultura e a pós colheita;Demais serviços;Administração, defesa, educação e saúde públicas e seguridade social
3;Sudeste;31;MG;Minas Gerais;3139201;Malacacheta;True;2023;publica;medio;todos (1-4);88.2;0.88671;269.1;269.33;4.500895;4.0;;272762.39;15572.18;259316.333;14804.54;235786.341;12706.74;24647.055;23473.088;88458.614;84056.272;220635.029;15151.312;Administração, defesa, educação e saúde públicas e seguridade social;Demais serviços;Comércio e reparação de veículos automotores e motocicletas
3;Sudeste;31;MG;Minas Gerais;3139250;Mamonas;True;2023;publica;medio;todos (1-4);94.8;0.949469;259.79;259.09;4.216843;4.0;;79982.589;13337.1;68239.888;11379.0;60080.494;9151.64;4495.873;2084.448;16609.79;34453.878;57643.988;2436.506;Administração, defesa, educação e saúde públicas e seguridade social;Demais serviços;Pecuária, inclusive apoio à pecuária
3;Sudeste;31;MG;Minas Gerais;3139300;Manga;True;2023;publica;medio;todos (1-4);85.3;0.855186;246.92;249.85;3.897761;3.3;;315779.368;16720.29;271190.935;14359.36;243335.8;13480.46;37041.8;10546.3;88071.342;94187.638;229847.081;13488.719;Administração, defesa, educação e saúde públicas e seguridade social;Demais serviços;Agricultura, inclusive apoio à agricultura e a pós colheita
3;Sudeste;31;MG;Minas Gerais;3139409;Manhuaçu;True;2023;publica;medio;todos (1-4);83.6;0.844887;279.64;281.4;4.829617;4.1;;3710638.12;40383.06;4127694.412;44921.91;3277777.545;35599.38;176179.217;692273.308;1538206.199;429829.571;2836488.296;441289.25;Demais serviços;Comércio e reparação de veículos automotores e motocicletas;Administração, defesa, educação e saúde públicas e seguridade social
3;Sudeste;31;MG;Minas Gerais;3139508;Manhumirim;True;2023;publica;medio;todos (1-4);82.6;0.831578;275.89;278.41;4.732188;3.9;;587887.014;28520.21;557244.489;27037.58;563358.125;24607.24;43008.288;13095.674;309526.321;113710.935;479341.218;84016.907;Demais serviços;Comércio e reparação de veículos automotores e motocicletas;Administração, defesa, educação e saúde públicas e seguridade social
3;Sudeste;31;MG;Minas Gerais;3139607;Mantena;True;2023;publica;medio;todos (1-4);94.3;0.946127;277.93;283.87;4.842576;4.6;;610896.883;23022.31;551720.268;20792.17;476839.118;17244.91;38391.627;25391.144;237065.426;140344.402;441192.599;35646.519;Demais serviços;Administração, defesa, educação e saúde públicas e seguridade social;Comércio e reparação de veículos automotores e motocicletas
3;Sudeste;31;MG;Minas Gerais;3139706;Maravilhas;True;2023;publica;medio;todos (1-4);86.1;0.863791;266.67;262.62;4.366317;3.8;;243501.96;33206.32;263344.94;35912.31;233073.196;28728.36;21317.862;78368.101;66636.0;38662.235;204984.198;28088.998;Indústrias de transformação;Demais serviços;Administração, defesa, educação e saúde públicas e seguridade social
3;Sudeste;31;MG;Minas Gerais;3139805;Mar de Espanha;True;2023;publica;medio;todos (1-4);78.6;0.804372;273.28;282.89;4.762597;3.8;;288911.31;22711.37;232414.464;18270.14;227481.603;17518.8;20708.263;37578.579;92993.41;57362.718;208642.969;18838.634;Demais serviços;Administração, defesa, educação e saúde públicas e seguridade social;Indústrias de transformação
3;Sudeste;31;MG;Minas Gerais;3139904;Maria da Fé;True;2023;publica;medio;todos (1-4);93.8;0.942637;280.6;279.76;4.818549;4.5;;273429.689;19192.09;230037.296;16146.37;203119.33;14488.86;19526.778;14410.324;83991.486;69049.25;186977.838;16141.492;Administração, defesa, educação e saúde públicas e seguridade social;Demais serviços;Comércio e reparação de veículos automotores e motocicletas
3;Sudeste;31;MG;Minas Gerais;3140001;Mariana;True;2023;publica;medio;todos (1-4);86.3;0.874058;278.79;281.08;4.812889;4.2;;4656946.097;75862.09;5090283.312;82921.19;7367033.318;119149.82;18555.704;5066961.07;1648598.652;433645.136;7167760.563;199272.755;Indústrias extrativas;Demais serviços;Administração, defesa, educação e saúde públicas e seguridade social
3;Sudeste;31;MG;Minas Gerais;3140100;Marilac;True;2023;publica;medio;todos (1-4);90.3;0.901266;273.5;258.26;4.396974;4.0;;75214.247;17806.4;63670.472;15073.5;57772.34;14163.36;11690.514;2171.387;16604.912;25001.865;55468.678;2303.662;Administração, defesa, educação e saúde públicas e seguridade social;Demais serviços;Pecuária, inclusive apoio à pecuária
3;Sudeste;31;MG;Minas Gerais;3140159;Mário Campos;True;2023;publica;medio;todos (1-4);75.2;0.762891;259.82;268.51;4.358282;3.3;;240476.761;15124.32;210846.136;13293.37;197956.538;12517.8;15263.048;13907.199;82748.151;70993.616;182912.014;15044.524;Administração, defesa, educação e saúde públicas e seguridade social;Demais serviços;Comércio e reparação de veículos automotores e motocicletas
3;Sudeste;31;MG;Minas Gerais;3140209;Maripá de Minas;True;2023;publica;medio;todos (1-4);89.3;0.889304;278.19;285.76;4.874521;4.3;;111014.879;32776.76;86161.825;25438.98;74901.505;24967.17;12088.348;12780.499;24738.667;18996.408;68603.922;6297.583;Demais serviços;Administração, defesa, educação e saúde públicas e seguridade social;Indústrias de transformação
3;Sudeste;31;MG;Minas Gerais;3140308;Marliéria;True;2023;publica;medio;todos (1-4);75.0;0.743045;266.74;274.61;4.546791;3.4;;67778.906;14760.21;60875.669;13256.9;60417.198;14991.86;7317.935;2143.782;18002.165;30163.619;57627.501;2789.697;Administração, defesa, educação e saúde públicas e seguridade social;Demais serviços;Pecuária, inclusive apoio à pecuária
3;Sudeste;31;MG;Minas Gerais;3140407;Marmelópolis;True;2023;publica;medio;todos (1-4);90.1;0.902718;309.99;294.34;5.449594;4.9;;61730.152;19290.67;48873.214;15272.88;42789.614;15842.14;9709.303;979.883;12956.562;17705.239;41350.987;1438.627;Administração, defesa, educação e saúde públicas e seguridade social;Demais serviços;Produção florestal, pesca e aquicultura
3;Sudeste;31;MG;Minas Gerais;3140506;Martinho Campos;True;2023;publica;medio;todos (1-4);86.1;0.859339;277.85;276.45;4.730375;4.1;;584257.694;41723.75;528224.42;37722.23;474366.573;35146.07;130381.831;71087.62;161285.066;67590.714;430345.23;44021.343;Demais serviços;Pecuária, inclusive apoio à pecuária;Administração, defesa, educação e saúde públicas e seguridade social
3;Sudeste;31;MG;Minas Gerais;3140530;Martins Soares;True;2023;publica;medio;todos (1-4);91.0;0.906717;281.78;285.92;4.927338;4.5;;298804.815;35588.95;422170.644;50282.35;215620.66;24956.09;26413.472;55290.686;68355.353;41102.334;191161.845;24458.815;Indústrias de transformação;Demais serviços;Administração, defesa, educação e saúde públicas e seguridade social
3;Sudeste;31;MG;Minas Gerais;3140555;Mata Verde;True;2023;publica;medio;todos (1-4);88.5;0.899858;262.04;263.05;4.307726;3.9;;112643.542;12362.11;107836.132;11833.22;91547.003;10522.64;8018.968;11730.062;25854.905;42992.753;88596.688;2950.316;Administração, defesa, educação e saúde públicas e seguridade social;Demais serviços;Indústrias extrativas
3;Sudeste;31;MG;Minas Gerais;3140605;Materlândia;True;2023;publica;medio;todos (1-4);94.4;0.953808;265.37;268.96;4.442968;4.2;;76739.742;19364.05;65361.193;16492.86;60525.84;13709.14;16089.983;1852.606;15210.812;25334.976;58488.377;2037.463;Administração, defesa, educação e saúde públicas e seguridade social;Pecuária, inclusive apoio à pecuária;Demais serviços
3;Sudeste;31;MG;Minas Gerais;3140704;Mateus Leme;True;2023;publica;medio;todos (1-4);81.4;0.81571;272.15;278.08;4.67472;3.8;;1095993.715;28963.13;1076291.439;28442.47;1078989.225;34111.76;32710.852;437424.531;352360.001;158621.413;981116.797;97872.429;Demais serviços;Indústrias extrativas;Administração, defesa, educação e saúde públicas e seguridade social
3;Sudeste;31;MG;Minas Gerais;3140803;Matias Barbosa;False;;;;;;;;;;;;879158.745;62258.96;725963.313;51410.19;627997.327;42937.05;4083.173;154225.142;254895.792;75121.012;488325.119;139672.208;Demais serviços;Construção;Comércio e reparação de veículos automotores e motocicletas
3;Sudeste;31;MG;Minas Gerais;3140852;Matias Cardoso;True;2023;publica;medio;todos (1-4);90.9;0.915098;248.83;242.4;3.81306;3.5;;200578.992;22549.63;172456.308;19388.01;158429.103;13946.22;53956.667;6267.591;30457.683;60715.984;151397.924;7031.178;Administração, defesa, educação e saúde públicas e seguridade social;Agricultura, inclusive apoio à agricultura e a pós colheita;Demais serviços
3;Sudeste;31;MG;Minas Gerais;3140902;Matipó;True;2023;publica;medio;todos (1-4);88.6;0.889172;261.01;258.92;4.231433;3.8;;482096.182;25986.21;664476.342;35816.97;425174.495;22262.78;46003.793;20333.29;220387.073;81478.456;368202.612;56971.884;Demais serviços;Administração, defesa, educação e saúde públicas e seguridade social;Comércio e reparação de veículos automotores e motocicletas
3;Sudeste;31;MG;Minas Gerais;3141009;Mato Verde;True;2023;publica;medio;todos (1-4);94.2;0.94139;256.49;245.56;3.96795;3.7;;229089.451;19030.52;187463.309;15572.63;157529.823;12737.92;11282.492;8399.657;72004.078;57636.352;149322.578;8207.245;Demais serviços;Administração, defesa, educação e saúde públicas e seguridade social;Comércio e reparação de veículos automotores e motocicletas
3;Sudeste;31;MG;Minas Gerais;3141108;Matozinhos;True;2023;publica;medio;todos (1-4);90.5;0.912348;262.0;269.69;4.406565;4.0;;1895425.771;50386.14;1800386.686;47859.71;1505457.589;39134.31;13236.704;702601.617;413468.991;180215.52;1309522.832;195934.758;Indústrias de transformação;Demais serviços;Administração, defesa, educação e saúde públicas e seguridade social
3;Sudeste;31;MG;Minas Gerais;3141207;Matutina;True;2023;publica;medio;todos (1-4);90.2;0.908315;261.59;273.67;4.460387;4.1;;128622.612;33723.81;99497.892;26087.54;97184.289;26033.83;33027.249;13102.391;22433.488;22889.396;91452.524;5731.765;Administração, defesa, educação e saúde públicas e seguridade social;Demais serviços;Pecuária, inclusive apoio à pecuária
3;Sudeste;31;MG;Minas Gerais;3141306;Medeiros;True;2023;publica;medio;todos (1-4);92.4;0.912977;260.31;255.59;4.171751;3.8;;273184.894;70047.41;273655.265;70168.02;247287.544;64047.54;162645.244;9879.335;41692.034;25292.639;239509.252;7778.292;Agricultura, inclusive apoio à agricultura e a pós colheita;Pecuária, inclusive apoio à pecuária;Demais serviços
3;Sudeste;31;MG;Minas Gerais;3141405;Medina;True;2023;publica;medio;todos (1-4);82.5;0.83022;248.77;246.26;3.870002;3.2;;330715.354;16407.79;276313.841;13708.76;252979.46;12220.64;15763.244;28655.057;97836.395;96274.686;238529.382;14450.078;Administração, defesa, educação e saúde públicas e seguridade social;Demais serviços;Comércio e reparação de veículos automotores e motocicletas
3;Sudeste;31;MG;Minas Gerais;3141504;Mendes Pimentel;True;2023;publica;medio;todos (1-4);96.5;0.965554;264.4;262.22;4.328446;4.2;;98140.772;17506.38;81971.097;14622.03;77406.829;12008.51;9915.485;5726.76;25909.204;32093.843;73645.293;3761.537;Administração, defesa, educação e saúde públicas e seguridade social;Demais serviços;Pecuária, inclusive apoio à pecuária
3;Sudeste;31;MG;Minas Gerais;3141603;Mercês;False;;;;;;;;;;;;189388.298;18257.81;170733.571;16459.42;151704.978;14079.35;18406.061;14047.022;58331.474;49173.684;139958.242;11746.736;Administração, defesa, educação e saúde públicas e seguridade social;Demais serviços;Comércio e reparação de veículos automotores e motocicletas
3;Sudeste;31;MG;Minas Gerais;3141702;Mesquita;True;2023;publica;medio;todos (1-4);92.0;0.925197;278.08;280.06;4.787647;4.4;;73562.303;14595.69;67257.575;13344.76;59432.646;10827.59;7585.44;1468.089;18416.33;29897.854;57367.713;2064.933;Administração, defesa, educação e saúde públicas e seguridade social;Demais serviços;Pecuária, inclusive apoio à pecuária
3;Sudeste;31;MG;Minas Gerais;3141801;Minas Novas;True;2023;publica;medio;todos (1-4);90.8;0.910579;269.45;269.52;4.508655;4.1;;412127.792;16887.02;346058.976;14179.84;350037.855;11109.14;88147.43;14162.451;98168.652;137528.974;338007.507;12030.348;Administração, defesa, educação e saúde públicas e seguridade social;Demais serviços;Produção florestal, pesca e aquicultura
3;Sudeste;31;MG;Minas Gerais;3141900;Minduri;True;2023;publica;medio;todos (1-4);93.5;0.922996;272.7;282.23;4.74457;4.4;;199019.102;53199.44;168911.531;45151.44;163759.848;42086.83;74264.707;22671.658;35982.573;20987.575;153906.513;9853.335;Agricultura, inclusive apoio à agricultura e a pós colheita;Demais serviços;Administração, defesa, educação e saúde públicas e seguridade social
3;Sudeste;31;MG;Minas Gerais;3142007;Mirabela;True;2023;publica;medio;todos (1-4);94.1;0.937808;252.55;254.32;4.04375;3.8;;193762.204;14193.99;165955.691;12157.04;162986.776;11939.55;13888.982;7071.199;61805.772;68459.639;151225.592;11761.184;Administração, defesa, educação e saúde públicas e seguridade social;Demais serviços;Comércio e reparação de veículos automotores e motocicletas
3;Sudeste;31;MG;Minas Gerais;3142106;Miradouro;True;2023;publica;medio;todos (1-4);94.1;0.944505;281.12;284.73;4.900254;4.6;;206069.01;22978.26;182413.415;20340.48;173968.075;16081.35;38361.562;10752.227;60417.344;53350.957;162882.089;11085.986;Administração, defesa, educação e saúde públicas e seguridade social;Demais serviços;Agricultura, inclusive apoio à agricultura e a pós colheita
3;Sudeste;31;MG;Minas Gerais;3142205;Miraí;False;;;;;;;;;;;;368816.523;27053.22;289982.312;21270.62;333953.148;21963.38;13923.109;124375.789;101157.231;67706.942;307163.072;26790.077;Demais serviços;Administração, defesa, educação e saúde públicas e seguridade social;Indústrias extrativas
3;Sudeste;31;MG;Minas Gerais;3142254;Miravânia;False;;;;;;;;;;;;57919.312;14534.33;50387.162;12644.21;46796.388;9474.87;3915.631;1214.586;12221.916;28015.381;45367.514;1428.875;Administração, defesa, educação e saúde públicas e seguridade social;Demais serviços;Pecuária, inclusive apoio à pecuária
3;Sudeste;31;MG;Minas Gerais;3142304;Moeda;True;2023;publica;medio;todos (1-4);90.9;0.918001;279.83;283.64;4.865819;4.5;;104132.227;20318.48;89883.41;17538.23;76858.736;15533.29;3906.177;4503.111;34856.218;26964.878;70230.383;6628.353;Demais serviços;Administração, defesa, educação e saúde públicas e seguridade social;Comércio e reparação de veículos automotores e motocicletas
3;Sudeste;31;MG;Minas Gerais;3142403;Moema;True;2023;publica;medio;todos (1-4);92.5;0.929147;272.2;273.33;4.604314;4.3;;160124.318;21214.14;149686.493;19831.28;152625.764;20111.45;21404.844;6486.074;71870.194;38431.696;138192.808;14432.957;Demais serviços;Administração, defesa, educação e saúde públicas e seguridade social;Comércio e reparação de veículos automotores e motocicletas
3;Sudeste;31;MG;Minas Gerais;3142502;Monjolos;True;2023;publica;medio;todos (1-4);98.8;0.989101;273.28;270.34;4.574722;4.5;;41814.661;19278.31;42478.584;19584.41;46800.992;21429.03;7520.693;12953.652;10030.015;15106.171;45610.53;1190.461;Administração, defesa, educação e saúde públicas e seguridade social;Indústrias extrativas;Demais serviços
3;Sudeste;31;MG;Minas Gerais;3142601;Monsenhor Paulo;True;2023;publica;medio;todos (1-4);93.2;0.935109;270.49;273.58;4.58404;4.3;;280174.615;33594.08;268788.588;32228.85;228126.02;26029.9;60773.5;42334.712;67534.639;40894.387;211537.237;16588.783;Demais serviços;Agricultura, inclusive apoio à agricultura e a pós colheita;Administração, defesa, educação e saúde públicas e seguridade social
3;Sudeste;31;MG;Minas Gerais;3142700;Montalvânia;True;2023;publica;medio;todos (1-4);92.1;0.921941;263.18;266.7;4.378378;4.0;;206964.135;14720.07;179715.345;12782.03;165406.313;11312.93;19856.882;6466.675;60270.095;69904.053;156497.705;8908.608;Administração, defesa, educação e saúde públicas e seguridade social;Demais serviços;Comércio e reparação de veículos automotores e motocicletas
3;Sudeste;31;MG;Minas Gerais;3142809;Monte Alegre de Minas;True;2023;publica;medio;todos (1-4);83.6;0.844102;276.92;278.61;4.749648;4.0;;903721.125;44805.21;830858.579;41192.79;758376.257;35522.8;375995.042;34809.173;204485.527;104222.583;719512.325;38863.932;Agricultura, inclusive apoio à agricultura e a pós colheita;Demais serviços;Pecuária, inclusive apoio à pecuária
3;Sudeste;31;MG;Minas Gerais;3142908;Monte Azul;True;2023;publica;medio;todos (1-4);99.2;0.991987;266.23;260.72;4.331694;4.3;;325957.625;16034.91;281700.244;13857.75;256072.177;12464.57;20745.124;10953.774;109337.687;100017.77;241054.355;15017.822;Administração, defesa, educação e saúde públicas e seguridade social;Demais serviços;Comércio e reparação de veículos automotores e motocicletas
3;Sudeste;31;MG;Minas Gerais;3143005;Monte Belo;True;2023;publica;medio;todos (1-4);84.1;0.834313;279.76;282.27;4.844327;4.0;;486080.874;37259.0;403025.065;30892.62;366218.446;27872.63;81143.54;42783.197;137062.471;64271.725;325260.933;40957.513;Demais serviços;Agricultura, inclusive apoio à agricultura e a pós colheita;Administração, defesa, educação e saúde públicas e seguridade social
3;Sudeste;31;MG;Minas Gerais;3143104;Monte Carmelo;True;2023;publica;medio;todos (1-4);88.4;0.884201;281.36;291.47;5.004523;4.4;;1957160.563;41037.5;2116369.046;44378.56;1559201.81;32450.24;392909.114;88506.827;679458.309;241886.543;1402760.793;156441.017;Demais serviços;Agricultura, inclusive apoio à agricultura e a pós colheita;Administração, defesa, educação e saúde públicas e seguridade social
3;Sudeste;31;MG;Minas Gerais;3143153;Monte Formoso;True;2023;publica;medio;todos (1-4);83.7;0.841331;259.58;268.17;4.349822;3.7;;52678.142;12024.23;45536.678;10394.13;44092.997;8927.52;4634.043;806.939;10200.358;27232.628;42873.968;1219.029;Administração, defesa, educação e saúde públicas e seguridade social;Demais serviços;Pecuária, inclusive apoio à pecuária
3;Sudeste;31;MG;Minas Gerais;3143203;Monte Santo de Minas;True;2023;publica;medio;todos (1-4);93.8;0.938762;268.73;280.14;4.657525;4.4;;632534.984;30279.32;627072.163;30017.82;483171.922;22468.93;115704.171;33124.572;193144.035;108281.532;450254.31;32917.612;Demais serviços;Administração, defesa, educação e saúde públicas e seguridade social;Agricultura, inclusive apoio à agricultura e a pós colheita
3;Sudeste;31;MG;Minas Gerais;3143302;Montes Claros;True;2023;publica;medio;todos (1-4);88.2;0.887906;272.28;280.56;4.713672;4.2;;13326238.602;32170.33;12351982.916;29818.42;10799485.803;25868.39;156030.836;1961020.907;5465743.037;1879776.235;9462571.015;1336914.788;Demais serviços;Administração, defesa, educação e saúde públicas e seguridade social;Comércio e reparação de veículos automotores e motocicletas
3;Sudeste;31;MG;Minas Gerais;3143401;Monte Sião;False;;;;;;;;;;;;723677.875;30041.84;657402.322;27290.56;605891.629;24988.31;41811.75;94850.608;271750.831;127707.859;536121.048;69770.581;Demais serviços;Administração, defesa, educação e saúde públicas e seguridade social;Indústrias de transformação
3;Sudeste;31;MG;Minas Gerais;3143450;Montezuma;True;2023;publica;medio;todos (1-4);92.0;0.909605;267.62;278.35;4.615138;4.2;;104692.052;15199.19;86876.854;12612.78;91045.991;10865.97;21063.115;2486.792;21333.029;43892.763;88775.699;2270.291;Administração, defesa, educação e saúde públicas e seguridade social;Demais serviços;Produção florestal, pesca e aquicultura
3;Sudeste;31;MG;Minas Gerais;3143500;Morada Nova de Minas;True;2023;publica;medio;todos (1-4);90.1;0.903569;279.67;278.73;4.790068;4.3;;570682.925;62940.66;481820.883;53145.92;541501.521;60469.18;334820.152;28917.377;99991.352;57055.179;520784.06;20717.461;Agricultura, inclusive apoio à agricultura e a pós colheita;Demais serviços;Produção florestal, pesca e aquicultura
3;Sudeste;31;MG;Minas Gerais;3143609;Morro da Garça;True;2023;publica;medio;todos (1-4);85.6;0.844747;283.9;277.31;4.828221;4.1;;62850.192;26068.1;54493.315;22601.96;51051.917;21157.03;19694.126;1424.356;9344.656;19157.664;49620.802;1431.115;Administração, defesa, educação e saúde públicas e seguridade social;Pecuária, inclusive apoio à pecuária;Demais serviços
3;Sudeste;31;MG;Minas Gerais;3143708;Morro do Pilar;False;;;;;;;;;;;;56082.571;17900.6;48345.896;15431.18;44096.986;14106.52;6471.002;1212.831;13399.726;21298.73;42382.29;1714.697;Administração, defesa, educação e saúde públicas e seguridade social;Demais serviços;Pecuária, inclusive apoio à pecuária
3;Sudeste;31;MG;Minas Gerais;3143807;Munhoz;True;2023;publica;medio;todos (1-4);88.0;0.879954;275.9;272.57;4.644903;4.1;;159929.258;21191.1;138957.632;18649.53;128214.848;21512.56;18439.91;19075.712;48513.814;31277.826;117307.262;10907.586;Demais serviços;Administração, defesa, educação e saúde públicas e seguridade social;Indústrias de transformação
3;Sudeste;31;MG;Minas Gerais;3143906;Muriaé;True;2023;publica;medio;todos (1-4);91.4;0.920146;283.72;280.97;4.880483;4.5;;3211391.402;30846.73;2832646.424;27208.73;2654177.047;24129.54;59852.294;241880.898;1530224.213;571495.423;2403452.828;250724.219;Demais serviços;Administração, defesa, educação e saúde públicas e seguridade social;Comércio e reparação de veículos automotores e motocicletas
3;Sudeste;31;MG;Minas Gerais;3144003;Mutum;True;2023;publica;medio;todos (1-4);87.1;0.875998;275.25;279.32;4.736822;4.1;;662868.668;23986.56;635552.02;22998.08;508860.402;18885.15;118792.24;67877.575;159846.437;123096.032;469612.284;39248.118;Demais serviços;Administração, defesa, educação e saúde públicas e seguridade social;Agricultura, inclusive apoio à agricultura e a pós colheita
3;Sudeste;31;MG;Minas Gerais;3144102;Muzambinho;True;2023;publica;medio;todos (1-4);86.4;0.869084;300.59;299.09;5.388679;4.7;;742833.043;33933.26;678498.298;30994.39;535415.379;26089.82;77612.573;76687.822;230877.781;101258.668;486436.844;48978.535;Demais serviços;Administração, defesa, educação e saúde públicas e seguridade social;Agricultura, inclusive apoio à agricultura e a pós colheita
3;Sudeste;31;MG;Minas Gerais;3144201;Nacip Raydan;True;2023;publica;medio;todos (1-4);100.0;1.0;256.08;260.91;4.191982;4.2;;40636.373;16525.57;36977.799;15037.74;37373.303;11603.01;6570.005;1067.142;9206.389;19615.784;36459.319;913.984;Administração, defesa, educação e saúde públicas e seguridade social;Demais serviços;Pecuária, inclusive apoio à pecuária
3;Sudeste;31;MG;Minas Gerais;3144300;Nanuque;True;2023;publica;medio;todos (1-4);76.3;0.772994;275.97;279.87;4.755168;3.7;;1074888.835;30677.8;1019998.866;29111.22;808450.077;19920.9;45108.232;127499.141;381592.412;169711.641;723911.427;84538.65;Demais serviços;Administração, defesa, educação e saúde públicas e seguridade social;Comércio e reparação de veículos automotores e motocicletas
3;Sudeste;31;MG;Minas Gerais;3144359;Naque;True;2023;publica;medio;todos (1-4);94.4;0.949737;250.9;261.06;4.121474;3.9;;108081.133;17147.57;96650.472;15334.04;90146.9;12689.6;4458.01;4222.724;38485.592;37133.296;84299.623;5847.277;Administração, defesa, educação e saúde públicas e seguridade social;Demais serviços;Comércio e reparação de veículos automotores e motocicletas
3;Sudeste;31;MG;Minas Gerais;3144375;Natalândia;True;2023;publica;medio;todos (1-4);96.3;0.963686;273.48;286.06;4.812861;4.6;;92799.301;26363.44;73642.463;20921.15;75162.643;22735.22;16415.552;2940.745;28587.874;22652.393;70596.564;4566.079;Demais serviços;Administração, defesa, educação e saúde públicas e seguridade social;Agricultura, inclusive apoio à agricultura e a pós colheita
3;Sudeste;31;MG;Minas Gerais;3144409;Natércia;True;2023;publica;medio;todos (1-4);98.1;0.986653;293.62;290.24;5.158301;5.1;;133965.14;28557.91;143676.618;30628.14;115391.503;24411.15;37919.619;6448.547;36626.045;25526.13;106520.342;8871.161;Agricultura, inclusive apoio à agricultura e a pós colheita;Administração, defesa, educação e saúde públicas e seguridade social;Demais serviços
3;Sudeste;31;MG;Minas Gerais;3144508;Nazareno;True;2023;publica;medio;todos (1-4);84.7;0.848459;273.57;257.89;4.392418;3.7;;826959.213;101107.62;1019641.767;124665.82;668803.532;76785.71;69390.252;405186.42;125935.844;46359.969;646872.485;21931.047;Indústrias extrativas;Demais serviços;Eletricidade e gás, água, esgoto, atividades de gestão de resíduos e descontaminação
3;Sudeste;31;MG;Minas Gerais;3144607;Nepomuceno;True;2023;publica;medio;todos (1-4);75.0;0.760486;266.02;269.15;4.454942;3.4;;757417.466;30274.9;631103.758;25225.99;618030.81;22990.51;195586.323;23525.842;226262.019;128714.162;574088.345;43942.466;Demais serviços;Agricultura, inclusive apoio à agricultura e a pós colheita;Administração, defesa, educação e saúde públicas e seguridade social
3;Sudeste;31;MG;Minas Gerais;3144656;Ninheira;True;2023;publica;medio;todos (1-4);86.3;0.867311;258.95;264.24;4.282141;3.7;;166816.364;15755.23;175807.602;16604.42;126348.884;12201.73;40080.55;5046.718;25430.657;50473.97;121031.894;5316.99;Administração, defesa, educação e saúde públicas e seguridade social;Agricultura, inclusive apoio à agricultura e a pós colheita;Demais serviços
3;Sudeste;31;MG;Minas Gerais;3144672;Nova Belém;True;2023;publica;medio;todos (1-4);96.6;0.963603;269.04;264.15;4.422507;4.3;;133537.753;42379.48;159949.756;50761.59;83433.719;27203.69;43469.478;2500.954;14950.359;20852.605;81773.396;1660.323;Agricultura, inclusive apoio à agricultura e a pós colheita;Administração, defesa, educação e saúde públicas e seguridade social;Demais serviços
3;Sudeste;31;MG;Minas Gerais;3144706;Nova Era;True;2023;publica;medio;todos (1-4);90.3;0.905453;270.6;269.18;4.519717;4.1;;480775.333;27570.55;485383.749;27834.83;432758.087;24695.17;15747.59;105610.017;177338.149;92036.025;390731.782;42026.305;Demais serviços;Indústrias de transformação;Administração, defesa, educação e saúde públicas e seguridade social
3;Sudeste;31;MG;Minas Gerais;3144805;Nova Lima;True;2023;publica;medio;todos (1-4);79.2;0.804916;271.72;278.03;4.667932;3.8;;12447551.06;111440.33;12119428.95;108502.73;21040765.73;216073.09;3335.46;13942745.194;5223937.539;736535.201;19906553.394;1134212.336;Indústrias extrativas;Demais serviços;Administração, defesa, educação e saúde públicas e seguridade social
3;Sudeste;31;MG;Minas Gerais;3144904;Nova Módica;False;;;;;;;;;;;;71915.763;19633.02;61884.734;16894.55;58648.721;16530.08;12501.273;3707.771;16026.94;24228.096;56464.082;2184.639;Administração, defesa, educação e saúde públicas e seguridade social;Demais serviços;Pecuária, inclusive apoio à pecuária
3;Sudeste;31;MG;Minas Gerais;3145000;Nova Ponte;True;2023;publica;medio;todos (1-4);93.2;0.937786;299.02;292.83;5.272916;4.9;;1581647.938;108346.89;1181374.656;80927.16;1115948.816;69546.85;372826.349;350468.176;242592.787;94799.153;1060686.465;55262.351;Eletricidade e gás, água, esgoto, atividades de gestão de resíduos e descontaminação;Agricultura, inclusive apoio à agricultura e a pós colheita;Demais serviços
3;Sudeste;31;MG;Minas Gerais;3145059;Nova Porteirinha;True;2023;publica;medio;todos (1-4);92.3;0.924976;256.96;264.47;4.257635;3.9;;158901.01;23695.35;125544.645;18721.24;116345.919;15527.28;24828.447;9190.751;37231.864;40307.763;111558.825;4787.094;Administração, defesa, educação e saúde públicas e seguridade social;Demais serviços;Agricultura, inclusive apoio à agricultura e a pós colheita
3;Sudeste;31;MG;Minas Gerais;3145109;Nova Resende;False;;;;;;;;;;;;492956.115;30082.15;569124.299;34730.23;385621.702;22768.01;144473.147;19021.865;122376.405;76454.4;362325.817;23295.886;Agricultura, inclusive apoio à agricultura e a pós colheita;Demais serviços;Administração, defesa, educação e saúde públicas e seguridade social
3;Sudeste;31;MG;Minas Gerais;3145208;Nova Serrana;True;2023;publica;medio;todos (1-4);93.5;0.935315;267.73;272.91;4.535246;4.2;;3936357.77;37293.07;3307358.509;31333.93;2634272.394;24337.1;16001.867;739958.88;1075885.938;527910.733;2359757.418;274514.976;Demais serviços;Indústrias de transformação;Administração, defesa, educação e saúde públicas e seguridade social
3;Sudeste;31;MG;Minas Gerais;3145307;Novo Cruzeiro;True;2023;publica;medio;todos (1-4);87.3;0.878233;260.79;260.44;4.251098;3.7;;416700.311;15447.65;372037.96;13791.95;330389.681;10542.44;33813.25;15565.463;121563.603;135824.152;306766.468;23623.213;Administração, defesa, educação e saúde públicas e seguridade social;Demais serviços;Comércio e reparação de veículos automotores e motocicletas
3;Sudeste;31;MG;Minas Gerais;3145356;Novo Oriente de Minas;True;2023;publica;medio;todos (1-4);77.8;0.78624;265.71;263.97;4.373043;3.4;;150988.959;14694.79;121180.601;11793.73;121559.971;11255.55;20027.673;7017.624;36343.162;52180.598;115569.057;5990.914;Administração, defesa, educação e saúde públicas e seguridade social;Demais serviços;Pecuária, inclusive apoio à pecuária
3;Sudeste;31;MG;Minas Gerais;3145372;Novorizonte;True;2023;publica;medio;todos (1-4);86.3;0.871715;270.23;258.16;4.34955;3.8;;92593.548;20256.74;86202.015;18858.46;70395.077;13162.88;2932.388;11901.349;17508.265;30316.264;62658.266;7736.811;Administração, defesa, educação e saúde públicas e seguridade social;Demais serviços;Construção
3;Sudeste;31;MG;Minas Gerais;3145406;Olaria;True;2023;publica;medio;todos (1-4);81.3;0.81106;260.26;254.62;4.156528;3.4;;44676.357;22969.85;37442.273;19250.53;31904.411;18833.77;5694.548;809.051;9215.283;15368.914;31087.796;816.615;Administração, defesa, educação e saúde públicas e seguridade social;Demais serviços;Pecuária, inclusive apoio à pecuária
3;Sudeste;31;MG;Minas Gerais;3145455;Olhos-d'Água;False;;;;;;;;;;;;204856.974;38042.15;161673.612;30022.95;211917.383;33944.8;139218.777;6940.808;23319.949;36432.439;205911.973;6005.41;Produção florestal, pesca e aquicultura;Administração, defesa, educação e saúde públicas e seguridade social;Demais serviços
3;Sudeste;31;MG;Minas Gerais;3145505;Olímpio Noronha;True;2023;publica;medio;todos (1-4);100.0;1.0;301.51;296.15;5.357588;5.4;;55155.846;21587.42;53646.932;20996.84;43923.538;15526.17;9461.572;1187.399;13249.281;18130.082;42028.334;1895.205;Administração, defesa, educação e saúde públicas e seguridade social;Demais serviços;Agricultura, inclusive apoio à agricultura e a pós colheita
3;Sudeste;31;MG;Minas Gerais;3145604;Oliveira;True;2023;publica;medio;todos (1-4);85.3;0.857741;264.14;263.6;4.345453;3.7;;1463236.82;37268.52;1296254.921;33015.51;1108062.858;26390.62;121510.946;189983.895;506133.082;187459.836;1005087.759;102975.1;Demais serviços;Administração, defesa, educação e saúde públicas e seguridade social;Comércio e reparação de veículos automotores e motocicletas
3;Sudeste;31;MG;Minas Gerais;3145703;Oliveira Fortes;True;2023;publica;medio;todos (1-4);100.0;1.0;272.2;269.55;4.547728;4.5;;44411.957;21910.19;37446.019;18473.62;40519.19;19040.97;14659.782;1324.497;8665.45;14772.904;39422.633;1096.557;Administração, defesa, educação e saúde públicas e seguridade social;Agricultura, inclusive apoio à agricultura e a pós colheita;Demais serviços
3;Sudeste;31;MG;Minas Gerais;3145802;Onça de Pitangui;True;2023;publica;medio;todos (1-4);87.1;0.876656;273.77;272.95;4.620676;4.1;;82367.437;27742.48;62671.432;21108.6;64912.868;20574.6;27542.7;3808.674;12312.647;19258.233;62922.254;1990.614;Administração, defesa, educação e saúde públicas e seguridade social;Pecuária, inclusive apoio à pecuária;Demais serviços
3;Sudeste;31;MG;Minas Gerais;3145851;Oratórios;True;2023;publica;medio;todos (1-4);91.6;0.903333;271.79;265.82;4.486131;4.1;;84109.064;17105.77;72550.89;14755.11;70840.54;15166.03;9564.623;7922.538;21184.029;28559.918;67231.108;3609.433;Administração, defesa, educação e saúde públicas e seguridade social;Demais serviços;Pecuária, inclusive apoio à pecuária
3;Sudeste;31;MG;Minas Gerais;3145877;Orizânia;False;;;;;;;;;;;;146987.657;17421.79;164147.343;19455.65;122067.504;14999.69;34135.649;4565.882;33604.205;42763.648;115069.384;6998.12;Administração, defesa, educação e saúde públicas e seguridade social;Agricultura, inclusive apoio à agricultura e a pós colheita;Demais serviços
3;Sudeste;31;MG;Minas Gerais;3145901;Ouro Branco;True;2023;publica;medio;todos (1-4);85.9;0.861785;305.49;307.65;5.585643;4.8;;4310767.094;111320.29;4988928.574;128832.99;5276139.182;131181.98;9791.61;2937280.849;919776.359;227412.276;4094261.094;1181878.088;Indústrias de transformação;Demais serviços;Administração, defesa, educação e saúde públicas e seguridade social
3;Sudeste;31;MG;Minas Gerais;3146008;Ouro Fino;True;2023;publica;medio;todos (1-4);92.0;0.920591;255.56;259.45;4.162822;3.8;;1223791.087;38131.46;1142948.765;35612.54;934049.144;27522.22;58972.643;156240.911;434952.983;152584.207;802750.743;131298.401;Demais serviços;Comércio e reparação de veículos automotores e motocicletas;Administração, defesa, educação e saúde públicas e seguridade social
3;Sudeste;31;MG;Minas Gerais;3146107;Ouro Preto;True;2023;publica;medio;todos (1-4);83.1;0.837951;288.74;284.9;5.009821;4.2;;6765810.317;90426.62;7305998.845;97642.45;9518796.768;127215.82;30549.358;6362932.736;2260337.154;462530.891;9116350.139;402446.629;Indústrias extrativas;Demais serviços;Administração, defesa, educação e saúde públicas e seguridade social
3;Sudeste;31;MG;Minas Gerais;3146206;Ouro Verde de Minas;True;2023;publica;medio;todos (1-4);78.8;0.798302;255.59;267.42;4.282555;3.4;;87363.263;15175.14;74690.227;12973.81;67791.642;11499.85;12764.96;2758.238;18791.921;31350.764;65665.883;2125.759;Administração, defesa, educação e saúde públicas e seguridade social;Demais serviços;Agricultura, inclusive apoio à agricultura e a pós colheita
3;Sudeste;31;MG;Minas Gerais;3146255;Padre Carvalho;True;2023;publica;medio;todos (1-4);92.3;0.920336;256.27;247.13;3.988363;3.7;;68448.346;13532.69;62090.928;12275.79;58182.877;8998.28;1181.657;1599.638;19492.125;32659.926;54933.346;3249.532;Administração, defesa, educação e saúde públicas e seguridade social;Demais serviços;Comércio e reparação de veículos automotores e motocicletas
3;Sudeste;31;MG;Minas Gerais;3146305;Padre Paraíso;True;2023;publica;medio;todos (1-4);78.4;0.78507;265.45;270.68;4.46984;3.5;;254680.841;14692.56;223908.183;12917.28;213888.145;10512.54;7323.528;13429.014;86282.697;94611.777;201647.016;12241.129;Administração, defesa, educação e saúde públicas e seguridade social;Demais serviços;Comércio e reparação de veículos automotores e motocicletas
3;Sudeste;31;MG;Minas Gerais;3146404;Paineiras;True;2023;publica;medio;todos (1-4);90.7;0.907443;293.68;298.46;5.282197;4.8;;98947.338;23425.03;88763.552;21014.1;82804.356;18649.63;25694.728;2600.712;24842.6;25079.092;78217.131;4587.225;Administração, defesa, educação e saúde públicas e seguridade social;Demais serviços;Pecuária, inclusive apoio à pecuária
3;Sudeste;31;MG;Minas Gerais;3146503;Pains;True;2023;publica;medio;todos (1-4);98.6;0.987589;266.62;271.71;4.501692;4.4;;676495.679;83087.16;628905.442;77242.13;531120.331;63928.78;43262.549;267710.008;110491.12;50068.114;471531.792;59588.539;Indústrias de transformação;Demais serviços;Indústrias extrativas
3;Sudeste;31;MG;Minas Gerais;3146552;Pai Pedro;True;2023;publica;medio;todos (1-4);96.7;0.967022;258.12;260.98;4.221681;4.1;;73623.066;13263.03;64104.93;11548.36;58641.87;9616.57;10511.69;2029.625;11312.831;33209.253;57063.399;1578.471;Administração, defesa, educação e saúde públicas e seguridade social;Demais serviços;Pecuária, inclusive apoio à pecuária
3;Sudeste;31;MG;Minas Gerais;3146602;Paiva;True;2023;publica;medio;todos (1-4);95.5;0.953447;299.54;287.17;5.195489;5.0;;33858.892;22970.75;29894.029;20280.89;27292.181;17990.89;4677.017;1238.942;7633.624;12756.104;26305.687;986.494;Administração, defesa, educação e saúde públicas e seguridade social;Demais serviços;Pecuária, inclusive apoio à pecuária
3;Sudeste;31;MG;Minas Gerais;3146701;Palma;True;2023;publica;medio;todos (1-4);97.3;0.974307;236.51;246.11;3.695565;3.6;;114459.219;20055.93;105285.872;18448.55;103635.903;15688.15;21199.027;4113.121;38491.614;33645.825;97449.587;6186.316;Administração, defesa, educação e saúde públicas e seguridade social;Demais serviços;Pecuária, inclusive apoio à pecuária
3;Sudeste;31;MG;Minas Gerais;3146750;Palmópolis;True;2023;publica;medio;todos (1-4);91.2;0.911954;255.35;254.31;4.082927;3.7;;82987.718;13170.56;73448.877;11656.7;63836.925;12285.78;8498.181;3469.724;19683.509;30001.097;61652.511;2184.414;Administração, defesa, educação e saúde públicas e seguridade social;Demais serviços;Pecuária, inclusive apoio à pecuária
3;Sudeste;31;MG;Minas Gerais;3146909;Papagaios;True;2023;publica;medio;todos (1-4);77.1;0.778064;245.3;230.5;3.585338;2.8;;378420.878;27185.41;374008.741;26868.44;374384.057;23513.63;36205.978;105390.947;125697.281;74346.192;341640.399;32743.658;Demais serviços;Administração, defesa, educação e saúde públicas e seguridade social;Indústrias de transformação
3;Sudeste;31;MG;Minas Gerais;3147006;Paracatu;True;2023;publica;medio;todos (1-4);85.7;0.861566;266.41;269.2;4.461168;3.8;;6798922.469;72311.27;6489208.406;69021.65;7198750.924;76145.83;1133352.171;3309471.457;1867899.316;526010.6;6836733.545;362017.379;Indústrias extrativas;Demais serviços;Agricultura, inclusive apoio à agricultura e a pós colheita
3;Sudeste;31;MG;Minas Gerais;3147105;Pará de Minas;True;2023;publica;medio;todos (1-4);85.7;0.862115;272.38;270.78;4.568669;3.9;;5161430.074;53134.48;4578580.683;47134.32;4024573.632;42091.01;128982.28;1134016.925;1660637.924;463938.753;3387575.882;636997.75;Demais serviços;Indústrias de transformação;Comércio e reparação de veículos automotores e motocicletas
3;Sudeste;31;MG;Minas Gerais;3147204;Paraguaçu;True;2023;publica;medio;todos (1-4);78.0;0.801158;275.1;279.89;4.743248;3.8;;801200.209;36882.58;790514.022;36390.65;650844.451;30002.51;137444.787;123431.193;229204.362;97963.711;588044.054;62800.398;Demais serviços;Agricultura, inclusive apoio à agricultura e a pós colheita;Administração, defesa, educação e saúde públicas e seguridade social
3;Sudeste;31;MG;Minas Gerais;3147303;Paraisópolis;True;2023;publica;medio;todos (1-4);78.9;0.795909;277.22;279.82;4.771976;3.8;;769515.649;37638.33;659482.654;32256.43;592506.172;27748.15;18499.549;140135.583;222963.981;101607.823;483206.936;109299.236;Demais serviços;Indústrias de transformação;Administração, defesa, educação e saúde públicas e seguridade social
3;Sudeste;31;MG;Minas Gerais;3147402;Paraopeba;True;2023;publica;medio;todos (1-4);81.9;0.827948;266.56;268.42;4.451598;3.7;;1108133.444;45967.29;1011879.013;41974.49;918654.955;36962.06;47060.551;149840.338;522545.226;121829.25;841275.365;77379.59;Demais serviços;Administração, defesa, educação e saúde públicas e seguridade social;Indústrias de transformação
3;Sudeste;31;MG;Minas Gerais;3147501;Passabém;True;2023;publica;medio;todos (1-4);100.0;1.0;285.2;271.93;4.765941;4.8;;30001.89;18751.18;26234.684;16396.68;23587.941;14569.45;3014.396;824.404;6255.335;12627.56;22721.694;866.247;Administração, defesa, educação e saúde públicas e seguridade social;Demais serviços;Pecuária, inclusive apoio à pecuária
3;Sudeste;31;MG;Minas Gerais;3147600;Passa Quatro;True;2023;publica;medio;todos (1-4);84.0;0.844945;273.87;278.0;4.69768;4.0;;739446.951;47660.13;663760.275;42781.84;471565.482;28685.78;97796.179;87476.335;162540.128;77909.882;425722.523;45842.959;Demais serviços;Pecuária, inclusive apoio à pecuária;Administração, defesa, educação e saúde públicas e seguridade social
3;Sudeste;31;MG;Minas Gerais;3147709;Passa Tempo;True;2023;publica;medio;todos (1-4);96.9;0.97305;267.57;258.84;4.32237;4.2;;310555.252;36652.34;377005.66;44494.94;481059.485;59900.32;28793.143;249888.594;102714.435;42257.494;423653.666;57405.82;Indústrias extrativas;Demais serviços;Indústrias de transformação
3;Sudeste;31;MG;Minas Gerais;3147808;Passa Vinte;True;2023;publica;medio;todos (1-4);96.2;0.957291;295.22;302.54;5.364904;5.1;;47564.508;21300.72;48725.835;21820.8;42075.257;20788.17;10587.938;1225.542;12081.375;16751.045;40645.901;1429.357;Administração, defesa, educação e saúde públicas e seguridade social;Demais serviços;Pecuária, inclusive apoio à pecuária
3;Sudeste;31;MG;Minas Gerais;3147907;Passos;True;2023;publica;medio;todos (1-4);89.8;0.902103;275.73;278.49;4.731139;4.3;;4080105.786;36449.37;3534527.226;31575.48;3023765.638;26073.69;310025.769;304921.072;1580293.761;522616.143;2717856.746;305908.892;Demais serviços;Administração, defesa, educação e saúde públicas e seguridade social;Comércio e reparação de veículos automotores e motocicletas
3;Sudeste;31;MG;Minas Gerais;3147956;Patis;True;2023;publica;medio;todos (1-4);95.3;0.955336;250.86;252.89;3.998607;3.8;;61642.258;12743.9;56688.78;11719.82;55024.658;9123.64;5498.674;1555.869;13464.678;32931.466;53450.686;1573.972;Administração, defesa, educação e saúde públicas e seguridade social;Demais serviços;Pecuária, inclusive apoio à pecuária
3;Sudeste;31;MG;Minas Gerais;3148004;Patos de Minas;True;2023;publica;medio;todos (1-4);88.2;0.885966;280.65;280.44;4.829431;4.3;;8151368.621;51190.81;7149201.68;44897.18;6146246.831;39745.26;671617.253;1012131.214;2997020.776;776245.108;5457014.352;689232.479;Demais serviços;Comércio e reparação de veículos automotores e motocicletas;Administração, defesa, educação e saúde públicas e seguridade social
3;Sudeste;31;MG;Minas Gerais;3148103;Patrocínio;True;2023;publica;medio;todos (1-4);90.1;0.904824;279.41;281.79;4.832225;4.4;;4895785.022;54502.98;4419874.976;49204.85;3679638.131;39945.7;884670.0;392164.359;1565881.833;467665.302;3310381.495;369256.636;Demais serviços;Agricultura, inclusive apoio à agricultura e a pós colheita;Comércio e reparação de veículos automotores e motocicletas
3;Sudeste;31;MG;Minas Gerais;3148202;Patrocínio do Muriaé;True;2023;publica;medio;todos (1-4);83.0;0.824402;268.18;268.46;4.47495;3.7;;152117.819;27280.81;134240.431;24074.68;116017.332;20198.0;6522.24;20881.576;44408.46;32067.468;103879.744;12137.587;Demais serviços;Administração, defesa, educação e saúde públicas e seguridade social;Indústrias de transformação
3;Sudeste;31;MG;Minas Gerais;3148301;Paula Cândido;True;2023;publica;medio;todos (1-4);93.8;0.937997;270.26;265.54;4.46045;4.2;;143373.108;16557.7;142148.475;16416.27;136789.909;14253.4;35606.883;5133.85;43710.651;44272.722;128724.106;8065.803;Administração, defesa, educação e saúde públicas e seguridade social;Demais serviços;Agricultura, inclusive apoio à agricultura e a pós colheita
3;Sudeste;31;MG;Minas Gerais;3148400;Paulistas;True;2023;publica;medio;todos (1-4);90.9;0.906881;248.39;259.47;4.062419;3.7;;80480.686;18336.91;73650.847;16780.78;67345.922;14047.96;16197.584;5629.819;17196.411;24866.327;63890.141;3455.781;Administração, defesa, educação e saúde públicas e seguridade social;Demais serviços;Pecuária, inclusive apoio à pecuária
3;Sudeste;31;MG;Minas Gerais;3148509;Pavão;True;2023;publica;medio;todos (1-4);89.0;0.893457;248.81;256.65;4.026103;3.6;;111033.234;13798.09;98286.39;12214.04;93054.393;11091.11;18871.577;2878.372;26835.365;40845.654;89430.967;3623.426;Administração, defesa, educação e saúde públicas e seguridade social;Demais serviços;Pecuária, inclusive apoio à pecuária
3;Sudeste;31;MG;Minas Gerais;3148608;Peçanha;False;;;;;;;;;;;;293484.921;16822.48;261343.251;14980.12;270117.525;15405.36;81989.314;6133.158;83270.008;86361.134;257753.613;12363.911;Administração, defesa, educação e saúde públicas e seguridade social;Demais serviços;Produção florestal, pesca e aquicultura
3;Sudeste;31;MG;Minas Gerais;3148707;Pedra Azul;True;2023;publica;medio;todos (1-4);88.6;0.89561;247.11;249.17;3.89025;3.5;;428870.193;17569.45;407860.311;16708.74;401335.187;16493.45;14186.543;108936.95;136675.201;121361.357;381160.051;20175.136;Administração, defesa, educação e saúde públicas e seguridade social;Demais serviços;Indústrias extrativas
3;Sudeste;31;MG;Minas Gerais;3148756;Pedra Bonita;True;2023;publica;medio;todos (1-4);86.8;0.870694;262.67;257.03;4.226454;3.7;;124988.239;17074.9;164906.69;22528.24;96487.748;13481.59;32598.537;2757.197;19839.613;38674.044;93869.392;2618.356;Administração, defesa, educação e saúde públicas e seguridade social;Agricultura, inclusive apoio à agricultura e a pós colheita;Demais serviços
3;Sudeste;31;MG;Minas Gerais;3148806;Pedra do Anta;True;2023;publica;medio;todos (1-4);91.0;0.91013;295.09;293.31;5.224905;4.8;;65218.353;19697.48;63370.484;19139.38;57703.173;19494.32;12268.775;6684.917;14195.856;22343.74;55493.288;2209.886;Administração, defesa, educação e saúde públicas e seguridade social;Demais serviços;Pecuária, inclusive apoio à pecuária
3;Sudeste;31;MG;Minas Gerais;3148905;Pedra do Indaiá;True;2023;publica;medio;todos (1-4);97.8;0.977716;284.58;261.3;4.598101;4.5;;133810.483;32541.46;130405.063;31713.29;116111.77;29195.82;35465.647;19331.096;27163.499;24221.582;106181.824;9929.946;Pecuária, inclusive apoio à pecuária;Administração, defesa, educação e saúde públicas e seguridade social;Demais serviços
3;Sudeste;31;MG;Minas Gerais;3149002;Pedra Dourada;True;2023;publica;medio;todos (1-4);92.6;0.929107;271.43;296.29;4.937212;4.6;;65491.72;23754.7;57946.371;21017.91;42272.782;16519.26;8649.089;1280.19;11844.554;19212.613;40986.446;1286.336;Administração, defesa, educação e saúde públicas e seguridade social;Demais serviços;Agricultura, inclusive apoio à agricultura e a pós colheita
3;Sudeste;31;MG;Minas Gerais;3149101;Pedralva;True;2023;publica;medio;todos (1-4);86.2;0.863382;282.15;279.85;4.841666;4.2;;221496.736;20585.2;202575.082;18826.68;182673.322;16460.02;52015.853;8713.184;61049.079;52562.97;174341.086;8332.236;Administração, defesa, educação e saúde públicas e seguridade social;Demais serviços;Agricultura, inclusive apoio à agricultura e a pós colheita
3;Sudeste;31;MG;Minas Gerais;3149150;Pedras de Maria da Cruz;True;2023;publica;medio;todos (1-4);91.3;0.913746;248.71;261.06;4.090716;3.7;;132256.152;12676.71;112339.892;10748.17;109623.575;8903.08;17602.214;3271.322;26137.85;58814.907;105826.293;3797.282;Administração, defesa, educação e saúde públicas e seguridade social;Demais serviços;Pecuária, inclusive apoio à pecuária
3;Sudeste;31;MG;Minas Gerais;3149200;Pedrinópolis;True;2023;publica;medio;todos (1-4);90.4;0.910646;274.01;254.04;4.340963;4.0;;333526.702;99738.85;271186.852;81096.55;204095.37;55901.22;92550.359;6369.224;59967.515;27322.678;186209.775;17885.595;Agricultura, inclusive apoio à agricultura e a pós colheita;Demais serviços;Administração, defesa, educação e saúde públicas e seguridade social
3;Sudeste;31;MG;Minas Gerais;3149309;Pedro Leopoldo;True;2023;publica;medio;todos (1-4);91.0;0.916442;265.45;263.77;4.366397;4.0;;2514376.518;40178.6;2221404.317;35497.03;1938133.871;29749.25;12335.183;681070.491;684518.827;321037.521;1698962.023;239171.848;Demais serviços;Indústrias de transformação;Administração, defesa, educação e saúde públicas e seguridade social
3;Sudeste;31;MG;Minas Gerais;3149408;Pedro Teixeira;True;2023;publica;medio;todos (1-4);100.0;1.0;291.34;291.53;5.14559;5.1;;37357.277;20639.38;32642.806;18034.7;30258.636;16773.08;6931.575;750.485;7494.625;14190.43;29367.115;891.521;Administração, defesa, educação e saúde públicas e seguridade social;Demais serviços;Pecuária, inclusive apoio à pecuária
3;Sudeste;31;MG;Minas Gerais;3149507;Pequeri;False;;;;;;;;;;;;78666.131;23475.42;65340.039;19498.67;62510.15;18715.61;4283.365;14609.702;17036.704;22485.399;58415.169;4094.981;Administração, defesa, educação e saúde públicas e seguridade social;Demais serviços;Indústrias de transformação
3;Sudeste;31;MG;Minas Gerais;3149606;Pequi;True;2023;publica;medio;todos (1-4);95.9;0.961899;265.82;275.74;4.550786;4.4;;103925.031;25012.04;132279.73;31836.28;85499.627;19183.22;29328.409;4739.31;23165.457;23815.312;81048.488;4451.139;Administração, defesa, educação e saúde públicas e seguridade social;Pecuária, inclusive apoio à pecuária;Demais serviços
3;Sudeste;31;MG;Minas Gerais;3149705;Perdigão;True;2023;publica;medio;todos (1-4);89.8;0.897229;275.17;268.83;4.578663;4.1;;378765.823;30874.29;317551.457;25884.53;234679.931;19566.44;14889.746;63795.749;74533.587;60012.353;213231.435;21448.496;Demais serviços;Administração, defesa, educação e saúde públicas e seguridade social;Indústrias de transformação
3;Sudeste;31;MG;Minas Gerais;3149804;Perdizes;True;2023;publica;medio;todos (1-4);89.2;0.900359;278.94;282.75;4.839995;4.4;;2577883.513;150305.14;2086047.272;121628.32;1629149.392;98922.18;864212.365;219556.231;320164.112;92423.28;1496355.988;132793.404;Agricultura, inclusive apoio à agricultura e a pós colheita;Demais serviços;Indústrias de transformação
3;Sudeste;31;MG;Minas Gerais;3149903;Perdões;True;2023;publica;medio;todos (1-4);95.3;0.955212;275.0;280.29;4.747832;4.5;;811684.117;37957.54;715579.863;33463.33;626987.288;29058.13;59683.226;150755.477;255308.941;99826.867;565574.511;61412.777;Demais serviços;Eletricidade e gás, água, esgoto, atividades de gestão de resíduos e descontaminação;Administração, defesa, educação e saúde públicas e seguridade social
3;Sudeste;31;MG;Minas Gerais;3149952;Periquito;False;;;;;;;;;;;;119988.023;18310.4;118620.024;18101.64;111676.559;16574.14;9510.653;9346.249;43917.267;38405.824;101179.994;10496.565;Administração, defesa, educação e saúde públicas e seguridade social;Demais serviços;Comércio e reparação de veículos automotores e motocicletas
3;Sudeste;31;MG;Minas Gerais;3150000;Pescador;True;2023;publica;medio;todos (1-4);95.2;0.956669;283.52;275.87;4.801327;4.6;;57196.612;16021.46;48573.742;13606.09;47074.727;11047.81;6928.638;978.34;14044.435;23824.945;45776.358;1298.369;Administração, defesa, educação e saúde públicas e seguridade social;Demais serviços;Pecuária, inclusive apoio à pecuária
3;Sudeste;31;MG;Minas Gerais;3150109;Piau;True;2023;publica;medio;todos (1-4);76.8;0.772798;294.9;302.46;5.359212;4.1;;114475.297;40942.52;84235.944;30127.3;92644.52;34073.01;14863.235;42136.982;14180.46;18921.25;90101.927;2542.593;Eletricidade e gás, água, esgoto, atividades de gestão de resíduos e descontaminação;Administração, defesa, educação e saúde públicas e seguridade social;Demais serviços
3;Sudeste;31;MG;Minas Gerais;3150158;Piedade de Caratinga;True;2023;publica;medio;todos (1-4);91.3;0.917102;262.61;261.25;4.288785;3.9;;214395.41;25137.23;196871.943;23082.65;140805.478;15942.65;39253.178;6917.234;42762.285;44276.143;133208.84;7596.638;Administração, defesa, educação e saúde públicas e seguridade social;Agricultura, inclusive apoio à agricultura e a pós colheita;Demais serviços
3;Sudeste;31;MG;Minas Gerais;3150208;Piedade de Ponte Nova;True;2023;publica;medio;todos (1-4);94.2;0.942298;248.61;256.68;4.023743;3.8;;76206.839;19166.71;66897.339;16825.29;62725.465;15147.42;11911.765;2138.169;19940.21;25371.128;59361.272;3364.193;Administração, defesa, educação e saúde públicas e seguridade social;Demais serviços;Pecuária, inclusive apoio à pecuária
3;Sudeste;31;MG;Minas Gerais;3150307;Piedade do Rio Grande;True;2023;publica;medio;todos (1-4);94.3;0.956915;265.58;273.17;4.508942;4.3;;135157.704;29356.58;118841.454;25812.65;110390.303;24885.1;43675.403;8528.69;29214.213;24101.632;105519.938;4870.365;Agricultura, inclusive apoio à agricultura e a pós colheita;Administração, defesa, educação e saúde públicas e seguridade social;Demais serviços
3;Sudeste;31;MG;Minas Gerais;3150406;Piedade dos Gerais;False;;;;;;;;;;;;128442.059;25591.17;108715.221;21660.73;89788.642;17836.44;23567.172;10095.691;24223.868;26383.052;84269.783;5518.858;Administração, defesa, educação e saúde públicas e seguridade social;Demais serviços;Agricultura, inclusive apoio à agricultura e a pós colheita
3;Sudeste;31;MG;Minas Gerais;3150505;Pimenta;True;2023;publica;medio;todos (1-4);75.9;0.764894;270.16;271.38;4.546471;3.5;;314466.294;36723.85;341255.392;39852.32;281707.248;32324.41;86455.443;6781.444;109153.914;46050.783;248441.583;33265.665;Agricultura, inclusive apoio à agricultura e a pós colheita;Demais serviços;Administração, defesa, educação e saúde públicas e seguridade social
3;Sudeste;31;MG;Minas Gerais;3150539;Pingo-d'Água;True;2023;publica;medio;todos (1-4);99.5;0.995968;276.83;263.5;4.522187;4.5;;70142.25;14904.86;57657.544;12251.92;52693.461;10477.92;2499.084;2809.375;17344.784;28085.031;50738.274;1955.188;Administração, defesa, educação e saúde públicas e seguridade social;Demais serviços;Comércio e reparação de veículos automotores e motocicletas
3;Sudeste;31;MG;Minas Gerais;3150570;Pintópolis;True;2023;publica;medio;todos (1-4);86.3;0.861338;265.69;269.51;4.455696;3.8;;94229.61;13301.75;80535.87;11368.7;71109.03;9430.91;10491.128;2328.01;18791.601;37031.504;68642.242;2466.787;Administração, defesa, educação e saúde públicas e seguridade social;Demais serviços;Pecuária, inclusive apoio à pecuária
3;Sudeste;31;MG;Minas Gerais;3150604;Piracema;True;2023;publica;medio;todos (1-4);94.3;0.952916;278.11;267.48;4.599745;4.4;;248564.985;37099.25;248221.424;37047.97;303140.414;47469.53;26164.71;160904.695;72572.775;34737.45;294379.631;8760.783;Indústrias extrativas;Demais serviços;Administração, defesa, educação e saúde públicas e seguridade social
3;Sudeste;31;MG;Minas Gerais;3150703;Pirajuba;True;2023;publica;medio;todos (1-4);84.2;0.842864;249.53;249.49;3.929029;3.3;;639002.677;115405.94;501603.127;90591.14;403701.585;62194.05;104948.893;106764.236;105765.683;38556.571;356035.383;47666.203;Agricultura, inclusive apoio à agricultura e a pós colheita;Indústrias de transformação;Demais serviços
3;Sudeste;31;MG;Minas Gerais;3150802;Piranga;True;2023;publica;medio;todos (1-4);89.3;0.900375;285.24;282.54;4.925335;4.4;;253176.297;14876.97;218219.798;12822.88;200152.082;11345.85;35574.067;8100.747;68417.053;78642.573;190734.439;9417.643;Administração, defesa, educação e saúde públicas e seguridade social;Demais serviços;Pecuária, inclusive apoio à pecuária
3;Sudeste;31;MG;Minas Gerais;3150901;Piranguçu;True;2023;publica;medio;todos (1-4);92.0;0.932654;296.53;301.74;5.371327;5.0;;118615.379;19635.06;88611.758;14668.39;78363.453;14237.55;9423.024;12796.383;23090.587;28010.759;73320.754;5042.699;Administração, defesa, educação e saúde públicas e seguridade social;Demais serviços;Eletricidade e gás, água, esgoto, atividades de gestão de resíduos e descontaminação
3;Sudeste;31;MG;Minas Gerais;3151008;Piranguinho;True;2023;publica;medio;todos (1-4);86.9;0.875197;280.91;277.75;4.792814;4.2;;171573.339;18812.87;157970.688;17321.35;136133.485;15678.16;13967.519;15520.017;55811.144;40654.523;125953.203;10180.283;Demais serviços;Administração, defesa, educação e saúde públicas e seguridade social;Comércio e reparação de veículos automotores e motocicletas
3;Sudeste;31;MG;Minas Gerais;3151107;Pirapetinga;True;2023;publica;medio;todos (1-4);83.8;0.839759;255.86;240.1;3.877365;3.3;;707927.765;63909.7;612887.409;55329.73;633595.034;58715.14;10549.707;286584.747;152231.762;58971.402;508337.617;125257.417;Indústrias de transformação;Demais serviços;Administração, defesa, educação e saúde públicas e seguridade social
3;Sudeste;31;MG;Minas Gerais;3151206;Pirapora;True;2023;publica;medio;todos (1-4);91.1;0.915117;275.46;280.9;4.763424;4.4;;3361259.131;60447.78;3368912.252;60585.41;2871585.438;50516.06;63679.114;1202634.739;775507.913;288030.276;2329852.042;541733.396;Indústrias de transformação;Demais serviços;Administração, defesa, educação e saúde públicas e seguridade social
3;Sudeste;31;MG;Minas Gerais;3151305;Piraúba;True;2023;publica;medio;todos (1-4);90.6;0.914088;288.88;291.88;5.116279;4.7;;246400.803;21223.15;209328.753;18030.04;200320.535;18665.72;22041.96;33463.91;75152.896;52589.803;183248.57;17071.966;Demais serviços;Administração, defesa, educação e saúde públicas e seguridade social;Indústrias de transformação
3;Sudeste;31;MG;Minas Gerais;3151404;Pitangui;True;2023;publica;medio;todos (1-4);85.6;0.858756;263.29;260.97;4.294144;3.7;;702867.367;26339.42;736006.118;27581.27;741272.741;26070.86;88239.899;131344.683;339473.438;123008.838;682066.858;59205.883;Demais serviços;Administração, defesa, educação e saúde públicas e seguridade social;Indústrias de transformação
3;Sudeste;31;MG;Minas Gerais;3151503;Piumhi;True;2023;publica;medio;todos (1-4);87.6;0.876917;272.11;266.34;4.49841;3.9;;1568574.297;43496.6;1496840.291;41507.41;1280616.626;36446.38;296352.823;125502.963;548769.245;176697.746;1147322.777;133293.849;Demais serviços;Agricultura, inclusive apoio à agricultura e a pós colheita;Administração, defesa, educação e saúde públicas e seguridade social
3;Sudeste;31;MG;Minas Gerais;3151602;Planura;True;2023;publica;medio;todos (1-4);80.8;0.824141;256.05;255.0;4.103087;3.4;;843200.535;75657.29;517704.377;46451.72;574229.731;46141.4;123719.436;273508.94;92229.865;70113.345;559571.585;14658.146;Eletricidade e gás, água, esgoto, atividades de gestão de resíduos e descontaminação;Agricultura, inclusive apoio à agricultura e a pós colheita;Demais serviços
3;Sudeste;31;MG;Minas Gerais;3151701;Poço Fundo;True;2023;publica;medio;todos (1-4);90.6;0.909846;287.93;288.26;5.048744;4.6;;548879.382;33488.67;488910.565;29833.45;403831.57;23895.36;106017.926;33728.234;154693.262;74363.557;368802.978;35028.592;Demais serviços;Agricultura, inclusive apoio à agricultura e a pós colheita;Administração, defesa, educação e saúde públicas e seguridade social
3;Sudeste;31;MG;Minas Gerais;3151800;Poços de Caldas;True;2023;publica;medio;todos (1-4);85.9;0.86344;283.15;286.5;4.955262;4.3;;10732908.121;65547.68;9792526.335;59804.61;8526941.834;50206.33;78107.711;2045872.007;3824796.552;1073208.384;7021984.655;1504957.179;Demais serviços;Indústrias de transformação;Comércio e reparação de veículos automotores e motocicletas
3;Sudeste;31;MG;Minas Gerais;3151909;Pocrane;True;2023;publica;medio;todos (1-4);93.1;0.931073;266.81;270.14;4.480858;4.2;;151973.798;18200.45;145591.823;17436.15;121700.531;14683.94;32372.43;2762.299;39026.973;39306.146;113467.848;8232.682;Administração, defesa, educação e saúde públicas e seguridade social;Demais serviços;Pecuária, inclusive apoio à pecuária
3;Sudeste;31;MG;Minas Gerais;3152006;Pompéu;True;2023;publica;medio;todos (1-4);83.0;0.837222;259.35;261.33;4.244196;3.6;;1229908.179;39614.4;1172244.44;37757.09;1170319.055;36291.21;266487.898;200156.928;428996.379;157213.685;1052854.89;117464.165;Demais serviços;Comércio e reparação de veículos automotores e motocicletas;Administração, defesa, educação e saúde públicas e seguridade social
3;Sudeste;31;MG;Minas Gerais;3152105;Ponte Nova;True;2023;publica;medio;todos (1-4);83.9;0.847731;288.89;288.92;5.072108;4.3;;2594058.94;44898.56;2245067.129;38858.13;2142078.158;35699.52;41427.61;446309.015;1036389.929;306538.546;1830665.1;311413.058;Demais serviços;Indústrias de transformação;Administração, defesa, educação e saúde públicas e seguridade social
3;Sudeste;31;MG;Minas Gerais;3152131;Ponto Chique;False;;;;;;;;;;;;63930.732;17061.84;53623.245;14310.98;52084.361;12098.57;6198.369;3149.215;14455.535;26263.709;50066.828;2017.533;Administração, defesa, educação e saúde públicas e seguridade social;Demais serviços;Pecuária, inclusive apoio à pecuária
3;Sudeste;31;MG;Minas Gerais;3152170;Ponto dos Volantes;True;2023;publica;medio;todos (1-4);82.7;0.826232;264.47;262.22;4.32943;3.6;;149416.361;13729.34;129538.461;11902.83;122519.626;10013.86;9882.455;4674.395;40364.353;60478.333;115399.535;7120.091;Administração, defesa, educação e saúde públicas e seguridade social;Demais serviços;Comércio e reparação de veículos automotores e motocicletas
3;Sudeste;31;MG;Minas Gerais;3152204;Porteirinha;True;2023;publica;medio;todos (1-4);94.7;0.949558;269.08;268.49;4.488039;4.3;;625525.222;16708.3;526275.352;14057.25;526973.227;13932.61;94114.197;34201.004;190441.433;173947.087;492703.721;34269.506;Administração, defesa, educação e saúde públicas e seguridade social;Demais serviços;Agricultura, inclusive apoio à agricultura e a pós colheita
3;Sudeste;31;MG;Minas Gerais;3152303;Porto Firme;True;2023;publica;medio;todos (1-4);90.8;0.918664;270.43;267.09;4.486042;4.1;;151758.568;14358.84;143929.849;13618.11;130225.729;11409.3;24225.49;10997.361;37686.66;50896.451;123805.961;6419.768;Administração, defesa, educação e saúde públicas e seguridade social;Demais serviços;Agricultura, inclusive apoio à agricultura e a pós colheita
3;Sudeste;31;MG;Minas Gerais;3152402;Poté;True;2023;publica;medio;todos (1-4);90.3;0.905552;255.26;261.75;4.19304;3.8;;213765.729;15642.16;175768.085;12861.71;168767.017;10120.96;18692.205;13362.613;55497.947;72679.571;160232.335;8534.682;Administração, defesa, educação e saúde públicas e seguridade social;Demais serviços;Pecuária, inclusive apoio à pecuária
3;Sudeste;31;MG;Minas Gerais;3152501;Pouso Alegre;True;2023;publica;medio;todos (1-4);89.2;0.897243;278.56;281.99;4.823281;4.3;;14201205.978;93295.79;12476110.708;81965.36;10718150.481;69466.21;109543.122;2434994.973;5153858.548;807222.413;8505619.057;2212531.424;Demais serviços;Comércio e reparação de veículos automotores e motocicletas;Indústrias de transformação
3;Sudeste;31;MG;Minas Gerais;3152600;Pouso Alto;True;2023;publica;medio;todos (1-4);84.9;0.853639;277.63;276.01;4.720698;4.0;;542608.928;82639.19;438624.077;66802.33;277394.563;47320.81;91199.29;42036.426;78790.644;34041.467;246067.827;31326.736;Pecuária, inclusive apoio à pecuária;Demais serviços;Indústrias de transformação
3;Sudeste;31;MG;Minas Gerais;3152709;Prados;True;2023;publica;medio;todos (1-4);94.5;0.941588;300.73;290.61;5.263699;5.0;;257819.322;28494.62;225722.129;24947.18;229055.251;25093.7;44642.526;61141.832;64475.575;41840.213;212100.146;16955.105;Demais serviços;Administração, defesa, educação e saúde públicas e seguridade social;Indústrias de transformação
3;Sudeste;31;MG;Minas Gerais;3152808;Prata;True;2023;publica;medio;todos (1-4);84.5;0.853728;266.96;270.56;4.489252;3.8;;1702674.77;60076.03;1565416.338;55233.09;1292807.344;45888.17;416406.323;168165.501;440463.114;147211.012;1172245.95;120561.394;Demais serviços;Agricultura, inclusive apoio à agricultura e a pós colheita;Pecuária, inclusive apoio à pecuária
3;Sudeste;31;MG;Minas Gerais;3152907;Pratápolis;True;2023;publica;medio;todos (1-4);88.3;0.888922;266.21;274.17;4.53276;4.0;;249603.521;29693.5;246349.887;29306.43;228619.457;26801.81;59912.003;42671.583;70324.149;44749.446;217657.181;10962.276;Demais serviços;Agricultura, inclusive apoio à agricultura e a pós colheita;Administração, defesa, educação e saúde públicas e seguridade social
3;Sudeste;31;MG;Minas Gerais;3153004;Pratinha;True;2023;publica;medio;todos (1-4);94.1;0.932428;275.18;265.55;4.529701;4.2;;230172.432;64673.34;225218.409;63281.37;154717.678;42295.7;91852.344;6051.609;27035.721;22459.297;147398.971;7318.707;Agricultura, inclusive apoio à agricultura e a pós colheita;Pecuária, inclusive apoio à pecuária;Demais serviços
3;Sudeste;31;MG;Minas Gerais;3153103;Presidente Bernardes;True;2023;publica;medio;todos (1-4);94.9;0.949715;283.88;277.49;4.830635;4.6;;80595.987;16617.73;78080.471;16099.07;67749.052;12746.76;16730.168;2958.902;18006.811;27628.034;65323.915;2425.137;Administração, defesa, educação e saúde públicas e seguridade social;Demais serviços;Agricultura, inclusive apoio à agricultura e a pós colheita
3;Sudeste;31;MG;Minas Gerais;3153202;Presidente Juscelino;False;;;;;;;;;;;;62646.785;18079.88;54975.99;15866.09;49103.72;13746.84;12285.547;2011.97;10269.856;22217.713;46785.085;2318.634;Administração, defesa, educação e saúde públicas e seguridade social;Pecuária, inclusive apoio à pecuária;Demais serviços
3;Sudeste;31;MG;Minas Gerais;3153301;Presidente Kubitschek;True;2023;publica;medio;todos (1-4);90.7;0.904197;257.6;255.42;4.131144;3.7;;45372.896;14774.63;40084.235;13052.5;36192.761;12064.25;2047.867;1008.198;10361.241;21608.421;35025.728;1167.033;Administração, defesa, educação e saúde públicas e seguridade social;Demais serviços;Comércio e reparação de veículos automotores e motocicletas
3;Sudeste;31;MG;Minas Gerais;3153400;Presidente Olegário;True;2023;publica;medio;todos (1-4);87.0;0.873735;281.07;282.95;4.872905;4.3;;904882.533;48221.82;907953.001;48385.45;731424.966;37165.9;382699.221;30405.156;178403.648;103855.254;695363.279;36061.688;Agricultura, inclusive apoio à agricultura e a pós colheita;Demais serviços;Administração, defesa, educação e saúde públicas e seguridade social
3;Sudeste;31;MG;Minas Gerais;3153509;Alto Jequitibá;True;2023;publica;medio;todos (1-4);82.5;0.838444;263.53;268.14;4.40485;3.7;;160652.947;19132.18;163818.425;19509.16;125572.56;15154.79;33627.178;6015.67;39857.417;39276.562;118776.827;6795.733;Administração, defesa, educação e saúde públicas e seguridade social;Agricultura, inclusive apoio à agricultura e a pós colheita;Demais serviços
3;Sudeste;31;MG;Minas Gerais;3153608;Prudente de Morais;True;2023;publica;medio;todos (1-4);82.5;0.836281;257.37;257.47;4.158603;3.5;;333022.234;29044.33;265396.175;23146.36;203095.72;18579.79;3364.552;50817.881;70161.036;51889.195;176232.664;26863.056;Administração, defesa, educação e saúde públicas e seguridade social;Demais serviços;Indústrias de transformação
3;Sudeste;31;MG;Minas Gerais;3153707;Quartel Geral;True;2023;publica;medio;todos (1-4);93.9;0.947892;261.0;263.48;4.299556;4.1;;89894.292;28277.54;81850.272;25747.18;77606.466;21539.4;30618.251;2700.882;18085.319;22615.602;74020.053;3586.413;Administração, defesa, educação e saúde públicas e seguridade social;Pecuária, inclusive apoio à pecuária;Demais serviços
3;Sudeste;31;MG;Minas Gerais;3153806;Queluzito;False;;;;;;;;;;;;51169.239;28909.17;46584.721;26319.05;40046.217;20557.61;13224.366;1025.185;9453.852;15172.645;38876.048;1170.17;Administração, defesa, educação e saúde públicas e seguridade social;Demais serviços;Pecuária, inclusive apoio à pecuária
3;Sudeste;31;MG;Minas Gerais;3153905;Raposos;True;2023;publica;medio;todos (1-4);87.0;0.873644;271.3;272.0;4.571764;4.0;;232669.301;14292.6;293689.144;18040.98;193683.706;11737.7;325.747;43354.47;64536.141;75336.925;183553.282;10130.424;Administração, defesa, educação e saúde públicas e seguridade social;Demais serviços;Indústrias extrativas
3;Sudeste;31;MG;Minas Gerais;3154002;Raul Soares;True;2023;publica;medio;todos (1-4);95.3;0.954883;274.45;275.81;4.673041;4.5;;497923.077;21257.87;455337.113;19439.74;423329.981;17889.95;93729.329;26842.283;161702.667;114701.465;396975.745;26354.236;Demais serviços;Administração, defesa, educação e saúde públicas e seguridade social;Agricultura, inclusive apoio à agricultura e a pós colheita
3;Sudeste;31;MG;Minas Gerais;3154101;Recreio;True;2023;publica;medio;todos (1-4);93.9;0.935342;263.12;266.99;4.381876;4.1;;152511.38;13855.85;128928.463;11713.32;123246.546;11713.22;12692.77;2613.682;47093.498;54351.137;116751.087;6495.459;Administração, defesa, educação e saúde públicas e seguridade social;Demais serviços;Pecuária, inclusive apoio à pecuária
3;Sudeste;31;MG;Minas Gerais;3154150;Reduto;False;;;;;;;;;;;;131257.13;16724.91;155354.533;19795.43;121181.924;16721.67;30321.775;8841.02;39041.16;37101.31;115305.265;5876.659;Administração, defesa, educação e saúde públicas e seguridade social;Demais serviços;Agricultura, inclusive apoio à agricultura e a pós colheita
3;Sudeste;31;MG;Minas Gerais;3154200;Resende Costa;True;2023;publica;medio;todos (1-4);84.8;0.857807;282.81;278.24;4.826834;4.1;;243888.248;21717.56;214697.517;19118.21;207472.971;17919.59;48273.303;18122.792;76477.26;51802.856;194676.211;12796.761;Demais serviços;Administração, defesa, educação e saúde públicas e seguridade social;Pecuária, inclusive apoio à pecuária
3;Sudeste;31;MG;Minas Gerais;3154309;Resplendor;True;2023;publica;medio;todos (1-4);85.9;0.863564;259.53;260.57;4.235347;3.7;;376309.281;21845.42;360256.182;20913.51;277790.153;15968.62;27867.675;16686.116;124566.195;90894.821;260014.807;17775.346;Demais serviços;Administração, defesa, educação e saúde públicas e seguridade social;Comércio e reparação de veículos automotores e motocicletas
3;Sudeste;31;MG;Minas Gerais;3154408;Ressaquinha;False;;;;;;;;;;;;507031.621;111484.53;451721.135;99323.03;372865.782;77261.87;31408.538;160670.572;95180.481;32512.232;319771.823;53093.959;Indústrias de transformação;Demais serviços;Administração, defesa, educação e saúde públicas e seguridade social
3;Sudeste;31;MG;Minas Gerais;3154457;Riachinho;True;2023;publica;medio;todos (1-4);98.1;0.979365;253.88;249.18;3.985484;3.9;;187878.471;27375.56;166414.668;24248.09;157241.596;19336.15;66588.68;4471.475;40149.34;40534.978;151744.472;5497.124;Agricultura, inclusive apoio à agricultura e a pós colheita;Administração, defesa, educação e saúde públicas e seguridade social;Demais serviços
3;Sudeste;31;MG;Minas Gerais;3154507;Riacho dos Machados;True;2023;publica;medio;todos (1-4);95.7;0.95901;254.69;255.25;4.087729;3.9;;301729.817;34459.78;247901.619;28312.2;532552.056;56229.76;47609.484;322182.498;84269.729;53552.674;507614.384;24937.672;Indústrias extrativas;Demais serviços;Administração, defesa, educação e saúde públicas e seguridade social
3;Sudeste;31;MG;Minas Gerais;3154606;Ribeirão das Neves;True;2023;publica;medio;todos (1-4);84.1;0.848376;262.09;269.07;4.398548;3.7;;6336695.364;19214.1;5754238.506;17447.98;5180189.078;15172.71;4917.692;647329.987;2325895.829;1460099.218;4438242.726;741946.352;Administração, defesa, educação e saúde públicas e seguridade social;Demais serviços;Comércio e reparação de veículos automotores e motocicletas
3;Sudeste;31;MG;Minas Gerais;3154705;Ribeirão Vermelho;False;;;;;;;;;;;;132863.042;32564.47;127369.81;31218.09;105345.881;25940.87;9974.223;6150.499;55581.659;23884.533;95590.915;9754.966;Demais serviços;Administração, defesa, educação e saúde públicas e seguridade social;Comércio e reparação de veículos automotores e motocicletas
3;Sudeste;31;MG;Minas Gerais;3154804;Rio Acima;True;2023;publica;medio;todos (1-4);78.0;0.799916;252.72;264.47;4.198084;3.4;;260362.073;25373.95;262637.074;25595.66;472402.325;44888.1;771.925;270310.038;119147.288;70854.778;461084.029;11318.296;Indústrias extrativas;Demais serviços;Administração, defesa, educação e saúde públicas e seguridade social
3;Sudeste;31;MG;Minas Gerais;3154903;Rio Casca;True;2023;publica;medio;todos (1-4);79.7;0.801471;271.55;282.64;4.734556;3.8;;277814.295;21722.91;256593.07;20063.58;237323.754;17731.9;32761.013;11512.374;106749.712;70246.009;221269.107;16054.647;Demais serviços;Administração, defesa, educação e saúde públicas e seguridade social;Comércio e reparação de veículos automotores e motocicletas
3;Sudeste;31;MG;Minas Gerais;3155009;Rio Doce;True;2023;publica;medio;todos (1-4);97.6;0.974339;259.86;275.87;4.469024;4.4;;107640.771;43333.64;61822.027;24888.09;51851.31;19715.33;4416.975;7239.594;12926.962;21955.816;46539.347;5311.962;Administração, defesa, educação e saúde públicas e seguridade social;Demais serviços;Construção
3;Sudeste;31;MG;Minas Gerais;3155108;Rio do Prado;True;2023;publica;medio;todos (1-4);85.4;0.857913;257.56;257.42;4.160523;3.6;;68107.378;14681.48;59990.592;12931.79;52654.169;10290.05;6248.56;896.009;16135.879;27177.451;50457.899;2196.27;Administração, defesa, educação e saúde públicas e seguridade social;Demais serviços;Pecuária, inclusive apoio à pecuária
3;Sudeste;31;MG;Minas Gerais;3155207;Rio Espera;True;2023;publica;medio;todos (1-4);95.2;0.934389;282.4;275.91;4.786196;4.5;;75489.424;13904.85;64423.438;11866.54;59583.143;11174.63;13513.708;1646.939;16404.589;26055.226;57620.461;1962.682;Administração, defesa, educação e saúde públicas e seguridade social;Demais serviços;Pecuária, inclusive apoio à pecuária
3;Sudeste;31;MG;Minas Gerais;3155306;Rio Manso;True;2023;publica;medio;todos (1-4);88.4;0.898219;278.09;277.1;4.743476;4.3;;138278.888;24834.57;124134.049;22294.19;113750.292;19201.6;20079.406;7795.319;46168.816;29971.698;104015.239;9735.053;Administração, defesa, educação e saúde públicas e seguridade social;Demais serviços;Comércio e reparação de veículos automotores e motocicletas
3;Sudeste;31;MG;Minas Gerais;3155405;Rio Novo;True;2023;publica;medio;todos (1-4);71.3;0.710323;295.26;268.03;4.848849;3.4;;143555.841;16853.23;129338.037;15184.09;120045.415;13391.95;9881.58;7898.052;51007.259;43714.644;112501.536;7543.879;Administração, defesa, educação e saúde públicas e seguridade social;Demais serviços;Comércio e reparação de veículos automotores e motocicletas
3;Sudeste;31;MG;Minas Gerais;3155504;Rio Paranaíba;True;2023;publica;medio;todos (1-4);80.0;0.812318;275.2;280.2;4.749294;3.9;;1148100.508;79004.99;1106499.39;76142.26;906411.869;73358.03;539565.013;41461.315;210705.887;70697.753;862429.967;43981.901;Agricultura, inclusive apoio à agricultura e a pós colheita;Demais serviços;Pecuária, inclusive apoio à pecuária
3;Sudeste;31;MG;Minas Gerais;3155603;Rio Pardo de Minas;True;2023;publica;medio;todos (1-4);92.2;0.92233;264.82;269.7;4.446321;4.1;;404312.283;14301.31;358041.278;12664.61;345428.279;11081.72;84507.478;10191.831;90688.327;145903.031;331290.667;14137.612;Administração, defesa, educação e saúde públicas e seguridade social;Demais serviços;Produção florestal, pesca e aquicultura
3;Sudeste;31;MG;Minas Gerais;3155702;Rio Piracicaba;True;2023;publica;medio;todos (1-4);94.3;0.948551;279.35;282.49;4.841862;4.6;;270260.63;18471.78;270392.958;18480.83;1339655.886;93518.74;22346.52;937159.26;274220.306;77880.04;1311606.126;28049.76;Indústrias extrativas;Demais serviços;Administração, defesa, educação e saúde públicas e seguridade social
3;Sudeste;31;MG;Minas Gerais;3155801;Rio Pomba;True;2023;publica;medio;todos (1-4);80.8;0.812274;299.04;301.61;5.404634;4.4;;574081.312;32911.85;468545.114;26861.5;417244.335;23171.23;19884.285;74435.73;193787.226;82251.171;370358.413;46885.923;Demais serviços;Administração, defesa, educação e saúde públicas e seguridade social;Indústrias de transformação
3;Sudeste;31;MG;Minas Gerais;3155900;Rio Preto;True;2023;publica;medio;todos (1-4);84.8;0.83204;278.83;299.69;5.092043;4.2;;82690.003;16084.42;75066.121;14601.46;69135.36;12586.08;6727.35;3615.253;27183.317;28338.18;65864.1;3271.26;Administração, defesa, educação e saúde públicas e seguridade social;Demais serviços;Pecuária, inclusive apoio à pecuária
3;Sudeste;31;MG;Minas Gerais;3156007;Rio Vermelho;True;2023;publica;medio;todos (1-4);92.9;0.931506;255.59;253.29;4.071028;3.8;;177449.682;14037.63;153615.549;12155.05;140756.775;11140.23;30867.471;3283.607;44392.551;56352.934;134896.563;5860.213;Administração, defesa, educação e saúde públicas e seguridade social;Demais serviços;Pecuária, inclusive apoio à pecuária
3;Sudeste;31;MG;Minas Gerais;3156106;Ritápolis;True;2023;publica;medio;todos (1-4);94.4;0.947614;288.32;291.96;5.109611;4.8;;124811.296;24992.25;97197.453;19462.85;90330.223;19980.14;24709.415;12533.985;25579.478;23622.661;86445.539;3884.684;Administração, defesa, educação e saúde públicas e seguridade social;Demais serviços;Pecuária, inclusive apoio à pecuária
3;Sudeste;31;MG;Minas Gerais;3156205;Rochedo de Minas;True;2023;publica;medio;todos (1-4);84.1;0.847246;253.07;265.63;4.220365;3.6;;187590.866;81881.65;144754.206;63183.85;114660.416;49105.1;3476.338;47709.759;31543.575;15914.288;98643.959;16016.457;Indústrias de transformação;Demais serviços;Administração, defesa, educação e saúde públicas e seguridade social
3;Sudeste;31;MG;Minas Gerais;3156304;Rodeiro;True;2023;publica;medio;todos (1-4);86.2;0.867043;283.44;285.01;4.93703;4.3;;704898.148;81359.44;545499.33;62961.6;544656.187;65361.36;40904.01;291994.886;105533.027;41187.124;479619.046;65037.141;Indústrias de transformação;Demais serviços;Administração, defesa, educação e saúde públicas e seguridade social
3;Sudeste;31;MG;Minas Gerais;3156403;Romaria;True;2023;publica;medio;todos (1-4);100.0;1.0;263.9;274.76;4.509149;4.5;;288148.365;85099.93;364666.752;107698.39;271626.759;77452.74;182797.404;16075.333;43065.666;22042.789;263981.192;7645.567;Agricultura, inclusive apoio à agricultura e a pós colheita;Demais serviços;Administração, defesa, educação e saúde públicas e seguridade social
3;Sudeste;31;MG;Minas Gerais;3156452;Rosário da Limeira;True;2023;publica;medio;todos (1-4);85.0;0.846515;268.6;269.96;4.503304;3.8;;90798.137;19180.0;85498.01;18060.42;67723.314;14570.42;8742.273;3181.781;22387.316;29169.524;63480.892;4242.422;Administração, defesa, educação e saúde públicas e seguridade social;Demais serviços;Comércio e reparação de veículos automotores e motocicletas
3;Sudeste;31;MG;Minas Gerais;3156502;Rubelita;True;2023;publica;medio;todos (1-4);94.4;0.936951;245.96;230.5;3.594607;3.4;;85774.927;15103.88;73491.933;12941.0;80083.742;14277.72;10701.716;15602.703;17740.777;33630.229;77675.424;2408.318;Administração, defesa, educação e saúde públicas e seguridade social;Demais serviços;Indústrias extrativas
3;Sudeste;31;MG;Minas Gerais;3156601;Rubim;True;2023;publica;medio;todos (1-4);86.7;0.868088;245.5;241.45;3.752069;3.3;;139214.136;13518.56;123943.681;12035.7;111693.119;10876.73;12999.427;3582.813;35584.351;55781.457;107948.048;3745.071;Administração, defesa, educação e saúde públicas e seguridade social;Demais serviços;Pecuária, inclusive apoio à pecuária
3;Sudeste;31;MG;Minas Gerais;3156700;Sabará;True;2023;publica;medio;todos (1-4);86.9;0.873972;270.58;278.47;4.658508;4.1;;3837192.206;29658.31;3934173.849;30409.78;4201931.68;30475.94;3156.002;1845745.119;1400549.748;602782.961;3852233.829;349697.851;Demais serviços;Indústrias extrativas;Indústrias de transformação
3;Sudeste;31;MG;Minas Gerais;3156809;Sabinópolis;True;2023;publica;medio;todos (1-4);84.2;0.846573;253.47;259.37;4.132271;3.5;;415038.365;29145.95;309137.166;21709.07;334726.643;21786.43;42775.98;107386.69;101974.637;69796.966;321934.273;12792.369;Indústrias extrativas;Demais serviços;Administração, defesa, educação e saúde públicas e seguridade social
3;Sudeste;31;MG;Minas Gerais;3156908;Sacramento;True;2023;publica;medio;todos (1-4);80.4;0.809563;280.74;274.04;4.734887;3.8;;2387149.527;89506.92;2139747.753;80230.51;2090841.083;78733.28;687267.02;436638.984;615035.212;175197.677;1914138.893;176702.19;Agricultura, inclusive apoio à agricultura e a pós colheita;Demais serviços;Eletricidade e gás, água, esgoto, atividades de gestão de resíduos e descontaminação
3;Sudeste;31;MG;Minas Gerais;3157005;Salinas;True;2023;publica;medio;todos (1-4);91.9;0.922952;272.43;272.64;4.597215;4.2;;903694.482;22492.27;791733.845;19705.66;667282.456;15939.29;27608.563;62009.728;317353.958;197668.723;604640.973;62641.483;Demais serviços;Administração, defesa, educação e saúde públicas e seguridade social;Comércio e reparação de veículos automotores e motocicletas
3;Sudeste;31;MG;Minas Gerais;3157104;Salto da Divisa;True;2023;publica;medio;todos (1-4);71.7;0.730611;254.9;254.82;4.084241;3.0;;118710.428;19428.88;117452.295;19222.96;132014.548;18821.58;14582.795;38657.785;33563.83;40453.35;127257.76;4756.788;Administração, defesa, educação e saúde públicas e seguridade social;Indústrias extrativas;Demais serviços
3;Sudeste;31;MG;Minas Gerais;3157203;Santa Bárbara;True;2023;publica;medio;todos (1-4);81.7;0.830503;274.99;278.99;4.72823;3.9;;1019088.443;33450.02;1152729.889;37836.6;1628347.376;51088.61;21230.143;923356.962;450543.066;162690.875;1557821.045;70526.331;Indústrias extrativas;Demais serviços;Administração, defesa, educação e saúde públicas e seguridade social
3;Sudeste;31;MG;Minas Gerais;3157252;Santa Bárbara do Leste;True;2023;publica;medio;todos (1-4);89.7;0.902377;306.67;301.08;5.503863;5.0;;153222.004;18115.63;149128.833;17631.69;111674.055;13598.89;24989.466;5141.261;36127.275;39220.735;105478.737;6195.318;Administração, defesa, educação e saúde públicas e seguridade social;Demais serviços;Agricultura, inclusive apoio à agricultura e a pós colheita
3;Sudeste;31;MG;Minas Gerais;3157278;Santa Bárbara do Monte Verde;False;;;;;;;;;;;;71438.159;23081.8;58847.484;19013.73;56260.636;17515.76;21440.74;1548.007;11599.961;19992.368;54581.075;1679.562;Administração, defesa, educação e saúde públicas e seguridade social;Produção florestal, pesca e aquicultura;Demais serviços
3;Sudeste;31;MG;Minas Gerais;3157302;Santa Bárbara do Tugúrio;True;2023;publica;medio;todos (1-4);76.3;0.782589;289.58;286.43;5.044523;3.9;;78007.352;18537.87;72570.764;17245.9;70602.427;16100.9;10688.962;2718.564;27822.371;24179.199;65409.095;5193.332;Administração, defesa, educação e saúde públicas e seguridade social;Demais serviços;Comércio e reparação de veículos automotores e motocicletas
3;Sudeste;31;MG;Minas Gerais;3157336;Santa Cruz de Minas;False;;;;;;;;;;;;154995.253;19113.98;121163.116;14941.81;103452.892;11859.78;56.758;7136.276;47121.824;39942.247;94257.104;9195.788;Administração, defesa, educação e saúde públicas e seguridade social;Demais serviços;Comércio e reparação de veículos automotores e motocicletas
3;Sudeste;31;MG;Minas Gerais;3157377;Santa Cruz de Salinas;True;2023;publica;medio;todos (1-4);96.0;0.963888;260.44;258.87;4.222679;4.1;;59169.054;15132.75;53726.638;13740.83;48998.011;12027.0;4873.597;1057.09;15787.668;24646.659;46365.015;2632.996;Administração, defesa, educação e saúde públicas e seguridade social;Demais serviços;Comércio e reparação de veículos automotores e motocicletas
3;Sudeste;31;MG;Minas Gerais;3157401;Santa Cruz do Escalvado;False;;;;;;;;;;;;90331.28;19330.47;109625.171;23459.27;76982.243;16403.63;12234.325;19989.727;15014.994;26126.647;73365.693;3616.55;Administração, defesa, educação e saúde públicas e seguridade social;Construção;Demais serviços
3;Sudeste;31;MG;Minas Gerais;3157500;Santa Efigênia de Minas;True;2023;publica;medio;todos (1-4);87.3;0.876167;275.87;261.19;4.474123;3.9;;58652.137;14521.45;55391.142;13714.07;51007.865;11715.17;6492.163;1810.661;15601.097;25062.5;48966.422;2041.443;Administração, defesa, educação e saúde públicas e seguridade social;Demais serviços;Produção florestal, pesca e aquicultura
3;Sudeste;31;MG;Minas Gerais;3157609;Santa Fé de Minas;False;;;;;;;;;;;;70866.744;20121.17;60999.88;17319.67;59926.411;15745.25;18605.647;1906.74;13245.703;23491.127;57249.216;2677.195;Administração, defesa, educação e saúde públicas e seguridade social;Demais serviços;Pecuária, inclusive apoio à pecuária
3;Sudeste;31;MG;Minas Gerais;3157658;Santa Helena de Minas;True;2023;publica;medio;todos (1-4);87.7;0.874911;265.03;268.0;4.423822;3.9;;69029.27;11625.0;59908.851;10089.06;57927.071;9042.63;8448.59;1051.722;15266.36;31482.304;56248.975;1678.096;Administração, defesa, educação e saúde públicas e seguridade social;Demais serviços;Pecuária, inclusive apoio à pecuária
3;Sudeste;31;MG;Minas Gerais;3157708;Santa Juliana;False;;;;;;;;;;;;912073.167;57968.3;924579.909;58763.18;860296.319;59343.06;230710.087;216675.786;254207.358;77568.609;779161.84;81134.479;Demais serviços;Indústrias de transformação;Agricultura, inclusive apoio à agricultura e a pós colheita
3;Sudeste;31;MG;Minas Gerais;3157807;Santa Luzia;True;2023;publica;medio;todos (1-4);86.8;0.873415;264.47;268.86;4.428831;3.9;;6608096.77;30155.78;5758336.5;26317.21;5287596.733;23849.7;4235.837;1729157.044;1844630.038;1018986.259;4597009.179;690587.555;Indústrias de transformação;Demais serviços;Administração, defesa, educação e saúde públicas e seguridade social
3;Sudeste;31;MG;Minas Gerais;3157906;Santa Margarida;True;2023;publica;medio;todos (1-4);87.0;0.875673;268.48;260.31;4.357157;3.8;;497578.478;30349.4;545006.763;33242.25;353994.896;21594.27;172774.971;11679.779;78951.492;79369.51;342775.752;11219.143;Agricultura, inclusive apoio à agricultura e a pós colheita;Administração, defesa, educação e saúde públicas e seguridade social;Demais serviços
3;Sudeste;31;MG;Minas Gerais;3158003;Santa Maria de Itabira;True;2023;publica;medio;todos (1-4);83.4;0.832728;255.66;248.03;3.993269;3.3;;327050.191;31192.2;272757.813;25999.22;269093.836;24762.48;18931.033;65044.865;105347.537;54711.55;244034.985;25058.851;Demais serviços;Administração, defesa, educação e saúde públicas e seguridade social;Indústrias extrativas
3;Sudeste;31;MG;Minas Gerais;3158102;Santa Maria do Salto;False;;;;;;;;;;;;60852.325;12797.54;50815.171;10686.68;49982.525;9606.48;4730.147;1167.315;14111.723;28553.691;48562.876;1419.65;Administração, defesa, educação e saúde públicas e seguridade social;Demais serviços;Pecuária, inclusive apoio à pecuária
3;Sudeste;31;MG;Minas Gerais;3158201;Santa Maria do Suaçuí;True;2023;publica;medio;todos (1-4);88.1;0.885485;261.19;256.1;4.191745;3.7;;223266.132;17459.03;178799.319;13981.8;170803.166;11693.24;21489.515;6336.689;67150.841;67376.794;162353.839;8449.327;Administração, defesa, educação e saúde públicas e seguridade social;Demais serviços;Pecuária, inclusive apoio à pecuária
3;Sudeste;31;MG;Minas Gerais;3158300;Santana da Vargem;True;2023;publica;medio;todos (1-4);93.8;0.939148;279.02;288.86;4.932586;4.6;;258302.543;38604.48;214152.116;32256.68;243281.986;34522.77;71337.569;38807.497;70892.543;37264.679;218302.289;24979.697;Agricultura, inclusive apoio à agricultura e a pós colheita;Demais serviços;Administração, defesa, educação e saúde públicas e seguridade social
3;Sudeste;31;MG;Minas Gerais;3158409;Santana de Cataguases;True;2023;publica;medio;todos (1-4);98.1;0.976622;266.52;271.44;4.496246;4.4;;61152.633;17527.27;51898.483;14874.89;49901.016;12765.67;6824.337;2192.589;15378.671;23492.074;47887.671;2013.345;Administração, defesa, educação e saúde públicas e seguridade social;Demais serviços;Pecuária, inclusive apoio à pecuária
3;Sudeste;31;MG;Minas Gerais;3158508;Santana de Pirapama;True;2023;publica;medio;todos (1-4);93.3;0.936113;281.19;287.65;4.94495;4.6;;135532.542;19279.17;125203.421;17809.88;116826.219;15498.3;45963.034;4846.73;25570.355;35364.244;111744.364;5081.855;Administração, defesa, educação e saúde públicas e seguridade social;Agricultura, inclusive apoio à agricultura e a pós colheita;Demais serviços
3;Sudeste;31;MG;Minas Gerais;3158607;Santana do Deserto;True;2023;publica;medio;todos (1-4);95.2;0.96112;284.18;287.9;4.990687;4.8;;84573.749;22571.06;50988.084;13607.71;47354.938;11883.3;4367.346;1566.306;15171.871;24416.144;45521.668;1833.27;Administração, defesa, educação e saúde públicas e seguridade social;Demais serviços;Pecuária, inclusive apoio à pecuária
3;Sudeste;31;MG;Minas Gerais;3158706;Santana do Garambéu;True;2023;publica;medio;todos (1-4);91.4;0.926331;274.55;273.72;4.643158;4.3;;48321.597;22611.88;40761.263;19074.06;39151.502;15698.28;9191.5;751.697;10124.77;17653.109;37721.076;1430.426;Administração, defesa, educação e saúde públicas e seguridade social;Demais serviços;Pecuária, inclusive apoio à pecuária
3;Sudeste;31;MG;Minas Gerais;3158805;Santana do Jacaré;True;2023;publica;medio;todos (1-4);92.8;0.930586;272.08;275.25;4.631372;4.3;;129242.426;30669.77;119141.56;28272.8;105811.533;21830.31;10902.496;24113.69;35807.659;26017.228;96841.073;8970.459;Demais serviços;Administração, defesa, educação e saúde públicas e seguridade social;Indústrias de transformação
3;Sudeste;31;MG;Minas Gerais;3158904;Santana do Manhuaçu;True;2023;publica;medio;todos (1-4);80.6;0.814159;264.67;269.34;4.438825;3.6;;227887.497;25357.46;245127.562;27275.79;189821.927;21919.39;79542.853;7938.88;50610.386;40644.042;178736.161;11085.767;Agricultura, inclusive apoio à agricultura e a pós colheita;Administração, defesa, educação e saúde públicas e seguridade social;Demais serviços
3;Sudeste;31;MG;Minas Gerais;3158953;Santana do Paraíso;True;2023;publica;medio;todos (1-4);87.6;0.878635;273.27;272.43;4.605869;4.0;;1250977.727;27923.61;1187338.179;26503.08;749701.607;20797.31;12578.835;181962.25;298701.217;170469.558;663711.86;85989.748;Demais serviços;Administração, defesa, educação e saúde públicas e seguridade social;Indústrias de transformação
3;Sudeste;31;MG;Minas Gerais;3159001;Santana do Riacho;True;2023;publica;medio;todos (1-4);88.9;0.898596;258.85;256.47;4.164419;3.7;;139840.897;26320.52;122253.16;23010.19;103769.993;23943.24;3138.547;8074.534;58238.669;25766.116;95217.865;8552.128;Demais serviços;Administração, defesa, educação e saúde públicas e seguridade social;Comércio e reparação de veículos automotores e motocicletas
3;Sudeste;31;MG;Minas Gerais;3159100;Santana dos Montes;True;2023;publica;medio;todos (1-4);92.6;0.930481;264.71;266.62;4.398669;4.1;;64537.388;18604.03;53371.474;15385.26;49866.757;13287.17;7191.459;2230.764;14796.07;23837.792;48056.085;1810.672;Administração, defesa, educação e saúde públicas e seguridade social;Demais serviços;Pecuária, inclusive apoio à pecuária
3;Sudeste;31;MG;Minas Gerais;3159209;Santa Rita de Caldas;True;2023;publica;medio;todos (1-4);88.8;0.890688;296.83;296.94;5.303684;4.7;;249061.006;29439.84;239954.591;28363.43;227927.742;25609.86;62553.679;37452.254;68687.108;43973.838;212666.879;15260.862;Demais serviços;Administração, defesa, educação e saúde públicas e seguridade social;Agricultura, inclusive apoio à agricultura e a pós colheita
3;Sudeste;31;MG;Minas Gerais;3159308;Santa Rita de Jacutinga;True;2023;publica;medio;todos (1-4);86.6;0.867144;283.38;275.76;4.797714;4.2;;87242.025;18347.43;80379.845;16904.28;74797.746;15444.51;14375.973;2043.237;26899.605;27619.995;70938.811;3858.936;Administração, defesa, educação e saúde públicas e seguridade social;Demais serviços;Pecuária, inclusive apoio à pecuária
3;Sudeste;31;MG;Minas Gerais;3159357;Santa Rita de Minas;True;2023;publica;medio;todos (1-4);92.1;0.927627;288.28;283.77;4.986445;4.6;;208455.674;30777.45;188093.27;27771.04;151780.901;20729.43;22990.289;30230.093;46276.951;37210.059;136707.391;15073.51;Administração, defesa, educação e saúde públicas e seguridade social;Demais serviços;Indústrias de transformação
3;Sudeste;31;MG;Minas Gerais;3159407;Santa Rita de Ibitipoca;True;2023;publica;medio;todos (1-4);86.3;0.874117;283.63;284.97;4.9391;4.3;;72264.345;21891.65;66533.964;20155.7;61997.751;18342.53;22112.333;2237.868;13526.338;21748.605;59625.143;2372.608;Administração, defesa, educação e saúde públicas e seguridade social;Pecuária, inclusive apoio à pecuária;Demais serviços
3;Sudeste;31;MG;Minas Gerais;3159506;Santa Rita do Itueto;True;2023;publica;medio;todos (1-4);94.0;0.934293;254.11;255.16;4.078235;3.8;;233545.096;40086.7;294767.276;50595.14;179106.862;33009.01;83411.429;27181.155;31826.179;31426.566;173845.329;5261.533;Agricultura, inclusive apoio à agricultura e a pós colheita;Administração, defesa, educação e saúde públicas e seguridade social;Demais serviços
3;Sudeste;31;MG;Minas Gerais;3159605;Santa Rita do Sapucaí;True;2023;publica;medio;todos (1-4);94.4;0.947961;275.3;282.64;4.787225;4.5;;2514297.658;61875.17;2187943.31;53843.81;1944044.507;43957.05;72423.95;602209.812;625973.487;211605.752;1512213.001;431831.506;Indústrias de transformação;Demais serviços;Administração, defesa, educação e saúde públicas e seguridade social
3;Sudeste;31;MG;Minas Gerais;3159704;Santa Rosa da Serra;True;2023;publica;medio;todos (1-4);94.5;0.944318;287.94;294.03;5.135262;4.8;;119335.757;35285.56;182790.984;54048.19;102017.101;30326.13;49636.338;6345.317;21184.094;22057.003;99222.752;2794.348;Agricultura, inclusive apoio à agricultura e a pós colheita;Administração, defesa, educação e saúde públicas e seguridade social;Demais serviços
3;Sudeste;31;MG;Minas Gerais;3159803;Santa Vitória;True;2023;publica;medio;todos (1-4);91.3;0.918375;249.36;248.55;3.91257;3.6;;1006615.07;47995.76;1128792.845;53821.24;802576.263;40134.83;219824.009;131295.015;244082.139;142410.231;737611.395;64964.868;Demais serviços;Administração, defesa, educação e saúde públicas e seguridade social;Agricultura, inclusive apoio à agricultura e a pós colheita
3;Sudeste;31;MG;Minas Gerais;3159902;Santo Antônio do Amparo;True;2023;publica;medio;todos (1-4);92.3;0.925086;252.03;261.36;4.141836;3.8;;477371.676;27617.68;413731.124;23935.85;354377.976;18953.73;86895.887;19168.972;133759.08;88761.836;328585.775;25792.201;Demais serviços;Administração, defesa, educação e saúde públicas e seguridade social;Agricultura, inclusive apoio à agricultura e a pós colheita
3;Sudeste;31;MG;Minas Gerais;3160009;Santo Antônio do Aventureiro;True;2023;publica;medio;todos (1-4);85.0;0.874683;265.9;263.01;4.36134;3.8;;79244.936;21025.45;68079.846;18063.11;67888.308;18847.39;20031.979;2609.456;20033.395;23136.743;65811.573;2076.736;Administração, defesa, educação e saúde públicas e seguridade social;Demais serviços;Agricultura, inclusive apoio à agricultura e a pós colheita
3;Sudeste;31;MG;Minas Gerais;3160108;Santo Antônio do Grama;True;2023;publica;medio;todos (1-4);85.2;0.872228;286.55;277.23;4.864243;4.2;;102566.311;24253.09;90008.398;21283.61;85507.708;22146.52;10803.012;12373.232;20617.027;24894.386;68687.658;16820.05;Administração, defesa, educação e saúde públicas e seguridade social;Demais serviços;Eletricidade e gás, água, esgoto, atividades de gestão de resíduos e descontaminação
3;Sudeste;31;MG;Minas Gerais;3160207;Santo Antônio do Itambé;True;2023;publica;medio;todos (1-4);95.1;0.951666;245.72;250.92;3.896925;3.7;;59342.92;15157.83;50463.705;12889.84;44719.814;11884.09;7810.546;1175.352;11340.292;23081.974;43408.165;1311.648;Administração, defesa, educação e saúde públicas e seguridade social;Demais serviços;Pecuária, inclusive apoio à pecuária
3;Sudeste;31;MG;Minas Gerais;3160306;Santo Antônio do Jacinto;True;2023;publica;medio;todos (1-4);91.6;0.918669;247.38;243.29;3.806018;3.5;;131043.645;12689.42;123552.084;11963.99;114521.804;9898.17;11056.557;4741.218;35961.288;58280.82;110039.883;4481.921;Administração, defesa, educação e saúde públicas e seguridade social;Demais serviços;Pecuária, inclusive apoio à pecuária
3;Sudeste;31;MG;Minas Gerais;3160405;Santo Antônio do Monte;True;2023;publica;medio;todos (1-4);93.6;0.938886;279.42;286.86;4.908264;4.6;;942155.374;34517.51;828153.509;30340.85;842861.705;29467.6;352781.411;47291.034;262954.945;134148.734;797176.124;45685.581;Agricultura, inclusive apoio à agricultura e a pós colheita;Demais serviços;Administração, defesa, educação e saúde públicas e seguridade social
3;Sudeste;31;MG;Minas Gerais;3160454;Santo Antônio do Retiro;True;2023;publica;medio;todos (1-4);91.9;0.92497;259.11;251.11;4.087831;3.8;;84684.187;12774.81;76799.687;11585.41;70751.759;9670.83;6215.722;3796.293;18230.347;40268.258;68510.619;2241.14;Administração, defesa, educação e saúde públicas e seguridade social;Demais serviços;Agricultura, inclusive apoio à agricultura e a pós colheita
3;Sudeste;31;MG;Minas Gerais;3160504;Santo Antônio do Rio Abaixo;False;;;;;;;;;;;;38141.635;21096.04;32402.538;17921.76;28487.364;16222.87;5043.972;628.257;8228.45;13563.346;27464.025;1023.339;Administração, defesa, educação e saúde públicas e seguridade social;Demais serviços;Pecuária, inclusive apoio à pecuária
3;Sudeste;31;MG;Minas Gerais;3160603;Santo Hipólito;True;2023;publica;medio;todos (1-4);83.5;0.846478;260.8;278.56;4.522495;3.8;;71684.849;26383.82;49465.95;18206.09;50190.473;16488.33;14833.615;1879.799;12063.015;19936.53;48712.959;1477.514;Administração, defesa, educação e saúde públicas e seguridade social;Demais serviços;Pecuária, inclusive apoio à pecuária
3;Sudeste;31;MG;Minas Gerais;3160702;Santos Dumont;True;2023;publica;medio;todos (1-4);87.4;0.877777;270.88;276.99;4.640565;4.1;;1259405.745;29698.76;1208059.416;28487.94;1101637.428;23764.21;21028.397;290588.304;406013.551;211659.804;929290.055;172347.373;Demais serviços;Administração, defesa, educação e saúde públicas e seguridade social;Indústrias de transformação
3;Sudeste;31;MG;Minas Gerais;3160801;São Bento Abade;True;2023;publica;medio;todos (1-4);88.3;0.886156;272.53;272.28;4.593231;4.1;;96682.634;20514.03;87981.667;18667.87;89288.98;16501.38;27791.018;4036.066;24806.547;29087.767;85721.398;3567.581;Administração, defesa, educação e saúde públicas e seguridade social;Agricultura, inclusive apoio à agricultura e a pós colheita;Demais serviços
3;Sudeste;31;MG;Minas Gerais;3160900;São Brás do Suaçuí;True;2023;publica;medio;todos (1-4);89.2;0.8993;288.84;283.45;4.989519;4.5;;100031.822;25076.92;90665.688;22728.93;80485.097;21348.83;3712.337;3374.914;38845.197;28242.435;74174.883;6310.214;Demais serviços;Administração, defesa, educação e saúde públicas e seguridade social;Comércio e reparação de veículos automotores e motocicletas
3;Sudeste;31;MG;Minas Gerais;3160959;São Domingos das Dores;True;2023;publica;medio;todos (1-4);93.7;0.943394;290.97;287.97;5.0871;4.8;;120617.641;21439.32;120311.635;21384.93;91424.17;16118.51;16321.777;2573.213;32543.348;31785.53;83223.867;8200.303;Administração, defesa, educação e saúde públicas e seguridade social;Demais serviços;Agricultura, inclusive apoio à agricultura e a pós colheita
3;Sudeste;31;MG;Minas Gerais;3161007;São Domingos do Prata;True;2023;publica;medio;todos (1-4);86.4;0.872781;266.9;271.8;4.506972;3.9;;402896.007;23165.59;357693.229;20566.54;313454.213;18122.93;32428.634;28746.852;133973.062;85240.661;280389.209;33065.004;Demais serviços;Administração, defesa, educação e saúde públicas e seguridade social;Comércio e reparação de veículos automotores e motocicletas
3;Sudeste;31;MG;Minas Gerais;3161056;São Félix de Minas;True;2023;publica;medio;todos (1-4);94.2;0.945802;249.89;245.74;3.877948;3.7;;59107.679;18471.15;46651.965;14578.74;43890.239;13085.94;5807.537;2050.725;12789.303;21407.936;42055.501;1834.738;Administração, defesa, educação e saúde públicas e seguridade social;Demais serviços;Pecuária, inclusive apoio à pecuária
3;Sudeste;31;MG;Minas Gerais;3161106;São Francisco;True;2023;publica;medio;todos (1-4);85.0;0.857113;255.17;253.27;4.06483;3.5;;859288.93;16286.13;725685.001;13753.93;648147.82;11446.32;75358.553;35181.805;245107.824;251665.267;607313.449;40834.371;Administração, defesa, educação e saúde públicas e seguridade social;Demais serviços;Comércio e reparação de veículos automotores e motocicletas
3;Sudeste;31;MG;Minas Gerais;3161205;São Francisco de Paula;True;2023;publica;medio;todos (1-4);93.2;0.938069;281.6;289.4;4.976906;4.7;;231806.277;37466.67;218276.257;35279.82;150493.084;23110.12;44970.344;6885.683;54062.177;32585.873;138504.076;11989.008;Agricultura, inclusive apoio à agricultura e a pós colheita;Demais serviços;Administração, defesa, educação e saúde públicas e seguridade social
3;Sudeste;31;MG;Minas Gerais;3161304;São Francisco de Sales;True;2023;publica;medio;todos (1-4);92.5;0.923608;282.71;282.31;4.886358;4.5;;249351.958;43501.74;193421.054;33744.08;193829.048;30722.63;92869.952;9534.72;45385.726;38232.239;186022.636;7806.411;Agricultura, inclusive apoio à agricultura e a pós colheita;Administração, defesa, educação e saúde públicas e seguridade social;Demais serviços
3;Sudeste;31;MG;Minas Gerais;3161403;São Francisco do Glória;True;2023;publica;medio;todos (1-4);100.0;1.0;295.23;273.35;4.928069;4.9;;89843.001;18717.29;87316.155;18190.87;72558.566;15249.8;14934.608;3890.674;22827.722;26037.422;67690.427;4868.139;Administração, defesa, educação e saúde públicas e seguridade social;Demais serviços;Agricultura, inclusive apoio à agricultura e a pós colheita
3;Sudeste;31;MG;Minas Gerais;3161502;São Geraldo;True;2023;publica;medio;todos (1-4);96.7;0.968953;279.61;289.56;4.951352;4.8;;351896.564;34224.52;290355.937;28239.25;263232.564;20644.07;20096.078;89152.617;66876.862;57843.884;233969.441;29263.124;Indústrias de transformação;Demais serviços;Administração, defesa, educação e saúde públicas e seguridade social
3;Sudeste;31;MG;Minas Gerais;3161601;São Geraldo da Piedade;True;2023;publica;medio;todos (1-4);93.3;0.935461;266.25;266.55;4.41925;4.1;;53463.223;16176.47;46622.084;14106.53;44803.139;11607.03;6326.743;1058.363;13309.843;22527.193;43222.142;1580.997;Administração, defesa, educação e saúde públicas e seguridade social;Demais serviços;Pecuária, inclusive apoio à pecuária
3;Sudeste;31;MG;Minas Gerais;3161650;São Geraldo do Baixio;False;;;;;;;;;;;;56810.761;18075.33;49274.063;15677.4;49928.102;12165.72;8528.226;3784.644;13481.716;22528.234;48322.82;1605.282;Administração, defesa, educação e saúde públicas e seguridade social;Demais serviços;Pecuária, inclusive apoio à pecuária
3;Sudeste;31;MG;Minas Gerais;3161700;São Gonçalo do Abaeté;True;2023;publica;medio;todos (1-4);87.2;0.880291;272.47;272.87;4.60122;4.1;;376328.72;51027.62;379298.417;51430.29;325636.805;38188.91;112783.884;38065.025;102469.138;41522.06;294840.107;30796.697;Agricultura, inclusive apoio à agricultura e a pós colheita;Demais serviços;Administração, defesa, educação e saúde públicas e seguridade social
3;Sudeste;31;MG;Minas Gerais;3161809;São Gonçalo do Pará;True;2023;publica;medio;todos (1-4);96.4;0.966732;263.14;258.93;4.261498;4.1;;380221.311;32304.27;328832.868;27938.22;311146.881;24354.01;27105.748;112164.534;81679.058;60651.464;281600.804;29546.077;Indústrias de transformação;Demais serviços;Administração, defesa, educação e saúde públicas e seguridade social
3;Sudeste;31;MG;Minas Gerais;3161908;São Gonçalo do Rio Abaixo;True;2023;publica;medio;todos (1-4);85.8;0.871052;279.36;278.41;4.780924;4.2;;3766221.656;317824.61;3838429.715;323918.12;7603788.203;684163.06;12551.14;5826629.256;1415025.733;176734.622;7430940.751;172847.452;Indústrias extrativas;Demais serviços;Construção
3;Sudeste;31;MG;Minas Gerais;3162005;São Gonçalo do Sapucaí;True;2023;publica;medio;todos (1-4);89.6;0.897225;271.05;277.57;4.651636;4.2;;1189276.86;49638.0;1110720.994;46359.24;986478.332;38429.23;157543.412;202846.604;381155.775;124682.805;866228.595;120249.737;Demais serviços;Indústrias de transformação;Comércio e reparação de veículos automotores e motocicletas
3;Sudeste;31;MG;Minas Gerais;3162104;São Gotardo;True;2023;publica;medio;todos (1-4);78.2;0.790234;261.77;269.85;4.40573;3.5;;1555360.957;38019.09;1447958.051;35393.74;1189028.466;32951.68;130818.055;125094.25;608767.929;172445.62;1037125.854;151902.613;Demais serviços;Comércio e reparação de veículos automotores e motocicletas;Administração, defesa, educação e saúde públicas e seguridade social
3;Sudeste;31;MG;Minas Gerais;3162203;São João Batista do Glória;True;2023;publica;medio;todos (1-4);91.1;0.90969;284.33;276.75;4.825877;4.4;;294819.325;38528.4;265284.627;34668.67;268081.503;35549.86;109263.28;29837.595;64762.373;49101.301;252964.549;15116.953;Agricultura, inclusive apoio à agricultura e a pós colheita;Demais serviços;Administração, defesa, educação e saúde públicas e seguridade social
3;Sudeste;31;MG;Minas Gerais;3162252;São João da Lagoa;True;2023;publica;medio;todos (1-4);88.2;0.890153;265.69;275.72;4.54866;4.0;;73609.884;15265.43;65157.105;13512.46;60401.717;12204.83;14162.462;1301.246;13698.85;28452.923;57615.481;2786.236;Administração, defesa, educação e saúde públicas e seguridade social;Demais serviços;Pecuária, inclusive apoio à pecuária
3;Sudeste;31;MG;Minas Gerais;3162302;São João da Mata;True;2023;publica;medio;todos (1-4);97.1;0.974053;273.38;282.32;4.755468;4.6;;65323.218;22417.03;62268.948;21368.89;55080.701;20080.46;18126.693;1488.98;15456.307;17519.619;52591.599;2489.102;Administração, defesa, educação e saúde públicas e seguridade social;Agricultura, inclusive apoio à agricultura e a pós colheita;Demais serviços
3;Sudeste;31;MG;Minas Gerais;3162401;São João da Ponte;True;2023;publica;medio;todos (1-4);95.8;0.959942;262.25;266.61;4.363968;4.2;;358300.962;14972.88;294983.653;12326.94;269275.132;10756.81;37952.283;11191.423;82218.964;124761.787;256124.457;13150.676;Administração, defesa, educação e saúde públicas e seguridade social;Demais serviços;Pecuária, inclusive apoio à pecuária
3;Sudeste;31;MG;Minas Gerais;3162450;São João das Missões;False;;;;;;;;;;;;119038.29;9139.92;104830.824;8049.05;92410.154;6983.84;6703.637;2196.851;20446.831;60213.266;89560.586;2849.569;Administração, defesa, educação e saúde públicas e seguridade social;Demais serviços;Pecuária, inclusive apoio à pecuária
3;Sudeste;31;MG;Minas Gerais;3162500;São João del Rei;True;2023;publica;medio;todos (1-4);86.9;0.872554;296.84;298.71;5.330322;4.7;;3505345.575;38851.16;3286449.093;36425.04;3003941.6;33047.75;292263.819;590046.041;1364170.622;405919.349;2652399.83;351541.769;Demais serviços;Administração, defesa, educação e saúde públicas e seguridade social;Indústrias de transformação
3;Sudeste;31;MG;Minas Gerais;3162559;São João do Manhuaçu;True;2023;publica;medio;todos (1-4);81.4;0.836213;262.85;270.73;4.434072;3.7;;245231.859;21806.14;261762.535;23276.06;183076.429;15534.7;47628.701;8286.731;56613.396;59797.255;172326.082;10750.346;Administração, defesa, educação e saúde públicas e seguridade social;Agricultura, inclusive apoio à agricultura e a pós colheita;Demais serviços
3;Sudeste;31;MG;Minas Gerais;3162575;São João do Manteninha;True;2023;publica;medio;todos (1-4);91.4;0.914016;253.07;268.38;4.261533;3.9;;92757.159;17399.58;86651.756;16254.32;81209.524;13591.55;7832.618;8002.949;29481.596;31214.095;76531.258;4678.266;Administração, defesa, educação e saúde públicas e seguridade social;Demais serviços;Indústrias de transformação
3;Sudeste;31;MG;Minas Gerais;3162609;São João do Oriente;True;2023;publica;medio;todos (1-4);86.6;0.868165;255.58;261.11;4.187953;3.6;;129881.307;18370.76;111761.64;15807.87;101830.184;13773.87;10318.37;12851.311;35097.008;37245.137;95511.827;6318.357;Administração, defesa, educação e saúde públicas e seguridade social;Demais serviços;Pecuária, inclusive apoio à pecuária
3;Sudeste;31;MG;Minas Gerais;3162658;São João do Pacuí;False;;;;;;;;;;;;52787.43;13289.89;46918.132;11815.19;44650.785;9975.6;7957.063;891.709;9462.012;25080.974;43391.759;1259.027;Administração, defesa, educação e saúde públicas e seguridade social;Demais serviços;Pecuária, inclusive apoio à pecuária
3;Sudeste;31;MG;Minas Gerais;3162708;São João do Paraíso;True;2023;publica;medio;todos (1-4);93.7;0.939815;276.87;280.98;4.784425;4.5;;343636.949;14372.1;286699.321;11990.77;285026.405;11977.41;67859.614;16127.571;75784.44;110481.255;270252.879;14773.526;Administração, defesa, educação e saúde públicas e seguridade social;Demais serviços;Produção florestal, pesca e aquicultura
3;Sudeste;31;MG;Minas Gerais;3162807;São João Evangelista;True;2023;publica;medio;todos (1-4);93.7;0.938792;297.38;291.61;5.231619;4.9;;292736.468;19114.36;259717.756;16958.39;253189.474;16064.3;31799.404;13141.786;113170.507;75778.947;233890.645;19298.829;Demais serviços;Administração, defesa, educação e saúde públicas e seguridade social;Comércio e reparação de veículos automotores e motocicletas
3;Sudeste;31;MG;Minas Gerais;3162906;São João Nepomuceno;True;2023;publica;medio;todos (1-4);76.7;0.774442;267.11;269.02;4.468305;3.5;;672478.433;26304.65;581987.222;22765.0;506005.125;19072.94;21060.694;105914.72;217751.774;123433.488;468160.675;37844.45;Demais serviços;Administração, defesa, educação e saúde públicas e seguridade social;Indústrias de transformação
3;Sudeste;31;MG;Minas Gerais;3162922;São Joaquim de Bicas;True;2023;publica;medio;todos (1-4);84.1;0.849841;268.71;274.75;4.576555;3.9;;1065143.955;31010.36;956892.025;27858.74;1083055.953;33125.03;46947.358;432902.288;295832.412;167714.497;943396.554;139659.399;Indústrias de transformação;Demais serviços;Administração, defesa, educação e saúde públicas e seguridade social
3;Sudeste;31;MG;Minas Gerais;3162948;São José da Barra;True;2023;publica;medio;todos (1-4);94.5;0.942123;282.94;273.8;4.762193;4.5;;911244.741;116931.19;668346.835;85762.46;891414.149;118350.26;87667.621;678363.777;67644.307;44335.026;878010.731;13403.418;Eletricidade e gás, água, esgoto, atividades de gestão de resíduos e descontaminação;Agricultura, inclusive apoio à agricultura e a pós colheita;Demais serviços
3;Sudeste;31;MG;Minas Gerais;3162955;São José da Lapa;True;2023;publica;medio;todos (1-4);91.8;0.917897;269.7;278.86;4.651986;4.3;;1026318.769;39001.28;976279.9;37527.58;624432.332;25497.44;9299.696;198280.634;193618.475;133985.045;535183.85;89248.482;Indústrias de transformação;Demais serviços;Administração, defesa, educação e saúde públicas e seguridade social
3;Sudeste;31;MG;Minas Gerais;3163003;São José da Safira;True;2023;publica;medio;todos (1-4);94.7;0.944922;254.28;253.42;4.054575;3.8;;53061.692;13941.59;48147.135;12650.32;49537.836;11544.59;3255.639;3977.496;15191.529;25153.609;47578.273;1959.563;Administração, defesa, educação e saúde públicas e seguridade social;Demais serviços;Pecuária, inclusive apoio à pecuária
3;Sudeste;31;MG;Minas Gerais;3163102;São José da Varginha;False;;;;;;;;;;;;136883.647;30177.17;121945.528;26883.93;114569.087;22242.11;55240.106;2111.719;24970.075;26905.529;109227.429;5341.658;Pecuária, inclusive apoio à pecuária;Administração, defesa, educação e saúde públicas e seguridade social;Demais serviços
3;Sudeste;31;MG;Minas Gerais;3163201;São José do Alegre;True;2023;publica;medio;todos (1-4);91.2;0.911428;269.03;263.42;4.411439;4.0;;78981.024;19109.85;69544.091;16826.54;57941.277;13723.66;8117.064;2696.943;20567.046;22992.728;54373.781;3567.495;Administração, defesa, educação e saúde públicas e seguridade social;Demais serviços;Comércio e reparação de veículos automotores e motocicletas
3;Sudeste;31;MG;Minas Gerais;3163300;São José do Divino;True;2023;publica;medio;todos (1-4);96.5;0.971086;282.04;275.97;4.782038;4.6;;60347.69;17421.39;54219.506;15652.28;53034.752;13771.68;11331.762;1212.615;15461.771;23510.447;51516.596;1518.156;Administração, defesa, educação e saúde públicas e seguridade social;Demais serviços;Pecuária, inclusive apoio à pecuária
3;Sudeste;31;MG;Minas Gerais;3163409;São José do Goiabal;True;2023;publica;medio;todos (1-4);86.4;0.872707;288.23;281.37;4.949814;4.3;;87323.239;16182.96;73843.904;13684.93;67368.513;12578.14;13245.979;2489.778;19791.386;29547.023;65074.165;2294.348;Administração, defesa, educação e saúde públicas e seguridade social;Demais serviços;Pecuária, inclusive apoio à pecuária
3;Sudeste;31;MG;Minas Gerais;3163508;São José do Jacuri;True;2023;publica;medio;todos (1-4);88.6;0.892901;255.69;258.56;4.151325;3.7;;157540.742;25422.1;116399.758;18783.24;99879.802;15584.3;22199.897;13823.646;25606.732;32033.895;93664.17;6215.632;Administração, defesa, educação e saúde públicas e seguridade social;Demais serviços;Indústrias de transformação
3;Sudeste;31;MG;Minas Gerais;3163607;São José do Mantimento;True;2023;publica;medio;todos (1-4);93.4;0.93811;285.15;278.24;4.859699;4.6;;56991.577;20701.63;57196.408;20776.03;44164.7;15655.69;11532.373;1558.825;11034.701;18805.64;42931.539;1233.161;Administração, defesa, educação e saúde públicas e seguridade social;Demais serviços;Agricultura, inclusive apoio à agricultura e a pós colheita
3;Sudeste;31;MG;Minas Gerais;3163706;São Lourenço;True;2023;publica;medio;todos (1-4);90.2;0.903781;273.93;283.94;4.787444;4.3;;1412019.982;31519.71;1249052.311;27881.88;1177794.992;25307.7;2663.637;108612.717;701404.23;252119.472;1064800.056;112994.936;Demais serviços;Administração, defesa, educação e saúde públicas e seguridade social;Comércio e reparação de veículos automotores e motocicletas
3;Sudeste;31;MG;Minas Gerais;3163805;São Miguel do Anta;True;2023;publica;medio;todos (1-4);96.9;0.971234;273.26;267.9;4.537915;4.4;;129740.224;20483.14;130368.113;20582.27;105060.082;15118.73;32883.244;5596.08;25860.868;36215.98;100556.172;4503.909;Administração, defesa, educação e saúde públicas e seguridade social;Demais serviços;Agricultura, inclusive apoio à agricultura e a pós colheita
3;Sudeste;31;MG;Minas Gerais;3163904;São Pedro da União;True;2023;publica;medio;todos (1-4);89.7;0.897758;273.02;267.39;4.526909;4.1;;157484.323;32238.35;184727.328;37815.22;148146.756;32466.96;71612.924;5631.125;37965.235;26071.39;141280.674;6866.082;Agricultura, inclusive apoio à agricultura e a pós colheita;Demais serviços;Administração, defesa, educação e saúde públicas e seguridade social
3;Sudeste;31;MG;Minas Gerais;3164001;São Pedro dos Ferros;True;2023;publica;medio;todos (1-4);86.9;0.867063;258.16;263.65;4.262213;3.7;;160625.945;22415.01;143511.081;20026.66;134364.4;17600.79;29878.974;17141.912;42574.817;33704.203;123299.906;11064.494;Administração, defesa, educação e saúde públicas e seguridade social;Demais serviços;Indústrias de transformação
3;Sudeste;31;MG;Minas Gerais;3164100;São Pedro do Suaçuí;True;2023;publica;medio;todos (1-4);91.2;0.917142;256.42;258.04;4.153793;3.8;;117362.439;22998.71;95276.671;18670.72;81768.753;15846.66;13279.552;9833.84;26380.362;26530.428;76024.182;5744.572;Administração, defesa, educação e saúde públicas e seguridade social;Demais serviços;Pecuária, inclusive apoio à pecuária
3;Sudeste;31;MG;Minas Gerais;3164209;São Romão;True;2023;publica;medio;todos (1-4);97.4;0.971165;252.7;261.74;4.156935;4.0;;228104.536;22113.87;268414.067;26021.72;243070.34;19119.83;121813.205;10196.073;44430.929;57417.389;233857.596;9212.744;Agricultura, inclusive apoio à agricultura e a pós colheita;Administração, defesa, educação e saúde públicas e seguridade social;Demais serviços
3;Sudeste;31;MG;Minas Gerais;3164308;São Roque de Minas;True;2023;publica;medio;todos (1-4);86.3;0.866663;280.32;278.07;4.789317;4.2;;424171.787;59499.48;357530.188;50151.52;323179.269;45518.21;151224.763;24491.512;85759.962;38173.526;299649.762;23529.507;Agricultura, inclusive apoio à agricultura e a pós colheita;Demais serviços;Pecuária, inclusive apoio à pecuária
3;Sudeste;31;MG;Minas Gerais;3164407;São Sebastião da Bela Vista;True;2023;publica;medio;todos (1-4);98.7;0.987917;269.88;279.0;4.65661;4.6;;718486.98;112492.09;618200.756;96790.47;442551.617;79055.31;24954.525;80441.173;213884.912;35965.907;355246.517;87305.1;Comércio e reparação de veículos automotores e motocicletas;Demais serviços;Indústrias de transformação
3;Sudeste;31;MG;Minas Gerais;3164431;São Sebastião da Vargem Alegre;True;2023;publica;medio;todos (1-4);94.9;0.951188;286.7;290.91;5.07114;4.8;;64187.178;20619.07;74833.042;24038.88;66795.985;21979.59;9521.013;18536.039;15439.802;21448.429;64945.282;1850.703;Administração, defesa, educação e saúde públicas e seguridade social;Indústrias extrativas;Demais serviços
3;Sudeste;31;MG;Minas Gerais;3164472;São Sebastião do Anta;True;2023;publica;medio;todos (1-4);88.8;0.879237;293.45;286.3;5.096931;4.5;;128459.975;20739.42;131729.719;21267.31;104236.016;15564.58;27810.621;4945.32;31025.688;36090.304;99871.932;4364.083;Administração, defesa, educação e saúde públicas e seguridade social;Agricultura, inclusive apoio à agricultura e a pós colheita;Demais serviços
3;Sudeste;31;MG;Minas Gerais;3164506;São Sebastião do Maranhão;True;2023;publica;medio;todos (1-4);96.4;0.962094;257.2;249.68;4.039598;3.9;;126119.998;12513.15;107845.967;10700.07;100804.467;10198.75;20718.032;2931.961;28272.484;44494.783;96417.26;4387.207;Administração, defesa, educação e saúde públicas e seguridade social;Demais serviços;Pecuária, inclusive apoio à pecuária
3;Sudeste;31;MG;Minas Gerais;3164605;São Sebastião do Oeste;True;2023;publica;medio;todos (1-4);95.1;0.947485;269.37;281.7;4.689867;4.4;;882568.006;100121.16;772508.056;87635.63;596666.967;85876.07;77594.596;234174.889;155067.711;40591.619;507428.814;89238.153;Indústrias de transformação;Demais serviços;Pecuária, inclusive apoio à pecuária
3;Sudeste;31;MG;Minas Gerais;3164704;São Sebastião do Paraíso;True;2023;publica;medio;todos (1-4);89.6;0.89939;282.89;286.73;4.955054;4.5;;2834250.036;39476.43;2537934.917;35349.25;2234340.97;31069.19;186670.988;425484.918;965699.681;363181.419;1941037.007;293303.963;Demais serviços;Administração, defesa, educação e saúde públicas e seguridade social;Indústrias de transformação
3;Sudeste;31;MG;Minas Gerais;3164803;São Sebastião do Rio Preto;True;2023;publica;medio;todos (1-4);100.0;1.0;282.09;265.56;4.626902;4.6;;31554.982;25063.53;27919.121;22175.63;25964.834;17567.55;4466.707;579.769;6189.388;14124.773;25360.637;604.197;Administração, defesa, educação e saúde públicas e seguridade social;Demais serviços;Pecuária, inclusive apoio à pecuária
3;Sudeste;31;MG;Minas Gerais;3164902;São Sebastião do Rio Verde;True;2023;publica;medio;todos (1-4);89.3;0.88946;327.32;305.73;5.863502;5.2;;48144.982;20932.6;41464.12;18027.88;35674.909;15792.35;5971.537;1432.588;11160.519;15660.376;34225.019;1449.89;Administração, defesa, educação e saúde públicas e seguridade social;Demais serviços;Pecuária, inclusive apoio à pecuária
3;Sudeste;31;MG;Minas Gerais;3165008;São Tiago;True;2023;publica;medio;todos (1-4);93.4;0.938087;287.94;289.39;5.065801;4.8;;280530.963;25065.31;255018.986;22785.83;246013.098;22407.61;65685.336;37327.413;75024.965;50548.571;228586.285;17426.813;Demais serviços;Administração, defesa, educação e saúde públicas e seguridade social;Pecuária, inclusive apoio à pecuária
3;Sudeste;31;MG;Minas Gerais;3165107;São Tomás de Aquino;True;2023;publica;medio;todos (1-4);83.6;0.833149;287.74;291.07;5.088142;4.2;;236783.513;35131.08;252855.816;37515.7;195195.791;27965.01;84032.516;14782.17;48514.925;38780.913;186110.524;9085.266;Agricultura, inclusive apoio à agricultura e a pós colheita;Demais serviços;Administração, defesa, educação e saúde públicas e seguridade social
3;Sudeste;31;MG;Minas Gerais;3165206;São Tomé das Letras;True;2023;publica;medio;todos (1-4);94.6;0.947797;272.59;276.8;4.661738;4.4;;159505.662;23103.37;156679.505;22694.02;137340.844;19205.82;35981.122;11443.823;46720.718;35302.837;129448.5;7892.344;Demais serviços;Administração, defesa, educação e saúde públicas e seguridade social;Agricultura, inclusive apoio à agricultura e a pós colheita
3;Sudeste;31;MG;Minas Gerais;3165305;São Vicente de Minas;True;2023;publica;medio;todos (1-4);87.2;0.878398;285.86;291.65;5.07042;4.5;;248336.175;36498.56;222960.093;32768.97;206079.557;26165.51;55556.249;26957.011;65965.786;37992.988;186472.034;19607.523;Demais serviços;Administração, defesa, educação e saúde públicas e seguridade social;Agricultura, inclusive apoio à agricultura e a pós colheita
3;Sudeste;31;MG;Minas Gerais;3165404;Sapucaí-Mirim;True;2023;publica;medio;todos (1-4);100.0;1.0;263.36;268.15;4.402612;4.4;;174273.908;27614.31;137508.461;21788.7;110258.164;15650.56;14692.119;15447.571;38330.283;34393.953;102863.926;7394.239;Administração, defesa, educação e saúde públicas e seguridade social;Demais serviços;Indústrias de transformação
3;Sudeste;31;MG;Minas Gerais;3165503;Sardoá;True;2023;publica;medio;todos (1-4);91.6;0.918072;285.63;274.99;4.817788;4.4;;85294.48;16711.3;71576.873;14023.68;68811.222;10716.59;6753.565;3349.948;22628.397;32586.508;65318.419;3492.804;Administração, defesa, educação e saúde públicas e seguridade social;Demais serviços;Comércio e reparação de veículos automotores e motocicletas
3;Sudeste;31;MG;Minas Gerais;3165537;Sarzedo;True;2023;publica;medio;todos (1-4);85.4;0.86175;264.49;270.38;4.451866;3.8;;1642521.872;44580.44;1633539.565;44336.65;2190345.971;64327.34;2994.01;1255610.969;538214.912;185036.51;1981856.401;208489.57;Indústrias extrativas;Demais serviços;Administração, defesa, educação e saúde públicas e seguridade social
3;Sudeste;31;MG;Minas Gerais;3165552;Setubinha;True;2023;publica;medio;todos (1-4);84.6;0.84733;250.12;254.02;4.00513;3.4;;135060.474;13619.09;130345.668;13143.66;122712.798;9822.52;37905.559;3019.409;24522.125;53799.755;119246.848;3465.95;Administração, defesa, educação e saúde públicas e seguridade social;Demais serviços;Agricultura, inclusive apoio à agricultura e a pós colheita
3;Sudeste;31;MG;Minas Gerais;3165560;Sem-Peixe;True;2023;publica;medio;todos (1-4);100.0;1.0;300.64;304.25;5.466627;5.5;;41762.745;17165.12;36775.076;15115.12;36659.681;14214.69;6345.113;2804.898;9964.264;16386.233;35500.507;1159.174;Administração, defesa, educação e saúde públicas e seguridade social;Demais serviços;Pecuária, inclusive apoio à pecuária
3;Sudeste;31;MG;Minas Gerais;3165578;Senador Amaral;True;2023;publica;medio;todos (1-4);87.0;0.879024;265.36;246.85;4.11184;3.6;;115729.92;18648.07;101052.496;16283.03;89403.684;16664.25;18774.226;3396.507;31151.201;31263.765;84585.699;4817.985;Administração, defesa, educação e saúde públicas e seguridade social;Demais serviços;Agricultura, inclusive apoio à agricultura e a pós colheita
3;Sudeste;31;MG;Minas Gerais;3165602;Senador Cortes;True;2023;publica;medio;todos (1-4);95.0;0.952954;218.83;202.72;2.7977;2.7;;48570.35;21683.19;42692.206;19059.02;38032.805;19006.9;5662.139;3720.525;11342.932;15164.085;35889.682;2143.123;Administração, defesa, educação e saúde públicas e seguridade social;Demais serviços;Pecuária, inclusive apoio à pecuária
3;Sudeste;31;MG;Minas Gerais;3165701;Senador Firmino;True;2023;publica;medio;todos (1-4);92.3;0.924882;292.07;283.6;5.03713;4.7;;142956.376;18527.26;123408.472;15993.84;106704.397;13503.47;10240.697;7327.176;43246.007;39513.445;100327.325;6377.071;Administração, defesa, educação e saúde públicas e seguridade social;Demais serviços;Comércio e reparação de veículos automotores e motocicletas
3;Sudeste;31;MG;Minas Gerais;3165800;Senador José Bento;True;2023;publica;medio;todos (1-4);91.8;0.918104;258.95;273.4;4.419267;4.1;;43394.782;20983.94;44947.005;21734.53;35501.088;24965.6;12155.509;1013.22;8613.417;12547.154;34329.299;1171.789;Administração, defesa, educação e saúde públicas e seguridade social;Agricultura, inclusive apoio à agricultura e a pós colheita;Demais serviços
3;Sudeste;31;MG;Minas Gerais;3165909;Senador Modestino Gonçalves;True;2023;publica;medio;todos (1-4);89.1;0.882367;267.22;267.95;4.453832;3.9;;92678.688;23123.43;86654.175;21620.3;92203.567;22732.63;44693.058;7205.492;14778.22;23248.431;89925.202;2278.365;Produção florestal, pesca e aquicultura;Administração, defesa, educação e saúde públicas e seguridade social;Demais serviços
3;Sudeste;31;MG;Minas Gerais;3166006;Senhora de Oliveira;True;2023;publica;medio;todos (1-4);94.7;0.944308;290.53;292.77;5.152776;4.9;;91127.597;16620.02;86520.609;15779.79;81065.132;14010.57;15271.633;2370.613;30171.949;29598.989;77413.185;3651.947;Administração, defesa, educação e saúde públicas e seguridade social;Demais serviços;Produção florestal, pesca e aquicultura
3;Sudeste;31;MG;Minas Gerais;3166105;Senhora do Porto;True;2023;publica;medio;todos (1-4);95.6;0.944625;264.45;258.06;4.266873;4.0;;56070.04;18281.72;50946.215;16611.09;49707.906;14137.63;12440.352;4355.861;10440.533;20670.41;47907.156;1800.75;Administração, defesa, educação e saúde públicas e seguridade social;Demais serviços;Pecuária, inclusive apoio à pecuária
3;Sudeste;31;MG;Minas Gerais;3166204;Senhora dos Remédios;True;2023;publica;medio;todos (1-4);93.3;0.932304;272.88;277.15;4.671051;4.4;;138814.202;13368.09;126898.207;12220.55;115730.758;11049.34;21098.215;9992.363;32379.062;48125.986;111595.625;4135.132;Administração, defesa, educação e saúde públicas e seguridade social;Demais serviços;Pecuária, inclusive apoio à pecuária
3;Sudeste;31;MG;Minas Gerais;3166303;Sericita;True;2023;publica;medio;todos (1-4);79.9;0.80936;270.35;268.36;4.50393;3.6;;156437.638;21298.52;175838.331;23939.87;104954.255;14298.94;31449.403;6949.086;26324.508;36422.266;101145.263;3808.993;Administração, defesa, educação e saúde públicas e seguridade social;Agricultura, inclusive apoio à agricultura e a pós colheita;Demais serviços
3;Sudeste;31;MG;Minas Gerais;3166402;Seritinga;True;2023;publica;medio;todos (1-4);100.0;1.0;282.68;292.03;5.031446;5.0;;54766.412;30107.98;48147.142;26469.02;45220.542;24351.4;10423.79;3214.117;13820.305;14946.837;42405.048;2815.494;Administração, defesa, educação e saúde públicas e seguridade social;Demais serviços;Pecuária, inclusive apoio à pecuária
3;Sudeste;31;MG;Minas Gerais;3166501;Serra Azul de Minas;True;2023;publica;medio;todos (1-4);90.0;0.893442;265.16;266.89;4.409031;3.9;;56048.56;14780.74;48541.55;12801.04;45048.177;10495.85;5920.821;1454.281;10373.545;26019.906;43768.553;1279.624;Administração, defesa, educação e saúde públicas e seguridade social;Demais serviços;Pecuária, inclusive apoio à pecuária
3;Sudeste;31;MG;Minas Gerais;3166600;Serra da Saudade;False;;;;;;;;;;;;25561.612;30686.21;22517.661;27032.01;21916.026;28425.46;7917.936;815.731;4107.786;8459.631;21301.084;614.942;Administração, defesa, educação e saúde públicas e seguridade social;Pecuária, inclusive apoio à pecuária;Demais serviços
3;Sudeste;31;MG;Minas Gerais;3166709;Serra dos Aimorés;True;2023;publica;medio;todos (1-4);91.3;0.915076;257.46;260.01;4.197891;3.8;;159078.68;22908.8;152030.194;21893.75;93121.949;10673.0;15706.23;3800.173;27950.186;41593.68;89050.268;4071.681;Administração, defesa, educação e saúde públicas e seguridade social;Demais serviços;Agricultura, inclusive apoio à agricultura e a pós colheita
3;Sudeste;31;MG;Minas Gerais;3166808;Serra do Salitre;True;2023;publica;medio;todos (1-4);91.9;0.923889;275.97;287.28;4.866096;4.5;;898489.496;76136.73;882063.9;74744.84;983425.484;83695.79;429055.852;266284.999;189779.398;72239.222;957359.471;26066.013;Agricultura, inclusive apoio à agricultura e a pós colheita;Indústrias extrativas;Demais serviços
3;Sudeste;31;MG;Minas Gerais;3166907;Serrania;True;2023;publica;medio;todos (1-4);85.4;0.852549;268.48;260.1;4.354013;3.7;;202564.574;26579.79;200224.291;26272.71;161679.666;21087.74;43774.728;16632.346;53050.532;38186.255;151643.861;10035.805;Demais serviços;Administração, defesa, educação e saúde públicas e seguridade social;Agricultura, inclusive apoio à agricultura e a pós colheita
3;Sudeste;31;MG;Minas Gerais;3166956;Serranópolis de Minas;True;2023;publica;medio;todos (1-4);92.8;0.93668;266.87;257.82;4.297269;4.0;;61270.987;13928.39;53002.323;12048.72;47444.978;9810.79;6297.105;1643.017;9530.097;28681.387;46151.607;1293.372;Administração, defesa, educação e saúde públicas e seguridade social;Demais serviços;Pecuária, inclusive apoio à pecuária
3;Sudeste;31;MG;Minas Gerais;3167004;Serranos;True;2023;publica;medio;todos (1-4);93.2;0.935863;304.26;292.3;5.338577;5.0;;48320.015;24281.41;43206.698;21711.91;38551.231;19780.01;13493.094;723.025;9084.046;14159.883;37460.048;1091.183;Administração, defesa, educação e saúde públicas e seguridade social;Pecuária, inclusive apoio à pecuária;Demais serviços
3;Sudeste;31;MG;Minas Gerais;3167103;Serro;True;2023;publica;medio;todos (1-4);89.6;0.901359;254.74;249.38;4.000557;3.6;;386923.235;17625.88;335210.328;15270.15;292377.507;13979.32;29268.096;15126.924;131430.484;98070.465;273895.968;18481.538;Demais serviços;Administração, defesa, educação e saúde públicas e seguridade social;Comércio e reparação de veículos automotores e motocicletas
3;Sudeste;31;MG;Minas Gerais;3167202;Sete Lagoas;True;2023;publica;medio;todos (1-4);85.5;0.862433;272.55;275.6;4.643212;4.0;;14904465.169;65543.81;14818543.883;65176.57;12655800.107;51878.66;36540.813;4824683.688;4365733.225;1241707.397;10468665.123;2187134.984;Indústrias de transformação;Demais serviços;Administração, defesa, educação e saúde públicas e seguridade social
3;Sudeste;31;MG;Minas Gerais;3167301;Silveirânia;True;2023;publica;medio;todos (1-4);95.3;0.952389;301.91;303.57;5.474284;5.2;;45006.943;19374.49;39513.264;17009.58;35130.65;15496.54;7446.983;1339.447;9250.274;15989.587;34026.29;1104.36;Administração, defesa, educação e saúde públicas e seguridade social;Demais serviços;Pecuária, inclusive apoio à pecuária
3;Sudeste;31;MG;Minas Gerais;3167400;Silvianópolis;True;2023;publica;medio;todos (1-4);89.0;0.890272;265.92;269.38;4.45698;4.0;;178703.091;28921.04;158829.277;25704.69;141499.83;22611.03;46269.499;16462.241;38519.701;31657.859;132909.3;8590.53;Demais serviços;Administração, defesa, educação e saúde públicas e seguridade social;Agricultura, inclusive apoio à agricultura e a pós colheita
3;Sudeste;31;MG;Minas Gerais;3167509;Simão Pereira;False;;;;;;;;;;;;116089.197;39392.33;107886.051;36608.77;103932.604;39653.8;5115.899;57551.953;16921.878;19403.889;98993.62;4938.984;Eletricidade e gás, água, esgoto, atividades de gestão de resíduos e descontaminação;Administração, defesa, educação e saúde públicas e seguridade social;Demais serviços
3;Sudeste;31;MG;Minas Gerais;3167608;Simonésia;True;2023;publica;medio;todos (1-4);86.3;0.876913;270.39;270.71;4.539671;4.0;;371229.958;18796.45;494706.337;25048.42;285218.741;14380.29;89366.306;10441.813;82459.588;90283.755;272551.462;12667.279;Administração, defesa, educação e saúde públicas e seguridade social;Agricultura, inclusive apoio à agricultura e a pós colheita;Demais serviços
3;Sudeste;31;MG;Minas Gerais;3167707;Sobrália;True;2023;publica;medio;todos (1-4);84.0;0.836812;292.55;294.26;5.203452;4.4;;82141.47;15990.16;72625.539;14137.73;67350.421;12299.2;10685.736;2431.587;21543.474;30350.064;65010.861;2339.561;Administração, defesa, educação e saúde públicas e seguridade social;Demais serviços;Pecuária, inclusive apoio à pecuária
3;Sudeste;31;MG;Minas Gerais;3167806;Soledade de Minas;True;2023;publica;medio;todos (1-4);92.6;0.930569;252.91;254.1;4.045513;3.8;;104146.834;18554.58;95263.237;16971.89;81837.055;13144.4;17220.369;4340.085;26110.871;30951.368;78622.692;3214.363;Administração, defesa, educação e saúde públicas e seguridade social;Demais serviços;Pecuária, inclusive apoio à pecuária
3;Sudeste;31;MG;Minas Gerais;3167905;Tabuleiro;True;2023;publica;medio;todos (1-4);90.4;0.911951;251.3;267.83;4.22844;3.9;;86584.822;21570.71;79867.627;19897.27;65696.603;17905.86;8927.684;7438.919;23220.147;21109.372;60696.123;5000.48;Administração, defesa, educação e saúde públicas e seguridade social;Demais serviços;Pecuária, inclusive apoio à pecuária
3;Sudeste;31;MG;Minas Gerais;3168002;Taiobeiras;True;2023;publica;medio;todos (1-4);88.0;0.883448;270.91;275.07;4.612244;4.1;;705372.64;21342.59;618917.813;18726.71;557220.6;16080.01;59332.219;42629.54;251983.675;163118.522;517063.956;40156.644;Demais serviços;Administração, defesa, educação e saúde públicas e seguridade social;Comércio e reparação de veículos automotores e motocicletas
3;Sudeste;31;MG;Minas Gerais;3168051;Taparuba;True;2023;publica;medio;todos (1-4);99.2;0.993585;280.68;283.2;4.87117;4.8;;59981.029;17709.19;55723.404;16452.14;49070.654;15865.07;13213.582;1818.336;11647.474;20834.641;47514.032;1556.622;Administração, defesa, educação e saúde públicas e seguridade social;Demais serviços;Pecuária, inclusive apoio à pecuária
3;Sudeste;31;MG;Minas Gerais;3168101;Tapira;True;2023;publica;medio;todos (1-4);85.1;0.853845;308.35;306.03;5.60156;4.8;;631715.634;153403.51;643070.613;156160.91;688691.867;140836.78;123205.144;366086.557;99238.505;40079.212;628609.418;60082.448;Indústrias extrativas;Demais serviços;Agricultura, inclusive apoio à agricultura e a pós colheita
3;Sudeste;31;MG;Minas Gerais;3168200;Tapiraí;True;2023;publica;medio;todos (1-4);100.0;1.0;280.64;280.22;4.825997;4.8;;70280.891;41586.33;67094.676;39700.99;56049.629;29989.1;31754.027;1586.054;8740.518;12889.62;54970.218;1079.411;Agricultura, inclusive apoio à agricultura e a pós colheita;Administração, defesa, educação e saúde públicas e seguridade social;Pecuária, inclusive apoio à pecuária
3;Sudeste;31;MG;Minas Gerais;3168309;Taquaraçu de Minas;True;2023;publica;medio;todos (1-4);80.0;0.817931;274.97;263.91;4.502201;3.7;;84702.935;20052.78;76507.268;18112.52;65922.909;16000.71;7554.998;7523.628;21954.291;25191.426;62224.342;3698.567;Administração, defesa, educação e saúde públicas e seguridade social;Demais serviços;Pecuária, inclusive apoio à pecuária
3;Sudeste;31;MG;Minas Gerais;3168408;Tarumirim;True;2023;publica;medio;todos (1-4);91.9;0.921723;281.36;280.83;4.845242;4.5;;236378.043;16070.3;195705.852;13305.18;188289.065;13185.51;27694.094;7833.511;72973.962;70875.291;179376.858;8912.207;Administração, defesa, educação e saúde públicas e seguridade social;Demais serviços;Pecuária, inclusive apoio à pecuária
3;Sudeste;31;MG;Minas Gerais;3168507;Teixeiras;True;2023;publica;medio;todos (1-4);93.8;0.940901;297.01;295.03;5.27762;5.0;;220040.203;17955.14;227664.584;18577.28;191264.35;16375.37;23938.642;27362.0;71403.333;58481.277;181185.253;10079.098;Demais serviços;Administração, defesa, educação e saúde públicas e seguridade social;Indústrias extrativas
3;Sudeste;31;MG;Minas Gerais;3168606;Teófilo Otoni;True;2023;publica;medio;todos (1-4);86.5;0.868852;270.43;279.8;4.676311;4.1;;3540247.727;25762.62;3051476.014;22205.8;2952019.65;20896.44;90726.949;368265.853;1572586.047;647157.249;2678736.099;273283.551;Demais serviços;Administração, defesa, educação e saúde públicas e seguridade social;Comércio e reparação de veículos automotores e motocicletas
3;Sudeste;31;MG;Minas Gerais;3168705;Timóteo;True;2023;publica;medio;todos (1-4);80.5;0.810933;288.88;288.46;5.065081;4.1;;4648991.987;56987.61;5458822.244;66914.55;5609602.225;61462.97;1663.028;3162255.453;1274688.917;442652.786;4881260.185;728342.04;Indústrias de transformação;Demais serviços;Administração, defesa, educação e saúde públicas e seguridade social
3;Sudeste;31;MG;Minas Gerais;3168804;Tiradentes;True;2023;publica;medio;todos (1-4);87.0;0.875315;268.58;263.67;4.408861;3.9;;297551.372;38423.47;253014.984;32672.39;205615.225;25197.94;7230.271;15278.95;123434.623;43724.092;189667.935;15947.29;Demais serviços;Administração, defesa, educação e saúde públicas e seguridade social;Comércio e reparação de veículos automotores e motocicletas
3;Sudeste;31;MG;Minas Gerais;3168903;Tiros;True;2023;publica;medio;todos (1-4);80.9;0.81632;285.43;286.27;4.983842;4.1;;441044.389;55948.8;434588.138;55129.79;379852.3;59640.81;169944.474;38271.302;100123.883;38623.665;346963.325;32888.975;Pecuária, inclusive apoio à pecuária;Demais serviços;Agricultura, inclusive apoio à agricultura e a pós colheita
3;Sudeste;31;MG;Minas Gerais;3169000;Tocantins;True;2023;publica;medio;todos (1-4);89.5;0.902387;281.54;272.22;4.718877;4.3;;450784.238;27851.98;387031.073;23912.95;349350.947;20833.14;40130.631;57261.407;140103.324;77606.082;315101.445;34249.502;Demais serviços;Administração, defesa, educação e saúde públicas e seguridade social;Indústrias de transformação
3;Sudeste;31;MG;Minas Gerais;3169059;Tocos do Moji;True;2023;publica;medio;todos (1-4);97.7;0.970713;299.01;283.08;5.126817;5.0;;82673.018;21608.21;73324.889;19164.9;70715.39;17176.44;23532.427;2741.98;18254.528;23149.971;67678.907;3036.483;Administração, defesa, educação e saúde públicas e seguridade social;Agricultura, inclusive apoio à agricultura e a pós colheita;Demais serviços
3;Sudeste;31;MG;Minas Gerais;3169109;Toledo;True;2023;publica;medio;todos (1-4);86.6;0.869891;270.55;282.09;4.712278;4.1;;125617.739;17413.05;115920.241;16068.79;107093.19;16902.33;13213.966;14035.49;39178.342;32624.74;99052.538;8040.652;Administração, defesa, educação e saúde públicas e seguridade social;Demais serviços;Indústrias de transformação
3;Sudeste;31;MG;Minas Gerais;3169208;Tombos;True;2023;publica;medio;todos (1-4);95.3;0.962461;267.57;282.49;4.676412;4.5;;168052.386;19520.55;145318.924;16879.88;130946.218;17043.63;19242.448;5127.12;58357.587;39174.392;121901.547;9044.671;Demais serviços;Administração, defesa, educação e saúde públicas e seguridade social;Comércio e reparação de veículos automotores e motocicletas
3;Sudeste;31;MG;Minas Gerais;3169307;Três Corações;True;2023;publica;medio;todos (1-4);82.6;0.836729;284.03;286.83;4.972562;4.2;;3568709.809;47277.07;3283951.14;43504.68;2958951.736;36729.33;338109.112;574566.746;1214229.931;387298.328;2514204.116;444747.62;Demais serviços;Indústrias de transformação;Administração, defesa, educação e saúde públicas e seguridade social
3;Sudeste;31;MG;Minas Gerais;3169356;Três Marias;True;2023;publica;medio;todos (1-4);88.4;0.888378;258.15;267.73;4.323151;3.8;;2582530.94;89376.4;2645024.896;91539.19;3149734.427;95267.51;88354.732;1955241.214;518394.198;187869.802;2749859.945;399874.482;Indústrias de transformação;Eletricidade e gás, água, esgoto, atividades de gestão de resíduos e descontaminação;Demais serviços
3;Sudeste;31;MG;Minas Gerais;3169406;Três Pontas;True;2023;publica;medio;todos (1-4);88.3;0.888162;260.56;257.89;4.209694;3.7;;2288500.376;41417.07;2173779.559;39338.02;1877754.237;32869.82;212415.253;340730.783;787808.42;289132.531;1630086.988;247667.249;Demais serviços;Administração, defesa, educação e saúde públicas e seguridade social;Indústrias de transformação
3;Sudeste;31;MG;Minas Gerais;3169505;Tumiritinga;True;2023;publica;medio;todos (1-4);97.7;0.975588;305.62;258.89;4.857529;4.7;;94509.95;16056.74;92082.261;15644.28;83257.787;12249.2;15728.524;3601.183;25049.405;35959.916;80339.028;2918.759;Administração, defesa, educação e saúde públicas e seguridade social;Demais serviços;Pecuária, inclusive apoio à pecuária
3;Sudeste;31;MG;Minas Gerais;3169604;Tupaciguara;True;2023;publica;medio;todos (1-4);92.1;0.922808;262.77;270.47;4.429056;4.1;;1400211.47;54974.93;1182517.69;46427.86;946265.629;37158.0;281661.343;114783.928;318971.207;150621.767;866038.245;80227.384;Demais serviços;Agricultura, inclusive apoio à agricultura e a pós colheita;Administração, defesa, educação e saúde públicas e seguridade social
3;Sudeste;31;MG;Minas Gerais;3169703;Turmalina;True;2023;publica;medio;todos (1-4);91.2;0.9192;276.52;283.98;4.82442;4.4;;486869.098;24343.45;455067.521;22753.38;443537.432;21870.68;148130.565;31919.026;134106.601;99697.389;413853.581;29683.85;Produção florestal, pesca e aquicultura;Demais serviços;Administração, defesa, educação e saúde públicas e seguridade social
3;Sudeste;31;MG;Minas Gerais;3169802;Turvolândia;True;2023;publica;medio;todos (1-4);89.6;0.902887;294.58;277.71;4.984209;4.5;;158831.61;32184.72;149761.574;30346.82;139822.548;27421.56;63352.406;7277.446;34511.903;27771.645;132913.401;6909.147;Agricultura, inclusive apoio à agricultura e a pós colheita;Administração, defesa, educação e saúde públicas e seguridade social;Demais serviços
3;Sudeste;31;MG;Minas Gerais;3169901;Ubá;True;2023;publica;medio;todos (1-4);88.3;0.886808;285.3;289.58;5.031567;4.5;;4462211.846;43169.47;3768282.742;36456.08;3557763.689;30151.82;32833.064;1147838.342;1454739.845;471427.766;3106839.017;450924.672;Demais serviços;Indústrias de transformação;Administração, defesa, educação e saúde públicas e seguridade social
3;Sudeste;31;MG;Minas Gerais;3170008;Ubaí;True;2023;publica;medio;todos (1-4);90.1;0.903461;244.52;245.22;3.794742;3.4;;142057.18;12133.34;124460.757;10630.4;117186.953;9255.74;14434.09;4894.926;33248.239;60413.297;112990.552;4196.401;Administração, defesa, educação e saúde públicas e seguridade social;Demais serviços;Pecuária, inclusive apoio à pecuária
3;Sudeste;31;MG;Minas Gerais;3170057;Ubaporanga;True;2023;publica;medio;todos (1-4);87.5;0.878059;269.01;262.96;4.404272;3.9;;227183.641;17452.84;204269.007;15692.48;167976.02;13423.05;36452.759;9771.274;52903.021;59354.842;158481.896;9494.124;Administração, defesa, educação e saúde públicas e seguridade social;Demais serviços;Agricultura, inclusive apoio à agricultura e a pós colheita
3;Sudeste;31;MG;Minas Gerais;3170107;Uberaba;True;2023;publica;medio;todos (1-4);84.7;0.853952;272.44;280.27;4.711577;4.0;;23689376.514;70120.94;23582499.815;69802.51;20384264.564;59904.91;1425496.267;6118665.149;8032967.927;1692887.145;17270016.489;3114248.075;Demais serviços;Indústrias de transformação;Comércio e reparação de veículos automotores e motocicletas
3;Sudeste;31;MG;Minas Gerais;3170206;Uberlândia;True;2023;publica;medio;todos (1-4);84.6;0.852356;276.52;284.03;4.825168;4.1;;51065684.136;71598.38;47790806.728;67005.98;43030884.689;60898.77;921226.956;10480987.392;19165043.975;3263020.591;33830278.915;9200605.775;Demais serviços;Indústrias de transformação;Comércio e reparação de veículos automotores e motocicletas
3;Sudeste;31;MG;Minas Gerais;3170305;Umburatiba;True;2023;publica;medio;todos (1-4);94.1;0.944218;259.47;261.1;4.242438;4.0;;54270.751;20220.1;44831.512;16703.25;44152.354;17100.06;12797.808;1665.083;10247.662;17781.657;42492.21;1660.144;Administração, defesa, educação e saúde públicas e seguridade social;Demais serviços;Pecuária, inclusive apoio à pecuária
3;Sudeste;31;MG;Minas Gerais;3170404;Unaí;True;2023;publica;medio;todos (1-4);93.8;0.940691;262.64;265.76;4.356721;4.1;;5221529.413;60281.57;4864891.228;56164.25;4316723.443;50511.03;1610992.129;323430.878;1531685.217;468304.096;3934412.319;382311.123;Agricultura, inclusive apoio à agricultura e a pós colheita;Demais serviços;Comércio e reparação de veículos automotores e motocicletas
3;Sudeste;31;MG;Minas Gerais;3170438;União de Minas;True;2023;publica;medio;todos (1-4);92.4;0.926069;264.36;252.12;4.176687;3.9;;187678.535;49027.83;148297.055;38740.09;130399.803;30574.4;70426.071;5611.567;25413.997;24363.882;125815.518;4584.285;Agricultura, inclusive apoio à agricultura e a pós colheita;Pecuária, inclusive apoio à pecuária;Administração, defesa, educação e saúde públicas e seguridade social
3;Sudeste;31;MG;Minas Gerais;3170479;Uruana de Minas;True;2023;publica;medio;todos (1-4);95.9;0.960909;240.64;251.82;3.83905;3.7;;96142.125;29293.76;93347.513;28442.26;97089.356;29818.6;47064.763;2773.766;21731.4;21944.223;93514.153;3575.203;Agricultura, inclusive apoio à agricultura e a pós colheita;Administração, defesa, educação e saúde públicas e seguridade social;Demais serviços
3;Sudeste;31;MG;Minas Gerais;3170503;Urucânia;False;;;;;;;;;;;;356137.131;33597.84;276044.492;26041.93;239903.93;23217.26;29697.451;60153.722;72463.888;52717.23;215032.291;24871.639;Demais serviços;Indústrias de transformação;Administração, defesa, educação e saúde públicas e seguridade social
3;Sudeste;31;MG;Minas Gerais;3170529;Urucuia;True;2023;publica;medio;todos (1-4);86.7;0.864531;254.46;252.96;4.050217;3.5;;230886.674;13209.38;204029.283;11672.82;193217.875;11059.98;51769.682;6254.286;42568.177;83900.821;184492.965;8724.91;Administração, defesa, educação e saúde públicas e seguridade social;Demais serviços;Agricultura, inclusive apoio à agricultura e a pós colheita
3;Sudeste;31;MG;Minas Gerais;3170578;Vargem Alegre;True;2023;publica;medio;todos (1-4);96.2;0.965405;269.53;276.97;4.621305;4.5;;86774.267;15012.85;81054.176;14023.21;77359.483;11975.15;4868.037;3690.301;29931.009;33414.777;71904.123;5455.36;Administração, defesa, educação e saúde públicas e seguridade social;Demais serviços;Comércio e reparação de veículos automotores e motocicletas
3;Sudeste;31;MG;Minas Gerais;3170602;Vargem Bonita;True;2023;publica;medio;todos (1-4);95.1;0.954545;272.71;274.78;4.633184;4.4;;92402.413;42818.54;95825.361;44404.71;87623.596;40888.29;43269.449;3672.907;18980.083;18793.381;84715.82;2907.776;Agricultura, inclusive apoio à agricultura e a pós colheita;Administração, defesa, educação e saúde públicas e seguridade social;Demais serviços
3;Sudeste;31;MG;Minas Gerais;3170651;Vargem Grande do Rio Pardo;True;2023;publica;medio;todos (1-4);98.0;0.981328;293.88;290.0;5.15836;5.1;;77006.645;16621.34;69797.571;15065.31;68131.958;13504.85;18491.158;4547.651;14061.441;29016.715;66116.966;2014.992;Administração, defesa, educação e saúde públicas e seguridade social;Produção florestal, pesca e aquicultura;Demais serviços
3;Sudeste;31;MG;Minas Gerais;3170701;Varginha;True;2023;publica;medio;todos (1-4);87.9;0.668874;278.88;283.75;4.854123;3.2;;10068568.198;73780.24;9925786.312;72733.97;8093503.912;58815.65;88572.386;1549368.071;3920605.765;692369.591;6250915.813;1842588.099;Demais serviços;Comércio e reparação de veículos automotores e motocicletas;Indústrias de transformação
3;Sudeste;31;MG;Minas Gerais;3170750;Varjão de Minas;True;2023;publica;medio;todos (1-4);81.9;0.824448;249.77;255.78;4.026562;3.3;;361877.695;51926.77;385320.393;55290.63;316497.73;43745.37;180398.239;24952.534;61326.74;40012.341;306689.854;9807.876;Agricultura, inclusive apoio à agricultura e a pós colheita;Demais serviços;Administração, defesa, educação e saúde públicas e seguridade social
3;Sudeste;31;MG;Minas Gerais;3170800;Várzea da Palma;True;2023;publica;medio;todos (1-4);80.7;0.819727;272.93;273.13;4.611573;3.8;;1351753.57;40059.08;1265737.621;37510.01;1087380.297;27116.04;101081.775;337261.192;274962.512;194590.212;907895.691;179484.606;Indústrias de transformação;Demais serviços;Administração, defesa, educação e saúde públicas e seguridade social
3;Sudeste;31;MG;Minas Gerais;3170909;Varzelândia;True;2023;publica;medio;todos (1-4);91.7;0.920979;254.01;253.02;4.044795;3.7;;235097.915;12478.66;199299.133;10578.51;187195.121;9704.26;8896.598;6773.687;66722.446;94603.138;176995.869;10199.252;Administração, defesa, educação e saúde públicas e seguridade social;Demais serviços;Comércio e reparação de veículos automotores e motocicletas
3;Sudeste;31;MG;Minas Gerais;3171006;Vazante;True;2023;publica;medio;todos (1-4);85.0;0.85339;271.49;268.51;4.522187;3.9;;1203158.712;60233.23;1133352.439;56738.55;1168799.631;56485.58;294441.928;367935.471;290234.437;109656.819;1062268.655;106530.976;Indústrias extrativas;Demais serviços;Agricultura, inclusive apoio à agricultura e a pós colheita
3;Sudeste;31;MG;Minas Gerais;3171030;Verdelândia;True;2023;publica;medio;todos (1-4);88.9;0.891462;249.42;236.06;3.726436;3.3;;136750.975;17824.68;114042.301;14864.74;115439.653;12117.1;37018.409;3989.57;22179.111;47502.18;110689.27;4750.383;Administração, defesa, educação e saúde públicas e seguridade social;Agricultura, inclusive apoio à agricultura e a pós colheita;Demais serviços
3;Sudeste;31;MG;Minas Gerais;3171071;Veredinha;True;2023;publica;medio;todos (1-4);94.6;0.949774;270.25;273.98;4.586657;4.4;;114943.493;22185.58;123905.982;23915.46;133099.679;23216.41;55821.792;20819.504;21530.452;31254.774;129426.521;3673.157;Produção florestal, pesca e aquicultura;Administração, defesa, educação e saúde públicas e seguridade social;Demais serviços
3;Sudeste;31;MG;Minas Gerais;3171105;Veríssimo;False;;;;;;;;;;;;306967.756;89993.48;179174.857;52528.54;170415.753;41666.44;101521.89;6842.057;29145.715;27857.317;165366.979;5048.774;Agricultura, inclusive apoio à agricultura e a pós colheita;Administração, defesa, educação e saúde públicas e seguridade social;Demais serviços
3;Sudeste;31;MG;Minas Gerais;3171154;Vermelho Novo;True;2023;publica;medio;todos (1-4);90.3;0.907873;284.38;281.93;4.904124;4.5;;87808.636;17923.79;77630.532;15846.2;64212.469;13234.23;20749.689;1582.791;13932.861;26147.33;62412.671;1799.798;Administração, defesa, educação e saúde públicas e seguridade social;Agricultura, inclusive apoio à agricultura e a pós colheita;Demais serviços
3;Sudeste;31;MG;Minas Gerais;3171204;Vespasiano;True;2023;publica;medio;todos (1-4);84.0;0.846183;264.7;271.68;4.474277;3.8;;3619030.727;28049.94;3368065.62;26059.34;3019113.566;22898.27;1174.034;778990.42;1058228.42;643295.152;2481688.026;537425.54;Demais serviços;Administração, defesa, educação e saúde públicas e seguridade social;Indústrias de transformação
3;Sudeste;31;MG;Minas Gerais;3171303;Viçosa;True;2023;publica;medio;todos (1-4);90.5;0.910314;318.71;312.75;5.847665;5.3;;2234763.919;29239.36;2004831.52;26230.95;1811350.039;22667.38;31309.695;187266.108;1038353.66;385851.511;1642780.974;168569.066;Demais serviços;Administração, defesa, educação e saúde públicas e seguridade social;Comércio e reparação de veículos automotores e motocicletas
3;Sudeste;31;MG;Minas Gerais;3171402;Vieiras;True;2023;publica;medio;todos (1-4);99.2;0.990143;282.85;285.03;4.929043;4.9;;69384.765;18752.64;65686.358;17753.07;53435.529;14967.94;15002.287;1941.705;12068.629;22820.868;51833.489;1602.04;Administração, defesa, educação e saúde públicas e seguridade social;Demais serviços;Pecuária, inclusive apoio à pecuária
3;Sudeste;31;MG;Minas Gerais;3171501;Mathias Lobato;True;2023;publica;medio;todos (1-4);79.5;0.822558;245.63;244.11;3.793715;3.1;;58002.25;19092.25;50685.784;16683.93;43983.398;13932.02;5449.615;1681.902;13791.93;20606.437;41529.884;2453.514;Administração, defesa, educação e saúde públicas e seguridade social;Demais serviços;Pecuária, inclusive apoio à pecuária
3;Sudeste;31;MG;Minas Gerais;3171600;Virgem da Lapa;True;2023;publica;medio;todos (1-4);89.7;0.9014;266.12;269.81;4.466227;4.0;;162587.512;13773.93;139826.999;11845.73;131570.486;9583.4;9139.914;5391.819;45273.346;65480.796;125285.876;6284.61;Administração, defesa, educação e saúde públicas e seguridade social;Demais serviços;Comércio e reparação de veículos automotores e motocicletas
3;Sudeste;31;MG;Minas Gerais;3171709;Virgínia;True;2023;publica;medio;todos (1-4);89.3;0.896956;283.68;288.77;4.996688;4.5;;238862.597;26814.39;196221.749;22027.59;180395.822;20850.19;52052.22;5259.913;75225.112;40099.865;172637.11;7758.712;Demais serviços;Administração, defesa, educação e saúde públicas e seguridade social;Produção florestal, pesca e aquicultura
3;Sudeste;31;MG;Minas Gerais;3171808;Virginópolis;True;2023;publica;medio;todos (1-4);89.8;0.907452;295.94;291.3;5.206753;4.7;;210992.204;20456.87;191991.919;18614.69;183971.884;17589.82;32383.096;6483.463;80290.054;52832.213;171988.826;11983.058;Demais serviços;Administração, defesa, educação e saúde públicas e seguridade social;Comércio e reparação de veículos automotores e motocicletas
3;Sudeste;31;MG;Minas Gerais;3171907;Virgolândia;True;2023;publica;medio;todos (1-4);95.4;0.956385;260.95;269.39;4.387327;4.2;;67748.405;14883.22;62775.578;13790.77;62673.43;11818.49;12538.246;1957.179;16520.725;29709.818;60725.969;1947.462;Administração, defesa, educação e saúde públicas e seguridade social;Demais serviços;Pecuária, inclusive apoio à pecuária
3;Sudeste;31;MG;Minas Gerais;3172004;Visconde do Rio Branco;True;2023;publica;medio;todos (1-4);80.0;0.802103;286.79;291.68;5.083931;4.1;;2052277.555;52407.5;1687802.627;43100.17;1349239.473;31123.61;16196.996;458734.18;491857.552;200483.297;1167272.025;181967.448;Demais serviços;Indústrias de transformação;Administração, defesa, educação e saúde públicas e seguridade social
3;Sudeste;31;MG;Minas Gerais;3172103;Volta Grande;True;2023;publica;medio;todos (1-4);87.7;0.869415;262.02;243.69;4.017624;3.5;;146386.275;32947.62;123806.623;27865.55;139852.42;26537.46;12821.418;30384.269;43601.607;30739.844;117547.137;22305.284;Administração, defesa, educação e saúde públicas e seguridade social;Demais serviços;Indústrias de transformação
3;Sudeste;31;MG;Minas Gerais;3172202;Wenceslau Braz;True;2023;publica;medio;todos (1-4);98.9;0.987355;266.95;276.39;4.576387;4.5;;43766.829;18576.75;36814.516;15625.86;33069.628;13004.18;5987.726;2510.281;7547.082;15243.75;31288.838;1780.79;Administração, defesa, educação e saúde públicas e seguridade social;Demais serviços;Pecuária, inclusive apoio à pecuária
