region_code;region_name;state_code;state_abbr;state_name;city_code;city_name;has_educational_record;school_year;school_network;education_level;school_grades;approval_rate;performance_indicator;saeb_math_score;saeb_portuguese_score;saeb_standardized_average_score;ideb;ideb_projection;gdp_2023_current_prices_thousand_reais;gdp_per_capita_2023_current_reais;gdp_2022_current_prices_thousand_reais;gdp_per_capita_2022_current_reais;gdp_2021_current_prices_thousand_reais;gdp_per_capita_2021_current_reais;gross_value_added_agriculture_2021_current_prices_thousand_reais;gross_value_added_industry_2021_current_prices_thousand_reais;gross_value_added_services_2021_current_prices_thousand_reais;gross_value_added_public_administration_2021_current_prices_thousand_reais;gross_value_added_total_2021_current_prices_thousand_reais;taxes_less_subsidies_2021_current_prices_thousand_reais;main_economic_activity_2021;second_main_economic_activity_2021;third_main_economic_activity_2021
4;Sul;41;PR;Paraná;4100103;Abatiá;True;2023;publica;medio;todos (1-4);100.0;1.0;262.48;265.07;4.344145;4.3;;297166.248;41039.39;282503.197;39014.39;221816.638;30138.13;110595.508;9932.391;52304.936;40040.739;212873.574;8943.064;Agricultura, inclusive apoio à agricultura e a pós colheita;Demais serviços;Administração, defesa, educação e saúde públicas e seguridade social
4;Sul;41;PR;Paraná;4100202;Adrianópolis;True;2023;publica;medio;todos (1-4);98.7;0.986981;257.25;264.52;4.262456;4.2;;467129.251;74669.0;442776.424;70776.28;368853.702;63628.38;27453.137;209013.429;52302.063;35027.116;323795.745;45057.957;Indústrias de transformação;Demais serviços;Administração, defesa, educação e saúde públicas e seguridade social
4;Sul;41;PR;Paraná;4100301;Agudos do Sul;True;2023;publica;medio;todos (1-4);96.7;0.969147;293.38;297.47;5.263164;5.1;;279388.38;27302.69;238564.978;23313.3;216903.776;22672.08;74699.052;12693.01;66287.359;48096.204;201775.625;15128.151;Agricultura, inclusive apoio à agricultura e a pós colheita;Administração, defesa, educação e saúde públicas e seguridade social;Demais serviços
4;Sul;41;PR;Paraná;4100400;Almirante Tamandaré;True;2023;publica;medio;todos (1-4);95.5;0.960578;267.52;277.06;4.594422;4.4;;2242619.546;18715.79;2074574.049;17313.37;1936254.916;15946.75;51409.687;491204.082;702419.93;484339.152;1729372.851;206882.065;Demais serviços;Administração, defesa, educação e saúde públicas e seguridade social;Indústrias de transformação
4;Sul;41;PR;Paraná;4100459;Altamira do Paraná;True;2023;publica;medio;todos (1-4);99.2;0.99118;265.56;261.42;4.332763;4.3;;115509.036;32175.22;106033.128;29535.69;96207.266;67324.89;50691.225;3237.393;21899.422;15395.11;91223.15;4984.115;Pecuária, inclusive apoio à pecuária;Agricultura, inclusive apoio à agricultura e a pós colheita;Demais serviços
4;Sul;41;PR;Paraná;4100509;Altônia;True;2023;publica;medio;todos (1-4);98.2;0.986382;288.05;294.76;5.147735;5.1;;546400.969;29153.82;442850.157;23633.8;462492.851;20746.1;118591.363;29725.462;176952.506;102560.909;427830.24;34662.611;Demais serviços;Administração, defesa, educação e saúde públicas e seguridade social;Agricultura, inclusive apoio à agricultura e a pós colheita
4;Sul;41;PR;Paraná;4100608;Alto Paraná;True;2023;publica;medio;todos (1-4);100.0;1.0;277.66;279.06;4.766778;4.8;;562666.681;40453.42;391675.5;28159.86;436261.407;29191.13;208719.693;35429.821;98518.253;72865.767;415533.534;20727.873;Agricultura, inclusive apoio à agricultura e a pós colheita;Demais serviços;Administração, defesa, educação e saúde públicas e seguridade social
4;Sul;41;PR;Paraná;4100707;Alto Piquiri;True;2023;publica;medio;todos (1-4);98.0;0.983844;265.07;268.67;4.434413;4.4;;488593.684;50230.67;381077.187;39177.26;410779.606;42252.58;177000.125;19871.393;130778.872;52293.15;379943.54;30836.066;Agricultura, inclusive apoio à agricultura e a pós colheita;Demais serviços;Administração, defesa, educação e saúde públicas e seguridade social
4;Sul;41;PR;Paraná;4100806;Alvorada do Sul;True;2023;publica;medio;todos (1-4);99.6;0.997227;262.96;269.09;4.411066;4.4;;436442.873;42266.4;449849.048;43564.7;338358.675;29173.88;109215.74;17170.2;123759.131;64222.644;314367.716;23990.959;Agricultura, inclusive apoio à agricultura e a pós colheita;Demais serviços;Administração, defesa, educação e saúde públicas e seguridade social
4;Sul;41;PR;Paraná;4100905;Amaporã;True;2023;publica;medio;todos (1-4);96.3;0.956915;284.45;275.33;4.806305;4.6;;163898.554;34418.01;122957.49;25820.56;121114.3;18909.34;42474.46;5477.422;30270.619;33434.802;111657.302;9456.997;Administração, defesa, educação e saúde públicas e seguridade social;Agricultura, inclusive apoio à agricultura e a pós colheita;Demais serviços
4;Sul;41;PR;Paraná;4101002;Ampére;True;2023;publica;medio;todos (1-4);97.0;0.972751;282.04;287.72;4.957936;4.8;;1001174.451;51028.26;814702.33;41524.07;750363.843;38547.41;137752.589;169445.868;256768.323;96991.134;660957.914;89405.929;Demais serviços;Indústrias de transformação;Administração, defesa, educação e saúde públicas e seguridade social
4;Sul;41;PR;Paraná;4101051;Anahy;True;2023;publica;medio;todos (1-4);98.3;0.985222;273.25;271.02;4.584481;4.5;;124322.819;42605.49;110971.656;38030.04;115042.263;41471.62;54504.608;3389.48;29340.603;20354.38;107589.071;7453.192;Agricultura, inclusive apoio à agricultura e a pós colheita;Pecuária, inclusive apoio à pecuária;Administração, defesa, educação e saúde públicas e seguridade social
4;Sul;41;PR;Paraná;4101101;Andirá;True;2023;publica;medio;todos (1-4);99.4;0.99118;273.74;281.68;4.750944;4.7;;861172.558;43322.9;842323.786;42374.67;816503.278;41189.69;119514.232;144801.944;351229.269;104426.643;719972.088;96531.19;Demais serviços;Comércio e reparação de veículos automotores e motocicletas;Administração, defesa, educação e saúde públicas e seguridade social
4;Sul;41;PR;Paraná;4101150;Ângulo;False;;;;;;;;;;;;179777.974;55572.79;170201.886;52612.64;154196.936;52608.99;77282.452;4288.946;41445.919;21024.758;144042.075;10154.861;Agricultura, inclusive apoio à agricultura e a pós colheita;Demais serviços;Administração, defesa, educação e saúde públicas e seguridade social
4;Sul;41;PR;Paraná;4101200;Antonina;True;2023;publica;medio;todos (1-4);95.2;0.964589;277.39;286.01;4.867028;4.7;;1001674.868;55368.68;948884.484;52450.64;700870.923;37045.88;18046.35;170095.971;325313.592;106685.553;620141.466;80729.457;Demais serviços;Comércio e reparação de veículos automotores e motocicletas;Eletricidade e gás, água, esgoto, atividades de gestão de resíduos e descontaminação
4;Sul;41;PR;Paraná;4101309;Antônio Olinto;True;2023;publica;medio;todos (1-4);92.3;0.926208;291.28;281.92;5.000885;4.6;;282610.628;40269.4;244883.509;34893.63;233345.083;31443.89;138049.116;9553.436;39589.832;36418.975;223611.359;9733.725;Agricultura, inclusive apoio à agricultura e a pós colheita;Produção florestal, pesca e aquicultura;Administração, defesa, educação e saúde públicas e seguridade social
4;Sul;41;PR;Paraná;4101408;Apucarana;True;2023;publica;medio;todos (1-4);92.9;0.946631;285.94;295.79;5.133519;4.9;;4834012.856;37146.42;4312220.602;33136.77;3874079.812;28187.84;281831.223;834984.803;1691674.371;647972.165;3456462.563;417617.249;Demais serviços;Administração, defesa, educação e saúde públicas e seguridade social;Indústrias de transformação
4;Sul;41;PR;Paraná;4101507;Arapongas;True;2023;publica;medio;todos (1-4);96.4;0.972872;283.33;292.17;5.042671;4.9;;5715471.043;47973.54;5102660.251;42829.83;4953988.715;39148.04;373977.951;1385051.612;1960137.848;598774.591;4317942.002;636046.713;Demais serviços;Indústrias de transformação;Administração, defesa, educação e saúde públicas e seguridade social
4;Sul;41;PR;Paraná;4101606;Arapoti;True;2023;publica;medio;todos (1-4);98.8;0.99168;279.95;286.93;4.916756;4.9;;1632919.107;63347.91;1676469.671;65037.42;1447430.59;50822.7;395494.032;248709.013;468196.244;141542.407;1253941.696;193488.894;Demais serviços;Agricultura, inclusive apoio à agricultura e a pós colheita;Comércio e reparação de veículos automotores e motocicletas
4;Sul;41;PR;Paraná;4101655;Arapuã;False;;;;;;;;;;;;154285.064;43743.99;133536.121;37861.11;152145.582;51557.3;84019.096;5072.71;33561.654;21175.776;143829.237;8316.345;Agricultura, inclusive apoio à agricultura e a pós colheita;Demais serviços;Administração, defesa, educação e saúde públicas e seguridade social
4;Sul;41;PR;Paraná;4101705;Araruna;True;2023;publica;medio;todos (1-4);99.6;0.995992;282.71;281.29;4.871088;4.9;;630796.431;43548.25;471911.027;32579.29;547353.084;39015.83;177026.51;116101.427;131751.939;74333.104;499212.981;48140.103;Agricultura, inclusive apoio à agricultura e a pós colheita;Demais serviços;Indústrias de transformação
4;Sul;41;PR;Paraná;4101804;Araucária;True;2023;publica;medio;todos (1-4);97.3;0.975279;272.19;281.52;4.726779;4.6;;34075051.609;224671.66;31308555.899;206430.95;25266761.323;170121.34;239812.779;14216619.559;6296603.237;1071309.49;21824345.065;3442416.258;Indústrias de transformação;Demais serviços;Comércio e reparação de veículos automotores e motocicletas
4;Sul;41;PR;Paraná;4101853;Ariranha do Ivaí;True;2023;publica;medio;todos (1-4);100.0;1.0;282.09;281.13;4.859985;4.9;;144972.888;62246.84;114831.376;49305.01;128973.65;63659.25;83235.478;4063.928;19941.668;17243.856;124484.93;4488.719;Agricultura, inclusive apoio à agricultura e a pós colheita;Demais serviços;Administração, defesa, educação e saúde públicas e seguridade social
4;Sul;41;PR;Paraná;4101903;Assaí;True;2023;publica;medio;todos (1-4);99.3;0.993682;293.83;291.66;5.182508;5.1;;637193.778;46183.5;613492.344;44465.63;539552.01;36475.93;169081.98;73616.321;184024.582;77483.41;504206.294;35345.716;Agricultura, inclusive apoio à agricultura e a pós colheita;Demais serviços;Administração, defesa, educação e saúde públicas e seguridade social
4;Sul;41;PR;Paraná;4102000;Assis Chateaubriand;True;2023;publica;medio;todos (1-4);96.1;0.954927;279.44;286.8;4.907647;4.7;;2033730.672;55252.41;1617587.946;43946.64;1633259.865;49038.01;545011.9;154436.598;600076.77;174973.626;1474498.894;158760.971;Demais serviços;Agricultura, inclusive apoio à agricultura e a pós colheita;Comércio e reparação de veículos automotores e motocicletas
4;Sul;41;PR;Paraná;4102109;Astorga;False;;;;;;;;;;;;1164815.716;45723.88;1110365.542;43586.48;882919.587;33565.98;224773.832;136158.145;321756.949;129181.469;811870.395;71049.191;Demais serviços;Agricultura, inclusive apoio à agricultura e a pós colheita;Administração, defesa, educação e saúde públicas e seguridade social
4;Sul;41;PR;Paraná;4102208;Atalaia;True;2023;publica;medio;todos (1-4);99.2;0.989101;279.58;280.52;4.815601;4.8;;254751.637;64007.95;203460.693;51120.78;177303.99;45803.15;64318.252;17342.222;56703.616;24865.632;163229.722;14074.268;Agricultura, inclusive apoio à agricultura e a pós colheita;Demais serviços;Administração, defesa, educação e saúde públicas e seguridade social
4;Sul;41;PR;Paraná;4102307;Balsa Nova;True;2023;publica;medio;todos (1-4);98.3;0.985108;278.29;283.1;4.836106;4.8;;1302016.129;97201.65;1272534.365;95000.7;926184.931;69964.11;103744.434;396062.227;221283.37;77568.679;798658.71;127526.221;Indústrias de transformação;Demais serviços;Agricultura, inclusive apoio à agricultura e a pós colheita
4;Sul;41;PR;Paraná;4102406;Bandeirantes;True;2023;publica;medio;todos (1-4);95.3;0.963314;270.55;273.02;4.5765;4.4;;1362233.291;43559.41;1123357.547;35921.0;1033467.845;33272.2;303678.537;103441.763;406937.902;151933.934;965992.135;67475.71;Demais serviços;Agricultura, inclusive apoio à agricultura e a pós colheita;Administração, defesa, educação e saúde públicas e seguridade social
4;Sul;41;PR;Paraná;4102505;Barbosa Ferraz;True;2023;publica;medio;todos (1-4);98.4;0.983278;279.87;289.03;4.947069;4.9;;342155.193;31695.71;232714.249;21557.6;299362.963;26522.81;119378.893;12841.992;92167.03;58176.324;282564.239;16798.724;Agricultura, inclusive apoio à agricultura e a pós colheita;Demais serviços;Administração, defesa, educação e saúde públicas e seguridade social
4;Sul;41;PR;Paraná;4102604;Barracão;True;2023;publica;medio;todos (1-4);94.9;0.960456;290.27;302.83;5.299723;5.1;;323296.511;33128.04;291717.911;29892.19;264230.092;25536.88;56562.933;19831.05;113044.983;49325.999;238764.964;25465.128;Demais serviços;Administração, defesa, educação e saúde públicas e seguridade social;Comércio e reparação de veículos automotores e motocicletas
4;Sul;41;PR;Paraná;4102703;Barra do Jacaré;True;2023;publica;medio;todos (1-4);100.0;1.0;277.11;284.08;4.834203;4.8;;187138.061;66502.51;186282.939;66198.63;150148.218;53990.73;81200.262;19766.545;23424.358;19382.437;143773.602;6374.616;Agricultura, inclusive apoio à agricultura e a pós colheita;Pecuária, inclusive apoio à pecuária;Demais serviços
4;Sul;41;PR;Paraná;4102752;Bela Vista da Caroba;True;2023;publica;medio;todos (1-4);95.2;0.950051;263.71;255.85;4.223396;4.0;;126094.802;31281.27;91070.447;22592.52;106923.656;31411.18;51899.935;5250.903;23298.882;21031.496;101481.216;5442.44;Agricultura, inclusive apoio à agricultura e a pós colheita;Administração, defesa, educação e saúde públicas e seguridade social;Demais serviços
4;Sul;41;PR;Paraná;4102802;Bela Vista do Paraíso;True;2023;publica;medio;todos (1-4);96.8;0.976018;269.81;278.06;4.641555;4.5;;564053.919;38026.96;633301.913;42695.47;523791.495;34012.43;92512.237;35045.131;265874.034;71347.025;464778.427;59013.068;Demais serviços;Comércio e reparação de veículos automotores e motocicletas;Agricultura, inclusive apoio à agricultura e a pós colheita
4;Sul;41;PR;Paraná;4102901;Bituruna;True;2023;publica;medio;todos (1-4);92.4;0.939556;281.31;280.48;4.8393;4.5;;656377.314;42256.96;527647.95;33969.48;552341.717;33656.8;184755.463;116904.003;121839.094;80945.441;504444.002;47897.715;Produção florestal, pesca e aquicultura;Indústrias de transformação;Demais serviços
4;Sul;41;PR;Paraná;4103008;Boa Esperança;True;2023;publica;medio;todos (1-4);95.2;0.952893;288.33;294.51;5.147925;4.9;;342930.48;75237.05;280661.467;61575.57;285688.871;71583.28;151515.368;9585.639;78681.167;28376.784;268158.957;17529.914;Agricultura, inclusive apoio à agricultura e a pós colheita;Demais serviços;Administração, defesa, educação e saúde públicas e seguridade social
4;Sul;41;PR;Paraná;4103024;Boa Esperança do Iguaçu;True;2023;publica;medio;todos (1-4);96.3;0.966066;290.1;293.34;5.15527;5.0;;165031.3;67222.53;122034.429;49708.52;142607.147;58517.5;72330.299;6029.125;36065.849;18207.136;132632.409;9974.739;Pecuária, inclusive apoio à pecuária;Agricultura, inclusive apoio à agricultura e a pós colheita;Demais serviços
4;Sul;41;PR;Paraná;4103040;Boa Ventura de São Roque;True;2023;publica;medio;todos (1-4);99.5;0.995968;273.11;265.2;4.495389;4.5;;449414.068;72838.58;419427.619;65761.62;361489.538;56990.31;156297.269;37711.702;86560.454;38219.339;318788.764;42700.774;Agricultura, inclusive apoio à agricultura e a pós colheita;Demais serviços;Comércio e reparação de veículos automotores e motocicletas
4;Sul;41;PR;Paraná;4103057;Boa Vista da Aparecida;True;2023;publica;medio;todos (1-4);96.2;0.964226;273.0;280.96;4.729772;4.6;;222436.901;28071.29;192291.962;24267.03;185314.758;24629.82;58201.633;9509.284;62500.042;43791.025;174001.984;11312.774;Demais serviços;Administração, defesa, educação e saúde públicas e seguridade social;Agricultura, inclusive apoio à agricultura e a pós colheita
4;Sul;41;PR;Paraná;4103107;Bocaiúva do Sul;True;2023;publica;medio;todos (1-4);96.9;0.971944;273.76;274.53;4.644189;4.5;;305498.453;22971.54;289093.444;21767.45;280327.122;21064.56;27460.006;70571.895;89842.729;65680.119;253554.75;26772.372;Demais serviços;Administração, defesa, educação e saúde públicas e seguridade social;Indústrias de transformação
4;Sul;41;PR;Paraná;4103156;Bom Jesus do Sul;True;2023;publica;medio;todos (1-4);98.9;0.99187;272.83;288.28;4.836965;4.8;;142417.578;35783.31;126393.418;31757.14;115669.95;33315.08;56418.707;5157.836;24617.829;23417.124;109611.497;6058.454;Agricultura, inclusive apoio à agricultura e a pós colheita;Administração, defesa, educação e saúde públicas e seguridade social;Pecuária, inclusive apoio à pecuária
4;Sul;41;PR;Paraná;4103206;Bom Sucesso;True;2023;publica;medio;todos (1-4);91.1;0.91279;263.33;264.21;4.343209;4.0;;221658.047;33681.51;179788.501;27319.33;157269.378;22141.26;67068.894;9206.744;37716.945;34990.235;148982.818;8286.56;Agricultura, inclusive apoio à agricultura e a pós colheita;Administração, defesa, educação e saúde públicas e seguridade social;Demais serviços
4;Sul;41;PR;Paraná;4103222;Bom Sucesso do Sul;True;2023;publica;medio;todos (1-4);98.8;0.983471;308.95;286.52;5.317921;5.2;;331505.224;103530.68;314247.293;98140.94;300056.492;92495.84;129625.159;14539.825;103512.604;22905.25;270582.837;29473.655;Agricultura, inclusive apoio à agricultura e a pós colheita;Comércio e reparação de veículos automotores e motocicletas;Demais serviços
4;Sul;41;PR;Paraná;4103305;Borrazópolis;True;2023;publica;medio;todos (1-4);96.1;0.961031;273.35;278.12;4.692173;4.5;;296465.288;38327.77;269979.358;34903.6;245672.903;39057.7;86538.328;10019.752;92382.935;38041.9;226982.915;18689.989;Agricultura, inclusive apoio à agricultura e a pós colheita;Demais serviços;Administração, defesa, educação e saúde públicas e seguridade social
4;Sul;41;PR;Paraná;4103354;Braganey;True;2023;publica;medio;todos (1-4);96.4;0.959643;280.21;284.02;4.876844;4.7;;261007.315;53771.59;257285.871;53004.92;241525.967;45246.53;122680.638;8545.827;64085.536;30849.758;226161.759;15364.208;Agricultura, inclusive apoio à agricultura e a pós colheita;Demais serviços;Administração, defesa, educação e saúde públicas e seguridade social
4;Sul;41;PR;Paraná;4103370;Brasilândia do Sul;True;2023;publica;medio;todos (1-4);96.1;0.961964;256.26;261.42;4.202145;4.0;;298634.398;80537.86;235240.964;63441.47;275949.479;109460.33;123778.276;7906.212;99843.248;20017.367;251545.103;24404.377;Agricultura, inclusive apoio à agricultura e a pós colheita;Comércio e reparação de veículos automotores e motocicletas;Demais serviços
4;Sul;41;PR;Paraná;4103404;Cafeara;True;2023;publica;medio;todos (1-4);98.4;0.989101;266.75;265.87;4.416093;4.4;;121532.272;46262.76;93812.781;35710.99;114049.222;38361.66;66301.306;4250.183;20230.776;18874.182;109656.447;4392.775;Agricultura, inclusive apoio à agricultura e a pós colheita;Administração, defesa, educação e saúde públicas e seguridade social;Demais serviços
4;Sul;41;PR;Paraná;4103453;Cafelândia;True;2023;publica;medio;todos (1-4);97.0;0.976487;281.25;286.01;4.921242;4.8;;2697733.865;142008.42;2410673.104;126897.57;1949225.99;103776.07;229992.372;776572.185;615257.197;105889.282;1727711.037;221514.953;Indústrias de transformação;Demais serviços;Agricultura, inclusive apoio à agricultura e a pós colheita
4;Sul;41;PR;Paraná;4103479;Cafezal do Sul;True;2023;publica;medio;todos (1-4);96.5;0.964587;271.17;285.07;4.765597;4.6;;199025.998;44494.97;138966.041;31067.75;148982.512;37479.88;73026.61;5697.787;36753.047;24748.243;140225.687;8756.824;Agricultura, inclusive apoio à agricultura e a pós colheita;Demais serviços;Administração, defesa, educação e saúde públicas e seguridade social
4;Sul;41;PR;Paraná;4103503;Califórnia;True;2023;publica;medio;todos (1-4);98.2;0.98418;287.12;296.43;5.159673;5.1;;250999.041;28817.34;240185.998;27575.89;253204.679;29302.71;67159.181;43267.043;73488.275;43227.737;227142.236;26062.443;Demais serviços;Agricultura, inclusive apoio à agricultura e a pós colheita;Administração, defesa, educação e saúde públicas e seguridade social
4;Sul;41;PR;Paraná;4103602;Cambará;True;2023;publica;medio;todos (1-4);99.9;0.998663;265.06;272.73;4.495051;4.5;;985512.34;42457.02;969626.275;41776.23;819036.014;32032.38;174602.915;157114.044;287766.278;123831.898;743315.135;75720.879;Demais serviços;Agricultura, inclusive apoio à agricultura e a pós colheita;Administração, defesa, educação e saúde públicas e seguridade social
4;Sul;41;PR;Paraná;4103701;Cambé;True;2023;publica;medio;todos (1-4);96.5;0.965706;275.84;282.87;4.798252;4.6;;6771172.732;63159.21;6118832.758;57074.4;5029902.157;46518.9;351440.74;1303755.414;2077406.914;498121.234;4230724.303;799177.854;Demais serviços;Indústrias de transformação;Comércio e reparação de veículos automotores e motocicletas
4;Sul;41;PR;Paraná;4103800;Cambira;True;2023;publica;medio;todos (1-4);98.0;0.98285;280.49;297.46;5.081975;5.0;;349367.41;36931.02;314677.629;33264.02;280211.459;35171.51;76794.394;40010.564;87855.363;41751.536;246411.856;33799.603;Agricultura, inclusive apoio à agricultura e a pós colheita;Demais serviços;Administração, defesa, educação e saúde públicas e seguridade social
4;Sul;41;PR;Paraná;4103909;Campina da Lagoa;True;2023;publica;medio;todos (1-4);96.2;0.962525;267.16;275.9;4.572001;4.4;;674422.201;42893.99;605746.924;38526.17;578372.719;41645.5;254783.863;33305.922;184348.918;68096.755;540535.458;37837.261;Agricultura, inclusive apoio à agricultura e a pós colheita;Demais serviços;Administração, defesa, educação e saúde públicas e seguridade social
4;Sul;41;PR;Paraná;4103958;Campina do Simão;True;2023;publica;medio;todos (1-4);98.6;0.984189;279.49;281.09;4.82287;4.7;;195119.696;49573.09;168306.006;42760.67;150370.495;39250.98;92967.154;6641.16;22015.558;23611.234;145235.106;5135.389;Agricultura, inclusive apoio à agricultura e a pós colheita;Administração, defesa, educação e saúde públicas e seguridade social;Demais serviços
4;Sul;41;PR;Paraná;4104006;Campina Grande do Sul;True;2023;publica;medio;todos (1-4);95.3;0.954631;272.25;283.71;4.760406;4.5;;2871767.402;60047.41;2497170.83;52243.16;2176023.716;49374.29;26102.146;225264.762;1139910.192;226860.526;1618137.626;557886.09;Demais serviços;Comércio e reparação de veículos automotores e motocicletas;Administração, defesa, educação e saúde públicas e seguridade social
4;Sul;41;PR;Paraná;4104055;Campo Bonito;True;2023;publica;medio;todos (1-4);99.1;0.987705;284.0;287.27;4.978727;4.9;;237197.428;58901.77;207893.328;51624.86;224660.788;60817.76;140593.099;6416.918;41800.038;24708.626;213518.681;11142.107;Agricultura, inclusive apoio à agricultura e a pós colheita;Demais serviços;Pecuária, inclusive apoio à pecuária
4;Sul;41;PR;Paraná;4104105;Campo do Tenente;True;2023;publica;medio;todos (1-4);98.3;0.9817;272.22;275.89;4.642919;4.6;;306673.047;40846.17;313847.364;41801.73;261270.416;32184.09;101642.729;29520.171;70428.364;39482.959;241074.223;20196.193;Agricultura, inclusive apoio à agricultura e a pós colheita;Demais serviços;Administração, defesa, educação e saúde públicas e seguridade social
4;Sul;41;PR;Paraná;4104204;Campo Largo;True;2023;publica;medio;todos (1-4);96.5;0.970684;289.13;291.67;5.116646;5.0;;7070392.747;51863.48;6118470.554;44880.84;5733187.097;42255.83;122163.64;2000356.54;2061138.387;643888.41;4827546.977;905640.12;Demais serviços;Indústrias de transformação;Administração, defesa, educação e saúde públicas e seguridade social
4;Sul;41;PR;Paraná;4104253;Campo Magro;True;2023;publica;medio;todos (1-4);95.1;0.951475;274.54;281.14;4.754096;4.5;;700582.723;23228.87;591900.543;19809.92;541601.254;17962.96;65744.512;72169.741;189757.764;152075.768;479747.785;61853.468;Administração, defesa, educação e saúde públicas e seguridade social;Demais serviços;Comércio e reparação de veículos automotores e motocicletas
4;Sul;41;PR;Paraná;4104303;Campo Mourão;True;2023;publica;medio;todos (1-4);96.0;0.956099;289.08;296.77;5.192291;5.0;;5991907.747;60261.36;5697717.853;57302.66;5147309.893;53560.9;358931.881;1138553.125;2496007.711;465698.423;4459191.14;688118.753;Demais serviços;Indústrias de transformação;Comércio e reparação de veículos automotores e motocicletas
4;Sul;41;PR;Paraná;4104402;Cândido de Abreu;True;2023;publica;medio;todos (1-4);99.5;0.995289;279.84;284.3;4.875839;4.9;;475234.993;31175.22;467036.436;30637.39;421636.526;28867.35;189164.856;14693.791;115646.251;73108.633;392613.532;29022.995;Agricultura, inclusive apoio à agricultura e a pós colheita;Administração, defesa, educação e saúde públicas e seguridade social;Demais serviços
4;Sul;41;PR;Paraná;4104428;Candói;True;2023;publica;medio;todos (1-4);98.5;0.989386;280.97;287.21;4.935273;4.9;;901448.618;60204.94;918859.558;61367.77;850048.142;52712.89;411756.968;59586.382;230389.755;89637.452;791370.557;58677.585;Agricultura, inclusive apoio à agricultura e a pós colheita;Demais serviços;Administração, defesa, educação e saúde públicas e seguridade social
4;Sul;41;PR;Paraná;4104451;Cantagalo;True;2023;publica;medio;todos (1-4);97.2;0.978484;283.33;289.58;5.003898;4.9;;386335.113;35372.19;366887.576;33557.81;335943.888;25183.2;140128.792;19339.74;92575.139;62181.82;314225.49;21718.398;Agricultura, inclusive apoio à agricultura e a pós colheita;Demais serviços;Administração, defesa, educação e saúde públicas e seguridade social
4;Sul;41;PR;Paraná;4104501;Capanema;True;2023;publica;medio;todos (1-4);94.1;0.952887;301.13;299.29;5.399257;5.1;;1592680.617;77763.81;1206588.108;58912.56;1106692.308;57724.41;215802.925;358176.145;332726.609;97675.696;1004381.375;102310.933;Demais serviços;Indústrias de transformação;Eletricidade e gás, água, esgoto, atividades de gestão de resíduos e descontaminação
4;Sul;41;PR;Paraná;4104600;Capitão Leônidas Marques;True;2023;publica;medio;todos (1-4);98.9;0.989637;272.73;273.88;4.619992;4.6;;1300219.755;88764.32;1164122.418;79473.13;1255526.163;79028.52;111792.184;841187.178;172633.448;83731.953;1209344.763;46181.4;Eletricidade e gás, água, esgoto, atividades de gestão de resíduos e descontaminação;Demais serviços;Administração, defesa, educação e saúde públicas e seguridade social
4;Sul;41;PR;Paraná;4104659;Carambeí;True;2023;publica;medio;todos (1-4);94.6;0.946648;277.4;284.63;4.84651;4.6;;1989895.5;85465.6;1829888.944;78593.35;1578832.686;65173.69;489440.963;321463.459;463792.386;134050.575;1408747.383;170085.303;Pecuária, inclusive apoio à pecuária;Demais serviços;Indústrias de transformação
4;Sul;41;PR;Paraná;4104709;Carlópolis;True;2023;publica;medio;todos (1-4);99.4;0.994712;285.08;289.68;5.029974;5.0;;575813.719;34061.74;533659.947;31568.17;458637.566;31869.75;183972.716;24697.943;151860.513;68974.556;429505.728;29131.838;Agricultura, inclusive apoio à agricultura e a pós colheita;Demais serviços;Administração, defesa, educação e saúde públicas e seguridade social
4;Sul;41;PR;Paraná;4104808;Cascavel;True;2023;publica;medio;todos (1-4);96.7;0.973163;279.26;287.32;4.912903;4.8;;19204178.185;55176.33;18099792.551;52003.28;15786905.039;46974.63;1206734.268;2651348.65;8089818.184;1624295.417;13572196.519;2214708.52;Demais serviços;Comércio e reparação de veículos automotores e motocicletas;Administração, defesa, educação e saúde públicas e seguridade social
4;Sul;41;PR;Paraná;4104907;Castro;True;2023;publica;medio;todos (1-4);96.9;0.974321;281.34;282.29;4.866817;4.7;;4517500.842;61820.06;4274953.157;58525.73;3631155.505;50345.31;778116.608;756481.19;1229472.293;404729.954;3168800.045;462355.46;Demais serviços;Indústrias de transformação;Pecuária, inclusive apoio à pecuária
4;Sul;41;PR;Paraná;4105003;Catanduvas;True;2023;publica;medio;todos (1-4);97.5;0.976545;283.42;276.55;4.810102;4.7;;413684.795;39602.22;408001.98;39058.2;355951.072;35089.81;161222.28;19622.546;101838.682;49336.834;332020.341;23930.731;Agricultura, inclusive apoio à agricultura e a pós colheita;Demais serviços;Administração, defesa, educação e saúde públicas e seguridade social
4;Sul;41;PR;Paraná;4105102;Centenário do Sul;True;2023;publica;medio;todos (1-4);98.9;0.989796;264.89;271.67;4.476796;4.4;;376524.952;34760.43;339018.254;31297.84;440498.981;41152.74;223749.614;22336.065;113828.726;56348.321;416262.726;24236.255;Agricultura, inclusive apoio à agricultura e a pós colheita;Demais serviços;Administração, defesa, educação e saúde públicas e seguridade social
4;Sul;41;PR;Paraná;4105201;Cerro Azul;True;2023;publica;medio;todos (1-4);90.7;0.910857;263.07;267.17;4.383868;4.0;;374010.068;23181.48;340662.983;21114.6;405085.693;22650.73;207856.602;28674.852;71097.934;85097.161;392726.55;12359.143;Agricultura, inclusive apoio à agricultura e a pós colheita;Administração, defesa, educação e saúde públicas e seguridade social;Produção florestal, pesca e aquicultura
4;Sul;41;PR;Paraná;4105300;Céu Azul;True;2023;publica;medio;todos (1-4);89.8;0.899882;270.78;275.67;4.619401;4.2;;1070583.204;96562.03;937100.72;84522.48;942758.299;79410.23;282695.336;245901.344;249143.048;64562.555;842302.283;100456.016;Indústrias de transformação;Demais serviços;Agricultura, inclusive apoio à agricultura e a pós colheita
4;Sul;41;PR;Paraná;4105409;Chopinzinho;True;2023;publica;medio;todos (1-4);99.8;0.998745;285.07;286.6;4.983726;5.0;;1196359.965;56739.86;968767.829;45958.91;909271.377;47648.24;250635.072;140271.074;320928.543;114096.147;825930.837;83340.54;Demais serviços;Agricultura, inclusive apoio à agricultura e a pós colheita;Administração, defesa, educação e saúde públicas e seguridade social
4;Sul;41;PR;Paraná;4105508;Cianorte;True;2023;publica;medio;todos (1-4);93.9;0.951589;281.81;290.03;4.989286;4.7;;3986696.636;50130.1;3497697.507;43981.26;3039715.513;35769.78;308192.336;731727.35;1273801.034;408343.222;2722063.942;317651.571;Demais serviços;Indústrias de transformação;Administração, defesa, educação e saúde públicas e seguridade social
4;Sul;41;PR;Paraná;4105607;Cidade Gaúcha;True;2023;publica;medio;todos (1-4);90.3;0.913207;282.24;279.69;4.840535;4.4;;620523.946;54113.89;506191.724;44143.34;431472.615;33346.67;63691.118;113411.571;143213.284;70932.439;391248.413;40224.202;Demais serviços;Indústrias de transformação;Administração, defesa, educação e saúde públicas e seguridade social
4;Sul;41;PR;Paraná;4105706;Clevelândia;True;2023;publica;medio;todos (1-4);99.1;0.991329;274.52;282.94;4.780761;4.7;;915574.92;60754.81;822193.754;54558.31;837980.193;51271.43;336356.467;109083.826;248505.637;85081.421;779027.352;58952.84;Agricultura, inclusive apoio à agricultura e a pós colheita;Demais serviços;Administração, defesa, educação e saúde públicas e seguridade social
4;Sul;41;PR;Paraná;4105805;Colombo;True;2023;publica;medio;todos (1-4);90.1;0.918858;274.26;283.57;4.78654;4.4;;7628974.586;32853.49;6366277.997;27434.23;5693870.124;22841.54;120834.26;1384798.867;2270675.14;1080430.939;4856739.205;837130.919;Demais serviços;Administração, defesa, educação e saúde públicas e seguridade social;Indústrias de transformação
4;Sul;41;PR;Paraná;4105904;Colorado;False;;;;;;;;;;;;1171687.956;51174.35;948126.568;41410.14;796267.257;32807.35;93778.243;199590.146;314503.144;123079.336;730950.869;65316.387;Demais serviços;Indústrias de transformação;Administração, defesa, educação e saúde públicas e seguridade social
4;Sul;41;PR;Paraná;4106001;Congonhinhas;True;2023;publica;medio;todos (1-4);97.9;0.984902;249.48;266.65;4.185213;4.1;;309516.653;37201.52;330955.327;39778.28;285617.152;32106.24;123365.794;20529.908;76940.591;45896.446;266732.739;18884.413;Agricultura, inclusive apoio à agricultura e a pós colheita;Demais serviços;Administração, defesa, educação e saúde públicas e seguridade social
4;Sul;41;PR;Paraná;4106100;Conselheiro Mairinck;True;2023;publica;medio;todos (1-4);97.8;0.977999;275.86;284.94;4.829521;4.7;;168785.167;48767.75;182939.666;52857.46;152425.118;39173.76;89432.082;7305.085;26322.739;23557.623;146617.529;5807.589;Agricultura, inclusive apoio à agricultura e a pós colheita;Administração, defesa, educação e saúde públicas e seguridade social;Demais serviços
4;Sul;41;PR;Paraná;4106209;Contenda;True;2023;publica;medio;todos (1-4);98.1;0.982509;285.4;288.66;5.019199;4.9;;627817.968;32821.93;619203.447;32371.57;557577.079;29220.05;148573.595;51946.594;210393.006;95182.724;506095.918;51481.161;Agricultura, inclusive apoio à agricultura e a pós colheita;Demais serviços;Administração, defesa, educação e saúde públicas e seguridade social
4;Sul;41;PR;Paraná;4106308;Corbélia;True;2023;publica;medio;todos (1-4);98.3;0.986105;279.82;289.76;4.957295;4.9;;993480.192;56867.78;1003638.983;57449.28;1064177.188;62007.76;491696.946;63613.031;342654.763;89846.798;987811.538;76365.649;Agricultura, inclusive apoio à agricultura e a pós colheita;Demais serviços;Comércio e reparação de veículos automotores e motocicletas
4;Sul;41;PR;Paraná;4106407;Cornélio Procópio;True;2023;publica;medio;todos (1-4);91.8;0.930916;292.75;290.94;5.156561;4.8;;2382241.244;52697.46;2173940.19;48089.64;1812202.152;37880.48;249528.21;192799.688;910317.997;253467.407;1606113.302;206088.85;Demais serviços;Administração, defesa, educação e saúde públicas e seguridade social;Agricultura, inclusive apoio à agricultura e a pós colheita
4;Sul;41;PR;Paraná;4106456;Coronel Domingos Soares;True;2023;publica;medio;todos (1-4);100.0;1.0;254.42;246.08;3.946661;3.9;;328942.49;58230.22;334094.936;59142.31;323716.001;42944.55;153497.015;47898.262;55850.167;46118.817;303364.261;20351.74;Agricultura, inclusive apoio à agricultura e a pós colheita;Administração, defesa, educação e saúde públicas e seguridade social;Demais serviços
4;Sul;41;PR;Paraná;4106506;Coronel Vivida;True;2023;publica;medio;todos (1-4);97.0;0.975109;290.58;294.67;5.181922;5.1;;1109441.321;47552.24;895506.573;38382.69;887309.136;43431.68;235766.318;114169.968;325829.616;105491.437;781257.339;106051.797;Demais serviços;Agricultura, inclusive apoio à agricultura e a pós colheita;Comércio e reparação de veículos automotores e motocicletas
4;Sul;41;PR;Paraná;4106555;Corumbataí do Sul;True;2023;publica;medio;todos (1-4);100.0;1.0;272.21;294.4;4.919874;4.9;;104934.666;27908.16;82926.323;22054.87;87683.113;28862.12;32051.42;3604.192;24931.805;21534.902;82122.319;5560.794;Administração, defesa, educação e saúde públicas e seguridade social;Agricultura, inclusive apoio à agricultura e a pós colheita;Demais serviços
4;Sul;41;PR;Paraná;4106571;Cruzeiro do Iguaçu;True;2023;publica;medio;todos (1-4);89.9;0.900763;280.04;300.07;5.114726;4.6;;206651.374;50000.33;173963.577;42091.36;177172.753;41894.72;69126.808;24121.628;41809.413;28334.334;163392.183;13780.57;Agricultura, inclusive apoio à agricultura e a pós colheita;Pecuária, inclusive apoio à pecuária;Demais serviços
4;Sul;41;PR;Paraná;4106605;Cruzeiro do Oeste;True;2023;publica;medio;todos (1-4);99.2;0.993735;273.43;282.83;4.763805;4.7;;1089269.489;45708.09;893852.674;37507.98;859367.89;40996.46;174734.341;170201.748;329018.902;107757.885;781712.876;77655.015;Demais serviços;Agricultura, inclusive apoio à agricultura e a pós colheita;Indústrias de transformação
4;Sul;41;PR;Paraná;4106704;Cruzeiro do Sul;True;2023;publica;medio;todos (1-4);93.5;0.936424;281.36;284.15;4.894942;4.6;;281275.104;62589.03;213805.978;47575.87;205350.678;46354.55;137157.05;5344.898;29576.58;25285.871;197364.399;7986.279;Pecuária, inclusive apoio à pecuária;Agricultura, inclusive apoio à agricultura e a pós colheita;Demais serviços
4;Sul;41;PR;Paraná;4106803;Cruz Machado;True;2023;publica;medio;todos (1-4);95.0;0.960173;281.58;278.95;4.820188;4.6;;507964.016;31791.46;468274.164;29307.43;505065.548;26905.26;282126.824;18033.308;90466.411;91931.969;482558.512;22507.036;Produção florestal, pesca e aquicultura;Agricultura, inclusive apoio à agricultura e a pós colheita;Administração, defesa, educação e saúde públicas e seguridade social
4;Sul;41;PR;Paraná;4106852;Cruzmaltina;True;2023;publica;medio;todos (1-4);100.0;1.0;256.77;278.2;4.460505;4.5;;189223.664;65430.04;194539.864;67501.69;151165.232;52270.14;61844.548;3984.746;53306.406;18378.779;137514.479;13650.753;Agricultura, inclusive apoio à agricultura e a pós colheita;Comércio e reparação de veículos automotores e motocicletas;Demais serviços
4;Sul;41;PR;Paraná;4106902;Curitiba;True;2023;publica;medio;todos (1-4);97.2;0.976113;284.5;292.88;5.069732;4.9;;120065276.017;67691.3;111760270.004;63008.51;98000490.695;49905.38;17725.4;17640389.999;53112795.967;9131085.909;79901997.276;18098493.419;Demais serviços;Comércio e reparação de veículos automotores e motocicletas;Indústrias de transformação
4;Sul;41;PR;Paraná;4107009;Curiúva;True;2023;publica;medio;todos (1-4);97.9;0.979471;258.03;271.25;4.37416;4.3;;332954.115;24397.6;318794.557;23360.05;276028.647;18054.07;78553.686;17237.071;89492.018;70568.012;255850.788;20177.86;Administração, defesa, educação e saúde públicas e seguridade social;Demais serviços;Agricultura, inclusive apoio à agricultura e a pós colheita
4;Sul;41;PR;Paraná;4107108;Diamante do Norte;True;2023;publica;medio;todos (1-4);95.9;0.95799;281.56;281.37;4.856134;4.7;;413933.429;80500.47;380690.997;74035.59;298206.751;59941.06;32499.425;132135.852;82222.106;31484.102;278341.484;19865.267;Eletricidade e gás, água, esgoto, atividades de gestão de resíduos e descontaminação;Demais serviços;Comércio e reparação de veículos automotores e motocicletas
4;Sul;41;PR;Paraná;4107124;Diamante do Sul;True;2023;publica;medio;todos (1-4);98.3;0.983827;267.44;274.34;4.55258;4.5;;85753.794;27043.14;71943.583;22687.98;74735.85;21923.1;36853.019;2358.825;12163.413;20947.592;72322.849;2413.001;Administração, defesa, educação e saúde públicas e seguridade social;Pecuária, inclusive apoio à pecuária;Agricultura, inclusive apoio à agricultura e a pós colheita
4;Sul;41;PR;Paraná;4107157;Diamante D'Oeste;True;2023;publica;medio;todos (1-4);100.0;1.0;269.21;272.03;4.542859;4.5;;134492.64;29513.42;115173.13;25273.89;128031.058;24252.9;60104.868;4584.99;26298.328;30495.889;121484.075;6546.983;Pecuária, inclusive apoio à pecuária;Administração, defesa, educação e saúde públicas e seguridade social;Agricultura, inclusive apoio à agricultura e a pós colheita
4;Sul;41;PR;Paraná;4107207;Dois Vizinhos;True;2023;publica;medio;todos (1-4);94.9;0.959935;282.73;283.12;4.898765;4.7;;2609172.747;58150.9;2211267.575;49282.75;2026447.426;48919.65;330582.384;431388.352;844655.34;218079.146;1824705.222;201742.204;Demais serviços;Indústrias de transformação;Administração, defesa, educação e saúde públicas e seguridade social
4;Sul;41;PR;Paraná;4107256;Douradina;True;2023;publica;medio;todos (1-4);100.0;1.0;276.49;284.42;4.830585;4.8;;859149.606;93783.39;737484.146;80502.58;841228.334;93594.61;39083.22;92462.113;270793.561;49562.347;451901.241;389327.092;Comércio e reparação de veículos automotores e motocicletas;Demais serviços;Indústrias de transformação
4;Sul;41;PR;Paraná;4107306;Doutor Camargo;True;2023;publica;medio;todos (1-4);100.0;1.0;267.3;287.94;4.754207;4.8;;242635.313;38349.19;182585.454;28858.14;200365.462;33466.76;62422.581;13782.846;75280.556;33019.452;184505.435;15860.027;Agricultura, inclusive apoio à agricultura e a pós colheita;Demais serviços;Administração, defesa, educação e saúde públicas e seguridade social
4;Sul;41;PR;Paraná;4107405;Enéas Marques;True;2023;publica;medio;todos (1-4);94.3;0.938813;289.74;292.42;5.136441;4.8;;389459.999;64920.82;320674.313;53454.63;311320.716;52712.62;123923.119;43044.611;71151.267;34740.88;272859.876;38460.84;Pecuária, inclusive apoio à pecuária;Demais serviços;Indústrias de transformação
4;Sul;41;PR;Paraná;4107504;Engenheiro Beltrão;True;2023;publica;medio;todos (1-4);99.7;0.996982;270.04;277.14;4.631013;4.6;;698650.245;56098.46;461166.056;37029.55;566606.447;40582.04;221541.278;38039.829;193412.189;72054.567;525047.863;41558.584;Agricultura, inclusive apoio à agricultura e a pós colheita;Demais serviços;Administração, defesa, educação e saúde públicas e seguridade social
4;Sul;41;PR;Paraná;4107520;Esperança Nova;True;2023;publica;medio;todos (1-4);100.0;1.0;262.93;268.73;4.405256;4.4;;75224.394;40683.83;65714.482;35540.55;65235.789;39948.43;31789.758;4323.749;11499.178;14878.984;62491.669;2744.121;Pecuária, inclusive apoio à pecuária;Administração, defesa, educação e saúde públicas e seguridade social;Demais serviços
4;Sul;41;PR;Paraná;4107538;Entre Rios do Oeste;True;2023;publica;medio;todos (1-4);96.0;0.963135;311.72;294.1;5.470299;5.3;;420777.808;91973.29;384483.891;84040.19;313142.57;67328.01;90826.238;39232.836;113788.681;40828.496;284676.251;28466.319;Demais serviços;Pecuária, inclusive apoio à pecuária;Agricultura, inclusive apoio à agricultura e a pós colheita
4;Sul;41;PR;Paraná;4107546;Espigão Alto do Iguaçu;True;2023;publica;medio;todos (1-4);98.8;0.986913;277.43;289.75;4.923578;4.9;;201751.523;42057.85;204708.618;42674.3;162811.235;40907.35;86311.51;11581.347;30028.981;26589.99;154511.828;8299.406;Agricultura, inclusive apoio à agricultura e a pós colheita;Pecuária, inclusive apoio à pecuária;Administração, defesa, educação e saúde públicas e seguridade social
4;Sul;41;PR;Paraná;4107553;Farol;True;2023;publica;medio;todos (1-4);93.1;0.920535;292.71;293.91;5.20046;4.8;;255636.46;84118.61;162504.66;53473.07;215732.124;72030.76;129271.158;7229.814;45365.443;22262.462;204128.877;11603.247;Agricultura, inclusive apoio à agricultura e a pós colheita;Demais serviços;Administração, defesa, educação e saúde públicas e seguridade social
4;Sul;41;PR;Paraná;4107603;Faxinal;True;2023;publica;medio;todos (1-4);99.4;0.995475;260.5;263.04;4.285947;4.3;;625078.517;38140.13;594324.96;36263.65;500121.583;28777.35;128252.311;35225.763;206848.082;87999.742;458325.898;41795.685;Demais serviços;Agricultura, inclusive apoio à agricultura e a pós colheita;Administração, defesa, educação e saúde públicas e seguridade social
4;Sul;41;PR;Paraná;4107652;Fazenda Rio Grande;True;2023;publica;medio;todos (1-4);97.6;0.980454;273.48;284.72;4.792801;4.7;;4139460.922;27805.32;4053190.038;27225.82;3322418.468;32023.31;37785.572;830522.343;1231704.021;516956.63;2616968.566;705449.902;Demais serviços;Indústrias de transformação;Administração, defesa, educação e saúde públicas e seguridade social
4;Sul;41;PR;Paraná;4107702;Fênix;True;2023;publica;medio;todos (1-4);99.2;0.992901;270.89;280.0;4.685766;4.7;;243623.571;54234.99;157893.829;35150.01;212862.115;44964.54;102352.852;7988.34;61015.668;28453.48;199810.339;13051.776;Agricultura, inclusive apoio à agricultura e a pós colheita;Demais serviços;Administração, defesa, educação e saúde públicas e seguridade social
4;Sul;41;PR;Paraná;4107736;Fernandes Pinheiro;True;2023;publica;medio;todos (1-4);98.8;0.987253;289.79;292.16;5.133251;5.1;;323922.046;51786.1;275670.026;44071.95;253837.763;45646.06;149898.82;14573.823;42747.463;34687.743;241907.85;11929.913;Agricultura, inclusive apoio à agricultura e a pós colheita;Demais serviços;Administração, defesa, educação e saúde públicas e seguridade social
4;Sul;41;PR;Paraná;4107751;Figueira;True;2023;publica;medio;todos (1-4);100.0;1.0;266.41;281.15;4.64006;4.6;;191681.526;23775.93;169826.903;21065.11;161491.752;21179.25;26926.766;27218.76;54268.97;40155.218;148569.713;12922.039;Demais serviços;Administração, defesa, educação e saúde públicas e seguridade social;Agricultura, inclusive apoio à agricultura e a pós colheita
4;Sul;41;PR;Paraná;4107801;Floraí;True;2023;publica;medio;todos (1-4);97.5;0.976622;275.61;287.11;4.858495;4.7;;310640.443;64824.8;267764.15;55877.33;239257.249;48998.0;96022.984;24891.691;71813.508;28932.939;221661.122;17596.127;Agricultura, inclusive apoio à agricultura e a pós colheita;Demais serviços;Administração, defesa, educação e saúde públicas e seguridade social
4;Sul;41;PR;Paraná;4107850;Flor da Serra do Sul;True;2023;publica;medio;todos (1-4);96.9;0.967354;299.62;293.6;5.29287;5.1;;206356.743;47286.15;176425.578;40427.49;182642.865;39852.25;84792.073;7903.81;48376.189;29444.077;170516.15;12126.715;Agricultura, inclusive apoio à agricultura e a pós colheita;Pecuária, inclusive apoio à pecuária;Demais serviços
4;Sul;41;PR;Paraná;4107900;Floresta;True;2023;publica;medio;todos (1-4);100.0;1.0;277.34;284.79;4.848062;4.8;;364240.154;34828.85;277087.739;26495.29;271124.032;39145.83;78021.916;25314.728;104605.383;39516.46;247458.486;23665.546;Agricultura, inclusive apoio à agricultura e a pós colheita;Demais serviços;Administração, defesa, educação e saúde públicas e seguridade social
4;Sul;41;PR;Paraná;4108007;Florestópolis;True;2023;publica;medio;todos (1-4);98.8;0.988925;255.86;268.02;4.295329;4.2;;623832.373;54502.22;471672.388;41208.49;400284.885;38637.54;78722.846;114180.535;121173.234;57224.202;371300.817;28984.068;Demais serviços;Indústrias de transformação;Agricultura, inclusive apoio à agricultura e a pós colheita
4;Sul;41;PR;Paraná;4108106;Flórida;False;;;;;;;;;;;;101261.114;38182.92;82612.199;31150.9;80572.574;29742.55;25785.503;6936.443;23531.589;20136.08;76389.615;4182.959;Agricultura, inclusive apoio à agricultura e a pós colheita;Demais serviços;Administração, defesa, educação e saúde públicas e seguridade social
4;Sul;41;PR;Paraná;4108205;Formosa do Oeste;True;2023;publica;medio;todos (1-4);100.0;1.0;275.41;278.31;4.72395;4.7;;405548.522;53117.03;416851.124;54597.4;370767.205;58434.55;175491.721;15490.105;114234.698;36591.365;341807.89;28959.315;Agricultura, inclusive apoio à agricultura e a pós colheita;Demais serviços;Pecuária, inclusive apoio à pecuária
4;Sul;41;PR;Paraná;4108304;Foz do Iguaçu;True;2023;publica;medio;todos (1-4);94.4;0.946551;283.75;290.87;5.029108;4.8;;16973250.994;59468.67;17479951.713;61243.98;18969029.436;73531.64;121178.172;11498565.291;4875584.188;1525284.728;18020612.379;948417.058;Eletricidade e gás, água, esgoto, atividades de gestão de resíduos e descontaminação;Demais serviços;Administração, defesa, educação e saúde públicas e seguridade social
4;Sul;41;PR;Paraná;4108320;Francisco Alves;True;2023;publica;medio;todos (1-4);98.3;0.982044;275.8;276.71;4.705475;4.6;;254090.328;31307.33;205654.213;25339.36;290544.096;48896.68;144205.533;11516.212;80856.648;34136.753;270715.146;19828.95;Agricultura, inclusive apoio à agricultura e a pós colheita;Demais serviços;Administração, defesa, educação e saúde públicas e seguridade social
4;Sul;41;PR;Paraná;4108403;Francisco Beltrão;True;2023;publica;medio;todos (1-4);96.4;0.966584;287.47;291.48;5.090487;4.9;;4525403.384;46814.84;3970335.908;41072.72;3694538.715;39595.09;335288.644;701817.123;1762589.537;463783.268;3263478.572;431060.142;Demais serviços;Comércio e reparação de veículos automotores e motocicletas;Administração, defesa, educação e saúde públicas e seguridade social
4;Sul;41;PR;Paraná;4108452;Foz do Jordão;True;2023;publica;medio;todos (1-4);95.0;0.950426;277.33;283.86;4.834;4.6;;187782.428;38120.67;175861.709;35700.71;184044.064;41210.05;94877.724;21446.36;31255.61;29364.045;176943.74;7100.324;Agricultura, inclusive apoio à agricultura e a pós colheita;Administração, defesa, educação e saúde públicas e seguridade social;Demais serviços
4;Sul;41;PR;Paraná;4108502;General Carneiro;True;2023;publica;medio;todos (1-4);89.6;0.896455;270.23;273.06;4.572604;4.1;;437293.913;39531.18;427244.619;38622.73;445472.058;32609.04;231882.485;30733.142;86946.725;68845.768;418408.12;27063.938;Produção florestal, pesca e aquicultura;Administração, defesa, educação e saúde públicas e seguridade social;Demais serviços
4;Sul;41;PR;Paraná;4108551;Godoy Moreira;True;2023;publica;medio;todos (1-4);100.0;1.0;278.85;301.94;5.126007;5.1;;96133.019;32291.91;81117.593;27248.1;72425.899;25412.6;33704.083;2425.278;14144.618;19562.305;69836.285;2589.613;Agricultura, inclusive apoio à agricultura e a pós colheita;Administração, defesa, educação e saúde públicas e seguridade social;Demais serviços
4;Sul;41;PR;Paraná;4108601;Goioerê;True;2023;publica;medio;todos (1-4);92.1;0.936062;280.33;283.11;4.864907;4.6;;1335666.436;46969.32;1118784.79;39342.57;1074370.115;37390.2;223080.593;119038.086;476624.043;146971.169;965713.891;108656.223;Demais serviços;Agricultura, inclusive apoio à agricultura e a pós colheita;Comércio e reparação de veículos automotores e motocicletas
4;Sul;41;PR;Paraná;4108650;Goioxim;True;2023;publica;medio;todos (1-4);99.2;0.99163;277.14;281.32;4.793307;4.8;;308612.143;47001.54;348141.0;53021.78;309145.193;44182.53;186605.835;9454.928;62106.307;34774.121;292941.192;16204.001;Agricultura, inclusive apoio à agricultura e a pós colheita;Demais serviços;Administração, defesa, educação e saúde públicas e seguridade social
4;Sul;41;PR;Paraná;4108700;Grandes Rios;True;2023;publica;medio;todos (1-4);99.4;0.993585;290.16;302.34;5.290843;5.3;;177555.382;31475.87;161294.761;28593.29;172727.618;32111.47;90143.423;6522.604;37211.852;30866.638;164744.517;7983.101;Agricultura, inclusive apoio à agricultura e a pós colheita;Demais serviços;Administração, defesa, educação e saúde públicas e seguridade social
4;Sul;41;PR;Paraná;4108809;Guaíra;True;2023;publica;medio;todos (1-4);99.3;0.994214;280.09;289.01;4.94986;4.9;;1438846.331;44828.06;1165667.23;36317.01;1139934.324;34030.94;230163.027;94240.236;529851.076;176158.417;1030412.757;109521.567;Demais serviços;Agricultura, inclusive apoio à agricultura e a pós colheita;Administração, defesa, educação e saúde públicas e seguridade social
4;Sul;41;PR;Paraná;4108908;Guairaçá;True;2023;publica;medio;todos (1-4);100.0;1.0;288.16;291.98;5.107663;5.1;;404827.015;61458.48;278167.756;42507.3;273735.642;41256.31;134784.09;21360.72;64651.659;37340.043;258136.513;15599.129;Agricultura, inclusive apoio à agricultura e a pós colheita;Demais serviços;Administração, defesa, educação e saúde públicas e seguridade social
4;Sul;41;PR;Paraná;4108957;Guamiranga;True;2023;publica;medio;todos (1-4);92.2;0.918007;277.44;274.61;4.697072;4.3;;357064.021;45451.12;267831.011;34092.54;295065.123;33224.31;177782.535;12827.267;47359.885;43428.501;281398.188;13666.935;Agricultura, inclusive apoio à agricultura e a pós colheita;Administração, defesa, educação e saúde públicas e seguridade social;Demais serviços
4;Sul;41;PR;Paraná;4109005;Guapirama;True;2023;publica;medio;todos (1-4);100.0;1.0;281.61;277.79;4.803244;4.8;;228918.643;49485.22;218140.885;47155.4;176952.362;46974.35;88277.463;19731.452;33062.709;26030.612;167102.236;9850.127;Agricultura, inclusive apoio à agricultura e a pós colheita;Demais serviços;Pecuária, inclusive apoio à pecuária
4;Sul;41;PR;Paraná;4109104;Guaporema;True;2023;publica;medio;todos (1-4);98.2;0.986301;261.9;267.22;4.368184;4.3;;106182.693;48463.12;83635.486;38172.29;78139.324;34899.21;42793.486;2578.157;12351.243;17609.186;75332.072;2807.252;Agricultura, inclusive apoio à agricultura e a pós colheita;Administração, defesa, educação e saúde públicas e seguridade social;Pecuária, inclusive apoio à pecuária
4;Sul;41;PR;Paraná;4109203;Guaraci;True;2023;publica;medio;todos (1-4);99.4;0.99118;290.39;298.13;5.231049;5.2;;192290.817;40499.33;164970.595;34745.28;223862.859;40284.84;127400.106;9461.808;40016.133;35206.949;212084.995;11777.863;Agricultura, inclusive apoio à agricultura e a pós colheita;Pecuária, inclusive apoio à pecuária;Administração, defesa, educação e saúde públicas e seguridade social
4;Sul;41;PR;Paraná;4109302;Guaraniaçu;True;2023;publica;medio;todos (1-4);100.0;1.0;280.02;282.0;4.843936;4.8;;604224.361;43991.58;535922.123;39018.72;512014.492;42778.39;233521.843;23656.26;153136.791;66844.98;477159.875;34854.617;Agricultura, inclusive apoio à agricultura e a pós colheita;Demais serviços;Pecuária, inclusive apoio à pecuária
4;Sul;41;PR;Paraná;4109401;Guarapuava;True;2023;publica;medio;todos (1-4);95.1;0.959076;286.91;293.3;5.109868;4.9;;9864113.348;54170.74;9378784.924;51505.47;8309024.064;45217.95;770156.84;1708279.03;3818191.773;872113.811;7168741.454;1140282.61;Demais serviços;Comércio e reparação de veículos automotores e motocicletas;Indústrias de transformação
4;Sul;41;PR;Paraná;4109500;Guaraqueçaba;True;2023;publica;medio;todos (1-4);99.3;0.99331;262.4;258.89;4.250506;4.2;;146080.935;19660.96;129116.066;17377.67;118152.355;15641.03;37588.765;5045.191;31308.712;39091.473;113034.141;5118.214;Administração, defesa, educação e saúde públicas e seguridade social;Demais serviços;Agricultura, inclusive apoio à agricultura e a pós colheita
4;Sul;41;PR;Paraná;4109609;Guaratuba;True;2023;publica;medio;todos (1-4);95.3;0.965177;274.85;282.35;4.776563;4.6;;1220949.312;29027.37;1065549.385;25332.83;982124.975;25863.09;73127.562;109604.192;488139.5;238838.097;909709.351;72415.624;Demais serviços;Administração, defesa, educação e saúde públicas e seguridade social;Comércio e reparação de veículos automotores e motocicletas
4;Sul;41;PR;Paraná;4109658;Honório Serpa;True;2023;publica;medio;todos (1-4);100.0;1.0;279.23;275.55;4.736284;4.7;;386520.653;78227.21;282889.899;57253.57;298545.619;59353.01;158255.81;34364.603;49536.122;32523.457;274679.992;23865.626;Agricultura, inclusive apoio à agricultura e a pós colheita;Demais serviços;Administração, defesa, educação e saúde públicas e seguridade social
4;Sul;41;PR;Paraná;4109708;Ibaiti;True;2023;publica;medio;todos (1-4);99.4;0.995461;281.92;278.98;4.825412;4.8;;1236456.989;42887.86;990331.509;34350.73;878433.814;27576.88;199417.965;105480.325;348300.627;141343.742;794542.66;83891.154;Demais serviços;Administração, defesa, educação e saúde públicas e seguridade social;Agricultura, inclusive apoio à agricultura e a pós colheita
4;Sul;41;PR;Paraná;4109757;Ibema;True;2023;publica;medio;todos (1-4);99.4;0.99187;280.7;274.54;4.74181;4.7;;208091.029;33465.91;198450.812;31915.54;182341.261;28548.81;58002.732;26229.012;48947.372;34916.768;168095.885;14245.377;Agricultura, inclusive apoio à agricultura e a pós colheita;Demais serviços;Administração, defesa, educação e saúde públicas e seguridade social
4;Sul;41;PR;Paraná;4109807;Ibiporã;True;2023;publica;medio;todos (1-4);97.7;0.983236;273.14;282.37;4.752846;4.7;;4037854.555;78248.45;4506743.483;87334.91;3313394.225;59499.25;121601.509;603664.275;1660096.847;299443.377;2684806.008;628588.217;Comércio e reparação de veículos automotores e motocicletas;Demais serviços;Indústrias de transformação
4;Sul;41;PR;Paraná;4109906;Icaraíma;True;2023;publica;medio;todos (1-4);96.5;0.966053;279.4;277.98;4.775049;4.6;;329105.838;36603.92;278204.887;30942.6;249549.76;32531.58;66808.852;37281.053;80144.241;46366.857;230601.003;18948.758;Demais serviços;Administração, defesa, educação e saúde públicas e seguridade social;Pecuária, inclusive apoio à pecuária
4;Sul;41;PR;Paraná;4110003;Iguaraçu;False;;;;;;;;;;;;267157.99;50048.33;234416.37;43914.64;212504.794;47487.1;77655.798;18293.284;69053.312;32693.492;197695.886;14808.909;Demais serviços;Agricultura, inclusive apoio à agricultura e a pós colheita;Administração, defesa, educação e saúde públicas e seguridade social
4;Sul;41;PR;Paraná;4110052;Iguatu;True;2023;publica;medio;todos (1-4);98.9;0.987355;264.86;281.27;4.620087;4.6;;94790.95;44212.2;90839.051;42368.96;83996.237;37315.08;38941.884;4562.23;18868.172;17460.416;79832.702;4163.535;Agricultura, inclusive apoio à agricultura e a pós colheita;Administração, defesa, educação e saúde públicas e seguridade social;Demais serviços
4;Sul;41;PR;Paraná;4110078;Imbaú;True;2023;publica;medio;todos (1-4);97.1;0.972385;255.67;264.48;4.239666;4.1;;320470.89;22490.76;295776.45;20757.7;276155.718;20533.55;48196.875;34663.363;101770.875;64956.818;249587.931;26567.787;Demais serviços;Administração, defesa, educação e saúde públicas e seguridade social;Comércio e reparação de veículos automotores e motocicletas
4;Sul;41;PR;Paraná;4110102;Imbituva;True;2023;publica;medio;todos (1-4);96.8;0.970356;287.34;294.47;5.133422;5.0;;1503417.717;50241.2;1356418.318;45328.78;1290790.08;38755.48;361453.335;261987.891;404752.033;151012.872;1179206.131;111583.949;Agricultura, inclusive apoio à agricultura e a pós colheita;Demais serviços;Indústrias de transformação
4;Sul;41;PR;Paraná;4110201;Inácio Martins;True;2023;publica;medio;todos (1-4);92.7;0.929104;277.71;283.53;4.834397;4.5;;249949.243;25847.91;250999.605;25956.53;265709.397;23901.18;101217.379;34417.028;54552.798;55580.891;245768.097;19941.3;Produção florestal, pesca e aquicultura;Administração, defesa, educação e saúde públicas e seguridade social;Demais serviços
4;Sul;41;PR;Paraná;4110300;Inajá;True;2023;publica;medio;todos (1-4);100.0;1.0;284.22;304.36;5.237656;5.2;;76239.164;30062.76;55662.292;21948.85;58312.051;18677.79;20995.736;2258.946;13147.346;18964.627;55366.655;2945.396;Administração, defesa, educação e saúde públicas e seguridade social;Agricultura, inclusive apoio à agricultura e a pós colheita;Demais serviços
4;Sul;41;PR;Paraná;4110409;Indianópolis;True;2023;publica;medio;todos (1-4);86.1;0.83211;261.29;260.92;4.265306;3.5;;772540.182;173682.59;687610.6;154588.71;507444.081;113471.4;41809.582;262115.769;130384.944;27926.099;462236.394;45207.687;Indústrias de transformação;Demais serviços;Administração, defesa, educação e saúde públicas e seguridade social
4;Sul;41;PR;Paraná;4110508;Ipiranga;True;2023;publica;medio;todos (1-4);98.5;0.984951;282.39;289.82;4.994289;4.9;;776103.694;54879.34;826430.835;58438.05;615189.596;40137.64;294454.959;51815.606;150993.278;77136.021;574399.865;40789.731;Agricultura, inclusive apoio à agricultura e a pós colheita;Demais serviços;Administração, defesa, educação e saúde públicas e seguridade social
4;Sul;41;PR;Paraná;4110607;Iporã;True;2023;publica;medio;todos (1-4);94.0;0.951322;270.18;275.84;4.613518;4.4;;850007.477;53982.44;537987.85;34166.64;597061.644;43766.43;238910.981;60745.49;183915.597;74022.332;557594.4;39467.244;Agricultura, inclusive apoio à agricultura e a pós colheita;Demais serviços;Administração, defesa, educação e saúde públicas e seguridade social
4;Sul;41;PR;Paraná;4110656;Iracema do Oeste;True;2023;publica;medio;todos (1-4);96.8;0.937359;279.51;269.1;4.64366;4.4;;126065.431;53805.14;84703.224;36151.61;194365.944;87710.26;124698.872;6051.165;37050.821;17442.853;185243.712;9122.232;Agricultura, inclusive apoio à agricultura e a pós colheita;Demais serviços;Administração, defesa, educação e saúde públicas e seguridade social
4;Sul;41;PR;Paraná;4110706;Irati;True;2023;publica;medio;todos (1-4);91.2;0.932248;291.11;295.83;5.206731;4.9;;2816144.413;47529.86;2539166.58;42855.13;2286210.966;37211.07;504800.157;267646.437;938753.706;272815.816;1984016.116;302194.849;Demais serviços;Agricultura, inclusive apoio à agricultura e a pós colheita;Comércio e reparação de veículos automotores e motocicletas
4;Sul;41;PR;Paraná;4110805;Iretama;True;2023;publica;medio;todos (1-4);98.9;0.990657;277.87;285.38;4.864338;4.8;;409528.021;38330.96;363402.119;34013.68;354163.214;35313.91;135313.204;13045.366;124125.711;57769.198;330253.48;23909.734;Demais serviços;Agricultura, inclusive apoio à agricultura e a pós colheita;Administração, defesa, educação e saúde públicas e seguridade social
4;Sul;41;PR;Paraná;4110904;Itaguajé;True;2023;publica;medio;todos (1-4);100.0;1.0;256.51;277.2;4.441883;4.4;;164294.738;36664.75;127181.379;28382.37;121777.881;27514.21;53336.125;4008.051;30081.049;28037.446;115462.671;6315.211;Administração, defesa, educação e saúde públicas e seguridade social;Demais serviços;Produção florestal, pesca e aquicultura
4;Sul;41;PR;Paraná;4110953;Itaipulândia;True;2023;publica;medio;todos (1-4);95.8;0.960785;301.52;306.18;5.507879;5.3;;566775.591;49349.2;508136.596;44243.5;524784.16;45286.86;149413.147;99156.343;142583.252;93126.263;484279.004;40505.156;Demais serviços;Agricultura, inclusive apoio à agricultura e a pós colheita;Administração, defesa, educação e saúde públicas e seguridade social
4;Sul;41;PR;Paraná;4111001;Itambaracá;True;2023;publica;medio;todos (1-4);95.3;0.958991;253.23;257.42;4.099708;3.9;;279453.255;47300.82;261669.504;44290.71;223621.876;34318.89;106051.234;19059.898;52653.927;33894.754;211659.813;11962.063;Agricultura, inclusive apoio à agricultura e a pós colheita;Demais serviços;Administração, defesa, educação e saúde públicas e seguridade social
4;Sul;41;PR;Paraná;4111100;Itambé;True;2023;publica;medio;todos (1-4);97.6;0.97452;284.59;293.05;5.073541;4.9;;276022.49;45168.14;185268.446;30317.21;228333.062;37370.39;98248.649;10989.609;69346.596;34396.079;212980.933;15352.129;Agricultura, inclusive apoio à agricultura e a pós colheita;Demais serviços;Administração, defesa, educação e saúde públicas e seguridade social
4;Sul;41;PR;Paraná;4111209;Itapejara d'Oeste;True;2023;publica;medio;todos (1-4);98.5;0.985802;272.19;271.17;4.571839;4.5;;970545.41;78624.87;899902.19;72901.99;753013.97;61621.44;173751.3;195557.387;247352.214;60656.535;677317.437;75696.533;Demais serviços;Indústrias de transformação;Agricultura, inclusive apoio à agricultura e a pós colheita
4;Sul;41;PR;Paraná;4111258;Itaperuçu;True;2023;publica;medio;todos (1-4);92.8;0.945541;259.76;267.73;4.345763;4.1;;799717.726;25618.02;679360.999;21762.53;626927.443;21256.82;53164.773;128697.735;247632.654;133056.578;562551.74;64375.703;Demais serviços;Administração, defesa, educação e saúde públicas e seguridade social;Comércio e reparação de veículos automotores e motocicletas
4;Sul;41;PR;Paraná;4111308;Itaúna do Sul;True;2023;publica;medio;todos (1-4);100.0;1.0;244.25;252.55;3.90068;3.9;;151824.849;42504.16;124605.183;34883.87;87749.678;32499.88;14294.607;8834.166;35779.07;18500.886;77408.728;10340.95;Demais serviços;Administração, defesa, educação e saúde públicas e seguridade social;Comércio e reparação de veículos automotores e motocicletas
4;Sul;41;PR;Paraná;4111407;Ivaí;True;2023;publica;medio;todos (1-4);97.8;0.978223;283.87;283.09;4.914327;4.8;;711072.742;53751.06;479720.493;36262.79;497706.998;35426.51;215149.372;69084.831;118415.076;61000.878;463650.156;34056.842;Agricultura, inclusive apoio à agricultura e a pós colheita;Demais serviços;Administração, defesa, educação e saúde públicas e seguridade social
4;Sul;41;PR;Paraná;4111506;Ivaiporã;True;2023;publica;medio;todos (1-4);97.9;0.97658;277.76;290.15;4.934201;4.8;;1142266.373;34910.34;1011289.838;30907.39;947820.979;29725.3;148004.498;52882.106;504900.481;153084.96;858872.045;88948.934;Demais serviços;Administração, defesa, educação e saúde públicas e seguridade social;Comércio e reparação de veículos automotores e motocicletas
4;Sul;41;PR;Paraná;4111555;Ivaté;True;2023;publica;medio;todos (1-4);98.3;0.983187;274.18;279.87;4.730028;4.7;;280429.774;41052.52;208640.033;30543.12;203929.737;24587.62;46070.438;42338.183;58861.252;43275.204;190545.077;13384.661;Demais serviços;Administração, defesa, educação e saúde públicas e seguridade social;Agricultura, inclusive apoio à agricultura e a pós colheita
4;Sul;41;PR;Paraná;4111605;Ivatuba;True;2023;publica;medio;todos (1-4);100.0;1.0;283.88;285.49;4.950395;5.0;;167214.759;61748.43;123020.688;45428.61;143593.268;43526.3;49910.866;4429.044;60017.402;20649.141;135006.454;8586.815;Agricultura, inclusive apoio à agricultura e a pós colheita;Demais serviços;Administração, defesa, educação e saúde públicas e seguridade social
4;Sul;41;PR;Paraná;4111704;Jaboti;True;2023;publica;medio;todos (1-4);100.0;1.0;286.07;289.74;5.044776;5.0;;156575.521;28851.21;159159.185;29327.29;160051.166;30017.1;79037.792;7861.433;37426.455;28440.849;152766.529;7284.637;Agricultura, inclusive apoio à agricultura e a pós colheita;Demais serviços;Administração, defesa, educação e saúde públicas e seguridade social
4;Sul;41;PR;Paraná;4111803;Jacarezinho;True;2023;publica;medio;todos (1-4);94.8;0.995986;261.47;271.05;4.41948;4.4;;1956993.425;48470.43;1804412.235;44691.32;1598028.734;40695.45;176805.441;420021.706;637063.087;198992.165;1432882.398;165146.336;Demais serviços;Indústrias de transformação;Administração, defesa, educação e saúde públicas e seguridade social
4;Sul;41;PR;Paraná;4111902;Jaguapitã;True;2023;publica;medio;todos (1-4);95.0;0.965412;266.27;268.93;4.45516;4.3;;1452483.418;96051.01;1281632.415;84752.84;1049381.706;75707.5;154968.882;382479.966;324992.915;76075.87;938517.634;110864.072;Indústrias de transformação;Demais serviços;Agricultura, inclusive apoio à agricultura e a pós colheita
4;Sul;41;PR;Paraná;4112009;Jaguariaíva;True;2023;publica;medio;todos (1-4);98.7;0.98493;272.22;282.55;4.742619;4.7;;2062534.661;58693.11;1910121.886;54355.93;1788852.542;50831.23;238686.142;646481.5;421478.446;182516.627;1489162.715;299689.827;Indústrias de transformação;Demais serviços;Administração, defesa, educação e saúde públicas e seguridade social
4;Sul;41;PR;Paraná;4112108;Jandaia do Sul;True;2023;publica;medio;todos (1-4);99.5;0.995979;269.49;280.42;4.67239;4.7;;962904.172;44978.71;877358.225;40982.73;790155.332;37129.61;64850.837;142219.981;356678.031;109026.273;672775.122;117380.21;Demais serviços;Administração, defesa, educação e saúde públicas e seguridade social;Comércio e reparação de veículos automotores e motocicletas
4;Sul;41;PR;Paraná;4112207;Janiópolis;True;2023;publica;medio;todos (1-4);97.3;0.969195;278.16;275.91;4.726645;4.6;;336925.472;57397.87;209418.638;35676.09;241935.564;48895.63;128426.21;8130.67;61262.607;31765.263;229584.75;12350.814;Agricultura, inclusive apoio à agricultura e a pós colheita;Demais serviços;Administração, defesa, educação e saúde públicas e seguridade social
4;Sul;41;PR;Paraná;4112306;Japira;True;2023;publica;medio;todos (1-4);100.0;1.0;269.21;275.98;4.601991;4.6;;169939.686;34179.34;180934.735;36390.74;163418.385;33154.47;101140.542;5238.352;22968.522;28864.809;158212.225;5206.159;Agricultura, inclusive apoio à agricultura e a pós colheita;Pecuária, inclusive apoio à pecuária;Administração, defesa, educação e saúde públicas e seguridade social
4;Sul;41;PR;Paraná;4112405;Japurá;True;2023;publica;medio;todos (1-4);95.5;0.954991;283.03;276.42;4.802679;4.6;;441907.453;48327.59;363801.146;39785.78;321177.772;33550.38;67079.557;43049.38;123927.017;47534.988;281590.943;39586.828;Demais serviços;Administração, defesa, educação e saúde públicas e seguridade social;Agricultura, inclusive apoio à agricultura e a pós colheita
4;Sul;41;PR;Paraná;4112504;Jardim Alegre;True;2023;publica;medio;todos (1-4);100.0;1.0;274.04;277.3;4.689588;4.7;;424449.093;35358.97;381423.958;31774.74;374098.815;33803.09;107821.129;31739.278;145535.133;57503.992;342599.531;31499.284;Demais serviços;Agricultura, inclusive apoio à agricultura e a pós colheita;Comércio e reparação de veículos automotores e motocicletas
4;Sul;41;PR;Paraná;4112603;Jardim Olinda;False;;;;;;;;;;;;78978.799;58807.74;52758.109;39283.77;57043.743;43578.11;27926.955;5196.581;8700.265;12086.102;53909.902;3133.84;Agricultura, inclusive apoio à agricultura e a pós colheita;Administração, defesa, educação e saúde públicas e seguridade social;Pecuária, inclusive apoio à pecuária
4;Sul;41;PR;Paraná;4112702;Jataizinho;True;2023;publica;medio;todos (1-4);96.2;0.962914;257.44;257.68;4.16273;4.0;;301470.024;25520.19;302622.489;25617.75;282675.897;22280.75;62926.957;23121.083;103677.254;71168.083;260893.377;21782.52;Demais serviços;Administração, defesa, educação e saúde públicas e seguridade social;Agricultura, inclusive apoio à agricultura e a pós colheita
4;Sul;41;PR;Paraná;4112751;Jesuítas;True;2023;publica;medio;todos (1-4);100.0;1.0;279.9;289.31;4.951682;5.0;;556585.94;52977.91;433042.495;41218.59;441971.667;53565.83;150715.95;71730.011;134482.154;46752.389;403680.505;38291.161;Demais serviços;Agricultura, inclusive apoio à agricultura e a pós colheita;Pecuária, inclusive apoio à pecuária
4;Sul;41;PR;Paraná;4112801;Joaquim Távora;True;2023;publica;medio;todos (1-4);99.7;0.997656;309.48;306.91;5.630605;5.6;;872245.893;73021.84;846959.566;70904.94;680976.769;56241.89;78487.632;225949.861;242114.923;61402.868;607955.286;73021.484;Indústrias de transformação;Demais serviços;Administração, defesa, educação e saúde públicas e seguridade social
4;Sul;41;PR;Paraná;4112900;Jundiaí do Sul;True;2023;publica;medio;todos (1-4);100.0;1.0;276.17;263.98;4.520103;4.5;;157361.134;47213.06;162325.251;48702.45;128060.072;39427.36;80431.452;4458.713;18033.626;21197.904;124121.696;3938.376;Agricultura, inclusive apoio à agricultura e a pós colheita;Administração, defesa, educação e saúde públicas e seguridade social;Pecuária, inclusive apoio à pecuária
4;Sul;41;PR;Paraná;4112959;Juranda;True;2023;publica;medio;todos (1-4);90.4;0.906838;283.62;288.44;4.990905;4.5;;497086.538;63966.87;406996.153;52373.72;440930.587;60868.39;196901.353;18487.119;151211.072;38579.258;405178.803;35751.784;Agricultura, inclusive apoio à agricultura e a pós colheita;Demais serviços;Comércio e reparação de veículos automotores e motocicletas
4;Sul;41;PR;Paraná;4113007;Jussara;True;2023;publica;medio;todos (1-4);90.5;0.910474;281.95;290.68;5.000983;4.6;;370464.609;55375.88;376560.476;56287.07;405133.1;57311.23;72620.559;77981.856;167351.382;43887.274;361841.071;43292.03;Demais serviços;Comércio e reparação de veículos automotores e motocicletas;Indústrias de transformação
4;Sul;41;PR;Paraná;4113106;Kaloré;True;2023;publica;medio;todos (1-4);100.0;1.0;286.28;276.94;4.856109;4.9;;201236.29;43918.88;154886.175;33803.18;165649.93;41453.94;69413.653;8029.929;52171.486;25149.299;154764.367;10885.563;Agricultura, inclusive apoio à agricultura e a pós colheita;Demais serviços;Administração, defesa, educação e saúde públicas e seguridade social
4;Sul;41;PR;Paraná;4113205;Lapa;True;2023;publica;medio;todos (1-4);99.3;0.994727;274.12;277.68;4.6964;4.7;;2647565.699;58830.87;2541265.841;56468.81;2841178.919;58399.19;520134.711;924291.464;870208.992;241809.576;2556444.744;284734.175;Indústrias de transformação;Demais serviços;Agricultura, inclusive apoio à agricultura e a pós colheita
4;Sul;41;PR;Paraná;4113254;Laranjal;True;2023;publica;medio;todos (1-4);99.5;0.995629;273.77;272.94;4.620527;4.6;;125483.191;22407.71;111089.245;19837.37;113016.057;19761.51;54581.171;3015.16;21080.352;29346.9;108023.584;4992.473;Pecuária, inclusive apoio à pecuária;Administração, defesa, educação e saúde públicas e seguridade social;Agricultura, inclusive apoio à agricultura e a pós colheita
4;Sul;41;PR;Paraná;4113304;Laranjeiras do Sul;True;2023;publica;medio;todos (1-4);93.4;0.943816;300.87;303.29;5.455486;5.1;;1230923.929;38195.42;1125233.937;34915.88;1027729.173;31949.8;189234.256;110913.615;465797.963;151571.56;917517.394;110211.778;Demais serviços;Comércio e reparação de veículos automotores e motocicletas;Administração, defesa, educação e saúde públicas e seguridade social
4;Sul;41;PR;Paraná;4113403;Leópolis;True;2023;publica;medio;todos (1-4);97.2;0.957311;262.09;262.96;4.307081;4.1;;226118.022;60266.0;184672.8;49219.83;227372.252;58360.43;149004.017;7564.791;36126.445;26193.073;218888.326;8483.926;Agricultura, inclusive apoio à agricultura e a pós colheita;Demais serviços;Administração, defesa, educação e saúde públicas e seguridade social
4;Sul;41;PR;Paraná;4113429;Lidianópolis;True;2023;publica;medio;todos (1-4);100.0;1.0;272.63;271.34;4.580563;4.6;;146836.824;37287.16;128152.953;32542.65;125681.099;39835.53;57066.944;5246.318;34376.689;21817.568;118507.52;7173.579;Agricultura, inclusive apoio à agricultura e a pós colheita;Demais serviços;Administração, defesa, educação e saúde públicas e seguridade social
4;Sul;41;PR;Paraná;4113452;Lindoeste;True;2023;publica;medio;todos (1-4);97.3;0.9726;268.3;264.52;4.417653;4.3;;249057.3;48127.01;232240.426;44877.38;200870.941;44757.34;83129.679;10495.82;61164.484;30975.376;185765.36;15105.581;Agricultura, inclusive apoio à agricultura e a pós colheita;Demais serviços;Administração, defesa, educação e saúde públicas e seguridade social
4;Sul;41;PR;Paraná;4113502;Loanda;True;2023;publica;medio;todos (1-4);99.2;0.994666;266.85;276.95;4.583366;4.6;;909384.486;39155.41;746615.632;32147.07;697949.589;29835.83;68565.789;149006.225;295961.336;110714.411;624247.76;73701.829;Demais serviços;Indústrias de transformação;Administração, defesa, educação e saúde públicas e seguridade social
4;Sul;41;PR;Paraná;4113601;Lobato;False;;;;;;;;;;;;333368.278;72455.61;264716.605;57534.58;215563.727;44446.13;64968.695;39903.178;63501.31;29829.641;198202.824;17360.904;Agricultura, inclusive apoio à agricultura e a pós colheita;Demais serviços;Indústrias de transformação
4;Sul;41;PR;Paraná;4113700;Londrina;True;2023;publica;medio;todos (1-4);96.0;0.967626;279.82;288.83;4.943373;4.8;;27999537.379;50362.05;26215153.816;47154.9;23603697.769;40635.08;529678.345;4346561.46;12880750.275;2807272.707;20564262.786;3039434.983;Demais serviços;Comércio e reparação de veículos automotores e motocicletas;Administração, defesa, educação e saúde públicas e seguridade social
4;Sul;41;PR;Paraná;4113734;Luiziana;True;2023;publica;medio;todos (1-4);100.0;1.0;266.92;271.04;4.495876;4.5;;599341.015;89587.6;479630.935;71693.71;546858.495;75773.66;333019.971;16282.168;122440.993;43414.754;515157.885;31700.609;Agricultura, inclusive apoio à agricultura e a pós colheita;Demais serviços;Comércio e reparação de veículos automotores e motocicletas
4;Sul;41;PR;Paraná;4113759;Lunardelli;True;2023;publica;medio;todos (1-4);100.0;1.0;271.56;266.82;4.497871;4.5;;147289.656;30231.87;126036.921;25869.65;142209.83;30289.63;63874.874;5932.875;37935.99;27192.64;134936.379;7273.452;Agricultura, inclusive apoio à agricultura e a pós colheita;Demais serviços;Administração, defesa, educação e saúde públicas e seguridade social
4;Sul;41;PR;Paraná;4113809;Lupionópolis;True;2023;publica;medio;todos (1-4);84.5;0.852747;270.49;272.1;4.561884;3.9;;164845.924;34250.14;144262.385;29973.49;131497.619;26463.6;35067.504;8805.528;47726.847;29385.908;120985.787;10511.832;Demais serviços;Administração, defesa, educação e saúde públicas e seguridade social;Agricultura, inclusive apoio à agricultura e a pós colheita
4;Sul;41;PR;Paraná;4113908;Mallet;True;2023;publica;medio;todos (1-4);97.7;0.975613;297.27;292.06;5.23681;5.1;;973316.236;72484.08;853261.788;63543.48;758396.598;55369.54;207590.393;243266.263;162104.158;70817.071;683777.884;74618.714;Indústrias de transformação;Agricultura, inclusive apoio à agricultura e a pós colheita;Demais serviços
4;Sul;41;PR;Paraná;4114005;Mamborê;True;2023;publica;medio;todos (1-4);99.2;0.991951;268.98;273.0;4.55415;4.5;;859221.279;63873.13;786902.352;58497.05;793176.968;61486.59;378549.858;31893.799;245117.526;77961.906;733523.089;59653.88;Agricultura, inclusive apoio à agricultura e a pós colheita;Demais serviços;Comércio e reparação de veículos automotores e motocicletas
4;Sul;41;PR;Paraná;4114104;Mandaguaçu;True;2023;publica;medio;todos (1-4);95.9;0.959586;266.64;270.12;4.478171;4.3;;995409.852;31643.51;808909.305;25714.76;687732.583;29424.23;140404.401;75551.796;294945.223;113989.535;624890.954;62841.628;Demais serviços;Administração, defesa, educação e saúde públicas e seguridade social;Agricultura, inclusive apoio à agricultura e a pós colheita
4;Sul;41;PR;Paraná;4114203;Mandaguari;True;2023;publica;medio;todos (1-4);97.1;0.970736;276.1;276.54;4.707144;4.6;;2916499.996;79434.03;2636921.857;71819.42;1835705.759;53012.18;248432.14;553040.216;584090.923;180325.411;1565888.69;269817.068;Indústrias de transformação;Demais serviços;Administração, defesa, educação e saúde públicas e seguridade social
4;Sul;41;PR;Paraná;4114302;Mandirituba;True;2023;publica;medio;todos (1-4);97.6;0.977855;279.47;281.96;4.835613;4.7;;801432.662;29207.79;729769.544;26600.92;665013.361;23964.45;90686.437;123104.472;240245.097;139851.306;593887.311;71126.05;Demais serviços;Administração, defesa, educação e saúde públicas e seguridade social;Indústrias de transformação
4;Sul;41;PR;Paraná;4114351;Manfrinópolis;True;2023;publica;medio;todos (1-4);100.0;1.0;284.84;290.1;5.03289;5.0;;104399.309;37689.28;78196.205;28229.68;81471.745;33362.71;47357.207;3650.69;9665.876;17249.636;77923.408;3548.336;Pecuária, inclusive apoio à pecuária;Administração, defesa, educação e saúde públicas e seguridade social;Agricultura, inclusive apoio à agricultura e a pós colheita
4;Sul;41;PR;Paraná;4114401;Mangueirinha;True;2023;publica;medio;todos (1-4);95.1;0.95243;280.36;276.3;4.763382;4.5;;1869714.524;112613.05;1719811.464;103584.38;1773267.653;107003.84;345649.903;931336.509;321097.929;102783.141;1700867.482;72400.171;Eletricidade e gás, água, esgoto, atividades de gestão de resíduos e descontaminação;Agricultura, inclusive apoio à agricultura e a pós colheita;Demais serviços
4;Sul;41;PR;Paraná;4114500;Manoel Ribas;True;2023;publica;medio;todos (1-4);99.8;0.998493;299.73;297.03;5.345762;5.3;;656196.29;46081.2;633793.349;44507.96;531488.432;39320.0;210342.506;19582.051;189392.852;68739.329;488056.738;43431.694;Agricultura, inclusive apoio à agricultura e a pós colheita;Demais serviços;Comércio e reparação de veículos automotores e motocicletas
4;Sul;41;PR;Paraná;4114609;Marechal Cândido Rondon;True;2023;publica;medio;todos (1-4);97.8;0.984023;289.52;290.44;5.103711;5.0;;3919007.285;70187.82;3631243.645;65034.09;2923748.758;54112.43;402857.764;596750.766;1159065.479;316082.718;2474756.726;448992.032;Demais serviços;Indústrias de transformação;Administração, defesa, educação e saúde públicas e seguridade social
4;Sul;41;PR;Paraná;4114708;Maria Helena;True;2023;publica;medio;todos (1-4);92.6;0.93099;286.42;287.34;5.013764;4.7;;176407.211;30077.96;138583.792;23628.95;134442.814;24037.69;62157.955;8429.36;27083.117;30379.879;128050.31;6392.503;Agricultura, inclusive apoio à agricultura e a pós colheita;Administração, defesa, educação e saúde públicas e seguridade social;Pecuária, inclusive apoio à pecuária
4;Sul;41;PR;Paraná;4114807;Marialva;True;2023;publica;medio;todos (1-4);95.3;0.967413;279.09;285.43;4.882222;4.7;;2964620.45;70837.51;2758390.382;65909.78;2654432.981;73523.89;213750.436;775745.579;1135217.764;195925.531;2320639.31;333793.671;Indústrias de transformação;Demais serviços;Comércio e reparação de veículos automotores e motocicletas
4;Sul;41;PR;Paraná;4114906;Marilândia do Sul;True;2023;publica;medio;todos (1-4);93.2;0.945761;276.65;288.42;4.892713;4.6;;510268.194;58806.98;494279.608;56964.34;466433.33;53045.98;248064.419;21508.931;120930.809;45343.39;435847.55;30585.781;Agricultura, inclusive apoio à agricultura e a pós colheita;Demais serviços;Administração, defesa, educação e saúde públicas e seguridade social
4;Sul;41;PR;Paraná;4115002;Marilena;True;2023;publica;medio;todos (1-4);97.4;0.97654;272.66;279.04;4.696254;4.6;;237236.998;32708.81;210881.684;29075.1;174490.253;24600.35;60446.078;18340.987;48707.13;36464.691;163958.885;10531.368;Pecuária, inclusive apoio à pecuária;Demais serviços;Administração, defesa, educação e saúde públicas e seguridade social
4;Sul;41;PR;Paraná;4115101;Mariluz;True;2023;publica;medio;todos (1-4);96.3;0.971212;267.92;262.96;4.388963;4.3;;403956.783;41023.34;257422.771;26142.25;284358.876;27535.48;122509.793;20163.143;75141.982;49974.045;267788.963;16569.913;Agricultura, inclusive apoio à agricultura e a pós colheita;Demais serviços;Administração, defesa, educação e saúde públicas e seguridade social
4;Sul;41;PR;Paraná;4115200;Maringá;True;2023;publica;medio;todos (1-4);95.2;0.964928;281.51;290.14;4.98672;4.8;;27817345.988;67903.99;26668371.652;65099.27;22655737.622;51906.51;172760.514;3810258.586;12773898.453;2276662.787;19033580.34;3622157.282;Demais serviços;Comércio e reparação de veículos automotores e motocicletas;Administração, defesa, educação e saúde públicas e seguridade social
4;Sul;41;PR;Paraná;4115309;Mariópolis;True;2023;publica;medio;todos (1-4);92.0;0.926199;298.55;289.88;5.222153;4.8;;554033.71;86961.81;630785.381;99008.85;439910.968;66102.32;201466.939;25949.307;130515.323;37733.931;395665.5;44245.468;Agricultura, inclusive apoio à agricultura e a pós colheita;Pecuária, inclusive apoio à pecuária;Demais serviços
4;Sul;41;PR;Paraná;4115358;Maripá;True;2023;publica;medio;todos (1-4);99.4;0.994609;309.03;292.71;5.411709;5.4;;535683.462;81721.35;373085.024;56916.1;478110.087;85960.1;221211.443;46594.053;130832.009;39773.152;438410.657;39699.43;Agricultura, inclusive apoio à agricultura e a pós colheita;Demais serviços;Pecuária, inclusive apoio à pecuária
4;Sul;41;PR;Paraná;4115408;Marmeleiro;True;2023;publica;medio;todos (1-4);99.3;0.995181;279.64;288.65;4.93815;4.9;;738402.903;46437.51;644725.64;40546.23;635103.979;44083.01;188979.405;57230.607;237898.313;79632.933;563741.258;71362.721;Demais serviços;Agricultura, inclusive apoio à agricultura e a pós colheita;Comércio e reparação de veículos automotores e motocicletas
4;Sul;41;PR;Paraná;4115457;Marquinho;True;2023;publica;medio;todos (1-4);96.2;0.966914;280.68;282.1;4.854703;4.7;;134982.203;29896.39;126058.015;27988.01;111453.673;26022.34;60201.594;3717.726;18454.262;24263.52;106637.102;4816.571;Pecuária, inclusive apoio à pecuária;Agricultura, inclusive apoio à agricultura e a pós colheita;Administração, defesa, educação e saúde públicas e seguridade social
4;Sul;41;PR;Paraná;4115507;Marumbi;True;2023;publica;medio;todos (1-4);99.0;0.989101;267.69;280.16;4.643217;4.6;;134313.245;28583.37;108801.967;23154.28;103450.896;22123.8;41168.256;3657.727;25662.564;27160.214;97648.761;5802.135;Agricultura, inclusive apoio à agricultura e a pós colheita;Administração, defesa, educação e saúde públicas e seguridade social;Demais serviços
4;Sul;41;PR;Paraná;4115606;Matelândia;True;2023;publica;medio;todos (1-4);93.0;0.933962;280.56;284.59;4.890293;4.6;;1440814.615;78092.93;1288278.144;69825.37;1096365.724;60022.21;240536.166;350087.672;282710.37;100837.893;974172.101;122193.623;Indústrias de transformação;Demais serviços;Agricultura, inclusive apoio à agricultura e a pós colheita
4;Sul;41;PR;Paraná;4115705;Matinhos;True;2023;publica;medio;todos (1-4);96.6;0.974498;273.29;288.24;4.842827;4.7;;1148204.622;29246.91;1000497.631;25484.54;892231.734;24988.99;2137.557;100642.748;495948.012;222353.205;821081.522;71150.211;Demais serviços;Administração, defesa, educação e saúde públicas e seguridade social;Comércio e reparação de veículos automotores e motocicletas
4;Sul;41;PR;Paraná;4115739;Mato Rico;True;2023;publica;medio;todos (1-4);100.0;1.0;278.81;289.98;4.946403;4.9;;157347.724;48162.76;131490.869;40248.2;123186.692;39206.46;75501.135;3829.611;16205.751;24050.735;119587.232;3599.459;Agricultura, inclusive apoio à agricultura e a pós colheita;Administração, defesa, educação e saúde públicas e seguridade social;Demais serviços
4;Sul;41;PR;Paraná;4115754;Mauá da Serra;True;2023;publica;medio;todos (1-4);99.6;0.996973;273.33;291.53;4.89264;4.9;;527212.083;56188.01;544204.651;57999.0;373698.444;33991.13;79540.053;84767.252;110491.857;55487.846;330287.009;43411.435;Demais serviços;Agricultura, inclusive apoio à agricultura e a pós colheita;Indústrias de transformação
4;Sul;41;PR;Paraná;4115804;Medianeira;True;2023;publica;medio;todos (1-4);95.9;0.968315;291.8;296.23;5.22241;5.1;;3007596.291;55318.22;2644510.101;48640.04;2442039.62;52024.7;204567.128;649313.719;1028149.783;232620.965;2114651.595;327388.025;Demais serviços;Indústrias de transformação;Comércio e reparação de veículos automotores e motocicletas
4;Sul;41;PR;Paraná;4115853;Mercedes;True;2023;publica;medio;todos (1-4);95.6;0.961751;299.96;315.88;5.631178;5.4;;311868.781;52582.83;262523.608;44262.96;278211.31;49530.23;90973.858;22879.984;92503.373;42854.591;249211.807;28999.503;Demais serviços;Agricultura, inclusive apoio à agricultura e a pós colheita;Administração, defesa, educação e saúde públicas e seguridade social
4;Sul;41;PR;Paraná;4115903;Mirador;True;2023;publica;medio;todos (1-4);96.4;0.958755;247.92;260.0;4.063752;3.9;;178999.342;79981.83;125966.676;56285.38;126634.554;58089.25;82064.005;6844.667;15335.656;18226.397;122470.726;4163.829;Pecuária, inclusive apoio à pecuária;Agricultura, inclusive apoio à agricultura e a pós colheita;Administração, defesa, educação e saúde públicas e seguridade social
4;Sul;41;PR;Paraná;4116000;Miraselva;True;2023;publica;medio;todos (1-4);100.0;1.0;241.96;239.31;3.670314;3.7;;69393.856;35296.98;61314.063;31187.21;52323.939;29296.72;21784.399;1444.433;11508.199;15451.803;50188.834;2135.105;Administração, defesa, educação e saúde públicas e seguridade social;Agricultura, inclusive apoio à agricultura e a pós colheita;Demais serviços
4;Sul;41;PR;Paraná;4116059;Missal;True;2023;publica;medio;todos (1-4);94.4;0.954728;293.35;287.27;5.110048;4.9;;496708.391;44894.11;431521.007;39002.26;466419.767;43566.2;189916.76;25758.252;139273.119;76439.027;431387.158;35032.608;Agricultura, inclusive apoio à agricultura e a pós colheita;Demais serviços;Pecuária, inclusive apoio à pecuária
4;Sul;41;PR;Paraná;4116109;Moreira Sales;True;2023;publica;medio;todos (1-4);91.8;0.912015;260.5;269.71;4.385797;4.0;;382098.401;34192.25;271903.469;24331.41;306144.078;25584.5;107787.585;16409.63;98335.733;65107.653;287640.601;18503.476;Demais serviços;Agricultura, inclusive apoio à agricultura e a pós colheita;Administração, defesa, educação e saúde públicas e seguridade social
4;Sul;41;PR;Paraná;4116208;Morretes;True;2023;publica;medio;todos (1-4);84.0;0.884102;282.68;286.95;4.955398;4.4;;534711.882;29204.87;415708.68;22705.15;389210.593;23609.98;70267.765;31512.447;164931.193;89067.315;355778.72;33431.873;Demais serviços;Administração, defesa, educação e saúde públicas e seguridade social;Agricultura, inclusive apoio à agricultura e a pós colheita
4;Sul;41;PR;Paraná;4116307;Munhoz de Melo;False;;;;;;;;;;;;176663.312;44713.57;147724.753;37389.21;136928.671;33943.65;78938.846;4183.208;22161.783;24846.07;130129.906;6798.765;Pecuária, inclusive apoio à pecuária;Agricultura, inclusive apoio à agricultura e a pós colheita;Administração, defesa, educação e saúde públicas e seguridade social
4;Sul;41;PR;Paraná;4116406;Nossa Senhora das Graças;False;;;;;;;;;;;;126912.839;34590.58;103727.337;28271.28;99515.465;24823.01;46101.077;2724.864;21677.223;24483.094;94986.257;4529.208;Agricultura, inclusive apoio à agricultura e a pós colheita;Administração, defesa, educação e saúde públicas e seguridade social;Demais serviços
4;Sul;41;PR;Paraná;4116505;Nova Aliança do Ivaí;True;2023;publica;medio;todos (1-4);100.0;1.0;266.36;279.41;4.61331;4.6;;71238.316;53846.04;51328.002;38796.68;51926.168;33286.01;24994.369;1713.569;9142.723;14363.228;50213.889;1712.279;Agricultura, inclusive apoio à agricultura e a pós colheita;Administração, defesa, educação e saúde públicas e seguridade social;Demais serviços
4;Sul;41;PR;Paraná;4116604;Nova América da Colina;True;2023;publica;medio;todos (1-4);94.3;0.940728;271.62;273.36;4.596617;4.3;;108097.018;32956.41;102392.359;31217.18;97599.777;28504.61;49257.854;3891.193;20505.716;19989.607;93644.37;3955.407;Agricultura, inclusive apoio à agricultura e a pós colheita;Administração, defesa, educação e saúde públicas e seguridade social;Demais serviços
4;Sul;41;PR;Paraná;4116703;Nova Aurora;True;2023;publica;medio;todos (1-4);100.0;1.0;275.22;279.72;4.742389;4.7;;1040812.716;75612.98;851560.093;61864.15;819755.13;80915.52;322643.168;94743.344;262938.689;61740.54;742065.741;77689.389;Agricultura, inclusive apoio à agricultura e a pós colheita;Demais serviços;Pecuária, inclusive apoio à pecuária
4;Sul;41;PR;Paraná;4116802;Nova Cantu;True;2023;publica;medio;todos (1-4);97.5;0.978082;283.71;289.73;5.011481;4.9;;341725.195;50327.72;334806.759;49308.8;348087.333;72112.56;191390.866;12364.558;92098.212;32818.511;328672.146;19415.187;Agricultura, inclusive apoio à agricultura e a pós colheita;Demais serviços;Administração, defesa, educação e saúde públicas e seguridade social
4;Sul;41;PR;Paraná;4116901;Nova Esperança;True;2023;publica;medio;todos (1-4);91.0;0.921619;279.25;278.16;4.775637;4.4;;1253498.273;47150.58;1085729.569;40839.93;943181.172;33610.62;162071.309;158374.962;380476.961;138361.263;839284.495;103896.677;Demais serviços;Administração, defesa, educação e saúde públicas e seguridade social;Indústrias de transformação
4;Sul;41;PR;Paraná;4116950;Nova Esperança do Sudoeste;True;2023;publica;medio;todos (1-4);86.9;0.879961;276.09;284.24;4.822273;4.2;;198769.677;35513.61;165003.997;29480.79;164792.007;32866.38;80932.841;8916.343;31936.844;30919.987;152706.016;12085.992;Pecuária, inclusive apoio à pecuária;Administração, defesa, educação e saúde públicas e seguridade social;Demais serviços
4;Sul;41;PR;Paraná;4117008;Nova Fátima;True;2023;publica;medio;todos (1-4);93.6;0.940429;257.64;268.26;4.323922;4.1;;327433.498;45319.52;356354.694;49322.45;314928.09;38784.25;114884.135;21648.983;105069.891;44555.59;286158.599;28769.492;Agricultura, inclusive apoio à agricultura e a pós colheita;Demais serviços;Administração, defesa, educação e saúde públicas e seguridade social
4;Sul;41;PR;Paraná;4117057;Nova Laranjeiras;True;2023;publica;medio;todos (1-4);97.9;0.979814;287.75;287.46;5.03424;4.9;;378371.953;31337.75;317367.166;26285.17;308283.982;26896.18;147619.519;9799.167;73863.254;57856.656;289138.595;19145.387;Pecuária, inclusive apoio à pecuária;Agricultura, inclusive apoio à agricultura e a pós colheita;Administração, defesa, educação e saúde públicas e seguridade social
4;Sul;41;PR;Paraná;4117107;Nova Londrina;True;2023;publica;medio;todos (1-4);99.6;0.99699;277.99;280.56;4.793868;4.8;;718418.014;55592.2;597027.774;46198.85;442935.123;33586.22;32686.174;84966.123;199081.295;68302.282;385035.874;57899.248;Demais serviços;Administração, defesa, educação e saúde públicas e seguridade social;Indústrias de transformação
4;Sul;41;PR;Paraná;4117206;Nova Olímpia;True;2023;publica;medio;todos (1-4);96.7;0.970776;273.63;285.47;4.806135;4.7;;132741.265;22756.95;111831.422;19172.2;109207.309;18680.69;29924.09;6947.759;34856.534;30512.226;102240.61;6966.699;Administração, defesa, educação e saúde públicas e seguridade social;Demais serviços;Agricultura, inclusive apoio à agricultura e a pós colheita
4;Sul;41;PR;Paraná;4117214;Nova Santa Bárbara;True;2023;publica;medio;todos (1-4);97.4;0.973623;259.4;261.66;4.249839;4.1;;131608.565;31455.2;128118.654;30621.09;110741.688;25729.95;39461.445;4005.321;33975.093;26451.653;103893.512;6848.176;Agricultura, inclusive apoio à agricultura e a pós colheita;Administração, defesa, educação e saúde públicas e seguridade social;Demais serviços
4;Sul;41;PR;Paraná;4117222;Nova Santa Rosa;True;2023;publica;medio;todos (1-4);97.6;0.976924;285.85;282.48;4.933004;4.8;;484275.344;58192.18;371317.493;44618.78;439747.217;52911.47;165126.968;46635.521;136683.733;47149.252;395595.474;44151.743;Demais serviços;Agricultura, inclusive apoio à agricultura e a pós colheita;Pecuária, inclusive apoio à pecuária
4;Sul;41;PR;Paraná;4117255;Nova Prata do Iguaçu;True;2023;publica;medio;todos (1-4);98.3;0.982257;277.66;281.92;4.809593;4.7;;560124.346;44107.75;413698.981;32577.29;492498.387;46726.6;213068.046;38038.065;140879.131;63495.05;455480.291;37018.096;Agricultura, inclusive apoio à agricultura e a pós colheita;Demais serviços;Pecuária, inclusive apoio à pecuária
4;Sul;41;PR;Paraná;4117271;Nova Tebas;True;2023;publica;medio;todos (1-4);100.0;1.0;282.03;293.6;5.045819;5.0;;237201.942;34638.13;220519.291;32202.0;189787.742;36136.28;91302.2;5935.999;45010.147;36980.759;179229.104;10558.638;Agricultura, inclusive apoio à agricultura e a pós colheita;Administração, defesa, educação e saúde públicas e seguridade social;Pecuária, inclusive apoio à pecuária
4;Sul;41;PR;Paraná;4117297;Novo Itacolomi;True;2023;publica;medio;todos (1-4);100.0;1.0;296.64;301.65;5.371525;5.4;;124922.572;39975.22;102120.832;32678.67;91406.773;32230.88;43906.028;5066.136;17807.413;19863.74;86643.316;4763.457;Agricultura, inclusive apoio à agricultura e a pós colheita;Administração, defesa, educação e saúde públicas e seguridade social;Demais serviços
4;Sul;41;PR;Paraná;4117305;Ortigueira;True;2023;publica;medio;todos (1-4);97.7;0.979192;276.53;282.16;4.797315;4.7;;3592270.012;148490.0;3104324.539;128320.29;2726429.788;125163.19;352475.155;1584559.429;434562.281;131231.571;2502828.437;223601.351;Indústrias de transformação;Demais serviços;Agricultura, inclusive apoio à agricultura e a pós colheita
4;Sul;41;PR;Paraná;4117404;Ourizona;True;2023;publica;medio;todos (1-4);90.5;0.914658;282.42;292.63;5.036776;4.6;;186572.952;58541.87;134870.991;42319.11;166695.524;48698.66;86416.604;5873.535;42791.05;21599.7;156680.889;10014.635;Agricultura, inclusive apoio à agricultura e a pós colheita;Demais serviços;Administração, defesa, educação e saúde públicas e seguridade social
4;Sul;41;PR;Paraná;4117453;Ouro Verde do Oeste;True;2023;publica;medio;todos (1-4);98.2;0.983159;274.39;282.17;4.767408;4.7;;297137.278;43793.26;237412.034;34990.72;318622.099;52786.96;167025.416;23467.823;69363.424;35380.176;295236.838;23385.261;Agricultura, inclusive apoio à agricultura e a pós colheita;Pecuária, inclusive apoio à pecuária;Demais serviços
4;Sul;41;PR;Paraná;4117503;Paiçandu;True;2023;publica;medio;todos (1-4);97.0;0.978041;276.54;286.64;4.864521;4.8;;1342361.599;29205.9;1183331.356;25745.86;1057696.252;25033.64;67137.498;193441.32;487452.423;203269.934;951301.176;106395.076;Demais serviços;Administração, defesa, educação e saúde públicas e seguridade social;Comércio e reparação de veículos automotores e motocicletas
4;Sul;41;PR;Paraná;4117602;Palmas;True;2023;publica;medio;todos (1-4);96.6;0.975141;274.98;278.41;4.719407;4.6;;1728162.368;35819.06;1621299.24;33604.15;1616524.984;30789.19;220121.861;439630.167;553786.724;239150.826;1452689.578;163835.406;Demais serviços;Indústrias de transformação;Administração, defesa, educação e saúde públicas e seguridade social
4;Sul;41;PR;Paraná;4117701;Palmeira;True;2023;publica;medio;todos (1-4);97.7;0.982573;283.3;285.18;4.937608;4.9;;2220002.904;65573.86;1964610.565;58030.15;1642025.795;48140.54;447201.896;291689.448;539659.85;174051.674;1452602.867;189422.928;Demais serviços;Agricultura, inclusive apoio à agricultura e a pós colheita;Indústrias de transformação
4;Sul;41;PR;Paraná;4117800;Palmital;True;2023;publica;medio;todos (1-4);99.1;0.992696;282.86;290.93;5.017507;5.0;;406780.675;31211.59;377302.228;28949.76;330836.945;25937.82;115135.353;19457.11;109375.948;63350.365;307318.776;23518.169;Demais serviços;Administração, defesa, educação e saúde públicas e seguridade social;Pecuária, inclusive apoio à pecuária
4;Sul;41;PR;Paraná;4117909;Palotina;True;2023;publica;medio;todos (1-4);98.2;0.987087;291.56;295.1;5.202123;5.1;;3698095.404;105626.67;3109763.904;88822.48;2815814.961;86937.38;447985.504;743746.977;1088131.529;175283.989;2455147.999;360666.962;Demais serviços;Indústrias de transformação;Comércio e reparação de veículos automotores e motocicletas
4;Sul;41;PR;Paraná;4118006;Paraíso do Norte;True;2023;publica;medio;todos (1-4);98.1;0.980797;267.28;280.82;4.647339;4.6;;533427.301;40273.86;406283.555;30674.49;377239.361;26545.59;42684.953;73118.984;145635.142;68852.744;330291.823;46947.538;Demais serviços;Administração, defesa, educação e saúde públicas e seguridade social;Indústrias de transformação
4;Sul;41;PR;Paraná;4118105;Paranacity;True;2023;publica;medio;todos (1-4);95.8;0.943699;270.61;276.88;4.635127;4.4;;517609.255;54160.22;361504.751;37826.17;325522.446;27858.15;62877.746;68967.948;113243.496;56616.778;301705.968;23816.478;Demais serviços;Administração, defesa, educação e saúde públicas e seguridade social;Indústrias de transformação
4;Sul;41;PR;Paraná;4118204;Paranaguá;True;2023;publica;medio;todos (1-4);93.7;0.939225;276.27;287.7;4.876597;4.6;;15291702.668;104860.51;16367621.875;112238.46;13646907.618;86714.2;16668.003;3084710.778;7071370.887;919805.83;11092555.497;2554352.121;Demais serviços;Comércio e reparação de veículos automotores e motocicletas;Indústrias de transformação
4;Sul;41;PR;Paraná;4118303;Paranapoema;True;2023;publica;medio;todos (1-4);100.0;1.0;284.92;296.55;5.130571;5.1;;88780.754;37022.83;79480.692;33144.58;92021.007;28080.87;44157.684;2354.563;21740.111;17529.008;85781.366;6239.641;Agricultura, inclusive apoio à agricultura e a pós colheita;Administração, defesa, educação e saúde públicas e seguridade social;Demais serviços
4;Sul;41;PR;Paraná;4118402;Paranavaí;True;2023;publica;medio;todos (1-4);94.9;0.949436;282.05;288.6;4.97125;4.7;;4189765.044;45540.43;3471737.225;37756.79;3179797.793;35546.74;363906.456;583753.217;1447194.348;437669.685;2832523.706;347274.087;Demais serviços;Administração, defesa, educação e saúde públicas e seguridade social;Indústrias de transformação
4;Sul;41;PR;Paraná;4118451;Pato Bragado;True;2023;publica;medio;todos (1-4);95.1;0.952555;308.71;296.09;5.457814;5.2;;269743.771;47051.07;223321.59;38953.7;243482.555;42308.0;86407.156;36130.428;59458.296;45181.984;227177.864;16304.691;Pecuária, inclusive apoio à pecuária;Demais serviços;Administração, defesa, educação e saúde públicas e seguridade social
4;Sul;41;PR;Paraná;4118501;Pato Branco;True;2023;publica;medio;todos (1-4);95.7;0.96901;292.33;294.51;5.204105;5.0;;5817896.335;63350.93;5444892.123;59289.3;4548085.634;53646.37;408865.973;744834.012;2254043.299;467787.146;3875530.43;672555.204;Demais serviços;Comércio e reparação de veículos automotores e motocicletas;Administração, defesa, educação e saúde públicas e seguridade social
4;Sul;41;PR;Paraná;4118600;Paula Freitas;True;2023;publica;medio;todos (1-4);91.3;0.911253;284.88;280.96;4.896626;4.5;;488531.529;86221.59;503282.422;88824.99;439961.842;74042.72;194528.998;24451.374;148286.723;32735.036;400002.131;39959.712;Agricultura, inclusive apoio à agricultura e a pós colheita;Comércio e reparação de veículos automotores e motocicletas;Demais serviços
4;Sul;41;PR;Paraná;4118709;Paulo Frontin;True;2023;publica;medio;todos (1-4);97.6;0.972736;277.9;282.14;4.816257;4.7;;473855.158;74705.21;462027.691;72840.56;396724.318;53481.3;202960.599;22535.124;102995.283;40792.981;369283.986;27440.332;Agricultura, inclusive apoio à agricultura e a pós colheita;Demais serviços;Produção florestal, pesca e aquicultura
4;Sul;41;PR;Paraná;4118808;Peabiru;True;2023;publica;medio;todos (1-4);99.0;0.990606;292.77;288.52;5.120614;5.1;;530692.825;39764.19;372907.711;27941.53;454228.595;32405.55;200983.393;17227.329;133372.343;70770.588;422353.652;31874.943;Agricultura, inclusive apoio à agricultura e a pós colheita;Demais serviços;Administração, defesa, educação e saúde públicas e seguridade social
4;Sul;41;PR;Paraná;4118857;Perobal;True;2023;publica;medio;todos (1-4);98.4;0.983995;263.86;263.57;4.341072;4.3;;354948.365;49373.82;242962.947;33796.49;281883.029;45509.05;142355.854;27833.024;59390.925;37063.815;266643.618;15239.411;Agricultura, inclusive apoio à agricultura e a pós colheita;Demais serviços;Administração, defesa, educação e saúde públicas e seguridade social
4;Sul;41;PR;Paraná;4118907;Pérola;True;2023;publica;medio;todos (1-4);94.8;0.960021;270.19;272.62;4.565455;4.4;;364026.037;30647.08;322089.885;27116.51;359685.256;31534.74;41699.394;127884.047;109916.939;60220.351;339720.73;19964.526;Indústrias de transformação;Demais serviços;Administração, defesa, educação e saúde públicas e seguridade social
4;Sul;41;PR;Paraná;4119004;Pérola d'Oeste;True;2023;publica;medio;todos (1-4);97.4;0.972562;281.42;300.92;5.146833;5.0;;270487.39;43479.73;175470.036;28206.08;237951.966;38182.28;100428.923;9306.671;76573.767;33318.14;219627.501;18324.465;Agricultura, inclusive apoio à agricultura e a pós colheita;Demais serviços;Administração, defesa, educação e saúde públicas e seguridade social
4;Sul;41;PR;Paraná;4119103;Piên;True;2023;publica;medio;todos (1-4);100.0;1.0;277.54;278.7;4.759704;4.8;;853225.172;62484.45;922345.545;67546.36;919728.788;70666.83;182050.236;414977.201;145383.545;69065.307;811476.288;108252.5;Indústrias de transformação;Agricultura, inclusive apoio à agricultura e a pós colheita;Demais serviços
4;Sul;41;PR;Paraná;4119152;Pinhais;True;2023;publica;medio;todos (1-4);92.3;0.934302;280.59;292.49;5.008978;4.7;;9852601.347;77567.93;8558771.071;67381.82;7962953.714;59077.62;4480.115;1783686.979;3693100.365;667410.715;6148678.173;1814275.541;Demais serviços;Comércio e reparação de veículos automotores e motocicletas;Indústrias de transformação
4;Sul;41;PR;Paraná;4119202;Pinhalão;True;2023;publica;medio;todos (1-4);100.0;1.0;272.41;277.71;4.672833;4.7;;251910.694;38365.93;280515.777;42722.48;251475.037;39771.48;137422.722;22150.962;48387.545;34322.545;242283.774;9191.263;Agricultura, inclusive apoio à agricultura e a pós colheita;Demais serviços;Administração, defesa, educação e saúde públicas e seguridade social
4;Sul;41;PR;Paraná;4119251;Pinhal de São Bento;True;2023;publica;medio;todos (1-4);100.0;1.0;286.37;291.84;5.080427;5.1;;82103.55;29736.89;62528.354;22647.0;80246.248;29265.59;30966.711;6084.031;22604.437;17227.306;76882.486;3363.762;Demais serviços;Agricultura, inclusive apoio à agricultura e a pós colheita;Administração, defesa, educação e saúde públicas e seguridade social
4;Sul;41;PR;Paraná;4119301;Pinhão;True;2023;publica;medio;todos (1-4);98.0;0.986044;277.61;282.41;4.816226;4.7;;1851108.012;61938.97;1799285.032;60204.95;1794773.096;54849.13;367395.123;960323.319;246437.535;162691.246;1736847.222;57925.873;Eletricidade e gás, água, esgoto, atividades de gestão de resíduos e descontaminação;Agricultura, inclusive apoio à agricultura e a pós colheita;Administração, defesa, educação e saúde públicas e seguridade social
4;Sul;41;PR;Paraná;4119400;Piraí do Sul;True;2023;publica;medio;todos (1-4);99.1;0.990955;266.27;276.4;4.566986;4.5;;1441276.078;60939.33;1368119.129;57851.04;1191670.094;46226.39;420693.285;276399.275;257060.425;145264.268;1099417.253;92252.841;Agricultura, inclusive apoio à agricultura e a pós colheita;Indústrias de transformação;Demais serviços
4;Sul;41;PR;Paraná;4119509;Piraquara;True;2023;publica;medio;todos (1-4);91.9;0.925097;266.89;273.92;4.538568;4.2;;1901529.26;16015.58;1691358.889;14245.42;1543846.668;13211.98;62569.594;165150.803;615590.432;513814.278;1357125.107;186721.561;Administração, defesa, educação e saúde públicas e seguridade social;Demais serviços;Comércio e reparação de veículos automotores e motocicletas
4;Sul;41;PR;Paraná;4119608;Pitanga;True;2023;publica;medio;todos (1-4);99.0;0.992201;281.42;286.94;4.937551;4.9;;1448744.092;43017.52;1371478.104;40857.93;1140789.943;38428.55;359232.036;102086.409;441483.142;148002.895;1050804.482;89985.46;Demais serviços;Agricultura, inclusive apoio à agricultura e a pós colheita;Administração, defesa, educação e saúde públicas e seguridade social
4;Sul;41;PR;Paraná;4119657;Pitangueiras;True;2023;publica;medio;todos (1-4);93.5;0.948472;295.95;310.36;5.492223;5.2;;160572.52;52715.86;154661.518;50775.28;121843.059;36944.53;62547.464;3368.573;27943.922;21537.362;115397.321;6445.738;Agricultura, inclusive apoio à agricultura e a pós colheita;Administração, defesa, educação e saúde públicas e seguridade social;Demais serviços
4;Sul;41;PR;Paraná;4119707;Planaltina do Paraná;True;2023;publica;medio;todos (1-4);100.0;1.0;282.47;276.56;4.796909;4.8;;149539.866;36741.98;115960.083;28491.42;103914.117;24273.33;31476.132;11426.077;27985.035;25925.256;96812.5;7101.616;Administração, defesa, educação e saúde públicas e seguridade social;Demais serviços;Pecuária, inclusive apoio à pecuária
4;Sul;41;PR;Paraná;4119806;Planalto;True;2023;publica;medio;todos (1-4);92.1;0.916989;295.75;289.39;5.175492;4.7;;526047.929;36597.18;407894.601;28377.25;425325.992;31776.32;145713.179;47649.129;130236.026;64199.903;387798.237;37527.755;Agricultura, inclusive apoio à agricultura e a pós colheita;Demais serviços;Administração, defesa, educação e saúde públicas e seguridade social
4;Sul;41;PR;Paraná;4119905;Ponta Grossa;True;2023;publica;medio;todos (1-4);97.6;0.980808;275.97;284.06;4.817893;4.7;;25583325.309;71387.82;23292221.312;64995.44;19490249.029;54314.9;334283.776;6532267.514;7693078.622;1685113.602;16244743.514;3245505.514;Demais serviços;Indústrias de transformação;Comércio e reparação de veículos automotores e motocicletas
4;Sul;41;PR;Paraná;4119954;Pontal do Paraná;True;2023;publica;medio;todos (1-4);89.8;0.912318;277.13;282.82;4.815622;4.4;;809708.324;26613.26;713238.43;23442.51;653317.14;22900.11;4516.918;68288.36;351069.085;176180.935;600055.298;53261.842;Demais serviços;Administração, defesa, educação e saúde públicas e seguridade social;Comércio e reparação de veículos automotores e motocicletas
4;Sul;41;PR;Paraná;4120002;Porecatu;True;2023;publica;medio;todos (1-4);99.2;0.992629;271.08;284.66;4.758195;4.7;;732948.49;63054.76;679024.354;58415.72;554196.448;44029.27;131803.333;178490.782;152261.095;65160.606;527715.817;26480.631;Eletricidade e gás, água, esgoto, atividades de gestão de resíduos e descontaminação;Agricultura, inclusive apoio à agricultura e a pós colheita;Demais serviços
4;Sul;41;PR;Paraná;4120101;Porto Amazonas;True;2023;publica;medio;todos (1-4);96.7;0.969185;300.08;304.05;5.455768;5.3;;391661.502;95573.82;243728.318;59474.94;163130.609;33298.76;47940.633;30169.893;34765.732;28733.849;141610.107;21520.501;Agricultura, inclusive apoio à agricultura e a pós colheita;Demais serviços;Administração, defesa, educação e saúde públicas e seguridade social
4;Sul;41;PR;Paraná;4120150;Porto Barreiro;True;2023;publica;medio;todos (1-4);91.0;0.913054;274.65;278.59;4.717467;4.3;;169167.894;54394.82;184228.136;59237.34;170012.504;54265.08;91063.79;3658.068;42303.03;22013.319;159038.207;10974.297;Agricultura, inclusive apoio à agricultura e a pós colheita;Pecuária, inclusive apoio à pecuária;Administração, defesa, educação e saúde públicas e seguridade social
4;Sul;41;PR;Paraná;4120200;Porto Rico;True;2023;publica;medio;todos (1-4);100.0;1.0;291.93;273.63;4.885912;4.9;;152980.46;48076.83;118584.637;37267.33;108610.676;42525.71;17173.196;7926.465;50463.394;24506.212;100069.266;8541.41;Demais serviços;Administração, defesa, educação e saúde públicas e seguridade social;Pecuária, inclusive apoio à pecuária
4;Sul;41;PR;Paraná;4120309;Porto Vitória;True;2023;publica;medio;todos (1-4);93.5;0.930554;289.14;277.41;4.903314;4.6;;98341.081;27608.39;91361.889;25649.04;98738.28;24337.76;46097.649;7941.004;16533.988;23659.989;94232.63;4505.651;Administração, defesa, educação e saúde públicas e seguridade social;Produção florestal, pesca e aquicultura;Demais serviços
4;Sul;41;PR;Paraná;4120333;Prado Ferreira;True;2023;publica;medio;todos (1-4);98.1;0.986653;281.37;298.9;5.115891;5.0;;207954.973;56067.67;198239.55;53448.25;170927.492;44910.01;58656.647;20455.654;46440.181;24982.491;150534.973;20392.519;Agricultura, inclusive apoio à agricultura e a pós colheita;Demais serviços;Administração, defesa, educação e saúde públicas e seguridade social
4;Sul;41;PR;Paraná;4120358;Pranchita;True;2023;publica;medio;todos (1-4);94.0;0.952622;277.14;263.52;4.52684;4.3;;378687.142;66007.87;279158.88;48659.38;329443.205;65430.63;124246.39;44828.763;98232.688;34337.555;301645.396;27797.808;Agricultura, inclusive apoio à agricultura e a pós colheita;Demais serviços;Comércio e reparação de veículos automotores e motocicletas
4;Sul;41;PR;Paraná;4120408;Presidente Castelo Branco;True;2023;publica;medio;todos (1-4);94.2;0.93754;275.42;296.24;4.992503;4.7;;197135.572;45464.85;184906.296;42644.44;147400.187;27321.63;52328.944;7209.052;47118.295;28750.533;135406.824;11993.363;Agricultura, inclusive apoio à agricultura e a pós colheita;Demais serviços;Administração, defesa, educação e saúde públicas e seguridade social
4;Sul;41;PR;Paraná;4120507;Primeiro de Maio;True;2023;publica;medio;todos (1-4);93.5;0.948848;263.83;267.35;4.397237;4.2;;462476.453;45871.5;460931.365;45718.25;371262.272;33332.94;131099.662;30915.391;119967.071;59580.645;341562.769;29699.504;Agricultura, inclusive apoio à agricultura e a pós colheita;Demais serviços;Administração, defesa, educação e saúde públicas e seguridade social
4;Sul;41;PR;Paraná;4120606;Prudentópolis;True;2023;publica;medio;todos (1-4);96.4;0.96472;278.58;275.66;4.728801;4.6;;1905943.321;38587.32;1617597.823;32749.54;1571729.702;29781.14;590077.692;132977.96;491500.784;235553.091;1450109.527;121620.175;Agricultura, inclusive apoio à agricultura e a pós colheita;Demais serviços;Administração, defesa, educação e saúde públicas e seguridade social
4;Sul;41;PR;Paraná;4120655;Quarto Centenário;True;2023;publica;medio;todos (1-4);96.6;0.964178;257.74;254.96;4.126225;4.0;;409019.0;97362.29;265756.133;63260.21;363003.241;82127.43;216993.883;22267.414;74154.752;30103.058;343519.106;19484.135;Agricultura, inclusive apoio à agricultura e a pós colheita;Demais serviços;Administração, defesa, educação e saúde públicas e seguridade social
4;Sul;41;PR;Paraná;4120705;Quatiguá;True;2023;publica;medio;todos (1-4);100.0;1.0;287.97;290.38;5.081043;5.1;;244506.54;30189.72;232832.237;28748.27;212113.508;28266.73;40236.879;16948.937;88578.834;42876.56;188641.21;23472.298;Demais serviços;Administração, defesa, educação e saúde públicas e seguridade social;Comércio e reparação de veículos automotores e motocicletas
4;Sul;41;PR;Paraná;4120804;Quatro Barras;True;2023;publica;medio;todos (1-4);93.5;0.938234;285.92;283.59;4.950604;4.6;;2336181.03;96572.32;2083795.693;86139.3;1941119.71;80036.27;6091.876;593341.689;647593.635;144991.615;1392018.816;549100.894;Indústrias de transformação;Demais serviços;Comércio e reparação de veículos automotores e motocicletas
4;Sul;41;PR;Paraná;4120853;Quatro Pontes;True;2023;publica;medio;todos (1-4);100.0;1.0;267.46;275.71;4.57337;4.6;;307122.319;68554.09;253121.759;56500.39;253566.971;62717.53;103789.172;43398.98;57387.854;28399.058;232975.065;20591.905;Agricultura, inclusive apoio à agricultura e a pós colheita;Demais serviços;Pecuária, inclusive apoio à pecuária
4;Sul;41;PR;Paraná;4120903;Quedas do Iguaçu;True;2023;publica;medio;todos (1-4);98.5;0.981711;287.01;287.0;5.016961;4.9;;1927945.223;62721.88;1682535.251;54737.95;1466516.773;42254.21;215735.518;706653.335;297688.978;164753.07;1384830.9;81685.873;Eletricidade e gás, água, esgoto, atividades de gestão de resíduos e descontaminação;Indústrias de transformação;Demais serviços
4;Sul;41;PR;Paraná;4121000;Querência do Norte;True;2023;publica;medio;todos (1-4);100.0;1.0;273.39;280.79;4.732705;4.7;;342243.778;32030.3;250310.319;23426.33;261215.656;21311.55;86166.256;11706.087;82397.004;61079.451;241348.798;19866.858;Administração, defesa, educação e saúde públicas e seguridade social;Demais serviços;Agricultura, inclusive apoio à agricultura e a pós colheita
4;Sul;41;PR;Paraná;4121109;Quinta do Sol;True;2023;publica;medio;todos (1-4);99.4;0.994949;270.72;285.91;4.771851;4.7;;314953.109;62978.03;225785.576;45148.09;257470.657;57936.69;137816.813;8349.179;68652.914;26276.408;241095.313;16375.344;Agricultura, inclusive apoio à agricultura e a pós colheita;Demais serviços;Comércio e reparação de veículos automotores e motocicletas
4;Sul;41;PR;Paraná;4121208;Quitandinha;True;2023;publica;medio;todos (1-4);99.2;0.991594;286.84;286.98;5.014274;5.0;;594458.541;32311.04;561245.985;30505.82;509136.952;26260.42;191100.857;40635.614;144915.424;94908.437;471560.332;37576.62;Agricultura, inclusive apoio à agricultura e a pós colheita;Demais serviços;Administração, defesa, educação e saúde públicas e seguridade social
4;Sul;41;PR;Paraná;4121257;Ramilândia;True;2023;publica;medio;todos (1-4);97.7;0.971459;274.34;274.27;4.648442;4.5;;126585.131;29989.37;98711.671;23385.85;113773.899;25283.09;52602.845;8018.875;21350.661;26268.078;108240.459;5533.439;Agricultura, inclusive apoio à agricultura e a pós colheita;Administração, defesa, educação e saúde públicas e seguridade social;Pecuária, inclusive apoio à pecuária
4;Sul;41;PR;Paraná;4121307;Rancho Alegre;True;2023;publica;medio;todos (1-4);89.6;0.891254;266.59;249.43;4.167738;3.7;;197169.89;56141.77;174359.907;49646.9;185650.888;49375.24;102585.301;12332.419;38597.539;24027.753;177543.013;8107.875;Agricultura, inclusive apoio à agricultura e a pós colheita;Demais serviços;Administração, defesa, educação e saúde públicas e seguridade social
4;Sul;41;PR;Paraná;4121356;Rancho Alegre D'Oeste;True;2023;publica;medio;todos (1-4);100.0;1.0;265.08;277.41;4.565392;4.6;;235642.158;90008.46;179423.321;68534.5;234807.489;90241.16;139734.148;19848.746;43342.755;20592.236;223517.885;11289.604;Agricultura, inclusive apoio à agricultura e a pós colheita;Demais serviços;Administração, defesa, educação e saúde públicas e seguridade social
4;Sul;41;PR;Paraná;4121406;Realeza;True;2023;publica;medio;todos (1-4);97.5;0.981561;292.2;299.95;5.283716;5.2;;958986.554;49825.25;748454.357;38886.81;743081.796;43772.49;171980.05;73302.976;334125.195;84738.528;664146.749;78935.048;Demais serviços;Comércio e reparação de veículos automotores e motocicletas;Agricultura, inclusive apoio à agricultura e a pós colheita
4;Sul;41;PR;Paraná;4121505;Rebouças;True;2023;publica;medio;todos (1-4);95.5;0.964473;281.85;294.16;5.051674;4.9;;635752.238;43802.69;540781.983;37259.33;536431.983;35783.6;245089.607;62844.695;123751.474;77434.71;509120.486;27311.496;Agricultura, inclusive apoio à agricultura e a pós colheita;Demais serviços;Administração, defesa, educação e saúde públicas e seguridade social
4;Sul;41;PR;Paraná;4121604;Renascença;True;2023;publica;medio;todos (1-4);99.1;0.990835;275.59;282.23;4.78516;4.7;;460071.759;67212.82;347094.705;50737.42;422523.253;62392.68;212345.554;27167.921;112378.291;35958.765;387850.53;34672.723;Agricultura, inclusive apoio à agricultura e a pós colheita;Demais serviços;Comércio e reparação de veículos automotores e motocicletas
4;Sul;41;PR;Paraná;4121703;Reserva;True;2023;publica;medio;todos (1-4);98.6;0.986943;271.62;279.92;4.694821;4.6;;764370.781;31106.12;779992.863;31741.87;757377.691;28120.81;305688.471;43418.429;231693.19;122970.535;703770.624;53607.067;Agricultura, inclusive apoio à agricultura e a pós colheita;Demais serviços;Administração, defesa, educação e saúde públicas e seguridade social
4;Sul;41;PR;Paraná;4121752;Reserva do Iguaçu;True;2023;publica;medio;todos (1-4);94.4;0.948717;269.7;278.22;4.642406;4.4;;257839.287;39346.76;263340.835;40186.3;260028.165;31995.59;147293.409;19021.936;39549.799;45119.927;250985.071;9043.094;Agricultura, inclusive apoio à agricultura e a pós colheita;Administração, defesa, educação e saúde públicas e seguridade social;Demais serviços
4;Sul;41;PR;Paraná;4121802;Ribeirão Claro;True;2023;publica;medio;todos (1-4);99.5;0.995983;273.01;280.58;4.724224;4.7;;609741.425;49315.87;496127.55;40126.78;383690.811;36122.28;94301.091;77692.233;120801.139;66225.169;359019.632;24671.179;Demais serviços;Administração, defesa, educação e saúde públicas e seguridade social;Eletricidade e gás, água, esgoto, atividades de gestão de resíduos e descontaminação
4;Sul;41;PR;Paraná;4121901;Ribeirão do Pinhal;True;2023;publica;medio;todos (1-4);99.1;0.993457;263.55;269.49;4.425341;4.4;;487933.203;37360.89;459243.956;35164.16;338041.27;26267.87;81410.021;54720.65;115235.389;65437.593;316803.653;21237.618;Demais serviços;Administração, defesa, educação e saúde públicas e seguridade social;Agricultura, inclusive apoio à agricultura e a pós colheita
4;Sul;41;PR;Paraná;4122008;Rio Azul;True;2023;publica;medio;todos (1-4);89.8;0.915171;280.57;282.56;4.860044;4.4;;996992.189;71086.79;948932.29;67660.06;729564.104;47272.99;376923.794;92358.411;139733.212;77569.594;686585.011;42979.093;Agricultura, inclusive apoio à agricultura e a pós colheita;Demais serviços;Administração, defesa, educação e saúde públicas e seguridade social
4;Sul;41;PR;Paraná;4122107;Rio Bom;True;2023;publica;medio;todos (1-4);98.4;0.983471;264.26;262.59;4.332019;4.3;;118815.326;37164.63;115586.463;36154.66;104362.268;33005.14;56390.328;4683.909;18816.382;20644.951;100535.569;3826.698;Agricultura, inclusive apoio à agricultura e a pós colheita;Administração, defesa, educação e saúde públicas e seguridade social;Demais serviços
4;Sul;41;PR;Paraná;4122156;Rio Bonito do Iguaçu;True;2023;publica;medio;todos (1-4);98.3;0.986608;276.61;279.05;4.751881;4.7;;514284.564;36921.86;507374.014;36425.73;441513.901;33346.97;219280.755;12649.184;112201.218;68970.915;413102.073;28411.828;Agricultura, inclusive apoio à agricultura e a pós colheita;Administração, defesa, educação e saúde públicas e seguridade social;Demais serviços
4;Sul;41;PR;Paraná;4122172;Rio Branco do Ivaí;True;2023;publica;medio;todos (1-4);100.0;1.0;266.31;280.44;4.628027;4.6;;174699.513;45876.97;151107.682;39681.64;115553.596;28040.18;46703.849;4952.159;31445.354;25686.747;108788.108;6765.488;Agricultura, inclusive apoio à agricultura e a pós colheita;Administração, defesa, educação e saúde públicas e seguridade social;Demais serviços
4;Sul;41;PR;Paraná;4122206;Rio Branco do Sul;True;2023;publica;medio;todos (1-4);94.8;0.951605;269.5;278.01;4.636453;4.4;;1850825.583;49279.13;1649518.369;43919.23;1375599.077;42151.04;72356.618;760894.754;283244.662;182478.348;1298974.382;76624.695;Indústrias de transformação;Demais serviços;Administração, defesa, educação e saúde públicas e seguridade social
4;Sul;41;PR;Paraná;4122305;Rio Negro;True;2023;publica;medio;todos (1-4);97.9;0.978049;289.92;294.61;5.171754;5.1;;1456164.794;46487.19;1363742.417;43536.66;1298354.286;37475.95;160342.911;404230.659;424438.29;166844.02;1155855.879;142498.407;Indústrias de transformação;Demais serviços;Administração, defesa, educação e saúde públicas e seguridade social
4;Sul;41;PR;Paraná;4122404;Rolândia;True;2023;publica;medio;todos (1-4);97.8;0.980692;277.06;284.92;4.846076;4.8;;4602703.668;64220.79;4186826.14;58418.11;3574944.697;52445.46;267982.884;1201519.614;1328013.977;351059.401;3148575.876;426368.82;Indústrias de transformação;Demais serviços;Comércio e reparação de veículos automotores e motocicletas
4;Sul;41;PR;Paraná;4122503;Roncador;True;2023;publica;medio;todos (1-4);99.2;0.99421;282.7;294.8;5.073194;5.0;;639474.291;56837.11;632269.831;56196.77;598091.415;63310.2;306949.725;21560.159;174745.074;54250.737;557505.694;40585.721;Agricultura, inclusive apoio à agricultura e a pós colheita;Demais serviços;Comércio e reparação de veículos automotores e motocicletas
4;Sul;41;PR;Paraná;4122602;Rondon;True;2023;publica;medio;todos (1-4);88.1;0.88243;277.43;271.11;4.644536;4.1;;538735.802;59221.26;402505.595;44245.97;350063.589;36223.47;111021.73;71057.663;93651.761;49633.574;325364.729;24698.859;Demais serviços;Agricultura, inclusive apoio à agricultura e a pós colheita;Indústrias de transformação
4;Sul;41;PR;Paraná;4122651;Rosário do Ivaí;True;2023;publica;medio;todos (1-4);100.0;1.0;288.55;291.78;5.110147;5.1;;166638.258;30660.21;142134.78;26151.75;129867.926;28262.88;55079.518;6461.784;33099.466;28307.631;122948.4;6919.527;Agricultura, inclusive apoio à agricultura e a pós colheita;Administração, defesa, educação e saúde públicas e seguridade social;Demais serviços
4;Sul;41;PR;Paraná;4122701;Sabáudia;True;2023;publica;medio;todos (1-4);98.3;0.984208;281.11;277.91;4.798018;4.7;;741344.575;84033.62;692580.278;78506.04;705317.693;101426.19;107203.52;223253.672;250640.571;43182.391;624280.155;81037.539;Demais serviços;Indústrias de transformação;Agricultura, inclusive apoio à agricultura e a pós colheita
4;Sul;41;PR;Paraná;4122800;Salgado Filho;True;2023;publica;medio;todos (1-4);92.9;0.934047;291.51;293.29;5.174325;4.8;;144580.81;35479.95;124468.481;30544.41;124340.658;36689.48;70227.158;5243.753;21411.868;21799.328;118682.108;5658.55;Pecuária, inclusive apoio à pecuária;Agricultura, inclusive apoio à agricultura e a pós colheita;Administração, defesa, educação e saúde públicas e seguridade social
4;Sul;41;PR;Paraná;4122909;Salto do Itararé;True;2023;publica;medio;todos (1-4);96.3;0.965289;276.27;291.39;4.931837;4.8;;124159.798;23913.67;112749.051;21715.92;103655.531;21319.53;47182.961;3867.246;21954.924;27173.3;100178.431;3477.1;Agricultura, inclusive apoio à agricultura e a pós colheita;Administração, defesa, educação e saúde públicas e seguridade social;Demais serviços
4;Sul;41;PR;Paraná;4123006;Salto do Lontra;True;2023;publica;medio;todos (1-4);97.2;0.97774;279.72;282.31;4.844364;4.7;;628454.439;41283.22;489076.458;32127.47;529891.174;35427.64;196070.324;82369.829;144528.435;71900.427;494869.014;35022.16;Pecuária, inclusive apoio à pecuária;Demais serviços;Agricultura, inclusive apoio à agricultura e a pós colheita
4;Sul;41;PR;Paraná;4123105;Santa Amélia;True;2023;publica;medio;todos (1-4);85.0;0.852528;277.46;278.58;4.756784;4.1;;141542.179;41703.65;118787.479;34999.26;100856.439;31439.04;41454.806;10725.549;24075.006;19787.565;96042.926;4813.512;Agricultura, inclusive apoio à agricultura e a pós colheita;Demais serviços;Administração, defesa, educação e saúde públicas e seguridade social
4;Sul;41;PR;Paraná;4123204;Santa Cecília do Pavão;True;2023;publica;medio;todos (1-4);100.0;1.0;257.33;255.41;4.127203;4.1;;179165.999;53243.98;185038.739;54989.22;153510.076;47190.31;46764.83;20229.598;53864.285;21841.576;142700.289;10809.787;Agricultura, inclusive apoio à agricultura e a pós colheita;Demais serviços;Administração, defesa, educação e saúde públicas e seguridade social
4;Sul;41;PR;Paraná;4123303;Santa Cruz de Monte Castelo;True;2023;publica;medio;todos (1-4);97.6;0.976724;269.69;274.75;4.590319;4.5;;387175.483;44952.45;354600.841;41170.42;375095.755;48682.12;185814.139;24429.072;100024.909;42024.43;352292.55;22803.205;Agricultura, inclusive apoio à agricultura e a pós colheita;Demais serviços;Administração, defesa, educação e saúde públicas e seguridade social
4;Sul;41;PR;Paraná;4123402;Santa Fé;False;;;;;;;;;;;;449905.935;39541.74;354483.055;31155.13;319673.941;25926.52;86998.757;39832.565;110150.192;57613.803;294595.316;25078.625;Demais serviços;Agricultura, inclusive apoio à agricultura e a pós colheita;Administração, defesa, educação e saúde públicas e seguridade social
4;Sul;41;PR;Paraná;4123501;Santa Helena;True;2023;publica;medio;todos (1-4);97.0;0.978332;290.06;295.56;5.187942;5.1;;1641044.228;64374.87;1560603.328;61219.34;1465190.723;54194.06;428588.149;268847.642;460882.007;174430.565;1332748.363;132442.36;Demais serviços;Pecuária, inclusive apoio à pecuária;Indústrias de transformação
4;Sul;41;PR;Paraná;4123600;Santa Inês;True;2023;publica;medio;todos (1-4);100.0;1.0;268.83;273.49;4.559378;4.6;;85155.059;48715.71;58924.195;33709.49;51485.304;32835.02;21603.684;2192.481;11103.083;14842.769;49742.017;1743.287;Administração, defesa, educação e saúde públicas e seguridade social;Agricultura, inclusive apoio à agricultura e a pós colheita;Demais serviços
4;Sul;41;PR;Paraná;4123709;Santa Isabel do Ivaí;True;2023;publica;medio;todos (1-4);100.0;1.0;264.91;270.92;4.465849;4.5;;293691.548;32954.62;255763.513;28698.78;253122.708;29835.3;50105.781;31798.29;100450.657;44317.728;226672.457;26450.252;Demais serviços;Administração, defesa, educação e saúde públicas e seguridade social;Comércio e reparação de veículos automotores e motocicletas
4;Sul;41;PR;Paraná;4123808;Santa Izabel do Oeste;True;2023;publica;medio;todos (1-4);98.6;0.98938;274.27;281.52;4.755992;4.7;;514078.556;36537.21;398553.388;28326.47;466992.004;31291.34;205616.618;35281.371;123659.534;70570.49;435128.013;31863.992;Agricultura, inclusive apoio à agricultura e a pós colheita;Pecuária, inclusive apoio à pecuária;Demais serviços
4;Sul;41;PR;Paraná;4123824;Santa Lúcia;True;2023;publica;medio;todos (1-4);98.2;0.982155;264.62;272.93;4.491866;4.4;;158188.01;43410.54;156572.728;42967.27;140108.196;36919.16;55730.557;9014.272;40809.277;23495.827;129049.933;11058.263;Pecuária, inclusive apoio à pecuária;Agricultura, inclusive apoio à agricultura e a pós colheita;Demais serviços
4;Sul;41;PR;Paraná;4123857;Santa Maria do Oeste;True;2023;publica;medio;todos (1-4);99.7;0.997319;286.27;289.11;5.038154;5.0;;353046.217;35195.52;326164.807;32833.18;267309.565;29023.84;131409.783;13585.418;57279.252;49233.818;251508.271;15801.294;Agricultura, inclusive apoio à agricultura e a pós colheita;Administração, defesa, educação e saúde públicas e seguridade social;Demais serviços
4;Sul;41;PR;Paraná;4123907;Santa Mariana;True;2023;publica;medio;todos (1-4);92.4;0.926697;265.18;266.55;4.404222;4.1;;497961.396;44999.22;461616.588;41714.86;493066.45;42789.76;229735.266;37090.724;136378.215;60071.422;463275.627;29790.823;Agricultura, inclusive apoio à agricultura e a pós colheita;Demais serviços;Administração, defesa, educação e saúde públicas e seguridade social
4;Sul;41;PR;Paraná;4123956;Santa Mônica;True;2023;publica;medio;todos (1-4);100.0;1.0;246.99;248.9;3.884523;3.9;;115471.2;34407.39;90776.345;27048.97;91009.448;22460.38;33298.806;7734.926;18512.751;24482.448;84028.931;6980.517;Administração, defesa, educação e saúde públicas e seguridade social;Agricultura, inclusive apoio à agricultura e a pós colheita;Demais serviços
4;Sul;41;PR;Paraná;4124004;Santana do Itararé;True;2023;publica;medio;todos (1-4);100.0;1.0;269.41;263.3;4.414979;4.4;;184041.762;33377.18;195898.133;35527.41;171601.241;34906.68;90254.544;8758.604;35354.12;29383.373;163750.641;7850.6;Agricultura, inclusive apoio à agricultura e a pós colheita;Administração, defesa, educação e saúde públicas e seguridade social;Demais serviços
4;Sul;41;PR;Paraná;4124020;Santa Tereza do Oeste;True;2023;publica;medio;todos (1-4);97.1;0.971308;266.21;273.49;4.52258;4.4;;713314.961;54145.66;678676.69;51516.37;582094.99;57891.1;147054.035;163309.085;150886.401;59740.268;520989.789;61105.201;Indústrias de transformação;Agricultura, inclusive apoio à agricultura e a pós colheita;Demais serviços
4;Sul;41;PR;Paraná;4124053;Santa Terezinha de Itaipu;True;2023;publica;medio;todos (1-4);96.2;0.971541;280.36;290.56;4.976855;4.8;;765144.141;31536.73;696656.954;28713.91;687337.384;28726.43;119494.828;63243.193;302584.407;122056.552;607378.98;79958.405;Demais serviços;Administração, defesa, educação e saúde públicas e seguridade social;Agricultura, inclusive apoio à agricultura e a pós colheita
4;Sul;41;PR;Paraná;4124103;Santo Antônio da Platina;True;2023;publica;medio;todos (1-4);99.7;0.997988;274.93;282.67;4.782477;4.8;;1837883.729;41422.7;1780115.58;40120.71;1505597.098;32376.34;223510.291;167428.585;705008.253;213659.286;1309606.415;195990.683;Demais serviços;Comércio e reparação de veículos automotores e motocicletas;Administração, defesa, educação e saúde públicas e seguridade social
4;Sul;41;PR;Paraná;4124202;Santo Antônio do Caiuá;True;2023;publica;medio;todos (1-4);100.0;1.0;262.29;276.97;4.51962;4.5;;70026.829;28089.38;58266.375;23371.99;54056.272;20703.28;18654.18;2207.736;12681.052;18262.94;51805.908;2250.364;Administração, defesa, educação e saúde públicas e seguridade social;Demais serviços;Pecuária, inclusive apoio à pecuária
4;Sul;41;PR;Paraná;4124301;Santo Antônio do Paraíso;True;2023;publica;medio;todos (1-4);96.7;0.971831;267.07;282.06;4.662952;4.5;;114799.018;54023.07;123392.878;58067.24;106891.728;52604.2;54728.418;8777.585;20337.843;18686.875;102530.721;4361.007;Agricultura, inclusive apoio à agricultura e a pós colheita;Demais serviços;Administração, defesa, educação e saúde públicas e seguridade social
4;Sul;41;PR;Paraná;4124400;Santo Antônio do Sudoeste;True;2023;publica;medio;todos (1-4);96.1;0.968273;281.37;291.69;5.007957;4.8;;804866.436;33999.34;665500.339;28112.21;648290.483;31850.77;192801.857;110314.04;201077.841;97390.112;601583.849;46706.634;Demais serviços;Pecuária, inclusive apoio à pecuária;Administração, defesa, educação e saúde públicas e seguridade social
4;Sul;41;PR;Paraná;4124509;Santo Inácio;False;;;;;;;;;;;;836727.448;135370.89;698440.193;112997.93;532112.095;98139.45;73588.518;225913.613;151080.252;34050.048;484632.431;47479.663;Indústrias de transformação;Demais serviços;Agricultura, inclusive apoio à agricultura e a pós colheita
4;Sul;41;PR;Paraná;4124608;São Carlos do Ivaí;True;2023;publica;medio;todos (1-4);94.4;0.953751;271.4;270.79;4.555054;4.3;;567835.843;86205.53;442768.375;67218.52;396026.15;56892.13;52616.917;183438.307;94381.425;39141.349;369577.998;26448.152;Indústrias de transformação;Demais serviços;Eletricidade e gás, água, esgoto, atividades de gestão de resíduos e descontaminação
4;Sul;41;PR;Paraná;4124707;São Jerônimo da Serra;True;2023;publica;medio;todos (1-4);99.2;0.993737;271.41;273.43;4.594716;4.6;;349305.515;32253.51;370262.715;34188.62;322890.8;29120.74;174569.795;10024.995;68291.992;56026.484;308913.267;13977.533;Agricultura, inclusive apoio à agricultura e a pós colheita;Administração, defesa, educação e saúde públicas e seguridade social;Demais serviços
4;Sul;41;PR;Paraná;4124806;São João;True;2023;publica;medio;todos (1-4);96.8;0.970851;293.67;290.58;5.164093;5.0;;1220178.115;102656.75;1081146.047;90959.62;890618.086;87988.35;194520.895;199756.336;331014.65;58591.202;783883.082;106735.004;Demais serviços;Indústrias de transformação;Comércio e reparação de veículos automotores e motocicletas
4;Sul;41;PR;Paraná;4124905;São João do Caiuá;True;2023;publica;medio;todos (1-4);96.9;0.968396;257.15;250.49;4.051022;3.9;;191655.66;34310.0;142943.796;25589.65;154592.159;26566.79;61100.674;14923.395;35425.045;31450.078;142899.192;11692.967;Agricultura, inclusive apoio à agricultura e a pós colheita;Administração, defesa, educação e saúde públicas e seguridade social;Demais serviços
4;Sul;41;PR;Paraná;4125001;São João do Ivaí;True;2023;publica;medio;todos (1-4);99.6;0.996982;273.35;282.71;4.760885;4.7;;410617.462;38494.18;351357.759;32938.76;361196.527;36495.56;136406.807;13519.191;131243.558;53132.804;334302.36;26894.168;Agricultura, inclusive apoio à agricultura e a pós colheita;Demais serviços;Administração, defesa, educação e saúde públicas e seguridade social
4;Sul;41;PR;Paraná;4125100;São João do Triunfo;True;2023;publica;medio;todos (1-4);96.7;0.973741;276.59;277.49;4.728247;4.6;;875907.408;63813.74;729207.855;53126.03;579555.327;37733.92;365236.939;20749.35;94795.342;75582.224;556363.856;23191.471;Agricultura, inclusive apoio à agricultura e a pós colheita;Administração, defesa, educação e saúde públicas e seguridade social;Demais serviços
4;Sul;41;PR;Paraná;4125209;São Jorge d'Oeste;True;2023;publica;medio;todos (1-4);93.8;0.951583;286.24;281.59;4.925158;4.7;;531520.961;56677.43;446317.184;47591.94;473334.492;52563.52;220621.167;40563.493;120413.632;56540.351;438138.643;35195.849;Agricultura, inclusive apoio à agricultura e a pós colheita;Pecuária, inclusive apoio à pecuária;Demais serviços
4;Sul;41;PR;Paraná;4125308;São Jorge do Ivaí;True;2023;publica;medio;todos (1-4);98.7;0.990489;275.98;270.45;4.614291;4.6;;417316.417;80750.08;321717.19;62251.78;401315.432;72505.05;213337.556;10353.067;116624.367;32620.122;372935.112;28380.319;Agricultura, inclusive apoio à agricultura e a pós colheita;Demais serviços;Comércio e reparação de veículos automotores e motocicletas
4;Sul;41;PR;Paraná;4125357;São Jorge do Patrocínio;True;2023;publica;medio;todos (1-4);100.0;1.0;269.44;274.61;4.584712;4.6;;183231.543;28172.13;171594.923;26382.98;145367.402;26277.55;47830.027;12207.579;39973.434;36314.143;136325.184;9042.218;Administração, defesa, educação e saúde públicas e seguridade social;Demais serviços;Pecuária, inclusive apoio à pecuária
4;Sul;41;PR;Paraná;4125407;São José da Boa Vista;True;2023;publica;medio;todos (1-4);100.0;1.0;292.9;292.11;5.176182;5.2;;232640.965;38516.72;259600.551;42980.22;229784.755;37577.23;140450.656;9310.585;37411.095;34220.702;221393.039;8391.716;Agricultura, inclusive apoio à agricultura e a pós colheita;Administração, defesa, educação e saúde públicas e seguridade social;Demais serviços
4;Sul;41;PR;Paraná;4125456;São José das Palmeiras;True;2023;publica;medio;todos (1-4);100.0;1.0;289.7;283.09;4.996209;5.0;;109673.662;27716.37;89392.654;23098.88;99024.445;27499.15;39034.286;7583.956;23927.431;22886.793;93432.467;5591.979;Administração, defesa, educação e saúde públicas e seguridade social;Agricultura, inclusive apoio à agricultura e a pós colheita;Demais serviços
4;Sul;41;PR;Paraná;4125506;São José dos Pinhais;True;2023;publica;medio;todos (1-4);96.6;0.974918;275.58;284.3;4.816008;4.7;;33957963.934;103019.05;31479079.359;95616.57;27008910.46;80715.17;507221.725;7764412.565;9987464.484;1790991.29;20050090.064;6958820.396;Indústrias de transformação;Demais serviços;Comércio e reparação de veículos automotores e motocicletas
4;Sul;41;PR;Paraná;4125555;São Manoel do Paraná;True;2023;publica;medio;todos (1-4);95.5;0.958484;297.41;308.65;5.48713;5.3;;83030.479;38835.58;66192.031;30959.79;62337.796;28793.44;23363.596;3028.152;12156.396;19992.15;58540.294;3797.503;Administração, defesa, educação e saúde públicas e seguridade social;Agricultura, inclusive apoio à agricultura e a pós colheita;Demais serviços
4;Sul;41;PR;Paraná;4125605;São Mateus do Sul;True;2023;publica;medio;todos (1-4);94.9;0.954241;287.22;289.01;5.05;4.8;;1934142.346;45653.17;1853493.386;43757.81;1516857.792;32179.77;428566.829;192137.336;552476.314;211210.742;1384391.221;132466.571;Demais serviços;Agricultura, inclusive apoio à agricultura e a pós colheita;Administração, defesa, educação e saúde públicas e seguridade social
4;Sul;41;PR;Paraná;4125704;São Miguel do Iguaçu;True;2023;publica;medio;todos (1-4);96.9;0.963146;304.21;303.11;5.499701;5.3;;1484412.447;50972.2;1416053.566;48624.87;1470080.6;53079.17;492674.187;129742.449;524578.968;181005.806;1328001.41;142079.19;Agricultura, inclusive apoio à agricultura e a pós colheita;Demais serviços;Comércio e reparação de veículos automotores e motocicletas
4;Sul;41;PR;Paraná;4125753;São Pedro do Iguaçu;True;2023;publica;medio;todos (1-4);100.0;1.0;279.85;288.16;4.933764;4.9;;267876.552;46313.37;226385.701;39139.99;247153.768;43020.67;122591.781;8639.124;66272.858;33265.389;230769.152;16384.616;Agricultura, inclusive apoio à agricultura e a pós colheita;Demais serviços;Pecuária, inclusive apoio à pecuária
4;Sul;41;PR;Paraná;4125803;São Pedro do Ivaí;True;2023;publica;medio;todos (1-4);100.0;1.0;281.47;284.42;4.900529;4.9;;453058.246;52135.59;406099.523;46731.82;370121.142;33317.23;96031.299;63872.692;113894.502;52008.747;325807.24;44313.902;Demais serviços;Agricultura, inclusive apoio à agricultura e a pós colheita;Administração, defesa, educação e saúde públicas e seguridade social
4;Sul;41;PR;Paraná;4125902;São Pedro do Paraná;True;2023;publica;medio;todos (1-4);100.0;1.0;273.05;264.67;4.486612;4.5;;111291.046;41823.02;90697.596;34084.03;90322.814;39877.62;23263.807;17042.691;23907.943;18539.549;82753.991;7568.823;Demais serviços;Administração, defesa, educação e saúde públicas e seguridade social;Pecuária, inclusive apoio à pecuária
4;Sul;41;PR;Paraná;4126009;São Sebastião da Amoreira;True;2023;publica;medio;todos (1-4);91.8;0.931073;272.51;288.32;4.83307;4.5;;277568.679;34424.99;310711.398;38535.46;300151.913;33858.08;131633.353;11694.127;88250.235;44969.49;276547.205;23604.708;Agricultura, inclusive apoio à agricultura e a pós colheita;Demais serviços;Administração, defesa, educação e saúde públicas e seguridade social
4;Sul;41;PR;Paraná;4126108;São Tomé;True;2023;publica;medio;todos (1-4);96.1;0.966557;266.97;274.86;4.553764;4.4;;221193.951;42277.13;179457.192;34299.92;163463.025;28290.59;63347.355;13868.987;39265.207;34210.286;150691.836;12771.189;Agricultura, inclusive apoio à agricultura e a pós colheita;Administração, defesa, educação e saúde públicas e seguridade social;Demais serviços
4;Sul;41;PR;Paraná;4126207;Sapopema;True;2023;publica;medio;todos (1-4);97.0;0.971208;290.77;291.05;5.130398;5.0;;183023.364;27337.32;157605.548;23540.78;153879.679;22939.73;55497.898;18013.917;32108.144;37602.746;143222.705;10656.973;Administração, defesa, educação e saúde públicas e seguridade social;Demais serviços;Agricultura, inclusive apoio à agricultura e a pós colheita
4;Sul;41;PR;Paraná;4126256;Sarandi;True;2023;publica;medio;todos (1-4);97.3;0.980315;272.37;279.43;4.698019;4.6;;2398689.677;20249.8;2260728.693;19085.13;2072734.634;20960.43;114882.759;317348.699;948404.233;459865.945;1840501.637;232232.997;Demais serviços;Administração, defesa, educação e saúde públicas e seguridade social;Comércio e reparação de veículos automotores e motocicletas
4;Sul;41;PR;Paraná;4126272;Saudade do Iguaçu;True;2023;publica;medio;todos (1-4);98.8;0.988585;292.07;300.82;5.294914;5.2;;1143427.458;187201.61;1161785.511;190207.19;786318.103;140967.75;53837.859;631298.944;42754.328;46562.242;774453.373;11864.729;Eletricidade e gás, água, esgoto, atividades de gestão de resíduos e descontaminação;Administração, defesa, educação e saúde públicas e seguridade social;Pecuária, inclusive apoio à pecuária
4;Sul;41;PR;Paraná;4126306;Sengés;True;2023;publica;medio;todos (1-4);98.9;0.992133;269.52;273.84;4.574309;4.5;;690924.291;40007.2;652554.953;37785.46;664789.659;34195.24;175515.975;180896.497;155063.839;91410.905;602887.216;61902.442;Indústrias de transformação;Demais serviços;Agricultura, inclusive apoio à agricultura e a pós colheita
4;Sul;41;PR;Paraná;4126355;Serranópolis do Iguaçu;True;2023;publica;medio;todos (1-4);100.0;1.0;303.06;293.32;5.336993;5.3;;272573.448;54438.48;226887.872;45314.13;291329.027;65320.41;171488.981;8805.904;60183.472;33288.968;273767.325;17561.702;Agricultura, inclusive apoio à agricultura e a pós colheita;Pecuária, inclusive apoio à pecuária;Demais serviços
4;Sul;41;PR;Paraná;4126405;Sertaneja;True;2023;publica;medio;todos (1-4);97.6;0.96708;275.94;286.65;4.856244;4.7;;465712.008;82925.93;371953.147;66230.97;416451.057;80879.99;215491.33;29692.939;108784.894;37480.26;391449.424;25001.633;Agricultura, inclusive apoio à agricultura e a pós colheita;Demais serviços;Administração, defesa, educação e saúde públicas e seguridade social
4;Sul;41;PR;Paraná;4126504;Sertanópolis;True;2023;publica;medio;todos (1-4);90.6;0.91069;287.86;283.91;4.982641;4.5;;863930.912;54232.95;895876.686;56238.34;690779.648;41977.37;168693.509;86586.764;274454.114;94505.08;624239.467;66540.181;Demais serviços;Agricultura, inclusive apoio à agricultura e a pós colheita;Administração, defesa, educação e saúde públicas e seguridade social
4;Sul;41;PR;Paraná;4126603;Siqueira Campos;True;2023;publica;medio;todos (1-4);95.4;0.964598;288.82;295.2;5.165137;5.0;;851120.988;37311.87;791100.326;34680.65;706556.119;32899.8;128389.161;153892.044;258335.572;103399.254;644016.03;62540.089;Demais serviços;Indústrias de transformação;Administração, defesa, educação e saúde públicas e seguridade social
4;Sul;41;PR;Paraná;4126652;Sulina;True;2023;publica;medio;todos (1-4);96.3;0.961606;294.91;292.4;5.208754;5.0;;190979.06;55517.17;168630.84;49020.59;158519.504;55041.49;79910.315;11678.555;34939.902;22010.499;148539.271;9980.234;Pecuária, inclusive apoio à pecuária;Agricultura, inclusive apoio à agricultura e a pós colheita;Demais serviços
4;Sul;41;PR;Paraná;4126678;Tamarana;True;2023;publica;medio;todos (1-4);97.6;0.976851;271.29;279.5;4.683899;4.6;;474596.193;44325.79;442629.257;41340.18;391581.275;25632.08;147207.086;44359.441;99022.326;74328.271;364917.124;26664.151;Agricultura, inclusive apoio à agricultura e a pós colheita;Administração, defesa, educação e saúde públicas e seguridade social;Demais serviços
4;Sul;41;PR;Paraná;4126702;Tamboara;True;2023;publica;medio;todos (1-4);99.3;0.993585;274.7;283.29;4.788529;4.8;;184145.474;37734.73;146798.837;30081.73;126316.066;24310.25;38780.34;15284.592;32628.667;27346.278;114039.877;12276.188;Demais serviços;Agricultura, inclusive apoio à agricultura e a pós colheita;Administração, defesa, educação e saúde públicas e seguridade social
4;Sul;41;PR;Paraná;4126801;Tapejara;True;2023;publica;medio;todos (1-4);89.9;0.920403;269.21;273.01;4.55753;4.2;;731142.879;46073.66;541077.08;34096.48;496649.622;30136.51;101722.363;109616.217;161422.617;87523.482;460284.679;36364.943;Demais serviços;Indústrias de transformação;Administração, defesa, educação e saúde públicas e seguridade social
4;Sul;41;PR;Paraná;4126900;Tapira;True;2023;publica;medio;todos (1-4);99.3;0.992901;267.52;277.5;4.601009;4.6;;187714.218;32674.36;155538.154;27073.66;153423.045;28140.69;57914.625;9638.081;44612.859;30627.551;142793.116;10629.929;Administração, defesa, educação e saúde públicas e seguridade social;Demais serviços;Pecuária, inclusive apoio à pecuária
4;Sul;41;PR;Paraná;4127007;Teixeira Soares;True;2023;publica;medio;todos (1-4);93.9;0.939103;287.54;287.23;5.027848;4.7;;633083.072;66312.25;595237.447;62348.11;616404.008;48303.74;389143.976;24759.445;110095.156;61096.984;585095.561;31308.447;Agricultura, inclusive apoio à agricultura e a pós colheita;Demais serviços;Administração, defesa, educação e saúde públicas e seguridade social
4;Sul;41;PR;Paraná;4127106;Telêmaco Borba;True;2023;publica;medio;todos (1-4);96.6;0.96312;274.88;287.95;4.860817;4.7;;6409425.43;85411.18;5066785.245;67519.33;4913441.099;60969.89;297367.733;2683081.383;1180581.065;384408.086;4545438.267;368002.832;Indústrias de transformação;Demais serviços;Administração, defesa, educação e saúde públicas e seguridade social
4;Sul;41;PR;Paraná;4127205;Terra Boa;True;2023;publica;medio;todos (1-4);95.6;0.957675;295.44;299.02;5.3153;5.1;;709922.487;40409.98;614113.855;34956.39;569416.046;32906.61;140224.044;118096.468;173994.036;93076.657;525391.205;44024.841;Demais serviços;Indústrias de transformação;Administração, defesa, educação e saúde públicas e seguridade social
4;Sul;41;PR;Paraná;4127304;Terra Rica;True;2023;publica;medio;todos (1-4);92.1;0.940794;286.45;285.92;4.992928;4.7;;539546.294;36352.67;408197.263;27502.85;376154.902;22056.7;93883.782;45469.573;125657.559;85517.58;350528.493;25626.408;Demais serviços;Administração, defesa, educação e saúde públicas e seguridade social;Pecuária, inclusive apoio à pecuária
4;Sul;41;PR;Paraná;4127403;Terra Roxa;True;2023;publica;medio;todos (1-4);99.4;0.995951;284.65;282.83;4.92139;4.9;;921399.935;50852.69;734804.474;40554.36;896105.258;51025.24;346675.391;91834.069;287032.031;93655.844;819197.334;76907.924;Agricultura, inclusive apoio à agricultura e a pós colheita;Demais serviços;Comércio e reparação de veículos automotores e motocicletas
4;Sul;41;PR;Paraná;4127502;Tibagi;True;2023;publica;medio;todos (1-4);97.1;0.978692;268.77;272.54;4.544314;4.4;;1448624.415;72572.74;1683339.024;84331.4;1440059.82;69608.46;788243.754;128748.821;317181.549;121518.56;1355692.683;84367.136;Agricultura, inclusive apoio à agricultura e a pós colheita;Demais serviços;Administração, defesa, educação e saúde públicas e seguridade social
4;Sul;41;PR;Paraná;4127601;Tijucas do Sul;True;2023;publica;medio;todos (1-4);95.0;0.952067;287.23;287.3;5.024542;4.8;;554175.374;31449.71;636632.814;36159.99;576383.832;33326.62;90338.227;138565.972;207822.625;85116.054;521842.878;54540.954;Demais serviços;Indústrias de transformação;Administração, defesa, educação e saúde públicas e seguridade social
4;Sul;41;PR;Paraná;4127700;Toledo;True;2023;publica;medio;todos (1-4);97.5;0.982081;289.85;291.4;5.122717;5.0;;9508571.518;63192.47;8435404.188;56060.37;7482189.95;51743.69;856165.724;1884833.386;3121508.166;731233.847;6593741.123;888448.827;Demais serviços;Indústrias de transformação;Comércio e reparação de veículos automotores e motocicletas
4;Sul;41;PR;Paraná;4127809;Tomazina;True;2023;publica;medio;todos (1-4);98.7;0.986566;271.96;272.55;4.589267;4.5;;350464.58;41593.23;370416.03;43961.08;324155.918;42103.64;176266.891;22257.264;68861.632;41015.271;308401.058;15754.86;Agricultura, inclusive apoio à agricultura e a pós colheita;Demais serviços;Pecuária, inclusive apoio à pecuária
4;Sul;41;PR;Paraná;4127858;Três Barras do Paraná;True;2023;publica;medio;todos (1-4);97.0;0.968924;276.68;267.4;4.578463;4.4;;453549.65;40731.89;454472.276;40814.75;435955.6;36220.97;195567.531;43267.367;103508.148;67448.63;409791.676;26163.924;Agricultura, inclusive apoio à agricultura e a pós colheita;Demais serviços;Pecuária, inclusive apoio à pecuária
4;Sul;41;PR;Paraná;4127882;Tunas do Paraná;True;2023;publica;medio;todos (1-4);95.3;0.952348;280.0;267.21;4.622248;4.4;;142466.834;22908.32;132829.189;21358.61;144128.876;15549.56;23875.806;25522.259;39478.903;44364.633;133241.601;10887.275;Administração, defesa, educação e saúde públicas e seguridade social;Demais serviços;Indústrias de transformação
4;Sul;41;PR;Paraná;4127908;Tuneiras do Oeste;True;2023;publica;medio;todos (1-4);95.0;0.948368;260.29;267.17;4.344824;4.1;;297521.394;36881.29;238953.232;29621.08;233721.136;27490.14;102605.676;16188.414;56910.638;45741.294;221446.022;12275.114;Agricultura, inclusive apoio à agricultura e a pós colheita;Administração, defesa, educação e saúde públicas e seguridade social;Demais serviços
4;Sul;41;PR;Paraná;4127957;Tupãssi;True;2023;publica;medio;todos (1-4);96.6;0.966881;276.81;281.52;4.791666;4.6;;520417.306;64432.01;441146.933;54617.67;431426.64;53229.69;175514.736;22906.807;145443.867;50160.263;394025.673;37400.967;Agricultura, inclusive apoio à agricultura e a pós colheita;Demais serviços;Comércio e reparação de veículos automotores e motocicletas
4;Sul;41;PR;Paraná;4127965;Turvo;True;2023;publica;medio;todos (1-4);96.0;0.958258;293.55;297.81;5.270641;5.1;;697870.372;49038.74;633523.561;44517.15;601621.885;46360.63;162254.584;186097.82;131716.039;69751.971;549820.414;51801.471;Indústrias de transformação;Agricultura, inclusive apoio à agricultura e a pós colheita;Demais serviços
4;Sul;41;PR;Paraná;4128005;Ubiratã;True;2023;publica;medio;todos (1-4);95.9;0.958925;286.58;292.46;5.092658;4.9;;2129921.863;86060.93;1740504.258;70326.25;1713942.145;82365.43;448938.742;437129.654;549034.571;120404.726;1555507.693;158434.452;Demais serviços;Agricultura, inclusive apoio à agricultura e a pós colheita;Indústrias de transformação
4;Sul;41;PR;Paraná;4128104;Umuarama;True;2023;publica;medio;todos (1-4);96.3;0.962152;285.71;292.05;5.074301;4.9;;5096996.048;43528.72;4402397.329;37596.8;4103610.112;36181.93;152985.036;689552.075;2241975.786;535494.866;3620007.763;483602.349;Demais serviços;Comércio e reparação de veículos automotores e motocicletas;Administração, defesa, educação e saúde públicas e seguridade social
4;Sul;41;PR;Paraná;4128203;União da Vitória;True;2023;publica;medio;todos (1-4);96.6;0.974463;284.59;290.08;5.02908;4.9;;2223372.504;40400.71;1976995.629;35923.82;1959155.034;33605.87;107958.742;506839.652;866309.824;282873.721;1763981.94;195173.093;Demais serviços;Indústrias de transformação;Administração, defesa, educação e saúde públicas e seguridade social
4;Sul;41;PR;Paraná;4128302;Uniflor;True;2023;publica;medio;todos (1-4);100.0;1.0;273.36;268.63;4.550247;4.6;;131664.6;61640.73;103628.464;48515.2;99878.239;38077.86;55560.406;4388.05;17309.286;18747.714;96005.456;3872.784;Agricultura, inclusive apoio à agricultura e a pós colheita;Administração, defesa, educação e saúde públicas e seguridade social;Demais serviços
4;Sul;41;PR;Paraná;4128401;Uraí;True;2023;publica;medio;todos (1-4);95.1;0.948012;287.83;297.82;5.190454;4.9;;395052.698;37963.93;346336.417;33282.38;367845.614;32746.87;138593.175;40601.403;109925.563;56607.611;345727.753;22117.861;Agricultura, inclusive apoio à agricultura e a pós colheita;Demais serviços;Administração, defesa, educação e saúde públicas e seguridade social
4;Sul;41;PR;Paraná;4128500;Wenceslau Braz;True;2023;publica;medio;todos (1-4);100.0;1.0;271.32;282.8;4.733721;4.7;;767255.933;39986.24;845345.347;44055.94;711220.509;36740.39;162752.632;56342.486;325491.15;91625.399;636211.666;75008.843;Demais serviços;Agricultura, inclusive apoio à agricultura e a pós colheita;Comércio e reparação de veículos automotores e motocicletas
4;Sul;41;PR;Paraná;4128534;Ventania;True;2023;publica;medio;todos (1-4);98.4;0.984448;269.11;269.6;4.505077;4.4;;378783.843;39126.52;397255.008;41034.5;347602.648;28336.4;162343.219;17863.555;81218.495;62643.086;324068.355;23534.293;Agricultura, inclusive apoio à agricultura e a pós colheita;Administração, defesa, educação e saúde públicas e seguridade social;Demais serviços
4;Sul;41;PR;Paraná;4128559;Vera Cruz do Oeste;True;2023;publica;medio;todos (1-4);98.5;0.989606;271.68;281.87;4.724855;4.7;;335606.889;40852.94;290769.14;35394.9;341108.333;40661.38;173533.942;12069.114;91301.521;44296.358;321200.935;19907.398;Agricultura, inclusive apoio à agricultura e a pós colheita;Demais serviços;Administração, defesa, educação e saúde públicas e seguridade social
4;Sul;41;PR;Paraná;4128609;Verê;True;2023;publica;medio;todos (1-4);94.2;0.954717;293.74;294.1;5.217771;5.0;;606828.158;76503.8;535581.803;67521.66;499727.511;70443.69;196795.647;56873.067;161876.474;41315.92;456861.108;42866.403;Agricultura, inclusive apoio à agricultura e a pós colheita;Demais serviços;Pecuária, inclusive apoio à pecuária
4;Sul;41;PR;Paraná;4128625;Alto Paraíso;True;2023;publica;medio;todos (1-4);98.2;0.980816;274.33;268.95;4.568661;4.5;;147760.207;48366.68;118377.253;38748.69;113661.355;43217.25;53554.239;6565.825;21954.135;25564.188;107638.387;6022.968;Pecuária, inclusive apoio à pecuária;Administração, defesa, educação e saúde públicas e seguridade social;Demais serviços
4;Sul;41;PR;Paraná;4128633;Doutor Ulysses;True;2023;publica;medio;todos (1-4);95.6;0.956555;269.85;262.32;4.406488;4.2;;116147.313;20387.45;98491.114;17288.24;99207.086;17956.03;47423.674;2353.651;15144.175;31658.154;96579.653;2627.432;Administração, defesa, educação e saúde públicas e seguridade social;Agricultura, inclusive apoio à agricultura e a pós colheita;Produção florestal, pesca e aquicultura
4;Sul;41;PR;Paraná;4128658;Virmond;True;2023;publica;medio;todos (1-4);99.2;0.992901;305.2;304.06;5.527827;5.5;;241579.027;63389.93;203542.243;53409.14;189727.713;46834.78;85232.742;21429.194;44878.183;25156.176;176696.295;13031.418;Agricultura, inclusive apoio à agricultura e a pós colheita;Demais serviços;Administração, defesa, educação e saúde públicas e seguridade social
4;Sul;41;PR;Paraná;4128708;Vitorino;True;2023;publica;medio;todos (1-4);97.7;0.978586;272.01;274.01;4.611826;4.5;;631024.629;65013.87;520196.38;53595.34;498333.695;72442.75;175237.684;43169.908;192138.444;37093.951;447639.987;50693.708;Agricultura, inclusive apoio à agricultura e a pós colheita;Comércio e reparação de veículos automotores e motocicletas;Demais serviços
4;Sul;41;PR;Paraná;4128807;Xambrê;True;2023;publica;medio;todos (1-4);98.1;0.984536;261.02;276.23;4.490705;4.4;;138497.562;23887.13;110372.996;19036.39;119630.566;21423.81;40874.525;10466.94;29382.968;31975.067;112699.499;6931.067;Administração, defesa, educação e saúde públicas e seguridade social;Demais serviços;Pecuária, inclusive apoio à pecuária
