region_code;region_name;state_code;state_abbr;state_name;city_code;city_name;has_educational_record;school_year;school_network;education_level;school_grades;approval_rate;performance_indicator;saeb_math_score;saeb_portuguese_score;saeb_standardized_average_score;ideb;ideb_projection;gdp_2023_current_prices_thousand_reais;gdp_per_capita_2023_current_reais;gdp_2022_current_prices_thousand_reais;gdp_per_capita_2022_current_reais;gdp_2021_current_prices_thousand_reais;gdp_per_capita_2021_current_reais;gross_value_added_agriculture_2021_current_prices_thousand_reais;gross_value_added_industry_2021_current_prices_thousand_reais;gross_value_added_services_2021_current_prices_thousand_reais;gross_value_added_public_administration_2021_current_prices_thousand_reais;gross_value_added_total_2021_current_prices_thousand_reais;taxes_less_subsidies_2021_current_prices_thousand_reais;main_economic_activity_2021;second_main_economic_activity_2021;third_main_economic_activity_2021
4;Sul;43;RS;Rio Grande do Sul;4300034;Aceguá;True;2023;publica;medio;todos (1-4);81.3;0.815947;276.82;290.2;4.921747;4.0;;382340.49;91688.37;291050.785;69796.35;458226.355;91994.85;269423.337;20614.439;99176.155;45049.677;434263.608;23962.747;Agricultura, inclusive apoio à agricultura e a pós colheita;Pecuária, inclusive apoio à pecuária;Demais serviços
4;Sul;43;RS;Rio Grande do Sul;4300059;Água Santa;True;2023;publica;medio;todos (1-4);94.5;0.948529;300.28;291.12;5.265014;5.0;;418737.672;107039.28;480667.73;122870.07;547412.925;146445.41;158098.364;24609.448;266705.759;28221.107;477634.678;69778.248;Comércio e reparação de veículos automotores e motocicletas;Agricultura, inclusive apoio à agricultura e a pós colheita;Demais serviços
4;Sul;43;RS;Rio Grande do Sul;4300109;Agudo;True;2023;publica;medio;todos (1-4);92.6;0.928987;298.87;302.54;5.416169;5.0;;780151.895;48634.87;648342.377;40422.87;667876.901;40863.74;201172.602;101412.834;195298.233;99024.946;596908.615;70968.286;Agricultura, inclusive apoio à agricultura e a pós colheita;Demais serviços;Administração, defesa, educação e saúde públicas e seguridade social
4;Sul;43;RS;Rio Grande do Sul;4300208;Ajuricaba;True;2023;publica;medio;todos (1-4);87.1;0.872316;289.72;302.41;5.285711;4.6;;383524.803;57072.14;379621.821;56491.34;521060.49;74961.95;247930.517;36130.704;152360.168;44354.687;480776.076;40284.415;Agricultura, inclusive apoio à agricultura e a pós colheita;Demais serviços;Comércio e reparação de veículos automotores e motocicletas
4;Sul;43;RS;Rio Grande do Sul;4300307;Alecrim;True;2023;publica;medio;todos (1-4);91.1;0.915716;298.92;293.69;5.284386;4.8;;153719.013;25105.18;137865.214;22515.96;162073.239;28384.1;61908.999;4543.119;54717.617;32254.157;153423.892;8649.347;Pecuária, inclusive apoio à pecuária;Demais serviços;Administração, defesa, educação e saúde públicas e seguridade social
4;Sul;43;RS;Rio Grande do Sul;4300406;Alegrete;True;2023;publica;medio;todos (1-4);76.6;0.723391;267.46;276.4;4.583699;3.3;;3102027.8;42840.36;2620665.238;36192.53;3079885.857;42485.29;1129604.87;260841.761;1042681.721;431648.217;2864776.569;215109.288;Agricultura, inclusive apoio à agricultura e a pós colheita;Demais serviços;Administração, defesa, educação e saúde públicas e seguridade social
4;Sul;43;RS;Rio Grande do Sul;4300455;Alegria;True;2023;publica;medio;todos (1-4);81.4;0.819372;281.67;296.62;5.085973;4.2;;136099.35;37277.28;119787.123;32809.4;156623.193;47649.28;75782.485;3775.185;39468.23;27213.882;146239.782;10383.411;Agricultura, inclusive apoio à agricultura e a pós colheita;Administração, defesa, educação e saúde públicas e seguridade social;Pecuária, inclusive apoio à pecuária
4;Sul;43;RS;Rio Grande do Sul;4300471;Almirante Tamandaré do Sul;False;;;;;;;;;;;;223166.993;113340.27;267475.401;135843.27;276411.847;142848.5;156681.866;28161.484;52314.033;19604.688;256762.07;19649.777;Agricultura, inclusive apoio à agricultura e a pós colheita;Demais serviços;Pecuária, inclusive apoio à pecuária
4;Sul;43;RS;Rio Grande do Sul;4300505;Alpestre;True;2023;publica;medio;todos (1-4);97.2;0.972097;265.56;273.61;4.515248;4.4;;302869.447;42555.77;256623.881;36057.87;196383.735;33370.22;67275.681;25565.628;44935.29;50266.926;188043.524;8340.21;Administração, defesa, educação e saúde públicas e seguridade social;Demais serviços;Agricultura, inclusive apoio à agricultura e a pós colheita
4;Sul;43;RS;Rio Grande do Sul;4300554;Alto Alegre;True;2023;publica;medio;todos (1-4);71.4;0.711672;290.87;304.82;5.337941;3.8;;72441.818;40245.45;67859.366;37699.65;106141.567;66755.7;62503.016;2952.186;20172.453;15898.809;101526.464;4615.103;Agricultura, inclusive apoio à agricultura e a pós colheita;Administração, defesa, educação e saúde públicas e seguridade social;Pecuária, inclusive apoio à pecuária
4;Sul;43;RS;Rio Grande do Sul;4300570;Alto Feliz;True;2023;publica;medio;todos (1-4);95.5;0.944141;303.08;300.74;5.448352;5.1;;203171.417;66136.53;174453.624;56788.29;161548.892;53088.69;43492.563;51050.704;25888.848;23132.2;143564.314;17984.577;Indústrias de transformação;Pecuária, inclusive apoio à pecuária;Administração, defesa, educação e saúde públicas e seguridade social
4;Sul;43;RS;Rio Grande do Sul;4300604;Alvorada;True;2023;publica;medio;todos (1-4);75.7;0.806416;261.01;271.12;4.414068;3.6;;4129934.297;22048.07;3529383.792;18841.97;3302273.337;15550.94;1325.751;475711.71;1415571.925;1066413.27;2959022.656;343250.681;Administração, defesa, educação e saúde públicas e seguridade social;Demais serviços;Comércio e reparação de veículos automotores e motocicletas
4;Sul;43;RS;Rio Grande do Sul;4300638;Amaral Ferrador;False;;;;;;;;;;;;174054.484;32778.62;147333.482;27746.42;147633.404;20688.54;58337.401;4029.205;35722.946;44830.062;142919.614;4713.79;Administração, defesa, educação e saúde públicas e seguridade social;Agricultura, inclusive apoio à agricultura e a pós colheita;Demais serviços
4;Sul;43;RS;Rio Grande do Sul;4300646;Ametista do Sul;True;2023;publica;medio;todos (1-4);76.8;0.764267;277.42;281.06;4.793348;3.7;;203478.293;26598.47;181655.19;23745.78;177771.981;24036.23;25211.046;44189.622;44539.693;45172.743;159113.103;18658.878;Administração, defesa, educação e saúde públicas e seguridade social;Indústrias de transformação;Demais serviços
4;Sul;43;RS;Rio Grande do Sul;4300661;André da Rocha;False;;;;;;;;;;;;112013.387;98690.21;105227.878;92711.79;193089.736;142923.56;137604.638;5517.474;29133.972;14485.068;186741.153;6348.583;Agricultura, inclusive apoio à agricultura e a pós colheita;Demais serviços;Administração, defesa, educação e saúde públicas e seguridade social
4;Sul;43;RS;Rio Grande do Sul;4300703;Anta Gorda;True;2023;publica;medio;todos (1-4);90.8;0.909327;281.11;279.12;4.816132;4.4;;333257.468;55943.84;295481.46;49602.39;322292.755;54248.91;130819.875;20625.894;98989.065;36052.632;286487.466;35805.289;Pecuária, inclusive apoio à pecuária;Demais serviços;Comércio e reparação de veículos automotores e motocicletas
4;Sul;43;RS;Rio Grande do Sul;4300802;Antônio Prado;True;2023;publica;medio;todos (1-4);83.7;0.841052;299.89;289.35;5.233039;4.4;;926442.744;71018.99;821731.524;63307.51;797512.764;61154.26;83538.591;262422.005;254353.255;80503.457;680817.308;116695.455;Indústrias de transformação;Demais serviços;Administração, defesa, educação e saúde públicas e seguridade social
4;Sul;43;RS;Rio Grande do Sul;4300851;Arambaré;True;2023;publica;medio;todos (1-4);90.2;0.902428;271.76;291.58;4.871338;4.4;;233581.546;56804.85;233906.639;56883.91;285089.122;80442.75;190606.431;10440.211;46393.728;31118.772;278559.142;6529.98;Agricultura, inclusive apoio à agricultura e a pós colheita;Demais serviços;Administração, defesa, educação e saúde públicas e seguridade social
4;Sul;43;RS;Rio Grande do Sul;4300877;Araricá;True;2023;publica;medio;todos (1-4);77.4;0.788405;296.92;297.29;5.310188;4.2;;322955.377;37883.33;289317.344;33937.52;236432.38;40485.0;1257.785;91220.05;66928.606;45460.416;204866.856;31565.523;Indústrias de transformação;Demais serviços;Administração, defesa, educação e saúde públicas e seguridade social
4;Sul;43;RS;Rio Grande do Sul;4300901;Aratiba;True;2023;publica;medio;todos (1-4);92.6;0.92888;305.58;295.35;5.402775;5.0;;1185217.051;182819.23;1178832.186;181834.36;946971.906;154104.46;113658.622;698597.243;64230.438;53001.675;929487.976;17483.929;Eletricidade e gás, água, esgoto, atividades de gestão de resíduos e descontaminação;Pecuária, inclusive apoio à pecuária;Administração, defesa, educação e saúde públicas e seguridade social
4;Sul;43;RS;Rio Grande do Sul;4301008;Arroio do Meio;False;;;;;;;;;;;;1943138.022;88493.4;1781075.948;81094.38;1536560.062;72750.35;89636.05;618763.526;452911.543;120174.86;1281485.979;255074.083;Indústrias de transformação;Demais serviços;Administração, defesa, educação e saúde públicas e seguridade social
4;Sul;43;RS;Rio Grande do Sul;4301057;Arroio do Sal;True;2023;publica;medio;todos (1-4);91.2;0.914964;275.62;278.28;4.72645;4.3;;353686.792;31987.59;308206.172;27874.3;285580.398;27242.24;3597.415;25137.459;153272.364;79717.63;261724.868;23855.53;Demais serviços;Administração, defesa, educação e saúde públicas e seguridade social;Comércio e reparação de veículos automotores e motocicletas
4;Sul;43;RS;Rio Grande do Sul;4301073;Arroio do Padre;True;2023;publica;medio;todos (1-4);84.2;0.842061;258.88;261.51;4.24029;3.6;;96550.913;37149.25;79174.433;30463.42;76784.699;25888.3;32440.687;2805.106;14102.802;23741.083;73089.678;3695.021;Administração, defesa, educação e saúde públicas e seguridade social;Agricultura, inclusive apoio à agricultura e a pós colheita;Demais serviços
4;Sul;43;RS;Rio Grande do Sul;4301107;Arroio dos Ratos;True;2023;publica;medio;todos (1-4);75.1;0.763023;262.96;278.43;4.550886;3.5;;404984.553;27736.77;358088.045;24524.9;357347.875;25163.57;85045.038;37878.064;120837.869;88920.116;332681.087;24666.788;Demais serviços;Administração, defesa, educação e saúde públicas e seguridade social;Produção florestal, pesca e aquicultura
4;Sul;43;RS;Rio Grande do Sul;4301206;Arroio do Tigre;True;2023;publica;medio;todos (1-4);88.4;0.88474;295.41;281.68;5.055298;4.5;;472739.311;39205.45;403055.375;33426.39;429273.362;31911.49;163722.857;28257.615;131096.221;78881.529;401958.223;27315.14;Agricultura, inclusive apoio à agricultura e a pós colheita;Demais serviços;Administração, defesa, educação e saúde públicas e seguridade social
4;Sul;43;RS;Rio Grande do Sul;4301305;Arroio Grande;False;;;;;;;;;;;;965508.115;54989.64;1005950.314;57292.99;1131511.845;62222.26;675999.037;45049.211;246320.611;112713.843;1080082.702;51429.143;Agricultura, inclusive apoio à agricultura e a pós colheita;Demais serviços;Administração, defesa, educação e saúde públicas e seguridade social
4;Sul;43;RS;Rio Grande do Sul;4301404;Arvorezinha;False;;;;;;;;;;;;404652.153;39202.88;346013.892;33521.98;336248.132;32263.3;83483.8;35137.135;129312.446;58531.769;306465.15;29782.982;Demais serviços;Agricultura, inclusive apoio à agricultura e a pós colheita;Administração, defesa, educação e saúde públicas e seguridade social
4;Sul;43;RS;Rio Grande do Sul;4301503;Augusto Pestana;True;2023;publica;medio;todos (1-4);84.4;0.842177;307.35;306.34;5.592156;4.7;;350687.048;49054.0;343697.009;48076.24;504184.31;77033.51;243198.048;22390.163;161680.175;41167.912;468436.299;35748.012;Agricultura, inclusive apoio à agricultura e a pós colheita;Demais serviços;Pecuária, inclusive apoio à pecuária
4;Sul;43;RS;Rio Grande do Sul;4301552;Áurea;True;2023;publica;medio;todos (1-4);95.8;0.960876;286.76;290.83;5.070785;4.9;;177755.631;52342.65;155194.591;45699.23;163439.24;46471.21;68471.12;13627.525;43894.679;26470.385;152463.709;10975.531;Agricultura, inclusive apoio à agricultura e a pós colheita;Demais serviços;Administração, defesa, educação e saúde públicas e seguridade social
4;Sul;43;RS;Rio Grande do Sul;4301602;Bagé;True;2023;publica;medio;todos (1-4);81.0;0.847189;275.58;280.85;4.764361;4.0;;4414767.606;37432.95;4135744.096;35067.1;3748436.997;30846.76;398452.249;422684.224;1781941.797;769883.383;3372961.653;375475.344;Demais serviços;Administração, defesa, educação e saúde públicas e seguridade social;Comércio e reparação de veículos automotores e motocicletas
4;Sul;43;RS;Rio Grande do Sul;4301636;Balneário Pinhal;True;2023;publica;medio;todos (1-4);83.1;0.837656;259.95;278.18;4.504869;3.8;;333149.046;22276.77;332681.911;22245.53;312094.778;21310.67;26133.457;23357.499;139668.049;100671.36;289830.365;22264.413;Demais serviços;Administração, defesa, educação e saúde públicas e seguridade social;Comércio e reparação de veículos automotores e motocicletas
4;Sul;43;RS;Rio Grande do Sul;4301651;Barão;True;2023;publica;medio;todos (1-4);89.6;0.929958;308.92;297.7;5.484865;5.1;;462911.085;71646.97;319646.661;49473.25;308102.42;49438.77;39226.044;130019.361;51687.466;36777.906;257710.777;50391.643;Indústrias de transformação;Administração, defesa, educação e saúde públicas e seguridade social;Demais serviços
4;Sul;43;RS;Rio Grande do Sul;4301701;Barão de Cotegipe;True;2023;publica;medio;todos (1-4);91.6;0.910377;280.31;279.18;4.805794;4.4;;324768.863;45460.37;303205.593;42441.99;341673.55;51643.52;123847.838;37642.957;105470.504;40890.013;307851.313;33822.238;Agricultura, inclusive apoio à agricultura e a pós colheita;Demais serviços;Comércio e reparação de veículos automotores e motocicletas
4;Sul;43;RS;Rio Grande do Sul;4301750;Barão do Triunfo;False;;;;;;;;;;;;142447.239;24188.7;157243.887;26701.29;142319.419;18850.25;65886.499;4638.065;22594.267;43580.898;136699.728;5619.691;Administração, defesa, educação e saúde públicas e seguridade social;Agricultura, inclusive apoio à agricultura e a pós colheita;Produção florestal, pesca e aquicultura
4;Sul;43;RS;Rio Grande do Sul;4301800;Barracão;True;2023;publica;medio;todos (1-4);77.6;0.778351;277.79;290.72;4.943155;3.8;;300014.763;62102.0;253629.721;52500.46;317084.779;60547.03;185122.162;18379.837;62411.177;36670.572;302583.748;14501.032;Agricultura, inclusive apoio à agricultura e a pós colheita;Demais serviços;Administração, defesa, educação e saúde públicas e seguridade social
4;Sul;43;RS;Rio Grande do Sul;4301859;Barra do Guarita;True;2023;publica;medio;todos (1-4);76.5;0.775264;288.55;285.81;5.020776;3.9;;63072.239;19953.25;50753.232;16056.07;56811.54;17394.84;18573.554;2433.84;12018.541;21840.091;54866.026;1945.514;Administração, defesa, educação e saúde públicas e seguridade social;Demais serviços;Agricultura, inclusive apoio à agricultura e a pós colheita
4;Sul;43;RS;Rio Grande do Sul;4301875;Barra do Quaraí;False;;;;;;;;;;;;332589.973;78422.54;231623.353;54615.27;386182.598;91123.78;263546.134;14222.016;58128.39;36264.252;372160.792;14021.806;Agricultura, inclusive apoio à agricultura e a pós colheita;Demais serviços;Administração, defesa, educação e saúde públicas e seguridade social
4;Sul;43;RS;Rio Grande do Sul;4301909;Barra do Ribeiro;True;2023;publica;medio;todos (1-4);85.7;0.85518;270.64;281.02;4.697524;4.0;;581054.183;47529.99;489177.966;40014.56;507428.189;37261.58;222006.554;49671.532;123806.899;77893.014;473378.001;34050.189;Agricultura, inclusive apoio à agricultura e a pós colheita;Demais serviços;Administração, defesa, educação e saúde públicas e seguridade social
4;Sul;43;RS;Rio Grande do Sul;4301925;Barra do Rio Azul;False;;;;;;;;;;;;78570.978;46327.23;70523.093;41582.01;80747.795;49813.57;52725.768;1287.969;8897.6;15671.012;78582.348;2165.446;Pecuária, inclusive apoio à pecuária;Administração, defesa, educação e saúde públicas e seguridade social;Agricultura, inclusive apoio à agricultura e a pós colheita
4;Sul;43;RS;Rio Grande do Sul;4301958;Barra Funda;True;2023;publica;medio;todos (1-4);87.7;0.864016;300.52;302.34;5.436349;4.7;;167381.582;67006.24;158838.702;63586.35;165030.035;64389.4;38372.678;33653.315;49364.028;23270.82;144660.841;20369.194;Demais serviços;Administração, defesa, educação e saúde públicas e seguridade social;Agricultura, inclusive apoio à agricultura e a pós colheita
4;Sul;43;RS;Rio Grande do Sul;4302006;Barros Cassal;False;;;;;;;;;;;;274473.968;29526.03;222738.646;23960.7;244514.468;21896.16;103558.458;8187.736;56710.795;64831.66;233288.649;11225.819;Agricultura, inclusive apoio à agricultura e a pós colheita;Administração, defesa, educação e saúde públicas e seguridade social;Demais serviços
4;Sul;43;RS;Rio Grande do Sul;4302055;Benjamin Constant do Sul;False;;;;;;;;;;;;49986.472;24008.87;45886.157;22039.46;49313.673;25630.81;19516.478;2755.645;8673.689;16896.887;47842.699;1470.974;Administração, defesa, educação e saúde públicas e seguridade social;Agricultura, inclusive apoio à agricultura e a pós colheita;Demais serviços
4;Sul;43;RS;Rio Grande do Sul;4302105;Bento Gonçalves;True;2023;publica;medio;todos (1-4);79.6;0.848571;297.24;301.17;5.372766;4.6;;9062598.061;73589.32;7759739.076;63009.96;7498525.294;60919.05;104329.086;2456585.89;2985354.024;747145.328;6293414.328;1205110.966;Demais serviços;Indústrias de transformação;Administração, defesa, educação e saúde públicas e seguridade social
4;Sul;43;RS;Rio Grande do Sul;4302154;Boa Vista das Missões;True;2023;publica;medio;todos (1-4);84.1;0.847074;262.69;290.99;4.735118;4.0;;173199.979;89601.64;162523.335;84078.29;238521.958;114289.39;159796.87;5543.572;43130.718;18848.045;227319.205;11202.753;Agricultura, inclusive apoio à agricultura e a pós colheita;Demais serviços;Comércio e reparação de veículos automotores e motocicletas
4;Sul;43;RS;Rio Grande do Sul;4302204;Boa Vista do Buricá;True;2023;publica;medio;todos (1-4);81.0;0.826583;313.97;314.62;5.809085;4.8;;354601.866;50904.66;313737.359;45038.38;326886.614;48701.82;82079.434;41300.455;129473.121;40621.909;293474.919;33411.695;Demais serviços;Pecuária, inclusive apoio à pecuária;Comércio e reparação de veículos automotores e motocicletas
4;Sul;43;RS;Rio Grande do Sul;4302220;Boa Vista do Cadeado;True;2023;publica;medio;todos (1-4);88.9;0.862816;303.46;314.7;5.662671;4.9;;269990.931;121126.48;230224.212;103285.87;468751.666;190085.83;331893.705;10627.063;81629.873;25043.335;449193.976;19557.69;Agricultura, inclusive apoio à agricultura e a pós colheita;Demais serviços;Comércio e reparação de veículos automotores e motocicletas
4;Sul;43;RS;Rio Grande do Sul;4302238;Boa Vista do Incra;True;2023;publica;medio;todos (1-4);78.9;0.784708;276.1;277.76;4.725407;3.7;;196998.485;86745.26;194650.644;85711.42;384173.957;146184.92;273985.921;9127.771;60471.121;27161.813;370746.626;13427.331;Agricultura, inclusive apoio à agricultura e a pós colheita;Demais serviços;Administração, defesa, educação e saúde públicas e seguridade social
4;Sul;43;RS;Rio Grande do Sul;4302253;Boa Vista do Sul;False;;;;;;;;;;;;134911.77;48546.88;128281.986;46161.2;120127.489;43320.41;32490.39;25929.88;24111.01;20596.769;103128.049;16999.439;Pecuária, inclusive apoio à pecuária;Indústrias de transformação;Administração, defesa, educação e saúde públicas e seguridade social
4;Sul;43;RS;Rio Grande do Sul;4302303;Bom Jesus;True;2023;publica;medio;todos (1-4);87.1;0.901208;267.11;273.42;4.534173;4.1;;593402.555;52972.91;432191.386;38581.63;613624.298;54447.59;328272.302;47848.895;139984.107;71006.084;587111.389;26512.91;Agricultura, inclusive apoio à agricultura e a pós colheita;Demais serviços;Administração, defesa, educação e saúde públicas e seguridade social
4;Sul;43;RS;Rio Grande do Sul;4302352;Bom Princípio;True;2023;publica;medio;todos (1-4);78.9;0.783211;309.08;294.79;5.443549;4.3;;951019.165;72364.87;865227.057;65886.92;906595.961;62757.58;35806.592;295438.406;308255.989;83716.228;723217.215;183378.746;Indústrias de transformação;Demais serviços;Comércio e reparação de veículos automotores e motocicletas
4;Sul;43;RS;Rio Grande do Sul;4302378;Bom Progresso;False;;;;;;;;;;;;73593.306;35111.31;64873.48;30951.09;86280.406;46437.25;41336.906;3421.151;18497.76;19308.45;82564.267;3716.139;Agricultura, inclusive apoio à agricultura e a pós colheita;Administração, defesa, educação e saúde públicas e seguridade social;Demais serviços
4;Sul;43;RS;Rio Grande do Sul;4302402;Bom Retiro do Sul;True;2023;publica;medio;todos (1-4);80.8;0.810709;295.59;303.36;5.382377;4.4;;509724.682;41461.26;435052.91;35387.42;403056.098;32379.19;33550.478;123410.347;126226.601;73365.632;356553.059;46503.039;Indústrias de transformação;Demais serviços;Administração, defesa, educação e saúde públicas e seguridade social
4;Sul;43;RS;Rio Grande do Sul;4302451;Boqueirão do Leão;False;;;;;;;;;;;;199040.09;31882.12;153755.908;24612.76;150394.643;19554.63;69998.425;6637.245;27463.848;41281.468;145380.986;5013.657;Agricultura, inclusive apoio à agricultura e a pós colheita;Administração, defesa, educação e saúde públicas e seguridade social;Demais serviços
4;Sul;43;RS;Rio Grande do Sul;4302501;Bossoroca;True;2023;publica;medio;todos (1-4);86.7;0.864477;285.54;282.37;4.927003;4.3;;250550.159;42538.23;260907.377;44296.67;490599.017;79967.24;312723.606;11968.306;97785.975;44675.758;467153.644;23445.373;Agricultura, inclusive apoio à agricultura e a pós colheita;Demais serviços;Pecuária, inclusive apoio à pecuária
4;Sul;43;RS;Rio Grande do Sul;4302584;Bozano;True;2023;publica;medio;todos (1-4);94.0;0.943391;252.61;264.71;4.200132;4.0;;119424.69;55520.54;133110.457;61883.06;227410.127;108342.13;130939.643;6094.206;55049.998;19490.077;211573.924;15836.203;Agricultura, inclusive apoio à agricultura e a pós colheita;Comércio e reparação de veículos automotores e motocicletas;Demais serviços
4;Sul;43;RS;Rio Grande do Sul;4302600;Braga;True;2023;publica;medio;todos (1-4);85.9;0.864569;271.59;265.11;4.472693;3.9;;109438.7;33487.97;96634.109;29569.8;130948.737;40033.24;61984.893;3709.061;32155.911;25879.166;123729.031;7219.706;Agricultura, inclusive apoio à agricultura e a pós colheita;Administração, defesa, educação e saúde públicas e seguridade social;Demais serviços
4;Sul;43;RS;Rio Grande do Sul;4302659;Brochier;True;2023;publica;medio;todos (1-4);78.7;0.790313;321.21;310.31;5.84625;4.6;;132265.49;26634.21;113650.857;22885.79;117700.928;22934.71;28095.019;13386.999;35675.103;31076.198;108233.32;9467.608;Administração, defesa, educação e saúde públicas e seguridade social;Demais serviços;Pecuária, inclusive apoio à pecuária
4;Sul;43;RS;Rio Grande do Sul;4302709;Butiá;True;2023;publica;medio;todos (1-4);80.9;0.828328;269.42;283.86;4.722904;3.9;;567080.683;29714.98;545589.911;28588.87;543350.848;25919.52;128895.261;89501.31;168309.761;122448.458;509154.79;34196.058;Demais serviços;Administração, defesa, educação e saúde públicas e seguridade social;Agricultura, inclusive apoio à agricultura e a pós colheita
4;Sul;43;RS;Rio Grande do Sul;4302808;Caçapava do Sul;True;2023;publica;medio;todos (1-4);87.1;0.904095;272.5;279.19;4.696252;4.2;;1175802.486;36161.85;1071097.708;32941.65;1122673.641;33536.67;257113.557;195153.932;387617.638;200890.745;1040775.871;81897.77;Demais serviços;Administração, defesa, educação e saúde públicas e seguridade social;Agricultura, inclusive apoio à agricultura e a pós colheita
4;Sul;43;RS;Rio Grande do Sul;4302907;Cacequi;True;2023;publica;medio;todos (1-4);89.0;0.889608;242.95;241.52;3.717302;3.3;;566822.982;50804.25;417324.302;37404.71;623088.146;50694.67;367036.593;21461.057;134337.102;78987.769;601822.521;21265.625;Agricultura, inclusive apoio à agricultura e a pós colheita;Demais serviços;Administração, defesa, educação e saúde públicas e seguridade social
4;Sul;43;RS;Rio Grande do Sul;4303004;Cachoeira do Sul;True;2023;publica;medio;todos (1-4);82.3;0.866887;271.47;281.74;4.71996;4.1;;3371237.249;42103.62;3408150.105;42564.63;3542706.333;43441.07;972403.911;478213.877;1327161.992;446325.03;3224104.811;318601.522;Demais serviços;Agricultura, inclusive apoio à agricultura e a pós colheita;Administração, defesa, educação e saúde públicas e seguridade social
4;Sul;43;RS;Rio Grande do Sul;4303103;Cachoeirinha;True;2023;publica;medio;todos (1-4);82.0;0.739929;268.27;277.45;4.610794;3.4;;7781824.403;57110.95;7094389.726;52065.86;6458503.943;48874.74;976.777;1448296.014;2967071.763;803119.269;5219463.823;1239040.121;Demais serviços;Comércio e reparação de veículos automotores e motocicletas;Indústrias de transformação
4;Sul;43;RS;Rio Grande do Sul;4303202;Cacique Doble;False;;;;;;;;;;;;154022.394;33461.31;135719.78;29485.07;169235.943;33294.5;89382.59;7002.779;34253.667;32989.793;163628.829;5607.114;Agricultura, inclusive apoio à agricultura e a pós colheita;Administração, defesa, educação e saúde públicas e seguridade social;Demais serviços
4;Sul;43;RS;Rio Grande do Sul;4303301;Caibaté;True;2023;publica;medio;todos (1-4);82.3;0.823314;292.7;299.42;5.282805;4.3;;180411.933;38352.88;178309.372;37905.9;264916.499;55167.95;128979.547;11317.558;75428.18;32965.934;248691.219;16225.28;Agricultura, inclusive apoio à agricultura e a pós colheita;Demais serviços;Administração, defesa, educação e saúde públicas e seguridade social
4;Sul;43;RS;Rio Grande do Sul;4303400;Caiçara;True;2023;publica;medio;todos (1-4);85.5;0.849861;294.62;286.93;5.122795;4.4;;159894.473;33063.37;123647.21;25568.07;149121.997;32007.3;76574.912;6779.425;28811.587;32500.177;144666.101;4455.896;Agricultura, inclusive apoio à agricultura e a pós colheita;Pecuária, inclusive apoio à pecuária;Administração, defesa, educação e saúde públicas e seguridade social
4;Sul;43;RS;Rio Grande do Sul;4303509;Camaquã;True;2023;publica;medio;todos (1-4);79.4;0.820184;286.15;294.51;5.117307;4.2;;3154677.298;50718.28;2849113.962;45805.69;2723674.452;40843.27;652969.666;379940.541;1037104.371;386751.421;2456765.999;266908.452;Demais serviços;Agricultura, inclusive apoio à agricultura e a pós colheita;Administração, defesa, educação e saúde públicas e seguridade social
4;Sul;43;RS;Rio Grande do Sul;4303558;Camargo;True;2023;publica;medio;todos (1-4);90.8;0.905909;295.53;281.55;5.055037;4.6;;612434.517;205446.0;605446.498;203101.81;520482.605;189266.4;92101.532;239339.891;101304.984;23645.274;456391.681;64090.924;Indústrias de transformação;Demais serviços;Pecuária, inclusive apoio à pecuária
4;Sul;43;RS;Rio Grande do Sul;4303608;Cambará do Sul;False;;;;;;;;;;;;275332.193;43284.42;248068.831;38998.4;242578.337;38003.81;54919.501;55578.812;68094.23;45874.374;224466.917;18111.42;Demais serviços;Administração, defesa, educação e saúde públicas e seguridade social;Indústrias de transformação
4;Sul;43;RS;Rio Grande do Sul;4303673;Campestre da Serra;True;2023;publica;medio;todos (1-4);83.0;0.798684;276.09;283.25;4.807452;3.8;;236802.103;73041.98;184638.656;56952.08;204703.304;60171.46;113110.556;17512.957;32824.588;26842.774;190290.874;14412.43;Agricultura, inclusive apoio à agricultura e a pós colheita;Demais serviços;Administração, defesa, educação e saúde públicas e seguridade social
4;Sul;43;RS;Rio Grande do Sul;4303707;Campina das Missões;True;2023;publica;medio;todos (1-4);97.4;0.960043;309.22;303.9;5.581893;5.4;;203771.408;34643.22;174020.773;29585.31;239169.628;44914.48;118961.482;10526.08;64132.844;34014.128;227634.534;11535.095;Pecuária, inclusive apoio à pecuária;Agricultura, inclusive apoio à agricultura e a pós colheita;Demais serviços
4;Sul;43;RS;Rio Grande do Sul;4303806;Campinas do Sul;True;2023;publica;medio;todos (1-4);88.3;0.876103;290.75;287.49;5.076824;4.4;;294874.639;55805.19;330120.902;62475.57;399404.256;73663.64;201010.355;15214.307;117777.466;41059.548;375061.676;24342.58;Agricultura, inclusive apoio à agricultura e a pós colheita;Demais serviços;Comércio e reparação de veículos automotores e motocicletas
4;Sul;43;RS;Rio Grande do Sul;4303905;Campo Bom;True;2023;publica;medio;todos (1-4);78.5;0.786433;280.61;283.56;4.875576;3.8;;4528757.407;72015.35;3896594.538;61962.83;3600083.042;51443.72;2915.064;1385783.161;1091223.264;430988.156;2910909.646;689173.396;Indústrias de transformação;Demais serviços;Administração, defesa, educação e saúde públicas e seguridade social
4;Sul;43;RS;Rio Grande do Sul;4304002;Campo Novo;True;2023;publica;medio;todos (1-4);85.0;0.853558;273.72;283.28;4.774615;4.1;;287302.289;57749.2;262942.9;52852.84;325739.678;76232.08;103576.602;23095.671;120445.815;33233.18;280351.267;45388.411;Agricultura, inclusive apoio à agricultura e a pós colheita;Demais serviços;Comércio e reparação de veículos automotores e motocicletas
4;Sul;43;RS;Rio Grande do Sul;4304101;Campos Borges;True;2023;publica;medio;todos (1-4);85.7;0.858153;270.92;271.29;4.555798;3.9;;105020.137;29067.3;103162.752;28553.21;150033.64;45853.8;75520.147;8165.13;33185.115;24840.541;141710.934;8322.706;Agricultura, inclusive apoio à agricultura e a pós colheita;Administração, defesa, educação e saúde públicas e seguridade social;Demais serviços
4;Sul;43;RS;Rio Grande do Sul;4304200;Candelária;True;2023;publica;medio;todos (1-4);83.0;0.834012;267.7;270.84;4.503837;3.8;;1234676.842;42713.51;1106858.099;38291.64;1078190.999;34255.47;291983.346;179060.707;335930.663;177486.643;984461.36;93729.639;Agricultura, inclusive apoio à agricultura e a pós colheita;Demais serviços;Administração, defesa, educação e saúde públicas e seguridade social
4;Sul;43;RS;Rio Grande do Sul;4304309;Cândido Godói;True;2023;publica;medio;todos (1-4);99.0;0.992066;308.45;301.81;5.539791;5.5;;375021.605;59583.99;329600.325;52367.39;358437.798;58702.55;145175.179;52330.701;96238.292;39386.851;333131.023;25306.774;Pecuária, inclusive apoio à pecuária;Agricultura, inclusive apoio à agricultura e a pós colheita;Demais serviços
4;Sul;43;RS;Rio Grande do Sul;4304358;Candiota;True;2023;publica;medio;todos (1-4);84.6;0.849523;245.61;268.55;4.159302;3.5;;1699384.339;158672.67;2165913.963;202232.86;2744010.195;282683.65;130044.317;2351042.258;118675.29;83194.197;2682956.063;61054.132;Eletricidade e gás, água, esgoto, atividades de gestão de resíduos e descontaminação;Agricultura, inclusive apoio à agricultura e a pós colheita;Demais serviços
4;Sul;43;RS;Rio Grande do Sul;4304408;Canela;True;2023;publica;medio;todos (1-4);78.8;0.83918;272.39;285.51;4.789318;4.0;;1959718.764;40038.38;1782780.568;36423.42;1595265.167;34712.13;20844.182;399881.836;730739.937;290268.698;1441734.654;153530.513;Demais serviços;Administração, defesa, educação e saúde públicas e seguridade social;Eletricidade e gás, água, esgoto, atividades de gestão de resíduos e descontaminação
4;Sul;43;RS;Rio Grande do Sul;4304507;Canguçu;True;2023;publica;medio;todos (1-4);84.1;0.811567;288.66;291.04;5.100614;4.1;;1825527.908;36745.73;1653207.184;33277.12;1660011.425;29448.49;592457.442;55072.474;588604.799;313330.935;1549465.65;110545.775;Agricultura, inclusive apoio à agricultura e a pós colheita;Demais serviços;Administração, defesa, educação e saúde públicas e seguridade social
4;Sul;43;RS;Rio Grande do Sul;4304606;Canoas;True;2023;publica;medio;todos (1-4);79.9;0.832651;273.59;283.74;4.779675;4.0;;29166696.701;83895.04;28818822.755;82894.41;21995417.891;62892.93;10474.843;8390682.473;8593965.532;1909022.101;18904144.948;3091272.943;Indústrias de transformação;Demais serviços;Comércio e reparação de veículos automotores e motocicletas
4;Sul;43;RS;Rio Grande do Sul;4304614;Canudos do Vale;True;2023;publica;medio;todos (1-4);97.4;0.979528;296.74;281.46;5.070684;5.0;;66952.744;40430.4;55371.614;33436.97;67987.692;40158.12;39534.967;1618.947;9596.484;15173.619;65924.017;2063.675;Pecuária, inclusive apoio à pecuária;Administração, defesa, educação e saúde públicas e seguridade social;Agricultura, inclusive apoio à agricultura e a pós colheita
4;Sul;43;RS;Rio Grande do Sul;4304622;Capão Bonito do Sul;True;2023;publica;medio;todos (1-4);100.0;1.0;261.49;266.01;4.344312;4.3;;223070.869;128719.49;232999.989;134448.93;342053.357;210106.48;239236.09;14393.209;55520.333;19330.339;328479.971;13573.386;Agricultura, inclusive apoio à agricultura e a pós colheita;Demais serviços;Comércio e reparação de veículos automotores e motocicletas
4;Sul;43;RS;Rio Grande do Sul;4304630;Capão da Canoa;True;2023;publica;medio;todos (1-4);87.8;0.880892;270.72;284.99;4.758079;4.2;;2588160.821;40698.19;2132259.562;33529.26;1966028.128;35740.12;3527.823;283086.195;1110289.498;381132.883;1778036.4;187991.727;Demais serviços;Administração, defesa, educação e saúde públicas e seguridade social;Comércio e reparação de veículos automotores e motocicletas
4;Sul;43;RS;Rio Grande do Sul;4304655;Capão do Cipó;False;;;;;;;;;;;;220125.611;70575.7;276461.95;88638.01;644965.498;172220.43;456954.147;15373.318;112277.634;31879.394;616484.493;28481.005;Agricultura, inclusive apoio à agricultura e a pós colheita;Demais serviços;Comércio e reparação de veículos automotores e motocicletas
4;Sul;43;RS;Rio Grande do Sul;4304663;Capão do Leão;True;2023;publica;medio;todos (1-4);81.1;0.812358;259.29;255.59;4.157425;3.4;;854021.503;32243.04;784508.083;29618.61;830088.424;32601.07;153536.103;207562.968;230051.093;161810.073;752960.237;77128.187;Demais serviços;Administração, defesa, educação e saúde públicas e seguridade social;Agricultura, inclusive apoio à agricultura e a pós colheita
4;Sul;43;RS;Rio Grande do Sul;4304671;Capivari do Sul;True;2023;publica;medio;todos (1-4);87.3;0.87523;282.26;308.55;5.272852;4.6;;399404.821;100076.38;392771.731;98414.37;386833.547;80708.02;152886.192;32111.147;128650.757;35719.613;349367.709;37465.838;Agricultura, inclusive apoio à agricultura e a pós colheita;Demais serviços;Comércio e reparação de veículos automotores e motocicletas
4;Sul;43;RS;Rio Grande do Sul;4304689;Capela de Santana;True;2023;publica;medio;todos (1-4);72.7;0.735524;251.66;266.25;4.209843;3.1;;315947.179;28313.22;275619.646;24699.31;298587.995;24508.58;30504.888;78966.554;85476.453;73388.373;268336.268;30251.727;Administração, defesa, educação e saúde públicas e seguridade social;Indústrias de transformação;Demais serviços
4;Sul;43;RS;Rio Grande do Sul;4304697;Capitão;True;2023;publica;medio;todos (1-4);83.9;0.844964;301.61;291.07;5.282945;4.5;;88568.866;30321.42;83791.427;28725.21;95379.058;34432.87;49037.456;6213.513;13521.484;23589.159;92361.612;3017.446;Pecuária, inclusive apoio à pecuária;Administração, defesa, educação e saúde públicas e seguridade social;Demais serviços
4;Sul;43;RS;Rio Grande do Sul;4304705;Carazinho;True;2023;publica;medio;todos (1-4);82.3;0.428315;277.73;282.38;4.817462;2.1;;3744966.585;60594.24;4263664.455;68986.87;3846857.51;61635.52;253865.767;381381.86;2185544.679;347812.105;3168604.412;678253.098;Comércio e reparação de veículos automotores e motocicletas;Demais serviços;Administração, defesa, educação e saúde públicas e seguridade social
4;Sul;43;RS;Rio Grande do Sul;4304713;Caraá;False;;;;;;;;;;;;158174.358;21392.26;132726.805;18033.53;165660.85;19660.68;54789.621;22492.229;28400.857;52836.307;158519.013;7141.836;Administração, defesa, educação e saúde públicas e seguridade social;Produção florestal, pesca e aquicultura;Demais serviços
4;Sul;43;RS;Rio Grande do Sul;4304804;Carlos Barbosa;True;2023;publica;medio;todos (1-4);94.1;0.94253;286.11;282.46;4.936356;4.7;;3815080.263;125413.55;3384037.833;111251.16;3529584.152;115232.91;82339.261;1713024.673;769588.805;177808.55;2742761.289;786822.863;Indústrias de transformação;Demais serviços;Administração, defesa, educação e saúde públicas e seguridade social
4;Sul;43;RS;Rio Grande do Sul;4304853;Carlos Gomes;False;;;;;;;;;;;;61763.318;45281.03;54403.298;39768.49;70447.289;53087.63;41661.111;4650.707;8907.758;13486.125;68705.7;1741.589;Agricultura, inclusive apoio à agricultura e a pós colheita;Administração, defesa, educação e saúde públicas e seguridade social;Pecuária, inclusive apoio à pecuária
4;Sul;43;RS;Rio Grande do Sul;4304903;Casca;True;2023;publica;medio;todos (1-4);89.2;0.892063;292.76;290.71;5.153258;4.6;;875949.222;92546.14;747422.851;78967.02;717921.359;79153.4;184464.963;132678.581;250558.591;57728.544;625430.679;92490.68;Demais serviços;Indústrias de transformação;Agricultura, inclusive apoio à agricultura e a pós colheita
4;Sul;43;RS;Rio Grande do Sul;4304952;Caseiros;True;2023;publica;medio;todos (1-4);90.6;0.90035;280.2;266.68;4.617123;4.2;;177158.193;59052.73;165298.779;55099.59;199197.079;61709.13;80795.097;9772.971;65869.984;23292.738;179730.791;19466.288;Agricultura, inclusive apoio à agricultura e a pós colheita;Comércio e reparação de veículos automotores e motocicletas;Demais serviços
4;Sul;43;RS;Rio Grande do Sul;4305009;Catuípe;True;2023;publica;medio;todos (1-4);81.8;0.826984;278.17;282.38;4.823642;4.0;;425026.002;49000.0;425148.141;49014.08;638111.603;73932.52;355152.935;21000.701;170918.243;55793.814;602865.693;35245.91;Agricultura, inclusive apoio à agricultura e a pós colheita;Demais serviços;Comércio e reparação de veículos automotores e motocicletas
4;Sul;43;RS;Rio Grande do Sul;4305108;Caxias do Sul;True;2023;publica;medio;todos (1-4);78.8;0.834866;278.81;285.39;4.87769;4.1;;37860601.686;81683.97;34342096.943;74118.89;31688551.69;60507.13;275560.455;9594399.142;13646712.13;2900076.465;26416748.193;5271803.498;Demais serviços;Indústrias de transformação;Comércio e reparação de veículos automotores e motocicletas
4;Sul;43;RS;Rio Grande do Sul;4305116;Centenário;True;2023;publica;medio;todos (1-4);94.7;0.930235;297.71;289.61;5.206313;4.8;;123347.044;45215.19;96415.597;35433.88;120778.779;42156.64;70857.227;5188.331;19732.476;21405.913;117183.945;3594.833;Agricultura, inclusive apoio à agricultura e a pós colheita;Administração, defesa, educação e saúde públicas e seguridade social;Demais serviços
4;Sul;43;RS;Rio Grande do Sul;4305124;Cerrito;True;2023;publica;medio;todos (1-4);79.4;0.833065;259.06;268.61;4.349105;3.6;;131165.766;22583.64;158653.478;27316.37;161328.242;26865.65;86122.031;4996.939;28123.506;37337.691;156580.167;4748.075;Agricultura, inclusive apoio à agricultura e a pós colheita;Administração, defesa, educação e saúde públicas e seguridade social;Demais serviços
4;Sul;43;RS;Rio Grande do Sul;4305132;Cerro Branco;True;2023;publica;medio;todos (1-4);92.7;0.920446;285.54;295.46;5.122961;4.7;;104220.011;27411.89;87040.015;22893.22;90159.336;19101.55;35783.582;3879.984;17471.462;30068.408;87203.435;2955.901;Agricultura, inclusive apoio à agricultura e a pós colheita;Administração, defesa, educação e saúde públicas e seguridade social;Demais serviços
4;Sul;43;RS;Rio Grande do Sul;4305157;Cerro Grande;True;2023;publica;medio;todos (1-4);88.4;0.870805;251.17;262.45;4.146075;3.6;;61938.119;26035.36;65563.242;27559.16;74182.326;32521.84;41836.027;1568.101;9790.045;19157.007;72351.181;1831.146;Agricultura, inclusive apoio à agricultura e a pós colheita;Administração, defesa, educação e saúde públicas e seguridade social;Pecuária, inclusive apoio à pecuária
4;Sul;43;RS;Rio Grande do Sul;4305173;Cerro Grande do Sul;True;2023;publica;medio;todos (1-4);79.4;0.781436;265.53;281.67;4.635485;3.6;;251120.043;27361.09;217108.381;23655.3;203184.44;16152.67;58730.027;9901.783;53907.154;67102.643;189641.608;13542.833;Administração, defesa, educação e saúde públicas e seguridade social;Agricultura, inclusive apoio à agricultura e a pós colheita;Demais serviços
4;Sul;43;RS;Rio Grande do Sul;4305207;Cerro Largo;True;2023;publica;medio;todos (1-4);69.7;0.702685;302.19;297.06;5.380762;3.8;;807006.841;58884.12;784741.519;57259.51;796777.353;55941.68;83745.884;73911.219;386544.724;79882.424;624084.251;172693.102;Demais serviços;Comércio e reparação de veículos automotores e motocicletas;Administração, defesa, educação e saúde públicas e seguridade social
4;Sul;43;RS;Rio Grande do Sul;4305306;Chapada;False;;;;;;;;;;;;603052.913;63213.09;618858.417;64869.86;741827.744;80537.16;393768.392;47387.392;196005.935;55833.73;692995.449;48832.295;Agricultura, inclusive apoio à agricultura e a pós colheita;Demais serviços;Comércio e reparação de veículos automotores e motocicletas
4;Sul;43;RS;Rio Grande do Sul;4305355;Charqueadas;True;2023;publica;medio;todos (1-4);80.0;0.81312;284.66;295.19;5.10656;4.2;;1857420.42;53050.97;1828633.906;52228.78;1736982.796;41649.27;61424.55;778257.796;458582.534;247455.263;1545720.142;191262.653;Indústrias de transformação;Demais serviços;Administração, defesa, educação e saúde públicas e seguridade social
4;Sul;43;RS;Rio Grande do Sul;4305371;Charrua;False;;;;;;;;;;;;125647.296;45392.81;127992.873;46240.2;149351.766;46267.59;90807.084;3415.057;25605.66;23859.779;143687.579;5664.188;Agricultura, inclusive apoio à agricultura e a pós colheita;Administração, defesa, educação e saúde públicas e seguridade social;Pecuária, inclusive apoio à pecuária
4;Sul;43;RS;Rio Grande do Sul;4305405;Chiapetta;True;2023;publica;medio;todos (1-4);82.6;0.84178;300.61;295.12;5.329529;4.5;;265708.116;67903.94;241091.556;61612.97;388836.373;105547.33;274522.283;12097.744;63176.388;29503.766;379300.182;9536.192;Agricultura, inclusive apoio à agricultura e a pós colheita;Demais serviços;Administração, defesa, educação e saúde públicas e seguridade social
4;Sul;43;RS;Rio Grande do Sul;4305439;Chuí;False;;;;;;;;;;;;522359.628;83417.38;422833.735;67523.75;370302.672;54201.21;42647.558;56821.013;179584.731;46916.202;325969.503;44333.168;Comércio e reparação de veículos automotores e motocicletas;Demais serviços;Eletricidade e gás, água, esgoto, atividades de gestão de resíduos e descontaminação
4;Sul;43;RS;Rio Grande do Sul;4305447;Chuvisca;True;2023;publica;medio;todos (1-4);89.0;0.893947;281.38;281.62;4.857349;4.3;;163414.982;35548.18;142419.768;30981.02;129740.739;23512.28;65543.053;3533.777;18186.126;38157.279;125420.236;4320.503;Agricultura, inclusive apoio à agricultura e a pós colheita;Administração, defesa, educação e saúde públicas e seguridade social;Demais serviços
4;Sul;43;RS;Rio Grande do Sul;4305454;Cidreira;True;2023;publica;medio;todos (1-4);82.0;0.818482;266.42;287.96;4.742147;3.9;;406916.434;23836.71;364733.296;21365.67;362063.294;21427.67;25701.987;23369.24;170700.982;116238.437;336010.646;26052.648;Demais serviços;Administração, defesa, educação e saúde públicas e seguridade social;Comércio e reparação de veículos automotores e motocicletas
4;Sul;43;RS;Rio Grande do Sul;4305504;Ciríaco;True;2023;publica;medio;todos (1-4);80.4;0.799811;283.39;285.96;4.950549;4.0;;233409.517;56256.81;225963.634;54501.6;264361.122;56330.94;139554.829;15408.895;63664.929;28339.049;246967.701;17393.42;Agricultura, inclusive apoio à agricultura e a pós colheita;Demais serviços;Administração, defesa, educação e saúde públicas e seguridade social
4;Sul;43;RS;Rio Grande do Sul;4305587;Colinas;True;2023;publica;medio;todos (1-4);83.6;0.849254;315.56;320.06;5.912854;5.0;;90397.865;37308.24;76751.207;31676.11;87209.73;35364.85;35744.166;9886.693;15813.031;21511.444;82955.334;4254.396;Pecuária, inclusive apoio à pecuária;Administração, defesa, educação e saúde públicas e seguridade social;Demais serviços
4;Sul;43;RS;Rio Grande do Sul;4305603;Colorado;True;2023;publica;medio;todos (1-4);84.0;0.842619;288.94;309.97;5.38793;4.5;;198977.308;61073.45;241830.374;74226.63;338157.962;109507.11;212849.819;11957.537;70278.627;25694.309;320780.292;17377.67;Agricultura, inclusive apoio à agricultura e a pós colheita;Demais serviços;Comércio e reparação de veículos automotores e motocicletas
4;Sul;43;RS;Rio Grande do Sul;4305702;Condor;True;2023;publica;medio;todos (1-4);81.0;0.799101;278.75;278.21;4.769363;3.8;;470591.921;73461.12;503407.174;78583.7;624707.056;92330.34;292442.851;69822.077;163926.758;48086.669;574278.355;50428.701;Agricultura, inclusive apoio à agricultura e a pós colheita;Demais serviços;Comércio e reparação de veículos automotores e motocicletas
4;Sul;43;RS;Rio Grande do Sul;4305801;Constantina;True;2023;publica;medio;todos (1-4);85.6;0.866675;292.78;289.79;5.139767;4.5;;471924.803;45442.93;442900.902;42648.14;432349.568;43658.44;128556.195;37066.474;164809.419;58639.846;389071.934;43277.635;Demais serviços;Agricultura, inclusive apoio à agricultura e a pós colheita;Comércio e reparação de veículos automotores e motocicletas
4;Sul;43;RS;Rio Grande do Sul;4305835;Coqueiro Baixo;True;2023;publica;medio;todos (1-4);89.3;0.888753;302.86;298.22;5.407537;4.8;;56010.85;43419.26;46505.291;36050.61;52163.969;35009.38;28711.528;1306.349;6658.636;13916.838;50593.351;1570.618;Pecuária, inclusive apoio à pecuária;Administração, defesa, educação e saúde públicas e seguridade social;Demais serviços
4;Sul;43;RS;Rio Grande do Sul;4305850;Coqueiros do Sul;True;2023;publica;medio;todos (1-4);86.2;0.862869;283.64;296.21;5.107504;4.4;;139283.039;62995.49;154515.936;69885.09;190144.917;83875.13;116788.551;6204.034;35213.353;21976.287;180182.225;9962.691;Agricultura, inclusive apoio à agricultura e a pós colheita;Pecuária, inclusive apoio à pecuária;Administração, defesa, educação e saúde públicas e seguridade social
4;Sul;43;RS;Rio Grande do Sul;4305871;Coronel Barros;True;2023;publica;medio;todos (1-4);97.6;0.979528;295.33;306.62;5.427527;5.3;;143057.556;50693.68;181360.108;64266.52;226126.29;89697.06;102961.165;14257.972;66179.741;23943.827;207342.704;18783.585;Agricultura, inclusive apoio à agricultura e a pós colheita;Comércio e reparação de veículos automotores e motocicletas;Demais serviços
4;Sul;43;RS;Rio Grande do Sul;4305900;Coronel Bicaco;True;2023;publica;medio;todos (1-4);80.5;0.812286;256.51;273.69;4.389338;3.6;;397095.211;64631.38;359353.786;58488.57;515154.268;71420.25;288705.442;16532.702;132231.161;49320.193;486789.498;28364.769;Agricultura, inclusive apoio à agricultura e a pós colheita;Demais serviços;Comércio e reparação de veículos automotores e motocicletas
4;Sul;43;RS;Rio Grande do Sul;4305934;Coronel Pilar;True;2023;publica;medio;todos (1-4);97.3;0.970713;299.01;298.64;5.359752;5.2;;58153.052;36187.34;45945.009;28590.55;49059.731;30624.05;23451.347;3093.911;7207.705;13372.926;47125.889;1933.842;Administração, defesa, educação e saúde públicas e seguridade social;Agricultura, inclusive apoio à agricultura e a pós colheita;Pecuária, inclusive apoio à pecuária
4;Sul;43;RS;Rio Grande do Sul;4305959;Cotiporã;False;;;;;;;;;;;;205101.892;53328.63;167746.445;43615.82;167928.673;43914.4;45672.932;36945.61;42107.788;27240.945;151967.276;15961.397;Demais serviços;Indústrias de transformação;Administração, defesa, educação e saúde públicas e seguridade social
4;Sul;43;RS;Rio Grande do Sul;4305975;Coxilha;True;2023;publica;medio;todos (1-4);89.4;0.90237;275.14;273.47;4.647702;4.2;;349363.704;130995.01;299358.419;112245.38;422465.072;154692.45;297297.885;18741.67;64408.833;27602.863;408051.251;14413.821;Agricultura, inclusive apoio à agricultura e a pós colheita;Demais serviços;Pecuária, inclusive apoio à pecuária
4;Sul;43;RS;Rio Grande do Sul;4306007;Crissiumal;True;2023;publica;medio;todos (1-4);86.1;0.859981;265.9;269.76;4.462388;3.8;;500660.437;38853.05;493118.613;38267.78;508978.591;38358.47;188787.983;50484.334;151934.495;81612.078;472818.89;36159.702;Agricultura, inclusive apoio à agricultura e a pós colheita;Demais serviços;Administração, defesa, educação e saúde públicas e seguridade social
4;Sul;43;RS;Rio Grande do Sul;4306056;Cristal;True;2023;publica;medio;todos (1-4);80.1;0.822814;270.41;269.51;4.521988;3.7;;300530.225;41174.16;332135.753;45504.28;308908.082;38038.18;155760.355;15153.971;70820.389;50145.164;291879.879;17028.202;Agricultura, inclusive apoio à agricultura e a pós colheita;Demais serviços;Administração, defesa, educação e saúde públicas e seguridade social
4;Sul;43;RS;Rio Grande do Sul;4306072;Cristal do Sul;True;2023;publica;medio;todos (1-4);97.5;0.976731;255.73;255.46;4.105479;4.0;;98786.982;36696.5;85679.559;31827.47;94741.385;33359.64;56692.387;2157.947;11621.706;21791.288;92263.328;2478.056;Agricultura, inclusive apoio à agricultura e a pós colheita;Pecuária, inclusive apoio à pecuária;Administração, defesa, educação e saúde públicas e seguridade social
4;Sul;43;RS;Rio Grande do Sul;4306106;Cruz Alta;True;2023;publica;medio;todos (1-4);79.7;0.786171;260.27;269.93;4.38586;3.4;;4399886.112;74684.47;4121142.616;69953.03;4609396.587;77389.51;776889.975;418956.442;2347108.638;363715.826;3906670.882;702725.705;Comércio e reparação de veículos automotores e motocicletas;Demais serviços;Agricultura, inclusive apoio à agricultura e a pós colheita
4;Sul;43;RS;Rio Grande do Sul;4306130;Cruzaltense;False;;;;;;;;;;;;104945.418;64186.8;106377.73;65062.83;144764.246;82019.4;84741.218;3963.389;31308.88;17013.62;137027.106;7737.14;Agricultura, inclusive apoio à agricultura e a pós colheita;Pecuária, inclusive apoio à pecuária;Administração, defesa, educação e saúde públicas e seguridade social
4;Sul;43;RS;Rio Grande do Sul;4306205;Cruzeiro do Sul;True;2023;publica;medio;todos (1-4);83.9;0.836417;273.23;278.75;4.699918;3.9;;685746.234;55774.4;663726.737;57217.82;533004.442;42787.54;90458.412;123218.194;176438.379;68255.829;458370.814;74633.629;Demais serviços;Indústrias de transformação;Administração, defesa, educação e saúde públicas e seguridade social
4;Sul;43;RS;Rio Grande do Sul;4306304;David Canabarro;True;2023;publica;medio;todos (1-4);98.4;0.98386;311.11;295.57;5.483737;5.4;;206879.586;47877.71;193222.088;44716.98;229363.65;48470.76;102178.053;9455.064;70792.076;30991.383;213416.577;15947.073;Agricultura, inclusive apoio à agricultura e a pós colheita;Demais serviços;Comércio e reparação de veículos automotores e motocicletas
4;Sul;43;RS;Rio Grande do Sul;4306320;Derrubadas;True;2023;publica;medio;todos (1-4);96.6;0.969792;293.88;267.56;4.822432;4.7;;117581.469;42741.36;104475.845;37977.41;148407.867;54601.86;92002.751;5332.051;24306.583;22098.437;143739.823;4668.044;Agricultura, inclusive apoio à agricultura e a pós colheita;Administração, defesa, educação e saúde públicas e seguridade social;Demais serviços
4;Sul;43;RS;Rio Grande do Sul;4306353;Dezesseis de Novembro;True;2023;publica;medio;todos (1-4);84.1;0.824964;276.06;277.35;4.718708;3.9;;51411.752;20507.28;48710.781;19429.91;57174.927;24528.07;21162.915;1282.107;12311.688;20326.63;55083.341;2091.587;Administração, defesa, educação e saúde públicas e seguridade social;Agricultura, inclusive apoio à agricultura e a pós colheita;Demais serviços
4;Sul;43;RS;Rio Grande do Sul;4306379;Dilermando de Aguiar;False;;;;;;;;;;;;202939.142;72323.29;180077.877;64176.01;267902.11;89569.41;182178.692;12580.921;39325.982;24860.742;258946.338;8955.772;Agricultura, inclusive apoio à agricultura e a pós colheita;Demais serviços;Administração, defesa, educação e saúde públicas e seguridade social
4;Sul;43;RS;Rio Grande do Sul;4306403;Dois Irmãos;True;2023;publica;medio;todos (1-4);81.7;0.860046;286.18;285.83;4.987788;4.3;;2639523.25;85952.76;2502140.829;81479.07;2188545.43;65238.19;20707.721;783119.578;857272.957;180613.411;1841713.667;346831.763;Indústrias de transformação;Demais serviços;Comércio e reparação de veículos automotores e motocicletas
4;Sul;43;RS;Rio Grande do Sul;4306429;Dois Irmãos das Missões;False;;;;;;;;;;;;125756.576;60170.61;126526.522;60539.01;199195.051;99997.52;135693.173;7711.832;25410.068;21327.883;190142.956;9052.095;Agricultura, inclusive apoio à agricultura e a pós colheita;Administração, defesa, educação e saúde públicas e seguridade social;Demais serviços
4;Sul;43;RS;Rio Grande do Sul;4306452;Dois Lajeados;True;2023;publica;medio;todos (1-4);89.2;0.878449;297.82;304.0;5.423278;4.8;;166002.207;53600.97;157965.944;51006.12;172601.617;50616.31;59127.34;33172.774;43611.486;23797.562;159709.162;12892.455;Demais serviços;Pecuária, inclusive apoio à pecuária;Indústrias de transformação
4;Sul;43;RS;Rio Grande do Sul;4306502;Dom Feliciano;True;2023;publica;medio;todos (1-4);79.5;0.799399;280.27;292.44;5.003735;4.0;;418179.091;32041.92;341143.355;26139.25;356859.868;22940.34;155677.78;9625.545;86600.382;89194.481;341098.188;15761.68;Agricultura, inclusive apoio à agricultura e a pós colheita;Administração, defesa, educação e saúde públicas e seguridade social;Demais serviços
4;Sul;43;RS;Rio Grande do Sul;4306551;Dom Pedro de Alcântara;True;2023;publica;medio;todos (1-4);94.4;0.951165;287.95;290.29;5.079414;4.8;;83655.809;32652.54;70195.789;27398.82;65533.689;26005.43;9319.93;4158.789;24986.221;20426.838;58891.778;6641.911;Administração, defesa, educação e saúde públicas e seguridade social;Demais serviços;Comércio e reparação de veículos automotores e motocicletas
4;Sul;43;RS;Rio Grande do Sul;4306601;Dom Pedrito;True;2023;publica;medio;todos (1-4);85.6;0.874354;267.82;271.18;4.510612;3.9;;2288172.309;61874.27;2000957.742;54107.72;2210948.446;57844.92;1052204.255;132721.867;654686.139;230115.752;2069728.013;141220.433;Agricultura, inclusive apoio à agricultura e a pós colheita;Demais serviços;Administração, defesa, educação e saúde públicas e seguridade social
4;Sul;43;RS;Rio Grande do Sul;4306700;Dona Francisca;True;2023;publica;medio;todos (1-4);80.9;0.835612;280.0;289.56;4.956829;4.1;;112216.054;36445.62;90196.092;29293.96;106596.454;36036.66;35158.085;17506.085;25118.489;21545.656;99328.315;7268.139;Agricultura, inclusive apoio à agricultura e a pós colheita;Administração, defesa, educação e saúde públicas e seguridade social;Demais serviços
4;Sul;43;RS;Rio Grande do Sul;4306734;Doutor Maurício Cardoso;True;2023;publica;medio;todos (1-4);95.2;0.94991;307.46;298.19;5.471695;5.2;;228266.041;51066.23;236102.657;52819.39;260796.991;59542.69;146062.72;7345.865;64511.265;30486.096;248405.947;12391.044;Agricultura, inclusive apoio à agricultura e a pós colheita;Demais serviços;Administração, defesa, educação e saúde públicas e seguridade social
4;Sul;43;RS;Rio Grande do Sul;4306759;Doutor Ricardo;True;2023;publica;medio;todos (1-4);88.6;0.886688;283.51;273.37;4.763762;4.2;;89703.861;47512.64;75699.322;40094.98;78890.781;40107.16;27780.825;11112.422;18028.48;16040.611;72962.338;5928.443;Administração, defesa, educação e saúde públicas e seguridade social;Pecuária, inclusive apoio à pecuária;Demais serviços
4;Sul;43;RS;Rio Grande do Sul;4306767;Eldorado do Sul;True;2023;publica;medio;todos (1-4);84.0;0.848305;264.98;270.18;4.455754;3.8;;2623491.095;66318.44;2442465.498;61742.35;2120268.87;49900.42;183079.222;264186.5;921465.306;277193.697;1645924.725;474344.145;Comércio e reparação de veículos automotores e motocicletas;Demais serviços;Administração, defesa, educação e saúde públicas e seguridade social
4;Sul;43;RS;Rio Grande do Sul;4306809;Encantado;False;;;;;;;;;;;;1411421.633;61467.71;1230651.48;53595.13;1168357.678;50694.57;51928.813;316052.08;486207.23;118209.893;972398.016;195959.662;Demais serviços;Indústrias de transformação;Comércio e reparação de veículos automotores e motocicletas
4;Sul;43;RS;Rio Grande do Sul;4306908;Encruzilhada do Sul;True;2023;publica;medio;todos (1-4);90.0;0.890608;266.03;274.94;4.541759;4.0;;1189528.484;49940.32;1103750.562;46339.08;1080948.656;41512.68;568395.984;46320.735;250059.882;160617.267;1025393.867;55554.789;Agricultura, inclusive apoio à agricultura e a pós colheita;Produção florestal, pesca e aquicultura;Demais serviços
4;Sul;43;RS;Rio Grande do Sul;4306924;Engenho Velho;False;;;;;;;;;;;;50748.221;39157.58;54280.199;41882.87;73214.261;78556.07;38447.051;1811.816;14091.042;15825.572;70175.481;3038.779;Agricultura, inclusive apoio à agricultura e a pós colheita;Administração, defesa, educação e saúde públicas e seguridade social;Demais serviços
4;Sul;43;RS;Rio Grande do Sul;4306932;Entre-Ijuís;True;2023;publica;medio;todos (1-4);88.8;0.879983;268.62;281.86;4.681728;4.1;;478944.287;52263.67;487687.32;53252.6;687578.061;82344.68;279913.7;26463.504;259974.634;56228.182;622580.021;64998.041;Agricultura, inclusive apoio à agricultura e a pós colheita;Comércio e reparação de veículos automotores e motocicletas;Demais serviços
4;Sul;43;RS;Rio Grande do Sul;4306957;Entre Rios do Sul;True;2023;publica;medio;todos (1-4);91.7;0.921857;292.52;293.8;5.196145;4.8;;209711.318;78104.77;212452.598;79125.73;207517.071;76181.01;51456.831;91375.698;30195.556;23373.458;196401.543;11115.527;Eletricidade e gás, água, esgoto, atividades de gestão de resíduos e descontaminação;Agricultura, inclusive apoio à agricultura e a pós colheita;Administração, defesa, educação e saúde públicas e seguridade social
4;Sul;43;RS;Rio Grande do Sul;4306973;Erebango;True;2023;publica;medio;todos (1-4);80.4;0.811286;284.38;284.36;4.940502;4.0;;152045.966;49785.84;202451.954;66290.75;180479.152;60604.15;84383.625;11793.164;45078.16;25560.393;166815.341;13663.811;Agricultura, inclusive apoio à agricultura e a pós colheita;Administração, defesa, educação e saúde públicas e seguridade social;Demais serviços
4;Sul;43;RS;Rio Grande do Sul;4307005;Erechim;True;2023;publica;medio;todos (1-4);85.2;0.882303;287.68;290.13;5.073227;4.5;;8497105.637;80385.09;7683906.541;72691.99;6882629.057;64103.17;154750.201;2043872.479;2980185.391;601022.905;5779830.975;1102798.082;Demais serviços;Indústrias de transformação;Comércio e reparação de veículos automotores e motocicletas
4;Sul;43;RS;Rio Grande do Sul;4307054;Ernestina;True;2023;publica;medio;todos (1-4);83.3;0.821709;270.89;274.64;4.605526;3.8;;163434.285;53867.6;184105.502;60680.78;265549.33;83743.09;144265.27;24063.792;54904.752;28734.135;251967.948;13581.383;Agricultura, inclusive apoio à agricultura e a pós colheita;Demais serviços;Administração, defesa, educação e saúde públicas e seguridade social
4;Sul;43;RS;Rio Grande do Sul;4307104;Herval;True;2023;publica;medio;todos (1-4);70.5;0.760784;242.42;244.14;3.74908;2.9;;199382.551;32205.23;198899.403;32127.19;253607.506;37256.87;148384.822;6998.822;45702.234;45769.134;246855.012;6752.495;Agricultura, inclusive apoio à agricultura e a pós colheita;Administração, defesa, educação e saúde públicas e seguridade social;Demais serviços
4;Sul;43;RS;Rio Grande do Sul;4307203;Erval Grande;True;2023;publica;medio;todos (1-4);86.5;0.85303;272.32;287.36;4.81603;4.1;;161671.677;32793.44;151707.859;30772.39;150883.195;31565.52;56127.244;8639.365;39985.155;34394.046;139145.81;11737.385;Administração, defesa, educação e saúde públicas e seguridade social;Pecuária, inclusive apoio à pecuária;Demais serviços
4;Sul;43;RS;Rio Grande do Sul;4307302;Erval Seco;True;2023;publica;medio;todos (1-4);90.0;0.901641;261.86;268.55;4.387533;4.0;;299811.189;44174.33;273787.354;40339.97;353968.247;52854.75;168828.017;18709.18;100330.078;43146.903;331014.179;22954.068;Agricultura, inclusive apoio à agricultura e a pós colheita;Demais serviços;Comércio e reparação de veículos automotores e motocicletas
4;Sul;43;RS;Rio Grande do Sul;4307401;Esmeralda;True;2023;publica;medio;todos (1-4);76.5;0.750457;274.25;281.89;4.76125;3.6;;363781.013;113859.47;298731.573;93499.71;392860.08;119374.07;251708.986;10500.759;83223.05;29502.91;374935.705;17924.376;Agricultura, inclusive apoio à agricultura e a pós colheita;Demais serviços;Comércio e reparação de veículos automotores e motocicletas
4;Sul;43;RS;Rio Grande do Sul;4307450;Esperança do Sul;True;2023;publica;medio;todos (1-4);86.7;0.864171;268.59;269.56;4.497175;3.9;;101345.983;31415.37;92397.756;28641.59;116731.453;41015.97;57991.286;7135.22;21233.991;24288.263;110648.76;6082.694;Agricultura, inclusive apoio à agricultura e a pós colheita;Administração, defesa, educação e saúde públicas e seguridade social;Pecuária, inclusive apoio à pecuária
4;Sul;43;RS;Rio Grande do Sul;4307500;Espumoso;True;2023;publica;medio;todos (1-4);83.8;0.864344;275.48;275.99;4.690202;4.1;;861537.803;56780.98;881528.817;58098.52;1113105.663;71380.38;441675.528;83366.481;388810.343;94964.181;1008816.532;104289.131;Agricultura, inclusive apoio à agricultura e a pós colheita;Demais serviços;Comércio e reparação de veículos automotores e motocicletas
4;Sul;43;RS;Rio Grande do Sul;4307559;Estação;True;2023;publica;medio;todos (1-4);89.8;0.896383;289.11;287.28;5.050647;4.5;;397872.381;71277.75;434148.219;77776.46;350708.237;59201.26;59749.798;61395.553;135646.406;41751.369;298543.126;52165.111;Demais serviços;Comércio e reparação de veículos automotores e motocicletas;Indústrias de transformação
4;Sul;43;RS;Rio Grande do Sul;4307609;Estância Velha;True;2023;publica;medio;todos (1-4);85.7;0.857541;276.19;288.16;4.88236;4.2;;2309196.099;48184.54;1991876.841;41573.65;1875498.487;36565.13;6183.076;566385.688;760897.497;304436.802;1637903.063;237595.424;Demais serviços;Indústrias de transformação;Administração, defesa, educação e saúde públicas e seguridade social
4;Sul;43;RS;Rio Grande do Sul;4307708;Esteio;True;2023;publica;medio;todos (1-4);80.8;0.829839;267.87;281.71;4.668949;3.9;;3998587.375;52518.32;4301274.541;56493.88;3749900.46;44988.73;3288.084;858326.422;1719600.72;567831.368;3149046.594;600853.865;Demais serviços;Comércio e reparação de veículos automotores e motocicletas;Indústrias de transformação
4;Sul;43;RS;Rio Grande do Sul;4307807;Estrela;True;2023;publica;medio;todos (1-4);88.7;0.916868;296.59;293.68;5.251511;4.8;;2376913.365;73856.18;2197231.744;68273.06;2171447.255;62633.69;140487.649;783046.081;779327.069;201241.811;1904102.611;267344.644;Demais serviços;Indústrias de transformação;Administração, defesa, educação e saúde públicas e seguridade social
4;Sul;43;RS;Rio Grande do Sul;4307815;Estrela Velha;False;;;;;;;;;;;;145288.697;47325.31;135369.492;44094.3;197415.205;54145.7;111418.855;4819.635;41884.036;29326.108;187448.634;9966.571;Agricultura, inclusive apoio à agricultura e a pós colheita;Administração, defesa, educação e saúde públicas e seguridade social;Demais serviços
4;Sul;43;RS;Rio Grande do Sul;4307831;Eugênio de Castro;False;;;;;;;;;;;;224861.798;85401.37;244029.467;92681.15;405443.863;175516.82;262515.136;24038.483;76348.709;23052.394;385954.723;19489.14;Agricultura, inclusive apoio à agricultura e a pós colheita;Demais serviços;Comércio e reparação de veículos automotores e motocicletas
4;Sul;43;RS;Rio Grande do Sul;4307864;Fagundes Varela;False;;;;;;;;;;;;189848.106;73986.01;176738.967;68877.23;197919.259;71970.64;62112.53;68805.568;30453.741;20474.461;181846.301;16072.958;Indústrias de transformação;Pecuária, inclusive apoio à pecuária;Demais serviços
4;Sul;43;RS;Rio Grande do Sul;4307906;Farroupilha;True;2023;publica;medio;todos (1-4);84.1;0.867194;301.2;300.5;5.418354;4.7;;4960620.721;70577.65;4580129.131;65538.09;4398457.494;59633.63;197883.665;1454549.78;1555709.184;383353.198;3591495.827;806961.667;Indústrias de transformação;Demais serviços;Comércio e reparação de veículos automotores e motocicletas
4;Sul;43;RS;Rio Grande do Sul;4308003;Faxinal do Soturno;True;2023;publica;medio;todos (1-4);90.2;0.902931;302.96;291.17;5.303403;4.8;;298533.378;44543.92;252774.822;37716.33;270105.956;40611.33;39560.124;31044.724;130307.656;40444.354;241356.858;28749.098;Demais serviços;Administração, defesa, educação e saúde públicas e seguridade social;Comércio e reparação de veículos automotores e motocicletas
4;Sul;43;RS;Rio Grande do Sul;4308052;Faxinalzinho;True;2023;publica;medio;todos (1-4);92.5;0.90745;280.46;269.57;4.664038;4.2;;113640.03;45095.25;79769.22;31654.45;103166.464;45729.82;59134.017;4169.477;17919.83;18333.894;99557.218;3609.246;Agricultura, inclusive apoio à agricultura e a pós colheita;Administração, defesa, educação e saúde públicas e seguridade social;Pecuária, inclusive apoio à pecuária
4;Sul;43;RS;Rio Grande do Sul;4308078;Fazenda Vilanova;True;2023;publica;medio;todos (1-4);87.6;0.88301;239.54;240.45;3.653391;3.2;;145765.54;33970.06;126583.352;29499.73;140823.742;30090.54;40274.016;14591.691;41376.843;33091.448;129333.998;11489.744;Administração, defesa, educação e saúde públicas e seguridade social;Demais serviços;Pecuária, inclusive apoio à pecuária
4;Sul;43;RS;Rio Grande do Sul;4308102;Feliz;False;;;;;;;;;;;;676580.784;49155.83;589303.435;42814.84;589354.788;42930.86;22681.78;142280.415;269349.261;79080.719;513392.175;75962.613;Demais serviços;Indústrias de transformação;Comércio e reparação de veículos automotores e motocicletas
4;Sul;43;RS;Rio Grande do Sul;4308201;Flores da Cunha;True;2023;publica;medio;todos (1-4);85.9;0.864528;288.35;291.52;5.103446;4.4;;3336287.608;107998.43;2843723.297;92053.71;2538141.763;80956.3;132842.135;1041599.322;671373.955;184102.364;2029917.776;508223.987;Indústrias de transformação;Demais serviços;Administração, defesa, educação e saúde públicas e seguridade social
4;Sul;43;RS;Rio Grande do Sul;4308250;Floriano Peixoto;True;2023;publica;medio;todos (1-4);97.1;0.970713;292.19;276.82;4.937318;4.8;;77406.347;46406.68;83641.384;50144.71;103059.087;60303.74;60221.285;3993.765;18325.683;16077.426;98618.159;4440.928;Agricultura, inclusive apoio à agricultura e a pós colheita;Administração, defesa, educação e saúde públicas e seguridade social;Demais serviços
4;Sul;43;RS;Rio Grande do Sul;4308300;Fontoura Xavier;True;2023;publica;medio;todos (1-4);86.1;0.763985;273.53;269.26;4.562066;3.5;;260495.099;27276.97;229958.285;24079.4;227470.055;22342.6;66320.562;9637.948;77011.584;59676.832;212646.926;14823.129;Administração, defesa, educação e saúde públicas e seguridade social;Demais serviços;Agricultura, inclusive apoio à agricultura e a pós colheita
4;Sul;43;RS;Rio Grande do Sul;4308409;Formigueiro;True;2023;publica;medio;todos (1-4);69.6;0.701318;262.28;267.65;4.379959;3.1;;263216.073;41044.14;223399.42;34835.4;302800.503;46095.37;143621.788;24976.022;72394.392;43389.126;284381.328;18419.175;Agricultura, inclusive apoio à agricultura e a pós colheita;Demais serviços;Administração, defesa, educação e saúde públicas e seguridade social
4;Sul;43;RS;Rio Grande do Sul;4308433;Forquetinha;True;2023;publica;medio;todos (1-4);85.6;0.857733;280.63;283.53;4.875408;4.2;;64512.753;26958.94;53273.129;22262.07;58939.919;24671.38;25692.698;4023.136;8957.428;18031.285;56704.547;2235.372;Pecuária, inclusive apoio à pecuária;Administração, defesa, educação e saúde públicas e seguridade social;Demais serviços
4;Sul;43;RS;Rio Grande do Sul;4308458;Fortaleza dos Valos;True;2023;publica;medio;todos (1-4);85.7;0.859598;287.55;286.85;5.0223;4.3;;330897.86;73910.62;335874.143;75022.14;564772.879;132825.23;326662.846;14527.517;150492.87;38229.501;529912.734;34860.145;Agricultura, inclusive apoio à agricultura e a pós colheita;Comércio e reparação de veículos automotores e motocicletas;Demais serviços
4;Sul;43;RS;Rio Grande do Sul;4308508;Frederico Westphalen;True;2023;publica;medio;todos (1-4);90.3;0.905523;298.69;297.57;5.339239;4.8;;1792336.004;54934.13;1568643.176;48078.07;1430610.907;45165.3;140904.71;239544.704;703066.655;173079.028;1256595.098;174015.809;Demais serviços;Comércio e reparação de veículos automotores e motocicletas;Administração, defesa, educação e saúde públicas e seguridade social
4;Sul;43;RS;Rio Grande do Sul;4308607;Garibaldi;True;2023;publica;medio;todos (1-4);84.9;0.849117;285.11;291.34;5.055245;4.3;;3565441.782;103842.78;3135768.835;91328.64;2997968.987;83756.19;61666.493;1269430.55;883295.266;199141.669;2413533.978;584435.009;Indústrias de transformação;Demais serviços;Administração, defesa, educação e saúde públicas e seguridade social
4;Sul;43;RS;Rio Grande do Sul;4308656;Garruchos;True;2023;publica;medio;todos (1-4);83.1;0.828036;271.05;245.41;4.170199;3.5;;134739.375;50126.26;128026.982;47629.09;200967.158;70490.06;127992.844;4530.184;34145.401;26566.576;193235.005;7732.153;Agricultura, inclusive apoio à agricultura e a pós colheita;Administração, defesa, educação e saúde públicas e seguridade social;Demais serviços
4;Sul;43;RS;Rio Grande do Sul;4308706;Gaurama;True;2023;publica;medio;todos (1-4);94.9;0.94556;273.32;304.44;5.085763;4.8;;349015.734;61609.13;297936.986;52592.58;282772.69;51913.47;86794.327;56106.255;77730.737;34874.166;255505.485;27267.205;Demais serviços;Agricultura, inclusive apoio à agricultura e a pós colheita;Indústrias de transformação
4;Sul;43;RS;Rio Grande do Sul;4308805;General Câmara;True;2023;publica;medio;todos (1-4);81.1;0.845807;259.58;270.18;4.379912;3.7;;234057.579;30748.5;230187.545;30240.09;276374.035;33142.35;159706.939;10673.971;49265.534;48734.167;268380.612;7993.423;Agricultura, inclusive apoio à agricultura e a pós colheita;Administração, defesa, educação e saúde públicas e seguridade social;Demais serviços
4;Sul;43;RS;Rio Grande do Sul;4308854;Gentil;False;;;;;;;;;;;;152255.931;87302.71;144754.459;83096.7;190648.254;117756.8;102370.75;4869.468;51921.417;17306.226;176467.861;14180.393;Agricultura, inclusive apoio à agricultura e a pós colheita;Comércio e reparação de veículos automotores e motocicletas;Pecuária, inclusive apoio à pecuária
4;Sul;43;RS;Rio Grande do Sul;4308904;Getúlio Vargas;True;2023;publica;medio;todos (1-4);86.8;0.866031;276.75;284.16;4.830345;4.2;;879960.498;53003.28;817984.975;49270.27;793664.01;49118.95;170450.834;130785.709;319887.515;98028.878;719152.936;74511.074;Demais serviços;Agricultura, inclusive apoio à agricultura e a pós colheita;Administração, defesa, educação e saúde públicas e seguridade social
4;Sul;43;RS;Rio Grande do Sul;4309001;Giruá;True;2023;publica;medio;todos (1-4);86.6;0.893582;264.15;262.03;4.322091;3.9;;1017467.927;63540.12;939755.879;58687.06;1202945.141;76479.44;541032.344;118633.268;343642.6;108909.011;1112217.223;90727.919;Agricultura, inclusive apoio à agricultura e a pós colheita;Demais serviços;Comércio e reparação de veículos automotores e motocicletas
4;Sul;43;RS;Rio Grande do Sul;4309050;Glorinha;False;;;;;;;;;;;;595368.852;77744.69;389247.094;50828.82;461887.61;55622.3;33555.137;231698.82;90693.9;59466.242;415414.098;46473.512;Indústrias de transformação;Demais serviços;Administração, defesa, educação e saúde públicas e seguridade social
4;Sul;43;RS;Rio Grande do Sul;4309100;Gramado;True;2023;publica;medio;todos (1-4);82.0;0.827827;270.63;287.27;4.790946;4.0;;3565829.854;88848.11;3140827.016;78258.51;2658033.852;72103.78;24733.464;344063.759;1625286.515;323248.868;2317332.605;340701.247;Demais serviços;Administração, defesa, educação e saúde públicas e seguridade social;Comércio e reparação de veículos automotores e motocicletas
4;Sul;43;RS;Rio Grande do Sul;4309126;Gramado dos Loureiros;False;;;;;;;;;;;;87589.213;43490.18;67782.213;33655.52;94579.68;46453.67;57394.672;3811.431;13271.709;17059.822;91537.633;3042.047;Agricultura, inclusive apoio à agricultura e a pós colheita;Administração, defesa, educação e saúde públicas e seguridade social;Demais serviços
4;Sul;43;RS;Rio Grande do Sul;4309159;Gramado Xavier;True;2023;publica;medio;todos (1-4);93.2;0.932865;276.89;282.66;4.809856;4.5;;124279.775;37603.56;108556.829;32856.18;109482.549;25007.43;57594.932;3572.78;14484.352;31232.5;106884.565;2597.984;Agricultura, inclusive apoio à agricultura e a pós colheita;Administração, defesa, educação e saúde públicas e seguridade social;Demais serviços
4;Sul;43;RS;Rio Grande do Sul;4309209;Gravataí;True;2023;publica;medio;todos (1-4);77.3;0.786388;267.1;275.26;4.561577;3.6;;15545558.074;58646.11;13005577.11;49064.69;10261655.797;35934.7;25205.469;3311021.452;3803172.878;1466510.361;8605910.159;1655745.638;Demais serviços;Indústrias de transformação;Administração, defesa, educação e saúde públicas e seguridade social
4;Sul;43;RS;Rio Grande do Sul;4309258;Guabiju;False;;;;;;;;;;;;107683.668;75994.12;93574.374;66036.96;132787.951;89843.0;87150.308;4016.282;22320.04;13955.97;127442.6;5345.351;Agricultura, inclusive apoio à agricultura e a pós colheita;Pecuária, inclusive apoio à pecuária;Demais serviços
4;Sul;43;RS;Rio Grande do Sul;4309308;Guaíba;True;2023;publica;medio;todos (1-4);85.4;0.887383;268.66;284.82;4.726601;4.2;;9001785.047;96872.55;8316851.365;89501.65;8284825.478;84254.46;68926.708;1766358.636;2809357.429;604960.82;5249603.593;3035221.885;Indústrias de transformação;Comércio e reparação de veículos automotores e motocicletas;Demais serviços
4;Sul;43;RS;Rio Grande do Sul;4309407;Guaporé;True;2023;publica;medio;todos (1-4);86.3;0.883075;278.53;278.67;4.773159;4.2;;1264537.17;50045.0;1123503.378;44463.49;1149054.946;43858.73;106749.851;361090.803;412648.556;150071.143;1030560.353;118494.594;Demais serviços;Indústrias de transformação;Administração, defesa, educação e saúde públicas e seguridade social
4;Sul;43;RS;Rio Grande do Sul;4309506;Guarani das Missões;True;2023;publica;medio;todos (1-4);97.1;0.973106;292.72;277.55;4.95569;4.8;;295742.866;39884.41;284710.006;38396.49;362624.685;49049.73;134876.972;24642.646;126535.338;44084.498;330139.455;32485.231;Agricultura, inclusive apoio à agricultura e a pós colheita;Demais serviços;Comércio e reparação de veículos automotores e motocicletas
4;Sul;43;RS;Rio Grande do Sul;4309555;Harmonia;True;2023;publica;medio;todos (1-4);85.6;0.861805;306.99;312.31;5.676471;4.9;;306940.865;57073.42;260997.015;48530.5;245497.391;49425.69;35724.429;62569.902;79980.428;32733.125;211007.885;34489.506;Indústrias de transformação;Demais serviços;Administração, defesa, educação e saúde públicas e seguridade social
4;Sul;43;RS;Rio Grande do Sul;4309571;Herveiras;True;2023;publica;medio;todos (1-4);87.7;0.886774;288.8;293.9;5.145395;4.6;;88439.464;34492.77;63385.715;25093.32;71143.122;23565.13;31312.036;1842.106;12318.082;23429.559;68901.783;2241.339;Agricultura, inclusive apoio à agricultura e a pós colheita;Administração, defesa, educação e saúde públicas e seguridade social;Demais serviços
4;Sul;43;RS;Rio Grande do Sul;4309605;Horizontina;True;2023;publica;medio;todos (1-4);90.4;0.903583;268.07;268.95;4.48074;4.0;;1828050.073;96973.64;3718636.243;197264.67;2608198.333;134125.18;133348.425;1183861.988;536138.392;138631.55;1991980.355;616217.978;Indústrias de transformação;Demais serviços;Administração, defesa, educação e saúde públicas e seguridade social
4;Sul;43;RS;Rio Grande do Sul;4309654;Hulha Negra;False;;;;;;;;;;;;228859.975;38296.52;230213.601;38523.03;314488.195;45617.67;113251.99;65217.258;59011.279;45969.242;283449.77;31038.425;Agricultura, inclusive apoio à agricultura e a pós colheita;Indústrias de transformação;Administração, defesa, educação e saúde públicas e seguridade social
4;Sul;43;RS;Rio Grande do Sul;4309704;Humaitá;True;2023;publica;medio;todos (1-4);85.7;0.89274;295.1;292.74;5.216512;4.7;;218021.109;46575.76;198250.448;42352.16;229248.974;48652.16;91922.805;9765.004;75569.481;29202.211;206459.501;22789.473;Agricultura, inclusive apoio à agricultura e a pós colheita;Demais serviços;Pecuária, inclusive apoio à pecuária
4;Sul;43;RS;Rio Grande do Sul;4309753;Ibarama;True;2023;publica;medio;todos (1-4);92.5;0.927235;284.99;289.5;5.026015;4.7;;105468.908;28260.69;99944.282;26780.35;112227.259;25546.84;46538.937;9246.261;20266.2;30133.827;106185.224;6042.034;Agricultura, inclusive apoio à agricultura e a pós colheita;Administração, defesa, educação e saúde públicas e seguridade social;Demais serviços
4;Sul;43;RS;Rio Grande do Sul;4309803;Ibiaçá;True;2023;publica;medio;todos (1-4);83.3;0.826662;296.25;290.66;5.201526;4.3;;298760.648;65995.28;244156.314;53933.36;367295.169;78314.54;203366.949;22580.215;86497.883;34572.236;347017.283;20277.886;Agricultura, inclusive apoio à agricultura e a pós colheita;Demais serviços;Administração, defesa, educação e saúde públicas e seguridade social
4;Sul;43;RS;Rio Grande do Sul;4309902;Ibiraiaras;False;;;;;;;;;;;;380199.36;56109.7;346199.532;51092.02;399692.523;55001.04;170383.343;13933.516;121260.13;45180.621;350757.61;48934.912;Agricultura, inclusive apoio à agricultura e a pós colheita;Demais serviços;Comércio e reparação de veículos automotores e motocicletas
4;Sul;43;RS;Rio Grande do Sul;4309951;Ibirapuitã;True;2023;publica;medio;todos (1-4);92.8;0.931914;262.83;254.97;4.197863;3.9;;188101.758;50524.24;169673.528;45574.41;213522.468;53541.24;128142.054;5443.286;42146.218;28405.001;204136.559;9385.908;Agricultura, inclusive apoio à agricultura e a pós colheita;Administração, defesa, educação e saúde públicas e seguridade social;Demais serviços
4;Sul;43;RS;Rio Grande do Sul;4310009;Ibirubá;True;2023;publica;medio;todos (1-4);86.8;0.872369;287.2;279.6;4.908851;4.3;;1708041.504;79138.28;1721331.767;79754.05;1722057.075;84109.46;453393.299;350982.518;563821.524;126454.576;1494651.917;227405.158;Agricultura, inclusive apoio à agricultura e a pós colheita;Demais serviços;Indústrias de transformação
4;Sul;43;RS;Rio Grande do Sul;4310108;Igrejinha;True;2023;publica;medio;todos (1-4);82.7;0.863099;280.48;284.26;4.884229;4.2;;2656127.263;79713.31;2189300.545;66730.69;1888887.333;50031.45;6833.158;811506.534;606400.828;215987.686;1640728.205;248159.127;Indústrias de transformação;Demais serviços;Administração, defesa, educação e saúde públicas e seguridade social
4;Sul;43;RS;Rio Grande do Sul;4310207;Ijuí;True;2023;publica;medio;todos (1-4);83.3;0.813791;296.11;297.57;5.303003;4.3;;6105244.061;72012.79;5484607.536;64733.46;5190405.144;61760.39;461042.544;1147434.061;2332812.009;616328.139;4557616.753;632788.39;Demais serviços;Indústrias de transformação;Comércio e reparação de veículos automotores e motocicletas
4;Sul;43;RS;Rio Grande do Sul;4310306;Ilópolis;False;;;;;;;;;;;;164900.365;39668.12;129558.607;31166.37;140570.202;34674.45;47223.951;16023.055;39699.434;26940.977;129887.417;10682.785;Demais serviços;Administração, defesa, educação e saúde públicas e seguridade social;Agricultura, inclusive apoio à agricultura e a pós colheita
4;Sul;43;RS;Rio Grande do Sul;4310330;Imbé;True;2023;publica;medio;todos (1-4);84.6;0.855148;290.71;297.01;5.218777;4.5;;762866.405;28439.7;670989.357;25014.52;626822.788;26424.8;2209.685;55540.887;328750.508;192559.293;579060.374;47762.414;Demais serviços;Administração, defesa, educação e saúde públicas e seguridade social;Comércio e reparação de veículos automotores e motocicletas
4;Sul;43;RS;Rio Grande do Sul;4310363;Imigrante;True;2023;publica;medio;todos (1-4);91.7;0.916392;290.61;288.36;5.087882;4.7;;590476.017;191712.99;651738.82;211603.51;519189.71;167318.63;37061.447;321418.627;73120.124;24048.026;455648.225;63541.485;Indústrias de transformação;Demais serviços;Pecuária, inclusive apoio à pecuária
4;Sul;43;RS;Rio Grande do Sul;4310405;Independência;False;;;;;;;;;;;;443606.056;69022.26;386702.401;60168.41;494165.875;81626.34;204430.896;52109.789;121347.896;45052.612;422941.193;71224.682;Agricultura, inclusive apoio à agricultura e a pós colheita;Demais serviços;Comércio e reparação de veículos automotores e motocicletas
4;Sul;43;RS;Rio Grande do Sul;4310413;Inhacorá;True;2023;publica;medio;todos (1-4);92.1;0.919132;258.83;275.48;4.448719;4.1;;76395.812;37932.38;73657.811;36572.9;110556.688;50093.65;63724.313;3601.794;19696.065;18989.119;106011.29;4545.397;Agricultura, inclusive apoio à agricultura e a pós colheita;Administração, defesa, educação e saúde públicas e seguridade social;Demais serviços
4;Sul;43;RS;Rio Grande do Sul;4310439;Ipê;True;2023;publica;medio;todos (1-4);91.3;0.909619;291.58;301.78;5.302404;4.8;;392922.433;72776.89;244510.841;45917.53;298582.796;44326.42;157806.471;23864.911;59626.327;41113.928;282411.637;16171.158;Agricultura, inclusive apoio à agricultura e a pós colheita;Demais serviços;Administração, defesa, educação e saúde públicas e seguridade social
4;Sul;43;RS;Rio Grande do Sul;4310462;Ipiranga do Sul;False;;;;;;;;;;;;122375.56;71148.58;168815.299;98148.43;177628.988;94937.99;105824.947;7494.336;38424.146;18276.012;170019.44;7609.548;Agricultura, inclusive apoio à agricultura e a pós colheita;Demais serviços;Administração, defesa, educação e saúde públicas e seguridade social
4;Sul;43;RS;Rio Grande do Sul;4310504;Iraí;False;;;;;;;;;;;;255785.427;34186.77;239121.843;31959.62;254492.118;36118.67;77563.939;18099.667;93988.223;41341.643;230993.472;23498.646;Demais serviços;Agricultura, inclusive apoio à agricultura e a pós colheita;Administração, defesa, educação e saúde públicas e seguridade social
4;Sul;43;RS;Rio Grande do Sul;4310538;Itaara;False;;;;;;;;;;;;304166.514;54588.39;268604.091;48206.05;286659.228;51437.15;26282.229;22621.355;184611.642;37427.536;270942.762;15716.466;Demais serviços;Administração, defesa, educação e saúde públicas e seguridade social;Agricultura, inclusive apoio à agricultura e a pós colheita
4;Sul;43;RS;Rio Grande do Sul;4310553;Itacurubi;False;;;;;;;;;;;;114341.75;38177.55;90323.253;30158.01;246286.552;71263.47;180540.754;5758.488;28861.022;26936.727;242096.99;4189.562;Agricultura, inclusive apoio à agricultura e a pós colheita;Pecuária, inclusive apoio à pecuária;Administração, defesa, educação e saúde públicas e seguridade social
4;Sul;43;RS;Rio Grande do Sul;4310579;Itapuca;False;;;;;;;;;;;;93880.969;48467.2;89664.506;46290.4;94234.684;46261.5;62473.252;3105.357;9409.663;17644.365;92632.637;1602.047;Agricultura, inclusive apoio à agricultura e a pós colheita;Administração, defesa, educação e saúde públicas e seguridade social;Pecuária, inclusive apoio à pecuária
4;Sul;43;RS;Rio Grande do Sul;4310603;Itaqui;True;2023;publica;medio;todos (1-4);89.1;0.860219;264.75;276.54;4.547733;3.9;;2068939.243;57843.3;1751877.053;48978.89;2186928.783;58531.94;915962.329;294873.027;559324.005;228505.629;1998664.99;188263.793;Agricultura, inclusive apoio à agricultura e a pós colheita;Demais serviços;Administração, defesa, educação e saúde públicas e seguridade social
4;Sul;43;RS;Rio Grande do Sul;4310652;Itati;False;;;;;;;;;;;;103482.518;39227.64;83433.178;31627.44;86738.63;36490.8;42313.992;3416.954;17029.376;20651.247;83411.569;3327.061;Agricultura, inclusive apoio à agricultura e a pós colheita;Administração, defesa, educação e saúde públicas e seguridade social;Demais serviços
4;Sul;43;RS;Rio Grande do Sul;4310702;Itatiba do Sul;True;2023;publica;medio;todos (1-4);93.7;0.932068;278.69;281.96;4.824658;4.5;;85113.004;26531.49;73188.385;22814.33;81707.352;25996.61;36840.594;3600.299;14348.683;23883.151;78672.727;3034.625;Administração, defesa, educação e saúde públicas e seguridade social;Agricultura, inclusive apoio à agricultura e a pós colheita;Pecuária, inclusive apoio à pecuária
4;Sul;43;RS;Rio Grande do Sul;4310751;Ivorá;True;2023;publica;medio;todos (1-4);90.5;0.915357;312.08;300.38;5.569367;5.1;;53952.316;27969.06;48522.537;25154.24;71911.272;38787.09;41547.591;2311.469;9838.622;16479.156;70176.838;1734.434;Agricultura, inclusive apoio à agricultura e a pós colheita;Administração, defesa, educação e saúde públicas e seguridade social;Demais serviços
4;Sul;43;RS;Rio Grande do Sul;4310801;Ivoti;True;2023;publica;medio;todos (1-4);87.4;0.879461;292.38;296.79;5.238939;4.6;;1538878.471;66957.25;1361666.75;59246.69;1180386.953;47087.4;12454.108;301034.421;538473.04;140319.346;992280.915;188106.038;Demais serviços;Indústrias de transformação;Comércio e reparação de veículos automotores e motocicletas
4;Sul;43;RS;Rio Grande do Sul;4310850;Jaboticaba;True;2023;publica;medio;todos (1-4);95.5;0.961826;283.04;290.88;5.019286;4.8;;106763.479;28251.78;117255.871;31028.28;136729.808;36578.33;63649.144;4740.638;35795.315;26461.522;130646.62;6083.188;Agricultura, inclusive apoio à agricultura e a pós colheita;Demais serviços;Administração, defesa, educação e saúde públicas e seguridade social
4;Sul;43;RS;Rio Grande do Sul;4310876;Jacuizinho;False;;;;;;;;;;;;125145.633;61345.9;113790.243;55779.53;224026.966;82423.46;164172.697;5453.692;26934.077;22931.152;219491.617;4535.349;Agricultura, inclusive apoio à agricultura e a pós colheita;Administração, defesa, educação e saúde públicas e seguridade social;Demais serviços
4;Sul;43;RS;Rio Grande do Sul;4310900;Jacutinga;True;2023;publica;medio;todos (1-4);89.3;0.906422;316.63;278.61;5.307373;4.8;;188689.161;56527.61;224849.647;67360.59;232300.833;65770.34;114478.106;14831.449;60350.544;26345.693;216005.791;16295.041;Agricultura, inclusive apoio à agricultura e a pós colheita;Demais serviços;Administração, defesa, educação e saúde públicas e seguridade social
4;Sul;43;RS;Rio Grande do Sul;4311007;Jaguarão;True;2023;publica;medio;todos (1-4);79.1;0.793098;279.87;295.63;5.045871;4.0;;1034801.744;38897.93;954110.342;35864.76;1059396.276;40239.92;475652.118;42337.837;332571.743;146321.996;996883.694;62512.582;Agricultura, inclusive apoio à agricultura e a pós colheita;Demais serviços;Administração, defesa, educação e saúde públicas e seguridade social
4;Sul;43;RS;Rio Grande do Sul;4311106;Jaguari;True;2023;publica;medio;todos (1-4);85.2;0.857173;283.14;284.1;4.919194;4.2;;328936.711;31093.37;293650.303;27757.85;378020.116;35381.89;124482.756;27616.14;136530.985;63584.995;352214.876;25805.24;Agricultura, inclusive apoio à agricultura e a pós colheita;Demais serviços;Administração, defesa, educação e saúde públicas e seguridade social
4;Sul;43;RS;Rio Grande do Sul;4311122;Jaquirana;False;;;;;;;;;;;;101810.11;27590.82;84089.021;22788.35;94041.661;26043.11;36156.904;6380.298;22162.964;23894.427;88594.593;5447.068;Administração, defesa, educação e saúde públicas e seguridade social;Pecuária, inclusive apoio à pecuária;Demais serviços
4;Sul;43;RS;Rio Grande do Sul;4311130;Jari;False;;;;;;;;;;;;211635.216;63193.56;239812.302;71607.14;469005.939;135082.36;377841.108;11495.683;46620.736;26345.347;462302.874;6703.065;Agricultura, inclusive apoio à agricultura e a pós colheita;Demais serviços;Administração, defesa, educação e saúde públicas e seguridade social
4;Sul;43;RS;Rio Grande do Sul;4311155;Jóia;True;2023;publica;medio;todos (1-4);77.9;0.782068;274.5;280.85;4.749193;3.7;;345893.658;48147.78;453632.489;63144.83;975409.574;113803.47;709902.449;23079.799;152744.06;59506.155;945232.463;30177.111;Agricultura, inclusive apoio à agricultura e a pós colheita;Demais serviços;Administração, defesa, educação e saúde públicas e seguridade social
4;Sul;43;RS;Rio Grande do Sul;4311205;Júlio de Castilhos;True;2023;publica;medio;todos (1-4);82.4;0.835788;274.35;277.87;4.702475;3.9;;1306881.92;71704.26;1411166.663;77426.02;1925175.31;100484.12;741244.686;55762.226;770552.792;123014.535;1690574.24;234601.071;Agricultura, inclusive apoio à agricultura e a pós colheita;Comércio e reparação de veículos automotores e motocicletas;Demais serviços
4;Sul;43;RS;Rio Grande do Sul;4311239;Lagoa Bonita do Sul;True;2023;publica;medio;todos (1-4);100.0;1.0;276.33;283.01;4.80723;4.8;;84224.157;37416.33;61444.64;27296.6;68915.543;23448.64;32861.49;2738.741;9193.271;21737.471;66530.974;2384.57;Agricultura, inclusive apoio à agricultura e a pós colheita;Administração, defesa, educação e saúde públicas e seguridade social;Demais serviços
4;Sul;43;RS;Rio Grande do Sul;4311254;Lagoão;True;2023;publica;medio;todos (1-4);82.1;0.841231;291.49;277.23;4.933625;4.2;;149770.842;28041.72;115218.74;21572.5;154690.477;23912.58;84629.809;3920.871;22373.926;39334.229;150258.836;4431.641;Agricultura, inclusive apoio à agricultura e a pós colheita;Administração, defesa, educação e saúde públicas e seguridade social;Demais serviços
4;Sul;43;RS;Rio Grande do Sul;4311270;Lagoa dos Três Cantos;False;;;;;;;;;;;;81864.351;47102.62;94629.917;54447.59;157140.1;97967.64;97987.408;4454.143;30409.925;17176.79;150028.266;7111.834;Agricultura, inclusive apoio à agricultura e a pós colheita;Demais serviços;Administração, defesa, educação e saúde públicas e seguridade social
4;Sul;43;RS;Rio Grande do Sul;4311304;Lagoa Vermelha;True;2023;publica;medio;todos (1-4);80.1;0.68642;286.57;289.49;5.048056;3.5;;1608162.616;58142.47;1508706.769;54546.69;1513404.145;54535.12;402252.719;272241.161;542867.874;150959.206;1368320.96;145083.186;Agricultura, inclusive apoio à agricultura e a pós colheita;Demais serviços;Indústrias de transformação
4;Sul;43;RS;Rio Grande do Sul;4311403;Lajeado;True;2023;publica;medio;todos (1-4);84.7;0.87497;293.12;290.2;5.15068;4.5;;6705226.542;72137.22;6109234.684;65237.54;5596182.875;65068.11;25702.336;1374061.4;2761482.152;475196.207;4636442.095;959740.78;Demais serviços;Indústrias de transformação;Comércio e reparação de veículos automotores e motocicletas
4;Sul;43;RS;Rio Grande do Sul;4311429;Lajeado do Bugre;True;2023;publica;medio;todos (1-4);88.7;0.885347;247.97;255.74;4.000682;3.5;;65433.099;25156.9;59389.274;22833.25;74875.079;29145.61;35159.307;5288.152;10851.364;20955.19;72254.014;2621.065;Agricultura, inclusive apoio à agricultura e a pós colheita;Administração, defesa, educação e saúde públicas e seguridade social;Demais serviços
4;Sul;43;RS;Rio Grande do Sul;4311502;Lavras do Sul;True;2023;publica;medio;todos (1-4);89.6;0.901493;273.67;273.58;4.628703;4.2;;369844.902;51675.97;382168.032;53397.8;497628.613;67156.36;319049.339;12786.202;91111.225;58453.268;481400.035;16228.578;Agricultura, inclusive apoio à agricultura e a pós colheita;Pecuária, inclusive apoio à pecuária;Demais serviços
4;Sul;43;RS;Rio Grande do Sul;4311601;Liberato Salzano;True;2023;publica;medio;todos (1-4);88.2;0.871972;271.78;282.98;4.742877;4.1;;152570.985;31911.94;137100.377;28676.09;172443.483;33898.86;88837.88;7006.712;37321.396;30384.05;163550.038;8893.444;Agricultura, inclusive apoio à agricultura e a pós colheita;Administração, defesa, educação e saúde públicas e seguridade social;Demais serviços
4;Sul;43;RS;Rio Grande do Sul;4311627;Lindolfo Collor;False;;;;;;;;;;;;353108.597;56515.46;324204.229;51922.52;365849.514;59074.68;7993.368;220582.224;63317.71;38215.242;330108.544;35740.97;Indústrias de transformação;Demais serviços;Administração, defesa, educação e saúde públicas e seguridade social
4;Sul;43;RS;Rio Grande do Sul;4311643;Linha Nova;True;2023;publica;medio;todos (1-4);95.8;0.954545;316.24;308.12;5.743662;5.5;;76154.302;45249.14;65803.624;39099.0;65579.42;38039.11;38086.135;3032.225;8218.295;14505.815;63842.47;1736.951;Agricultura, inclusive apoio à agricultura e a pós colheita;Administração, defesa, educação e saúde públicas e seguridade social;Pecuária, inclusive apoio à pecuária
4;Sul;43;RS;Rio Grande do Sul;4311700;Machadinho;True;2023;publica;medio;todos (1-4);92.4;0.925869;304.05;292.42;5.337424;4.9;;260894.592;45491.65;252363.681;44004.13;272824.173;50420.29;123140.745;12847.717;80884.777;38957.897;255831.136;16993.037;Agricultura, inclusive apoio à agricultura e a pós colheita;Demais serviços;Administração, defesa, educação e saúde públicas e seguridade social
4;Sul;43;RS;Rio Grande do Sul;4311718;Maçambará;False;;;;;;;;;;;;367963.281;83155.54;282138.384;63760.09;582042.535;128231.45;445452.267;16905.249;66429.02;39318.388;568104.924;13937.611;Agricultura, inclusive apoio à agricultura e a pós colheita;Demais serviços;Administração, defesa, educação e saúde públicas e seguridade social
4;Sul;43;RS;Rio Grande do Sul;4311734;Mampituba;True;2023;publica;medio;todos (1-4);76.1;0.774188;267.63;293.29;4.838931;3.7;;101220.214;32328.4;79330.28;25337.04;70214.236;23681.02;28644.335;4263.401;11758.993;23367.827;68034.556;2179.68;Agricultura, inclusive apoio à agricultura e a pós colheita;Administração, defesa, educação e saúde públicas e seguridade social;Demais serviços
4;Sul;43;RS;Rio Grande do Sul;4311759;Manoel Viana;True;2023;publica;medio;todos (1-4);75.3;0.714586;280.56;296.97;5.075622;3.6;;303342.219;44602.59;350109.975;51479.19;546972.463;74774.09;369993.508;17094.955;90880.638;52659.248;530628.349;16344.114;Agricultura, inclusive apoio à agricultura e a pós colheita;Demais serviços;Administração, defesa, educação e saúde públicas e seguridade social
4;Sul;43;RS;Rio Grande do Sul;4311775;Maquiné;True;2023;publica;medio;todos (1-4);86.4;0.867215;276.8;284.71;4.83928;4.2;;228748.225;30836.91;200381.67;27012.9;190484.311;28232.45;36971.782;34598.025;62269.919;42909.265;176748.992;13735.319;Demais serviços;Administração, defesa, educação e saúde públicas e seguridade social;Agricultura, inclusive apoio à agricultura e a pós colheita
4;Sul;43;RS;Rio Grande do Sul;4311791;Maratá;True;2023;publica;medio;todos (1-4);91.5;0.910043;303.65;309.22;5.583303;5.1;;104146.76;42164.68;77023.497;31183.6;80817.415;29788.95;34015.821;4254.377;16321.859;22769.063;77361.12;3456.295;Pecuária, inclusive apoio à pecuária;Administração, defesa, educação e saúde públicas e seguridade social;Demais serviços
4;Sul;43;RS;Rio Grande do Sul;4311809;Marau;True;2023;publica;medio;todos (1-4);88.6;0.889473;278.51;286.4;4.888597;4.3;;3738294.771;82844.93;3393310.838;75196.36;3060022.14;67219.25;398072.295;982152.496;985665.091;270007.599;2635897.481;424124.659;Indústrias de transformação;Demais serviços;Agricultura, inclusive apoio à agricultura e a pós colheita
4;Sul;43;RS;Rio Grande do Sul;4311908;Marcelino Ramos;True;2023;publica;medio;todos (1-4);94.5;0.946397;285.0;284.54;4.951904;4.7;;192535.053;44568.3;161879.735;37472.16;167824.965;39590.7;55057.734;16950.477;54122.563;30892.422;157023.196;10801.769;Demais serviços;Agricultura, inclusive apoio à agricultura e a pós colheita;Administração, defesa, educação e saúde públicas e seguridade social
4;Sul;43;RS;Rio Grande do Sul;4311981;Mariana Pimentel;True;2023;publica;medio;todos (1-4);93.4;0.932963;271.24;254.24;4.305053;4.0;;117787.008;30078.4;91982.977;23489.01;104496.157;26848.96;47537.997;2700.746;20192.87;28862.708;99294.32;5201.836;Administração, defesa, educação e saúde públicas e seguridade social;Produção florestal, pesca e aquicultura;Agricultura, inclusive apoio à agricultura e a pós colheita
4;Sul;43;RS;Rio Grande do Sul;4312005;Mariano Moro;True;2023;publica;medio;todos (1-4);98.1;0.978442;279.65;286.91;4.912243;4.8;;71582.525;38526.65;67224.682;36181.21;72887.986;36682.43;33820.34;4087.322;13185.199;18421.365;69514.226;3373.76;Pecuária, inclusive apoio à pecuária;Administração, defesa, educação e saúde públicas e seguridade social;Demais serviços
4;Sul;43;RS;Rio Grande do Sul;4312054;Marques de Souza;False;;;;;;;;;;;;137494.749;34642.16;123506.515;31117.79;124135.324;31181.95;44743.464;9400.289;33053.08;26645.145;113841.979;10293.345;Pecuária, inclusive apoio à pecuária;Administração, defesa, educação e saúde públicas e seguridade social;Demais serviços
4;Sul;43;RS;Rio Grande do Sul;4312104;Mata;False;;;;;;;;;;;;174005.675;37038.24;147192.898;31330.97;169006.469;35505.56;62877.034;14224.456;47467.599;31020.746;155589.835;13416.635;Agricultura, inclusive apoio à agricultura e a pós colheita;Administração, defesa, educação e saúde públicas e seguridade social;Demais serviços
4;Sul;43;RS;Rio Grande do Sul;4312138;Mato Castelhano;True;2023;publica;medio;todos (1-4);95.7;0.95301;285.1;270.74;4.746722;4.5;;128502.171;50333.79;111973.846;43859.71;168254.86;66163.92;92071.205;4277.021;38929.869;22796.337;158074.432;10180.428;Agricultura, inclusive apoio à agricultura e a pós colheita;Administração, defesa, educação e saúde públicas e seguridade social;Comércio e reparação de veículos automotores e motocicletas
4;Sul;43;RS;Rio Grande do Sul;4312153;Mato Leitão;True;2023;publica;medio;todos (1-4);90.3;0.89627;312.63;311.82;5.748349;5.2;;295044.211;60721.18;226173.444;46547.32;180537.064;39018.17;38710.176;46484.418;43432.002;35263.862;163890.458;16646.606;Indústrias de transformação;Administração, defesa, educação e saúde públicas e seguridade social;Demais serviços
4;Sul;43;RS;Rio Grande do Sul;4312179;Mato Queimado;True;2023;publica;medio;todos (1-4);100.0;1.0;300.35;273.4;5.000727;5.0;;61648.446;34344.54;57921.608;32268.31;88446.376;54901.54;56532.788;2399.395;11894.33;15454.683;86281.196;2165.18;Agricultura, inclusive apoio à agricultura e a pós colheita;Administração, defesa, educação e saúde públicas e seguridade social;Pecuária, inclusive apoio à pecuária
4;Sul;43;RS;Rio Grande do Sul;4312203;Maximiliano de Almeida;True;2023;publica;medio;todos (1-4);94.5;0.93289;279.39;284.68;4.875208;4.5;;159588.3;38096.99;154824.508;36942.14;161123.342;37875.73;67399.662;14017.706;42502.663;28732.135;152652.166;8471.176;Agricultura, inclusive apoio à agricultura e a pós colheita;Demais serviços;Administração, defesa, educação e saúde públicas e seguridade social
4;Sul;43;RS;Rio Grande do Sul;4312252;Minas do Leão;True;2023;publica;medio;todos (1-4);76.2;0.776902;276.94;289.77;4.916995;3.8;;291060.534;38782.22;257252.951;34277.54;279177.366;34339.16;99414.486;12177.806;80397.97;50976.456;242966.719;36210.647;Agricultura, inclusive apoio à agricultura e a pós colheita;Administração, defesa, educação e saúde públicas e seguridade social;Demais serviços
4;Sul;43;RS;Rio Grande do Sul;4312302;Miraguaí;True;2023;publica;medio;todos (1-4);79.6;0.835643;271.53;280.26;4.698647;3.9;;200597.337;45312.25;186920.95;42222.94;190386.336;38862.29;61065.205;33760.531;45073.396;32556.436;172455.569;17930.767;Agricultura, inclusive apoio à agricultura e a pós colheita;Demais serviços;Administração, defesa, educação e saúde públicas e seguridade social
4;Sul;43;RS;Rio Grande do Sul;4312351;Montauri;True;2023;publica;medio;todos (1-4);91.7;0.907115;304.77;292.51;5.348884;4.9;;73732.732;49187.95;60169.45;40139.73;98137.833;68627.85;53647.74;7553.49;13424.268;14264.198;88889.696;9248.137;Agricultura, inclusive apoio à agricultura e a pós colheita;Pecuária, inclusive apoio à pecuária;Administração, defesa, educação e saúde públicas e seguridade social
4;Sul;43;RS;Rio Grande do Sul;4312377;Monte Alegre dos Campos;True;2023;publica;medio;todos (1-4);93.3;0.93928;254.58;273.28;4.356094;4.1;;117051.122;36808.53;90048.556;28317.16;109729.989;33898.67;60995.551;3321.238;15266.856;27568.492;107152.137;2577.852;Agricultura, inclusive apoio à agricultura e a pós colheita;Administração, defesa, educação e saúde públicas e seguridade social;Demais serviços
4;Sul;43;RS;Rio Grande do Sul;4312385;Monte Belo do Sul;False;;;;;;;;;;;;126816.218;49595.71;97828.882;38259.24;94435.146;37563.7;30045.353;18665.453;16187.674;20884.014;85782.494;8652.652;Agricultura, inclusive apoio à agricultura e a pós colheita;Administração, defesa, educação e saúde públicas e seguridade social;Indústrias de transformação
4;Sul;43;RS;Rio Grande do Sul;4312401;Montenegro;True;2023;publica;medio;todos (1-4);84.8;0.853416;273.42;283.51;4.773844;4.1;;5259436.987;81767.31;6467582.126;101653.18;5752344.64;86949.9;130558.423;2376131.12;1700796.144;408415.036;4615900.723;1136443.917;Indústrias de transformação;Demais serviços;Administração, defesa, educação e saúde públicas e seguridade social
4;Sul;43;RS;Rio Grande do Sul;4312427;Mormaço;True;2023;publica;medio;todos (1-4);85.6;0.856088;282.44;289.92;4.996488;4.3;;102288.927;37115.0;113863.236;41314.67;153333.932;48848.02;69722.948;4159.63;43619.273;23898.908;141400.759;11933.173;Agricultura, inclusive apoio à agricultura e a pós colheita;Comércio e reparação de veículos automotores e motocicletas;Administração, defesa, educação e saúde públicas e seguridade social
4;Sul;43;RS;Rio Grande do Sul;4312443;Morrinhos do Sul;True;2023;publica;medio;todos (1-4);96.4;0.962624;312.54;292.49;5.457714;5.3;;103248.39;33620.45;82696.583;26928.23;81465.793;28179.11;33149.278;3620.321;17330.357;23555.717;77655.673;3810.12;Agricultura, inclusive apoio à agricultura e a pós colheita;Administração, defesa, educação e saúde públicas e seguridade social;Demais serviços
4;Sul;43;RS;Rio Grande do Sul;4312450;Morro Redondo;False;;;;;;;;;;;;153226.152;25343.39;145054.785;23991.86;132444.65;20040.04;26385.958;14466.244;36616.036;42294.359;119762.597;12682.054;Administração, defesa, educação e saúde públicas e seguridade social;Demais serviços;Agricultura, inclusive apoio à agricultura e a pós colheita
4;Sul;43;RS;Rio Grande do Sul;4312476;Morro Reuter;True;2023;publica;medio;todos (1-4);89.4;0.889003;295.09;294.09;5.236582;4.7;;304040.26;50429.63;277915.988;46096.53;274167.428;41730.2;46513.428;88453.216;71027.642;40901.562;246895.848;27271.581;Indústrias de transformação;Demais serviços;Administração, defesa, educação e saúde públicas e seguridade social
4;Sul;43;RS;Rio Grande do Sul;4312500;Mostardas;True;2023;publica;medio;todos (1-4);78.7;0.803536;280.37;284.71;4.889421;3.9;;494341.206;40888.44;497282.536;41131.72;643325.586;49916.63;348815.083;38139.852;147719.497;79311.534;613985.966;29339.619;Agricultura, inclusive apoio à agricultura e a pós colheita;Demais serviços;Administração, defesa, educação e saúde públicas e seguridade social
4;Sul;43;RS;Rio Grande do Sul;4312609;Muçum;False;;;;;;;;;;;;273362.887;59413.8;269145.845;58497.25;301851.969;60771.49;30773.268;134583.838;77630.986;32474.826;275462.918;26389.051;Indústrias de transformação;Demais serviços;Administração, defesa, educação e saúde públicas e seguridade social
4;Sul;43;RS;Rio Grande do Sul;4312617;Muitos Capões;True;2023;publica;medio;todos (1-4);84.8;0.854449;271.9;264.53;4.468364;3.8;;950302.141;330080.63;851698.035;295831.2;1122085.559;352413.81;677494.173;180344.057;168323.051;29915.697;1056076.979;66008.581;Agricultura, inclusive apoio à agricultura e a pós colheita;Indústrias de transformação;Demais serviços
4;Sul;43;RS;Rio Grande do Sul;4312625;Muliterno;True;2023;publica;medio;todos (1-4);87.5;0.883741;255.18;265.13;4.242515;3.7;;71170.277;41354.02;51791.418;30093.79;91988.394;48389.48;58336.638;2700.173;12058.865;16753.199;89848.875;2139.519;Agricultura, inclusive apoio à agricultura e a pós colheita;Pecuária, inclusive apoio à pecuária;Administração, defesa, educação e saúde públicas e seguridade social
4;Sul;43;RS;Rio Grande do Sul;4312658;Não-Me-Toque;False;;;;;;;;;;;;2951959.557;164932.37;2758225.352;154108.02;2207534.783;123422.5;214105.467;907580.574;622861.113;113869.081;1858416.236;349118.547;Indústrias de transformação;Demais serviços;Comércio e reparação de veículos automotores e motocicletas
4;Sul;43;RS;Rio Grande do Sul;4312674;Nicolau Vergueiro;True;2023;publica;medio;todos (1-4);94.6;0.950386;271.65;272.18;4.579374;4.4;;101822.964;52703.4;100510.078;52023.85;146251.896;87733.59;83655.088;3286.352;32920.236;17366.133;137227.809;9024.087;Agricultura, inclusive apoio à agricultura e a pós colheita;Pecuária, inclusive apoio à pecuária;Administração, defesa, educação e saúde públicas e seguridade social
4;Sul;43;RS;Rio Grande do Sul;4312708;Nonoai;False;;;;;;;;;;;;539373.949;39315.84;513799.396;37451.67;525506.508;45404.05;129571.118;31826.123;231881.211;69842.486;463120.937;62385.571;Comércio e reparação de veículos automotores e motocicletas;Agricultura, inclusive apoio à agricultura e a pós colheita;Demais serviços
4;Sul;43;RS;Rio Grande do Sul;4312757;Nova Alvorada;False;;;;;;;;;;;;201942.301;63845.18;199829.956;63177.35;236575.421;63973.88;84527.431;12325.534;73776.212;27751.25;198380.426;38194.995;Comércio e reparação de veículos automotores e motocicletas;Agricultura, inclusive apoio à agricultura e a pós colheita;Pecuária, inclusive apoio à pecuária
4;Sul;43;RS;Rio Grande do Sul;4312807;Nova Araçá;True;2023;publica;medio;todos (1-4);92.2;0.921236;253.43;253.44;4.042936;3.7;;474774.986;95836.69;345621.009;69766.05;327226.422;66917.47;62893.967;107502.907;79823.153;30723.176;280943.203;46283.22;Indústrias de transformação;Demais serviços;Pecuária, inclusive apoio à pecuária
4;Sul;43;RS;Rio Grande do Sul;4312906;Nova Bassano;False;;;;;;;;;;;;765058.372;79288.88;809139.968;83857.39;802207.384;79513.07;135479.761;400424.024;145876.566;57170.356;738950.708;63256.676;Indústrias de transformação;Construção;Demais serviços
4;Sul;43;RS;Rio Grande do Sul;4312955;Nova Boa Vista;True;2023;publica;medio;todos (1-4);98.1;0.983531;320.49;313.2;5.879401;5.8;;137786.208;67476.11;139367.374;68250.43;145342.946;83964.73;55103.235;27608.271;31340.009;16189.152;130240.667;15102.278;Agricultura, inclusive apoio à agricultura e a pós colheita;Pecuária, inclusive apoio à pecuária;Indústrias de transformação
4;Sul;43;RS;Rio Grande do Sul;4313003;Nova Bréscia;False;;;;;;;;;;;;153973.167;50582.51;127413.896;41857.39;141144.092;42195.54;60100.347;16170.954;30520.769;24290.483;131082.553;10061.539;Pecuária, inclusive apoio à pecuária;Demais serviços;Administração, defesa, educação e saúde públicas e seguridade social
4;Sul;43;RS;Rio Grande do Sul;4313011;Nova Candelária;True;2023;publica;medio;todos (1-4);87.7;0.863932;302.13;294.66;5.343991;4.6;;225891.713;73796.7;197086.921;64386.45;229431.453;85704.69;87287.239;58652.065;36999.737;21586.129;204525.17;24906.283;Pecuária, inclusive apoio à pecuária;Indústrias de transformação;Demais serviços
4;Sul;43;RS;Rio Grande do Sul;4313037;Nova Esperança do Sul;False;;;;;;;;;;;;197237.834;40542.21;133013.758;27340.96;172365.831;31539.95;39991.074;35829.7;47678.466;33980.488;157479.728;14886.103;Administração, defesa, educação e saúde públicas e seguridade social;Demais serviços;Agricultura, inclusive apoio à agricultura e a pós colheita
4;Sul;43;RS;Rio Grande do Sul;4313060;Nova Hartz;True;2023;publica;medio;todos (1-4);91.7;0.914957;270.86;284.22;4.748518;4.3;;1054362.101;52487.16;894687.175;44538.39;805697.885;36379.55;3903.378;416574.979;189503.552;123989.769;733971.678;71726.207;Indústrias de transformação;Demais serviços;Administração, defesa, educação e saúde públicas e seguridade social
4;Sul;43;RS;Rio Grande do Sul;4313086;Nova Pádua;True;2023;publica;medio;todos (1-4);98.2;0.976622;281.57;284.1;4.897143;4.8;;115883.567;49459.48;95083.357;40581.89;100211.425;39099.27;37256.654;13694.329;21631.676;17932.718;90515.378;9696.047;Agricultura, inclusive apoio à agricultura e a pós colheita;Administração, defesa, educação e saúde públicas e seguridade social;Demais serviços
4;Sul;43;RS;Rio Grande do Sul;4313102;Nova Palma;True;2023;publica;medio;todos (1-4);90.1;0.904223;291.21;298.95;5.254842;4.8;;306852.216;54932.37;307919.509;55123.44;382688.782;58703.6;105604.618;87138.912;118830.946;42493.042;354067.517;28621.265;Agricultura, inclusive apoio à agricultura e a pós colheita;Eletricidade e gás, água, esgoto, atividades de gestão de resíduos e descontaminação;Demais serviços
4;Sul;43;RS;Rio Grande do Sul;4313201;Nova Petrópolis;True;2023;publica;medio;todos (1-4);81.0;0.818079;289.76;296.12;5.192111;4.2;;1103618.078;47365.58;1044948.898;45085.6;972688.767;44789.28;57426.464;200432.364;415780.809;135472.009;809111.646;163577.121;Demais serviços;Indústrias de transformação;Administração, defesa, educação e saúde públicas e seguridade social
4;Sul;43;RS;Rio Grande do Sul;4313300;Nova Prata;True;2023;publica;medio;todos (1-4);85.5;0.891589;266.19;268.18;4.442808;4.0;;1559275.729;60691.1;1449629.504;56423.38;1730043.315;61740.96;94572.007;597217.398;589995.54;177060.934;1458845.879;271197.436;Indústrias de transformação;Demais serviços;Administração, defesa, educação e saúde públicas e seguridade social
4;Sul;43;RS;Rio Grande do Sul;4313334;Nova Ramada;True;2023;publica;medio;todos (1-4);95.9;0.964025;314.3;320.21;5.897403;5.7;;204996.501;94774.16;199441.062;92205.76;304678.132;138805.53;160982.261;34708.368;64640.619;20333.058;280664.306;24013.826;Agricultura, inclusive apoio à agricultura e a pós colheita;Demais serviços;Indústrias de transformação
4;Sul;43;RS;Rio Grande do Sul;4313359;Nova Roma do Sul;True;2023;publica;medio;todos (1-4);97.9;0.974053;286.96;281.23;4.929881;4.8;;206673.612;59628.86;177535.146;51221.91;169305.176;45232.48;45505.912;40090.735;37190.135;28823.191;151609.973;17695.203;Indústrias de transformação;Administração, defesa, educação e saúde públicas e seguridade social;Pecuária, inclusive apoio à pecuária
4;Sul;43;RS;Rio Grande do Sul;4313375;Nova Santa Rita;True;2023;publica;medio;todos (1-4);74.8;0.755123;269.6;281.19;4.685462;3.5;;3229383.162;111265.96;2758041.615;95026.24;2487522.375;81606.27;40367.791;615230.545;866890.5;201355.02;1723843.857;763678.518;Indústrias de transformação;Comércio e reparação de veículos automotores e motocicletas;Demais serviços
4;Sul;43;RS;Rio Grande do Sul;4313391;Novo Cabrais;True;2023;publica;medio;todos (1-4);95.2;0.949273;280.45;280.09;4.821383;4.6;;131684.47;36907.08;131086.366;36739.45;133171.676;31364.03;68698.316;6485.325;23257.728;29878.279;128319.648;4852.028;Agricultura, inclusive apoio à agricultura e a pós colheita;Administração, defesa, educação e saúde públicas e seguridade social;Demais serviços
4;Sul;43;RS;Rio Grande do Sul;4313409;Novo Hamburgo;True;2023;publica;medio;todos (1-4);82.8;0.847787;303.4;298.88;5.425002;4.6;;11936582.053;52434.84;10915914.742;47933.16;10037922.921;40589.57;28059.998;2274986.282;5086530.804;1289673.172;8679250.256;1358672.664;Demais serviços;Indústrias de transformação;Administração, defesa, educação e saúde públicas e seguridade social
4;Sul;43;RS;Rio Grande do Sul;4313425;Novo Machado;True;2023;publica;medio;todos (1-4);72.3;0.718252;324.61;306.72;5.84026;4.2;;140898.981;44058.47;143697.794;44933.64;186354.643;58400.08;111828.672;4555.861;35025.768;26805.842;178216.144;8138.499;Agricultura, inclusive apoio à agricultura e a pós colheita;Administração, defesa, educação e saúde públicas e seguridade social;Demais serviços
4;Sul;43;RS;Rio Grande do Sul;4313441;Novo Tiradentes;True;2023;publica;medio;todos (1-4);78.7;0.787603;270.27;261.76;4.404004;3.5;;73352.814;34181.18;65769.408;30647.44;74728.666;34138.27;39000.823;1546.392;13684.501;17642.658;71874.374;2854.292;Agricultura, inclusive apoio à agricultura e a pós colheita;Administração, defesa, educação e saúde públicas e seguridade social;Pecuária, inclusive apoio à pecuária
4;Sul;43;RS;Rio Grande do Sul;4313466;Novo Xingu;True;2023;publica;medio;todos (1-4);94.9;0.942349;281.01;270.44;4.684787;4.4;;67740.643;41154.7;65004.759;39492.56;75033.685;44008.03;39697.108;2605.991;13183.207;16768.875;72255.182;2778.502;Agricultura, inclusive apoio à agricultura e a pós colheita;Pecuária, inclusive apoio à pecuária;Administração, defesa, educação e saúde públicas e seguridade social
4;Sul;43;RS;Rio Grande do Sul;4313490;Novo Barreiro;False;;;;;;;;;;;;120313.354;28163.24;114368.115;26771.56;135200.085;32305.87;56439.44;8135.019;33503.689;29760.019;127838.167;7361.919;Agricultura, inclusive apoio à agricultura e a pós colheita;Administração, defesa, educação e saúde públicas e seguridade social;Demais serviços
4;Sul;43;RS;Rio Grande do Sul;4313508;Osório;True;2023;publica;medio;todos (1-4);82.6;0.857865;300.55;303.3;5.451141;4.7;;2141949.769;45192.63;1992122.993;42027.91;1819038.27;38855.89;62368.929;252178.265;999382.723;333844.445;1647774.362;171263.908;Demais serviços;Administração, defesa, educação e saúde públicas e seguridade social;Comércio e reparação de veículos automotores e motocicletas
4;Sul;43;RS;Rio Grande do Sul;4313607;Paim Filho;True;2023;publica;medio;todos (1-4);94.1;0.935299;275.27;281.23;4.765696;4.5;;162820.804;44841.86;138641.205;38203.69;167645.571;44933.15;76430.43;9641.311;43672.695;26683.973;156428.409;11217.162;Agricultura, inclusive apoio à agricultura e a pós colheita;Pecuária, inclusive apoio à pecuária;Demais serviços
4;Sul;43;RS;Rio Grande do Sul;4313656;Palmares do Sul;True;2023;publica;medio;todos (1-4);79.2;0.801518;274.93;274.26;4.656579;3.7;;739854.785;57603.14;666940.214;51926.21;735606.463;64856.86;171623.373;266750.347;177309.519;77086.369;692769.608;42836.855;Eletricidade e gás, água, esgoto, atividades de gestão de resíduos e descontaminação;Agricultura, inclusive apoio à agricultura e a pós colheita;Demais serviços
4;Sul;43;RS;Rio Grande do Sul;4313706;Palmeira das Missões;True;2023;publica;medio;todos (1-4);87.1;0.895353;284.4;290.43;5.031651;4.5;;1708324.224;51430.76;1808604.646;54449.8;2215056.907;67190.13;980810.395;82280.057;772013.213;203814.79;2038918.456;176138.452;Agricultura, inclusive apoio à agricultura e a pós colheita;Demais serviços;Comércio e reparação de veículos automotores e motocicletas
4;Sul;43;RS;Rio Grande do Sul;4313805;Palmitinho;True;2023;publica;medio;todos (1-4);85.6;0.836472;281.05;291.06;4.994031;4.2;;265325.492;33846.85;233999.245;29850.65;271642.607;38498.1;82355.807;42591.861;81138.14;48358.22;254444.028;17198.58;Pecuária, inclusive apoio à pecuária;Demais serviços;Administração, defesa, educação e saúde públicas e seguridade social
4;Sul;43;RS;Rio Grande do Sul;4313904;Panambi;True;2023;publica;medio;todos (1-4);89.3;0.89399;298.06;300.08;5.367966;4.8;;4011216.467;92180.09;3651828.273;83921.14;3167751.973;71052.91;263177.14;1330220.658;929973.749;261823.12;2785194.667;382557.306;Indústrias de transformação;Demais serviços;Comércio e reparação de veículos automotores e motocicletas
4;Sul;43;RS;Rio Grande do Sul;4313953;Pantano Grande;False;;;;;;;;;;;;576614.361;56464.39;552950.217;54147.1;533689.393;59331.78;180370.309;103903.356;146544.875;61121.753;491940.292;41749.1;Agricultura, inclusive apoio à agricultura e a pós colheita;Demais serviços;Indústrias de transformação
4;Sul;43;RS;Rio Grande do Sul;4314001;Paraí;False;;;;;;;;;;;;488255.924;67869.88;412317.14;57314.03;424446.847;54465.14;82993.188;112017.92;119137.832;46141.696;360290.636;64156.211;Indústrias de transformação;Demais serviços;Pecuária, inclusive apoio à pecuária
4;Sul;43;RS;Rio Grande do Sul;4314027;Paraíso do Sul;True;2023;publica;medio;todos (1-4);82.7;0.816733;285.95;296.45;5.14354;4.2;;230034.251;35286.74;185970.03;28527.39;207385.922;27162.53;87614.911;6396.511;56384.963;45257.089;195653.473;11732.449;Agricultura, inclusive apoio à agricultura e a pós colheita;Administração, defesa, educação e saúde públicas e seguridade social;Demais serviços
4;Sul;43;RS;Rio Grande do Sul;4314035;Pareci Novo;False;;;;;;;;;;;;159254.017;36872.89;134708.553;31189.76;136434.855;35118.37;37733.312;9818.579;44875.052;28719.901;121146.843;15288.012;Administração, defesa, educação e saúde públicas e seguridade social;Demais serviços;Agricultura, inclusive apoio à agricultura e a pós colheita
4;Sul;43;RS;Rio Grande do Sul;4314050;Parobé;True;2023;publica;medio;todos (1-4);77.4;0.780396;269.8;275.94;4.609678;3.6;;1725746.396;33154.28;1497394.666;28763.97;1390320.469;23398.58;6234.416;383041.855;563796.442;311126.451;1264199.165;126121.304;Demais serviços;Indústrias de transformação;Administração, defesa, educação e saúde públicas e seguridade social
4;Sul;43;RS;Rio Grande do Sul;4314068;Passa Sete;True;2023;publica;medio;todos (1-4);93.5;0.935353;281.99;276.56;4.790168;4.5;;144618.439;36308.92;115483.897;29001.48;132983.397;22967.77;70065.789;3655.983;20410.667;34432.354;128564.792;4418.605;Agricultura, inclusive apoio à agricultura e a pós colheita;Administração, defesa, educação e saúde públicas e seguridade social;Demais serviços
4;Sul;43;RS;Rio Grande do Sul;4314076;Passo do Sobrado;True;2023;publica;medio;todos (1-4);95.0;0.949527;276.45;286.53;4.86161;4.6;;281871.212;46783.6;253071.797;42003.62;229641.338;34730.99;97046.05;26114.577;44826.867;43114.736;211102.23;18539.109;Agricultura, inclusive apoio à agricultura e a pós colheita;Administração, defesa, educação e saúde públicas e seguridade social;Demais serviços
4;Sul;43;RS;Rio Grande do Sul;4314100;Passo Fundo;True;2023;publica;medio;todos (1-4);77.9;0.792909;275.28;279.11;4.7341;3.8;;14069539.725;68227.53;13619805.995;66043.75;12552866.647;60905.79;329161.056;1433975.382;7675071.294;1141234.358;10579442.09;1973424.557;Demais serviços;Comércio e reparação de veículos automotores e motocicletas;Administração, defesa, educação e saúde públicas e seguridade social
4;Sul;43;RS;Rio Grande do Sul;4314134;Paulo Bento;True;2023;publica;medio;todos (1-4);89.7;0.873758;275.44;295.41;4.980359;4.4;;238557.905;111267.68;197857.41;92284.24;195870.201;85050.02;66392.949;61249.079;29248.29;20830.917;177721.235;18148.966;Indústrias de transformação;Agricultura, inclusive apoio à agricultura e a pós colheita;Demais serviços
4;Sul;43;RS;Rio Grande do Sul;4314159;Paverama;True;2023;publica;medio;todos (1-4);93.0;0.929608;304.31;303.17;5.502004;5.1;;301261.996;37761.59;261231.219;32743.95;242457.974;28387.54;63292.829;57712.701;51681.235;48838.815;221525.581;20932.393;Administração, defesa, educação e saúde públicas e seguridade social;Indústrias de transformação;Demais serviços
4;Sul;43;RS;Rio Grande do Sul;4314175;Pedras Altas;False;;;;;;;;;;;;172851.793;83867.92;358700.158;174041.8;386190.228;200306.14;306315.446;9382.279;40636.35;22858.702;379192.777;6997.452;Agricultura, inclusive apoio à agricultura e a pós colheita;Demais serviços;Pecuária, inclusive apoio à pecuária
4;Sul;43;RS;Rio Grande do Sul;4314209;Pedro Osório;False;;;;;;;;;;;;242414.966;32391.1;245041.742;32742.08;270651.352;35227.3;139066.537;12283.096;65305.645;43708.47;260363.748;10287.604;Agricultura, inclusive apoio à agricultura e a pós colheita;Demais serviços;Administração, defesa, educação e saúde públicas e seguridade social
4;Sul;43;RS;Rio Grande do Sul;4314308;Pejuçara;True;2023;publica;medio;todos (1-4);92.0;0.912589;281.42;272.27;4.717941;4.3;;293083.799;78260.03;294044.21;78516.48;464212.34;120888.63;304801.821;13123.654;96259.527;31228.476;445413.479;18798.862;Agricultura, inclusive apoio à agricultura e a pós colheita;Demais serviços;Comércio e reparação de veículos automotores e motocicletas
4;Sul;43;RS;Rio Grande do Sul;4314407;Pelotas;False;;;;;;;;;;;;12480919.075;38322.06;11740930.051;36049.51;10778176.433;31347.76;434023.91;1319877.782;5896027.179;1916619.417;9566548.288;1211628.145;Demais serviços;Administração, defesa, educação e saúde públicas e seguridade social;Comércio e reparação de veículos automotores e motocicletas
4;Sul;43;RS;Rio Grande do Sul;4314423;Picada Café;True;2023;publica;medio;todos (1-4);92.7;0.932283;304.48;313.98;5.666218;5.3;;393451.853;73528.66;382226.464;71430.85;386452.843;66860.35;16996.517;184984.101;84104.199;40958.412;327043.23;59409.613;Indústrias de transformação;Demais serviços;Administração, defesa, educação e saúde públicas e seguridade social
4;Sul;43;RS;Rio Grande do Sul;4314456;Pinhal;True;2023;publica;medio;todos (1-4);83.9;0.831009;300.44;301.2;5.418159;4.5;;154126.687;52087.42;133617.181;45156.2;123341.742;47788.35;54474.959;15904.915;22656.23;21851.047;114887.151;8454.591;Pecuária, inclusive apoio à pecuária;Administração, defesa, educação e saúde públicas e seguridade social;Demais serviços
4;Sul;43;RS;Rio Grande do Sul;4314464;Pinhal da Serra;True;2023;publica;medio;todos (1-4);74.3;0.745084;272.77;291.69;4.88717;3.6;;249015.902;110772.2;285483.708;126994.53;304724.814;160719.84;84947.004;147783.774;21729.135;25846.925;280306.839;24417.975;Eletricidade e gás, água, esgoto, atividades de gestão de resíduos e descontaminação;Agricultura, inclusive apoio à agricultura e a pós colheita;Administração, defesa, educação e saúde públicas e seguridade social
4;Sul;43;RS;Rio Grande do Sul;4314472;Pinhal Grande;False;;;;;;;;;;;;500997.765;131668.27;727915.323;191304.95;931834.039;216252.97;164251.026;654427.424;61969.484;36279.806;916927.74;14906.3;Eletricidade e gás, água, esgoto, atividades de gestão de resíduos e descontaminação;Agricultura, inclusive apoio à agricultura e a pós colheita;Administração, defesa, educação e saúde públicas e seguridade social
4;Sul;43;RS;Rio Grande do Sul;4314498;Pinheirinho do Vale;True;2023;publica;medio;todos (1-4);86.7;0.864135;282.48;276.77;4.800193;4.1;;140566.168;30961.71;114032.383;25117.27;131548.7;26704.97;65037.261;7035.409;21481.898;33792.922;127347.491;4201.209;Pecuária, inclusive apoio à pecuária;Administração, defesa, educação e saúde públicas e seguridade social;Demais serviços
4;Sul;43;RS;Rio Grande do Sul;4314506;Pinheiro Machado;False;;;;;;;;;;;;357895.602;31915.07;340023.602;30321.35;397725.54;32810.22;111162.402;76850.264;110610.191;73156.793;371779.649;25945.891;Demais serviços;Administração, defesa, educação e saúde públicas e seguridade social;Indústrias de transformação
4;Sul;43;RS;Rio Grande do Sul;4314548;Pinto Bandeira;True;2023;publica;medio;todos (1-4);98.0;0.978442;297.22;287.03;5.160809;5.0;;93134.27;34202.82;69200.373;25413.28;74285.516;24213.01;21670.513;7830.643;15656.525;20159.588;65317.268;8968.248;Administração, defesa, educação e saúde públicas e seguridade social;Agricultura, inclusive apoio à agricultura e a pós colheita;Demais serviços
4;Sul;43;RS;Rio Grande do Sul;4314555;Pirapó;True;2023;publica;medio;todos (1-4);95.1;0.960043;255.2;285.39;4.546089;4.4;;72015.695;31865.35;60884.769;26940.16;94671.544;42934.94;54200.592;1949.079;15562.934;20299.674;92012.279;2659.264;Agricultura, inclusive apoio à agricultura e a pós colheita;Administração, defesa, educação e saúde públicas e seguridade social;Pecuária, inclusive apoio à pecuária
4;Sul;43;RS;Rio Grande do Sul;4314605;Piratini;True;2023;publica;medio;todos (1-4);66.9;0.665419;255.35;262.91;4.211669;2.8;;744360.817;42525.18;806428.893;46076.39;880277.054;42437.31;518081.084;47488.488;158181.886;124245.387;847996.845;32280.21;Agricultura, inclusive apoio à agricultura e a pós colheita;Produção florestal, pesca e aquicultura;Administração, defesa, educação e saúde públicas e seguridade social
4;Sul;43;RS;Rio Grande do Sul;4314704;Planalto;True;2023;publica;medio;todos (1-4);91.9;0.937486;275.69;275.52;4.686116;4.4;;325777.528;31306.7;279419.802;26851.8;252508.19;25359.87;50623.973;32544.706;89004.902;60291.281;232464.862;20043.328;Demais serviços;Administração, defesa, educação e saúde públicas e seguridade social;Pecuária, inclusive apoio à pecuária
4;Sul;43;RS;Rio Grande do Sul;4314753;Poço das Antas;True;2023;publica;medio;todos (1-4);81.8;0.827354;314.1;288.79;5.424235;4.5;;100774.015;46418.25;154361.992;71101.79;131757.135;62592.46;30988.991;42235.91;26067.579;18114.571;117407.051;14350.083;Indústrias de transformação;Demais serviços;Pecuária, inclusive apoio à pecuária
4;Sul;43;RS;Rio Grande do Sul;4314779;Pontão;False;;;;;;;;;;;;271978.148;82517.64;297879.005;90375.91;403317.288;103467.75;284898.998;11536.562;61232.068;32841.038;390508.666;12808.622;Agricultura, inclusive apoio à agricultura e a pós colheita;Pecuária, inclusive apoio à pecuária;Demais serviços
4;Sul;43;RS;Rio Grande do Sul;4314787;Ponte Preta;True;2023;publica;medio;todos (1-4);90.0;0.899976;292.01;286.37;5.077754;4.6;;78317.469;49725.38;70210.123;44577.86;96048.857;63989.91;58572.269;3403.234;13962.993;15297.53;91236.025;4812.832;Agricultura, inclusive apoio à agricultura e a pós colheita;Pecuária, inclusive apoio à pecuária;Administração, defesa, educação e saúde públicas e seguridade social
4;Sul;43;RS;Rio Grande do Sul;4314803;Portão;True;2023;publica;medio;todos (1-4);78.9;0.815151;303.21;309.27;5.577872;4.5;;1816676.821;53320.33;1543413.779;45298.6;1662403.405;43654.41;54303.801;596853.819;538541.064;202731.864;1392430.548;269972.858;Indústrias de transformação;Demais serviços;Administração, defesa, educação e saúde públicas e seguridade social
4;Sul;43;RS;Rio Grande do Sul;4314902;Porto Alegre;True;2023;publica;medio;todos (1-4);75.9;0.793133;266.22;276.38;4.565984;3.6;;104743272.125;78586.94;90214952.143;67699.97;81563063.461;54647.52;36859.951;6584096.623;54872538.979;7908539.164;69402034.718;12161028.743;Demais serviços;Comércio e reparação de veículos automotores e motocicletas;Administração, defesa, educação e saúde públicas e seguridade social
4;Sul;43;RS;Rio Grande do Sul;4315008;Porto Lucena;True;2023;publica;medio;todos (1-4);93.3;0.933411;267.95;290.13;4.79612;4.5;;128971.832;29580.7;114412.688;26241.44;135662.02;30053.62;58768.258;3437.42;38773.857;29152.13;130131.665;5530.355;Administração, defesa, educação e saúde públicas e seguridade social;Demais serviços;Agricultura, inclusive apoio à agricultura e a pós colheita
4;Sul;43;RS;Rio Grande do Sul;4315057;Porto Mauá;True;2023;publica;medio;todos (1-4);83.7;0.806722;241.01;266.97;4.071043;3.3;;79556.903;37141.41;69658.141;32520.14;89350.093;38314.79;44033.923;1949.551;20166.851;18536.79;84687.114;4662.98;Agricultura, inclusive apoio à agricultura e a pós colheita;Administração, defesa, educação e saúde públicas e seguridade social;Pecuária, inclusive apoio à pecuária
4;Sul;43;RS;Rio Grande do Sul;4315073;Porto Vera Cruz;False;;;;;;;;;;;;48373.04;31008.36;40675.04;26073.74;45212.119;35939.68;22095.442;894.699;7465.927;13405.57;43861.637;1350.482;Pecuária, inclusive apoio à pecuária;Administração, defesa, educação e saúde públicas e seguridade social;Agricultura, inclusive apoio à agricultura e a pós colheita
4;Sul;43;RS;Rio Grande do Sul;4315107;Porto Xavier;True;2023;publica;medio;todos (1-4);92.4;0.941655;286.95;290.05;5.061777;4.8;;230081.527;23151.69;204759.257;20603.67;210927.252;20793.3;37564.764;9214.4;85068.422;62229.359;194076.946;16850.306;Administração, defesa, educação e saúde públicas e seguridade social;Demais serviços;Comércio e reparação de veículos automotores e motocicletas
4;Sul;43;RS;Rio Grande do Sul;4315131;Pouso Novo;False;;;;;;;;;;;;57903.861;33297.22;51514.389;29623.0;61420.195;38726.48;25752.723;2617.393;15434.355;14725.571;58530.042;2890.153;Pecuária, inclusive apoio à pecuária;Administração, defesa, educação e saúde públicas e seguridade social;Demais serviços
4;Sul;43;RS;Rio Grande do Sul;4315149;Presidente Lucena;True;2023;publica;medio;todos (1-4);100.0;1.0;300.55;282.41;5.138417;5.1;;371733.887;120810.49;294671.794;95765.94;213813.066;71942.49;16630.235;106418.043;42038.104;21215.747;186302.129;27510.937;Indústrias de transformação;Demais serviços;Administração, defesa, educação e saúde públicas e seguridade social
4;Sul;43;RS;Rio Grande do Sul;4315156;Progresso;False;;;;;;;;;;;;181523.261;33993.12;155898.74;29194.52;166517.474;26706.89;72787.775;9272.471;40016.545;37689.649;159766.441;6751.033;Administração, defesa, educação e saúde públicas e seguridade social;Pecuária, inclusive apoio à pecuária;Demais serviços
4;Sul;43;RS;Rio Grande do Sul;4315172;Protásio Alves;False;;;;;;;;;;;;93358.025;46102.73;85918.457;42428.87;93263.32;48348.01;51781.443;8701.967;12456.87;15901.747;88842.027;4421.294;Pecuária, inclusive apoio à pecuária;Agricultura, inclusive apoio à agricultura e a pós colheita;Administração, defesa, educação e saúde públicas e seguridade social
4;Sul;43;RS;Rio Grande do Sul;4315206;Putinga;True;2023;publica;medio;todos (1-4);95.3;0.948207;293.26;278.73;4.980939;4.7;;153757.741;41034.89;124597.381;33252.57;133442.659;34561.68;61639.007;11236.368;28619.95;24714.84;126210.165;7232.493;Pecuária, inclusive apoio à pecuária;Administração, defesa, educação e saúde públicas e seguridade social;Agricultura, inclusive apoio à agricultura e a pós colheita
4;Sul;43;RS;Rio Grande do Sul;4315305;Quaraí;True;2023;publica;medio;todos (1-4);80.6;0.851182;278.82;288.62;4.926184;4.2;;720056.58;30640.71;588978.159;25062.9;625752.379;27772.95;201581.038;25408.059;234117.565;123786.445;584893.107;40859.271;Demais serviços;Administração, defesa, educação e saúde públicas e seguridade social;Pecuária, inclusive apoio à pecuária
4;Sul;43;RS;Rio Grande do Sul;4315313;Quatro Irmãos;False;;;;;;;;;;;;136522.53;87965.55;145777.692;93928.93;185963.125;99980.17;122341.761;8271.875;30121.271;18486.57;179221.477;6741.648;Agricultura, inclusive apoio à agricultura e a pós colheita;Demais serviços;Administração, defesa, educação e saúde públicas e seguridade social
4;Sul;43;RS;Rio Grande do Sul;4315321;Quevedos;True;2023;publica;medio;todos (1-4);53.7;0.501651;285.9;281.98;4.926221;2.5;;156253.021;62326.69;189792.899;75705.19;299303.714;107162.09;198235.211;6705.91;53344.809;25437.955;283723.885;15579.829;Agricultura, inclusive apoio à agricultura e a pós colheita;Demais serviços;Administração, defesa, educação e saúde públicas e seguridade social
4;Sul;43;RS;Rio Grande do Sul;4315354;Quinze de Novembro;True;2023;publica;medio;todos (1-4);91.1;0.910836;283.17;283.62;4.912429;4.5;;172890.809;44217.6;161878.221;41401.08;255121.101;66960.92;142175.88;15232.682;54708.165;30018.363;242135.09;12986.011;Agricultura, inclusive apoio à agricultura e a pós colheita;Pecuária, inclusive apoio à pecuária;Demais serviços
4;Sul;43;RS;Rio Grande do Sul;4315404;Redentora;True;2023;publica;medio;todos (1-4);69.2;0.694207;243.05;237.62;3.660323;2.5;;207603.983;21318.95;186012.106;19101.67;232904.289;19767.81;103316.707;6118.846;50361.414;62346.594;222143.562;10760.728;Agricultura, inclusive apoio à agricultura e a pós colheita;Administração, defesa, educação e saúde públicas e seguridade social;Demais serviços
4;Sul;43;RS;Rio Grande do Sul;4315453;Relvado;True;2023;publica;medio;todos (1-4);98.1;0.981686;263.77;303.12;4.931874;4.8;;75597.034;42091.89;62683.35;34901.64;82687.271;39984.17;48501.222;3139.566;12856.619;15345.581;79842.988;2844.283;Pecuária, inclusive apoio à pecuária;Administração, defesa, educação e saúde públicas e seguridade social;Agricultura, inclusive apoio à agricultura e a pós colheita
4;Sul;43;RS;Rio Grande do Sul;4315503;Restinga Sêca;False;;;;;;;;;;;;643230.024;43057.1;562183.37;37631.93;673422.787;42887.71;277829.65;53165.914;206020.483;92180.301;629196.347;44226.439;Agricultura, inclusive apoio à agricultura e a pós colheita;Demais serviços;Administração, defesa, educação e saúde públicas e seguridade social
4;Sul;43;RS;Rio Grande do Sul;4315552;Rio dos Índios;True;2023;publica;medio;todos (1-4);83.5;0.849213;268.55;285.02;4.72805;4.0;;116659.938;41149.89;112293.358;39609.65;136485.517;53086.55;75282.269;3846.729;27258.786;23215.906;129603.691;6881.826;Agricultura, inclusive apoio à agricultura e a pós colheita;Administração, defesa, educação e saúde públicas e seguridade social;Demais serviços
4;Sul;43;RS;Rio Grande do Sul;4315602;Rio Grande;True;2023;publica;medio;todos (1-4);78.9;0.817075;280.25;288.57;4.94552;4.0;;14106680.075;73510.58;13059825.401;68055.37;13282201.438;62392.61;440805.76;4237228.688;5052638.265;1322966.159;11053638.871;2228562.567;Demais serviços;Indústrias de transformação;Administração, defesa, educação e saúde públicas e seguridade social
4;Sul;43;RS;Rio Grande do Sul;4315701;Rio Pardo;True;2023;publica;medio;todos (1-4);90.1;0.907348;266.61;278.59;4.604546;4.2;;1248018.944;36013.71;1460422.297;42142.96;1390524.912;36346.94;571616.887;106576.164;405450.118;222503.192;1306146.361;84378.551;Agricultura, inclusive apoio à agricultura e a pós colheita;Demais serviços;Administração, defesa, educação e saúde públicas e seguridade social
4;Sul;43;RS;Rio Grande do Sul;4315750;Riozinho;True;2023;publica;medio;todos (1-4);93.8;0.9396;268.77;282.47;4.692967;4.4;;165771.634;37060.5;147174.466;32902.85;155849.301;33173.54;7065.514;64500.419;36461.249;31216.362;139243.545;16605.756;Indústrias de transformação;Demais serviços;Administração, defesa, educação e saúde públicas e seguridade social
4;Sul;43;RS;Rio Grande do Sul;4315800;Roca Sales;False;;;;;;;;;;;;626610.876;60146.95;563915.95;54129.0;576083.233;49851.44;78995.557;257697.047;125811.347;66704.718;529208.669;46874.564;Indústrias de transformação;Demais serviços;Administração, defesa, educação e saúde públicas e seguridade social
4;Sul;43;RS;Rio Grande do Sul;4315909;Rodeio Bonito;True;2023;publica;medio;todos (1-4);76.6;0.737719;286.02;287.64;5.012637;3.7;;301149.817;45258.46;258613.936;38865.94;279279.531;47593.65;79225.343;21890.882;86620.93;40816.318;228553.472;50726.059;Demais serviços;Pecuária, inclusive apoio à pecuária;Administração, defesa, educação e saúde públicas e seguridade social
4;Sul;43;RS;Rio Grande do Sul;4315958;Rolador;True;2023;publica;medio;todos (1-4);97.0;0.976622;293.45;281.99;5.03241;4.9;;91405.286;39897.55;90147.762;39348.65;161913.636;71327.59;109714.254;3582.509;21606.25;22481.603;157384.617;4529.02;Agricultura, inclusive apoio à agricultura e a pós colheita;Administração, defesa, educação e saúde públicas e seguridade social;Demais serviços
4;Sul;43;RS;Rio Grande do Sul;4316006;Rolante;True;2023;publica;medio;todos (1-4);86.2;0.894248;299.76;299.45;5.382411;4.8;;951008.499;44747.02;822059.276;38679.68;731610.966;33885.0;27746.592;223350.107;263319.317;124384.987;638801.002;92809.963;Indústrias de transformação;Demais serviços;Administração, defesa, educação e saúde públicas e seguridade social
4;Sul;43;RS;Rio Grande do Sul;4316105;Ronda Alta;True;2023;publica;medio;todos (1-4);80.4;0.797049;303.54;300.54;5.451818;4.3;;402815.63;41200.33;431807.87;44165.68;471553.637;44348.13;201776.906;17612.557;161711.172;59302.528;440403.162;31150.475;Agricultura, inclusive apoio à agricultura e a pós colheita;Demais serviços;Comércio e reparação de veículos automotores e motocicletas
4;Sul;43;RS;Rio Grande do Sul;4316204;Rondinha;True;2023;publica;medio;todos (1-4);96.0;0.965354;295.58;296.96;5.286428;5.1;;227715.902;45625.31;233571.661;46798.57;268874.423;53422.3;139558.033;7479.391;70575.197;36428.265;254040.886;14833.538;Pecuária, inclusive apoio à pecuária;Agricultura, inclusive apoio à agricultura e a pós colheita;Demais serviços
4;Sul;43;RS;Rio Grande do Sul;4316303;Roque Gonzales;False;;;;;;;;;;;;396753.067;60333.5;410043.622;62354.57;437026.241;64744.63;105670.669;210361.294;66231.213;41169.348;423432.523;13593.717;Eletricidade e gás, água, esgoto, atividades de gestão de resíduos e descontaminação;Agricultura, inclusive apoio à agricultura e a pós colheita;Pecuária, inclusive apoio à pecuária
4;Sul;43;RS;Rio Grande do Sul;4316402;Rosário do Sul;True;2023;publica;medio;todos (1-4);75.7;0.811179;257.04;264.77;4.263249;3.5;;1498312.719;40903.98;1155784.518;31552.95;1381975.671;35245.49;507511.855;60427.173;498668.904;214817.676;1281425.608;100550.063;Agricultura, inclusive apoio à agricultura e a pós colheita;Demais serviços;Administração, defesa, educação e saúde públicas e seguridade social
4;Sul;43;RS;Rio Grande do Sul;4316428;Sagrada Família;True;2023;publica;medio;todos (1-4);81.6;0.790541;271.72;275.56;4.630956;3.7;;67102.486;27057.45;63226.699;25494.64;82616.031;31763.18;38775.748;2647.466;17593.879;19971.132;78988.225;3627.805;Agricultura, inclusive apoio à agricultura e a pós colheita;Administração, defesa, educação e saúde públicas e seguridade social;Demais serviços
4;Sul;43;RS;Rio Grande do Sul;4316436;Saldanha Marinho;True;2023;publica;medio;todos (1-4);98.1;0.967708;270.06;272.49;4.561683;4.4;;170088.539;66053.8;174882.81;67915.65;254248.495;97938.56;145083.811;5557.85;66453.248;21682.318;238777.227;15471.267;Agricultura, inclusive apoio à agricultura e a pós colheita;Demais serviços;Comércio e reparação de veículos automotores e motocicletas
4;Sul;43;RS;Rio Grande do Sul;4316451;Salto do Jacuí;True;2023;publica;medio;todos (1-4);69.5;0.703225;292.47;310.13;5.439904;3.8;;594921.188;58308.46;844871.546;82806.19;1213457.71;96983.51;204201.854;772161.604;128570.764;81144.591;1186078.813;27378.897;Eletricidade e gás, água, esgoto, atividades de gestão de resíduos e descontaminação;Agricultura, inclusive apoio à agricultura e a pós colheita;Demais serviços
4;Sul;43;RS;Rio Grande do Sul;4316477;Salvador das Missões;False;;;;;;;;;;;;162260.348;56399.15;149877.902;52095.2;178469.506;65277.8;66041.703;18015.493;55159.577;22287.222;161503.995;16965.511;Pecuária, inclusive apoio à pecuária;Demais serviços;Agricultura, inclusive apoio à agricultura e a pós colheita
4;Sul;43;RS;Rio Grande do Sul;4316501;Salvador do Sul;True;2023;publica;medio;todos (1-4);84.9;0.852845;306.22;304.63;5.550686;4.7;;395635.911;57513.58;322723.984;46914.37;337662.858;42340.17;73681.383;72995.832;102285.925;46829.998;295793.138;41869.72;Pecuária, inclusive apoio à pecuária;Demais serviços;Administração, defesa, educação e saúde públicas e seguridade social
4;Sul;43;RS;Rio Grande do Sul;4316600;Sananduva;True;2023;publica;medio;todos (1-4);73.6;0.731319;293.59;299.25;5.29276;3.9;;877957.067;53537.23;827815.632;50479.64;843826.291;51509.36;214642.74;108381.452;320788.863;92857.408;736670.463;107155.828;Demais serviços;Agricultura, inclusive apoio à agricultura e a pós colheita;Comércio e reparação de veículos automotores e motocicletas
4;Sul;43;RS;Rio Grande do Sul;4316709;Santa Bárbara do Sul;False;;;;;;;;;;;;875560.86;107801.14;981525.146;120847.72;1336030.058;171000.9;703242.055;52270.539;404252.949;58478.134;1218243.676;117786.382;Agricultura, inclusive apoio à agricultura e a pós colheita;Comércio e reparação de veículos automotores e motocicletas;Demais serviços
4;Sul;43;RS;Rio Grande do Sul;4316733;Santa Cecília do Sul;False;;;;;;;;;;;;91361.099;54576.52;103168.044;61629.66;143880.074;88269.98;105055.4;3274.87;16218.225;16702.955;141251.45;2628.624;Agricultura, inclusive apoio à agricultura e a pós colheita;Pecuária, inclusive apoio à pecuária;Administração, defesa, educação e saúde públicas e seguridade social
4;Sul;43;RS;Rio Grande do Sul;4316758;Santa Clara do Sul;True;2023;publica;medio;todos (1-4);88.5;0.890114;298.75;292.56;5.265082;4.7;;427743.869;62108.88;360574.688;52355.84;339107.076;50200.9;40526.829;141859.009;79170.639;43990.472;305546.949;33560.127;Indústrias de transformação;Administração, defesa, educação e saúde públicas e seguridade social;Demais serviços
4;Sul;43;RS;Rio Grande do Sul;4316808;Santa Cruz do Sul;True;2023;publica;medio;todos (1-4);86.5;0.869197;288.95;294.77;5.160525;4.5;;13396617.903;100540.49;11189591.279;83987.02;9815200.528;74205.23;244596.681;2071989.953;3858200.032;831549.939;7006336.605;2808863.923;Demais serviços;Indústrias de transformação;Comércio e reparação de veículos automotores e motocicletas
4;Sul;43;RS;Rio Grande do Sul;4316907;Santa Maria;True;2023;publica;medio;todos (1-4);74.0;0.464927;292.67;297.68;5.256335;2.4;;10932023.988;40230.46;9799720.912;36077.06;9562065.76;33532.4;390982.204;1097558.104;5489814.547;1488180.297;8466535.152;1095530.608;Demais serviços;Administração, defesa, educação e saúde públicas e seguridade social;Comércio e reparação de veículos automotores e motocicletas
4;Sul;43;RS;Rio Grande do Sul;4316956;Santa Maria do Herval;True;2023;publica;medio;todos (1-4);86.5;0.861052;331.16;309.49;5.973722;5.1;;271501.038;42823.51;263463.177;41555.71;279409.025;43780.79;83767.082;67732.901;67164.212;39010.118;257674.314;21734.712;Indústrias de transformação;Demais serviços;Administração, defesa, educação e saúde públicas e seguridade social
4;Sul;43;RS;Rio Grande do Sul;4316972;Santa Margarida do Sul;False;;;;;;;;;;;;278310.094;107207.28;248129.63;95581.52;361015.792;139227.07;241653.95;13717.933;62355.88;24803.663;342531.426;18484.366;Agricultura, inclusive apoio à agricultura e a pós colheita;Demais serviços;Comércio e reparação de veículos automotores e motocicletas
4;Sul;43;RS;Rio Grande do Sul;4317004;Santana da Boa Vista;False;;;;;;;;;;;;237629.272;33831.05;307801.774;43821.44;364901.024;45402.64;236344.462;10502.788;56975.118;52404.603;356226.972;8674.052;Agricultura, inclusive apoio à agricultura e a pós colheita;Administração, defesa, educação e saúde públicas e seguridade social;Demais serviços
4;Sul;43;RS;Rio Grande do Sul;4317103;Sant'Ana do Livramento;True;2023;publica;medio;todos (1-4);84.8;0.847569;274.02;281.84;4.757271;4.0;;3143614.301;37237.35;2819393.957;33396.83;2823927.505;37330.33;639519.192;455492.259;1088429.76;442509.596;2625950.807;197976.698;Demais serviços;Administração, defesa, educação e saúde públicas e seguridade social;Agricultura, inclusive apoio à agricultura e a pós colheita
4;Sul;43;RS;Rio Grande do Sul;4317202;Santa Rosa;True;2023;publica;medio;todos (1-4);81.7;0.840391;291.52;286.06;5.066232;4.3;;4530356.238;58864.08;4050229.739;52625.67;3732053.349;50513.7;258498.553;925505.242;1562773.81;456263.56;3203041.164;529012.186;Demais serviços;Indústrias de transformação;Administração, defesa, educação e saúde públicas e seguridade social
4;Sul;43;RS;Rio Grande do Sul;4317251;Santa Tereza;True;2023;publica;medio;todos (1-4);96.9;0.937359;315.52;291.6;5.486244;5.1;;53741.883;35708.89;45553.277;30267.96;49851.093;28949.53;19685.097;3582.158;9796.116;14178.741;47242.112;2608.981;Administração, defesa, educação e saúde públicas e seguridade social;Pecuária, inclusive apoio à pecuária;Agricultura, inclusive apoio à agricultura e a pós colheita
4;Sul;43;RS;Rio Grande do Sul;4317301;Santa Vitória do Palmar;True;2023;publica;medio;todos (1-4);77.0;0.771617;260.3;262.04;4.268168;3.3;;1990738.865;64252.62;1602179.493;51711.57;1755631.465;59923.25;822389.873;264676.323;375764.62;218294.331;1681125.147;74506.318;Agricultura, inclusive apoio à agricultura e a pós colheita;Demais serviços;Administração, defesa, educação e saúde públicas e seguridade social
4;Sul;43;RS;Rio Grande do Sul;4317400;Santiago;True;2023;publica;medio;todos (1-4);84.3;0.83493;280.82;286.69;4.925382;4.1;;1861691.263;38041.83;1758686.562;35937.03;2021450.931;41004.72;425748.693;107700.554;1011024.174;263575.756;1808049.177;213401.755;Demais serviços;Comércio e reparação de veículos automotores e motocicletas;Agricultura, inclusive apoio à agricultura e a pós colheita
4;Sul;43;RS;Rio Grande do Sul;4317509;Santo Ângelo;True;2023;publica;medio;todos (1-4);84.8;0.885315;290.95;291.25;5.135921;4.5;;3379818.284;43941.11;3062172.956;39811.39;3180273.497;41012.5;332631.923;469692.71;1604726.197;415011.068;2822061.898;358211.599;Demais serviços;Comércio e reparação de veículos automotores e motocicletas;Administração, defesa, educação e saúde públicas e seguridade social
4;Sul;43;RS;Rio Grande do Sul;4317558;Santo Antônio do Palma;True;2023;publica;medio;todos (1-4);92.3;0.927942;275.63;287.45;4.863866;4.5;;112424.775;53766.03;99139.64;47412.55;119797.325;56561.53;67582.262;5314.407;22526.133;17377.286;112800.088;6997.237;Pecuária, inclusive apoio à pecuária;Agricultura, inclusive apoio à agricultura e a pós colheita;Administração, defesa, educação e saúde públicas e seguridade social
4;Sul;43;RS;Rio Grande do Sul;4317608;Santo Antônio da Patrulha;True;2023;publica;medio;todos (1-4);84.8;0.881861;272.18;285.72;4.789513;4.2;;2178830.731;50733.01;1909247.075;44461.07;1680504.515;38723.98;182189.763;465688.202;587257.813;241371.736;1476507.514;203997.001;Demais serviços;Indústrias de transformação;Administração, defesa, educação e saúde públicas e seguridade social
4;Sul;43;RS;Rio Grande do Sul;4317707;Santo Antônio das Missões;True;2023;publica;medio;todos (1-4);80.1;0.792002;272.8;285.35;4.792681;3.8;;433322.536;42070.15;374215.811;36331.63;673946.023;67869.69;432305.911;16958.793;130644.25;62008.16;641917.114;32028.909;Agricultura, inclusive apoio à agricultura e a pós colheita;Demais serviços;Administração, defesa, educação e saúde públicas e seguridade social
4;Sul;43;RS;Rio Grande do Sul;4317756;Santo Antônio do Planalto;True;2023;publica;medio;todos (1-4);92.1;0.929666;291.82;292.37;5.164906;4.8;;166647.313;79773.73;167164.047;80021.09;189469.866;93889.92;97950.296;21845.553;32867.876;23501.394;176165.12;13304.746;Agricultura, inclusive apoio à agricultura e a pós colheita;Administração, defesa, educação e saúde públicas e seguridade social;Demais serviços
4;Sul;43;RS;Rio Grande do Sul;4317806;Santo Augusto;True;2023;publica;medio;todos (1-4);88.8;0.891383;294.33;287.23;5.123213;4.6;;728450.437;52398.97;705693.618;50762.02;848438.805;61423.21;335207.03;56337.965;297949.388;80566.828;770061.21;78377.595;Agricultura, inclusive apoio à agricultura e a pós colheita;Demais serviços;Comércio e reparação de veículos automotores e motocicletas
4;Sul;43;RS;Rio Grande do Sul;4317905;Santo Cristo;False;;;;;;;;;;;;766616.238;50040.22;690812.7;45092.21;784070.634;55305.82;229302.884;74578.658;280685.488;84796.354;669363.384;114707.25;Demais serviços;Pecuária, inclusive apoio à pecuária;Comércio e reparação de veículos automotores e motocicletas
4;Sul;43;RS;Rio Grande do Sul;4317954;Santo Expedito do Sul;True;2023;publica;medio;todos (1-4);87.3;0.862299;282.74;300.48;5.158785;4.4;;105537.385;44928.64;97433.977;41478.92;128953.434;56385.41;78803.61;7142.255;17819.16;20431.599;124196.623;4756.811;Agricultura, inclusive apoio à agricultura e a pós colheita;Pecuária, inclusive apoio à pecuária;Administração, defesa, educação e saúde públicas e seguridade social
4;Sul;43;RS;Rio Grande do Sul;4318002;São Borja;True;2023;publica;medio;todos (1-4);85.3;0.887998;267.02;277.82;4.598777;4.1;;2550388.196;42737.25;2355190.893;39466.3;2570766.452;43012.42;795875.038;274240.166;928202.838;351229.359;2349547.401;221219.051;Agricultura, inclusive apoio à agricultura e a pós colheita;Demais serviços;Administração, defesa, educação e saúde públicas e seguridade social
4;Sul;43;RS;Rio Grande do Sul;4318051;São Domingos do Sul;True;2023;publica;medio;todos (1-4);88.2;0.878994;315.24;306.05;5.698629;5.0;;130564.498;47409.04;114438.585;41553.59;123436.188;39934.06;46576.644;23318.061;23453.033;22904.328;116252.066;7184.122;Pecuária, inclusive apoio à pecuária;Administração, defesa, educação e saúde públicas e seguridade social;Agricultura, inclusive apoio à agricultura e a pós colheita
4;Sul;43;RS;Rio Grande do Sul;4318101;São Francisco de Assis;True;2023;publica;medio;todos (1-4);92.0;0.936828;254.29;269.45;4.294686;4.0;;592569.47;33634.32;487080.274;27646.74;804123.538;44473.4;437723.414;23417.341;197344.907;113929.478;772415.139;31708.399;Agricultura, inclusive apoio à agricultura e a pós colheita;Demais serviços;Administração, defesa, educação e saúde públicas e seguridade social
4;Sul;43;RS;Rio Grande do Sul;4318200;São Francisco de Paula;True;2023;publica;medio;todos (1-4);83.1;0.873295;258.14;261.83;4.234687;3.7;;1202081.557;54907.12;1035535.458;47299.84;1026517.633;46935.1;475150.937;92412.594;261245.659;133619.535;962428.725;64088.908;Produção florestal, pesca e aquicultura;Demais serviços;Agricultura, inclusive apoio à agricultura e a pós colheita
4;Sul;43;RS;Rio Grande do Sul;4318309;São Gabriel;True;2023;publica;medio;todos (1-4);70.5;0.781801;270.75;278.52;4.661644;3.6;;2682926.041;45872.18;2430982.789;41564.5;2723192.851;43790.39;1040024.38;225013.042;921001.686;343476.172;2529515.28;193677.571;Agricultura, inclusive apoio à agricultura e a pós colheita;Demais serviços;Administração, defesa, educação e saúde públicas e seguridade social
4;Sul;43;RS;Rio Grande do Sul;4318408;São Jerônimo;True;2023;publica;medio;todos (1-4);73.4;0.750511;271.04;278.25;4.661675;3.5;;712278.282;33872.85;658231.971;31302.64;667014.089;27148.61;102922.096;83039.032;295957.183;132544.607;614462.917;52551.172;Demais serviços;Administração, defesa, educação e saúde públicas e seguridade social;Indústrias de transformação
4;Sul;43;RS;Rio Grande do Sul;4318424;São João da Urtiga;True;2023;publica;medio;todos (1-4);88.9;0.870407;297.57;282.83;5.10285;4.4;;198261.234;44443.23;156461.276;35073.14;184149.401;39816.09;77046.398;5997.57;56506.83;29044.011;168594.808;15554.592;Agricultura, inclusive apoio à agricultura e a pós colheita;Pecuária, inclusive apoio à pecuária;Administração, defesa, educação e saúde públicas e seguridade social
4;Sul;43;RS;Rio Grande do Sul;4318432;São João do Polêsine;False;;;;;;;;;;;;117972.869;44534.87;100561.152;37961.93;104817.588;41348.16;22130.625;10294.731;43975.329;18987.309;95387.995;9429.594;Demais serviços;Agricultura, inclusive apoio à agricultura e a pós colheita;Administração, defesa, educação e saúde públicas e seguridade social
4;Sul;43;RS;Rio Grande do Sul;4318440;São Jorge;False;;;;;;;;;;;;113153.705;38857.73;105496.468;36228.18;133331.46;47482.71;69617.796;11305.681;24650.047;21053.408;126626.932;6704.528;Pecuária, inclusive apoio à pecuária;Agricultura, inclusive apoio à agricultura e a pós colheita;Administração, defesa, educação e saúde públicas e seguridade social
4;Sul;43;RS;Rio Grande do Sul;4318457;São José das Missões;True;2023;publica;medio;todos (1-4);78.9;0.795651;306.98;312.12;5.673486;4.5;;76281.491;32295.3;71926.351;30451.46;93351.402;37475.47;43978.052;2842.392;19654.02;22781.605;89256.069;4095.333;Agricultura, inclusive apoio à agricultura e a pós colheita;Administração, defesa, educação e saúde públicas e seguridade social;Demais serviços
4;Sul;43;RS;Rio Grande do Sul;4318465;São José do Herval;True;2023;publica;medio;todos (1-4);82.4;0.8236;265.39;279.43;4.599986;3.8;;55693.984;29281.8;52578.923;27644.02;59112.891;30836.15;21944.984;1774.154;14687.708;17178.968;55585.814;3527.076;Administração, defesa, educação e saúde públicas e seguridade social;Pecuária, inclusive apoio à pecuária;Demais serviços
4;Sul;43;RS;Rio Grande do Sul;4318481;São José do Hortêncio;True;2023;publica;medio;todos (1-4);93.8;0.937141;290.06;288.31;5.079409;4.8;;149146.05;33538.58;125767.58;28281.44;117866.32;23937.11;19147.391;25039.363;31916.105;29968.04;106070.899;11795.422;Administração, defesa, educação e saúde públicas e seguridade social;Demais serviços;Indústrias de transformação
4;Sul;43;RS;Rio Grande do Sul;4318499;São José do Inhacorá;True;2023;publica;medio;todos (1-4);100.0;1.0;317.82;293.71;5.550135;5.6;;214097.053;88984.64;185264.89;77001.2;183794.024;90095.11;58444.02;60200.744;32019.473;19396.103;170060.34;13733.684;Indústrias de transformação;Pecuária, inclusive apoio à pecuária;Demais serviços
4;Sul;43;RS;Rio Grande do Sul;4318507;São José do Norte;True;2023;publica;medio;todos (1-4);58.3;0.585272;251.92;242.35;3.85571;2.3;;1273463.684;50051.63;651592.737;25609.9;792704.131;28447.0;117292.739;241974.325;213838.977;168616.982;741723.023;50981.108;Indústrias de transformação;Demais serviços;Administração, defesa, educação e saúde públicas e seguridade social
4;Sul;43;RS;Rio Grande do Sul;4318606;São José do Ouro;False;;;;;;;;;;;;426237.689;62370.16;422708.533;61853.75;463017.948;66997.24;164757.323;24718.878;185888.313;41391.821;416756.336;46261.612;Agricultura, inclusive apoio à agricultura e a pós colheita;Demais serviços;Comércio e reparação de veículos automotores e motocicletas
4;Sul;43;RS;Rio Grande do Sul;4318614;São José do Sul;True;2023;publica;medio;todos (1-4);91.3;0.906343;277.61;299.59;5.073411;4.6;;111513.648;46854.47;92819.453;40621.21;94019.297;38157.18;36729.988;12292.206;16810.252;19823.695;85656.14;8363.157;Administração, defesa, educação e saúde públicas e seguridade social;Pecuária, inclusive apoio à pecuária;Produção florestal, pesca e aquicultura
4;Sul;43;RS;Rio Grande do Sul;4318622;São José dos Ausentes;True;2023;publica;medio;todos (1-4);85.6;0.854831;256.31;266.65;4.28114;3.7;;177177.208;42468.17;150167.174;35994.05;155632.438;43729.26;73182.022;13518.653;35332.48;27675.703;149708.858;5923.579;Agricultura, inclusive apoio à agricultura e a pós colheita;Demais serviços;Administração, defesa, educação e saúde públicas e seguridade social
4;Sul;43;RS;Rio Grande do Sul;4318705;São Leopoldo;True;2023;publica;medio;todos (1-4);73.6;0.742749;277.55;290.42;4.935293;3.7;;11740912.547;54003.8;11108700.061;51095.63;10855414.196;45159.77;2470.137;2557762.236;4500358.16;1425924.635;8486515.169;2368899.027;Demais serviços;Indústrias de transformação;Administração, defesa, educação e saúde públicas e seguridade social
4;Sul;43;RS;Rio Grande do Sul;4318804;São Lourenço do Sul;True;2023;publica;medio;todos (1-4);80.6;0.809563;274.95;275.97;4.682459;3.8;;1719595.707;40953.48;1625159.151;38704.4;1701071.096;39104.18;654873.033;111238.296;562263.799;253480.023;1581855.15;119215.945;Agricultura, inclusive apoio à agricultura e a pós colheita;Demais serviços;Administração, defesa, educação e saúde públicas e seguridade social
4;Sul;43;RS;Rio Grande do Sul;4318903;São Luiz Gonzaga;True;2023;publica;medio;todos (1-4);84.4;0.799784;286.16;286.41;4.99619;4.0;;1712989.662;49291.83;1735289.758;49933.52;1903782.677;57474.42;561192.509;188430.104;774792.389;185592.458;1710007.46;193775.217;Agricultura, inclusive apoio à agricultura e a pós colheita;Demais serviços;Comércio e reparação de veículos automotores e motocicletas
4;Sul;43;RS;Rio Grande do Sul;4319000;São Marcos;True;2023;publica;medio;todos (1-4);82.4;0.829194;287.72;295.37;5.152232;4.3;;1488757.457;70610.77;1215871.424;57667.97;1145393.172;52647.23;48242.017;409878.051;374442.249;121565.687;954128.004;191265.168;Indústrias de transformação;Demais serviços;Administração, defesa, educação e saúde públicas e seguridade social
4;Sul;43;RS;Rio Grande do Sul;4319109;São Martinho;True;2023;publica;medio;todos (1-4);71.3;0.704657;260.42;255.8;4.17644;2.9;;304939.015;55635.65;294724.977;53772.12;354029.704;66347.4;144527.297;27835.889;115880.16;35339.121;323582.468;30447.236;Agricultura, inclusive apoio à agricultura e a pós colheita;Demais serviços;Comércio e reparação de veículos automotores e motocicletas
4;Sul;43;RS;Rio Grande do Sul;4319125;São Martinho da Serra;False;;;;;;;;;;;;211209.833;73849.59;248748.329;88146.11;336099.765;104120.13;232319.343;8614.779;54425.751;26837.672;322197.546;13902.219;Agricultura, inclusive apoio à agricultura e a pós colheita;Demais serviços;Administração, defesa, educação e saúde públicas e seguridade social
4;Sul;43;RS;Rio Grande do Sul;4319158;São Miguel das Missões;True;2023;publica;medio;todos (1-4);84.8;0.852129;261.41;276.98;4.50741;3.8;;517182.43;73296.83;512975.346;72700.59;867930.023;112835.42;564984.073;25771.19;182818.768;56202.289;829776.32;38153.703;Agricultura, inclusive apoio à agricultura e a pós colheita;Demais serviços;Comércio e reparação de veículos automotores e motocicletas
4;Sul;43;RS;Rio Grande do Sul;4319208;São Nicolau;True;2023;publica;medio;todos (1-4);87.8;0.865896;276.51;277.87;4.732812;4.1;;178748.939;34925.55;171472.966;33503.9;228046.547;44255.1;130813.64;6671.775;44769.234;37330.995;219585.644;8460.903;Agricultura, inclusive apoio à agricultura e a pós colheita;Administração, defesa, educação e saúde públicas e seguridade social;Demais serviços
4;Sul;43;RS;Rio Grande do Sul;4319307;São Paulo das Missões;True;2023;publica;medio;todos (1-4);91.9;0.918986;292.25;282.69;5.026035;4.6;;214702.705;36726.43;181060.055;30971.61;200548.895;35470.27;87915.017;13698.591;50195.661;38247.75;190057.018;10491.878;Pecuária, inclusive apoio à pecuária;Administração, defesa, educação e saúde públicas e seguridade social;Demais serviços
4;Sul;43;RS;Rio Grande do Sul;4319356;São Pedro da Serra;False;;;;;;;;;;;;122650.888;34569.02;104627.264;29489.08;113228.481;29175.08;29123.718;23684.426;24306.206;25679.8;102794.149;10434.332;Administração, defesa, educação e saúde públicas e seguridade social;Pecuária, inclusive apoio à pecuária;Indústrias de transformação
4;Sul;43;RS;Rio Grande do Sul;4319364;São Pedro das Missões;True;2023;publica;medio;todos (1-4);84.1;0.855921;263.64;269.66;4.42915;3.8;;72910.985;41497.43;102130.975;58128.04;114178.451;56384.42;55256.288;2470.562;27989.038;20751.775;106467.662;7710.789;Agricultura, inclusive apoio à agricultura e a pós colheita;Administração, defesa, educação e saúde públicas e seguridade social;Comércio e reparação de veículos automotores e motocicletas
4;Sul;43;RS;Rio Grande do Sul;4319372;São Pedro do Butiá;True;2023;publica;medio;todos (1-4);86.0;0.859048;323.43;300.5;5.730573;4.9;;139485.247;45434.93;128336.23;41803.33;161664.594;54801.56;89211.726;13583.977;27501.396;23843.208;154140.308;7524.286;Pecuária, inclusive apoio à pecuária;Agricultura, inclusive apoio à agricultura e a pós colheita;Administração, defesa, educação e saúde públicas e seguridade social
4;Sul;43;RS;Rio Grande do Sul;4319406;São Pedro do Sul;False;;;;;;;;;;;;505803.24;32471.16;457770.117;29387.57;532258.126;33059.51;168609.625;45732.68;182433.418;96283.185;493058.908;39199.218;Agricultura, inclusive apoio à agricultura e a pós colheita;Demais serviços;Administração, defesa, educação e saúde públicas e seguridade social
4;Sul;43;RS;Rio Grande do Sul;4319505;São Sebastião do Caí;True;2023;publica;medio;todos (1-4);78.3;0.821546;287.55;292.79;5.111222;4.2;;1123567.771;45995.08;988053.321;40447.57;899461.375;34381.77;31529.723;204862.957;384946.406;146703.534;768042.62;131418.755;Demais serviços;Indústrias de transformação;Administração, defesa, educação e saúde públicas e seguridade social
4;Sul;43;RS;Rio Grande do Sul;4319604;São Sepé;True;2023;publica;medio;todos (1-4);82.9;0.868503;286.4;296.81;5.15525;4.5;;1059509.123;49932.09;895943.134;42223.63;1331321.195;56671.26;588229.839;99056.564;405917.149;141868.479;1235072.03;96249.165;Agricultura, inclusive apoio à agricultura e a pós colheita;Demais serviços;Comércio e reparação de veículos automotores e motocicletas
4;Sul;43;RS;Rio Grande do Sul;4319703;São Valentim;True;2023;publica;medio;todos (1-4);97.5;0.976622;287.42;299.46;5.209246;5.1;;124877.898;38259.16;117332.56;35947.48;135540.82;42093.42;52067.138;11896.297;37299.643;25006.946;126270.024;9270.796;Agricultura, inclusive apoio à agricultura e a pós colheita;Demais serviços;Administração, defesa, educação e saúde públicas e seguridade social
4;Sul;43;RS;Rio Grande do Sul;4319711;São Valentim do Sul;True;2023;publica;medio;todos (1-4);97.1;0.979528;296.84;319.63;5.643496;5.5;;84856.729;38448.9;77018.554;34897.4;95576.034;42516.03;37286.256;18640.347;17226.679;16907.06;90060.341;5515.693;Pecuária, inclusive apoio à pecuária;Administração, defesa, educação e saúde públicas e seguridade social;Indústrias de transformação
4;Sul;43;RS;Rio Grande do Sul;4319737;São Valério do Sul;False;;;;;;;;;;;;67840.614;26677.39;56571.0;22245.77;90429.573;33100.14;55412.44;2364.68;11522.877;19611.035;88911.033;1518.54;Agricultura, inclusive apoio à agricultura e a pós colheita;Administração, defesa, educação e saúde públicas e seguridade social;Demais serviços
4;Sul;43;RS;Rio Grande do Sul;4319752;São Vendelino;True;2023;publica;medio;todos (1-4);91.9;0.9215;304.83;282.11;5.194038;4.8;;105310.987;46784.09;89106.028;39585.09;95747.93;41847.87;8265.052;33258.923;22670.376;18033.949;82228.3;13519.629;Indústrias de transformação;Demais serviços;Administração, defesa, educação e saúde públicas e seguridade social
4;Sul;43;RS;Rio Grande do Sul;4319802;São Vicente do Sul;True;2023;publica;medio;todos (1-4);92.8;0.920486;281.18;282.61;4.86936;4.5;;469885.58;58032.06;646468.257;79840.47;730554.837;83568.39;278835.866;217461.54;129518.765;55458.111;681274.282;49280.555;Agricultura, inclusive apoio à agricultura e a pós colheita;Indústrias de transformação;Demais serviços
4;Sul;43;RS;Rio Grande do Sul;4319901;Sapiranga;True;2023;publica;medio;todos (1-4);80.8;0.832988;289.12;296.55;5.18956;4.3;;4674054.049;61786.88;3686148.124;48727.63;3615599.007;44906.46;9686.306;1531903.586;1187851.917;467531.624;3196973.434;418625.573;Indústrias de transformação;Demais serviços;Administração, defesa, educação e saúde públicas e seguridade social
4;Sul;43;RS;Rio Grande do Sul;4320008;Sapucaia do Sul;True;2023;publica;medio;todos (1-4);81.0;0.834593;277.42;288.31;4.901881;4.1;;4729407.944;35799.83;4378885.252;33146.5;4204086.389;29500.7;6544.982;1366829.852;1455496.148;821088.456;3649959.438;554126.951;Demais serviços;Indústrias de transformação;Administração, defesa, educação e saúde públicas e seguridade social
4;Sul;43;RS;Rio Grande do Sul;4320107;Sarandi;True;2023;publica;medio;todos (1-4);75.1;0.756571;286.78;288.89;5.042024;3.8;;1427660.579;62476.94;1388514.464;60763.84;1299139.021;51915.72;171575.226;213643.784;583686.073;146495.546;1115400.629;183738.393;Demais serviços;Comércio e reparação de veículos automotores e motocicletas;Administração, defesa, educação e saúde públicas e seguridade social
4;Sul;43;RS;Rio Grande do Sul;4320206;Seberi;True;2023;publica;medio;todos (1-4);76.6;0.800652;298.44;295.94;5.311327;4.3;;827495.705;69246.5;653026.2;54646.54;617245.447;57805.34;156819.369;89973.696;230598.033;69508.469;546899.567;70345.88;Demais serviços;Agricultura, inclusive apoio à agricultura e a pós colheita;Comércio e reparação de veículos automotores e motocicletas
4;Sul;43;RS;Rio Grande do Sul;4320230;Sede Nova;False;;;;;;;;;;;;122594.738;45338.29;112472.386;41594.82;157534.955;54794.77;82626.985;6573.134;36573.927;21613.384;147387.431;10147.524;Agricultura, inclusive apoio à agricultura e a pós colheita;Pecuária, inclusive apoio à pecuária;Administração, defesa, educação e saúde públicas e seguridade social
4;Sul;43;RS;Rio Grande do Sul;4320263;Segredo;True;2023;publica;medio;todos (1-4);86.8;0.877356;282.88;289.66;4.998775;4.4;;181685.939;30235.64;131665.356;21911.36;163088.173;21847.04;81878.663;5048.92;29252.588;42350.273;158530.444;4557.729;Agricultura, inclusive apoio à agricultura e a pós colheita;Administração, defesa, educação e saúde públicas e seguridade social;Demais serviços
4;Sul;43;RS;Rio Grande do Sul;4320305;Selbach;True;2023;publica;medio;todos (1-4);87.5;0.870609;303.52;300.29;5.447795;4.7;;286809.651;56160.1;315596.889;61796.92;375174.279;73362.2;152709.713;39413.303;107103.167;33864.768;333090.95;42083.328;Agricultura, inclusive apoio à agricultura e a pós colheita;Comércio e reparação de veículos automotores e motocicletas;Demais serviços
4;Sul;43;RS;Rio Grande do Sul;4320321;Senador Salgado Filho;True;2023;publica;medio;todos (1-4);92.6;0.922255;287.85;269.5;4.766782;4.4;;93393.407;34939.55;108602.993;40629.63;149059.603;53987.54;88835.578;4532.828;24903.191;24019.517;142291.114;6768.488;Agricultura, inclusive apoio à agricultura e a pós colheita;Pecuária, inclusive apoio à pecuária;Administração, defesa, educação e saúde públicas e seguridade social
4;Sul;43;RS;Rio Grande do Sul;4320354;Sentinela do Sul;False;;;;;;;;;;;;179897.373;33904.52;150052.126;28279.71;136267.289;24182.31;50448.855;17886.253;25998.014;32851.995;127185.117;9082.172;Agricultura, inclusive apoio à agricultura e a pós colheita;Administração, defesa, educação e saúde públicas e seguridade social;Demais serviços
4;Sul;43;RS;Rio Grande do Sul;4320404;Serafina Corrêa;False;;;;;;;;;;;;988516.381;58281.73;830136.314;48943.83;782302.678;43283.32;106448.374;174289.327;297530.844;111846.559;690115.105;92187.573;Demais serviços;Indústrias de transformação;Administração, defesa, educação e saúde públicas e seguridade social
4;Sul;43;RS;Rio Grande do Sul;4320453;Sério;True;2023;publica;medio;todos (1-4);97.0;0.972944;289.76;266.87;4.754237;4.6;;70328.654;36233.21;58837.614;30313.04;59571.578;31536.04;30779.538;2617.78;8229.629;15210.181;56837.128;2734.449;Pecuária, inclusive apoio à pecuária;Administração, defesa, educação e saúde públicas e seguridade social;Agricultura, inclusive apoio à agricultura e a pós colheita
4;Sul;43;RS;Rio Grande do Sul;4320503;Sertão;False;;;;;;;;;;;;389513.968;70296.69;397349.286;71710.75;534503.189;102395.25;350091.923;29203.095;91282.861;43070.738;513648.617;20854.571;Agricultura, inclusive apoio à agricultura e a pós colheita;Demais serviços;Pecuária, inclusive apoio à pecuária
4;Sul;43;RS;Rio Grande do Sul;4320552;Sertão Santana;True;2023;publica;medio;todos (1-4);90.1;0.898033;275.2;282.56;4.784623;4.3;;344570.747;58770.38;338546.653;57742.91;314767.751;47793.46;43701.001;58188.302;123081.007;40125.7;265096.01;49671.741;Comércio e reparação de veículos automotores e motocicletas;Demais serviços;Indústrias de transformação
4;Sul;43;RS;Rio Grande do Sul;4320578;Sete de Setembro;True;2023;publica;medio;todos (1-4);98.2;0.979528;268.34;276.62;4.599352;4.5;;77185.838;42178.05;61049.08;33360.15;105651.704;54713.47;66907.103;3978.256;13631.089;18323.111;102839.56;2812.144;Agricultura, inclusive apoio à agricultura e a pós colheita;Administração, defesa, educação e saúde públicas e seguridade social;Pecuária, inclusive apoio à pecuária
4;Sul;43;RS;Rio Grande do Sul;4320602;Severiano de Almeida;True;2023;publica;medio;todos (1-4);98.8;0.988404;292.61;273.83;4.898457;4.8;;142412.486;41812.24;126366.102;37101.03;149413.809;41423.29;71165.059;7538.881;34215.9;28852.731;141772.57;7641.238;Pecuária, inclusive apoio à pecuária;Agricultura, inclusive apoio à agricultura e a pós colheita;Administração, defesa, educação e saúde públicas e seguridade social
4;Sul;43;RS;Rio Grande do Sul;4320651;Silveira Martins;False;;;;;;;;;;;;72204.098;35603.6;69071.012;32141.0;86630.915;36630.41;39602.366;4195.376;18826.102;19911.428;82535.272;4095.643;Agricultura, inclusive apoio à agricultura e a pós colheita;Administração, defesa, educação e saúde públicas e seguridade social;Demais serviços
4;Sul;43;RS;Rio Grande do Sul;4320677;Sinimbu;True;2023;publica;medio;todos (1-4);93.6;0.938399;288.67;287.71;5.050904;4.7;;248267.158;29013.34;197556.993;23030.66;213481.977;21028.56;76341.432;9102.737;53608.171;63599.643;202651.983;10829.994;Administração, defesa, educação e saúde públicas e seguridade social;Agricultura, inclusive apoio à agricultura e a pós colheita;Demais serviços
4;Sul;43;RS;Rio Grande do Sul;4320701;Sobradinho;True;2023;publica;medio;todos (1-4);86.0;0.89078;294.9;299.58;5.316099;4.7;;523240.067;36780.55;472339.869;33202.58;438643.874;29163.21;62844.922;35674.739;213708.802;84076.445;396304.909;42338.965;Demais serviços;Administração, defesa, educação e saúde públicas e seguridade social;Comércio e reparação de veículos automotores e motocicletas
4;Sul;43;RS;Rio Grande do Sul;4320800;Soledade;True;2023;publica;medio;todos (1-4);76.8;0.816471;275.22;287.15;4.853616;4.0;;1312842.494;43774.55;1218857.85;40640.79;1405196.472;45231.16;383179.929;186754.309;519655.474;175955.228;1265544.94;139651.533;Agricultura, inclusive apoio à agricultura e a pós colheita;Demais serviços;Comércio e reparação de veículos automotores e motocicletas
4;Sul;43;RS;Rio Grande do Sul;4320859;Tabaí;True;2023;publica;medio;todos (1-4);89.7;0.914572;280.64;292.56;5.010728;4.6;;176254.446;39510.08;157891.78;35393.81;142086.634;29503.04;67974.613;8287.984;25783.018;33340.941;135386.556;6700.078;Produção florestal, pesca e aquicultura;Administração, defesa, educação e saúde públicas e seguridade social;Demais serviços
4;Sul;43;RS;Rio Grande do Sul;4320909;Tapejara;False;;;;;;;;;;;;1870496.881;76169.6;1690647.926;68845.87;1644547.577;65853.02;132150.019;592961.55;500711.333;143803.233;1369626.134;274921.443;Indústrias de transformação;Demais serviços;Administração, defesa, educação e saúde públicas e seguridade social
4;Sul;43;RS;Rio Grande do Sul;4321006;Tapera;True;2023;publica;medio;todos (1-4);84.2;0.846482;287.51;295.96;5.158115;4.4;;584149.166;55150.03;588432.078;55554.39;640274.997;60580.47;147802.419;106202.422;234120.684;60780.938;548906.464;91368.533;Demais serviços;Agricultura, inclusive apoio à agricultura e a pós colheita;Comércio e reparação de veículos automotores e motocicletas
4;Sul;43;RS;Rio Grande do Sul;4321105;Tapes;True;2023;publica;medio;todos (1-4);75.5;0.75351;281.24;284.38;4.8967;3.7;;634090.285;43150.07;550849.587;37577.57;603914.039;34781.66;268829.564;50515.689;160665.623;93456.249;573467.125;30446.914;Agricultura, inclusive apoio à agricultura e a pós colheita;Demais serviços;Administração, defesa, educação e saúde públicas e seguridade social
4;Sul;43;RS;Rio Grande do Sul;4321204;Taquara;True;2023;publica;medio;todos (1-4);81.4;0.847488;294.86;294.95;5.246226;4.4;;1815774.92;34105.46;1650287.676;30995.97;1568879.819;27171.46;31086.828;295705.462;778293.407;302818.917;1407904.614;160975.204;Demais serviços;Administração, defesa, educação e saúde públicas e seguridade social;Indústrias de transformação
4;Sul;43;RS;Rio Grande do Sul;4321303;Taquari;True;2023;publica;medio;todos (1-4);86.3;0.893352;271.0;283.56;4.740604;4.2;;1123745.154;44596.6;1018376.162;40414.96;1094083.427;40661.67;104213.613;371987.309;330218.924;142458.649;948878.495;145204.933;Indústrias de transformação;Demais serviços;Administração, defesa, educação e saúde públicas e seguridade social
4;Sul;43;RS;Rio Grande do Sul;4321329;Taquaruçu do Sul;True;2023;publica;medio;todos (1-4);89.5;0.911849;276.23;288.97;4.895047;4.5;;188337.259;60383.86;172597.589;55337.48;188857.718;61297.54;67474.049;7460.348;68915.43;24130.591;167980.419;20877.3;Pecuária, inclusive apoio à pecuária;Comércio e reparação de veículos automotores e motocicletas;Demais serviços
4;Sul;43;RS;Rio Grande do Sul;4321352;Tavares;False;;;;;;;;;;;;135924.272;26079.1;123164.918;23631.03;124254.218;22657.59;44680.537;3154.032;34251.891;35984.789;118071.249;6182.969;Administração, defesa, educação e saúde públicas e seguridade social;Agricultura, inclusive apoio à agricultura e a pós colheita;Demais serviços
4;Sul;43;RS;Rio Grande do Sul;4321402;Tenente Portela;True;2023;publica;medio;todos (1-4);77.9;0.798458;266.37;260.67;4.332911;3.5;;614913.536;42416.61;531864.45;36687.9;579215.207;43273.46;134995.934;37446.929;280478.816;77896.729;530818.408;48396.799;Demais serviços;Agricultura, inclusive apoio à agricultura e a pós colheita;Comércio e reparação de veículos automotores e motocicletas
4;Sul;43;RS;Rio Grande do Sul;4321436;Terra de Areia;True;2023;publica;medio;todos (1-4);78.0;0.79374;288.38;299.78;5.22752;4.1;;342570.174;33149.81;317410.135;30858.46;291340.236;25729.95;20329.306;21543.05;146486.854;69434.949;257794.159;33546.077;Demais serviços;Administração, defesa, educação e saúde públicas e seguridade social;Comércio e reparação de veículos automotores e motocicletas
4;Sul;43;RS;Rio Grande do Sul;4321451;Teutônia;True;2023;publica;medio;todos (1-4);84.1;0.849659;292.75;285.77;5.079166;4.3;;2003350.793;61083.35;1779423.438;54255.68;1576010.97;45981.36;117910.11;445990.55;584228.101;206825.495;1354954.256;221056.714;Indústrias de transformação;Demais serviços;Administração, defesa, educação e saúde públicas e seguridade social
4;Sul;43;RS;Rio Grande do Sul;4321469;Tio Hugo;True;2023;publica;medio;todos (1-4);88.6;0.915888;290.77;293.87;5.172614;4.7;;173558.886;53124.85;186236.254;57005.28;174783.916;56784.9;65148.734;14830.131;51230.212;27019.331;158228.408;16555.508;Agricultura, inclusive apoio à agricultura e a pós colheita;Administração, defesa, educação e saúde públicas e seguridade social;Demais serviços
4;Sul;43;RS;Rio Grande do Sul;4321477;Tiradentes do Sul;True;2023;publica;medio;todos (1-4);90.8;0.910877;300.89;286.65;5.206665;4.7;;162975.258;31775.25;156601.07;30532.48;196242.688;35474.09;87340.314;6524.199;52623.632;35128.842;181616.986;14625.702;Agricultura, inclusive apoio à agricultura e a pós colheita;Administração, defesa, educação e saúde públicas e seguridade social;Pecuária, inclusive apoio à pecuária
4;Sul;43;RS;Rio Grande do Sul;4321493;Toropi;True;2023;publica;medio;todos (1-4);90.7;0.891623;300.33;289.89;5.247303;4.7;;82303.849;32225.47;75078.123;29396.29;101333.696;36808.46;45506.274;2255.42;26656.343;21301.186;95719.222;5614.474;Agricultura, inclusive apoio à agricultura e a pós colheita;Administração, defesa, educação e saúde públicas e seguridade social;Pecuária, inclusive apoio à pecuária
4;Sul;43;RS;Rio Grande do Sul;4321501;Torres;True;2023;publica;medio;todos (1-4);84.6;0.882315;286.77;290.93;5.072422;4.5;;1835529.325;43963.72;1544810.07;37000.55;1382106.936;35095.78;49869.375;169906.228;796069.465;252181.737;1268026.805;114080.131;Demais serviços;Administração, defesa, educação e saúde públicas e seguridade social;Comércio e reparação de veículos automotores e motocicletas
4;Sul;43;RS;Rio Grande do Sul;4321600;Tramandaí;True;2023;publica;medio;todos (1-4);80.3;0.84453;281.04;291.28;4.997184;4.2;;1579725.122;29046.01;1329518.584;24445.52;1234555.638;23072.79;16772.655;113567.441;671816.577;334146.48;1136303.153;98252.485;Demais serviços;Administração, defesa, educação e saúde públicas e seguridade social;Comércio e reparação de veículos automotores e motocicletas
4;Sul;43;RS;Rio Grande do Sul;4321626;Travesseiro;True;2023;publica;medio;todos (1-4);100.0;1.0;309.92;302.09;5.564629;5.6;;86077.838;39999.0;75525.521;35095.5;78087.622;33499.62;38219.19;12164.044;7632.112;17121.093;75136.439;2951.183;Pecuária, inclusive apoio à pecuária;Administração, defesa, educação e saúde públicas e seguridade social;Indústrias de transformação
4;Sul;43;RS;Rio Grande do Sul;4321634;Três Arroios;True;2023;publica;medio;todos (1-4);100.0;1.0;304.44;297.42;5.417752;5.4;;134290.645;51829.66;122485.371;47273.4;141196.66;53891.85;58789.558;11256.706;37427.248;20557.016;128030.529;13166.131;Agricultura, inclusive apoio à agricultura e a pós colheita;Pecuária, inclusive apoio à pecuária;Demais serviços
4;Sul;43;RS;Rio Grande do Sul;4321667;Três Cachoeiras;True;2023;publica;medio;todos (1-4);87.5;0.902305;298.46;297.61;5.336608;4.8;;372783.278;34006.87;337653.886;30802.22;308569.617;27614.96;29246.461;27495.461;151156.97;62880.52;270779.411;37790.206;Demais serviços;Administração, defesa, educação e saúde públicas e seguridade social;Comércio e reparação de veículos automotores e motocicletas
4;Sul;43;RS;Rio Grande do Sul;4321709;Três Coroas;False;;;;;;;;;;;;1046073.454;43732.17;940955.385;38524.27;805149.122;27813.64;11290.74;290944.891;256719.904;152963.705;711919.24;93229.882;Indústrias de transformação;Demais serviços;Administração, defesa, educação e saúde públicas e seguridade social
4;Sul;43;RS;Rio Grande do Sul;4321808;Três de Maio;True;2023;publica;medio;todos (1-4);80.8;0.83851;286.72;294.28;5.12187;4.3;;1525082.331;61208.96;1382580.442;55489.66;1353675.659;56767.41;218441.635;179925.973;625864.141;141468.917;1165700.666;187974.993;Demais serviços;Comércio e reparação de veículos automotores e motocicletas;Agricultura, inclusive apoio à agricultura e a pós colheita
4;Sul;43;RS;Rio Grande do Sul;4321832;Três Forquilhas;True;2023;publica;medio;todos (1-4);88.3;0.891853;295.01;301.14;5.340997;4.8;;79196.797;28694.49;65535.117;23744.61;64219.229;24297.85;25510.45;3099.566;11674.073;21559.529;61843.618;2375.612;Agricultura, inclusive apoio à agricultura e a pós colheita;Administração, defesa, educação e saúde públicas e seguridade social;Demais serviços
4;Sul;43;RS;Rio Grande do Sul;4321857;Três Palmeiras;True;2023;publica;medio;todos (1-4);92.9;0.929319;268.25;269.87;4.49704;4.2;;165900.513;35178.23;167220.606;35458.14;178529.898;42185.7;68917.6;11505.261;54087.971;28923.032;163433.864;15096.034;Agricultura, inclusive apoio à agricultura e a pós colheita;Administração, defesa, educação e saúde públicas e seguridade social;Demais serviços
4;Sul;43;RS;Rio Grande do Sul;4321907;Três Passos;True;2023;publica;medio;todos (1-4);79.0;0.835178;296.98;307.1;5.457887;4.6;;1228031.658;48279.28;1042890.605;41000.57;1033033.997;43406.61;165137.732;164113.709;444842.215;152401.702;926495.358;106538.639;Demais serviços;Administração, defesa, educação e saúde públicas e seguridade social;Comércio e reparação de veículos automotores e motocicletas
4;Sul;43;RS;Rio Grande do Sul;4321956;Trindade do Sul;False;;;;;;;;;;;;403530.887;53405.36;350215.514;46349.33;351370.562;60780.24;107355.752;86868.08;83911.474;39985.952;318121.258;33249.305;Agricultura, inclusive apoio à agricultura e a pós colheita;Demais serviços;Indústrias de transformação
4;Sul;43;RS;Rio Grande do Sul;4322004;Triunfo;True;2023;publica;medio;todos (1-4);81.7;0.825314;273.7;280.95;4.739454;3.9;;7571335.466;275341.31;8100072.988;294569.53;12982403.916;430465.33;186213.314;7196781.409;2420609.341;318807.316;10122411.38;2859992.536;Indústrias de transformação;Demais serviços;Administração, defesa, educação e saúde públicas e seguridade social
4;Sul;43;RS;Rio Grande do Sul;4322103;Tucunduva;True;2023;publica;medio;todos (1-4);90.2;0.915042;310.79;311.65;5.719961;5.2;;231162.492;41711.02;231815.629;41828.88;259331.502;46210.18;91247.855;10975.604;99462.355;36499.908;238185.723;21145.78;Agricultura, inclusive apoio à agricultura e a pós colheita;Demais serviços;Comércio e reparação de veículos automotores e motocicletas
4;Sul;43;RS;Rio Grande do Sul;4322152;Tunas;False;;;;;;;;;;;;94250.377;25604.56;94230.047;25599.03;120844.574;26356.5;61120.498;3007.547;22614.328;28372.561;115114.934;5729.641;Agricultura, inclusive apoio à agricultura e a pós colheita;Administração, defesa, educação e saúde públicas e seguridade social;Demais serviços
4;Sul;43;RS;Rio Grande do Sul;4322186;Tupanci do Sul;True;2023;publica;medio;todos (1-4);100.0;1.0;292.94;301.26;5.31372;5.3;;79798.196;58077.29;69335.288;50462.36;94727.582;65464.81;56293.544;3613.954;16289.67;15370.703;91567.87;3159.711;Agricultura, inclusive apoio à agricultura e a pós colheita;Administração, defesa, educação e saúde públicas e seguridade social;Demais serviços
4;Sul;43;RS;Rio Grande do Sul;4322202;Tupanciretã;True;2023;publica;medio;todos (1-4);75.6;0.801497;268.57;276.31;4.597942;3.7;;1275253.921;63746.76;1376718.571;68818.72;2052014.726;84857.11;1096641.338;62815.191;597036.96;149535.624;1906029.114;145985.613;Agricultura, inclusive apoio à agricultura e a pós colheita;Demais serviços;Comércio e reparação de veículos automotores e motocicletas
4;Sul;43;RS;Rio Grande do Sul;4322251;Tupandi;True;2023;publica;medio;todos (1-4);82.0;0.804561;314.5;310.79;5.759194;4.6;;604244.088;120151.94;492125.819;97857.59;533593.469;106314.7;60507.327;294613.129;79559.211;36281.713;470961.379;62632.09;Indústrias de transformação;Demais serviços;Pecuária, inclusive apoio à pecuária
4;Sul;43;RS;Rio Grande do Sul;4322301;Tuparendi;True;2023;publica;medio;todos (1-4);80.9;0.806094;281.04;293.02;5.023232;4.0;;375005.554;44841.03;337679.968;40377.85;383534.613;49616.38;141235.053;34282.03;129732.117;46879.154;352128.354;31406.259;Agricultura, inclusive apoio à agricultura e a pós colheita;Demais serviços;Comércio e reparação de veículos automotores e motocicletas
4;Sul;43;RS;Rio Grande do Sul;4322327;Turuçu;True;2023;publica;medio;todos (1-4);88.8;0.872385;288.16;283.3;4.977723;4.3;;161326.001;47185.14;155552.66;45496.54;163727.492;48042.1;87414.153;5125.934;34060.915;29206.888;155807.89;7919.602;Agricultura, inclusive apoio à agricultura e a pós colheita;Administração, defesa, educação e saúde públicas e seguridade social;Demais serviços
4;Sul;43;RS;Rio Grande do Sul;4322343;Ubiretama;True;2023;publica;medio;todos (1-4);93.8;0.931822;277.52;268.53;4.607177;4.3;;73526.022;36873.63;66301.422;33250.46;110732.498;56727.71;69554.07;1771.403;17369.711;18172.396;106867.58;3864.917;Pecuária, inclusive apoio à pecuária;Agricultura, inclusive apoio à agricultura e a pós colheita;Administração, defesa, educação e saúde públicas e seguridade social
4;Sul;43;RS;Rio Grande do Sul;4322350;União da Serra;False;;;;;;;;;;;;64312.655;54968.08;61154.299;52268.63;91173.884;84108.75;62755.022;2766.274;10011.272;13320.518;88853.086;2320.798;Agricultura, inclusive apoio à agricultura e a pós colheita;Pecuária, inclusive apoio à pecuária;Administração, defesa, educação e saúde públicas e seguridade social
4;Sul;43;RS;Rio Grande do Sul;4322376;Unistalda;False;;;;;;;;;;;;71038.009;35608.02;72706.03;36444.13;149067.231;64643.21;101856.028;3867.224;19725.51;20395.344;145844.106;3223.125;Agricultura, inclusive apoio à agricultura e a pós colheita;Pecuária, inclusive apoio à pecuária;Administração, defesa, educação e saúde públicas e seguridade social
4;Sul;43;RS;Rio Grande do Sul;4322400;Uruguaiana;True;2023;publica;medio;todos (1-4);78.0;0.781586;259.16;273.26;4.42012;3.5;;3915554.297;33406.32;3458296.287;29505.13;3717112.957;29322.63;927382.448;310419.648;1454888.981;723940.474;3416631.552;300481.405;Demais serviços;Agricultura, inclusive apoio à agricultura e a pós colheita;Administração, defesa, educação e saúde públicas e seguridade social
4;Sul;43;RS;Rio Grande do Sul;4322509;Vacaria;True;2023;publica;medio;todos (1-4);77.3;0.810673;286.43;294.81;5.125731;4.2;;3701332.67;57655.85;3123584.676;48663.82;3245679.024;48503.78;882933.948;326464.691;1287635.487;399044.072;2896078.198;349600.826;Demais serviços;Agricultura, inclusive apoio à agricultura e a pós colheita;Comércio e reparação de veículos automotores e motocicletas
4;Sul;43;RS;Rio Grande do Sul;4322525;Vale Verde;False;;;;;;;;;;;;156860.172;49796.88;124468.303;39513.75;130452.824;36945.01;66470.422;8980.794;22445.099;26665.927;124562.243;5890.582;Agricultura, inclusive apoio à agricultura e a pós colheita;Administração, defesa, educação e saúde públicas e seguridade social;Demais serviços
4;Sul;43;RS;Rio Grande do Sul;4322533;Vale do Sol;True;2023;publica;medio;todos (1-4);72.8;0.739963;292.66;293.09;5.187482;3.8;;380488.696;38425.44;308990.182;32129.58;272714.173;22969.27;111974.674;12127.078;64925.161;69322.52;258349.433;14364.74;Agricultura, inclusive apoio à agricultura e a pós colheita;Administração, defesa, educação e saúde públicas e seguridade social;Demais serviços
4;Sul;43;RS;Rio Grande do Sul;4322541;Vale Real;True;2023;publica;medio;todos (1-4);86.2;0.83787;321.45;303.92;5.753962;4.8;;298091.166;49206.2;236643.297;39062.94;198293.989;32797.55;28472.43;60633.729;50655.298;37393.089;177154.546;21139.443;Indústrias de transformação;Demais serviços;Administração, defesa, educação e saúde públicas e seguridade social
4;Sul;43;RS;Rio Grande do Sul;4322558;Vanini;True;2023;publica;medio;todos (1-4);100.0;1.0;320.04;313.39;5.875925;5.9;;81723.911;40780.39;66961.193;33413.77;94776.466;44495.99;50984.034;4063.268;17746.724;18958.6;91752.627;3023.839;Pecuária, inclusive apoio à pecuária;Agricultura, inclusive apoio à agricultura e a pós colheita;Administração, defesa, educação e saúde públicas e seguridade social
4;Sul;43;RS;Rio Grande do Sul;4322608;Venâncio Aires;True;2023;publica;medio;todos (1-4);89.9;0.922146;297.63;302.88;5.403843;5.0;;4683133.717;68105.43;3876144.523;56459.94;3732042.12;51566.77;279545.632;1116190.358;1374332.87;404102.865;3174171.725;557870.395;Demais serviços;Indústrias de transformação;Administração, defesa, educação e saúde públicas e seguridade social
4;Sul;43;RS;Rio Grande do Sul;4322707;Vera Cruz;True;2023;publica;medio;todos (1-4);81.5;0.822358;286.54;293.76;5.111557;4.2;;1126736.42;42177.75;879951.983;32944.66;826721.756;30255.14;78996.215;126283.705;336223.547;167608.758;709112.225;117609.531;Demais serviços;Administração, defesa, educação e saúde públicas e seguridade social;Comércio e reparação de veículos automotores e motocicletas
4;Sul;43;RS;Rio Grande do Sul;4322806;Veranópolis;True;2023;publica;medio;todos (1-4);71.1;0.733396;295.76;298.36;5.309914;3.9;;2395417.386;99721.8;2153389.185;89646.11;1738705.951;64845.63;63959.129;702405.703;530389.046;145984.784;1442738.663;295967.288;Indústrias de transformação;Demais serviços;Administração, defesa, educação e saúde públicas e seguridade social
4;Sul;43;RS;Rio Grande do Sul;4322855;Vespasiano Corrêa;True;2023;publica;medio;todos (1-4);92.3;0.918708;284.2;271.18;4.740668;4.4;;104348.308;57397.31;96634.599;53154.34;119439.667;67252.06;72325.652;5844.34;18754.106;16129.957;113054.056;6385.611;Pecuária, inclusive apoio à pecuária;Agricultura, inclusive apoio à agricultura e a pós colheita;Administração, defesa, educação e saúde públicas e seguridade social
4;Sul;43;RS;Rio Grande do Sul;4322905;Viadutos;False;;;;;;;;;;;;191223.343;40122.4;180272.986;37801.0;204581.595;44205.18;108403.783;10095.647;48724.99;29302.451;196526.871;8054.723;Agricultura, inclusive apoio à agricultura e a pós colheita;Demais serviços;Administração, defesa, educação e saúde públicas e seguridade social
4;Sul;43;RS;Rio Grande do Sul;4323002;Viamão;True;2023;publica;medio;todos (1-4);76.2;0.800183;258.38;268.6;4.339405;3.5;;5545183.665;24741.59;4647664.1;20737.76;4335081.083;16846.39;239232.644;682027.996;1744921.007;1286877.964;3953059.611;382021.472;Demais serviços;Administração, defesa, educação e saúde públicas e seguridade social;Indústrias de transformação
4;Sul;43;RS;Rio Grande do Sul;4323101;Vicente Dutra;False;;;;;;;;;;;;147863.798;31696.42;116894.533;25057.78;126514.694;27928.19;67359.135;4233.209;21075.734;30825.709;123493.787;3020.907;Agricultura, inclusive apoio à agricultura e a pós colheita;Administração, defesa, educação e saúde públicas e seguridade social;Pecuária, inclusive apoio à pecuária
4;Sul;43;RS;Rio Grande do Sul;4323200;Victor Graeff;True;2023;publica;medio;todos (1-4);94.7;0.946084;288.46;297.75;5.198254;4.9;;235753.534;84803.43;183146.981;65880.21;295871.559;104180.13;160658.232;23958.444;67007.003;24925.705;276549.385;19322.174;Agricultura, inclusive apoio à agricultura e a pós colheita;Demais serviços;Pecuária, inclusive apoio à pecuária
4;Sul;43;RS;Rio Grande do Sul;4323309;Vila Flores;True;2023;publica;medio;todos (1-4);95.6;0.964286;274.5;280.5;4.743953;4.6;;376708.951;103321.16;331034.417;90793.86;297552.916;87335.75;53069.259;124030.256;56044.879;25604.912;258749.306;38803.61;Indústrias de transformação;Demais serviços;Pecuária, inclusive apoio à pecuária
4;Sul;43;RS;Rio Grande do Sul;4323358;Vila Lângaro;True;2023;publica;medio;todos (1-4);93.5;0.923694;316.98;315.46;5.863936;5.4;;155270.798;74685.33;159763.548;76846.34;168932.547;81609.93;96346.631;11928.539;29614.56;20946.482;158836.212;10096.335;Agricultura, inclusive apoio à agricultura e a pós colheita;Pecuária, inclusive apoio à pecuária;Administração, defesa, educação e saúde públicas e seguridade social
4;Sul;43;RS;Rio Grande do Sul;4323408;Vila Maria;True;2023;publica;medio;todos (1-4);82.2;0.82596;273.58;280.9;4.73702;3.9;;393599.585;89190.93;326670.498;74024.59;389406.637;89149.87;142343.133;77706.615;87427.918;30011.113;337488.779;51917.857;Agricultura, inclusive apoio à agricultura e a pós colheita;Pecuária, inclusive apoio à pecuária;Indústrias de transformação
4;Sul;43;RS;Rio Grande do Sul;4323457;Vila Nova do Sul;True;2023;publica;medio;todos (1-4);83.3;0.832846;265.6;296.48;4.858175;4.0;;217497.78;56302.82;158884.355;41129.78;195942.606;45845.25;97359.594;22737.639;34996.759;31040.964;186134.955;9807.652;Agricultura, inclusive apoio à agricultura e a pós colheita;Administração, defesa, educação e saúde públicas e seguridade social;Demais serviços
4;Sul;43;RS;Rio Grande do Sul;4323507;Vista Alegre;True;2023;publica;medio;todos (1-4);94.7;0.943657;254.48;258.61;4.135079;3.9;;137184.989;51573.3;120420.117;45270.72;137064.206;50280.34;66667.924;6774.905;31374.76;22612.852;127430.441;9633.765;Pecuária, inclusive apoio à pecuária;Administração, defesa, educação e saúde públicas e seguridade social;Demais serviços
4;Sul;43;RS;Rio Grande do Sul;4323606;Vista Alegre do Prata;False;;;;;;;;;;;;76366.871;48029.48;74431.58;46812.31;85228.829;54880.12;43155.579;3168.362;16574.633;16382.169;79280.744;5948.085;Pecuária, inclusive apoio à pecuária;Administração, defesa, educação e saúde públicas e seguridade social;Agricultura, inclusive apoio à agricultura e a pós colheita
4;Sul;43;RS;Rio Grande do Sul;4323705;Vista Gaúcha;False;;;;;;;;;;;;94255.711;33868.38;87314.963;31374.4;103512.56;36218.53;52501.614;3345.763;22084.175;20474.288;98405.839;5106.721;Pecuária, inclusive apoio à pecuária;Agricultura, inclusive apoio à agricultura e a pós colheita;Administração, defesa, educação e saúde públicas e seguridade social
4;Sul;43;RS;Rio Grande do Sul;4323754;Vitória das Missões;False;;;;;;;;;;;;89071.444;27372.91;80086.715;24566.48;159528.014;52269.99;90826.464;6333.18;27260.326;23414.125;147834.096;11693.919;Agricultura, inclusive apoio à agricultura e a pós colheita;Administração, defesa, educação e saúde públicas e seguridade social;Demais serviços
4;Sul;43;RS;Rio Grande do Sul;4323770;Westfália;True;2023;publica;medio;todos (1-4);95.3;0.955532;317.71;304.77;5.714158;5.5;;234678.22;75751.52;255847.242;82584.65;264839.915;86946.79;70246.616;81691.606;51828.222;26321.107;230087.551;34752.365;Indústrias de transformação;Pecuária, inclusive apoio à pecuária;Demais serviços
4;Sul;43;RS;Rio Grande do Sul;4323804;Xangri-lá;False;;;;;;;;;;;;914703.994;55561.2;790855.45;48038.36;733160.396;42809.79;4233.232;93835.691;388915.41;176284.692;663269.025;69891.371;Demais serviços;Administração, defesa, educação e saúde públicas e seguridade social;Comércio e reparação de veículos automotores e motocicletas
