region_code;region_name;state_code;state_abbr;state_name;city_code;city_name;has_educational_record;school_year;school_network;education_level;school_grades;approval_rate;performance_indicator;saeb_math_score;saeb_portuguese_score;saeb_standardized_average_score;ideb;ideb_projection;gdp_2023_current_prices_thousand_reais;gdp_per_capita_2023_current_reais;gdp_2022_current_prices_thousand_reais;gdp_per_capita_2022_current_reais;gdp_2021_current_prices_thousand_reais;gdp_per_capita_2021_current_reais;gross_value_added_agriculture_2021_current_prices_thousand_reais;gross_value_added_industry_2021_current_prices_thousand_reais;gross_value_added_services_2021_current_prices_thousand_reais;gross_value_added_public_administration_2021_current_prices_thousand_reais;gross_value_added_total_2021_current_prices_thousand_reais;taxes_less_subsidies_2021_current_prices_thousand_reais;main_economic_activity_2021;second_main_economic_activity_2021;third_main_economic_activity_2021
4;Sul;42;SC;Santa Catarina;4200051;Abdon Batista;True;2023;publica;medio;todos (1-4);91.8;0.915571;257.46;260.13;4.199687;3.8;;115985.219;44644.04;110319.136;42463.1;75130.849;29649.11;29846.495;3426.206;16052.332;22296.53;71621.562;3509.287;Administração, defesa, educação e saúde públicas e seguridade social;Demais serviços;Pecuária, inclusive apoio à pecuária
4;Sul;42;SC;Santa Catarina;4200101;Abelardo Luz;True;2023;publica;medio;todos (1-4);86.3;0.870168;262.45;267.9;4.386089;3.8;;1085858.106;62434.34;1018505.521;58561.73;785908.066;43625.2;253354.051;99921.301;278883.447;100027.724;732186.523;53721.543;Agricultura, inclusive apoio à agricultura e a pós colheita;Demais serviços;Administração, defesa, educação e saúde públicas e seguridade social
4;Sul;42;SC;Santa Catarina;4200200;Agrolândia;False;;;;;;;;;;;;496110.326;45141.98;450052.033;40951.05;396148.384;35497.17;55175.622;127230.682;119960.432;61677.39;364044.127;32104.257;Indústrias de transformação;Demais serviços;Administração, defesa, educação e saúde públicas e seguridade social
4;Sul;42;SC;Santa Catarina;4200309;Agronômica;True;2023;publica;medio;todos (1-4);90.2;0.898233;268.53;266.62;4.45232;4.0;;279405.695;46144.62;234769.166;38772.78;232893.071;41812.04;69700.205;46955.272;58194.749;32887.083;207737.308;25155.763;Agricultura, inclusive apoio à agricultura e a pós colheita;Demais serviços;Indústrias de transformação
4;Sul;42;SC;Santa Catarina;4200408;Água Doce;True;2023;publica;medio;todos (1-4);90.0;0.901887;285.25;265.81;4.675026;4.2;;747811.766;114906.54;755266.607;116052.03;651091.671;90934.59;194892.198;226011.45;145766.059;47717.035;614386.741;36704.931;Eletricidade e gás, água, esgoto, atividades de gestão de resíduos e descontaminação;Agricultura, inclusive apoio à agricultura e a pós colheita;Demais serviços
4;Sul;42;SC;Santa Catarina;4200507;Águas de Chapecó;False;;;;;;;;;;;;240633.331;39866.36;159833.2;26479.99;137706.696;21043.2;51528.909;8299.492;36815.471;35180.063;131823.934;5882.761;Administração, defesa, educação e saúde públicas e seguridade social;Pecuária, inclusive apoio à pecuária;Demais serviços
4;Sul;42;SC;Santa Catarina;4200556;Águas Frias;False;;;;;;;;;;;;183331.993;64576.26;206975.31;72904.3;163075.085;69660.44;31273.407;29827.735;63111.56;18040.967;142253.668;20821.417;Comércio e reparação de veículos automotores e motocicletas;Demais serviços;Pecuária, inclusive apoio à pecuária
4;Sul;42;SC;Santa Catarina;4200606;Águas Mornas;True;2023;publica;medio;todos (1-4);90.4;0.903093;279.33;263.3;4.554305;4.1;;281792.179;41790.33;211415.892;31353.39;199589.555;30031.53;51584.999;22262.914;77980.415;35813.706;187642.035;11947.519;Demais serviços;Agricultura, inclusive apoio à agricultura e a pós colheita;Administração, defesa, educação e saúde públicas e seguridade social
4;Sul;42;SC;Santa Catarina;4200705;Alfredo Wagner;False;;;;;;;;;;;;414786.613;39575.1;352092.918;33593.45;336468.535;33195.4;153640.895;17235.244;108411.334;43305.384;322592.858;13875.677;Agricultura, inclusive apoio à agricultura e a pós colheita;Demais serviços;Administração, defesa, educação e saúde públicas e seguridade social
4;Sul;42;SC;Santa Catarina;4200754;Alto Bela Vista;True;2023;publica;medio;todos (1-4);96.6;0.966192;316.03;306.1;5.710473;5.5;;94012.018;50653.03;82056.61;44211.54;78996.026;41251.19;31860.51;9183.349;16673.616;16834.175;74551.651;4444.375;Pecuária, inclusive apoio à pecuária;Administração, defesa, educação e saúde públicas e seguridade social;Demais serviços
4;Sul;42;SC;Santa Catarina;4200804;Anchieta;False;;;;;;;;;;;;261385.394;43982.06;221545.064;37278.32;203805.111;37211.08;64150.255;34190.437;56863.803;34696.899;189901.393;13903.718;Pecuária, inclusive apoio à pecuária;Demais serviços;Administração, defesa, educação e saúde públicas e seguridade social
4;Sul;42;SC;Santa Catarina;4200903;Angelina;True;2023;publica;medio;todos (1-4);95.2;0.953158;271.87;268.87;4.532913;4.3;;192261.927;35883.15;147479.271;27525.06;174561.296;37251.66;76673.388;17931.585;45588.243;28030.201;168223.417;6337.879;Agricultura, inclusive apoio à agricultura e a pós colheita;Demais serviços;Administração, defesa, educação e saúde públicas e seguridade social
4;Sul;42;SC;Santa Catarina;4201000;Anita Garibaldi;True;2023;publica;medio;todos (1-4);90.5;0.907946;274.81;258.43;4.417918;4.0;;251490.95;30354.97;214198.478;25853.77;231506.848;34130.45;85973.651;26831.54;64173.742;44288.757;221267.69;10239.158;Demais serviços;Administração, defesa, educação e saúde públicas e seguridade social;Produção florestal, pesca e aquicultura
4;Sul;42;SC;Santa Catarina;4201109;Anitápolis;False;;;;;;;;;;;;117402.73;32675.41;94169.91;26209.27;84567.856;26238.86;30440.632;5422.546;23876.025;21331.606;81070.808;3497.048;Administração, defesa, educação e saúde públicas e seguridade social;Demais serviços;Pecuária, inclusive apoio à pecuária
4;Sul;42;SC;Santa Catarina;4201208;Antônio Carlos;False;;;;;;;;;;;;1163092.146;103625.46;818936.578;72962.99;796530.665;91429.14;244182.115;184384.574;230887.778;54865.076;714319.544;82211.121;Agricultura, inclusive apoio à agricultura e a pós colheita;Demais serviços;Indústrias de transformação
4;Sul;42;SC;Santa Catarina;4201257;Apiúna;True;2023;publica;medio;todos (1-4);79.5;0.798575;277.36;281.72;4.802385;3.8;;510609.771;52044.62;483694.933;49301.29;442459.788;40403.6;19360.0;141490.881;143996.509;65417.111;370264.501;72195.287;Indústrias de transformação;Demais serviços;Administração, defesa, educação e saúde públicas e seguridade social
4;Sul;42;SC;Santa Catarina;4201273;Arabutã;True;2023;publica;medio;todos (1-4);94.7;0.953353;286.65;280.63;4.916545;4.7;;400560.968;91494.05;346773.689;79208.24;284413.836;66638.67;89178.533;80033.966;61053.681;30938.749;261204.928;23208.908;Pecuária, inclusive apoio à pecuária;Indústrias de transformação;Demais serviços
4;Sul;42;SC;Santa Catarina;4201307;Araquari;True;2023;publica;medio;todos (1-4);85.0;0.849983;279.26;281.96;4.832663;4.1;;9900039.604;218625.97;7985861.509;176756.56;7487999.648;183125.45;101623.922;2605744.841;2001887.656;244247.013;4953503.432;2534496.217;Indústrias de transformação;Demais serviços;Comércio e reparação de veículos automotores e motocicletas
4;Sul;42;SC;Santa Catarina;4201406;Araranguá;True;2023;publica;medio;todos (1-4);83.5;0.838544;269.69;277.99;4.638822;3.9;;3023099.859;42033.03;2693788.511;37454.3;2385270.069;34323.89;147412.04;374557.939;1319470.683;315505.981;2156946.643;228323.426;Demais serviços;Comércio e reparação de veículos automotores e motocicletas;Administração, defesa, educação e saúde públicas e seguridade social
4;Sul;42;SC;Santa Catarina;4201505;Armazém;False;;;;;;;;;;;;343668.227;38902.9;286197.963;32397.32;272105.707;30770.75;55432.033;53718.935;86766.289;48585.335;244502.591;27603.116;Demais serviços;Administração, defesa, educação e saúde públicas e seguridade social;Indústrias de transformação
4;Sul;42;SC;Santa Catarina;4201604;Arroio Trinta;False;;;;;;;;;;;;154297.375;43390.71;137049.129;38540.25;125952.959;35509.72;38017.844;14180.152;40812.518;24723.907;117734.421;8218.538;Demais serviços;Pecuária, inclusive apoio à pecuária;Administração, defesa, educação e saúde públicas e seguridade social
4;Sul;42;SC;Santa Catarina;4201653;Arvoredo;True;2023;publica;medio;todos (1-4);95.2;0.950981;276.48;270.14;4.616672;4.4;;194587.973;77525.09;184169.327;73374.23;203871.883;91504.44;47415.312;89090.671;28723.894;18325.668;183555.545;20316.339;Eletricidade e gás, água, esgoto, atividades de gestão de resíduos e descontaminação;Pecuária, inclusive apoio à pecuária;Indústrias de transformação
4;Sul;42;SC;Santa Catarina;4201703;Ascurra;False;;;;;;;;;;;;315202.085;37889.42;275531.432;33120.74;244991.08;30543.71;10123.221;53554.318;111423.773;43069.579;218170.891;26820.189;Demais serviços;Indústrias de transformação;Administração, defesa, educação e saúde públicas e seguridade social
4;Sul;42;SC;Santa Catarina;4201802;Atalanta;False;;;;;;;;;;;;146755.371;45477.34;140200.098;43445.96;125980.531;39628.98;40858.543;16357.429;40038.211;22866.869;120121.052;5859.478;Agricultura, inclusive apoio à agricultura e a pós colheita;Demais serviços;Administração, defesa, educação e saúde públicas e seguridade social
4;Sul;42;SC;Santa Catarina;4201901;Aurora;False;;;;;;;;;;;;468008.17;69027.75;408304.177;60221.86;406918.387;71552.38;104160.348;87276.775;128505.706;36177.048;356119.877;50798.51;Agricultura, inclusive apoio à agricultura e a pós colheita;Demais serviços;Indústrias de transformação
4;Sul;42;SC;Santa Catarina;4201950;Balneário Arroio do Silva;False;;;;;;;;;;;;302101.421;19096.17;251898.178;15922.77;221906.845;16101.21;22435.212;9396.824;107623.392;70840.884;210296.312;11610.533;Demais serviços;Administração, defesa, educação e saúde públicas e seguridade social;Comércio e reparação de veículos automotores e motocicletas
4;Sul;42;SC;Santa Catarina;4202008;Balneário Camboriú;True;2023;publica;medio;todos (1-4);73.4;0.751325;260.54;265.79;4.327676;3.3;;9004372.567;64707.5;7981314.792;57355.57;7358668.959;49311.91;22555.156;802038.885;4538549.702;1169951.791;6533095.534;825573.425;Demais serviços;Comércio e reparação de veículos automotores e motocicletas;Administração, defesa, educação e saúde públicas e seguridade social
4;Sul;42;SC;Santa Catarina;4202057;Balneário Barra do Sul;False;;;;;;;;;;;;321609.088;21567.13;282156.115;18921.41;254639.12;22592.42;21374.287;23000.908;123507.656;70953.466;238836.317;15802.804;Demais serviços;Administração, defesa, educação e saúde públicas e seguridade social;Comércio e reparação de veículos automotores e motocicletas
4;Sul;42;SC;Santa Catarina;4202073;Balneário Gaivota;False;;;;;;;;;;;;308869.231;19712.12;258903.887;16523.32;216995.498;18808.66;28837.918;18806.724;89546.691;68766.52;205957.853;11037.645;Demais serviços;Administração, defesa, educação e saúde públicas e seguridade social;Comércio e reparação de veículos automotores e motocicletas
4;Sul;42;SC;Santa Catarina;4202081;Bandeirante;False;;;;;;;;;;;;130219.536;41418.43;108416.077;34483.48;102211.895;39041.98;28331.557;25086.178;21734.495;20734.644;95886.875;6325.02;Indústrias de transformação;Administração, defesa, educação e saúde públicas e seguridade social;Pecuária, inclusive apoio à pecuária
4;Sul;42;SC;Santa Catarina;4202099;Barra Bonita;False;;;;;;;;;;;;66205.889;39691.78;55813.496;33461.33;52280.698;32172.74;26895.831;2446.752;6992.14;14636.186;50970.909;1309.789;Pecuária, inclusive apoio à pecuária;Administração, defesa, educação e saúde públicas e seguridade social;Produção florestal, pesca e aquicultura
4;Sul;42;SC;Santa Catarina;4202107;Barra Velha;True;2023;publica;medio;todos (1-4);72.1;0.734842;263.23;265.54;4.361714;3.2;;2468504.623;54409.5;2554303.917;56298.16;2372445.256;77685.75;63744.693;209301.296;1513429.81;195439.027;1981914.827;390530.429;Comércio e reparação de veículos automotores e motocicletas;Demais serviços;Administração, defesa, educação e saúde públicas e seguridade social
4;Sul;42;SC;Santa Catarina;4202131;Bela Vista do Toldo;True;2023;publica;medio;todos (1-4);87.7;0.879369;263.55;265.18;4.36082;3.8;;277735.033;47298.2;211493.886;36017.35;196847.46;30824.84;110209.439;7114.754;35103.732;39436.967;191864.893;4982.567;Agricultura, inclusive apoio à agricultura e a pós colheita;Administração, defesa, educação e saúde públicas e seguridade social;Demais serviços
4;Sul;42;SC;Santa Catarina;4202156;Belmonte;True;2023;publica;medio;todos (1-4);90.6;0.921324;265.23;262.16;4.339206;4.0;;86050.263;32374.06;73718.533;27734.59;57652.351;21258.24;20640.962;1628.601;14239.659;19087.717;55596.94;2055.411;Administração, defesa, educação e saúde públicas e seguridade social;Pecuária, inclusive apoio à pecuária;Demais serviços
4;Sul;42;SC;Santa Catarina;4202206;Benedito Novo;True;2023;publica;medio;todos (1-4);90.1;0.904346;266.16;276.08;4.560651;4.1;;496824.432;47226.66;462699.795;43982.87;470160.185;39522.54;20417.6;210166.796;118331.043;60691.504;409606.944;60553.241;Indústrias de transformação;Demais serviços;Administração, defesa, educação e saúde públicas e seguridade social
4;Sul;42;SC;Santa Catarina;4202305;Biguaçu;True;2023;publica;medio;todos (1-4);80.1;0.810172;271.23;276.57;4.639194;3.8;;3523317.578;45892.67;2970824.059;38696.21;2670278.406;37891.88;121060.592;434983.465;1379494.995;371032.182;2306571.234;363707.172;Demais serviços;Comércio e reparação de veículos automotores e motocicletas;Administração, defesa, educação e saúde públicas e seguridade social
4;Sul;42;SC;Santa Catarina;4202404;Blumenau;True;2023;publica;medio;todos (1-4);80.1;0.80885;278.75;285.16;4.873405;3.9;;24871919.56;68847.51;22791289.37;63088.15;20579489.926;56163.97;120512.053;4729189.794;10521312.552;2024062.667;17395077.066;3184412.86;Demais serviços;Indústrias de transformação;Comércio e reparação de veículos automotores e motocicletas
4;Sul;42;SC;Santa Catarina;4202438;Bocaina do Sul;True;2023;publica;medio;todos (1-4);84.6;0.846786;286.7;273.58;4.811709;4.1;;145083.681;41275.58;131812.375;37499.96;135898.464;38817.04;78646.831;6731.643;22364.806;24015.165;131758.444;4140.02;Produção florestal, pesca e aquicultura;Administração, defesa, educação e saúde públicas e seguridade social;Agricultura, inclusive apoio à agricultura e a pós colheita
4;Sul;42;SC;Santa Catarina;4202453;Bombinhas;True;2023;publica;medio;todos (1-4);84.5;0.850204;276.25;278.86;4.743981;4.0;;1178867.901;47045.57;965945.882;38548.4;877594.115;42012.26;33297.619;125697.905;484998.176;170919.018;814912.718;62681.397;Demais serviços;Administração, defesa, educação e saúde públicas e seguridade social;Comércio e reparação de veículos automotores e motocicletas
4;Sul;42;SC;Santa Catarina;4202503;Bom Jardim da Serra;False;;;;;;;;;;;;338788.253;84150.09;270769.266;67255.16;371657.948;77412.61;159136.025;117382.209;59480.395;29195.074;365193.704;6464.244;Agricultura, inclusive apoio à agricultura e a pós colheita;Eletricidade e gás, água, esgoto, atividades de gestão de resíduos e descontaminação;Demais serviços
4;Sul;42;SC;Santa Catarina;4202537;Bom Jesus;False;;;;;;;;;;;;187851.87;67645.61;180265.482;64913.75;159057.296;51242.69;27973.301;39682.465;54207.818;21129.17;142992.755;16064.542;Indústrias de transformação;Demais serviços;Administração, defesa, educação e saúde públicas e seguridade social
4;Sul;42;SC;Santa Catarina;4202578;Bom Jesus do Oeste;True;2023;publica;medio;todos (1-4);89.3;0.891764;279.85;291.13;4.978225;4.4;;103571.913;47357.98;83782.659;38309.4;73701.571;34504.48;31422.063;5716.906;16622.572;16905.171;70666.713;3034.858;Administração, defesa, educação e saúde públicas e seguridade social;Pecuária, inclusive apoio à pecuária;Agricultura, inclusive apoio à agricultura e a pós colheita
4;Sul;42;SC;Santa Catarina;4202602;Bom Retiro;False;;;;;;;;;;;;454469.762;53987.85;417364.588;49580.02;422363.462;41599.87;199308.12;30128.108;121691.951;52322.559;403450.738;18912.724;Agricultura, inclusive apoio à agricultura e a pós colheita;Demais serviços;Administração, defesa, educação e saúde públicas e seguridade social
4;Sul;42;SC;Santa Catarina;4202701;Botuverá;True;2023;publica;medio;todos (1-4);91.8;0.925506;289.29;290.09;5.095241;4.7;;554189.345;103335.7;464899.82;86686.52;430641.064;79807.46;17496.918;233982.236;77252.514;35145.595;363877.262;66763.802;Indústrias de transformação;Demais serviços;Indústrias extrativas
4;Sul;42;SC;Santa Catarina;4202800;Braço do Norte;False;;;;;;;;;;;;2195934.726;65020.42;1962656.197;58113.17;1745016.783;50884.03;152487.483;453311.538;741550.264;185471.735;1532821.02;212195.763;Demais serviços;Indústrias de transformação;Comércio e reparação de veículos automotores e motocicletas
4;Sul;42;SC;Santa Catarina;4202859;Braço do Trombudo;False;;;;;;;;;;;;273815.765;68011.86;259027.451;64338.66;250150.765;65933.25;16315.57;116825.887;54661.301;28222.198;216024.957;34125.808;Indústrias de transformação;Demais serviços;Administração, defesa, educação e saúde públicas e seguridade social
4;Sul;42;SC;Santa Catarina;4202875;Brunópolis;True;2023;publica;medio;todos (1-4);93.1;0.933165;261.68;257.88;4.225274;3.9;;143765.601;57760.39;113026.174;45410.27;137959.227;59516.49;73418.888;4470.044;37153.813;17537.644;132580.388;5378.839;Agricultura, inclusive apoio à agricultura e a pós colheita;Demais serviços;Administração, defesa, educação e saúde públicas e seguridade social
4;Sul;42;SC;Santa Catarina;4202909;Brusque;True;2023;publica;medio;todos (1-4);80.1;0.810422;281.39;287.78;4.949705;4.0;;11071535.293;78307.71;9919247.136;70157.71;8724534.162;62053.49;6558.617;2672351.163;3562043.835;810740.686;7051694.301;1672839.861;Demais serviços;Indústrias de transformação;Comércio e reparação de veículos automotores e motocicletas
4;Sul;42;SC;Santa Catarina;4203006;Caçador;True;2023;publica;medio;todos (1-4);81.7;0.824489;273.87;282.63;4.766991;3.9;;5375160.552;72913.19;4922085.794;66767.31;4703416.329;58780.21;207717.19;1946905.342;1441932.869;397419.915;3993975.315;709441.014;Indústrias de transformação;Demais serviços;Administração, defesa, educação e saúde públicas e seguridade social
4;Sul;42;SC;Santa Catarina;4203105;Caibi;True;2023;publica;medio;todos (1-4);92.7;0.927637;293.92;291.12;5.175688;4.8;;382026.643;60600.67;339318.949;53825.98;316774.558;51828.3;79137.707;73931.942;101826.138;36402.865;291298.653;25475.905;Demais serviços;Indústrias de transformação;Pecuária, inclusive apoio à pecuária
4;Sul;42;SC;Santa Catarina;4203154;Calmon;True;2023;publica;medio;todos (1-4);91.7;0.924233;253.88;250.21;4.000903;3.7;;135172.658;39260.14;105794.463;30727.41;97691.198;29380.81;52355.365;2924.217;14897.825;24423.034;94600.441;3090.757;Administração, defesa, educação e saúde públicas e seguridade social;Agricultura, inclusive apoio à agricultura e a pós colheita;Pecuária, inclusive apoio à pecuária
4;Sul;42;SC;Santa Catarina;4203204;Camboriú;True;2023;publica;medio;todos (1-4);79.2;0.820563;268.5;280.41;4.658336;3.8;;2703377.996;26227.55;2560908.633;24845.34;2242671.529;25724.91;43031.541;309179.451;1174321.846;441096.456;1967629.295;275042.234;Demais serviços;Comércio e reparação de veículos automotores e motocicletas;Administração, defesa, educação e saúde públicas e seguridade social
4;Sul;42;SC;Santa Catarina;4203253;Capão Alto;False;;;;;;;;;;;;281798.429;107351.78;194683.986;74165.33;235019.49;95265.3;115896.829;25046.73;54286.207;27450.325;222680.091;12339.399;Agricultura, inclusive apoio à agricultura e a pós colheita;Produção florestal, pesca e aquicultura;Demais serviços
4;Sul;42;SC;Santa Catarina;4203303;Campo Alegre;True;2023;publica;medio;todos (1-4);74.0;0.744568;272.24;273.81;4.612062;3.4;;872665.444;69807.65;770692.171;61650.44;699702.975;58381.56;51047.141;320176.972;173332.238;69206.205;613762.556;85940.418;Indústrias de transformação;Demais serviços;Administração, defesa, educação e saúde públicas e seguridade social
4;Sul;42;SC;Santa Catarina;4203402;Campo Belo do Sul;False;;;;;;;;;;;;401476.284;55322.62;304908.99;42015.85;333024.021;48341.42;188440.97;21835.216;66434.802;43283.364;319994.352;13029.67;Produção florestal, pesca e aquicultura;Agricultura, inclusive apoio à agricultura e a pós colheita;Demais serviços
4;Sul;42;SC;Santa Catarina;4203501;Campo Erê;True;2023;publica;medio;todos (1-4);80.1;0.814107;272.99;269.16;4.552985;3.7;;532118.702;55296.55;487076.776;50615.9;437828.568;52674.27;125539.7;43501.901;189946.146;49383.525;408371.273;29457.295;Demais serviços;Agricultura, inclusive apoio à agricultura e a pós colheita;Comércio e reparação de veículos automotores e motocicletas
4;Sul;42;SC;Santa Catarina;4203600;Campos Novos;True;2023;publica;medio;todos (1-4);82.3;0.828683;265.43;276.24;4.552793;3.8;;3456853.516;93600.5;3229122.835;87434.28;2610346.588;70815.95;443450.531;582985.036;1040696.953;234288.285;2301420.805;308925.783;Demais serviços;Indústrias de transformação;Comércio e reparação de veículos automotores e motocicletas
4;Sul;42;SC;Santa Catarina;4203709;Canelinha;False;;;;;;;;;;;;412707.977;32190.0;363976.644;28389.1;295662.498;23553.13;7095.995;76484.619;112221.161;67376.907;263178.682;32483.816;Demais serviços;Administração, defesa, educação e saúde públicas e seguridade social;Indústrias de transformação
4;Sul;42;SC;Santa Catarina;4203808;Canoinhas;True;2023;publica;medio;todos (1-4);89.7;0.917874;273.69;273.12;4.622098;4.2;;2759647.733;50160.82;2418105.457;43952.77;2203147.006;40381.74;475769.52;319194.606;942646.397;286612.548;2024223.07;178923.936;Demais serviços;Comércio e reparação de veículos automotores e motocicletas;Administração, defesa, educação e saúde públicas e seguridade social
4;Sul;42;SC;Santa Catarina;4203907;Capinzal;True;2023;publica;medio;todos (1-4);83.8;0.837257;278.63;274.24;4.708246;3.9;;1482553.727;63590.71;1280648.277;54930.44;1070739.935;46116.8;90411.259;327183.283;406527.906;128724.08;952846.528;117893.407;Demais serviços;Indústrias de transformação;Administração, defesa, educação e saúde públicas e seguridade social
4;Sul;42;SC;Santa Catarina;4203956;Capivari de Baixo;False;;;;;;;;;;;;689018.546;28739.04;592015.205;24693.02;1348603.35;52934.15;15546.32;904014.18;241699.22;146953.698;1308213.418;40389.932;Eletricidade e gás, água, esgoto, atividades de gestão de resíduos e descontaminação;Demais serviços;Administração, defesa, educação e saúde públicas e seguridade social
4;Sul;42;SC;Santa Catarina;4204004;Catanduvas;False;;;;;;;;;;;;676611.076;64036.63;625627.889;59211.42;530880.731;47801.25;43939.034;170812.232;191136.032;62784.959;468672.257;62208.475;Indústrias de transformação;Demais serviços;Administração, defesa, educação e saúde públicas e seguridade social
4;Sul;42;SC;Santa Catarina;4204103;Caxambu do Sul;False;;;;;;;;;;;;248344.204;53824.06;213040.78;46172.69;164148.108;47414.24;55786.973;22788.681;50031.451;25485.804;154092.909;10055.199;Demais serviços;Pecuária, inclusive apoio à pecuária;Administração, defesa, educação e saúde públicas e seguridade social
4;Sul;42;SC;Santa Catarina;4204152;Celso Ramos;False;;;;;;;;;;;;96486.981;34398.21;83430.852;29743.62;65903.292;24327.53;18777.987;3399.585;17370.823;22631.994;62180.389;3722.903;Administração, defesa, educação e saúde públicas e seguridade social;Demais serviços;Agricultura, inclusive apoio à agricultura e a pós colheita
4;Sul;42;SC;Santa Catarina;4204178;Cerro Negro;False;;;;;;;;;;;;152293.215;45912.94;106659.576;32155.43;141415.813;46935.22;85042.76;5004.216;26597.328;21508.506;138152.809;3263.004;Agricultura, inclusive apoio à agricultura e a pós colheita;Administração, defesa, educação e saúde públicas e seguridade social;Produção florestal, pesca e aquicultura
4;Sul;42;SC;Santa Catarina;4204194;Chapadão do Lageado;True;2023;publica;medio;todos (1-4);91.4;0.909767;275.22;281.93;4.775473;4.3;;147114.718;49869.4;111050.535;37644.25;97931.662;32374.1;51855.865;4619.717;17082.396;21598.39;95156.367;2775.295;Agricultura, inclusive apoio à agricultura e a pós colheita;Administração, defesa, educação e saúde públicas e seguridade social;Demais serviços
4;Sul;42;SC;Santa Catarina;4204202;Chapecó;True;2023;publica;medio;todos (1-4);74.9;0.797794;276.04;282.82;4.800313;3.8;;17619284.312;69153.54;15615663.571;61290.53;13694779.507;60173.82;253596.394;3391868.311;7093466.178;1223422.26;11962353.143;1732426.364;Demais serviços;Indústrias de transformação;Comércio e reparação de veículos automotores e motocicletas
4;Sul;42;SC;Santa Catarina;4204251;Cocal do Sul;False;;;;;;;;;;;;1084929.853;62930.97;999972.658;58003.05;888493.104;52399.92;32311.489;325650.676;294334.015;103189.991;755486.17;133006.934;Indústrias de transformação;Demais serviços;Administração, defesa, educação e saúde públicas e seguridade social
4;Sul;42;SC;Santa Catarina;4204301;Concórdia;True;2023;publica;medio;todos (1-4);83.5;0.819868;284.35;288.32;4.999362;4.1;;5510391.821;67491.26;5116747.179;62669.91;4559829.025;60249.05;312111.192;1115388.775;2177609.45;404194.378;4009303.795;550525.23;Demais serviços;Indústrias de transformação;Comércio e reparação de veículos automotores e motocicletas
4;Sul;42;SC;Santa Catarina;4204350;Cordilheira Alta;True;2023;publica;medio;todos (1-4);84.0;0.840247;273.02;261.72;4.442029;3.7;;529197.692;110687.66;449634.745;94046.17;434572.746;94781.41;56051.61;54184.178;236368.723;33048.244;379652.756;54919.99;Comércio e reparação de veículos automotores e motocicletas;Demais serviços;Pecuária, inclusive apoio à pecuária
4;Sul;42;SC;Santa Catarina;4204400;Coronel Freitas;False;;;;;;;;;;;;484592.888;46649.3;407480.425;39226.07;381582.577;38543.69;94458.898;85012.897;115394.729;55989.025;350855.549;30727.028;Demais serviços;Pecuária, inclusive apoio à pecuária;Indústrias de transformação
4;Sul;42;SC;Santa Catarina;4204459;Coronel Martins;True;2023;publica;medio;todos (1-4);93.1;0.932812;244.98;228.45;3.550155;3.3;;74760.809;36203.78;54428.182;26357.47;57378.062;22413.31;22265.255;2196.092;13505.021;17308.274;55274.643;2103.42;Administração, defesa, educação e saúde públicas e seguridade social;Pecuária, inclusive apoio à pecuária;Demais serviços
4;Sul;42;SC;Santa Catarina;4204509;Corupá;False;;;;;;;;;;;;1055553.352;69139.54;838130.317;55748.99;797604.513;48932.79;208627.689;210023.994;219340.452;90822.212;728814.347;68790.166;Agricultura, inclusive apoio à agricultura e a pós colheita;Indústrias de transformação;Demais serviços
4;Sul;42;SC;Santa Catarina;4204558;Correia Pinto;True;2023;publica;medio;todos (1-4);78.5;0.785739;252.72;257.5;4.093743;3.2;;763282.446;48533.25;649992.102;41329.69;591364.311;48019.84;91134.102;207144.529;158986.951;76417.342;533682.923;57681.387;Indústrias de transformação;Demais serviços;Administração, defesa, educação e saúde públicas e seguridade social
4;Sul;42;SC;Santa Catarina;4204608;Criciúma;True;2023;publica;medio;todos (1-4);79.2;0.788464;274.79;280.09;4.741888;3.7;;12339547.621;57528.91;11211117.068;52267.99;10065323.051;45878.05;56718.252;2256226.762;5047335.752;1099694.276;8459975.042;1605348.009;Demais serviços;Indústrias de transformação;Comércio e reparação de veículos automotores e motocicletas
4;Sul;42;SC;Santa Catarina;4204707;Cunha Porã;False;;;;;;;;;;;;1090030.707;99518.92;1013553.799;92536.64;927562.198;83189.43;102198.322;199392.849;442216.347;62213.77;806021.289;121540.91;Comércio e reparação de veículos automotores e motocicletas;Demais serviços;Indústrias de transformação
4;Sul;42;SC;Santa Catarina;4204756;Cunhataí;False;;;;;;;;;;;;106831.281;54284.19;79176.105;40231.76;66625.103;33785.55;31377.221;2750.273;14788.728;14955.946;63872.17;2752.934;Pecuária, inclusive apoio à pecuária;Administração, defesa, educação e saúde públicas e seguridade social;Demais serviços
4;Sul;42;SC;Santa Catarina;4204806;Curitibanos;True;2023;publica;medio;todos (1-4);86.3;0.785207;261.95;266.15;4.352869;3.4;;2003887.722;50040.9;2004549.876;50057.43;1875347.794;46840.37;116614.982;579541.805;794309.296;193629.814;1684095.897;191251.898;Indústrias de transformação;Demais serviços;Comércio e reparação de veículos automotores e motocicletas
4;Sul;42;SC;Santa Catarina;4204905;Descanso;True;2023;publica;medio;todos (1-4);82.6;0.845376;258.15;267.84;4.324797;3.7;;382121.357;44797.35;328520.011;38513.48;299005.534;36750.93;110542.042;16285.545;112937.863;42211.9;281977.35;17028.183;Pecuária, inclusive apoio à pecuária;Demais serviços;Comércio e reparação de veículos automotores e motocicletas
4;Sul;42;SC;Santa Catarina;4205001;Dionísio Cerqueira;True;2023;publica;medio;todos (1-4);84.1;0.837487;265.58;270.19;4.464331;3.7;;674812.751;44963.54;585415.774;39006.91;636297.338;40809.22;99875.71;23511.506;313645.009;84274.807;521307.032;114990.306;Comércio e reparação de veículos automotores e motocicletas;Demais serviços;Administração, defesa, educação e saúde públicas e seguridade social
4;Sul;42;SC;Santa Catarina;4205100;Dona Emma;True;2023;publica;medio;todos (1-4);87.7;0.8687;285.36;296.59;5.137349;4.5;;184448.32;43697.78;176688.507;41859.4;165733.246;39236.09;30064.726;55782.031;40421.337;26884.767;153152.862;12580.383;Indústrias de transformação;Demais serviços;Administração, defesa, educação e saúde públicas e seguridade social
4;Sul;42;SC;Santa Catarina;4205159;Doutor Pedrinho;True;2023;publica;medio;todos (1-4);86.2;0.861173;275.31;274.44;4.664611;4.0;;184032.493;50600.08;165112.242;45397.92;175716.334;42198.93;11818.886;73016.789;35046.706;25530.835;145413.217;30303.117;Indústrias de transformação;Demais serviços;Administração, defesa, educação e saúde públicas e seguridade social
4;Sul;42;SC;Santa Catarina;4205175;Entre Rios;True;2023;publica;medio;todos (1-4);84.9;0.847114;255.33;257.56;4.131298;3.5;;75980.775;22334.15;67856.885;19946.17;60605.602;18751.73;22461.863;1538.448;12751.337;22057.305;58808.953;1796.649;Administração, defesa, educação e saúde públicas e seguridade social;Pecuária, inclusive apoio à pecuária;Demais serviços
4;Sul;42;SC;Santa Catarina;4205191;Ermo;True;2023;publica;medio;todos (1-4);88.6;0.889652;272.73;269.29;4.551279;4.0;;241247.32;106323.19;180978.069;79761.16;176552.303;85746.63;39966.12;59780.655;43246.295;16755.754;159748.825;16803.478;Indústrias de transformação;Demais serviços;Agricultura, inclusive apoio à agricultura e a pós colheita
4;Sul;42;SC;Santa Catarina;4205209;Erval Velho;False;;;;;;;;;;;;253179.087;51827.86;239100.183;48945.79;183148.747;41408.26;66925.107;17161.596;59724.807;27580.381;171391.892;11756.856;Pecuária, inclusive apoio à pecuária;Demais serviços;Administração, defesa, educação e saúde públicas e seguridade social
4;Sul;42;SC;Santa Catarina;4205308;Faxinal dos Guedes;True;2023;publica;medio;todos (1-4);86.3;0.869115;261.73;264.2;4.320587;3.8;;845386.994;75534.94;802802.722;71730.05;758371.392;71342.56;192989.961;181048.199;206174.842;66221.413;646434.415;111936.977;Indústrias de transformação;Demais serviços;Pecuária, inclusive apoio à pecuária
4;Sul;42;SC;Santa Catarina;4205357;Flor do Sertão;True;2023;publica;medio;todos (1-4);92.3;0.933357;286.89;282.37;4.945964;4.6;;95652.975;53647.21;79685.687;44691.92;64277.694;40811.23;18856.896;8933.244;16372.932;15711.716;59874.788;4402.906;Administração, defesa, educação e saúde públicas e seguridade social;Pecuária, inclusive apoio à pecuária;Demais serviços
4;Sul;42;SC;Santa Catarina;4205407;Florianópolis;True;2023;publica;medio;todos (1-4);76.6;0.800479;276.06;276.96;4.712869;3.8;;31190132.216;58059.37;26552426.154;49426.25;23559946.53;45612.49;75454.253;1668678.76;15084988.907;2994962.432;19824084.351;3735862.179;Demais serviços;Administração, defesa, educação e saúde públicas e seguridade social;Comércio e reparação de veículos automotores e motocicletas
4;Sul;42;SC;Santa Catarina;4205431;Formosa do Sul;True;2023;publica;medio;todos (1-4);87.7;0.880226;274.28;272.87;4.626642;4.1;;104803.4;39076.58;87118.114;32482.52;78636.998;31695.69;26169.343;6717.582;22915.738;18802.487;74605.15;4031.848;Pecuária, inclusive apoio à pecuária;Administração, defesa, educação e saúde públicas e seguridade social;Demais serviços
4;Sul;42;SC;Santa Catarina;4205456;Forquilhinha;True;2023;publica;medio;todos (1-4);85.7;0.861369;277.71;276.28;4.725864;4.1;;1525924.405;48548.39;1338681.771;42591.13;1224547.814;44333.94;136864.052;372147.019;436689.667;146184.844;1091885.582;132662.231;Demais serviços;Indústrias de transformação;Administração, defesa, educação e saúde públicas e seguridade social
4;Sul;42;SC;Santa Catarina;4205506;Fraiburgo;True;2023;publica;medio;todos (1-4);77.6;0.782515;280.58;286.75;4.922909;3.9;;1596213.305;47675.2;1386572.415;41413.71;1273658.568;34682.86;203800.661;212541.521;518003.515;203632.857;1137978.554;135680.014;Demais serviços;Administração, defesa, educação e saúde públicas e seguridade social;Comércio e reparação de veículos automotores e motocicletas
4;Sul;42;SC;Santa Catarina;4205555;Frei Rogério;True;2023;publica;medio;todos (1-4);90.2;0.89679;263.75;267.7;4.401353;3.9;;114310.223;47411.95;96981.101;40224.43;102097.904;53231.44;51734.875;5304.783;24725.084;17022.601;98787.344;3310.56;Agricultura, inclusive apoio à agricultura e a pós colheita;Administração, defesa, educação e saúde públicas e seguridade social;Demais serviços
4;Sul;42;SC;Santa Catarina;4205605;Galvão;False;;;;;;;;;;;;159894.354;49811.33;123184.871;38268.06;99962.901;36873.07;29836.095;9199.998;34300.147;20777.989;94114.229;5848.672;Demais serviços;Administração, defesa, educação e saúde públicas e seguridade social;Pecuária, inclusive apoio à pecuária
4;Sul;42;SC;Santa Catarina;4205704;Garopaba;True;2023;publica;medio;todos (1-4);84.5;0.851423;269.94;279.09;4.6588;4.0;;1005307.519;33556.11;863321.265;28816.76;773365.453;32129.85;20305.14;81403.988;446439.58;140980.277;689128.986;84236.468;Demais serviços;Administração, defesa, educação e saúde públicas e seguridade social;Comércio e reparação de veículos automotores e motocicletas
4;Sul;42;SC;Santa Catarina;4205803;Garuva;False;;;;;;;;;;;;1982039.347;106877.29;1767664.5;95261.07;2033242.159;108059.21;43212.963;920172.274;530168.549;118271.076;1611824.861;421417.298;Indústrias de transformação;Demais serviços;Comércio e reparação de veículos automotores e motocicletas
4;Sul;42;SC;Santa Catarina;4205902;Gaspar;True;2023;publica;medio;todos (1-4);81.5;0.825158;277.98;284.22;4.848518;4.0;;5058949.212;69711.3;4963886.853;68401.36;4157382.576;57801.63;29665.074;1404880.98;1718818.047;374955.354;3528319.455;629063.121;Indústrias de transformação;Demais serviços;Comércio e reparação de veículos automotores e motocicletas
4;Sul;42;SC;Santa Catarina;4206009;Governador Celso Ramos;True;2023;publica;medio;todos (1-4);90.1;0.905971;269.53;275.75;4.603042;4.2;;661697.403;39118.97;554945.776;32807.91;449767.859;30515.49;60334.56;39744.335;202323.947;112101.562;414504.404;35263.455;Demais serviços;Administração, defesa, educação e saúde públicas e seguridade social;Produção florestal, pesca e aquicultura
4;Sul;42;SC;Santa Catarina;4206108;Grão-Pará;False;;;;;;;;;;;;406387.201;64742.27;355167.329;56582.34;329165.919;49715.44;101341.146;68404.653;90973.059;41191.742;301910.599;27255.321;Pecuária, inclusive apoio à pecuária;Demais serviços;Indústrias de transformação
4;Sul;42;SC;Santa Catarina;4206207;Gravatal;True;2023;publica;medio;todos (1-4);85.4;0.861853;261.0;265.28;4.326502;3.7;;456980.67;36749.55;390451.143;31399.37;387303.669;33239.24;26386.556;99886.147;166678.035;62869.502;355820.24;31483.429;Demais serviços;Indústrias de transformação;Administração, defesa, educação e saúde públicas e seguridade social
4;Sul;42;SC;Santa Catarina;4206306;Guabiruba;True;2023;publica;medio;todos (1-4);80.3;0.801565;277.8;275.93;4.721888;3.8;;1492565.307;60814.3;1328996.798;54149.73;1262926.124;50675.15;4390.566;414396.011;416791.733;131963.17;967541.48;295384.644;Indústrias de transformação;Demais serviços;Administração, defesa, educação e saúde públicas e seguridade social
4;Sul;42;SC;Santa Catarina;4206405;Guaraciaba;True;2023;publica;medio;todos (1-4);94.4;0.946826;284.27;280.21;4.876831;4.6;;615278.476;56991.34;509033.635;47150.21;454636.503;45627.91;144044.448;58089.826;160055.287;57374.621;419564.182;35072.321;Pecuária, inclusive apoio à pecuária;Demais serviços;Comércio e reparação de veículos automotores e motocicletas
4;Sul;42;SC;Santa Catarina;4206504;Guaramirim;True;2023;publica;medio;todos (1-4);79.7;0.805283;278.44;276.72;4.742703;3.8;;3136749.682;67152.27;2908382.788;62263.34;2514409.984;53776.12;74199.973;779485.043;1014761.487;268433.418;2136879.922;377530.062;Indústrias de transformação;Demais serviços;Comércio e reparação de veículos automotores e motocicletas
4;Sul;42;SC;Santa Catarina;4206603;Guarujá do Sul;False;;;;;;;;;;;;262918.154;54445.67;224030.97;46392.83;202565.371;38984.87;35257.141;44679.479;68829.598;32308.676;181074.894;21490.477;Demais serviços;Indústrias de transformação;Administração, defesa, educação e saúde públicas e seguridade social
4;Sul;42;SC;Santa Catarina;4206652;Guatambú;False;;;;;;;;;;;;617585.465;73303.91;475207.721;56404.48;354999.366;75660.56;72172.666;125700.922;78247.523;33348.376;309469.488;45529.877;Indústrias de transformação;Demais serviços;Pecuária, inclusive apoio à pecuária
4;Sul;42;SC;Santa Catarina;4206702;Herval d'Oeste;True;2023;publica;medio;todos (1-4);66.7;0.686514;257.05;250.47;4.049318;2.8;;723521.698;33305.18;664735.154;30599.11;624023.233;27345.45;50453.541;120451.38;271309.498;123249.788;565464.206;58559.026;Demais serviços;Administração, defesa, educação e saúde públicas e seguridade social;Comércio e reparação de veículos automotores e motocicletas
4;Sul;42;SC;Santa Catarina;4206751;Ibiam;True;2023;publica;medio;todos (1-4);87.9;0.903518;270.68;262.52;4.42114;4.0;;90693.309;45165.99;74450.879;37077.13;75608.041;38733.63;36937.08;7322.9;11343.278;16030.214;71633.472;3974.568;Pecuária, inclusive apoio à pecuária;Administração, defesa, educação e saúde públicas e seguridade social;Agricultura, inclusive apoio à agricultura e a pós colheita
4;Sul;42;SC;Santa Catarina;4206801;Ibicaré;True;2023;publica;medio;todos (1-4);90.9;0.90358;278.56;284.67;4.863401;4.4;;174344.419;53332.65;155011.981;47418.78;145417.704;46105.8;58345.776;15092.974;40150.994;22641.614;136231.357;9186.347;Pecuária, inclusive apoio à pecuária;Demais serviços;Administração, defesa, educação e saúde públicas e seguridade social
4;Sul;42;SC;Santa Catarina;4206900;Ibirama;True;2023;publica;medio;todos (1-4);88.3;0.887616;294.63;294.29;5.233115;4.6;;774395.357;38988.79;680120.889;34242.32;599218.638;31147.66;25671.675;152574.803;245959.356;109123.188;533329.023;65889.615;Demais serviços;Indústrias de transformação;Administração, defesa, educação e saúde públicas e seguridade social
4;Sul;42;SC;Santa Catarina;4207007;Içara;True;2023;publica;medio;todos (1-4);82.6;0.834177;271.54;271.12;4.561961;3.8;;4878273.748;82633.59;4331901.262;73378.53;3521709.778;60661.61;121900.592;1133577.414;1545644.864;295488.502;3096611.371;425098.407;Indústrias de transformação;Demais serviços;Comércio e reparação de veículos automotores e motocicletas
4;Sul;42;SC;Santa Catarina;4207106;Ilhota;False;;;;;;;;;;;;1190605.336;69846.61;1237649.107;72606.42;1215355.675;83638.82;57228.638;201933.972;623215.875;90684.999;973063.484;242292.191;Comércio e reparação de veículos automotores e motocicletas;Demais serviços;Indústrias de transformação
4;Sul;42;SC;Santa Catarina;4207205;Imaruí;True;2023;publica;medio;todos (1-4);91.8;0.902177;272.5;277.98;4.678139;4.2;;320779.62;26999.38;279511.531;23525.93;252843.029;25895.44;89816.06;32604.838;71819.058;51039.612;245279.568;7563.461;Demais serviços;Administração, defesa, educação e saúde públicas e seguridade social;Produção florestal, pesca e aquicultura
4;Sul;42;SC;Santa Catarina;4207304;Imbituba;True;2023;publica;medio;todos (1-4);82.0;0.823526;268.99;277.16;4.616565;3.8;;3250687.753;61824.83;2831613.673;53852.41;2502978.422;54756.59;55967.001;317188.289;1431460.699;272304.51;2076920.498;426057.924;Demais serviços;Comércio e reparação de veículos automotores e motocicletas;Administração, defesa, educação e saúde públicas e seguridade social
4;Sul;42;SC;Santa Catarina;4207403;Imbuia;False;;;;;;;;;;;;319440.817;53400.34;291402.116;48713.16;260686.901;41484.23;99349.693;13599.861;96354.437;35907.135;245211.127;15475.774;Agricultura, inclusive apoio à agricultura e a pós colheita;Demais serviços;Comércio e reparação de veículos automotores e motocicletas
4;Sul;42;SC;Santa Catarina;4207502;Indaial;True;2023;publica;medio;todos (1-4);76.4;0.777941;279.67;288.02;4.92914;3.8;;4484717.577;62680.37;4043553.304;56514.46;3675993.288;50811.29;26629.508;1340369.231;1413064.112;379570.006;3159632.858;516360.429;Indústrias de transformação;Demais serviços;Comércio e reparação de veículos automotores e motocicletas
4;Sul;42;SC;Santa Catarina;4207577;Iomerê;True;2023;publica;medio;todos (1-4);89.7;0.895958;298.95;289.7;5.225077;4.7;;381384.196;132563.15;276144.381;95983.45;227779.969;76461.89;76072.199;69004.896;42987.888;21546.703;209611.686;18168.283;Indústrias de transformação;Pecuária, inclusive apoio à pecuária;Demais serviços
4;Sul;42;SC;Santa Catarina;4207601;Ipira;False;;;;;;;;;;;;134994.59;29487.68;117758.292;25722.65;107134.918;24532.84;36027.284;6676.438;30390.205;29664.201;102758.128;4376.789;Administração, defesa, educação e saúde públicas e seguridade social;Pecuária, inclusive apoio à pecuária;Demais serviços
4;Sul;42;SC;Santa Catarina;4207650;Iporã do Oeste;True;2023;publica;medio;todos (1-4);94.5;0.941605;292.62;290.17;5.143208;4.8;;486273.637;52091.44;409313.363;43856.57;381311.08;41934.57;142246.805;26586.649;136050.672;49873.623;354757.748;26553.331;Pecuária, inclusive apoio à pecuária;Demais serviços;Comércio e reparação de veículos automotores e motocicletas
4;Sul;42;SC;Santa Catarina;4207684;Ipuaçu;False;;;;;;;;;;;;435899.804;56390.66;378147.014;50412.88;321242.512;42030.94;73961.169;108935.48;72261.275;44907.028;300064.953;21177.56;Eletricidade e gás, água, esgoto, atividades de gestão de resíduos e descontaminação;Demais serviços;Administração, defesa, educação e saúde públicas e seguridade social
4;Sul;42;SC;Santa Catarina;4207700;Ipumirim;True;2023;publica;medio;todos (1-4);93.3;0.933654;297.27;284.21;5.119295;4.8;;564807.509;72262.99;518696.175;66363.38;465730.067;60903.63;95165.076;155715.957;123090.485;46636.223;420607.741;45122.326;Indústrias de transformação;Demais serviços;Pecuária, inclusive apoio à pecuária
4;Sul;42;SC;Santa Catarina;4207759;Iraceminha;True;2023;publica;medio;todos (1-4);96.1;0.960552;279.66;273.47;4.711185;4.5;;258922.509;64957.98;196841.248;49383.15;133805.952;34300.42;57591.727;6889.245;34912.079;25040.754;124433.805;9372.147;Pecuária, inclusive apoio à pecuária;Administração, defesa, educação e saúde públicas e seguridade social;Demais serviços
4;Sul;42;SC;Santa Catarina;4207809;Irani;False;;;;;;;;;;;;339803.198;33330.38;311687.719;30572.61;282689.951;26731.91;73490.968;27434.576;107272.86;56261.816;264460.219;18229.731;Demais serviços;Administração, defesa, educação e saúde públicas e seguridade social;Pecuária, inclusive apoio à pecuária
4;Sul;42;SC;Santa Catarina;4207858;Irati;True;2023;publica;medio;todos (1-4);88.5;0.869401;267.67;258.38;4.316888;3.8;;78559.622;37969.85;66801.306;32286.76;56618.622;30004.57;15730.073;6023.281;14663.079;16104.742;52521.175;4097.447;Administração, defesa, educação e saúde públicas e seguridade social;Pecuária, inclusive apoio à pecuária;Demais serviços
4;Sul;42;SC;Santa Catarina;4207908;Irineópolis;False;;;;;;;;;;;;636425.684;61879.02;532410.109;51765.69;458977.286;40424.28;192747.337;22013.789;155140.616;65961.923;435863.664;23113.622;Agricultura, inclusive apoio à agricultura e a pós colheita;Demais serviços;Comércio e reparação de veículos automotores e motocicletas
4;Sul;42;SC;Santa Catarina;4208005;Itá;False;;;;;;;;;;;;550221.666;77857.88;487918.866;69041.87;404731.702;66447.5;68267.805;111762.628;131295.518;46219.397;357545.348;47186.354;Demais serviços;Indústrias de transformação;Pecuária, inclusive apoio à pecuária
4;Sul;42;SC;Santa Catarina;4208104;Itaiópolis;True;2023;publica;medio;todos (1-4);86.8;0.875247;279.09;267.03;4.606773;4.0;;1404661.539;63700.58;1173580.538;53221.19;1047674.635;47863.07;322530.801;233672.731;291373.805;120739.985;968317.322;79357.313;Agricultura, inclusive apoio à agricultura e a pós colheita;Demais serviços;Indústrias de transformação
4;Sul;42;SC;Santa Catarina;4208203;Itajaí;True;2023;publica;medio;todos (1-4);77.3;0.81242;265.65;271.38;4.483128;3.6;;48195908.536;182522.93;50816696.214;192448.12;47757206.618;210739.74;101269.868;3907277.644;20856461.199;1633111.984;26498120.695;21259085.924;Comércio e reparação de veículos automotores e motocicletas;Demais serviços;Indústrias de transformação
4;Sul;42;SC;Santa Catarina;4208302;Itapema;True;2023;publica;medio;todos (1-4);74.9;0.793551;273.95;275.16;4.656288;3.7;;3799730.364;50035.95;3214850.016;42334.08;2889464.364;41681.18;10290.962;645028.907;1422154.938;463823.515;2541298.321;348166.043;Demais serviços;Construção;Administração, defesa, educação e saúde públicas e seguridade social
4;Sul;42;SC;Santa Catarina;4208401;Itapiranga;True;2023;publica;medio;todos (1-4);94.0;0.944228;291.48;298.11;5.246059;5.0;;1369949.152;82338.57;1229482.942;73896.08;1064833.334;62129.26;174837.006;326219.95;350414.094;101106.325;952577.375;112255.959;Demais serviços;Indústrias de transformação;Pecuária, inclusive apoio à pecuária
4;Sul;42;SC;Santa Catarina;4208450;Itapoá;False;;;;;;;;;;;;1990651.159;64736.62;1976756.967;64284.78;1688955.169;77596.03;28725.564;69989.871;899609.975;162488.694;1160814.104;528141.064;Demais serviços;Comércio e reparação de veículos automotores e motocicletas;Administração, defesa, educação e saúde públicas e seguridade social
4;Sul;42;SC;Santa Catarina;4208500;Ituporanga;True;2023;publica;medio;todos (1-4);83.0;0.837196;291.86;287.69;5.095408;4.3;;1565743.138;59028.96;1400351.731;52793.66;1399717.486;54635.91;278774.712;333170.899;530838.377;137444.634;1280228.622;119488.864;Demais serviços;Agricultura, inclusive apoio à agricultura e a pós colheita;Indústrias de transformação
4;Sul;42;SC;Santa Catarina;4208609;Jaborá;False;;;;;;;;;;;;236969.898;54981.41;211114.145;48982.4;181353.593;46512.85;72985.982;17353.092;49531.158;27500.044;167370.276;13983.317;Pecuária, inclusive apoio à pecuária;Demais serviços;Administração, defesa, educação e saúde públicas e seguridade social
4;Sul;42;SC;Santa Catarina;4208708;Jacinto Machado;False;;;;;;;;;;;;733561.608;69047.59;598807.027;56363.61;529784.59;51251.29;132480.171;130615.668;166197.196;53663.044;482956.079;46828.511;Demais serviços;Agricultura, inclusive apoio à agricultura e a pós colheita;Indústrias de transformação
4;Sul;42;SC;Santa Catarina;4208807;Jaguaruna;False;;;;;;;;;;;;887385.693;43552.67;815250.478;40012.29;852029.138;41467.33;105209.231;127553.506;454592.368;110327.371;797682.477;54346.661;Demais serviços;Administração, defesa, educação e saúde públicas e seguridade social;Comércio e reparação de veículos automotores e motocicletas
4;Sul;42;SC;Santa Catarina;4208906;Jaraguá do Sul;True;2023;publica;medio;todos (1-4);84.6;0.867771;285.1;289.17;5.02262;4.4;;15509262.572;84907.82;13778059.647;75430.09;12053538.705;65302.87;95605.63;4529691.875;4400392.074;1009005.174;10034694.753;2018843.952;Indústrias de transformação;Demais serviços;Comércio e reparação de veículos automotores e motocicletas
4;Sul;42;SC;Santa Catarina;4208955;Jardinópolis;False;;;;;;;;;;;;82848.772;46649.08;71750.988;40400.33;67321.491;44290.45;25434.155;7981.861;15332.156;15433.282;64181.453;3140.038;Pecuária, inclusive apoio à pecuária;Administração, defesa, educação e saúde públicas e seguridade social;Demais serviços
4;Sul;42;SC;Santa Catarina;4209003;Joaçaba;True;2023;publica;medio;todos (1-4);81.4;0.82207;272.91;277.51;4.676861;3.8;;2754514.296;91372.46;2588135.2;85853.35;2381233.814;77605.06;88356.286;544797.905;1271907.438;199121.885;2104183.514;277050.3;Demais serviços;Indústrias de transformação;Comércio e reparação de veículos automotores e motocicletas
4;Sul;42;SC;Santa Catarina;4209102;Joinville;True;2023;publica;medio;todos (1-4);82.0;0.84401;278.61;283.24;4.842696;4.1;;49815876.84;80828.33;45511050.608;73842.86;45074734.617;74539.67;161181.921;11937738.039;18178228.343;3385040.454;33662188.758;11412545.859;Demais serviços;Indústrias de transformação;Comércio e reparação de veículos automotores e motocicletas
4;Sul;42;SC;Santa Catarina;4209151;José Boiteux;True;2023;publica;medio;todos (1-4);87.5;0.875162;266.58;271.84;4.503076;3.9;;171771.933;28700.41;140264.294;23435.97;130477.132;25996.64;33622.695;23590.501;34359.459;31990.783;123563.438;6913.694;Administração, defesa, educação e saúde públicas e seguridade social;Demais serviços;Agricultura, inclusive apoio à agricultura e a pós colheita
4;Sul;42;SC;Santa Catarina;4209177;Jupiá;True;2023;publica;medio;todos (1-4);82.3;0.81678;279.52;261.84;4.535117;3.7;;109998.735;43052.34;96074.765;37735.57;88239.748;42361.86;29350.342;15564.228;19184.5;17613.978;81713.048;6526.7;Pecuária, inclusive apoio à pecuária;Administração, defesa, educação e saúde públicas e seguridade social;Demais serviços
4;Sul;42;SC;Santa Catarina;4209201;Lacerdópolis;True;2023;publica;medio;todos (1-4);83.7;0.826539;276.71;251.5;4.340861;3.6;;186584.359;83000.16;161857.814;72000.81;137761.05;61281.61;41277.513;26678.889;40170.849;17747.681;125874.931;11886.119;Pecuária, inclusive apoio à pecuária;Demais serviços;Indústrias de transformação
4;Sul;42;SC;Santa Catarina;4209300;Lages;True;2023;publica;medio;todos (1-4);81.1;0.821812;260.88;271.36;4.415835;3.6;;8341649.834;50561.28;7540244.295;45703.71;6577420.391;41852.28;240400.057;1298813.002;3380704.237;890544.761;5810462.057;766958.334;Demais serviços;Indústrias de transformação;Comércio e reparação de veículos automotores e motocicletas
4;Sul;42;SC;Santa Catarina;4209409;Laguna;True;2023;publica;medio;todos (1-4);85.4;0.844819;260.87;271.37;4.415844;3.7;;1404149.986;32818.74;1181763.878;27620.99;1093923.16;23563.74;130256.34;93220.463;570497.772;230253.761;1024228.336;69694.824;Demais serviços;Administração, defesa, educação e saúde públicas e seguridade social;Comércio e reparação de veículos automotores e motocicletas
4;Sul;42;SC;Santa Catarina;4209458;Lajeado Grande;True;2023;publica;medio;todos (1-4);89.8;0.8831;283.04;269.68;4.701921;4.2;;108718.509;63876.91;82294.392;48351.58;59138.731;42001.94;28335.042;3658.288;12086.886;12768.875;56849.091;2289.641;Pecuária, inclusive apoio à pecuária;Administração, defesa, educação e saúde públicas e seguridade social;Agricultura, inclusive apoio à agricultura e a pós colheita
4;Sul;42;SC;Santa Catarina;4209508;Laurentino;False;;;;;;;;;;;;536260.96;67607.28;524620.729;66139.78;444804.117;62175.58;23767.927;129537.158;187364.104;42969.687;383638.876;61165.241;Indústrias de transformação;Demais serviços;Comércio e reparação de veículos automotores e motocicletas
4;Sul;42;SC;Santa Catarina;4209607;Lauro Müller;True;2023;publica;medio;todos (1-4);85.4;0.869915;243.85;230.56;3.565871;3.1;;481730.009;33497.67;417062.129;29000.91;418821.316;27231.56;48823.39;102072.364;152680.558;88514.523;392090.836;26730.481;Demais serviços;Administração, defesa, educação e saúde públicas e seguridade social;Indústrias extrativas
4;Sul;42;SC;Santa Catarina;4209706;Lebon Régis;False;;;;;;;;;;;;466724.315;40683.78;375556.776;32736.82;416799.839;34383.75;165853.807;54324.433;112206.535;62185.312;394570.087;22229.753;Agricultura, inclusive apoio à agricultura e a pós colheita;Demais serviços;Administração, defesa, educação e saúde públicas e seguridade social
4;Sul;42;SC;Santa Catarina;4209805;Leoberto Leal;False;;;;;;;;;;;;169622.368;50937.65;153711.069;46159.48;119785.227;40467.98;55113.58;7669.044;31541.843;21642.145;115966.613;3818.615;Agricultura, inclusive apoio à agricultura e a pós colheita;Demais serviços;Administração, defesa, educação e saúde públicas e seguridade social
4;Sul;42;SC;Santa Catarina;4209854;Lindóia do Sul;True;2023;publica;medio;todos (1-4);96.8;0.975157;284.58;280.04;4.87864;4.8;;201026.15;44191.28;162695.675;35765.15;151920.221;33536.47;78963.056;9558.745;30004.063;27443.091;145968.955;5951.266;Pecuária, inclusive apoio à pecuária;Administração, defesa, educação e saúde públicas e seguridade social;Demais serviços
4;Sul;42;SC;Santa Catarina;4209904;Lontras;False;;;;;;;;;;;;579987.199;45054.55;528412.454;41048.12;466218.077;37306.4;41001.465;98154.337;192803.957;67559.883;399519.642;66698.435;Demais serviços;Comércio e reparação de veículos automotores e motocicletas;Indústrias de transformação
4;Sul;42;SC;Santa Catarina;4210001;Luiz Alves;True;2023;publica;medio;todos (1-4);82.2;0.821141;265.51;275.61;4.544485;3.7;;1138041.979;97401.74;937508.771;80238.68;792774.535;59397.21;185372.427;230216.221;201607.146;75814.437;693010.232;99764.302;Indústrias de transformação;Agricultura, inclusive apoio à agricultura e a pós colheita;Demais serviços
4;Sul;42;SC;Santa Catarina;4210035;Luzerna;True;2023;publica;medio;todos (1-4);91.7;0.917826;307.25;301.03;5.51126;5.1;;346309.27;59770.33;325563.471;56189.76;292995.148;51556.42;35526.286;105928.363;83326.302;37479.872;262260.823;30734.324;Indústrias de transformação;Demais serviços;Administração, defesa, educação e saúde públicas e seguridade social
4;Sul;42;SC;Santa Catarina;4210050;Macieira;True;2023;publica;medio;todos (1-4);92.3;0.9152;292.64;303.67;5.345585;4.9;;70007.53;39374.31;67237.805;37816.54;59146.838;33663.54;28093.416;4481.889;8733.918;16001.339;57310.563;1836.275;Administração, defesa, educação e saúde públicas e seguridade social;Agricultura, inclusive apoio à agricultura e a pós colheita;Pecuária, inclusive apoio à pecuária
4;Sul;42;SC;Santa Catarina;4210100;Mafra;True;2023;publica;medio;todos (1-4);86.8;0.900744;270.06;271.1;4.540875;4.1;;3296811.911;59631.95;3025375.602;54722.27;2490227.212;43822.74;356576.29;515467.762;1085596.996;297160.4;2254801.447;235425.765;Demais serviços;Indústrias de transformação;Comércio e reparação de veículos automotores e motocicletas
4;Sul;42;SC;Santa Catarina;4210209;Major Gercino;True;2023;publica;medio;todos (1-4);94.0;0.938572;282.39;276.73;4.798331;4.5;;86474.067;26905.43;73674.494;22922.99;62143.68;17934.68;15986.672;5362.127;14824.534;23112.878;59286.211;2857.469;Administração, defesa, educação e saúde públicas e seguridade social;Demais serviços;Produção florestal, pesca e aquicultura
4;Sul;42;SC;Santa Catarina;4210308;Major Vieira;True;2023;publica;medio;todos (1-4);82.9;0.831395;271.75;264.66;4.468204;3.7;;417208.898;56189.75;352564.848;47483.48;300319.059;36584.12;113610.55;33331.175;87931.697;45265.707;280139.13;20179.929;Agricultura, inclusive apoio à agricultura e a pós colheita;Demais serviços;Administração, defesa, educação e saúde públicas e seguridade social
4;Sul;42;SC;Santa Catarina;4210407;Maracajá;False;;;;;;;;;;;;355365.128;45472.19;319263.876;40852.7;273081.312;36601.17;27992.42;49644.92;126147.75;40907.274;244692.363;28388.949;Demais serviços;Comércio e reparação de veículos automotores e motocicletas;Administração, defesa, educação e saúde públicas e seguridade social
4;Sul;42;SC;Santa Catarina;4210506;Maravilha;True;2023;publica;medio;todos (1-4);81.4;0.826733;300.82;301.51;5.428137;4.5;;2499222.596;88464.92;2250308.488;79654.12;1794179.067;67799.53;68493.796;628960.618;658210.469;146974.497;1502639.38;291539.687;Indústrias de transformação;Demais serviços;Comércio e reparação de veículos automotores e motocicletas
4;Sul;42;SC;Santa Catarina;4210555;Marema;True;2023;publica;medio;todos (1-4);100.0;1.0;271.12;284.1;4.750373;4.8;;111255.266;50941.06;100177.255;45868.71;97311.841;57141.42;58959.52;2752.092;15543.379;17169.217;94424.209;2887.632;Pecuária, inclusive apoio à pecuária;Administração, defesa, educação e saúde públicas e seguridade social;Demais serviços
4;Sul;42;SC;Santa Catarina;4210605;Massaranduba;True;2023;publica;medio;todos (1-4);91.1;0.909704;280.36;281.32;4.838532;4.4;;1050211.472;61194.0;870023.275;50694.75;751874.012;43385.69;128165.648;212482.932;239000.828;94532.108;674181.517;77692.495;Indústrias de transformação;Demais serviços;Agricultura, inclusive apoio à agricultura e a pós colheita
4;Sul;42;SC;Santa Catarina;4210704;Matos Costa;False;;;;;;;;;;;;77764.272;28165.26;66968.255;24255.07;62589.53;25630.44;26709.11;2730.259;12893.089;18317.52;60649.978;1939.552;Administração, defesa, educação e saúde públicas e seguridade social;Agricultura, inclusive apoio à agricultura e a pós colheita;Demais serviços
4;Sul;42;SC;Santa Catarina;4210803;Meleiro;False;;;;;;;;;;;;469315.843;66987.7;377837.278;53930.53;340386.062;48703.11;115203.902;41941.925;120232.262;41733.169;319111.258;21274.803;Agricultura, inclusive apoio à agricultura e a pós colheita;Demais serviços;Administração, defesa, educação e saúde públicas e seguridade social
4;Sul;42;SC;Santa Catarina;4210852;Mirim Doce;False;;;;;;;;;;;;106937.446;42587.59;96429.906;38602.84;89443.905;39629.55;31813.996;17260.025;17616.472;18072.835;84763.329;4680.577;Administração, defesa, educação e saúde públicas e seguridade social;Pecuária, inclusive apoio à pecuária;Indústrias de transformação
4;Sul;42;SC;Santa Catarina;4210902;Modelo;True;2023;publica;medio;todos (1-4);88.0;0.894142;306.67;292.24;5.371527;4.8;;203355.814;49842.11;179834.628;44077.11;170305.626;40289.95;47080.239;32809.695;52393.862;25847.923;158131.719;12173.907;Demais serviços;Pecuária, inclusive apoio à pecuária;Administração, defesa, educação e saúde públicas e seguridade social
4;Sul;42;SC;Santa Catarina;4211009;Mondaí;False;;;;;;;;;;;;1249316.724;124112.53;1131737.394;112431.69;1089189.108;90509.32;79175.289;535334.746;281765.523;65789.679;962065.236;127123.871;Indústrias de transformação;Demais serviços;Administração, defesa, educação e saúde públicas e seguridade social
4;Sul;42;SC;Santa Catarina;4211058;Monte Carlo;True;2023;publica;medio;todos (1-4);79.0;0.802115;259.95;253.53;4.135857;3.3;;325033.469;35651.36;249273.48;27341.61;233427.237;23471.82;54206.721;44193.266;64314.304;58333.085;221047.376;12379.862;Administração, defesa, educação e saúde públicas e seguridade social;Demais serviços;Agricultura, inclusive apoio à agricultura e a pós colheita
4;Sul;42;SC;Santa Catarina;4211108;Monte Castelo;True;2023;publica;medio;todos (1-4);83.1;0.871196;259.1;251.69;4.096374;3.6;;285959.084;36964.72;262775.246;33967.84;237436.61;28734.92;57035.065;31228.163;87533.144;44921.367;220717.739;16718.872;Demais serviços;Administração, defesa, educação e saúde públicas e seguridade social;Comércio e reparação de veículos automotores e motocicletas
4;Sul;42;SC;Santa Catarina;4211207;Morro da Fumaça;True;2023;publica;medio;todos (1-4);82.5;0.833495;262.72;268.56;4.399761;3.7;;1019641.349;55005.74;919663.19;49612.3;922591.542;50985.99;16711.304;360134.093;301440.622;101687.754;779973.773;142617.769;Indústrias de transformação;Demais serviços;Administração, defesa, educação e saúde públicas e seguridade social
4;Sul;42;SC;Santa Catarina;4211256;Morro Grande;False;;;;;;;;;;;;194418.422;64590.84;174039.231;57820.34;145129.597;50322.33;44193.978;35892.979;33321.68;21273.833;134682.471;10447.126;Agricultura, inclusive apoio à agricultura e a pós colheita;Indústrias de transformação;Demais serviços
4;Sul;42;SC;Santa Catarina;4211306;Navegantes;True;2023;publica;medio;todos (1-4);76.1;0.769049;269.25;279.38;4.653451;3.6;;7939673.784;91893.31;7166303.337;82942.37;6143029.433;71652.2;138103.325;1013212.579;2910950.296;495144.552;4557410.751;1585618.682;Demais serviços;Comércio e reparação de veículos automotores e motocicletas;Indústrias de transformação
4;Sul;42;SC;Santa Catarina;4211405;Nova Erechim;True;2023;publica;medio;todos (1-4);81.5;0.819372;269.85;277.1;4.627746;3.8;;266502.424;51697.85;255483.951;49560.42;248376.626;48107.04;60834.752;56167.339;81070.198;31585.099;229657.387;18719.238;Demais serviços;Pecuária, inclusive apoio à pecuária;Indústrias de transformação
4;Sul;42;SC;Santa Catarina;4211454;Nova Itaberaba;True;2023;publica;medio;todos (1-4);88.9;0.895008;264.26;257.59;4.257169;3.8;;191951.536;42317.36;167423.284;36909.9;189438.609;43780.59;42746.598;55345.542;40190.576;28887.374;167170.09;22268.519;Indústrias de transformação;Pecuária, inclusive apoio à pecuária;Demais serviços
4;Sul;42;SC;Santa Catarina;4211504;Nova Trento;True;2023;publica;medio;todos (1-4);88.9;0.882312;262.24;268.4;4.390624;3.9;;972888.071;70874.05;826323.501;60196.95;691558.991;46073.22;23442.985;330221.194;187247.29;78783.392;619694.86;71864.131;Indústrias de transformação;Demais serviços;Construção
4;Sul;42;SC;Santa Catarina;4211603;Nova Veneza;True;2023;publica;medio;todos (1-4);87.9;0.882974;265.67;273.51;4.515296;4.0;;1333549.26;97595.82;1165147.257;85271.32;1074610.27;69262.67;114354.933;378007.464;353831.863;87589.452;933783.711;140826.559;Indústrias de transformação;Demais serviços;Comércio e reparação de veículos automotores e motocicletas
4;Sul;42;SC;Santa Catarina;4211652;Novo Horizonte;True;2023;publica;medio;todos (1-4);88.1;0.877576;288.38;277.98;4.901172;4.3;;160908.453;60880.99;140227.818;52916.16;119843.694;50652.45;42780.761;25357.842;26465.339;17162.177;111766.119;8077.574;Agricultura, inclusive apoio à agricultura e a pós colheita;Demais serviços;Indústrias de transformação
4;Sul;42;SC;Santa Catarina;4211702;Orleans;False;;;;;;;;;;;;1408943.914;59547.1;1273948.74;53841.71;1188043.986;51295.02;152445.458;326659.796;424858.206;129320.673;1033284.134;154759.851;Demais serviços;Indústrias de transformação;Administração, defesa, educação e saúde públicas e seguridade social
4;Sul;42;SC;Santa Catarina;4211751;Otacílio Costa;True;2023;publica;medio;todos (1-4);80.2;0.810708;270.79;274.42;4.600828;3.7;;1267787.562;73231.72;1107127.068;63951.42;998100.361;51981.69;127279.513;390055.491;258871.369;118178.559;894384.932;103715.429;Indústrias de transformação;Demais serviços;Administração, defesa, educação e saúde públicas e seguridade social
4;Sul;42;SC;Santa Catarina;4211801;Ouro;True;2023;publica;medio;todos (1-4);86.9;0.865347;283.01;292.64;5.045212;4.4;;307201.54;43686.23;261035.349;37121.07;252631.351;34840.9;95434.836;24856.203;74519.447;41739.768;236550.254;16081.097;Pecuária, inclusive apoio à pecuária;Demais serviços;Administração, defesa, educação e saúde públicas e seguridade social
4;Sul;42;SC;Santa Catarina;4211850;Ouro Verde;False;;;;;;;;;;;;170819.679;78321.72;177247.729;81269.02;137266.498;62479.06;74509.54;4114.731;36254.133;17302.138;132180.541;5085.958;Agricultura, inclusive apoio à agricultura e a pós colheita;Demais serviços;Administração, defesa, educação e saúde públicas e seguridade social
4;Sul;42;SC;Santa Catarina;4211876;Paial;True;2023;publica;medio;todos (1-4);94.3;0.94253;297.71;294.23;5.275475;5.0;;73787.528;38291.4;74424.121;38621.75;58313.816;40383.53;21084.673;4616.587;13080.607;14902.944;53684.812;4629.004;Administração, defesa, educação e saúde públicas e seguridade social;Pecuária, inclusive apoio à pecuária;Demais serviços
4;Sul;42;SC;Santa Catarina;4211892;Painel;False;;;;;;;;;;;;111005.961;50115.56;93594.479;42254.84;84940.762;36114.27;48031.984;2388.839;14478.946;17929.971;82829.74;2111.022;Agricultura, inclusive apoio à agricultura e a pós colheita;Administração, defesa, educação e saúde públicas e seguridade social;Pecuária, inclusive apoio à pecuária
4;Sul;42;SC;Santa Catarina;4211900;Palhoça;True;2023;publica;medio;todos (1-4);75.7;0.774904;268.67;277.06;4.610574;3.6;;10294550.237;46247.27;9105303.952;40904.7;8210037.213;45948.53;51110.205;1158657.522;4245620.782;1022737.279;6478125.789;1731911.424;Demais serviços;Comércio e reparação de veículos automotores e motocicletas;Administração, defesa, educação e saúde públicas e seguridade social
4;Sul;42;SC;Santa Catarina;4212007;Palma Sola;False;;;;;;;;;;;;361215.376;47497.09;330780.036;43495.07;332286.617;45388.15;96306.038;12033.174;153512.834;43614.159;305466.206;26820.411;Comércio e reparação de veículos automotores e motocicletas;Demais serviços;Administração, defesa, educação e saúde públicas e seguridade social
4;Sul;42;SC;Santa Catarina;4212056;Palmeira;False;;;;;;;;;;;;205053.15;80067.61;181020.042;70683.34;187896.54;70294.25;66429.01;55810.963;30194.997;21427.667;173862.637;14033.903;Indústrias de transformação;Produção florestal, pesca e aquicultura;Demais serviços
4;Sul;42;SC;Santa Catarina;4212106;Palmitos;True;2023;publica;medio;todos (1-4);89.2;0.898495;276.4;281.32;4.782914;4.3;;1211264.223;77515.95;1021331.589;65361.04;913812.689;56603.86;269136.943;58690.467;429785.976;81902.482;839515.868;74296.821;Pecuária, inclusive apoio à pecuária;Comércio e reparação de veículos automotores e motocicletas;Demais serviços
4;Sul;42;SC;Santa Catarina;4212205;Papanduva;True;2023;publica;medio;todos (1-4);85.8;0.860923;272.0;268.9;4.535188;3.9;;1183058.194;61778.5;1048776.845;54766.41;853825.629;43738.83;199738.601;188619.705;293590.517;97692.496;779641.318;74184.311;Demais serviços;Indústrias de transformação;Agricultura, inclusive apoio à agricultura e a pós colheita
4;Sul;42;SC;Santa Catarina;4212239;Paraíso;False;;;;;;;;;;;;194243.981;45522.38;184625.575;43268.24;143301.458;43636.25;43923.581;28162.433;36930.922;23525.108;132542.043;10759.415;Pecuária, inclusive apoio à pecuária;Demais serviços;Indústrias de transformação
4;Sul;42;SC;Santa Catarina;4212254;Passo de Torres;True;2023;publica;medio;todos (1-4);83.5;0.839566;271.29;293.27;4.890037;4.1;;301934.066;23411.19;274891.023;21314.34;237368.224;25608.83;28781.298;19958.439;119723.008;53193.862;221656.607;15711.617;Demais serviços;Administração, defesa, educação e saúde públicas e seguridade social;Comércio e reparação de veículos automotores e motocicletas
4;Sul;42;SC;Santa Catarina;4212270;Passos Maia;True;2023;publica;medio;todos (1-4);79.5;0.810136;268.13;266.9;4.450894;3.6;;218824.223;54244.97;175427.805;43487.31;175185.287;43021.93;102386.638;10859.854;28027.452;27748.753;169022.696;6162.591;Pecuária, inclusive apoio à pecuária;Produção florestal, pesca e aquicultura;Agricultura, inclusive apoio à agricultura e a pós colheita
4;Sul;42;SC;Santa Catarina;4212304;Paulo Lopes;False;;;;;;;;;;;;417795.002;46098.97;299198.749;33002.29;250072.785;32723.47;39666.302;28557.804;118372.289;45716.478;232312.872;17759.912;Demais serviços;Administração, defesa, educação e saúde públicas e seguridade social;Comércio e reparação de veículos automotores e motocicletas
4;Sul;42;SC;Santa Catarina;4212403;Pedras Grandes;False;;;;;;;;;;;;305366.304;71935.53;286003.748;67374.26;243931.21;62053.22;59675.029;62212.795;71957.673;26323.259;220168.756;23762.454;Indústrias de transformação;Demais serviços;Administração, defesa, educação e saúde públicas e seguridade social
4;Sul;42;SC;Santa Catarina;4212502;Penha;True;2023;publica;medio;todos (1-4);81.8;0.825583;261.95;272.86;4.453318;3.7;;1340663.262;39826.02;1147219.644;34079.54;1037152.613;30484.76;66821.984;121452.803;551779.199;197201.298;937255.284;99897.328;Demais serviços;Administração, defesa, educação e saúde públicas e seguridade social;Comércio e reparação de veículos automotores e motocicletas
4;Sul;42;SC;Santa Catarina;4212601;Peritiba;False;;;;;;;;;;;;166701.472;55715.73;145411.648;48600.15;120957.018;44257.97;30537.253;15846.766;46291.529;19601.864;112277.413;8679.605;Demais serviços;Pecuária, inclusive apoio à pecuária;Administração, defesa, educação e saúde públicas e seguridade social
4;Sul;42;SC;Santa Catarina;4212650;Pescaria Brava;True;2023;publica;medio;todos (1-4);88.1;0.883401;254.81;257.64;4.125193;3.6;;164482.919;16141.6;138525.255;13594.24;119467.627;11683.88;5294.367;10430.277;43533.186;54236.662;113494.492;5973.135;Administração, defesa, educação e saúde públicas e seguridade social;Demais serviços;Comércio e reparação de veículos automotores e motocicletas
4;Sul;42;SC;Santa Catarina;4212700;Petrolândia;True;2023;publica;medio;todos (1-4);91.0;0.918468;289.25;275.84;4.881356;4.5;;265681.595;39559.5;247125.907;36796.59;223564.253;38066.45;86522.805;20709.295;69275.652;33952.152;210459.904;13104.348;Agricultura, inclusive apoio à agricultura e a pós colheita;Demais serviços;Administração, defesa, educação e saúde públicas e seguridade social
4;Sul;42;SC;Santa Catarina;4212809;Balneário Piçarras;False;;;;;;;;;;;;2097521.043;77322.26;1587685.516;58527.87;1513947.496;62085.2;59633.483;233847.124;667487.374;160298.798;1121266.78;392680.716;Demais serviços;Comércio e reparação de veículos automotores e motocicletas;Indústrias de transformação
4;Sul;42;SC;Santa Catarina;4212908;Pinhalzinho;True;2023;publica;medio;todos (1-4);83.7;0.845894;285.44;288.23;5.013323;4.2;;1941701.252;88371.62;1738798.976;79137.04;1514219.441;71753.75;84312.953;575318.14;538923.057;120275.295;1318829.444;195389.998;Indústrias de transformação;Demais serviços;Administração, defesa, educação e saúde públicas e seguridade social
4;Sul;42;SC;Santa Catarina;4213005;Pinheiro Preto;True;2023;publica;medio;todos (1-4);85.8;0.841172;275.23;268.07;4.568128;3.8;;323208.867;93063.31;241832.63;69632.2;227281.515;62525.86;40509.036;65358.805;58765.621;25546.893;190180.355;37101.16;Indústrias de transformação;Demais serviços;Administração, defesa, educação e saúde públicas e seguridade social
4;Sul;42;SC;Santa Catarina;4213104;Piratuba;True;2023;publica;medio;todos (1-4);93.5;0.934921;294.13;292.85;5.204536;4.9;;953671.082;165309.6;419813.99;72770.67;801158.678;220280.09;37414.861;620211.461;98281.08;33491.878;789399.28;11759.398;Eletricidade e gás, água, esgoto, atividades de gestão de resíduos e descontaminação;Demais serviços;Administração, defesa, educação e saúde públicas e seguridade social
4;Sul;42;SC;Santa Catarina;4213153;Planalto Alegre;True;2023;publica;medio;todos (1-4);80.2;0.811366;282.24;262.66;4.585595;3.7;;144006.502;48882.04;152929.72;51910.97;141935.084;48825.28;47353.457;7827.242;55787.287;20965.797;131933.782;10001.302;Pecuária, inclusive apoio à pecuária;Comércio e reparação de veículos automotores e motocicletas;Demais serviços
4;Sul;42;SC;Santa Catarina;4213203;Pomerode;True;2023;publica;medio;todos (1-4);80.8;0.809041;284.37;285.83;4.962367;4.0;;3184672.108;92877.37;2964120.485;86510.83;2806452.879;81202.88;31201.489;976319.151;805348.126;221105.032;2033973.798;772479.081;Indústrias de transformação;Demais serviços;Comércio e reparação de veículos automotores e motocicletas
4;Sul;42;SC;Santa Catarina;4213302;Ponte Alta;False;;;;;;;;;;;;205504.401;46316.07;171154.538;38574.38;175776.261;38055.05;58455.859;36993.101;38959.523;30719.11;165127.593;10648.668;Demais serviços;Administração, defesa, educação e saúde públicas e seguridade social;Indústrias de transformação
4;Sul;42;SC;Santa Catarina;4213351;Ponte Alta do Norte;False;;;;;;;;;;;;158355.365;49331.89;153410.076;47791.3;166641.327;48640.2;65665.71;32646.573;31434.321;24536.043;154282.647;12358.68;Produção florestal, pesca e aquicultura;Indústrias de transformação;Administração, defesa, educação e saúde públicas e seguridade social
4;Sul;42;SC;Santa Catarina;4213401;Ponte Serrada;True;2023;publica;medio;todos (1-4);83.7;0.843597;264.22;272.02;4.472625;3.8;;390492.155;36669.37;322644.84;30298.14;291075.288;24933.64;80922.899;26541.725;106172.652;60651.797;274289.072;16786.215;Demais serviços;Administração, defesa, educação e saúde públicas e seguridade social;Comércio e reparação de veículos automotores e motocicletas
4;Sul;42;SC;Santa Catarina;4213500;Porto Belo;False;;;;;;;;;;;;2090678.166;75508.46;1721133.778;62161.72;1472148.818;65527.86;33796.488;136543.852;945433.708;149321.844;1265095.891;207052.927;Comércio e reparação de veículos automotores e motocicletas;Demais serviços;Administração, defesa, educação e saúde públicas e seguridade social
4;Sul;42;SC;Santa Catarina;4213609;Porto União;True;2023;publica;medio;todos (1-4);78.3;0.805433;263.23;261.0;4.29375;3.5;;1314938.113;39882.87;1347343.507;40865.74;1149833.435;32221.76;107608.232;300731.883;462954.654;172604.37;1043899.138;105934.296;Demais serviços;Indústrias de transformação;Administração, defesa, educação e saúde públicas e seguridade social
4;Sul;42;SC;Santa Catarina;4213708;Pouso Redondo;True;2023;publica;medio;todos (1-4);85.1;0.861364;255.14;249.28;4.004678;3.4;;912670.161;53300.83;813931.902;47528.87;719080.676;40026.76;76166.527;212709.071;269089.14;90164.914;648129.652;70951.024;Indústrias de transformação;Demais serviços;Administração, defesa, educação e saúde públicas e seguridade social
4;Sul;42;SC;Santa Catarina;4213807;Praia Grande;False;;;;;;;;;;;;312293.605;37762.23;239795.286;28995.8;223278.882;30565.21;44600.449;25347.762;100508.62;37441.12;207897.95;15380.931;Demais serviços;Agricultura, inclusive apoio à agricultura e a pós colheita;Administração, defesa, educação e saúde públicas e seguridade social
4;Sul;42;SC;Santa Catarina;4213906;Presidente Castello Branco;False;;;;;;;;;;;;88879.33;52622.46;81851.137;48461.3;75922.983;49752.94;31305.071;2815.057;19772.791;16863.645;70756.564;5166.419;Pecuária, inclusive apoio à pecuária;Administração, defesa, educação e saúde públicas e seguridade social;Demais serviços
4;Sul;42;SC;Santa Catarina;4214003;Presidente Getúlio;True;2023;publica;medio;todos (1-4);87.7;0.884912;269.48;271.73;4.54216;4.0;;1091871.499;54566.29;1001043.455;50027.16;985125.186;54811.39;79440.131;397134.304;317799.421;101842.878;896216.734;88908.451;Indústrias de transformação;Demais serviços;Administração, defesa, educação e saúde públicas e seguridade social
4;Sul;42;SC;Santa Catarina;4214102;Presidente Nereu;True;2023;publica;medio;todos (1-4);92.5;0.92639;286.98;291.13;5.078366;4.7;;81283.338;35325.22;71753.181;31183.48;62744.222;27531.47;24918.496;3697.832;14876.302;17075.688;60568.318;2175.905;Agricultura, inclusive apoio à agricultura e a pós colheita;Administração, defesa, educação e saúde públicas e seguridade social;Demais serviços
4;Sul;42;SC;Santa Catarina;4214151;Princesa;True;2023;publica;medio;todos (1-4);95.2;0.928998;270.73;282.85;4.726183;4.4;;134567.034;45400.48;158481.834;53468.9;135910.565;46071.38;32983.136;44960.13;22468.819;21876.419;122288.504;13622.061;Indústrias de transformação;Pecuária, inclusive apoio à pecuária;Administração, defesa, educação e saúde públicas e seguridade social
4;Sul;42;SC;Santa Catarina;4214201;Quilombo;False;;;;;;;;;;;;670409.31;60824.65;581416.575;53160.52;462641.713;47338.76;85828.654;128113.803;153807.027;52106.1;419855.585;42786.129;Demais serviços;Indústrias de transformação;Administração, defesa, educação e saúde públicas e seguridade social
4;Sul;42;SC;Santa Catarina;4214300;Rancho Queimado;False;;;;;;;;;;;;227901.573;69503.38;166661.777;50827.01;165750.944;57214.69;69531.125;13838.716;50270.64;22354.237;155994.718;9756.226;Agricultura, inclusive apoio à agricultura e a pós colheita;Demais serviços;Administração, defesa, educação e saúde públicas e seguridade social
4;Sul;42;SC;Santa Catarina;4214409;Rio das Antas;True;2023;publica;medio;todos (1-4);73.3;0.734355;270.29;272.84;4.570153;3.4;;328939.713;52605.1;300067.482;47987.76;288090.395;46473.69;128246.455;42450.188;56436.792;42429.628;269563.063;18527.332;Pecuária, inclusive apoio à pecuária;Agricultura, inclusive apoio à agricultura e a pós colheita;Administração, defesa, educação e saúde públicas e seguridade social
4;Sul;42;SC;Santa Catarina;4214508;Rio do Campo;True;2023;publica;medio;todos (1-4);83.1;0.836266;272.35;271.82;4.583816;3.8;;265322.667;41122.55;240771.651;37317.37;212940.736;36313.22;72002.603;27790.485;63252.729;36732.283;199778.101;13162.635;Demais serviços;Agricultura, inclusive apoio à agricultura e a pós colheita;Administração, defesa, educação e saúde públicas e seguridade social
4;Sul;42;SC;Santa Catarina;4214607;Rio do Oeste;False;;;;;;;;;;;;348707.84;45011.98;296743.23;38304.28;276135.741;36564.58;109044.197;31931.504;78362.365;41642.79;260980.857;15154.885;Agricultura, inclusive apoio à agricultura e a pós colheita;Demais serviços;Administração, defesa, educação e saúde públicas e seguridade social
4;Sul;42;SC;Santa Catarina;4214706;Rio dos Cedros;False;;;;;;;;;;;;565977.434;52091.8;506213.884;46591.25;475004.798;39792.64;39231.848;151591.359;172072.384;62155.849;425051.441;49953.357;Indústrias de transformação;Demais serviços;Administração, defesa, educação e saúde públicas e seguridade social
4;Sul;42;SC;Santa Catarina;4214805;Rio do Sul;True;2023;publica;medio;todos (1-4);77.8;0.783593;283.13;284.94;4.931628;3.9;;4621903.114;63673.98;4306891.4;59334.2;3690347.019;50600.53;31947.211;765569.991;1987906.971;416920.432;3202344.604;488002.414;Demais serviços;Indústrias de transformação;Comércio e reparação de veículos automotores e motocicletas
4;Sul;42;SC;Santa Catarina;4214904;Rio Fortuna;True;2023;publica;medio;todos (1-4);94.0;0.937834;286.66;272.25;4.791237;4.5;;373207.524;76997.63;315109.729;65011.29;302785.144;65396.36;104014.473;93510.816;58556.12;28558.953;284640.362;18144.782;Pecuária, inclusive apoio à pecuária;Eletricidade e gás, água, esgoto, atividades de gestão de resíduos e descontaminação;Demais serviços
4;Sul;42;SC;Santa Catarina;4215000;Rio Negrinho;True;2023;publica;medio;todos (1-4);75.4;0.786964;271.15;265.86;4.477741;3.5;;1731868.057;44111.66;1709158.99;43536.58;1614642.813;37827.82;75100.528;497243.499;632678.0;229571.77;1434593.798;180049.015;Indústrias de transformação;Demais serviços;Administração, defesa, educação e saúde públicas e seguridade social
4;Sul;42;SC;Santa Catarina;4215059;Rio Rufino;True;2023;publica;medio;todos (1-4);90.7;0.909073;260.01;268.68;4.363496;4.0;;96784.355;40377.29;86405.101;36047.18;70066.429;28207.1;32641.399;2976.187;14338.564;18188.401;68144.551;1921.878;Agricultura, inclusive apoio à agricultura e a pós colheita;Administração, defesa, educação e saúde públicas e seguridade social;Demais serviços
4;Sul;42;SC;Santa Catarina;4215075;Riqueza;True;2023;publica;medio;todos (1-4);93.0;0.923639;290.61;280.8;4.974708;4.6;;198674.043;41668.21;169647.645;35580.46;147664.822;32633.11;46110.654;21103.069;43372.344;28553.415;139139.481;8525.341;Demais serviços;Pecuária, inclusive apoio à pecuária;Administração, defesa, educação e saúde públicas e seguridade social
4;Sul;42;SC;Santa Catarina;4215109;Rodeio;True;2023;publica;medio;todos (1-4);86.6;0.872814;279.79;279.4;4.801784;4.2;;456659.972;35796.82;452502.288;35470.9;390081.08;33491.98;25957.339;108787.176;139166.98;61351.888;335263.383;54817.698;Demais serviços;Indústrias de transformação;Administração, defesa, educação e saúde públicas e seguridade social
4;Sul;42;SC;Santa Catarina;4215208;Romelândia;True;2023;publica;medio;todos (1-4);78.8;0.79371;262.24;248.85;4.09796;3.3;;132525.469;27477.81;112803.834;23388.73;111332.805;24287.26;48642.61;2742.994;28343.054;27673.645;107402.303;3930.502;Pecuária, inclusive apoio à pecuária;Administração, defesa, educação e saúde públicas e seguridade social;Demais serviços
4;Sul;42;SC;Santa Catarina;4215307;Salete;True;2023;publica;medio;todos (1-4);83.7;0.839937;268.74;262.34;4.391198;3.7;;383453.011;51202.16;343522.156;45870.23;318173.816;41461.27;40585.703;110222.03;99286.491;45287.699;295381.923;22791.893;Indústrias de transformação;Demais serviços;Administração, defesa, educação e saúde públicas e seguridade social
4;Sul;42;SC;Santa Catarina;4215356;Saltinho;False;;;;;;;;;;;;115351.402;31759.75;99145.921;27297.89;93630.124;25122.12;37066.974;6830.061;22345.05;23614.097;89856.182;3773.942;Pecuária, inclusive apoio à pecuária;Administração, defesa, educação e saúde públicas e seguridade social;Demais serviços
4;Sul;42;SC;Santa Catarina;4215406;Salto Veloso;False;;;;;;;;;;;;347635.839;79188.12;307000.985;69931.89;266923.34;55701.87;26234.405;87873.575;93629.843;30706.144;238443.966;28479.373;Indústrias de transformação;Demais serviços;Administração, defesa, educação e saúde públicas e seguridade social
4;Sul;42;SC;Santa Catarina;4215455;Sangão;True;2023;publica;medio;todos (1-4);75.4;0.770086;277.7;278.53;4.759406;3.7;;701076.24;54422.93;569973.677;44245.74;466691.592;35549.33;19910.069;149923.094;127810.216;65697.497;363340.876;103350.716;Indústrias de transformação;Demais serviços;Administração, defesa, educação e saúde públicas e seguridade social
4;Sul;42;SC;Santa Catarina;4215505;Santa Cecília;True;2023;publica;medio;todos (1-4);85.4;0.856845;252.63;254.05;4.040832;3.5;;672249.587;43242.61;678193.565;43624.96;662060.3;38935.56;70363.595;240239.796;192888.319;95047.067;598538.778;63521.522;Indústrias de transformação;Demais serviços;Administração, defesa, educação e saúde públicas e seguridade social
4;Sul;42;SC;Santa Catarina;4215554;Santa Helena;True;2023;publica;medio;todos (1-4);100.0;1.0;268.32;279.34;4.63979;4.6;;128409.249;52952.27;121919.142;50275.93;103612.985;47572.54;33038.509;21175.799;24204.703;17305.964;95724.974;7888.011;Pecuária, inclusive apoio à pecuária;Indústrias de transformação;Demais serviços
4;Sul;42;SC;Santa Catarina;4215604;Santa Rosa de Lima;True;2023;publica;medio;todos (1-4);94.0;0.937359;228.96;206.53;2.997011;2.8;;108833.819;52123.48;89003.248;42626.08;72830.02;33858.68;27207.751;7335.152;15554.575;19354.4;69451.877;3378.143;Administração, defesa, educação e saúde públicas e seguridade social;Pecuária, inclusive apoio à pecuária;Demais serviços
4;Sul;42;SC;Santa Catarina;4215653;Santa Rosa do Sul;False;;;;;;;;;;;;277593.894;28349.05;229214.071;23408.3;199093.56;23710.08;53003.645;10614.544;74694.683;47028.955;185341.828;13751.732;Administração, defesa, educação e saúde públicas e seguridade social;Demais serviços;Agricultura, inclusive apoio à agricultura e a pós colheita
4;Sul;42;SC;Santa Catarina;4215679;Santa Terezinha;True;2023;publica;medio;todos (1-4);88.3;0.883244;274.77;266.86;4.543554;4.0;;342768.701;42495.5;268998.678;33349.7;268987.889;30706.38;121067.12;26611.952;61304.885;47938.625;256922.583;12065.306;Agricultura, inclusive apoio à agricultura e a pós colheita;Administração, defesa, educação e saúde públicas e seguridade social;Demais serviços
4;Sul;42;SC;Santa Catarina;4215687;Santa Terezinha do Progresso;True;2023;publica;medio;todos (1-4);97.6;0.973651;283.14;276.85;4.810661;4.7;;89006.068;34552.04;92259.567;35815.05;65118.802;28104.79;24150.555;7354.837;13078.817;17483.196;62067.404;3051.398;Administração, defesa, educação e saúde públicas e seguridade social;Pecuária, inclusive apoio à pecuária;Demais serviços
4;Sul;42;SC;Santa Catarina;4215695;Santiago do Sul;False;;;;;;;;;;;;62417.195;37805.69;52159.544;31592.7;48481.683;40034.42;16312.219;4127.902;12063.922;13889.751;46393.794;2087.889;Administração, defesa, educação e saúde públicas e seguridade social;Pecuária, inclusive apoio à pecuária;Demais serviços
4;Sul;42;SC;Santa Catarina;4215703;Santo Amaro da Imperatriz;True;2023;publica;medio;todos (1-4);87.8;0.884897;275.27;278.87;4.730367;4.2;;1749916.489;64165.32;1377649.898;50515.18;1256506.631;52558.11;36487.538;620128.163;399328.24;135383.866;1191327.807;65178.824;Eletricidade e gás, água, esgoto, atividades de gestão de resíduos e descontaminação;Demais serviços;Administração, defesa, educação e saúde públicas e seguridade social
4;Sul;42;SC;Santa Catarina;4215752;São Bernardino;True;2023;publica;medio;todos (1-4);88.7;0.845355;281.45;259.63;4.52914;3.8;;110781.413;41274.74;101830.906;37939.98;88164.024;39376.52;30720.006;15765.926;18982.054;17345.27;82813.255;5350.768;Pecuária, inclusive apoio à pecuária;Administração, defesa, educação e saúde públicas e seguridade social;Demais serviços
4;Sul;42;SC;Santa Catarina;4215802;São Bento do Sul;True;2023;publica;medio;todos (1-4);84.8;0.85326;286.92;287.45;5.022433;4.3;;5038223.34;60499.58;4807395.768;57729.16;4697510.537;54421.61;64365.78;1915425.504;1657826.918;482135.563;4119753.766;577756.771;Indústrias de transformação;Demais serviços;Administração, defesa, educação e saúde públicas e seguridade social
4;Sul;42;SC;Santa Catarina;4215901;São Bonifácio;False;;;;;;;;;;;;265329.55;90064.34;228604.85;77598.39;112431.565;40283.61;26427.337;23823.362;33868.658;19386.867;103506.224;8925.341;Demais serviços;Indústrias de transformação;Administração, defesa, educação e saúde públicas e seguridade social
4;Sul;42;SC;Santa Catarina;4216008;São Carlos;True;2023;publica;medio;todos (1-4);86.0;0.864383;294.19;299.53;5.305378;4.6;;794989.549;77318.57;655147.95;63717.95;520825.076;45463.08;118741.955;150364.47;147121.39;64043.882;480271.696;40553.38;Indústrias de transformação;Demais serviços;Pecuária, inclusive apoio à pecuária
4;Sul;42;SC;Santa Catarina;4216057;São Cristóvão do Sul;False;;;;;;;;;;;;197298.749;32429.12;188145.667;30924.67;219812.268;38932.39;28269.461;66090.671;65460.975;33659.905;193481.013;26331.255;Indústrias de transformação;Demais serviços;Administração, defesa, educação e saúde públicas e seguridade social
4;Sul;42;SC;Santa Catarina;4216107;São Domingos;False;;;;;;;;;;;;536173.65;58115.51;501291.152;54334.61;450004.216;47761.01;111814.084;101208.641;157898.071;48436.979;419357.775;30646.442;Demais serviços;Agricultura, inclusive apoio à agricultura e a pós colheita;Comércio e reparação de veículos automotores e motocicletas
4;Sul;42;SC;Santa Catarina;4216206;São Francisco do Sul;True;2023;publica;medio;todos (1-4);81.0;0.850627;250.39;249.23;3.937216;3.3;;7396331.907;140417.13;7730884.966;146768.52;8516614.709;155551.77;37017.877;3145501.912;3223222.287;361017.458;6766759.535;1749855.174;Indústrias de transformação;Demais serviços;Comércio e reparação de veículos automotores e motocicletas
4;Sul;42;SC;Santa Catarina;4216255;São João do Oeste;True;2023;publica;medio;todos (1-4);94.0;0.935088;308.13;305.68;5.593231;5.2;;463168.42;73577.19;407938.473;64803.57;353230.205;54994.58;109595.8;62042.825;110046.406;38884.429;320569.46;32660.745;Pecuária, inclusive apoio à pecuária;Demais serviços;Indústrias de transformação
4;Sul;42;SC;Santa Catarina;4216305;São João Batista;True;2023;publica;medio;todos (1-4);77.2;0.777123;256.4;264.42;4.249021;3.3;;1303724.455;39885.11;1258894.574;38513.62;1029818.998;25927.62;19831.154;306958.256;393246.023;193175.008;913210.441;116608.557;Demais serviços;Indústrias de transformação;Administração, defesa, educação e saúde públicas e seguridade social
4;Sul;42;SC;Santa Catarina;4216354;São João do Itaperiú;True;2023;publica;medio;todos (1-4);81.0;0.822593;262.49;272.35;4.453267;3.7;;455830.482;102135.44;397288.552;89018.27;338152.428;89363.75;94603.399;110151.955;76217.517;27267.767;308240.638;29911.79;Indústrias de transformação;Demais serviços;Agricultura, inclusive apoio à agricultura e a pós colheita
4;Sul;42;SC;Santa Catarina;4216404;São João do Sul;False;;;;;;;;;;;;434705.1;50150.57;321117.268;37046.29;282920.264;38587.05;106916.571;22832.491;95292.126;41540.477;266581.665;16338.6;Agricultura, inclusive apoio à agricultura e a pós colheita;Demais serviços;Administração, defesa, educação e saúde públicas e seguridade social
4;Sul;42;SC;Santa Catarina;4216503;São Joaquim;True;2023;publica;medio;todos (1-4);86.7;0.880445;264.6;270.42;4.45401;3.9;;1484850.704;57243.95;1186502.208;45742.02;1133377.656;41482.24;483707.047;56441.081;404481.714;140728.175;1085358.016;48019.64;Agricultura, inclusive apoio à agricultura e a pós colheita;Demais serviços;Administração, defesa, educação e saúde públicas e seguridade social
4;Sul;42;SC;Santa Catarina;4216602;São José;True;2023;publica;medio;todos (1-4);80.3;0.832813;274.29;277.43;4.695046;3.9;;15575672.162;57623.86;14466880.637;53522.56;13840194.7;54552.31;9971.472;1507099.842;7911688.371;1337225.25;10765984.936;3074209.764;Demais serviços;Comércio e reparação de veículos automotores e motocicletas;Administração, defesa, educação e saúde públicas e seguridade social
4;Sul;42;SC;Santa Catarina;4216701;São José do Cedro;True;2023;publica;medio;todos (1-4);86.1;0.864069;292.85;292.15;5.176079;4.5;;681891.491;48132.38;594284.453;41948.5;568199.725;41141.1;109036.011;112565.303;215672.0;77646.805;514920.119;53279.606;Demais serviços;Indústrias de transformação;Pecuária, inclusive apoio à pecuária
4;Sul;42;SC;Santa Catarina;4216800;São José do Cerrito;True;2023;publica;medio;todos (1-4);93.8;0.942099;263.15;260.82;4.289932;4.0;;355893.941;40869.77;290139.317;33318.71;318823.866;39585.78;155720.835;47799.045;65132.558;40050.53;308702.967;10120.898;Agricultura, inclusive apoio à agricultura e a pós colheita;Produção florestal, pesca e aquicultura;Demais serviços
4;Sul;42;SC;Santa Catarina;4216909;São Lourenço do Oeste;True;2023;publica;medio;todos (1-4);87.3;0.875032;276.35;280.8;4.774427;4.2;;1843473.333;74360.59;1556977.839;62819.36;1389520.744;56712.82;88701.725;404412.969;545332.356;146848.733;1185295.783;204224.962;Demais serviços;Indústrias de transformação;Comércio e reparação de veículos automotores e motocicletas
4;Sul;42;SC;Santa Catarina;4217006;São Ludgero;True;2023;publica;medio;todos (1-4);87.8;0.883518;273.34;268.34;4.545625;4.0;;1241477.563;91900.03;1048990.788;77651.25;929265.153;66921.01;178637.198;286433.327;270384.989;76313.802;811769.316;117495.837;Indústrias de transformação;Demais serviços;Pecuária, inclusive apoio à pecuária
4;Sul;42;SC;Santa Catarina;4217105;São Martinho;False;;;;;;;;;;;;148540.885;43624.34;125066.649;36730.29;109265.51;34555.82;35909.752;9944.627;34207.848;20829.406;100891.633;8373.878;Demais serviços;Pecuária, inclusive apoio à pecuária;Administração, defesa, educação e saúde públicas e seguridade social
4;Sul;42;SC;Santa Catarina;4217154;São Miguel da Boa Vista;False;;;;;;;;;;;;73871.298;41477.43;52062.341;29232.08;50299.691;28037.73;22592.8;1164.038;9621.561;15343.47;48721.869;1577.822;Pecuária, inclusive apoio à pecuária;Administração, defesa, educação e saúde públicas e seguridade social;Demais serviços
4;Sul;42;SC;Santa Catarina;4217204;São Miguel do Oeste;True;2023;publica;medio;todos (1-4);92.6;0.928042;290.52;287.26;5.070151;4.7;;3105097.849;70045.07;2534987.264;57184.46;2174479.84;52719.78;84878.616;529496.317;1106142.097;222904.852;1943421.882;231057.958;Demais serviços;Indústrias de transformação;Comércio e reparação de veículos automotores e motocicletas
4;Sul;42;SC;Santa Catarina;4217253;São Pedro de Alcântara;True;2023;publica;medio;todos (1-4);98.4;0.987242;272.94;291.68;4.889408;4.8;;148310.928;25677.1;112862.644;19539.93;101139.775;16728.38;21105.78;7299.118;33887.666;32675.496;94968.06;6171.715;Administração, defesa, educação e saúde públicas e seguridade social;Demais serviços;Agricultura, inclusive apoio à agricultura e a pós colheita
4;Sul;42;SC;Santa Catarina;4217303;Saudades;True;2023;publica;medio;todos (1-4);90.5;0.903474;280.03;277.59;4.778059;4.3;;718462.655;69991.49;610268.544;59451.39;527168.233;53389.53;98201.446;179098.119;133039.963;52750.736;463090.263;64077.97;Indústrias de transformação;Demais serviços;Pecuária, inclusive apoio à pecuária
4;Sul;42;SC;Santa Catarina;4217402;Schroeder;True;2023;publica;medio;todos (1-4);88.6;0.890709;277.31;275.41;4.707222;4.2;;906591.286;45191.73;821542.207;40952.21;759499.228;33598.73;33413.417;230649.237;278336.83;116519.597;658919.081;100580.148;Indústrias de transformação;Demais serviços;Administração, defesa, educação e saúde públicas e seguridade social
4;Sul;42;SC;Santa Catarina;4217501;Seara;True;2023;publica;medio;todos (1-4);89.5;0.896841;280.09;274.43;4.731596;4.2;;1506647.813;80915.56;1304972.868;70084.47;1178643.916;66930.38;156687.212;394791.712;388888.195;102127.126;1042494.244;136149.672;Indústrias de transformação;Demais serviços;Pecuária, inclusive apoio à pecuária
4;Sul;42;SC;Santa Catarina;4217550;Serra Alta;True;2023;publica;medio;todos (1-4);90.1;0.907192;290.61;278.57;4.941325;4.5;;147398.192;44625.55;125602.535;38026.8;118038.145;36330.61;37282.027;14639.279;37124.467;20484.016;109529.789;8508.355;Pecuária, inclusive apoio à pecuária;Demais serviços;Administração, defesa, educação e saúde públicas e seguridade social
4;Sul;42;SC;Santa Catarina;4217600;Siderópolis;False;;;;;;;;;;;;804481.763;58661.35;701825.896;51175.87;679557.005;47937.15;34886.752;291546.921;221068.21;76079.115;623580.998;55976.007;Demais serviços;Indústrias de transformação;Indústrias extrativas
4;Sul;42;SC;Santa Catarina;4217709;Sombrio;True;2023;publica;medio;todos (1-4);84.7;0.879853;280.13;286.3;4.909852;4.3;;1304359.187;43491.69;1077546.186;35928.98;910385.849;29287.92;180626.219;133752.203;382998.547;146621.73;843998.698;66387.151;Demais serviços;Administração, defesa, educação e saúde públicas e seguridade social;Comércio e reparação de veículos automotores e motocicletas
4;Sul;42;SC;Santa Catarina;4217758;Sul Brasil;False;;;;;;;;;;;;123619.65;43651.01;95897.508;33862.11;83394.824;34951.73;36759.53;6051.668;19602.015;16667.685;79080.899;4313.925;Pecuária, inclusive apoio à pecuária;Administração, defesa, educação e saúde públicas e seguridade social;Demais serviços
4;Sul;42;SC;Santa Catarina;4217808;Taió;False;;;;;;;;;;;;1038272.967;56705.24;935846.943;51088.93;844678.391;45471.49;134780.637;183929.673;330865.807;99963.843;749539.96;95138.431;Demais serviços;Indústrias de transformação;Administração, defesa, educação e saúde públicas e seguridade social
4;Sul;42;SC;Santa Catarina;4217907;Tangará;False;;;;;;;;;;;;760284.682;93366.66;622901.804;76495.37;600872.17;69481.06;136333.567;201333.013;147616.802;56453.991;541737.372;59134.798;Indústrias de transformação;Demais serviços;Agricultura, inclusive apoio à agricultura e a pós colheita
4;Sul;42;SC;Santa Catarina;4217956;Tigrinhos;True;2023;publica;medio;todos (1-4);98.4;0.984536;264.64;254.48;4.215949;4.2;;88349.107;37934.35;78720.294;33800.04;65553.687;40817.99;24485.768;7995.719;14314.391;15465.409;62261.287;3292.399;Administração, defesa, educação e saúde públicas e seguridade social;Agricultura, inclusive apoio à agricultura e a pós colheita;Pecuária, inclusive apoio à pecuária
4;Sul;42;SC;Santa Catarina;4218004;Tijucas;True;2023;publica;medio;todos (1-4);66.4;0.661703;272.02;274.19;4.614661;3.1;;3687049.288;71465.52;2976676.689;57696.48;2438156.377;61123.53;48605.881;556676.071;1155306.604;231877.393;1992465.949;445690.428;Demais serviços;Comércio e reparação de veículos automotores e motocicletas;Indústrias de transformação
4;Sul;42;SC;Santa Catarina;4218103;Timbé do Sul;False;;;;;;;;;;;;197892.454;36742.01;156048.933;28973.07;154884.569;29015.47;59263.4;7968.842;47076.975;32400.195;146709.413;8175.156;Agricultura, inclusive apoio à agricultura e a pós colheita;Demais serviços;Administração, defesa, educação e saúde públicas e seguridade social
4;Sul;42;SC;Santa Catarina;4218202;Timbó;True;2023;publica;medio;todos (1-4);82.4;0.825199;287.07;289.81;5.059869;4.2;;2737816.587;59389.93;2594452.153;56280.01;2534741.041;55461.15;14515.394;876012.103;1009577.221;255853.356;2155958.074;378782.967;Indústrias de transformação;Demais serviços;Comércio e reparação de veículos automotores e motocicletas
4;Sul;42;SC;Santa Catarina;4218251;Timbó Grande;False;;;;;;;;;;;;304452.754;41467.28;276657.823;37681.53;303296.122;37897.8;64362.061;117478.082;55595.263;46240.549;283675.954;19620.167;Indústrias de transformação;Produção florestal, pesca e aquicultura;Administração, defesa, educação e saúde públicas e seguridade social
4;Sul;42;SC;Santa Catarina;4218301;Três Barras;True;2023;publica;medio;todos (1-4);77.8;0.82405;251.82;259.99;4.118378;3.4;;2060109.557;104330.47;1799355.844;91125.08;1522852.302;78275.63;59845.836;882484.395;296497.053;118300.994;1357128.278;165724.024;Indústrias de transformação;Demais serviços;Administração, defesa, educação e saúde públicas e seguridade social
4;Sul;42;SC;Santa Catarina;4218350;Treviso;True;2023;publica;medio;todos (1-4);89.7;0.913882;300.43;289.01;5.235534;4.8;;198899.904;52591.2;179962.764;48783.62;232256.933;58035.22;9544.535;118204.606;56044.672;34854.697;218648.51;13608.423;Indústrias extrativas;Demais serviços;Administração, defesa, educação e saúde públicas e seguridade social
4;Sul;42;SC;Santa Catarina;4218400;Treze de Maio;True;2023;publica;medio;todos (1-4);86.0;0.868502;277.96;278.1;4.75662;4.1;;255516.011;34707.42;229972.69;31237.8;199732.0;28115.43;43532.537;30054.608;68778.976;38459.227;180825.348;18906.653;Demais serviços;Administração, defesa, educação e saúde públicas e seguridade social;Agricultura, inclusive apoio à agricultura e a pós colheita
4;Sul;42;SC;Santa Catarina;4218509;Treze Tílias;True;2023;publica;medio;todos (1-4);69.7;0.70667;287.95;294.27;5.138995;3.6;;1194854.233;135979.77;983840.809;111965.5;829531.908;101933.14;66978.863;309994.803;295247.502;52868.763;725089.93;104441.977;Indústrias de transformação;Demais serviços;Comércio e reparação de veículos automotores e motocicletas
4;Sul;42;SC;Santa Catarina;4218608;Trombudo Central;False;;;;;;;;;;;;433329.734;59572.41;416086.077;57201.83;437964.649;58348.61;45094.746;177041.289;110191.487;44658.395;376985.917;60978.732;Indústrias de transformação;Demais serviços;Administração, defesa, educação e saúde públicas e seguridade social
4;Sul;42;SC;Santa Catarina;4218707;Tubarão;True;2023;publica;medio;todos (1-4);85.2;0.856011;277.23;279.66;4.769721;4.1;;6007107.895;54566.42;5336570.929;48475.5;4817595.577;44964.17;73584.854;856169.577;2843748.689;535583.745;4309086.865;508508.712;Demais serviços;Comércio e reparação de veículos automotores e motocicletas;Administração, defesa, educação e saúde públicas e seguridade social
4;Sul;42;SC;Santa Catarina;4218756;Tunápolis;True;2023;publica;medio;todos (1-4);89.8;0.898941;302.2;298.71;5.405603;4.9;;229505.878;46685.49;190289.439;38708.19;182315.835;40451.71;88932.88;10300.17;45322.295;29431.221;173986.566;8329.269;Pecuária, inclusive apoio à pecuária;Demais serviços;Administração, defesa, educação e saúde públicas e seguridade social
4;Sul;42;SC;Santa Catarina;4218806;Turvo;False;;;;;;;;;;;;992638.805;76105.1;820536.127;62910.08;737916.019;56415.6;146869.284;166715.236;287801.786;68872.528;670258.834;67657.185;Demais serviços;Agricultura, inclusive apoio à agricultura e a pós colheita;Indústrias de transformação
4;Sul;42;SC;Santa Catarina;4218855;União do Oeste;False;;;;;;;;;;;;116752.879;42088.28;102217.779;36848.51;85131.946;36011.82;35505.446;5736.604;21613.89;18822.027;81677.967;3453.979;Pecuária, inclusive apoio à pecuária;Administração, defesa, educação e saúde públicas e seguridade social;Demais serviços
4;Sul;42;SC;Santa Catarina;4218905;Urubici;True;2023;publica;medio;todos (1-4);82.9;0.822593;280.77;268.33;4.649829;3.8;;471775.601;43545.84;389361.974;35938.89;356315.297;31501.66;118694.151;14822.362;139498.374;63725.975;336740.863;19574.434;Demais serviços;Agricultura, inclusive apoio à agricultura e a pós colheita;Administração, defesa, educação e saúde públicas e seguridade social
4;Sul;42;SC;Santa Catarina;4218954;Urupema;False;;;;;;;;;;;;131850.079;49642.35;85176.109;32069.32;88458.9;36061.52;46233.514;3276.883;18283.204;18343.642;86137.243;2321.657;Agricultura, inclusive apoio à agricultura e a pós colheita;Administração, defesa, educação e saúde públicas e seguridade social;Demais serviços
4;Sul;42;SC;Santa Catarina;4219002;Urussanga;True;2023;publica;medio;todos (1-4);86.7;0.868775;263.36;252.56;4.169229;3.6;;1222446.926;58437.16;1279368.707;61158.22;1087691.42;50781.62;49832.8;466994.394;328297.409;124565.504;969690.107;118001.314;Indústrias de transformação;Demais serviços;Administração, defesa, educação e saúde públicas e seguridade social
4;Sul;42;SC;Santa Catarina;4219101;Vargeão;True;2023;publica;medio;todos (1-4);78.7;0.796222;268.92;261.21;4.37681;3.5;;301834.497;83058.47;257604.939;70887.43;201009.745;56321.03;60911.134;35579.131;61806.49;24088.829;182385.583;18624.161;Demais serviços;Pecuária, inclusive apoio à pecuária;Indústrias de transformação
4;Sul;42;SC;Santa Catarina;4219150;Vargem;False;;;;;;;;;;;;100063.874;38090.55;86743.421;33019.95;116146.444;48657.92;25471.966;49988.281;19098.06;19085.247;113643.554;2502.89;Construção;Administração, defesa, educação e saúde públicas e seguridade social;Agricultura, inclusive apoio à agricultura e a pós colheita
4;Sul;42;SC;Santa Catarina;4219176;Vargem Bonita;True;2023;publica;medio;todos (1-4);79.7;0.799633;249.78;243.58;3.844067;3.1;;661591.361;144578.53;598894.605;130877.32;539920.021;122403.09;49496.537;290997.529;103029.037;32861.428;476384.531;63535.49;Indústrias de transformação;Demais serviços;Administração, defesa, educação e saúde públicas e seguridade social
4;Sul;42;SC;Santa Catarina;4219200;Vidal Ramos;True;2023;publica;medio;todos (1-4);91.2;0.935719;270.86;289.68;4.830255;4.5;;401953.374;64946.42;360332.404;58221.43;354849.28;56138.16;87141.187;96483.577;99592.736;40076.397;323293.898;31555.382;Demais serviços;Agricultura, inclusive apoio à agricultura e a pós colheita;Indústrias de transformação
4;Sul;42;SC;Santa Catarina;4219309;Videira;True;2023;publica;medio;todos (1-4);73.5;0.742516;293.31;297.75;5.266372;3.9;;4129522.675;74451.42;3846541.252;69349.53;3456102.14;63830.49;266364.788;990765.827;1432744.321;305963.695;2995838.631;460263.509;Demais serviços;Indústrias de transformação;Comércio e reparação de veículos automotores e motocicletas
4;Sul;42;SC;Santa Catarina;4219358;Vitor Meireles;False;;;;;;;;;;;;193745.239;36079.19;163976.322;30535.63;142287.674;28996.88;54766.779;11893.228;39553.96;29483.364;135697.33;6590.344;Agricultura, inclusive apoio à agricultura e a pós colheita;Administração, defesa, educação e saúde públicas e seguridade social;Demais serviços
4;Sul;42;SC;Santa Catarina;4219408;Witmarsum;True;2023;publica;medio;todos (1-4);88.7;0.891339;295.42;269.64;4.875198;4.3;;197838.976;46495.65;188824.137;44377.0;175207.745;43454.3;41815.141;45944.524;48648.372;27068.917;163476.954;11730.791;Indústrias de transformação;Demais serviços;Administração, defesa, educação e saúde públicas e seguridade social
4;Sul;42;SC;Santa Catarina;4219507;Xanxerê;True;2023;publica;medio;todos (1-4);75.4;0.761095;286.8;292.67;5.098892;3.9;;3145564.606;60952.29;2885926.279;55921.22;2639976.938;50487.22;152012.725;470725.435;1456984.089;263250.303;2342972.552;297004.386;Demais serviços;Comércio e reparação de veículos automotores e motocicletas;Indústrias de transformação
4;Sul;42;SC;Santa Catarina;4219606;Xavantina;False;;;;;;;;;;;;249449.508;68286.21;204112.474;55875.3;211879.818;54706.9;103298.384;31515.73;43523.925;25472.045;203810.084;8069.734;Pecuária, inclusive apoio à pecuária;Eletricidade e gás, água, esgoto, atividades de gestão de resíduos e descontaminação;Demais serviços
4;Sul;42;SC;Santa Catarina;4219705;Xaxim;True;2023;publica;medio;todos (1-4);81.5;0.821471;289.68;287.05;5.055209;4.2;;1737477.331;54435.66;1563334.946;48979.73;1471922.481;50315.26;168906.84;526441.807;452698.221;164828.932;1312875.8;159046.68;Indústrias de transformação;Demais serviços;Administração, defesa, educação e saúde públicas e seguridade social
4;Sul;42;SC;Santa Catarina;4219853;Zortéa;False;;;;;;;;;;;;135060.002;34366.41;140182.265;35669.79;103656.515;30202.95;36853.739;4273.723;32246.489;25637.367;99011.318;4645.197;Administração, defesa, educação e saúde públicas e seguridade social;Agricultura, inclusive apoio à agricultura e a pós colheita;Demais serviços
4;Sul;42;SC;Santa Catarina;4220000;Balneário Rincão;False;;;;;;;;;;;;420207.739;26294.21;354556.83;22186.15;294751.343;22450.4;8563.785;24827.864;165235.312;73319.097;271946.058;22805.285;Demais serviços;Administração, defesa, educação e saúde públicas e seguridade social;Comércio e reparação de veículos automotores e motocicletas
