region_code;region_name;state_code;state_abbr;state_name;city_code;city_name;has_educational_record;school_year;school_network;education_level;school_grades;approval_rate;performance_indicator;saeb_math_score;saeb_portuguese_score;saeb_standardized_average_score;ideb;ideb_projection;gdp_2023_current_prices_thousand_reais;gdp_per_capita_2023_current_reais;gdp_2022_current_prices_thousand_reais;gdp_per_capita_2022_current_reais;gdp_2021_current_prices_thousand_reais;gdp_per_capita_2021_current_reais;gross_value_added_agriculture_2021_current_prices_thousand_reais;gross_value_added_industry_2021_current_prices_thousand_reais;gross_value_added_services_2021_current_prices_thousand_reais;gross_value_added_public_administration_2021_current_prices_thousand_reais;gross_value_added_total_2021_current_prices_thousand_reais;taxes_less_subsidies_2021_current_prices_thousand_reais;main_economic_activity_2021;second_main_economic_activity_2021;third_main_economic_activity_2021
3;Sudeste;35;SP;São Paulo;3500105;Adamantina;True;2023;publica;medio;todos (1-4);95.2;0.953572;278.15;289.92;4.936235;4.7;;1705894.987;49179.66;1542108.768;44457.83;1370865.929;38997.12;54224.142;178323.41;785582.034;228217.171;1246346.757;124519.171;Demais serviços;Administração, defesa, educação e saúde públicas e seguridade social;Comércio e reparação de veículos automotores e motocicletas
3;Sudeste;35;SP;São Paulo;3500204;Adolfo;True;2023;publica;medio;todos (1-4);99.0;0.990143;280.04;285.4;4.895115;4.8;;215282.976;49478.96;152744.965;35105.71;115489.988;32578.28;22826.148;17782.937;42622.327;27140.209;110371.621;5118.367;Demais serviços;Administração, defesa, educação e saúde públicas e seguridade social;Agricultura, inclusive apoio à agricultura e a pós colheita
3;Sudeste;35;SP;São Paulo;3500303;Aguaí;True;2023;publica;medio;todos (1-4);89.0;0.899118;262.67;273.83;4.477951;4.0;;1773842.732;55308.14;1538788.797;47979.2;1314737.257;35551.7;121795.919;358840.73;437984.526;151739.51;1070360.685;244376.572;Demais serviços;Indústrias de transformação;Administração, defesa, educação e saúde públicas e seguridade social
3;Sudeste;35;SP;São Paulo;3500402;Águas da Prata;True;2023;publica;medio;todos (1-4);90.2;0.904626;276.78;290.01;4.918341;4.4;;272358.712;36960.06;237447.327;32222.46;209003.992;25297.02;25096.376;25550.804;106278.688;36922.718;193848.586;15155.406;Demais serviços;Administração, defesa, educação e saúde públicas e seguridade social;Comércio e reparação de veículos automotores e motocicletas
3;Sudeste;35;SP;São Paulo;3500501;Águas de Lindóia;True;2023;publica;medio;todos (1-4);89.2;0.904564;286.93;295.49;5.142933;4.7;;801114.539;44680.12;709589.578;39799.74;585603.941;30971.23;10298.965;41438.678;372529.721;114950.716;539218.08;46385.86;Demais serviços;Administração, defesa, educação e saúde públicas e seguridade social;Comércio e reparação de veículos automotores e motocicletas
3;Sudeste;35;SP;São Paulo;3500550;Águas de Santa Bárbara;True;2023;publica;medio;todos (1-4);93.0;0.937247;271.23;275.34;4.620781;4.3;;375561.879;52328.53;254816.779;35504.64;217295.581;35378.64;70378.677;9944.378;82958.154;41021.111;204302.32;12993.261;Demais serviços;Agricultura, inclusive apoio à agricultura e a pós colheita;Administração, defesa, educação e saúde públicas e seguridade social
3;Sudeste;35;SP;São Paulo;3500600;Águas de São Pedro;True;2023;publica;medio;todos (1-4);99.2;0.994268;278.75;288.43;4.922357;4.9;;185389.984;66687.04;160664.986;57793.16;147855.135;41208.23;0.0;8858.841;98194.675;31514.802;138568.318;9286.817;Demais serviços;Administração, defesa, educação e saúde públicas e seguridade social;Comércio e reparação de veículos automotores e motocicletas
3;Sudeste;35;SP;São Paulo;3500709;Agudos;True;2023;publica;medio;todos (1-4);94.0;0.939831;259.48;271.61;4.399914;4.1;;3415808.553;90653.09;2685446.015;71269.8;2638622.611;70209.74;85373.367;1120495.303;780808.117;207612.863;2194289.65;444332.962;Indústrias de transformação;Demais serviços;Administração, defesa, educação e saúde públicas e seguridade social
3;Sudeste;35;SP;São Paulo;3500758;Alambari;True;2023;publica;medio;todos (1-4);94.7;0.950083;254.52;262.43;4.192826;4.0;;160252.134;26095.45;133707.111;21772.86;129389.561;20765.46;35450.074;11402.717;42753.369;32355.482;121961.643;7427.919;Demais serviços;Administração, defesa, educação e saúde públicas e seguridade social;Agricultura, inclusive apoio à agricultura e a pós colheita
3;Sudeste;35;SP;São Paulo;3500808;Alfredo Marcondes;True;2023;publica;medio;todos (1-4);94.5;0.955222;254.49;256.87;4.109171;3.9;;158136.921;35576.36;129964.952;29238.46;120354.905;28649.11;9081.353;21154.99;35648.145;24617.494;90501.981;29852.924;Demais serviços;Administração, defesa, educação e saúde públicas e seguridade social;Indústrias de transformação
3;Sudeste;35;SP;São Paulo;3500907;Altair;True;2023;publica;medio;todos (1-4);91.2;0.912718;252.62;258.02;4.100123;3.7;;210528.68;61005.12;126933.661;36781.7;112274.385;26662.17;48058.627;5048.541;24150.276;29230.491;106487.936;5786.449;Agricultura, inclusive apoio à agricultura e a pós colheita;Administração, defesa, educação e saúde públicas e seguridade social;Demais serviços
3;Sudeste;35;SP;São Paulo;3501004;Altinópolis;True;2023;publica;medio;todos (1-4);93.6;0.934914;273.81;277.39;4.687705;4.4;;946537.783;56281.23;646572.298;38445.25;833396.279;51377.61;386045.395;28793.595;296402.138;82123.3;793364.428;40031.851;Agricultura, inclusive apoio à agricultura e a pós colheita;Demais serviços;Administração, defesa, educação e saúde públicas e seguridade social
3;Sudeste;35;SP;São Paulo;3501103;Alto Alegre;True;2023;publica;medio;todos (1-4);100.0;1.0;265.49;259.67;4.305582;4.3;;172396.107;44883.13;113062.323;29435.65;113584.879;27853.08;38450.218;7851.695;34981.123;26679.913;107962.95;5621.929;Demais serviços;Agricultura, inclusive apoio à agricultura e a pós colheita;Administração, defesa, educação e saúde públicas e seguridade social
3;Sudeste;35;SP;São Paulo;3501152;Alumínio;True;2023;publica;medio;todos (1-4);98.9;0.989259;263.4;267.75;4.397186;4.3;;3438994.015;198774.29;3594285.557;207750.16;3982313.077;210670.96;1155.379;2236917.868;793351.243;117203.345;3148627.836;833685.242;Indústrias de transformação;Demais serviços;Eletricidade e gás, água, esgoto, atividades de gestão de resíduos e descontaminação
3;Sudeste;35;SP;São Paulo;3501202;Álvares Florence;True;2023;publica;medio;todos (1-4);99.0;0.989101;267.43;254.42;4.254236;4.2;;175598.215;44852.67;135133.659;34516.9;124350.991;34389.1;60047.108;4639.805;30252.83;25587.09;120526.834;3824.157;Agricultura, inclusive apoio à agricultura e a pós colheita;Demais serviços;Administração, defesa, educação e saúde públicas e seguridade social
3;Sudeste;35;SP;São Paulo;3501301;Álvares Machado;True;2023;publica;medio;todos (1-4);90.1;0.899196;260.78;257.76;4.210837;3.8;;859771.399;31545.46;820450.639;30113.81;709875.985;28306.72;43126.087;121125.549;335572.053;111961.378;611785.067;98090.919;Demais serviços;Administração, defesa, educação e saúde públicas e seguridade social;Indústrias de transformação
3;Sudeste;35;SP;São Paulo;3501400;Álvaro de Carvalho;False;;;;;;;;;;;;69376.886;14429.47;59626.427;12401.5;58586.473;11012.49;11040.51;2988.031;19064.229;23331.816;56424.586;2161.887;Administração, defesa, educação e saúde públicas e seguridade social;Demais serviços;Agricultura, inclusive apoio à agricultura e a pós colheita
3;Sudeste;35;SP;São Paulo;3501509;Alvinlândia;False;;;;;;;;;;;;82612.841;28635.3;64404.105;22323.78;58404.989;17965.24;14785.63;3008.25;17207.521;21289.36;56290.761;2114.228;Administração, defesa, educação e saúde públicas e seguridade social;Demais serviços;Agricultura, inclusive apoio à agricultura e a pós colheita
3;Sudeste;35;SP;São Paulo;3501608;Americana;True;2023;publica;medio;todos (1-4);90.7;0.906793;281.4;289.06;4.969007;4.5;;17600565.714;74188.86;16677590.536;70296.32;15217279.783;62271.47;14187.998;4499621.881;7144793.007;1169763.33;12828366.216;2388913.567;Demais serviços;Indústrias de transformação;Comércio e reparação de veículos automotores e motocicletas
3;Sudeste;35;SP;São Paulo;3501707;Américo Brasiliense;True;2023;publica;medio;todos (1-4);94.0;0.939298;264.3;269.75;4.439767;4.2;;1504961.923;45578.66;1376814.274;41697.64;1230443.649;29617.13;21524.539;363182.168;506588.317;206818.123;1098113.146;132330.503;Demais serviços;Indústrias de transformação;Administração, defesa, educação e saúde públicas e seguridade social
3;Sudeste;35;SP;São Paulo;3501806;Américo de Campos;True;2023;publica;medio;todos (1-4);100.0;1.0;268.29;258.88;4.333081;4.3;;175847.704;29957.02;141692.241;24138.37;126802.294;21158.4;38291.032;3852.177;46794.721;33232.582;122170.512;4631.782;Demais serviços;Administração, defesa, educação e saúde públicas e seguridade social;Agricultura, inclusive apoio à agricultura e a pós colheita
3;Sudeste;35;SP;São Paulo;3501905;Amparo;True;2023;publica;medio;todos (1-4);93.1;0.931174;291.75;295.79;5.215121;4.9;;6698468.843;98495.31;6156333.064;90523.66;5152155.514;70437.56;120904.072;2105977.151;1830744.15;372174.994;4429800.367;722355.147;Indústrias de transformação;Demais serviços;Administração, defesa, educação e saúde públicas e seguridade social
3;Sudeste;35;SP;São Paulo;3502002;Analândia;True;2023;publica;medio;todos (1-4);96.3;0.968079;280.67;281.29;4.842437;4.7;;266291.597;58028.24;210931.789;45964.65;208314.004;40726.1;46530.602;55494.842;61449.911;35351.738;198827.093;9486.911;Demais serviços;Indústrias extrativas;Agricultura, inclusive apoio à agricultura e a pós colheita
3;Sudeste;35;SP;São Paulo;3502101;Andradina;True;2023;publica;medio;todos (1-4);94.4;0.946271;265.95;271.8;4.493629;4.3;;4464940.278;74685.78;4038899.084;67559.32;2845285.223;49703.65;170531.469;808159.873;1295767.928;297745.612;2572204.882;273080.342;Demais serviços;Indústrias de transformação;Administração, defesa, educação e saúde públicas e seguridade social
3;Sudeste;35;SP;São Paulo;3502200;Angatuba;True;2023;publica;medio;todos (1-4);94.3;0.941642;279.74;290.33;4.964704;4.7;;1776474.762;73951.99;1661556.472;69168.12;1474152.0;57306.48;198300.809;508780.547;497926.495;127711.898;1332719.749;141432.251;Indústrias de transformação;Demais serviços;Administração, defesa, educação e saúde públicas e seguridade social
3;Sudeste;35;SP;São Paulo;3502309;Anhembi;True;2023;publica;medio;todos (1-4);96.2;0.966171;265.56;269.25;4.449978;4.3;;315143.922;55541.76;171606.634;30244.38;169558.184;24534.54;56225.58;19234.224;44275.513;38943.673;158678.99;10879.194;Agricultura, inclusive apoio à agricultura e a pós colheita;Demais serviços;Administração, defesa, educação e saúde públicas e seguridade social
3;Sudeste;35;SP;São Paulo;3502408;Anhumas;True;2023;publica;medio;todos (1-4);87.4;0.8721;265.33;258.32;4.283125;3.7;;132375.558;32904.69;100740.061;25041.03;105620.787;25316.58;42784.181;7637.856;26549.261;25164.508;102135.806;3484.981;Agricultura, inclusive apoio à agricultura e a pós colheita;Administração, defesa, educação e saúde públicas e seguridade social;Demais serviços
3;Sudeste;35;SP;São Paulo;3502507;Aparecida;True;2023;publica;medio;todos (1-4);90.4;0.908792;273.85;282.7;4.767758;4.3;;1369698.939;42055.3;1145412.617;35168.8;1041067.256;28750.03;3002.998;39568.222;762868.88;183286.905;988727.005;52340.251;Demais serviços;Administração, defesa, educação e saúde públicas e seguridade social;Comércio e reparação de veículos automotores e motocicletas
3;Sudeste;35;SP;São Paulo;3502606;Aparecida d'Oeste;True;2023;publica;medio;todos (1-4);94.5;0.939399;267.96;264.81;4.417219;4.1;;225793.852;55260.37;168206.305;41166.5;151539.639;36763.62;27847.111;38503.623;49290.585;24954.089;140595.408;10944.231;Demais serviços;Indústrias de transformação;Administração, defesa, educação e saúde públicas e seguridade social
3;Sudeste;35;SP;São Paulo;3502705;Apiaí;True;2023;publica;medio;todos (1-4);98.5;0.985322;266.63;276.42;4.572342;4.5;;1235625.606;50259.33;982326.22;39956.32;897712.778;37278.88;259420.988;190903.342;257956.291;116332.264;824612.886;73099.893;Agricultura, inclusive apoio à agricultura e a pós colheita;Demais serviços;Indústrias de transformação
3;Sudeste;35;SP;São Paulo;3502754;Araçariguama;True;2023;publica;medio;todos (1-4);94.8;0.951414;254.78;271.78;4.336448;4.1;;4832076.525;224518.01;5128859.234;238307.74;4814503.906;206250.44;1760.733;1504367.05;2112508.413;135830.003;3754466.199;1060037.707;Indústrias de transformação;Demais serviços;Comércio e reparação de veículos automotores e motocicletas
3;Sudeste;35;SP;São Paulo;3502804;Araçatuba;True;2023;publica;medio;todos (1-4);97.2;0.970595;269.92;279.71;4.667801;4.5;;11457739.505;57253.2;10301206.377;51474.12;9017953.471;45268.58;136998.286;1312463.577;5822666.385;803250.216;8075378.464;942575.008;Demais serviços;Comércio e reparação de veículos automotores e motocicletas;Indústrias de transformação
3;Sudeste;35;SP;São Paulo;3502903;Araçoiaba da Serra;True;2023;publica;medio;todos (1-4);95.2;0.953067;264.57;268.94;4.431433;4.2;;1523193.918;46949.85;1215670.7;37470.97;1205883.673;34075.1;29828.131;358400.839;522977.879;167090.539;1078297.388;127586.285;Demais serviços;Indústrias de transformação;Administração, defesa, educação e saúde públicas e seguridade social
3;Sudeste;35;SP;São Paulo;3503000;Aramina;True;2023;publica;medio;todos (1-4);89.0;0.900064;255.82;238.06;3.846264;3.5;;219178.923;40438.92;172550.026;31835.8;150276.697;26415.31;27475.441;3773.778;76856.653;29777.843;137883.714;12392.983;Demais serviços;Administração, defesa, educação e saúde públicas e seguridade social;Comércio e reparação de veículos automotores e motocicletas
3;Sudeste;35;SP;São Paulo;3503109;Arandu;True;2023;publica;medio;todos (1-4);94.1;0.939015;259.45;251.68;4.10114;3.9;;217238.409;31552.42;188931.424;27441.02;194817.975;30569.27;92862.428;9501.675;50612.103;35295.107;188271.313;6546.662;Agricultura, inclusive apoio à agricultura e a pós colheita;Demais serviços;Administração, defesa, educação e saúde públicas e seguridade social
3;Sudeste;35;SP;São Paulo;3503158;Arapeí;True;2023;publica;medio;todos (1-4);90.5;0.904648;270.12;255.92;4.314472;3.9;;53235.83;22848.0;47563.096;20413.35;45568.033;18584.03;2768.908;1887.547;17210.205;21324.697;43191.358;2376.675;Administração, defesa, educação e saúde públicas e seguridade social;Demais serviços;Comércio e reparação de veículos automotores e motocicletas
3;Sudeste;35;SP;São Paulo;3503208;Araraquara;True;2023;publica;medio;todos (1-4);91.1;0.93091;276.21;282.79;4.802251;4.5;;14689500.266;60643.28;13194878.807;54472.97;11953237.471;49692.93;124542.96;2194729.915;6924500.954;1257072.962;10500846.791;1452390.68;Demais serviços;Indústrias de transformação;Comércio e reparação de veículos automotores e motocicletas
3;Sudeste;35;SP;São Paulo;3503307;Araras;True;2023;publica;medio;todos (1-4);90.7;0.91076;277.64;284.76;4.851827;4.4;;10022873.262;76588.83;8447070.79;64547.48;6942567.272;50772.4;174528.66;1569122.471;3673554.205;611475.853;6028681.189;913886.083;Demais serviços;Indústrias de transformação;Comércio e reparação de veículos automotores e motocicletas
3;Sudeste;35;SP;São Paulo;3503356;Arco-Íris;True;2023;publica;medio;todos (1-4);96.1;0.923077;260.05;264.12;4.295794;4.0;;136328.537;66696.94;62022.282;30343.58;62095.903;35382.28;28248.212;3645.73;13120.455;14986.793;60001.19;2094.713;Agricultura, inclusive apoio à agricultura e a pós colheita;Administração, defesa, educação e saúde públicas e seguridade social;Demais serviços
3;Sudeste;35;SP;São Paulo;3503406;Arealva;True;2023;publica;medio;todos (1-4);91.9;0.923608;272.8;276.36;4.658101;4.3;;301110.079;37036.91;252102.363;31008.9;227079.326;26206.5;66917.908;18060.968;87290.859;41911.349;214181.084;12898.242;Demais serviços;Agricultura, inclusive apoio à agricultura e a pós colheita;Administração, defesa, educação e saúde públicas e seguridade social
3;Sudeste;35;SP;São Paulo;3503505;Areias;True;2023;publica;medio;todos (1-4);92.3;0.923281;280.53;279.87;4.819213;4.4;;75042.147;20979.07;63771.274;17828.14;58113.412;14877.99;8333.767;1480.002;19688.428;26213.31;55715.507;2397.905;Administração, defesa, educação e saúde públicas e seguridade social;Demais serviços;Pecuária, inclusive apoio à pecuária
3;Sudeste;35;SP;São Paulo;3503604;Areiópolis;True;2023;publica;medio;todos (1-4);92.5;0.927807;254.92;257.13;4.119103;3.8;;221706.617;21886.14;174095.007;17186.08;163060.489;14577.19;22630.239;12987.426;65257.559;53409.163;154284.387;8776.101;Demais serviços;Administração, defesa, educação e saúde públicas e seguridade social;Agricultura, inclusive apoio à agricultura e a pós colheita
3;Sudeste;35;SP;São Paulo;3503703;Ariranha;True;2023;publica;medio;todos (1-4);100.0;1.0;280.48;280.8;4.832433;4.8;;1252002.226;164693.79;1283203.618;168798.16;1136911.24;115410.74;22472.846;198111.9;676702.037;52038.896;949325.678;187585.562;Comércio e reparação de veículos automotores e motocicletas;Demais serviços;Indústrias de transformação
3;Sudeste;35;SP;São Paulo;3503802;Artur Nogueira;True;2023;publica;medio;todos (1-4);97.2;0.972264;273.59;282.96;4.767999;4.6;;2162832.741;42032.66;2306807.284;44830.68;1721737.239;30610.29;207404.495;318941.386;689121.712;248271.341;1463738.934;257998.305;Demais serviços;Indústrias de transformação;Administração, defesa, educação e saúde públicas e seguridade social
3;Sudeste;35;SP;São Paulo;3503901;Arujá;True;2023;publica;medio;todos (1-4);91.9;0.919084;265.13;276.03;4.545436;4.2;;10426127.299;120285.74;9448587.81;109007.91;8293370.162;89703.63;44134.148;1393204.769;4787584.375;456647.894;6681571.185;1611798.977;Demais serviços;Comércio e reparação de veículos automotores e motocicletas;Indústrias de transformação
3;Sudeste;35;SP;São Paulo;3503950;Aspásia;True;2023;publica;medio;todos (1-4);98.2;0.980609;301.18;302.67;5.450558;5.3;;65850.757;35749.6;44376.593;24091.53;39545.858;21788.35;10329.13;2056.231;11473.173;14201.728;38060.261;1485.597;Administração, defesa, educação e saúde públicas e seguridade social;Demais serviços;Agricultura, inclusive apoio à agricultura e a pós colheita
3;Sudeste;35;SP;São Paulo;3504008;Assis;True;2023;publica;medio;todos (1-4);91.5;0.919837;282.12;293.02;5.038401;4.6;;4682609.402;46175.48;4581890.59;45182.29;4082515.789;38598.78;56956.795;675200.021;2381900.859;491705.084;3605762.76;476753.029;Demais serviços;Comércio e reparação de veículos automotores e motocicletas;Administração, defesa, educação e saúde públicas e seguridade social
3;Sudeste;35;SP;São Paulo;3504107;Atibaia;True;2023;publica;medio;todos (1-4);96.0;0.959981;272.86;282.42;4.749662;4.6;;9426583.645;59418.61;8826312.128;55637.37;8361032.444;57512.36;305859.573;1833695.583;4034661.197;744743.295;6918959.647;1442072.796;Demais serviços;Indústrias de transformação;Comércio e reparação de veículos automotores e motocicletas
3;Sudeste;35;SP;São Paulo;3504206;Auriflama;True;2023;publica;medio;todos (1-4);90.0;0.905403;278.11;282.12;4.818907;4.4;;443572.489;32396.47;392588.991;28672.87;358543.955;23409.76;36448.745;40184.864;189741.791;69482.265;335857.665;22686.289;Demais serviços;Administração, defesa, educação e saúde públicas e seguridade social;Comércio e reparação de veículos automotores e motocicletas
3;Sudeste;35;SP;São Paulo;3504305;Avaí;True;2023;publica;medio;todos (1-4);97.5;0.982481;252.58;260.79;4.141028;4.1;;500953.319;111745.11;330717.148;73771.39;376093.832;68793.46;249016.016;11779.377;71769.962;33327.197;365892.551;10201.28;Agricultura, inclusive apoio à agricultura e a pós colheita;Demais serviços;Administração, defesa, educação e saúde públicas e seguridade social
3;Sudeste;35;SP;São Paulo;3504404;Avanhandava;True;2023;publica;medio;todos (1-4);93.6;0.941016;266.06;268.14;4.440384;4.2;;295754.756;26258.97;219883.034;19522.6;199389.023;14178.27;38333.36;7235.928;81275.776;62365.673;189210.737;10178.286;Demais serviços;Administração, defesa, educação e saúde públicas e seguridade social;Agricultura, inclusive apoio à agricultura e a pós colheita
3;Sudeste;35;SP;São Paulo;3504503;Avaré;True;2023;publica;medio;todos (1-4);90.8;0.911006;276.12;280.28;4.763413;4.3;;4408538.237;47503.24;3871414.811;41715.58;3278921.999;35721.22;154849.966;483492.486;1879750.021;428688.601;2946781.075;332140.924;Demais serviços;Comércio e reparação de veículos automotores e motocicletas;Administração, defesa, educação e saúde públicas e seguridade social
3;Sudeste;35;SP;São Paulo;3504602;Bady Bassitt;True;2023;publica;medio;todos (1-4);89.1;0.90163;274.14;282.53;4.769286;4.3;;762195.13;27960.2;666077.876;24434.26;551848.518;30636.12;19642.938;82367.89;305637.979;92624.609;500273.415;51575.103;Demais serviços;Comércio e reparação de veículos automotores e motocicletas;Administração, defesa, educação e saúde públicas e seguridade social
3;Sudeste;35;SP;São Paulo;3504701;Balbinos;False;;;;;;;;;;;;82894.684;21326.13;62119.349;15981.31;65400.429;10674.14;16589.312;4811.167;13341.383;28648.209;63390.071;2010.359;Administração, defesa, educação e saúde públicas e seguridade social;Agricultura, inclusive apoio à agricultura e a pós colheita;Demais serviços
3;Sudeste;35;SP;São Paulo;3504800;Bálsamo;True;2023;publica;medio;todos (1-4);94.2;0.939923;265.6;268.49;4.439163;4.2;;367870.867;38335.86;311240.963;32434.45;278641.735;30257.55;37092.377;46855.998;122318.312;44542.767;250809.454;27832.281;Demais serviços;Administração, defesa, educação e saúde públicas e seguridade social;Agricultura, inclusive apoio à agricultura e a pós colheita
3;Sudeste;35;SP;São Paulo;3504909;Bananal;True;2023;publica;medio;todos (1-4);83.2;0.835559;269.0;269.45;4.501287;3.8;;282443.967;28332.23;236093.43;23682.76;216018.384;19568.66;11795.709;36130.381;93761.83;59069.421;200757.341;15261.043;Demais serviços;Administração, defesa, educação e saúde públicas e seguridade social;Indústrias de transformação
3;Sudeste;35;SP;São Paulo;3505005;Barão de Antonina;True;2023;publica;medio;todos (1-4);98.6;0.988753;242.88;236.72;3.644463;3.6;;80403.485;22770.74;78067.42;22109.15;74956.416;21264.23;28042.81;2887.531;21294.932;20522.39;72747.665;2208.752;Agricultura, inclusive apoio à agricultura e a pós colheita;Administração, defesa, educação e saúde públicas e seguridade social;Demais serviços
3;Sudeste;35;SP;São Paulo;3505104;Barbosa;True;2023;publica;medio;todos (1-4);98.1;0.980475;271.71;275.92;4.636205;4.5;;186922.613;33142.31;129133.155;22895.95;109124.812;14488.16;13932.561;4509.921;49617.647;34220.36;102280.489;6844.323;Demais serviços;Administração, defesa, educação e saúde públicas e seguridade social;Comércio e reparação de veículos automotores e motocicletas
3;Sudeste;35;SP;São Paulo;3505203;Bariri;True;2023;publica;medio;todos (1-4);85.4;0.859173;270.09;276.74;4.625727;4.0;;1863763.724;58989.2;1810874.475;57315.22;1623405.551;45290.86;88983.09;426105.012;723694.352;179472.67;1418255.124;205150.428;Demais serviços;Indústrias de transformação;Comércio e reparação de veículos automotores e motocicletas
3;Sudeste;35;SP;São Paulo;3505302;Barra Bonita;True;2023;publica;medio;todos (1-4);98.1;0.979934;284.08;294.64;5.09018;5.0;;2077900.588;60499.06;1760475.822;51257.08;1515652.893;41955.79;20125.292;405060.551;732206.507;181639.088;1339031.439;176621.454;Demais serviços;Indústrias de transformação;Administração, defesa, educação e saúde públicas e seguridade social
3;Sudeste;35;SP;São Paulo;3505351;Barra do Chapéu;True;2023;publica;medio;todos (1-4);97.5;0.975317;260.72;263.86;4.301312;4.2;;202870.405;39171.73;163231.519;31621.76;133738.024;23082.16;70754.163;4986.453;25568.106;27781.296;129090.019;4648.005;Agricultura, inclusive apoio à agricultura e a pós colheita;Administração, defesa, educação e saúde públicas e seguridade social;Demais serviços
3;Sudeste;35;SP;São Paulo;3505401;Barra do Turvo;True;2023;publica;medio;todos (1-4);98.8;0.989564;257.42;256.42;4.143586;4.1;;145159.017;21110.97;138337.709;20121.85;125820.885;16542.32;5097.223;5416.054;60596.92;42933.558;114043.755;11777.13;Administração, defesa, educação e saúde públicas e seguridade social;Demais serviços;Comércio e reparação de veículos automotores e motocicletas
3;Sudeste;35;SP;São Paulo;3505500;Barretos;True;2023;publica;medio;todos (1-4);94.4;0.947205;275.65;281.94;4.781662;4.5;;6715414.139;54826.42;6174110.187;50407.07;5903515.961;47783.95;251329.34;1315471.882;3146637.758;625247.805;5338686.786;564829.175;Demais serviços;Indústrias de transformação;Administração, defesa, educação e saúde públicas e seguridade social
3;Sudeste;35;SP;São Paulo;3505609;Barrinha;True;2023;publica;medio;todos (1-4);95.1;0.948238;260.68;274.51;4.460181;4.2;;737580.107;22983.3;658639.234;20523.47;624816.297;18630.66;30338.226;112693.333;272051.402;165926.345;581009.306;43806.991;Demais serviços;Administração, defesa, educação e saúde públicas e seguridade social;Construção
3;Sudeste;35;SP;São Paulo;3505708;Barueri;True;2023;publica;medio;todos (1-4);94.9;0.951812;278.3;290.08;4.940737;4.7;;71646709.835;226391.22;69665768.916;220131.79;58027666.618;207460.98;464.12;5741034.37;36185003.015;2282410.141;44208911.645;13818754.973;Demais serviços;Comércio e reparação de veículos automotores e motocicletas;Indústrias de transformação
3;Sudeste;35;SP;São Paulo;3505807;Bastos;True;2023;publica;medio;todos (1-4);92.5;0.92312;271.76;278.45;4.674781;4.3;;1596603.168;74250.25;1141590.238;53089.81;1067216.916;50936.28;461927.562;123142.997;306440.458;110153.086;1001664.102;65552.814;Pecuária, inclusive apoio à pecuária;Demais serviços;Administração, defesa, educação e saúde públicas e seguridade social
3;Sudeste;35;SP;São Paulo;3505906;Batatais;True;2023;publica;medio;todos (1-4);89.7;0.900581;282.91;289.76;5.000694;4.5;;3328690.303;56996.17;2795758.224;47870.93;2416802.575;38097.08;200057.769;532695.391;1109478.862;309286.69;2151518.713;265283.862;Demais serviços;Indústrias de transformação;Administração, defesa, educação e saúde públicas e seguridade social
3;Sudeste;35;SP;São Paulo;3506003;Bauru;True;2023;publica;medio;todos (1-4);90.4;0.905191;272.33;280.44;4.712577;4.3;;20654759.202;54477.06;18612852.852;49091.52;16721368.423;43806.93;49289.643;2524991.881;10733608.532;1570814.18;14878704.236;1842664.187;Demais serviços;Comércio e reparação de veículos automotores e motocicletas;Administração, defesa, educação e saúde públicas e seguridade social
3;Sudeste;35;SP;São Paulo;3506102;Bebedouro;True;2023;publica;medio;todos (1-4);92.5;0.92892;274.75;280.17;4.742524;4.4;;5343661.449;69967.94;4756160.024;62275.41;4080484.537;52575.43;117188.252;535906.051;2466710.36;370865.661;3490670.324;589814.213;Demais serviços;Comércio e reparação de veículos automotores e motocicletas;Indústrias de transformação
3;Sudeste;35;SP;São Paulo;3506201;Bento de Abreu;True;2023;publica;medio;todos (1-4);100.0;1.0;276.02;277.25;4.716649;4.7;;288020.154;110521.93;249335.05;95677.3;210459.776;69504.55;36684.157;77654.509;53272.578;22863.965;190475.209;19984.566;Indústrias de transformação;Demais serviços;Agricultura, inclusive apoio à agricultura e a pós colheita
3;Sudeste;35;SP;São Paulo;3506300;Bernardino de Campos;True;2023;publica;medio;todos (1-4);94.9;0.945859;279.46;278.36;4.78158;4.5;;605499.302;52166.74;482828.213;41598.02;377950.244;33842.25;37651.106;75862.582;169941.979;58597.339;342053.006;35897.238;Demais serviços;Indústrias de transformação;Administração, defesa, educação e saúde públicas e seguridade social
3;Sudeste;35;SP;São Paulo;3506359;Bertioga;True;2023;publica;medio;todos (1-4);91.8;0.9146;261.15;270.0;4.399267;4.0;;2663550.123;41496.08;2276073.111;35459.48;2067677.07;31255.51;8254.705;141038.881;1318462.442;454875.988;1922632.016;145045.054;Demais serviços;Administração, defesa, educação e saúde públicas e seguridade social;Comércio e reparação de veículos automotores e motocicletas
3;Sudeste;35;SP;São Paulo;3506409;Bilac;True;2023;publica;medio;todos (1-4);99.5;0.993585;270.18;264.19;4.439117;4.4;;307745.487;42047.48;279245.349;38153.48;292576.746;35693.15;124813.102;10506.76;103764.105;37895.962;276979.929;15596.817;Agricultura, inclusive apoio à agricultura e a pós colheita;Demais serviços;Administração, defesa, educação e saúde públicas e seguridade social
3;Sudeste;35;SP;São Paulo;3506508;Birigui;True;2023;publica;medio;todos (1-4);91.3;0.918109;276.98;282.87;4.814264;4.4;;4866489.546;40902.09;4489460.775;37733.22;3947388.396;31305.12;80294.46;720788.391;2179371.339;547944.686;3528398.875;418989.52;Demais serviços;Indústrias de transformação;Administração, defesa, educação e saúde públicas e seguridade social
3;Sudeste;35;SP;São Paulo;3506607;Biritiba Mirim;True;2023;publica;medio;todos (1-4);91.9;0.914511;260.35;266.67;4.338181;4.0;;1111541.124;37447.06;929917.405;31335.67;971015.868;29190.32;471703.726;46492.911;280352.889;132717.148;931266.674;39749.194;Agricultura, inclusive apoio à agricultura e a pós colheita;Demais serviços;Administração, defesa, educação e saúde públicas e seguridade social
3;Sudeste;35;SP;São Paulo;3506706;Boa Esperança do Sul;True;2023;publica;medio;todos (1-4);92.6;0.923838;263.32;264.88;4.353098;4.0;;633216.137;48791.5;426174.943;32838.26;380753.261;25197.09;98617.081;33976.541;144513.832;77746.827;354854.28;25898.981;Demais serviços;Agricultura, inclusive apoio à agricultura e a pós colheita;Administração, defesa, educação e saúde públicas e seguridade social
3;Sudeste;35;SP;São Paulo;3506805;Bocaina;True;2023;publica;medio;todos (1-4);88.4;0.889332;268.49;272.86;4.545172;4.0;;381376.277;33873.02;306478.797;27220.78;281963.936;22429.71;43685.843;33095.832;111188.154;71175.229;259145.058;22818.878;Demais serviços;Administração, defesa, educação e saúde públicas e seguridade social;Agricultura, inclusive apoio à agricultura e a pós colheita
3;Sudeste;35;SP;São Paulo;3506904;Bofete;True;2023;publica;medio;todos (1-4);98.3;0.9853;264.5;278.03;4.566528;4.5;;309772.994;29615.01;237971.226;22750.6;212434.109;17546.39;33004.035;24084.799;84052.911;57485.84;198627.585;13806.524;Demais serviços;Administração, defesa, educação e saúde públicas e seguridade social;Produção florestal, pesca e aquicultura
3;Sudeste;35;SP;São Paulo;3507001;Boituva;True;2023;publica;medio;todos (1-4);95.6;0.956429;269.56;275.87;4.60526;4.4;;4474129.933;73249.13;3980439.889;65166.58;3393228.685;53597.04;29902.417;1115746.09;1412349.422;331520.89;2889518.819;503709.865;Demais serviços;Indústrias de transformação;Administração, defesa, educação e saúde públicas e seguridade social
3;Sudeste;35;SP;São Paulo;3507100;Bom Jesus dos Perdões;True;2023;publica;medio;todos (1-4);91.2;0.932614;262.04;270.63;4.421199;4.1;;1627411.043;73953.06;1845067.499;84088.39;1463036.18;55196.42;14056.192;575826.055;524790.85;114518.447;1229191.543;233844.637;Indústrias de transformação;Demais serviços;Comércio e reparação de veículos automotores e motocicletas
3;Sudeste;35;SP;São Paulo;3507159;Bom Sucesso de Itararé;True;2023;publica;medio;todos (1-4);99.0;0.990286;261.83;270.72;4.419596;4.4;;77487.097;21796.65;66937.225;18829.04;63856.52;15912.41;5368.545;12078.165;19547.589;23248.737;60243.036;3613.483;Administração, defesa, educação e saúde públicas e seguridade social;Demais serviços;Indústrias extrativas
3;Sudeste;35;SP;São Paulo;3507209;Borá;True;2023;publica;medio;todos (1-4);97.0;0.967708;271.72;275.02;4.622872;4.5;;120962.346;133365.32;92174.455;101625.64;74195.054;88432.72;13495.84;23466.937;19787.573;11528.515;68278.865;5916.189;Indústrias de transformação;Demais serviços;Agricultura, inclusive apoio à agricultura e a pós colheita
3;Sudeste;35;SP;São Paulo;3507308;Boracéia;True;2023;publica;medio;todos (1-4);94.0;0.941276;267.84;258.36;4.318977;4.1;;657535.084;139456.01;582110.672;123459.32;519153.445;105669.34;25545.06;193575.27;204730.266;28494.395;452344.991;66808.454;Indústrias de transformação;Demais serviços;Comércio e reparação de veículos automotores e motocicletas
3;Sudeste;35;SP;São Paulo;3507407;Borborema;True;2023;publica;medio;todos (1-4);95.3;0.952851;263.26;268.51;4.406597;4.2;;704920.778;49551.58;559934.293;39359.93;518182.236;31833.29;115708.776;37147.716;242451.536;81903.718;477211.745;40970.49;Demais serviços;Agricultura, inclusive apoio à agricultura e a pós colheita;Administração, defesa, educação e saúde públicas e seguridade social
3;Sudeste;35;SP;São Paulo;3507456;Borebi;True;2023;publica;medio;todos (1-4);94.7;0.949342;264.91;261.81;4.329472;4.1;;118452.374;43661.03;81815.965;30157.01;73943.332;27255.19;22761.505;3665.512;20404.136;22310.19;69141.344;4801.988;Administração, defesa, educação e saúde públicas e seguridade social;Demais serviços;Produção florestal, pesca e aquicultura
3;Sudeste;35;SP;São Paulo;3507506;Botucatu;True;2023;publica;medio;todos (1-4);90.0;0.900463;268.47;273.56;4.55537;4.1;;7992147.651;55059.4;6709748.564;46224.72;5979359.062;39937.48;165588.281;1498002.597;3160156.426;550504.369;5374251.672;605107.39;Demais serviços;Indústrias de transformação;Comércio e reparação de veículos automotores e motocicletas
3;Sudeste;35;SP;São Paulo;3507605;Bragança Paulista;True;2023;publica;medio;todos (1-4);95.8;0.959607;272.1;283.41;4.753808;4.6;;10443287.83;59064.7;9125116.908;51609.44;7954300.053;46153.09;99838.174;1987758.259;3946313.675;748675.698;6782585.806;1171714.247;Demais serviços;Indústrias de transformação;Comércio e reparação de veículos automotores e motocicletas
3;Sudeste;35;SP;São Paulo;3507704;Braúna;True;2023;publica;medio;todos (1-4);89.5;0.89453;266.41;280.78;4.634521;4.1;;157855.147;29472.58;118469.734;22119.07;120686.813;20826.02;36630.741;6689.06;43388.546;29032.923;115741.269;4945.544;Demais serviços;Agricultura, inclusive apoio à agricultura e a pós colheita;Administração, defesa, educação e saúde públicas e seguridade social
3;Sudeste;35;SP;São Paulo;3507753;Brejo Alegre;True;2023;publica;medio;todos (1-4);93.9;0.937505;237.94;233.03;3.519841;3.3;;90696.609;35359.3;78574.226;30633.23;75675.127;25996.26;22314.874;3598.637;24671.31;20677.961;71262.782;4412.344;Administração, defesa, educação e saúde públicas e seguridade social;Agricultura, inclusive apoio à agricultura e a pós colheita;Demais serviços
3;Sudeste;35;SP;São Paulo;3507803;Brodowski;False;;;;;;;;;;;;1210304.604;48026.05;971558.236;38552.37;894830.751;34947.5;93166.358;147133.404;414073.83;134494.493;788868.084;105962.667;Demais serviços;Administração, defesa, educação e saúde públicas e seguridade social;Comércio e reparação de veículos automotores e motocicletas
3;Sudeste;35;SP;São Paulo;3507902;Brotas;True;2023;publica;medio;todos (1-4);95.8;0.960556;260.52;266.91;4.344162;4.2;;1555980.462;65109.23;1355480.802;56719.42;1123986.566;45209.02;109572.985;280079.79;482124.959;131686.685;1003464.419;120522.147;Demais serviços;Indústrias de transformação;Administração, defesa, educação e saúde públicas e seguridade social
3;Sudeste;35;SP;São Paulo;3508009;Buri;True;2023;publica;medio;todos (1-4);91.6;0.916806;266.92;275.44;4.561744;4.2;;907832.787;44831.25;702838.485;34708.07;684130.186;34121.21;225588.326;54818.881;250755.84;99504.385;630667.432;53462.753;Agricultura, inclusive apoio à agricultura e a pós colheita;Demais serviços;Administração, defesa, educação e saúde públicas e seguridade social
3;Sudeste;35;SP;São Paulo;3508108;Buritama;True;2023;publica;medio;todos (1-4);95.6;0.955816;265.86;270.75;4.476647;4.3;;746203.785;43358.73;646238.949;37550.2;627565.183;36037.97;72979.446;155316.735;274828.036;82493.996;585618.214;41946.969;Demais serviços;Eletricidade e gás, água, esgoto, atividades de gestão de resíduos e descontaminação;Administração, defesa, educação e saúde públicas e seguridade social
3;Sudeste;35;SP;São Paulo;3508207;Buritizal;True;2023;publica;medio;todos (1-4);88.0;0.863833;290.57;298.27;5.235673;4.5;;305567.589;70148.67;257455.029;59103.54;244488.126;53769.11;39267.935;119328.791;42011.06;32876.518;233484.303;11003.823;Eletricidade e gás, água, esgoto, atividades de gestão de resíduos e descontaminação;Demais serviços;Administração, defesa, educação e saúde públicas e seguridade social
3;Sudeste;35;SP;São Paulo;3508306;Cabrália Paulista;True;2023;publica;medio;todos (1-4);92.8;0.934532;284.37;290.58;5.033475;4.7;;177481.056;41284.27;120867.281;28115.21;102881.808;24368.03;25609.109;17340.874;29701.611;25045.665;97697.258;5184.55;Demais serviços;Administração, defesa, educação e saúde públicas e seguridade social;Pecuária, inclusive apoio à pecuária
3;Sudeste;35;SP;São Paulo;3508405;Cabreúva;True;2023;publica;medio;todos (1-4);95.5;0.954609;262.73;272.81;4.463524;4.3;;7240981.438;154027.39;6625402.201;140933.02;5961333.424;116591.7;35185.854;1863557.206;2651030.382;282544.292;4832317.735;1129015.689;Indústrias de transformação;Demais serviços;Comércio e reparação de veículos automotores e motocicletas
3;Sudeste;35;SP;São Paulo;3508504;Caçapava;True;2023;publica;medio;todos (1-4);93.0;0.928961;272.51;284.56;4.776782;4.4;;6516271.282;67735.3;5870325.31;61020.82;5214553.271;54458.95;23143.72;1890322.691;2018774.412;430221.897;4362462.72;852090.551;Demais serviços;Indústrias de transformação;Comércio e reparação de veículos automotores e motocicletas
3;Sudeste;35;SP;São Paulo;3508603;Cachoeira Paulista;True;2023;publica;medio;todos (1-4);89.3;0.896692;269.24;275.93;4.601664;4.1;;847786.431;26859.28;727280.9;23041.47;673632.424;19914.05;19887.221;54496.617;405443.2;156847.736;636674.774;36957.65;Demais serviços;Administração, defesa, educação e saúde públicas e seguridade social;Comércio e reparação de veículos automotores e motocicletas
3;Sudeste;35;SP;São Paulo;3508702;Caconde;True;2023;publica;medio;todos (1-4);92.5;0.93375;258.87;269.49;4.35961;4.1;;554109.419;32402.16;479156.063;28019.18;574394.938;30182.07;249083.086;33498.821;185525.681;83830.762;551938.351;22456.588;Agricultura, inclusive apoio à agricultura e a pós colheita;Demais serviços;Administração, defesa, educação e saúde públicas e seguridade social
3;Sudeste;35;SP;São Paulo;3508801;Cafelândia;True;2023;publica;medio;todos (1-4);92.2;0.921285;264.63;270.65;4.457874;4.1;;930635.174;55880.58;737488.829;44282.98;682544.49;38094.8;107405.166;170241.413;243593.291;89667.674;610907.543;71636.947;Demais serviços;Indústrias de transformação;Agricultura, inclusive apoio à agricultura e a pós colheita
3;Sudeste;35;SP;São Paulo;3508900;Caiabu;True;2023;publica;medio;todos (1-4);95.8;0.966171;255.57;254.39;4.087214;3.9;;88015.441;23711.06;70620.504;19024.92;69806.4;16640.38;19484.968;3832.668;20301.493;24116.477;67735.606;2070.794;Administração, defesa, educação e saúde públicas e seguridade social;Demais serviços;Agricultura, inclusive apoio à agricultura e a pós colheita
3;Sudeste;35;SP;São Paulo;3509007;Caieiras;True;2023;publica;medio;todos (1-4);97.0;0.970217;266.35;280.71;4.632631;4.5;;5507619.475;57955.42;5172279.115;54427.86;4858858.148;46700.03;4923.69;1735180.595;1894172.878;455744.606;4090021.77;768836.378;Indústrias de transformação;Demais serviços;Comércio e reparação de veículos automotores e motocicletas
3;Sudeste;35;SP;São Paulo;3509106;Caiuá;True;2023;publica;medio;todos (1-4);96.8;0.972986;259.03;271.82;4.396738;4.3;;111895.2;20471.13;91472.777;16734.87;96254.924;15997.16;31769.709;2736.099;23348.878;34465.425;92320.111;3934.813;Administração, defesa, educação e saúde públicas e seguridade social;Demais serviços;Agricultura, inclusive apoio à agricultura e a pós colheita
3;Sudeste;35;SP;São Paulo;3509205;Cajamar;True;2023;publica;medio;todos (1-4);95.7;0.957303;263.59;271.75;4.459735;4.3;;28984601.766;312708.11;24330164.353;262492.47;22713160.274;287384.67;276.713;2955318.873;14021896.021;497559.69;17475051.296;5238108.977;Comércio e reparação de veículos automotores e motocicletas;Demais serviços;Indústrias de transformação
3;Sudeste;35;SP;São Paulo;3509254;Cajati;True;2023;publica;medio;todos (1-4);97.0;0.969318;261.51;269.18;4.392048;4.3;;1987670.371;69706.13;2228754.189;78160.76;1755226.467;61714.65;186075.238;621420.512;425561.239;148902.86;1381959.848;373266.619;Indústrias de transformação;Demais serviços;Agricultura, inclusive apoio à agricultura e a pós colheita
3;Sudeste;35;SP;São Paulo;3509304;Cajobi;True;2023;publica;medio;todos (1-4);95.7;0.96022;279.44;286.16;4.898066;4.7;;275000.646;30110.66;194846.521;21334.34;170916.324;16049.99;23624.544;8703.355;75926.337;52076.02;160330.256;10586.069;Demais serviços;Administração, defesa, educação e saúde públicas e seguridade social;Agricultura, inclusive apoio à agricultura e a pós colheita
3;Sudeste;35;SP;São Paulo;3509403;Cajuru;True;2023;publica;medio;todos (1-4);90.8;0.908335;254.24;258.87;4.1356;3.8;;1123798.612;47158.98;841325.609;35305.31;761749.163;28623.2;145197.576;127357.841;285864.868;131124.944;689545.228;72203.935;Demais serviços;Agricultura, inclusive apoio à agricultura e a pós colheita;Administração, defesa, educação e saúde públicas e seguridade social
3;Sudeste;35;SP;São Paulo;3509452;Campina do Monte Alegre;True;2023;publica;medio;todos (1-4);91.1;0.909816;262.26;263.98;4.324738;3.9;;211436.295;35511.64;176896.213;29710.48;151086.917;24817.17;34383.354;15552.313;57611.072;33231.12;140777.859;10309.057;Demais serviços;Administração, defesa, educação e saúde públicas e seguridade social;Agricultura, inclusive apoio à agricultura e a pós colheita
3;Sudeste;35;SP;São Paulo;3509502;Campinas;True;2023;publica;medio;todos (1-4);91.1;0.922247;272.46;280.88;4.72099;4.4;;91968328.317;80741.47;80646591.22;70847.71;72946910.167;59634.32;170416.993;11136729.652;42630095.744;5182393.178;59119635.568;13827274.599;Demais serviços;Comércio e reparação de veículos automotores e motocicletas;Indústrias de transformação
3;Sudeste;35;SP;São Paulo;3509601;Campo Limpo Paulista;True;2023;publica;medio;todos (1-4);96.0;0.96051;273.81;287.97;4.846088;4.7;;3233934.762;41657.24;2976085.474;38335.81;2530950.088;29291.03;10544.411;737110.229;1038525.602;364156.102;2150336.345;380613.743;Demais serviços;Indústrias de transformação;Administração, defesa, educação e saúde públicas e seguridade social
3;Sudeste;35;SP;São Paulo;3509700;Campos do Jordão;True;2023;publica;medio;todos (1-4);89.0;0.918154;284.82;292.13;5.062999;4.6;;1946799.338;41444.19;1662494.083;35391.79;1449808.277;27503.81;5938.459;131448.569;930238.697;267718.156;1335343.881;114464.396;Demais serviços;Administração, defesa, educação e saúde públicas e seguridade social;Comércio e reparação de veículos automotores e motocicletas
3;Sudeste;35;SP;São Paulo;3509809;Campos Novos Paulista;True;2023;publica;medio;todos (1-4);95.9;0.95832;271.21;270.68;4.550739;4.4;;342294.513;70027.52;234017.327;47875.89;194705.131;38724.17;82320.64;13825.911;58714.153;29105.415;183966.119;10739.012;Agricultura, inclusive apoio à agricultura e a pós colheita;Demais serviços;Administração, defesa, educação e saúde públicas e seguridade social
3;Sudeste;35;SP;São Paulo;3509908;Cananéia;True;2023;publica;medio;todos (1-4);86.2;0.861638;265.39;274.58;4.527381;3.9;;330537.64;26897.03;286747.105;23333.64;264410.437;21082.0;38790.803;17593.97;119982.166;73959.37;250326.309;14084.128;Demais serviços;Administração, defesa, educação e saúde públicas e seguridade social;Produção florestal, pesca e aquicultura
3;Sudeste;35;SP;São Paulo;3509957;Canas;True;2023;publica;medio;todos (1-4);97.9;0.981825;256.4;255.27;4.112045;4.0;;121017.029;24542.09;131851.625;26739.33;130060.455;24688.77;2281.379;19677.572;63843.677;31054.215;116856.843;13203.612;Demais serviços;Administração, defesa, educação e saúde públicas e seguridade social;Comércio e reparação de veículos automotores e motocicletas
3;Sudeste;35;SP;São Paulo;3510005;Cândido Mota;True;2023;publica;medio;todos (1-4);95.4;0.951829;269.05;277.95;4.629235;4.4;;2482755.063;84306.94;2074288.484;70436.64;1518347.017;48339.61;116464.014;229211.85;832948.84;133277.924;1311902.627;206444.39;Demais serviços;Comércio e reparação de veículos automotores e motocicletas;Indústrias de transformação
3;Sudeste;35;SP;São Paulo;3510104;Cândido Rodrigues;True;2023;publica;medio;todos (1-4);96.3;0.969525;337.22;287.75;5.733385;5.6;;157950.773;54673.16;109176.27;37790.33;107107.735;38184.58;32513.445;12621.04;36235.48;17585.306;98955.271;8152.464;Agricultura, inclusive apoio à agricultura e a pós colheita;Demais serviços;Administração, defesa, educação e saúde públicas e seguridade social
3;Sudeste;35;SP;São Paulo;3510153;Canitar;True;2023;publica;medio;todos (1-4);92.4;0.922985;265.46;258.01;4.28031;4.0;;218327.89;34748.99;215547.863;34306.52;164318.829;30627.93;8454.042;62468.977;47861.798;30588.93;149373.747;14945.083;Indústrias de transformação;Demais serviços;Administração, defesa, educação e saúde públicas e seguridade social
3;Sudeste;35;SP;São Paulo;3510203;Capão Bonito;True;2023;publica;medio;todos (1-4);90.8;0.915655;278.39;290.55;4.949037;4.5;;1668881.584;36016.18;1395125.255;30108.23;1269097.445;26945.89;288352.126;118233.748;550333.294;226304.908;1183224.076;85873.369;Demais serviços;Agricultura, inclusive apoio à agricultura e a pós colheita;Administração, defesa, educação e saúde públicas e seguridade social
3;Sudeste;35;SP;São Paulo;3510302;Capela do Alto;True;2023;publica;medio;todos (1-4);89.2;0.892551;263.78;269.55;4.429469;4.0;;536047.966;23443.01;442198.932;19338.71;392353.724;18457.62;43696.438;40582.496;172141.942;106830.584;363251.46;29102.264;Demais serviços;Administração, defesa, educação e saúde públicas e seguridade social;Comércio e reparação de veículos automotores e motocicletas
3;Sudeste;35;SP;São Paulo;3510401;Capivari;True;2023;publica;medio;todos (1-4);91.0;0.914251;278.48;291.17;4.959583;4.5;;3824460.124;76385.32;3335183.144;66613.07;2990809.569;52495.21;60898.208;1045163.303;1086429.183;297785.227;2490275.922;500533.647;Indústrias de transformação;Demais serviços;Administração, defesa, educação e saúde públicas e seguridade social
3;Sudeste;35;SP;São Paulo;3510500;Caraguatatuba;True;2023;publica;medio;todos (1-4);92.9;0.931744;267.06;275.42;4.563411;4.3;;5822814.916;43172.58;5575378.387;41337.37;4532235.511;36201.7;14037.065;976219.397;2522464.931;721398.377;4234119.77;298115.74;Demais serviços;Administração, defesa, educação e saúde públicas e seguridade social;Indústrias extrativas
3;Sudeste;35;SP;São Paulo;3510609;Carapicuíba;True;2023;publica;medio;todos (1-4);94.7;0.946039;262.92;274.82;4.496283;4.3;;8436817.19;21801.46;7817578.68;20194.15;6854705.734;16909.54;331.514;911392.742;3961459.183;1330519.42;6203702.86;651002.874;Demais serviços;Administração, defesa, educação e saúde públicas e seguridade social;Comércio e reparação de veículos automotores e motocicletas
3;Sudeste;35;SP;São Paulo;3510708;Cardoso;True;2023;publica;medio;todos (1-4);99.5;0.994609;266.31;260.8;4.334015;4.3;;440024.546;38785.77;372262.441;32812.91;321119.823;25957.47;81695.869;16170.172;141886.416;66213.221;305965.678;15154.145;Demais serviços;Agricultura, inclusive apoio à agricultura e a pós colheita;Administração, defesa, educação e saúde públicas e seguridade social
3;Sudeste;35;SP;São Paulo;3510807;Casa Branca;True;2023;publica;medio;todos (1-4);93.7;0.93792;265.45;270.98;4.474331;4.2;;1494279.305;53209.39;1260885.989;44898.55;1179141.595;38464.9;264213.818;131200.656;508921.118;149670.015;1054005.608;125135.987;Demais serviços;Agricultura, inclusive apoio à agricultura e a pós colheita;Administração, defesa, educação e saúde públicas e seguridade social
3;Sudeste;35;SP;São Paulo;3510906;Cássia dos Coqueiros;True;2023;publica;medio;todos (1-4);98.7;0.980609;308.99;308.28;5.644231;5.5;;306056.167;109344.83;212552.603;75938.76;293111.124;117809.94;218852.843;8449.43;40743.244;20775.1;288820.616;4290.508;Agricultura, inclusive apoio à agricultura e a pós colheita;Demais serviços;Administração, defesa, educação e saúde públicas e seguridade social
3;Sudeste;35;SP;São Paulo;3511003;Castilho;True;2023;publica;medio;todos (1-4);96.0;0.963759;258.38;261.35;4.230872;4.1;;2275540.623;113908.03;1792751.021;89740.75;1388287.047;64508.48;111293.316;532894.123;471492.896;124161.215;1239841.551;148445.496;Indústrias de transformação;Demais serviços;Administração, defesa, educação e saúde públicas e seguridade social
3;Sudeste;35;SP;São Paulo;3511102;Catanduva;True;2023;publica;medio;todos (1-4);94.4;0.945659;271.06;281.45;4.70986;4.5;;7029953.383;60712.43;6036118.39;52132.13;5218361.311;42386.42;53856.422;910267.106;3239255.171;506725.006;4710103.705;508257.607;Demais serviços;Indústrias de transformação;Comércio e reparação de veículos automotores e motocicletas
3;Sudeste;35;SP;São Paulo;3511201;Catiguá;True;2023;publica;medio;todos (1-4);96.8;0.966951;254.63;267.52;4.270569;4.1;;196946.443;28123.15;170228.597;24307.95;152901.809;19342.42;22122.727;12343.407;72450.596;35461.173;142377.902;10523.907;Demais serviços;Administração, defesa, educação e saúde públicas e seguridade social;Comércio e reparação de veículos automotores e motocicletas
3;Sudeste;35;SP;São Paulo;3511300;Cedral;True;2023;publica;medio;todos (1-4);92.3;0.918558;253.27;257.64;4.103563;3.8;;808869.528;64104.42;643216.294;50976.09;533104.147;56401.2;37045.843;172293.312;187027.413;54598.596;450965.163;82138.984;Demais serviços;Indústrias de transformação;Administração, defesa, educação e saúde públicas e seguridade social
3;Sudeste;35;SP;São Paulo;3511409;Cerqueira César;True;2023;publica;medio;todos (1-4);94.1;0.943989;270.92;276.36;4.631696;4.4;;1400618.178;65239.1;1220434.479;56846.36;956913.985;46928.25;107438.999;239459.606;417797.78;93132.469;857828.854;99085.131;Demais serviços;Indústrias de transformação;Comércio e reparação de veículos automotores e motocicletas
3;Sudeste;35;SP;São Paulo;3511508;Cerquilho;True;2023;publica;medio;todos (1-4);94.2;0.942021;280.63;289.04;4.957893;4.7;;2891327.658;64690.18;2566786.006;57428.93;2343905.897;46293.89;75194.103;742604.22;931036.135;215221.715;1964056.173;379849.724;Demais serviços;Indústrias de transformação;Administração, defesa, educação e saúde públicas e seguridade social
3;Sudeste;35;SP;São Paulo;3511607;Cesário Lange;True;2023;publica;medio;todos (1-4);89.4;0.896282;262.56;269.16;4.406496;3.9;;1215884.112;63832.64;1032978.28;54230.28;740569.082;39826.25;62225.298;88444.887;445274.14;90871.279;686815.605;53753.477;Demais serviços;Administração, defesa, educação e saúde públicas e seguridade social;Indústrias de transformação
3;Sudeste;35;SP;São Paulo;3511706;Charqueada;True;2023;publica;medio;todos (1-4);90.1;0.902268;263.15;266.31;4.372118;3.9;;790607.333;50892.01;610774.696;39316.04;515122.578;29370.12;21621.043;174764.359;187873.344;74413.247;458671.993;56450.585;Demais serviços;Indústrias de transformação;Administração, defesa, educação e saúde públicas e seguridade social
3;Sudeste;35;SP;São Paulo;3511904;Clementina;True;2023;publica;medio;todos (1-4);98.8;0.989609;274.69;270.11;4.591083;4.5;;254107.308;36394.63;200097.975;28659.12;186410.592;20959.14;29694.728;23717.113;77579.417;42157.702;173148.96;13261.632;Demais serviços;Administração, defesa, educação e saúde públicas e seguridade social;Agricultura, inclusive apoio à agricultura e a pós colheita
3;Sudeste;35;SP;São Paulo;3512001;Colina;True;2023;publica;medio;todos (1-4);86.0;0.858855;263.95;270.65;4.448324;3.8;;2052576.439;111034.1;2117227.263;114525.19;1541673.004;82881.19;81769.326;459502.574;687096.536;112413.987;1340782.423;200890.58;Demais serviços;Indústrias de transformação;Comércio e reparação de veículos automotores e motocicletas
3;Sudeste;35;SP;São Paulo;3512100;Colômbia;True;2023;publica;medio;todos (1-4);96.0;0.955073;276.11;277.72;4.724949;4.5;;743433.098;112148.6;473152.796;71376.19;373218.645;59974.07;113624.842;80643.52;94802.617;53138.69;342209.67;31008.975;Agricultura, inclusive apoio à agricultura e a pós colheita;Demais serviços;Indústrias de transformação
3;Sudeste;35;SP;São Paulo;3512209;Conchal;True;2023;publica;medio;todos (1-4);90.9;0.905409;281.15;287.22;4.937951;4.5;;1093663.839;38919.04;978772.49;34825.56;859274.273;30159.5;46361.614;238864.193;349403.836;126418.659;761048.302;98225.971;Demais serviços;Indústrias de transformação;Administração, defesa, educação e saúde públicas e seguridade social
3;Sudeste;35;SP;São Paulo;3512308;Conchas;False;;;;;;;;;;;;551103.139;36180.62;471792.848;30973.8;432993.289;23872.16;86114.502;32691.414;188775.724;93455.353;401036.992;31956.298;Demais serviços;Administração, defesa, educação e saúde públicas e seguridade social;Pecuária, inclusive apoio à pecuária
3;Sudeste;35;SP;São Paulo;3512407;Cordeirópolis;True;2023;publica;medio;todos (1-4);91.5;0.913451;268.54;274.61;4.572072;4.2;;4167915.366;170021.84;4216369.402;171998.43;4107826.495;163554.17;60273.844;1298662.354;1915957.766;197078.759;3471972.723;635853.772;Indústrias de transformação;Comércio e reparação de veículos automotores e motocicletas;Demais serviços
3;Sudeste;35;SP;São Paulo;3512506;Coroados;True;2023;publica;medio;todos (1-4);90.2;0.904523;262.47;275.62;4.501939;4.1;;335404.552;62111.95;257147.869;47619.98;218777.214;35303.73;63907.789;37004.816;68661.543;30611.128;200185.276;18591.938;Agricultura, inclusive apoio à agricultura e a pós colheita;Demais serviços;Administração, defesa, educação e saúde públicas e seguridade social
3;Sudeste;35;SP;São Paulo;3512605;Coronel Macedo;True;2023;publica;medio;todos (1-4);95.6;0.949528;256.6;259.11;4.172339;4.0;;165849.194;38749.81;143742.07;33584.6;141157.631;30746.6;65678.684;10818.532;31399.016;28508.377;136404.608;4753.022;Agricultura, inclusive apoio à agricultura e a pós colheita;Demais serviços;Administração, defesa, educação e saúde públicas e seguridade social
3;Sudeste;35;SP;São Paulo;3512704;Corumbataí;True;2023;publica;medio;todos (1-4);99.2;0.99118;278.41;283.47;4.84333;4.8;;354603.601;84530.06;340219.852;81101.28;345025.593;84731.24;38854.123;19007.579;200435.336;31662.99;289960.028;55065.565;Comércio e reparação de veículos automotores e motocicletas;Demais serviços;Administração, defesa, educação e saúde públicas e seguridade social
3;Sudeste;35;SP;São Paulo;3512803;Cosmópolis;True;2023;publica;medio;todos (1-4);98.4;0.984645;282.74;293.13;5.048755;5.0;;2313364.052;38702.49;2059490.038;34455.19;2109639.73;28255.87;26685.294;652548.775;827086.144;332129.065;1838449.277;271190.453;Demais serviços;Indústrias de transformação;Administração, defesa, educação e saúde públicas e seguridade social
3;Sudeste;35;SP;São Paulo;3512902;Cosmorama;True;2023;publica;medio;todos (1-4);97.8;0.97833;251.08;258.67;4.088224;4.0;;878427.208;100748.62;622395.587;71383.83;506809.049;69530.67;86572.891;139844.676;145772.939;41587.71;413778.215;93030.834;Demais serviços;Indústrias de transformação;Agricultura, inclusive apoio à agricultura e a pós colheita
3;Sudeste;35;SP;São Paulo;3513009;Cotia;True;2023;publica;medio;todos (1-4);91.7;0.916485;260.49;273.33;4.439848;4.1;;19060773.462;69460.17;17274219.489;63127.54;16114164.611;62486.58;31267.793;3684979.104;7573010.285;1172265.337;12461522.519;3652642.093;Demais serviços;Indústrias de transformação;Comércio e reparação de veículos automotores e motocicletas
3;Sudeste;35;SP;São Paulo;3513108;Cravinhos;True;2023;publica;medio;todos (1-4);83.9;0.845092;266.73;275.01;4.552638;3.8;;2357353.267;70831.8;2054668.143;61736.97;1753136.873;48891.09;65544.974;463804.461;745529.014;165770.606;1440649.055;312487.819;Demais serviços;Indústrias de transformação;Administração, defesa, educação e saúde públicas e seguridade social
3;Sudeste;35;SP;São Paulo;3513207;Cristais Paulista;True;2023;publica;medio;todos (1-4);94.3;0.947422;265.03;259.55;4.297325;4.1;;449171.364;48443.85;431297.72;46516.15;346565.911;39369.07;154882.564;23523.988;107863.405;43540.115;329810.073;16755.838;Agricultura, inclusive apoio à agricultura e a pós colheita;Demais serviços;Administração, defesa, educação e saúde públicas e seguridade social
3;Sudeste;35;SP;São Paulo;3513306;Cruzália;True;2023;publica;medio;todos (1-4);100.0;1.0;298.63;281.27;5.094385;5.1;;218198.594;103509.77;217897.838;103367.1;137663.972;68116.76;23109.825;5099.345;76365.574;17065.842;121640.586;16023.387;Comércio e reparação de veículos automotores e motocicletas;Demais serviços;Agricultura, inclusive apoio à agricultura e a pós colheita
3;Sudeste;35;SP;São Paulo;3513405;Cruzeiro;True;2023;publica;medio;todos (1-4);92.3;0.923991;273.44;284.04;4.782059;4.4;;4281961.617;57122.53;3815247.008;50896.43;3182372.784;38390.41;12249.688;964748.265;1342170.473;358803.137;2677971.563;504401.221;Demais serviços;Indústrias de transformação;Administração, defesa, educação e saúde públicas e seguridade social
3;Sudeste;35;SP;São Paulo;3513504;Cubatão;True;2023;publica;medio;todos (1-4);92.6;0.94573;277.19;287.7;4.889518;4.6;;27813387.639;247282.87;28715658.22;255316.11;21946471.662;165607.5;1326.057;12465419.7;5836351.934;796868.344;19099966.035;2846505.627;Indústrias de transformação;Demais serviços;Eletricidade e gás, água, esgoto, atividades de gestão de resíduos e descontaminação
3;Sudeste;35;SP;São Paulo;3513603;Cunha;True;2023;publica;medio;todos (1-4);95.9;0.961315;274.41;279.17;4.722779;4.5;;432940.522;19581.21;355775.518;16091.16;326362.259;15269.84;46491.364;15695.85;150424.248;98788.033;311399.495;14962.764;Demais serviços;Administração, defesa, educação e saúde públicas e seguridade social;Pecuária, inclusive apoio à pecuária
3;Sudeste;35;SP;São Paulo;3513702;Descalvado;True;2023;publica;medio;todos (1-4);92.7;0.926902;277.66;282.48;4.817976;4.5;;2584483.423;81385.67;2328295.883;73318.3;2081161.879;61036.51;154764.39;606766.077;817834.082;176024.596;1755389.145;325772.734;Demais serviços;Indústrias de transformação;Comércio e reparação de veículos automotores e motocicletas
3;Sudeste;35;SP;São Paulo;3513801;Diadema;True;2023;publica;medio;todos (1-4);96.7;0.967206;267.54;280.4;4.644703;4.5;;21229085.409;53985.47;20056680.188;51004.05;18484355.533;43031.91;1127.148;5202146.679;7914093.828;1829677.772;14947045.427;3537310.107;Demais serviços;Indústrias de transformação;Comércio e reparação de veículos automotores e motocicletas
3;Sudeste;35;SP;São Paulo;3513850;Dirce Reis;True;2023;publica;medio;todos (1-4);100.0;1.0;280.62;269.11;4.659399;4.7;;99485.465;61410.78;81422.388;50260.73;69826.774;38685.19;9389.9;21193.812;18683.787;13520.937;62788.436;7038.338;Indústrias de transformação;Demais serviços;Administração, defesa, educação e saúde públicas e seguridade social
3;Sudeste;35;SP;São Paulo;3513900;Divinolândia;True;2023;publica;medio;todos (1-4);89.8;0.898586;287.47;290.81;5.080457;4.6;;528584.116;47372.66;418610.443;37516.62;491457.375;44568.55;164414.276;18570.639;232712.139;51368.66;467065.714;24391.661;Demais serviços;Agricultura, inclusive apoio à agricultura e a pós colheita;Administração, defesa, educação e saúde públicas e seguridade social
3;Sudeste;35;SP;São Paulo;3514007;Dobrada;True;2023;publica;medio;todos (1-4);93.0;0.927272;257.63;261.66;4.224979;3.9;;213754.857;24404.03;160515.772;18325.81;138926.575;15286.82;15060.78;20855.94;47907.212;42454.53;126278.463;12648.112;Demais serviços;Administração, defesa, educação e saúde públicas e seguridade social;Indústrias de transformação
3;Sudeste;35;SP;São Paulo;3514106;Dois Córregos;True;2023;publica;medio;todos (1-4);98.0;0.980646;248.34;249.71;3.915609;3.8;;1187096.718;48433.16;1007949.164;41124.0;835299.134;30150.85;111840.072;150386.967;343848.172;124245.704;730320.914;104978.22;Demais serviços;Indústrias de transformação;Administração, defesa, educação e saúde públicas e seguridade social
3;Sudeste;35;SP;São Paulo;3514205;Dolcinópolis;True;2023;publica;medio;todos (1-4);93.6;0.935628;271.1;271.43;4.560422;4.3;;84390.137;38237.49;63005.03;28547.82;58946.794;27963.37;17233.571;2883.359;20071.677;16784.083;56972.689;1974.105;Demais serviços;Administração, defesa, educação e saúde públicas e seguridade social;Agricultura, inclusive apoio à agricultura e a pós colheita
3;Sudeste;35;SP;São Paulo;3514304;Dourado;True;2023;publica;medio;todos (1-4);98.6;0.984479;274.34;279.32;4.724041;4.7;;1178139.786;145521.22;856062.879;105738.99;802299.144;90318.49;28552.622;314882.638;231733.8;49515.301;624684.362;177614.783;Indústrias de transformação;Demais serviços;Administração, defesa, educação e saúde públicas e seguridade social
3;Sudeste;35;SP;São Paulo;3514403;Dracena;True;2023;publica;medio;todos (1-4);97.3;0.97266;281.26;280.75;4.842639;4.7;;1855223.877;40797.46;1626665.619;35771.33;1444977.941;30557.62;53745.88;200347.816;865879.916;194977.933;1314951.546;130026.396;Demais serviços;Comércio e reparação de veículos automotores e motocicletas;Administração, defesa, educação e saúde públicas e seguridade social
3;Sudeste;35;SP;São Paulo;3514502;Duartina;False;;;;;;;;;;;;435779.649;35348.77;324954.219;26359.04;252625.675;20338.59;16210.505;27923.342;130967.207;60937.279;236038.334;16587.341;Demais serviços;Administração, defesa, educação e saúde públicas e seguridade social;Comércio e reparação de veículos automotores e motocicletas
3;Sudeste;35;SP;São Paulo;3514601;Dumont;True;2023;publica;medio;todos (1-4);97.9;0.983606;269.33;281.39;4.684664;4.6;;414001.737;43712.57;421940.305;44550.77;342331.605;33647.69;29209.02;58643.683;154247.591;50164.566;292264.859;50066.745;Demais serviços;Comércio e reparação de veículos automotores e motocicletas;Administração, defesa, educação e saúde públicas e seguridade social
3;Sudeste;35;SP;São Paulo;3514700;Echaporã;True;2023;publica;medio;todos (1-4);97.1;0.965578;254.76;267.82;4.276886;4.1;;187402.902;30201.92;166591.695;26847.98;152431.541;25295.64;34664.062;7770.564;66839.921;32686.551;141961.097;10470.443;Demais serviços;Administração, defesa, educação e saúde públicas e seguridade social;Agricultura, inclusive apoio à agricultura e a pós colheita
3;Sudeste;35;SP;São Paulo;3514809;Eldorado;True;2023;publica;medio;todos (1-4);97.3;0.972476;262.76;272.39;4.457658;4.3;;423995.268;32442.82;309186.428;23658.0;329349.074;21122.95;146214.404;12950.934;86045.306;74408.078;319618.723;9730.352;Agricultura, inclusive apoio à agricultura e a pós colheita;Administração, defesa, educação e saúde públicas e seguridade social;Demais serviços
3;Sudeste;35;SP;São Paulo;3514908;Elias Fausto;True;2023;publica;medio;todos (1-4);94.7;0.951263;260.86;270.34;4.400284;4.2;;2159508.523;122013.02;1510915.948;85367.31;1004655.097;55521.14;101618.804;371413.346;300563.399;96498.853;870094.402;134560.695;Indústrias de transformação;Demais serviços;Administração, defesa, educação e saúde públicas e seguridade social
3;Sudeste;35;SP;São Paulo;3514924;Elisiário;True;2023;publica;medio;todos (1-4);100.0;1.0;261.46;265.08;4.329969;4.3;;121970.552;38868.88;84550.107;26943.95;76050.806;20323.57;15319.978;2722.802;29479.387;24234.917;71757.084;4293.722;Demais serviços;Administração, defesa, educação e saúde públicas e seguridade social;Agricultura, inclusive apoio à agricultura e a pós colheita
3;Sudeste;35;SP;São Paulo;3514957;Embaúba;True;2023;publica;medio;todos (1-4);93.9;0.944425;283.64;306.45;5.260797;5.0;;93031.653;40048.06;66131.557;28468.17;57200.22;23385.21;11552.23;6253.928;19026.534;18326.03;55158.722;2041.498;Administração, defesa, educação e saúde públicas e seguridade social;Demais serviços;Agricultura, inclusive apoio à agricultura e a pós colheita
3;Sudeste;35;SP;São Paulo;3515004;Embu das Artes;True;2023;publica;medio;todos (1-4);94.6;0.947354;260.75;274.27;4.457572;4.2;;17290649.652;68971.96;16591731.265;66176.34;14314753.758;51258.86;397.817;1790455.934;8506889.409;1099631.667;11397374.827;2917378.931;Comércio e reparação de veículos automotores e motocicletas;Demais serviços;Indústrias de transformação
3;Sudeste;35;SP;São Paulo;3515103;Embu-Guaçu;True;2023;publica;medio;todos (1-4);97.3;0.973304;262.14;270.89;4.426495;4.3;;1742920.008;26025.38;1548217.577;23118.08;1456125.367;20683.01;2757.21;279476.507;590362.95;317595.864;1190192.531;265932.836;Demais serviços;Administração, defesa, educação e saúde públicas e seguridade social;Indústrias de transformação
3;Sudeste;35;SP;São Paulo;3515129;Emilianópolis;True;2023;publica;medio;todos (1-4);92.8;0.934927;266.48;266.84;4.426822;4.1;;97865.943;32470.45;78917.541;26183.66;79174.834;24451.77;25690.611;5697.494;22514.839;22579.865;76482.809;2692.026;Administração, defesa, educação e saúde públicas e seguridade social;Demais serviços;Agricultura, inclusive apoio à agricultura e a pós colheita
3;Sudeste;35;SP;São Paulo;3515152;Engenheiro Coelho;True;2023;publica;medio;todos (1-4);98.6;0.986189;264.34;269.03;4.42955;4.4;;814390.123;41622.72;754021.548;38537.34;661053.173;30446.44;48387.995;130542.389;301599.581;96102.587;576632.552;84420.621;Demais serviços;Indústrias de transformação;Administração, defesa, educação e saúde públicas e seguridade social
3;Sudeste;35;SP;São Paulo;3515186;Espírito Santo do Pinhal;True;2023;publica;medio;todos (1-4);91.6;0.917523;272.33;277.13;4.663026;4.3;;2715247.127;68194.87;2399383.433;60261.79;2065823.762;46311.65;174806.062;570660.663;907642.998;186864.551;1839974.274;225849.487;Demais serviços;Indústrias de transformação;Comércio e reparação de veículos automotores e motocicletas
3;Sudeste;35;SP;São Paulo;3515194;Espírito Santo do Turvo;True;2023;publica;medio;todos (1-4);100.0;1.0;258.46;264.93;4.285588;4.3;;181809.326;43735.71;96443.326;23200.22;91772.493;18630.23;24141.225;4027.772;30170.034;28650.882;86989.913;4782.58;Administração, defesa, educação e saúde públicas e seguridade social;Demais serviços;Agricultura, inclusive apoio à agricultura e a pós colheita
3;Sudeste;35;SP;São Paulo;3515202;Estrela d'Oeste;True;2023;publica;medio;todos (1-4);98.1;0.980061;273.02;274.54;4.633945;4.5;;1317162.584;139870.72;1211779.79;128680.02;753257.368;89460.5;47013.073;322398.642;252573.626;40625.238;662610.579;90646.789;Indústrias de transformação;Demais serviços;Administração, defesa, educação e saúde públicas e seguridade social
3;Sudeste;35;SP;São Paulo;3515301;Estrela do Norte;True;2023;publica;medio;todos (1-4);96.4;0.967407;270.49;270.67;4.540477;4.4;;69691.794;25783.13;56385.027;20860.17;62446.432;22511.33;19267.693;2896.191;16302.326;20415.055;58881.266;3565.166;Administração, defesa, educação e saúde públicas e seguridade social;Agricultura, inclusive apoio à agricultura e a pós colheita;Demais serviços
3;Sudeste;35;SP;São Paulo;3515350;Euclides da Cunha Paulista;True;2023;publica;medio;todos (1-4);97.6;0.974146;261.08;254.63;4.168195;4.1;;162208.418;20470.52;134967.008;17032.69;136498.422;14708.88;35911.63;6392.352;42975.678;45991.363;131271.023;5227.399;Administração, defesa, educação e saúde públicas e seguridade social;Demais serviços;Agricultura, inclusive apoio à agricultura e a pós colheita
3;Sudeste;35;SP;São Paulo;3515400;Fartura;True;2023;publica;medio;todos (1-4);96.0;0.960832;289.73;290.87;5.113097;4.9;;566394.766;34036.1;482673.126;29005.06;473712.304;29419.47;97585.466;53953.657;214081.615;77777.763;443398.501;30313.803;Demais serviços;Administração, defesa, educação e saúde públicas e seguridade social;Agricultura, inclusive apoio à agricultura e a pós colheita
3;Sudeste;35;SP;São Paulo;3515509;Fernandópolis;True;2023;publica;medio;todos (1-4);93.9;0.942851;283.07;287.82;4.973899;4.7;;2790708.1;39203.05;2760929.076;38784.72;2468766.33;35430.06;83864.046;383335.299;1461339.829;321907.815;2250446.989;218319.342;Demais serviços;Administração, defesa, educação e saúde públicas e seguridade social;Comércio e reparação de veículos automotores e motocicletas
3;Sudeste;35;SP;São Paulo;3515608;Fernando Prestes;True;2023;publica;medio;todos (1-4);96.4;0.955869;272.87;264.26;4.477946;4.3;;281661.783;47401.85;221148.882;37217.92;205593.634;35416.65;61991.458;25277.382;70717.318;33580.899;191567.057;14026.577;Agricultura, inclusive apoio à agricultura e a pós colheita;Demais serviços;Administração, defesa, educação e saúde públicas e seguridade social
3;Sudeste;35;SP;São Paulo;3515657;Fernão;True;2023;publica;medio;todos (1-4);100.0;1.0;282.82;288.39;4.978921;5.0;;102634.371;61977.28;79802.95;48190.19;80954.108;46552.1;36213.35;3402.017;23174.42;14526.132;77315.919;3638.189;Agricultura, inclusive apoio à agricultura e a pós colheita;Demais serviços;Administração, defesa, educação e saúde públicas e seguridade social
3;Sudeste;35;SP;São Paulo;3515707;Ferraz de Vasconcelos;True;2023;publica;medio;todos (1-4);91.5;0.916083;265.39;278.83;4.591004;4.2;;5523980.573;30826.13;5179708.032;28903.81;4740673.305;23863.13;3345.067;1554618.945;1877666.314;721054.293;4156684.618;583988.687;Demais serviços;Indústrias de transformação;Administração, defesa, educação e saúde públicas e seguridade social
3;Sudeste;35;SP;São Paulo;3515806;Flora Rica;True;2023;publica;medio;todos (1-4);98.2;0.978442;266.07;269.95;4.46762;4.4;;65664.783;44159.24;47500.084;31943.57;42156.144;30176.19;16114.754;1695.894;10249.123;13061.735;41121.507;1034.637;Administração, defesa, educação e saúde públicas e seguridade social;Agricultura, inclusive apoio à agricultura e a pós colheita;Demais serviços
3;Sudeste;35;SP;São Paulo;3515905;Floreal;True;2023;publica;medio;todos (1-4);98.4;0.987705;292.48;284.22;5.05217;5.0;;131171.272;47995.34;82992.652;30366.87;81886.09;28393.24;29772.115;4783.238;24273.516;19889.238;78718.107;3167.984;Demais serviços;Administração, defesa, educação e saúde públicas e seguridade social;Agricultura, inclusive apoio à agricultura e a pós colheita
3;Sudeste;35;SP;São Paulo;3516002;Flórida Paulista;True;2023;publica;medio;todos (1-4);95.1;0.952697;246.27;248.69;3.871267;3.7;;361684.346;27912.05;289806.679;22365.08;264841.457;17731.75;53191.975;26834.159;103218.827;68907.19;252152.152;12689.306;Demais serviços;Administração, defesa, educação e saúde públicas e seguridade social;Agricultura, inclusive apoio à agricultura e a pós colheita
3;Sudeste;35;SP;São Paulo;3516101;Florínea;True;2023;publica;medio;todos (1-4);98.7;0.987004;260.08;278.2;4.506994;4.4;;216161.178;56131.18;196358.023;50988.84;171948.578;65354.84;35659.459;4959.845;89442.547;22458.78;152520.63;19427.948;Comércio e reparação de veículos automotores e motocicletas;Demais serviços;Agricultura, inclusive apoio à agricultura e a pós colheita
3;Sudeste;35;SP;São Paulo;3516200;Franca;True;2023;publica;medio;todos (1-4);92.3;0.92438;276.5;283.4;4.815456;4.5;;14375667.458;40777.87;13076032.508;37091.23;11276086.013;31450.1;159928.808;1608561.476;6913824.261;1438920.582;10121235.126;1154850.887;Demais serviços;Comércio e reparação de veículos automotores e motocicletas;Administração, defesa, educação e saúde públicas e seguridade social
3;Sudeste;35;SP;São Paulo;3516309;Francisco Morato;True;2023;publica;medio;todos (1-4);94.7;0.947899;257.41;266.57;4.295392;4.1;;2237469.166;13549.01;2039346.03;12349.27;1872466.812;10439.01;657.915;127499.056;988959.398;658442.041;1775558.41;96908.402;Demais serviços;Administração, defesa, educação e saúde públicas e seguridade social;Comércio e reparação de veículos automotores e motocicletas
3;Sudeste;35;SP;São Paulo;3516408;Franco da Rocha;True;2023;publica;medio;todos (1-4);96.5;0.965631;257.28;268.75;4.326201;4.2;;5438088.812;37543.16;5087143.092;35120.32;4297870.725;27126.51;4528.066;1336799.082;1871367.84;607769.478;3820464.465;477406.26;Demais serviços;Indústrias de transformação;Administração, defesa, educação e saúde públicas e seguridade social
3;Sudeste;35;SP;São Paulo;3516507;Gabriel Monteiro;True;2023;publica;medio;todos (1-4);100.0;1.0;296.27;301.99;5.371418;5.4;;123955.929;44862.8;109552.287;39649.76;93704.899;33755.37;28442.691;16276.463;26511.248;18157.761;89388.163;4316.736;Agricultura, inclusive apoio à agricultura e a pós colheita;Demais serviços;Administração, defesa, educação e saúde públicas e seguridade social
3;Sudeste;35;SP;São Paulo;3516606;Gália;True;2023;publica;medio;todos (1-4);100.0;1.0;256.41;272.14;4.36473;4.4;;220849.14;34615.85;167524.334;26257.73;172719.377;26907.52;50283.365;11685.908;67199.592;33852.374;163021.239;9698.139;Demais serviços;Agricultura, inclusive apoio à agricultura e a pós colheita;Administração, defesa, educação e saúde públicas e seguridade social
3;Sudeste;35;SP;São Paulo;3516705;Garça;True;2023;publica;medio;todos (1-4);90.2;0.902509;271.23;280.19;4.693385;4.2;;1893765.629;44971.87;1657852.918;39369.58;1725227.785;38831.12;123187.009;217931.225;1045772.679;186022.885;1572913.798;152313.987;Demais serviços;Administração, defesa, educação e saúde públicas e seguridade social;Comércio e reparação de veículos automotores e motocicletas
3;Sudeste;35;SP;São Paulo;3516804;Gastão Vidigal;True;2023;publica;medio;todos (1-4);97.9;0.983115;257.3;244.94;3.970045;3.9;;101942.077;31347.5;83274.604;25607.2;85828.068;17476.7;21817.456;4534.497;31816.826;23337.259;81506.037;4322.031;Demais serviços;Administração, defesa, educação e saúde públicas e seguridade social;Agricultura, inclusive apoio à agricultura e a pós colheita
3;Sudeste;35;SP;São Paulo;3516853;Gavião Peixoto;True;2023;publica;medio;todos (1-4);100.0;1.0;257.29;258.41;4.171551;4.2;;1735632.823;369126.5;1258362.596;267622.84;1184185.051;244615.79;47791.742;739454.245;197164.038;39175.792;1023585.817;160599.234;Indústrias de transformação;Demais serviços;Agricultura, inclusive apoio à agricultura e a pós colheita
3;Sudeste;35;SP;São Paulo;3516903;General Salgado;True;2023;publica;medio;todos (1-4);94.9;0.945395;302.54;295.67;5.364869;5.1;;348923.464;33836.64;298226.187;28920.31;275099.291;25343.09;55733.829;12628.317;135424.323;53622.205;257408.674;17690.617;Demais serviços;Administração, defesa, educação e saúde públicas e seguridade social;Agricultura, inclusive apoio à agricultura e a pós colheita
3;Sudeste;35;SP;São Paulo;3517000;Getulina;False;;;;;;;;;;;;272840.621;26665.42;220875.942;21586.78;215987.576;18806.06;74848.338;6035.606;73131.432;53761.451;207776.827;8210.749;Agricultura, inclusive apoio à agricultura e a pós colheita;Demais serviços;Administração, defesa, educação e saúde públicas e seguridade social
3;Sudeste;35;SP;São Paulo;3517109;Glicério;True;2023;publica;medio;todos (1-4);98.0;0.974939;252.85;271.71;4.308293;4.2;;188391.507;45527.19;138649.413;33506.38;125314.106;25880.65;32201.396;17461.264;39801.549;29046.354;118510.563;6803.543;Demais serviços;Administração, defesa, educação e saúde públicas e seguridade social;Agricultura, inclusive apoio à agricultura e a pós colheita
3;Sudeste;35;SP;São Paulo;3517208;Guaiçara;False;;;;;;;;;;;;310852.418;27658.37;259999.736;23133.71;232240.952;18704.97;28038.137;32268.427;83097.326;57415.861;200819.751;31421.201;Demais serviços;Administração, defesa, educação e saúde públicas e seguridade social;Agricultura, inclusive apoio à agricultura e a pós colheita
3;Sudeste;35;SP;São Paulo;3517307;Guaimbê;True;2023;publica;medio;todos (1-4);91.3;0.914993;256.51;266.0;4.274219;3.9;;593772.31;107723.57;462425.705;83894.36;442961.861;76293.81;26372.233;349668.16;33408.804;25930.348;435379.544;7582.317;Eletricidade e gás, água, esgoto, atividades de gestão de resíduos e descontaminação;Demais serviços;Administração, defesa, educação e saúde públicas e seguridade social
3;Sudeste;35;SP;São Paulo;3517406;Guaíra;True;2023;publica;medio;todos (1-4);91.8;0.919706;264.27;265.33;4.373178;4.0;;3233958.32;82333.01;2984915.035;76004.25;2704845.256;65519.59;262394.707;911598.262;1011424.379;223190.265;2408607.612;296237.644;Indústrias de transformação;Demais serviços;Agricultura, inclusive apoio à agricultura e a pós colheita
3;Sudeste;35;SP;São Paulo;3517505;Guapiaçu;True;2023;publica;medio;todos (1-4);82.8;0.827757;264.79;267.21;4.408625;3.6;;1134076.67;52235.12;942652.244;43418.19;896415.279;40585.65;68217.484;284893.638;343739.707;94570.406;791421.234;104994.045;Demais serviços;Indústrias de transformação;Administração, defesa, educação e saúde públicas e seguridade social
3;Sudeste;35;SP;São Paulo;3517604;Guapiara;True;2023;publica;medio;todos (1-4);99.2;0.991935;261.69;267.41;4.368079;4.3;;585182.465;34279.33;523933.915;30691.46;439111.528;25989.08;186970.175;50975.556;97990.356;86038.301;421974.389;17137.14;Agricultura, inclusive apoio à agricultura e a pós colheita;Administração, defesa, educação e saúde públicas e seguridade social;Demais serviços
3;Sudeste;35;SP;São Paulo;3517703;Guará;True;2023;publica;medio;todos (1-4);91.8;0.923174;256.25;248.63;4.010537;3.7;;854714.843;45937.59;749059.96;40259.05;618205.494;28896.21;54094.026;101736.603;298764.004;114425.324;569019.957;49185.537;Demais serviços;Administração, defesa, educação e saúde públicas e seguridade social;Comércio e reparação de veículos automotores e motocicletas
3;Sudeste;35;SP;São Paulo;3517802;Guaraçaí;True;2023;publica;medio;todos (1-4);95.4;0.961853;279.81;287.97;4.930358;4.7;;374454.285;50323.11;280624.568;37713.29;326571.664;39546.1;151152.556;14884.404;99408.666;47542.011;312987.637;13584.027;Agricultura, inclusive apoio à agricultura e a pós colheita;Demais serviços;Administração, defesa, educação e saúde públicas e seguridade social
3;Sudeste;35;SP;São Paulo;3517901;Guaraci;True;2023;publica;medio;todos (1-4);97.7;0.976523;258.98;257.29;4.17852;4.1;;660485.534;63815.03;449531.446;43432.99;375452.79;32986.54;89255.008;74477.799;110723.041;62792.791;337248.638;38204.151;Demais serviços;Agricultura, inclusive apoio à agricultura e a pós colheita;Indústrias de transformação
3;Sudeste;35;SP;São Paulo;3518008;Guarani d'Oeste;False;;;;;;;;;;;;48665.285;24728.3;38174.899;19397.81;37039.506;18556.87;6343.309;2916.658;11395.893;14943.575;35599.435;1440.071;Administração, defesa, educação e saúde públicas e seguridade social;Demais serviços;Agricultura, inclusive apoio à agricultura e a pós colheita
3;Sudeste;35;SP;São Paulo;3518107;Guarantã;True;2023;publica;medio;todos (1-4);95.1;0.954472;250.17;263.73;4.151192;4.0;;312045.476;48552.28;212070.912;32996.87;196318.761;29367.05;64115.506;22445.503;60246.439;36297.544;183104.992;13213.769;Demais serviços;Agricultura, inclusive apoio à agricultura e a pós colheita;Administração, defesa, educação e saúde públicas e seguridade social
3;Sudeste;35;SP;São Paulo;3518206;Guararapes;True;2023;publica;medio;todos (1-4);96.8;0.966892;276.14;281.52;4.782256;4.6;;1718487.879;55358.31;1475719.643;47548.64;1199677.625;36072.94;234718.728;231377.231;483626.647;152933.001;1102655.606;97022.02;Demais serviços;Indústrias de transformação;Administração, defesa, educação e saúde públicas e seguridade social
3;Sudeste;35;SP;São Paulo;3518305;Guararema;True;2023;publica;medio;todos (1-4);94.8;0.950992;260.99;263.83;4.304655;4.1;;2034662.745;65138.39;1650452.409;52838.15;1546741.266;50771.09;50979.23;370827.15;751161.711;149825.75;1322793.841;223947.425;Demais serviços;Indústrias de transformação;Comércio e reparação de veículos automotores e motocicletas
3;Sudeste;35;SP;São Paulo;3518404;Guaratinguetá;True;2023;publica;medio;todos (1-4);92.4;0.927984;289.36;294.25;5.158499;4.8;;8369820.871;70904.25;8343080.551;70677.72;7877882.192;63948.0;49627.11;2657654.269;3075538.379;538107.546;6320927.304;1556954.888;Demais serviços;Indústrias de transformação;Comércio e reparação de veículos automotores e motocicletas
3;Sudeste;35;SP;São Paulo;3518503;Guareí;True;2023;publica;medio;todos (1-4);93.9;0.939801;260.64;270.48;4.39929;4.1;;386201.34;25724.46;331671.389;22092.28;313680.631;16300.18;74506.453;52384.565;83287.362;82014.273;292192.653;21487.978;Administração, defesa, educação e saúde públicas e seguridade social;Demais serviços;Indústrias de transformação
3;Sudeste;35;SP;São Paulo;3518602;Guariba;True;2023;publica;medio;todos (1-4);93.0;0.933312;265.13;266.19;4.39813;4.1;;1517993.918;40482.0;1312651.537;35005.91;1135133.627;27783.09;68503.907;250885.216;512977.842;185248.069;1017615.034;117518.593;Demais serviços;Administração, defesa, educação e saúde públicas e seguridade social;Indústrias de transformação
3;Sudeste;35;SP;São Paulo;3518701;Guarujá;True;2023;publica;medio;todos (1-4);90.8;0.908247;259.29;268.61;4.352335;4.0;;11536359.008;40107.77;11474578.482;39892.98;10494252.383;32292.29;50432.474;1150370.014;5976188.25;1737251.69;8914242.428;1580009.955;Demais serviços;Administração, defesa, educação e saúde públicas e seguridade social;Comércio e reparação de veículos automotores e motocicletas
3;Sudeste;35;SP;São Paulo;3518800;Guarulhos;True;2023;publica;medio;todos (1-4);92.4;0.941417;261.48;272.77;4.445369;4.2;;97557673.612;75522.42;86373709.547;66863.89;77376425.117;55084.19;57763.458;17040799.785;40037133.405;5882058.391;63017755.038;14358670.079;Demais serviços;Indústrias de transformação;Comércio e reparação de veículos automotores e motocicletas
3;Sudeste;35;SP;São Paulo;3518859;Guatapará;True;2023;publica;medio;todos (1-4);88.3;0.88502;265.17;264.09;4.367255;3.9;;353798.145;48333.08;227821.973;31123.22;245363.012;31618.94;87618.689;13970.958;74247.527;51313.309;227150.484;18212.529;Demais serviços;Agricultura, inclusive apoio à agricultura e a pós colheita;Administração, defesa, educação e saúde públicas e seguridade social
3;Sudeste;35;SP;São Paulo;3518909;Guzolândia;True;2023;publica;medio;todos (1-4);100.0;1.0;275.81;262.03;4.485855;4.5;;120155.836;28298.6;97181.258;22887.72;93585.019;17505.62;23193.226;5722.325;31713.387;29312.786;89941.724;3643.295;Administração, defesa, educação e saúde públicas e seguridade social;Demais serviços;Agricultura, inclusive apoio à agricultura e a pós colheita
3;Sudeste;35;SP;São Paulo;3519006;Herculândia;True;2023;publica;medio;todos (1-4);75.1;0.743632;258.84;250.84;4.079997;3.0;;552689.427;60568.7;420580.355;46091.0;355955.455;36890.4;87683.163;73605.696;118033.875;46025.59;325348.324;30607.131;Demais serviços;Agricultura, inclusive apoio à agricultura e a pós colheita;Indústrias de transformação
3;Sudeste;35;SP;São Paulo;3519055;Holambra;True;2023;publica;medio;todos (1-4);87.4;0.871591;270.71;268.27;4.507639;3.9;;1806633.11;119692.14;1518913.052;100463.86;1463401.405;93777.73;509243.385;228721.833;498745.64;83856.88;1320567.738;142833.667;Agricultura, inclusive apoio à agricultura e a pós colheita;Demais serviços;Indústrias de transformação
3;Sudeste;35;SP;São Paulo;3519071;Hortolândia;True;2023;publica;medio;todos (1-4);95.2;0.953394;274.02;283.83;4.787062;4.6;;22163924.356;93660.54;21420797.259;90520.23;18377821.724;77357.5;1574.644;5178931.114;8314851.018;1088111.935;14583468.711;3794353.013;Demais serviços;Indústrias de transformação;Comércio e reparação de veículos automotores e motocicletas
3;Sudeste;35;SP;São Paulo;3519105;Iacanga;False;;;;;;;;;;;;687530.477;65874.34;843177.424;80787.34;658009.942;54825.02;73945.092;48278.72;379964.829;63165.056;565353.697;92656.245;Comércio e reparação de veículos automotores e motocicletas;Demais serviços;Agricultura, inclusive apoio à agricultura e a pós colheita
3;Sudeste;35;SP;São Paulo;3519204;Iacri;True;2023;publica;medio;todos (1-4);89.5;0.902314;262.96;260.84;4.287563;3.9;;372133.574;60697.04;288024.604;46978.41;316795.432;50533.65;99988.374;27681.229;127935.424;30834.88;286439.907;30355.525;Demais serviços;Comércio e reparação de veículos automotores e motocicletas;Pecuária, inclusive apoio à pecuária
3;Sudeste;35;SP;São Paulo;3519253;Iaras;True;2023;publica;medio;todos (1-4);96.6;0.961883;275.3;260.36;4.453692;4.3;;326006.583;40699.95;185127.609;23112.06;168922.26;17261.62;42584.054;10675.133;56934.427;46904.99;157098.603;11823.657;Administração, defesa, educação e saúde públicas e seguridade social;Demais serviços;Agricultura, inclusive apoio à agricultura e a pós colheita
3;Sudeste;35;SP;São Paulo;3519303;Ibaté;True;2023;publica;medio;todos (1-4);96.1;0.962512;268.3;277.75;4.615707;4.4;;1516837.474;47138.96;1231162.979;38261.02;1159253.485;32354.27;50894.146;407365.102;422490.184;155997.629;1036747.062;122506.423;Demais serviços;Indústrias de transformação;Administração, defesa, educação e saúde públicas e seguridade social
3;Sudeste;35;SP;São Paulo;3519402;Ibirá;True;2023;publica;medio;todos (1-4);80.1;0.803175;253.27;262.67;4.178863;3.4;;418177.801;35772.27;342388.77;29289.03;318126.274;25170.21;48698.129;62072.376;126892.359;61802.299;299465.164;18661.11;Demais serviços;Administração, defesa, educação e saúde públicas e seguridade social;Agricultura, inclusive apoio à agricultura e a pós colheita
3;Sudeste;35;SP;São Paulo;3519501;Ibirarema;True;2023;publica;medio;todos (1-4);89.4;0.891791;268.93;267.43;4.470064;4.0;;331386.983;51900.86;281211.365;44042.5;244614.399;30862.28;40776.07;28914.675;109952.565;36499.159;216142.469;28471.93;Demais serviços;Agricultura, inclusive apoio à agricultura e a pós colheita;Comércio e reparação de veículos automotores e motocicletas
3;Sudeste;35;SP;São Paulo;3519600;Ibitinga;True;2023;publica;medio;todos (1-4);99.2;0.992275;284.68;292.28;5.063278;5.0;;2528835.327;42124.09;1961941.372;32678.87;1965222.526;32137.74;103103.807;407690.466;994118.846;262815.579;1767728.698;197493.828;Demais serviços;Indústrias de transformação;Administração, defesa, educação e saúde públicas e seguridade social
3;Sudeste;35;SP;São Paulo;3519709;Ibiúna;True;2023;publica;medio;todos (1-4);92.5;0.929905;269.81;275.28;4.599939;4.3;;3023500.924;39990.75;2676376.83;35705.5;2370585.551;29609.37;457846.327;391626.046;904426.913;376554.739;2130454.025;240131.526;Demais serviços;Agricultura, inclusive apoio à agricultura e a pós colheita;Administração, defesa, educação e saúde públicas e seguridade social
3;Sudeste;35;SP;São Paulo;3519808;Icém;True;2023;publica;medio;todos (1-4);98.3;0.984182;263.21;260.55;4.286733;4.2;;263931.834;33755.19;236126.176;30199.02;209289.094;25025.6;30442.17;46755.084;74123.631;50868.999;202189.884;7099.21;Demais serviços;Administração, defesa, educação e saúde públicas e seguridade social;Indústrias extrativas
3;Sudeste;35;SP;São Paulo;3519907;Iepê;True;2023;publica;medio;todos (1-4);98.2;0.982727;268.37;273.6;4.554564;4.5;;503731.726;66115.2;476847.14;62586.58;434355.825;52789.96;83572.809;13880.299;222617.793;52061.781;372132.683;62223.143;Comércio e reparação de veículos automotores e motocicletas;Demais serviços;Agricultura, inclusive apoio à agricultura e a pós colheita
3;Sudeste;35;SP;São Paulo;3520004;Igaraçu do Tietê;True;2023;publica;medio;todos (1-4);93.8;0.937238;258.32;270.49;4.366856;4.1;;477976.018;20686.23;416079.055;18007.4;381184.503;15357.34;15879.572;23366.218;202869.944;104422.547;346538.281;34646.222;Demais serviços;Administração, defesa, educação e saúde públicas e seguridade social;Comércio e reparação de veículos automotores e motocicletas
3;Sudeste;35;SP;São Paulo;3520103;Igarapava;True;2023;publica;medio;todos (1-4);96.2;0.96276;270.18;275.98;4.615614;4.4;;1422122.446;54254.63;1592921.307;60770.69;1299637.242;42208.35;58077.579;163275.34;780396.081;129816.965;1131565.966;168071.276;Demais serviços;Comércio e reparação de veículos automotores e motocicletas;Administração, defesa, educação e saúde públicas e seguridade social
3;Sudeste;35;SP;São Paulo;3520202;Igaratá;False;;;;;;;;;;;;353163.257;33301.58;310646.883;29292.49;240165.471;24936.71;2694.457;24559.35;128599.513;55878.919;211732.239;28433.232;Demais serviços;Administração, defesa, educação e saúde públicas e seguridade social;Comércio e reparação de veículos automotores e motocicletas
3;Sudeste;35;SP;São Paulo;3520301;Iguape;True;2023;publica;medio;todos (1-4);97.4;0.973986;274.15;285.91;4.820025;4.7;;1896850.188;65150.27;2376543.246;81626.08;1588620.44;51053.14;102580.484;800549.085;497572.56;158330.72;1559032.85;29587.59;Indústrias extrativas;Demais serviços;Administração, defesa, educação e saúde públicas e seguridade social
3;Sudeste;35;SP;São Paulo;3520400;Ilhabela;True;2023;publica;medio;todos (1-4);95.7;0.957619;264.09;273.28;4.489661;4.3;;14830714.927;424535.26;24913501.36;713159.14;13956618.262;385605.85;4355.183;9689118.052;3816794.074;311820.102;13822087.41;134530.851;Indústrias extrativas;Demais serviços;Administração, defesa, educação e saúde públicas e seguridade social
3;Sudeste;35;SP;São Paulo;3520426;Ilha Comprida;True;2023;publica;medio;todos (1-4);96.8;0.97052;270.93;287.87;4.804142;4.7;;2802536.357;208848.38;2303081.816;171628.42;1363561.107;118036.8;5569.439;847859.843;397962.489;96872.878;1348264.649;15296.458;Indústrias extrativas;Demais serviços;Administração, defesa, educação e saúde públicas e seguridade social
3;Sudeste;35;SP;São Paulo;3520442;Ilha Solteira;True;2023;publica;medio;todos (1-4);96.6;0.967803;294.92;302.05;5.353356;5.2;;917731.981;35920.47;768553.363;30081.54;706074.949;26261.81;73083.216;39867.795;408260.417;142701.463;663912.892;42162.057;Demais serviços;Administração, defesa, educação e saúde públicas e seguridade social;Comércio e reparação de veículos automotores e motocicletas
3;Sudeste;35;SP;São Paulo;3520509;Indaiatuba;True;2023;publica;medio;todos (1-4);96.2;0.960686;273.1;282.82;4.759021;4.6;;28264863.052;110518.41;26940477.52;105343.64;22817116.886;87525.86;46618.663;6772161.333;9716238.747;1241521.091;17776539.834;5040577.052;Demais serviços;Indústrias de transformação;Comércio e reparação de veículos automotores e motocicletas
3;Sudeste;35;SP;São Paulo;3520608;Indiana;True;2023;publica;medio;todos (1-4);87.4;0.873989;249.71;248.4;3.91524;3.4;;99885.601;19623.89;90274.984;17735.75;86968.231;17846.96;18006.03;3921.954;33369.854;27571.412;82869.249;4098.981;Demais serviços;Administração, defesa, educação e saúde públicas e seguridade social;Agricultura, inclusive apoio à agricultura e a pós colheita
3;Sudeste;35;SP;São Paulo;3520707;Indiaporã;True;2023;publica;medio;todos (1-4);100.0;1.0;266.72;274.8;4.549354;4.5;;167087.329;41409.5;121298.114;30061.49;111102.983;28664.34;27338.074;5859.752;48191.812;24646.943;106036.581;5066.402;Demais serviços;Administração, defesa, educação e saúde públicas e seguridade social;Agricultura, inclusive apoio à agricultura e a pós colheita
3;Sudeste;35;SP;São Paulo;3520806;Inúbia Paulista;True;2023;publica;medio;todos (1-4);93.0;0.937935;261.7;268.38;4.382741;4.1;;176722.809;48885.98;160509.048;44400.84;136680.861;33790.08;9787.826;7679.618;81553.699;22845.558;121866.701;14814.16;Demais serviços;Comércio e reparação de veículos automotores e motocicletas;Administração, defesa, educação e saúde públicas e seguridade social
3;Sudeste;35;SP;São Paulo;3520905;Ipaussu;True;2023;publica;medio;todos (1-4);98.6;0.985967;281.59;293.02;5.030957;5.0;;678117.975;49454.34;583771.297;42573.75;499098.585;32911.22;37047.84;123713.003;210477.649;76943.805;448182.298;50916.287;Demais serviços;Indústrias de transformação;Administração, defesa, educação e saúde públicas e seguridade social
3;Sudeste;35;SP;São Paulo;3521002;Iperó;True;2023;publica;medio;todos (1-4);99.8;0.997319;263.58;270.96;4.447768;4.4;;1291002.665;35409.71;1140856.469;31291.49;969693.824;25010.8;21813.286;308392.806;333669.815;168088.442;831964.349;137729.475;Demais serviços;Indústrias de transformação;Administração, defesa, educação e saúde públicas e seguridade social
3;Sudeste;35;SP;São Paulo;3521101;Ipeúna;True;2023;publica;medio;todos (1-4);96.7;0.969792;258.38;257.55;4.173986;4.0;;1055775.919;154556.57;985603.808;144283.97;947911.795;121154.37;24395.317;486813.768;272643.298;42254.994;826107.378;121804.417;Indústrias de transformação;Demais serviços;Administração, defesa, educação e saúde públicas e seguridade social
3;Sudeste;35;SP;São Paulo;3521150;Ipiguá;True;2023;publica;medio;todos (1-4);96.4;0.965979;272.91;277.53;4.677161;4.5;;173090.62;25601.33;146481.475;21665.65;124258.756;22360.76;19588.334;24359.218;39831.129;26170.561;109949.242;14309.515;Demais serviços;Administração, defesa, educação e saúde públicas e seguridade social;Indústrias de transformação
3;Sudeste;35;SP;São Paulo;3521200;Iporanga;True;2023;publica;medio;todos (1-4);99.3;0.993927;266.87;273.31;4.529155;4.5;;70828.696;17505.86;65472.66;16182.07;63459.365;15181.67;7278.938;2987.449;22229.423;28850.987;61346.797;2112.567;Administração, defesa, educação e saúde públicas e seguridade social;Demais serviços;Agricultura, inclusive apoio à agricultura e a pós colheita
3;Sudeste;35;SP;São Paulo;3521309;Ipuã;True;2023;publica;medio;todos (1-4);91.0;0.91638;245.15;238.05;3.696255;3.4;;589809.58;40805.98;506912.258;35070.72;442715.064;26361.5;75494.416;40963.4;203006.802;90859.553;410324.171;32390.893;Demais serviços;Administração, defesa, educação e saúde públicas e seguridade social;Agricultura, inclusive apoio à agricultura e a pós colheita
3;Sudeste;35;SP;São Paulo;3521408;Iracemápolis;True;2023;publica;medio;todos (1-4);98.7;0.984309;279.87;293.47;5.013536;4.9;;2403777.589;109426.76;2118043.53;96419.33;2127925.258;85178.34;22556.37;714975.253;749838.887;122989.775;1610360.285;517564.974;Indústrias de transformação;Demais serviços;Comércio e reparação de veículos automotores e motocicletas
3;Sudeste;35;SP;São Paulo;3521507;Irapuã;True;2023;publica;medio;todos (1-4);100.0;1.0;302.44;299.64;5.422896;5.4;;282415.637;41126.49;199585.58;29064.45;186223.417;22987.71;73483.694;9689.122;59246.677;36457.898;178877.391;7346.026;Agricultura, inclusive apoio à agricultura e a pós colheita;Demais serviços;Administração, defesa, educação e saúde públicas e seguridade social
3;Sudeste;35;SP;São Paulo;3521606;Irapuru;True;2023;publica;medio;todos (1-4);96.3;0.959446;269.48;272.1;4.547699;4.4;;142421.744;20101.87;116246.809;19576.76;109595.224;13115.75;21815.73;2638.134;44503.456;35733.851;104691.171;4904.053;Demais serviços;Administração, defesa, educação e saúde públicas e seguridade social;Agricultura, inclusive apoio à agricultura e a pós colheita
3;Sudeste;35;SP;São Paulo;3521705;Itaberá;True;2023;publica;medio;todos (1-4);98.3;0.984209;273.8;277.28;4.685918;4.6;;1058158.523;58842.16;1204811.289;66997.24;1016119.036;58380.87;304163.077;34937.953;485005.752;91961.078;916067.861;100051.175;Agricultura, inclusive apoio à agricultura e a pós colheita;Comércio e reparação de veículos automotores e motocicletas;Demais serviços
3;Sudeste;35;SP;São Paulo;3521804;Itaí;True;2023;publica;medio;todos (1-4);85.6;0.855249;273.71;270.29;4.580013;3.9;;1082752.493;43000.5;997076.88;39597.97;924896.722;33471.94;301407.217;68359.7;347177.372;126863.006;843807.294;81089.428;Agricultura, inclusive apoio à agricultura e a pós colheita;Demais serviços;Administração, defesa, educação e saúde públicas e seguridade social
3;Sudeste;35;SP;São Paulo;3521903;Itajobi;True;2023;publica;medio;todos (1-4);95.8;0.959522;278.28;281.05;4.805277;4.6;;1278534.349;75256.6;1040974.853;61273.46;935219.794;61001.88;195824.674;238575.004;333653.222;79969.036;848021.937;87197.858;Demais serviços;Indústrias de transformação;Agricultura, inclusive apoio à agricultura e a pós colheita
3;Sudeste;35;SP;São Paulo;3522000;Itaju;True;2023;publica;medio;todos (1-4);95.0;0.94661;264.59;254.11;4.209708;4.0;;308304.551;85214.08;338466.402;93550.69;232256.5;58993.27;45850.604;79572.071;59660.515;23865.143;208948.334;23308.166;Indústrias de transformação;Demais serviços;Agricultura, inclusive apoio à agricultura e a pós colheita
3;Sudeste;35;SP;São Paulo;3522109;Itanhaém;True;2023;publica;medio;todos (1-4);94.9;0.950221;268.82;278.56;4.635136;4.4;;2956406.115;26284.77;2611455.45;23217.89;2369274.752;22704.86;65653.361;159891.15;1451541.931;542815.013;2219901.453;149373.299;Demais serviços;Administração, defesa, educação e saúde públicas e seguridade social;Comércio e reparação de veículos automotores e motocicletas
3;Sudeste;35;SP;São Paulo;3522158;Itaoca;True;2023;publica;medio;todos (1-4);98.6;0.985901;274.17;273.35;4.632282;4.6;;67981.734;19866.08;56550.772;16530.48;53345.253;16009.98;9352.341;6907.746;15328.072;19520.179;51108.337;2236.916;Administração, defesa, educação e saúde públicas e seguridade social;Demais serviços;Agricultura, inclusive apoio à agricultura e a pós colheita
3;Sudeste;35;SP;São Paulo;3522208;Itapecerica da Serra;True;2023;publica;medio;todos (1-4);95.3;0.954298;267.71;279.55;4.634366;4.4;;6215133.643;39206.76;5275802.258;33281.2;4909298.748;27338.58;26749.485;767377.049;2720393.811;725528.599;4240048.944;669249.804;Demais serviços;Comércio e reparação de veículos automotores e motocicletas;Administração, defesa, educação e saúde públicas e seguridade social
3;Sudeste;35;SP;São Paulo;3522307;Itapetininga;True;2023;publica;medio;todos (1-4);94.2;0.952131;276.41;281.63;4.787695;4.6;;7962801.863;50464.55;7249598.877;45944.6;6359722.596;38058.01;411249.541;1394942.5;3095970.818;685169.449;5587332.307;772390.288;Demais serviços;Indústrias de transformação;Comércio e reparação de veículos automotores e motocicletas
3;Sudeste;35;SP;São Paulo;3522406;Itapeva;True;2023;publica;medio;todos (1-4);95.8;0.95963;284.76;288.85;5.013054;4.8;;4558511.821;50803.67;4196751.159;46771.92;3788992.478;39783.21;991508.663;477193.322;1560789.808;431700.823;3461192.616;327799.862;Demais serviços;Agricultura, inclusive apoio à agricultura e a pós colheita;Administração, defesa, educação e saúde públicas e seguridade social
3;Sudeste;35;SP;São Paulo;3522505;Itapevi;True;2023;publica;medio;todos (1-4);89.9;0.898052;254.29;266.8;4.255015;3.8;;15615097.192;67220.4;15017261.084;64586.76;12854995.018;52656.14;364.666;1967818.035;7477096.427;1016204.434;10461483.562;2393511.456;Demais serviços;Comércio e reparação de veículos automotores e motocicletas;Indústrias de transformação
3;Sudeste;35;SP;São Paulo;3522604;Itapira;True;2023;publica;medio;todos (1-4);90.2;0.90325;279.17;287.99;4.921669;4.4;;6365973.525;88389.29;5497230.367;76327.1;4756331.426;62845.44;76928.681;1922953.26;1743951.181;353902.095;4097735.217;658596.209;Indústrias de transformação;Demais serviços;Administração, defesa, educação e saúde públicas e seguridade social
3;Sudeste;35;SP;São Paulo;3522653;Itapirapuã Paulista;True;2023;publica;medio;todos (1-4);96.6;0.975039;285.2;281.76;4.913096;4.8;;77308.055;17953.57;63289.874;14698.07;52590.208;12247.37;3028.786;2864.271;19853.768;24442.448;50189.273;2400.934;Administração, defesa, educação e saúde públicas e seguridade social;Demais serviços;Comércio e reparação de veículos automotores e motocicletas
3;Sudeste;35;SP;São Paulo;3522703;Itápolis;True;2023;publica;medio;todos (1-4);99.1;0.992637;286.37;286.76;5.004379;5.0;;2524858.407;63931.8;1973005.845;49958.37;1630819.908;37459.11;157620.108;315905.16;784293.487;202192.969;1460011.724;170808.184;Demais serviços;Indústrias de transformação;Administração, defesa, educação e saúde públicas e seguridade social
3;Sudeste;35;SP;São Paulo;3522802;Itaporanga;True;2023;publica;medio;todos (1-4);96.5;0.963717;265.14;260.63;4.315037;4.2;;408306.917;28988.78;367400.991;26084.56;305514.254;20103.59;65058.739;12969.588;142140.633;69996.493;290165.452;15348.801;Demais serviços;Administração, defesa, educação e saúde públicas e seguridade social;Agricultura, inclusive apoio à agricultura e a pós colheita
3;Sudeste;35;SP;São Paulo;3522901;Itapuí;True;2023;publica;medio;todos (1-4);93.7;0.940138;258.95;276.96;4.47256;4.2;;1311337.801;96005.4;1235795.278;90474.8;1003728.987;70205.57;23467.57;300836.91;466055.325;65153.213;855513.018;148215.97;Indústrias de transformação;Demais serviços;Comércio e reparação de veículos automotores e motocicletas
3;Sudeste;35;SP;São Paulo;3523008;Itapura;True;2023;publica;medio;todos (1-4);95.2;0.95059;268.24;283.93;4.707379;4.5;;209348.725;52613.4;136395.113;34278.74;104627.589;20950.66;35615.413;4324.714;30535.108;29815.317;100290.552;4337.037;Agricultura, inclusive apoio à agricultura e a pós colheita;Administração, defesa, educação e saúde públicas e seguridade social;Demais serviços
3;Sudeste;35;SP;São Paulo;3523107;Itaquaquecetuba;True;2023;publica;medio;todos (1-4);90.9;0.911213;257.06;266.38;4.287632;3.9;;11979259.765;32439.94;10755651.305;29126.4;9519617.706;25112.29;15805.816;2351745.61;4428777.879;1324841.272;8121170.577;1398447.129;Demais serviços;Indústrias de transformação;Administração, defesa, educação e saúde públicas e seguridade social
3;Sudeste;35;SP;São Paulo;3523206;Itararé;True;2023;publica;medio;todos (1-4);91.0;0.91358;271.46;279.71;4.68943;4.3;;1406445.26;31649.61;1304342.58;29351.96;1182424.012;23286.15;172774.078;118452.578;580730.102;218485.133;1090441.892;91982.12;Demais serviços;Administração, defesa, educação e saúde públicas e seguridade social;Comércio e reparação de veículos automotores e motocicletas
3;Sudeste;35;SP;São Paulo;3523305;Itariri;True;2023;publica;medio;todos (1-4);96.2;0.962233;261.4;265.61;4.33706;4.2;;400626.557;25800.27;327125.649;21066.82;438980.463;24725.72;109346.831;13139.103;204462.196;76866.312;403814.441;35166.021;Demais serviços;Agricultura, inclusive apoio à agricultura e a pós colheita;Comércio e reparação de veículos automotores e motocicletas
3;Sudeste;35;SP;São Paulo;3523404;Itatiba;True;2023;publica;medio;todos (1-4);98.3;0.98431;283.91;291.19;5.036146;5.0;;10327467.002;84936.81;9032760.722;73782.6;8245497.584;66360.02;840129.835;2385197.969;2904492.795;612781.673;6742602.272;1502895.312;Demais serviços;Indústrias de transformação;Agricultura, inclusive apoio à agricultura e a pós colheita
3;Sudeste;35;SP;São Paulo;3523503;Itatinga;True;2023;publica;medio;todos (1-4);90.0;0.902686;258.6;270.09;4.3648;3.9;;601160.989;31523.91;432049.968;22656.0;396659.517;18764.35;47195.842;58661.719;162822.867;93133.09;361813.518;34846.0;Demais serviços;Administração, defesa, educação e saúde públicas e seguridade social;Indústrias de transformação
3;Sudeste;35;SP;São Paulo;3523602;Itirapina;True;2023;publica;medio;todos (1-4);99.0;0.988925;255.52;269.4;4.311212;4.3;;1570273.265;97242.59;1735171.426;107454.26;1273183.85;68413.96;97283.467;257539.88;382847.624;106989.752;844660.724;428523.126;Demais serviços;Indústrias de transformação;Administração, defesa, educação e saúde públicas e seguridade social
3;Sudeste;35;SP;São Paulo;3523701;Itirapuã;True;2023;publica;medio;todos (1-4);85.5;0.879371;251.67;259.48;4.108636;3.6;;190876.434;33029.32;188762.799;32663.57;161834.767;24568.81;73242.756;9458.206;41938.037;32245.552;156884.551;4950.215;Agricultura, inclusive apoio à agricultura e a pós colheita;Demais serviços;Administração, defesa, educação e saúde públicas e seguridade social
3;Sudeste;35;SP;São Paulo;3523800;Itobi;False;;;;;;;;;;;;251137.683;31212.74;250848.438;31176.79;198366.051;25230.99;65156.294;17152.859;71342.018;33120.573;186771.744;11594.307;Agricultura, inclusive apoio à agricultura e a pós colheita;Demais serviços;Administração, defesa, educação e saúde públicas e seguridade social
3;Sudeste;35;SP;São Paulo;3523909;Itu;True;2023;publica;medio;todos (1-4);95.0;0.949194;269.18;279.41;4.652917;4.4;;14012530.257;83288.93;11782988.623;70036.78;10540812.918;59502.19;61727.529;2778956.096;4851515.989;785615.934;8477815.549;2062997.369;Demais serviços;Indústrias de transformação;Comércio e reparação de veículos automotores e motocicletas
3;Sudeste;35;SP;São Paulo;3524006;Itupeva;True;2023;publica;medio;todos (1-4);94.6;0.946594;267.11;282.16;4.665011;4.4;;10529260.248;149105.87;9479462.351;134239.58;8423278.988;130938.58;90568.245;2380931.761;3601852.833;413889.302;6487242.141;1936036.847;Indústrias de transformação;Demais serviços;Comércio e reparação de veículos automotores e motocicletas
3;Sudeste;35;SP;São Paulo;3524105;Ituverava;True;2023;publica;medio;todos (1-4);89.7;0.898476;269.72;284.41;4.735351;4.3;;2218625.13;59051.53;2208547.31;58783.3;1907193.117;45131.05;124876.142;500864.603;801006.844;191840.232;1618587.821;288605.296;Demais serviços;Indústrias de transformação;Administração, defesa, educação e saúde públicas e seguridade social
3;Sudeste;35;SP;São Paulo;3524204;Jaborandi;True;2023;publica;medio;todos (1-4);98.7;0.988265;270.28;274.29;4.591719;4.5;;247094.751;39719.46;174902.421;28114.84;153277.993;22013.21;53492.19;8042.021;49075.616;36614.163;147223.99;6054.003;Agricultura, inclusive apoio à agricultura e a pós colheita;Demais serviços;Administração, defesa, educação e saúde públicas e seguridade social
3;Sudeste;35;SP;São Paulo;3524303;Jaboticabal;True;2023;publica;medio;todos (1-4);89.0;0.89155;268.18;275.01;4.573003;4.1;;4156253.295;57869.61;3877101.78;53982.84;3601183.19;46151.86;247869.658;697109.406;1831272.797;389442.189;3165694.051;435489.139;Demais serviços;Comércio e reparação de veículos automotores e motocicletas;Indústrias de transformação
3;Sudeste;35;SP;São Paulo;3524402;Jacareí;True;2023;publica;medio;todos (1-4);90.5;0.910251;275.43;282.58;4.788153;4.4;;19692996.445;81960.24;17761834.78;73922.94;16080493.543;67816.13;38511.705;5091965.759;6611049.404;954072.132;12695599.0;3384894.543;Demais serviços;Indústrias de transformação;Comércio e reparação de veículos automotores e motocicletas
3;Sudeste;35;SP;São Paulo;3524501;Jaci;False;;;;;;;;;;;;880800.415;115696.89;713599.47;93734.33;676808.092;92434.87;32379.736;290062.665;221721.283;37440.558;581604.242;95203.85;Indústrias de transformação;Demais serviços;Administração, defesa, educação e saúde públicas e seguridade social
3;Sudeste;35;SP;São Paulo;3524600;Jacupiranga;True;2023;publica;medio;todos (1-4);95.6;0.953487;266.54;281.57;4.648173;4.4;;698900.817;43418.08;579594.588;35963.92;531089.163;29651.56;122648.56;30011.007;253282.227;86628.828;492570.623;38518.541;Demais serviços;Agricultura, inclusive apoio à agricultura e a pós colheita;Administração, defesa, educação e saúde públicas e seguridade social
3;Sudeste;35;SP;São Paulo;3524709;Jaguariúna;True;2023;publica;medio;todos (1-4);90.1;0.899428;277.09;287.51;4.88527;4.4;;14680877.677;247373.54;13930315.232;234726.53;13981301.517;233328.91;20779.595;3759802.801;6870415.167;379153.169;11030150.731;2951150.786;Demais serviços;Indústrias de transformação;Comércio e reparação de veículos automotores e motocicletas
3;Sudeste;35;SP;São Paulo;3524808;Jales;True;2023;publica;medio;todos (1-4);97.9;0.979274;276.03;279.84;4.755562;4.7;;2590208.251;53104.15;2384962.213;48896.22;1982125.374;40212.72;88022.246;355472.671;1139428.481;219012.819;1801936.217;180189.158;Demais serviços;Indústrias de transformação;Comércio e reparação de veículos automotores e motocicletas
3;Sudeste;35;SP;São Paulo;3524907;Jambeiro;True;2023;publica;medio;todos (1-4);94.0;0.947652;267.79;276.87;4.59537;4.4;;461642.156;72165.41;369698.302;57792.45;352904.037;51684.83;12071.354;112580.984;96688.358;38485.871;259826.567;93077.47;Demais serviços;Indústrias de transformação;Administração, defesa, educação e saúde públicas e seguridade social
3;Sudeste;35;SP;São Paulo;3525003;Jandira;True;2023;publica;medio;todos (1-4);93.2;0.933416;263.13;278.86;4.559711;4.3;;5547106.684;46991.46;5752532.953;48731.7;4908360.238;38426.42;729.331;1244034.616;2246180.48;552277.477;4043221.904;865138.334;Demais serviços;Indústrias de transformação;Comércio e reparação de veículos automotores e motocicletas
3;Sudeste;35;SP;São Paulo;3525102;Jardinópolis;True;2023;publica;medio;todos (1-4);96.1;0.963248;254.63;260.61;4.167126;4.0;;2398612.345;52970.55;1933190.184;42692.24;1580760.481;34708.42;100311.166;227269.233;825790.259;239951.348;1393322.007;187438.474;Demais serviços;Administração, defesa, educação e saúde públicas e seguridade social;Comércio e reparação de veículos automotores e motocicletas
3;Sudeste;35;SP;São Paulo;3525201;Jarinu;True;2023;publica;medio;todos (1-4);95.9;0.958782;273.12;283.45;4.768733;4.6;;3546443.823;94483.65;3245903.103;86476.7;2997399.556;96153.71;55015.372;565116.712;1683142.428;192492.104;2495766.616;501632.94;Demais serviços;Comércio e reparação de veículos automotores e motocicletas;Indústrias de transformação
3;Sudeste;35;SP;São Paulo;3525300;Jaú;True;2023;publica;medio;todos (1-4);92.5;0.929871;278.56;284.48;4.860556;4.5;;6542932.931;49011.83;6248399.582;46805.54;5582394.761;36376.16;125734.564;878277.38;3302757.538;644925.339;4951694.821;630699.94;Demais serviços;Comércio e reparação de veículos automotores e motocicletas;Administração, defesa, educação e saúde públicas e seguridade social
3;Sudeste;35;SP;São Paulo;3525409;Jeriquara;True;2023;publica;medio;todos (1-4);100.0;1.0;249.35;254.39;3.999855;4.0;;308788.507;79934.9;153123.769;39638.56;168937.393;53750.36;97912.801;9837.269;34950.275;21196.972;163897.317;5040.076;Agricultura, inclusive apoio à agricultura e a pós colheita;Demais serviços;Administração, defesa, educação e saúde públicas e seguridade social
3;Sudeste;35;SP;São Paulo;3525508;Joanópolis;True;2023;publica;medio;todos (1-4);98.3;0.983329;277.14;276.92;4.727439;4.6;;335736.757;26198.73;285354.38;22267.22;261557.616;19442.33;25635.617;13741.125;141279.273;63361.833;244017.848;17539.768;Demais serviços;Administração, defesa, educação e saúde públicas e seguridade social;Comércio e reparação de veículos automotores e motocicletas
3;Sudeste;35;SP;São Paulo;3525607;João Ramalho;False;;;;;;;;;;;;186999.917;42781.95;119071.339;27241.21;148675.33;32483.14;84115.008;2976.951;33336.969;23600.407;144029.335;4645.994;Agricultura, inclusive apoio à agricultura e a pós colheita;Pecuária, inclusive apoio à pecuária;Demais serviços
3;Sudeste;35;SP;São Paulo;3525706;José Bonifácio;True;2023;publica;medio;todos (1-4);89.6;0.89077;262.75;266.86;4.374733;3.9;;1940540.325;52972.47;1642066.802;44824.8;1381751.014;36644.42;166490.548;272609.518;626318.305;194282.52;1259700.891;122050.123;Demais serviços;Indústrias de transformação;Administração, defesa, educação e saúde públicas e seguridade social
3;Sudeste;35;SP;São Paulo;3525805;Júlio Mesquita;True;2023;publica;medio;todos (1-4);94.7;0.943278;256.08;257.6;4.142431;3.9;;82839.206;19473.25;67851.478;15950.04;58842.947;12197.96;9938.735;1690.562;20852.077;23464.639;55946.013;2896.933;Administração, defesa, educação e saúde públicas e seguridade social;Demais serviços;Agricultura, inclusive apoio à agricultura e a pós colheita
3;Sudeste;35;SP;São Paulo;3525854;Jumirim;True;2023;publica;medio;todos (1-4);90.3;0.901935;283.65;286.88;4.967973;4.5;;287950.527;94224.65;237904.897;77772.11;213999.554;61724.71;18361.669;86777.174;55533.029;20608.189;181280.062;32719.492;Indústrias de transformação;Demais serviços;Administração, defesa, educação e saúde públicas e seguridade social
3;Sudeste;35;SP;São Paulo;3525904;Jundiaí;True;2023;publica;medio;todos (1-4);96.6;0.966263;278.38;287.14;4.897849;4.7;;65418378.096;147597.65;63835906.83;144061.39;57670892.685;135081.2;185537.439;11700443.69;29583739.418;2239148.491;43708869.039;13962023.646;Demais serviços;Comércio e reparação de veículos automotores e motocicletas;Indústrias de transformação
3;Sudeste;35;SP;São Paulo;3526001;Junqueirópolis;True;2023;publica;medio;todos (1-4);97.8;0.979524;278.62;278.82;4.776669;4.7;;940870.636;46012.84;878755.577;42975.14;807879.163;38510.78;73462.948;177594.526;380557.884;98820.88;730436.239;77442.925;Demais serviços;Indústrias de transformação;Administração, defesa, educação e saúde públicas e seguridade social
3;Sudeste;35;SP;São Paulo;3526100;Juquiá;True;2023;publica;medio;todos (1-4);98.0;0.981275;269.59;274.39;4.583525;4.5;;446417.514;26024.11;379655.194;22132.17;366459.396;19673.56;89324.04;21741.048;148761.986;86907.696;346734.77;19724.626;Demais serviços;Administração, defesa, educação e saúde públicas e seguridade social;Agricultura, inclusive apoio à agricultura e a pós colheita
3;Sudeste;35;SP;São Paulo;3526209;Juquitiba;True;2023;publica;medio;todos (1-4);95.5;0.953404;278.5;286.64;4.892049;4.7;;660665.184;24108.35;623225.787;22742.15;573997.22;18025.29;1252.926;78290.446;306244.897;134189.67;519977.939;54019.281;Demais serviços;Administração, defesa, educação e saúde públicas e seguridade social;Comércio e reparação de veículos automotores e motocicletas
3;Sudeste;35;SP;São Paulo;3526308;Lagoinha;True;2023;publica;medio;todos (1-4);95.7;0.961026;286.56;290.8;5.067527;4.9;;101410.723;19950.96;83001.502;16329.24;73967.039;15150.97;11329.111;3547.553;30228.134;25593.956;70698.754;3268.285;Demais serviços;Administração, defesa, educação e saúde públicas e seguridade social;Pecuária, inclusive apoio à pecuária
3;Sudeste;35;SP;São Paulo;3526407;Laranjal Paulista;True;2023;publica;medio;todos (1-4);89.1;0.893157;267.23;280.34;4.639451;4.1;;1688979.269;64315.12;1522677.901;57982.48;1411101.003;48579.92;40153.573;509863.048;502218.974;146191.816;1198427.411;212673.592;Indústrias de transformação;Demais serviços;Administração, defesa, educação e saúde públicas e seguridade social
3;Sudeste;35;SP;São Paulo;3526506;Lavínia;True;2023;publica;medio;todos (1-4);99.4;0.995289;293.11;303.27;5.346198;5.3;;262293.976;27071.32;180410.777;18620.16;184895.988;14696.45;69549.161;4258.765;50632.822;52775.844;177216.593;7679.395;Agricultura, inclusive apoio à agricultura e a pós colheita;Administração, defesa, educação e saúde públicas e seguridade social;Demais serviços
3;Sudeste;35;SP;São Paulo;3526605;Lavrinhas;True;2023;publica;medio;todos (1-4);97.2;0.968096;261.56;278.07;4.525834;4.4;;169896.176;23692.12;154189.566;21501.82;133317.098;18111.28;5803.588;22491.291;50203.183;39864.726;118362.789;14954.309;Demais serviços;Administração, defesa, educação e saúde públicas e seguridade social;Indústrias de transformação
3;Sudeste;35;SP;São Paulo;3526704;Leme;True;2023;publica;medio;todos (1-4);97.5;0.973989;276.63;282.99;4.811144;4.7;;4938511.737;50310.32;5139315.315;52364.51;4101866.544;38964.09;111181.589;983962.352;1929158.941;459955.021;3484257.903;617608.642;Demais serviços;Indústrias de transformação;Administração, defesa, educação e saúde públicas e seguridade social
3;Sudeste;35;SP;São Paulo;3526803;Lençóis Paulista;True;2023;publica;medio;todos (1-4);97.0;0.969398;278.3;283.89;4.848072;4.7;;6564647.742;98709.09;5881417.984;88435.73;4924228.119;70818.58;97655.088;1872223.387;1952286.818;327595.869;4249761.163;674466.956;Indústrias de transformação;Demais serviços;Comércio e reparação de veículos automotores e motocicletas
3;Sudeste;35;SP;São Paulo;3526902;Limeira;True;2023;publica;medio;todos (1-4);95.8;0.957843;280.94;285.72;4.912546;4.7;;20876940.083;71528.46;19078470.332;65366.55;16060738.811;51678.31;113031.059;4846073.774;7194792.767;1324328.677;13478226.277;2582512.534;Demais serviços;Indústrias de transformação;Comércio e reparação de veículos automotores e motocicletas
3;Sudeste;35;SP;São Paulo;3527009;Lindóia;True;2023;publica;medio;todos (1-4);92.4;0.924623;283.17;286.27;4.9521;4.6;;405308.216;57785.6;321979.886;45931.51;246178.779;30018.14;9518.671;76442.616;91644.672;43819.052;221425.01;24753.768;Demais serviços;Indústrias de transformação;Administração, defesa, educação e saúde públicas e seguridade social
3;Sudeste;35;SP;São Paulo;3527108;Lins;True;2023;publica;medio;todos (1-4);85.8;0.861843;273.38;281.92;4.74948;4.1;;8610362.609;115144.13;8848508.844;118328.79;6763890.055;85642.71;70627.343;3089440.83;2421186.445;300941.295;5882195.913;881694.143;Indústrias de transformação;Demais serviços;Administração, defesa, educação e saúde públicas e seguridade social
3;Sudeste;35;SP;São Paulo;3527207;Lorena;True;2023;publica;medio;todos (1-4);95.1;0.953706;273.76;282.42;4.762302;4.5;;4501317.953;53047.17;4172744.052;49174.99;3876663.467;43299.19;18505.743;1316995.55;1702224.4;368780.192;3406505.885;470157.583;Demais serviços;Indústrias de transformação;Administração, defesa, educação e saúde públicas e seguridade social
3;Sudeste;35;SP;São Paulo;3527256;Lourdes;True;2023;publica;medio;todos (1-4);100.0;1.0;260.88;263.1;4.292182;4.3;;55440.123;28430.83;43632.559;22375.67;43489.176;18818.34;8581.456;1979.826;14230.276;17220.932;42012.49;1476.686;Administração, defesa, educação e saúde públicas e seguridade social;Demais serviços;Agricultura, inclusive apoio à agricultura e a pós colheita
3;Sudeste;35;SP;São Paulo;3527306;Louveira;True;2023;publica;medio;todos (1-4);94.5;0.94307;264.3;272.64;4.48303;4.2;;20154612.051;388732.46;19241992.433;371230.54;19677150.59;385773.53;37358.866;5764020.101;9636000.876;326980.049;15764359.891;3912790.699;Indústrias de transformação;Comércio e reparação de veículos automotores e motocicletas;Demais serviços
3;Sudeste;35;SP;São Paulo;3527405;Lucélia;True;2023;publica;medio;todos (1-4);93.6;0.927525;272.03;278.13;4.673783;4.3;;600068.339;29912.18;541971.346;27016.17;584271.282;26531.25;35246.051;142852.412;243594.022;104868.651;526561.136;57710.145;Demais serviços;Indústrias de transformação;Administração, defesa, educação e saúde públicas e seguridade social
3;Sudeste;35;SP;São Paulo;3527504;Lucianópolis;True;2023;publica;medio;todos (1-4);97.2;0.968538;264.7;255.08;4.225774;4.1;;138654.329;58454.61;73640.153;31045.6;70465.375;29214.5;26831.011;2953.541;19569.077;18427.169;67780.797;2684.578;Agricultura, inclusive apoio à agricultura e a pós colheita;Administração, defesa, educação e saúde públicas e seguridade social;Demais serviços
3;Sudeste;35;SP;São Paulo;3527603;Luís Antônio;True;2023;publica;medio;todos (1-4);90.8;0.91461;267.16;278.57;4.611971;4.2;;2385616.849;194506.06;1813179.403;147833.62;1556606.521;99603.69;90672.033;872248.358;332391.495;97912.357;1393224.243;163382.277;Indústrias de transformação;Demais serviços;Administração, defesa, educação e saúde públicas e seguridade social
3;Sudeste;35;SP;São Paulo;3527702;Luiziânia;True;2023;publica;medio;todos (1-4);97.5;0.96959;267.7;273.19;4.539016;4.4;;117808.607;25060.33;95716.627;20360.91;93808.712;15851.42;25156.373;4672.184;32076.789;28993.253;90898.598;2910.114;Demais serviços;Administração, defesa, educação e saúde públicas e seguridade social;Agricultura, inclusive apoio à agricultura e a pós colheita
3;Sudeste;35;SP;São Paulo;3527801;Lupércio;True;2023;publica;medio;todos (1-4);98.4;0.982504;268.56;266.23;4.446903;4.4;;115243.875;28948.47;96789.147;24312.77;98336.886;21340.47;19870.025;15263.583;32156.673;25569.845;92860.127;5476.76;Demais serviços;Administração, defesa, educação e saúde públicas e seguridade social;Agricultura, inclusive apoio à agricultura e a pós colheita
3;Sudeste;35;SP;São Paulo;3527900;Lutécia;True;2023;publica;medio;todos (1-4);97.1;0.971831;263.96;269.34;4.428854;4.3;;135644.625;50975.06;100630.589;37745.91;101173.117;38571.53;50510.647;6703.815;21320.834;19554.955;98090.252;3082.866;Agricultura, inclusive apoio à agricultura e a pós colheita;Demais serviços;Administração, defesa, educação e saúde públicas e seguridade social
3;Sudeste;35;SP;São Paulo;3528007;Macatuba;True;2023;publica;medio;todos (1-4);93.9;0.942189;263.51;268.05;4.403222;4.1;;691847.287;41110.42;636544.053;37824.24;643782.915;37292.64;33949.897;82702.954;364670.144;79429.692;560752.686;83030.229;Demais serviços;Comércio e reparação de veículos automotores e motocicletas;Administração, defesa, educação e saúde públicas e seguridade social
3;Sudeste;35;SP;São Paulo;3528106;Macaubal;True;2023;publica;medio;todos (1-4);99.0;0.988263;281.76;292.54;5.026159;5.0;;245038.153;32754.73;215139.565;28758.13;196951.791;24094.91;55945.013;8253.751;85914.091;35699.717;185812.572;11139.219;Demais serviços;Agricultura, inclusive apoio à agricultura e a pós colheita;Administração, defesa, educação e saúde públicas e seguridade social
3;Sudeste;35;SP;São Paulo;3528205;Macedônia;True;2023;publica;medio;todos (1-4);99.0;0.983471;279.52;287.09;4.913111;4.8;;123749.527;31226.22;93684.277;23639.74;90930.779;24669.23;31397.42;6711.848;25016.834;24948.074;88074.175;2856.604;Administração, defesa, educação e saúde públicas e seguridade social;Demais serviços;Agricultura, inclusive apoio à agricultura e a pós colheita
3;Sudeste;35;SP;São Paulo;3528304;Magda;True;2023;publica;medio;todos (1-4);97.5;0.971831;276.88;302.35;5.104476;5.0;;168948.851;53380.36;121126.535;38270.63;104128.024;33742.07;39341.008;5487.237;34183.619;20299.581;99311.445;4816.58;Agricultura, inclusive apoio à agricultura e a pós colheita;Demais serviços;Administração, defesa, educação e saúde públicas e seguridade social
3;Sudeste;35;SP;São Paulo;3528403;Mairinque;True;2023;publica;medio;todos (1-4);97.0;0.970811;275.74;287.82;4.87095;4.7;;2923463.212;58437.71;2613752.712;52304.34;2695115.819;56474.15;22658.27;990050.729;989066.471;250616.534;2252392.004;442723.815;Indústrias de transformação;Demais serviços;Administração, defesa, educação e saúde públicas e seguridade social
3;Sudeste;35;SP;São Paulo;3528502;Mairiporã;True;2023;publica;medio;todos (1-4);95.3;0.955924;259.37;271.77;4.400764;4.2;;2767181.265;29484.21;2484184.151;26535.61;2288091.621;22076.24;1026.728;439959.434;1139823.038;405640.392;1986449.592;301642.029;Demais serviços;Administração, defesa, educação e saúde públicas e seguridade social;Indústrias de transformação
3;Sudeste;35;SP;São Paulo;3528601;Manduri;True;2023;publica;medio;todos (1-4);92.2;0.925985;257.97;279.41;4.495473;4.2;;361118.423;36583.77;310583.804;31464.27;291908.192;29272.78;69510.14;38516.836;109164.946;46612.702;263804.624;28103.568;Demais serviços;Agricultura, inclusive apoio à agricultura e a pós colheita;Administração, defesa, educação e saúde públicas e seguridade social
3;Sudeste;35;SP;São Paulo;3528700;Marabá Paulista;True;2023;publica;medio;todos (1-4);95.8;0.962575;259.88;283.0;4.576041;4.4;;201667.809;44099.67;139886.538;30589.66;157010.99;25999.5;82794.916;5128.944;28518.134;36865.669;153307.664;3703.326;Agricultura, inclusive apoio à agricultura e a pós colheita;Administração, defesa, educação e saúde públicas e seguridade social;Demais serviços
3;Sudeste;35;SP;São Paulo;3528809;Maracaí;True;2023;publica;medio;todos (1-4);97.7;0.980401;265.11;268.63;4.434376;4.3;;1039675.675;82038.64;953215.328;75216.23;517397.816;36775.73;81317.267;67438.835;245176.044;74799.869;468732.015;48665.801;Demais serviços;Comércio e reparação de veículos automotores e motocicletas;Agricultura, inclusive apoio à agricultura e a pós colheita
3;Sudeste;35;SP;São Paulo;3528858;Marapoama;True;2023;publica;medio;todos (1-4);100.0;1.0;291.75;280.53;4.986677;5.0;;163561.59;49684.57;124020.437;37673.28;119694.406;38648.5;37043.072;12995.587;37276.323;23401.81;110716.792;8977.615;Agricultura, inclusive apoio à agricultura e a pós colheita;Demais serviços;Administração, defesa, educação e saúde públicas e seguridade social
3;Sudeste;35;SP;São Paulo;3528908;Mariápolis;True;2023;publica;medio;todos (1-4);86.2;0.856013;256.93;276.52;4.437603;3.8;;90254.596;25691.6;69905.743;19899.16;76481.673;18663.17;29656.761;3686.543;20335.457;21020.44;74699.202;1782.47;Agricultura, inclusive apoio à agricultura e a pós colheita;Administração, defesa, educação e saúde públicas e seguridade social;Demais serviços
3;Sudeste;35;SP;São Paulo;3529005;Marília;True;2023;publica;medio;todos (1-4);93.6;0.937287;269.98;275.63;4.607566;4.3;;12507570.77;52635.31;11020231.383;46375.78;9756006.261;40272.64;93385.45;1380457.887;6118707.401;1057288.483;8649839.222;1106167.039;Demais serviços;Comércio e reparação de veículos automotores e motocicletas;Administração, defesa, educação e saúde públicas e seguridade social
3;Sudeste;35;SP;São Paulo;3529104;Marinópolis;True;2023;publica;medio;todos (1-4);100.0;1.0;280.98;300.48;5.134066;5.1;;56364.596;30303.55;42489.826;22843.99;40066.938;19070.41;9334.689;2086.23;13107.037;14129.652;38657.608;1409.33;Administração, defesa, educação e saúde públicas e seguridade social;Demais serviços;Agricultura, inclusive apoio à agricultura e a pós colheita
3;Sudeste;35;SP;São Paulo;3529203;Martinópolis;True;2023;publica;medio;todos (1-4);90.8;0.908759;262.45;272.77;4.458993;4.1;;949416.286;38158.28;766182.395;30793.87;754950.447;28179.26;169680.7;87075.361;310024.342;133106.383;699886.786;55063.661;Demais serviços;Agricultura, inclusive apoio à agricultura e a pós colheita;Administração, defesa, educação e saúde públicas e seguridade social
3;Sudeste;35;SP;São Paulo;3529302;Matão;True;2023;publica;medio;todos (1-4);93.2;0.931272;281.35;286.4;4.928484;4.6;;7646780.494;96754.27;6187823.911;78294.18;5356571.323;63716.37;75388.306;2091848.538;2049721.336;349245.452;4566203.631;790367.692;Indústrias de transformação;Demais serviços;Administração, defesa, educação e saúde públicas e seguridade social
3;Sudeste;35;SP;São Paulo;3529401;Mauá;True;2023;publica;medio;todos (1-4);93.3;0.931518;268.77;283.24;4.704494;4.4;;25000732.02;59773.04;24111460.53;57646.93;20776212.745;43128.78;22.476;7756771.51;7936387.777;1810087.054;17503268.817;3272943.928;Indústrias de transformação;Demais serviços;Administração, defesa, educação e saúde públicas e seguridade social
3;Sudeste;35;SP;São Paulo;3529500;Mendonça;True;2023;publica;medio;todos (1-4);92.3;0.921869;270.75;282.66;4.72362;4.4;;593744.816;96402.8;474541.432;77048.45;374784.785;66474.78;22399.981;121950.078;149489.646;36115.589;329955.294;44829.49;Indústrias de transformação;Demais serviços;Comércio e reparação de veículos automotores e motocicletas
3;Sudeste;35;SP;São Paulo;3529609;Meridiano;True;2023;publica;medio;todos (1-4);99.1;0.992214;277.36;295.06;5.002086;5.0;;437548.09;95701.68;399566.164;87394.17;393842.471;103289.4;40163.573;168841.189;116133.402;27332.622;352470.786;41371.685;Indústrias de transformação;Demais serviços;Agricultura, inclusive apoio à agricultura e a pós colheita
3;Sudeste;35;SP;São Paulo;3529658;Mesópolis;True;2023;publica;medio;todos (1-4);94.6;0.944292;278.32;259.36;4.481138;4.2;;108331.327;55497.61;78851.943;40395.46;81615.128;42887.61;43033.586;3123.952;16358.319;15979.377;78495.234;3119.895;Agricultura, inclusive apoio à agricultura e a pós colheita;Administração, defesa, educação e saúde públicas e seguridade social;Demais serviços
3;Sudeste;35;SP;São Paulo;3529708;Miguelópolis;True;2023;publica;medio;todos (1-4);98.6;0.985921;272.71;274.95;4.635729;4.6;;1113098.239;57255.19;1079728.834;55538.75;1016136.928;45201.82;198445.634;442258.151;230862.465;117465.388;989031.638;27105.29;Eletricidade e gás, água, esgoto, atividades de gestão de resíduos e descontaminação;Demais serviços;Agricultura, inclusive apoio à agricultura e a pós colheita
3;Sudeste;35;SP;São Paulo;3529807;Mineiros do Tietê;False;;;;;;;;;;;;309941.386;27599.41;255740.214;22772.95;226257.409;17373.68;31033.258;36451.043;81089.288;58851.522;207425.112;18832.296;Demais serviços;Administração, defesa, educação e saúde públicas e seguridade social;Agricultura, inclusive apoio à agricultura e a pós colheita
3;Sudeste;35;SP;São Paulo;3529906;Miracatu;True;2023;publica;medio;todos (1-4);95.4;0.957787;268.32;276.24;4.593383;4.4;;560826.527;30228.35;471305.511;25403.2;456953.057;23420.28;66972.288;27338.093;232067.527;95529.134;421907.042;35046.015;Demais serviços;Administração, defesa, educação e saúde públicas e seguridade social;Agricultura, inclusive apoio à agricultura e a pós colheita
3;Sudeste;35;SP;São Paulo;3530003;Mira Estrela;False;;;;;;;;;;;;77240.19;24708.95;67283.145;21523.72;70361.627;22515.72;16877.594;5056.605;24736.617;21135.896;67806.712;2554.915;Demais serviços;Administração, defesa, educação e saúde públicas e seguridade social;Pecuária, inclusive apoio à pecuária
3;Sudeste;35;SP;São Paulo;3530102;Mirandópolis;True;2023;publica;medio;todos (1-4);97.0;0.97247;273.64;271.91;4.603282;4.5;;978818.314;34979.03;788259.463;28169.23;738742.24;24753.46;153563.244;95679.717;310447.962;121763.883;681454.806;57287.434;Demais serviços;Administração, defesa, educação e saúde públicas e seguridade social;Agricultura, inclusive apoio à agricultura e a pós colheita
3;Sudeste;35;SP;São Paulo;3530201;Mirante do Paranapanema;True;2023;publica;medio;todos (1-4);97.6;0.977998;267.73;270.94;4.505755;4.4;;651108.007;40906.45;585090.332;36758.83;606917.474;32957.78;136704.39;155338.587;174756.508;87262.364;554061.849;52855.625;Demais serviços;Indústrias de transformação;Agricultura, inclusive apoio à agricultura e a pós colheita
3;Sudeste;35;SP;São Paulo;3530300;Mirassol;True;2023;publica;medio;todos (1-4);98.6;0.985965;280.93;287.48;4.938753;4.9;;3345887.627;52826.75;3039964.543;47996.66;2660334.032;43778.54;47868.45;695647.435;1293726.584;276931.923;2314174.392;346159.64;Demais serviços;Indústrias de transformação;Comércio e reparação de veículos automotores e motocicletas
3;Sudeste;35;SP;São Paulo;3530409;Mirassolândia;True;2023;publica;medio;todos (1-4);95.4;0.95522;266.0;280.64;4.626667;4.4;;378154.379;80992.58;209298.604;44827.29;213294.971;42951.06;76241.233;44074.562;51176.863;26522.806;198015.463;15279.508;Demais serviços;Agricultura, inclusive apoio à agricultura e a pós colheita;Indústrias de transformação
3;Sudeste;35;SP;São Paulo;3530508;Mococa;True;2023;publica;medio;todos (1-4);89.7;0.900608;272.23;276.89;4.658029;4.2;;4014553.266;59315.81;3478085.054;51389.39;3043691.898;44065.5;216964.815;752040.895;1389338.352;320872.626;2679216.688;364475.21;Demais serviços;Indústrias de transformação;Comércio e reparação de veículos automotores e motocicletas
3;Sudeste;35;SP;São Paulo;3530607;Mogi das Cruzes;True;2023;publica;medio;todos (1-4);95.3;0.954609;271.87;279.76;4.695937;4.5;;26072522.197;57745.81;22702759.066;50455.62;19604517.461;43031.34;538093.689;4765447.415;9446543.059;1881376.429;16631460.593;2973056.869;Demais serviços;Indústrias de transformação;Comércio e reparação de veículos automotores e motocicletas
3;Sudeste;35;SP;São Paulo;3530706;Mogi Guaçu;True;2023;publica;medio;todos (1-4);88.8;0.891544;275.94;279.73;4.752651;4.2;;9433837.649;61395.03;8182932.159;53253.15;6865386.209;44538.21;269941.874;1916750.466;3010575.411;719540.984;5916808.735;948577.474;Demais serviços;Indústrias de transformação;Administração, defesa, educação e saúde públicas e seguridade social
3;Sudeste;35;SP;São Paulo;3530805;Mogi Mirim;True;2023;publica;medio;todos (1-4);94.5;0.946271;275.33;282.29;4.782407;4.5;;8092719.13;87434.03;7317579.339;79058.54;6313563.842;67095.62;215753.186;1540839.884;2918109.015;544512.084;5219214.168;1094349.674;Demais serviços;Indústrias de transformação;Comércio e reparação de veículos automotores e motocicletas
3;Sudeste;35;SP;São Paulo;3530904;Mombuca;True;2023;publica;medio;todos (1-4);89.7;0.894345;274.36;285.58;4.818035;4.3;;179188.607;48143.1;147771.732;39702.24;124517.473;35344.16;24900.335;30102.07;35638.196;25990.335;116630.936;7886.537;Demais serviços;Administração, defesa, educação e saúde públicas e seguridade social;Indústrias de transformação
3;Sudeste;35;SP;São Paulo;3531001;Monções;True;2023;publica;medio;todos (1-4);97.8;0.986301;270.4;284.86;4.751638;4.7;;77880.84;40206.94;63512.781;32789.25;58262.056;25620.96;8345.978;6710.647;19728.284;18772.309;53557.217;4704.839;Administração, defesa, educação e saúde públicas e seguridade social;Demais serviços;Agricultura, inclusive apoio à agricultura e a pós colheita
3;Sudeste;35;SP;São Paulo;3531100;Mongaguá;True;2023;publica;medio;todos (1-4);98.5;0.985658;261.16;270.21;4.402552;4.3;;1535905.805;24792.27;1396443.614;22541.1;1254605.285;21421.71;6363.217;139857.338;717173.344;315587.696;1178981.595;75623.69;Demais serviços;Administração, defesa, educação e saúde públicas e seguridade social;Comércio e reparação de veículos automotores e motocicletas
3;Sudeste;35;SP;São Paulo;3531209;Monte Alegre do Sul;True;2023;publica;medio;todos (1-4);91.9;0.920492;296.07;306.09;5.429986;5.0;;304555.388;35302.58;284876.225;33021.47;252217.893;30829.71;64320.06;22128.038;95325.886;43868.357;225642.341;26575.552;Demais serviços;Agricultura, inclusive apoio à agricultura e a pós colheita;Administração, defesa, educação e saúde públicas e seguridade social
3;Sudeste;35;SP;São Paulo;3531308;Monte Alto;True;2023;publica;medio;todos (1-4);89.7;0.90466;266.82;270.36;4.484292;4.1;;3062782.095;64379.33;2825781.759;59397.61;2435240.075;47713.32;259964.846;623780.456;1018818.591;228706.034;2131269.927;303970.148;Demais serviços;Indústrias de transformação;Agricultura, inclusive apoio à agricultura e a pós colheita
3;Sudeste;35;SP;São Paulo;3531407;Monte Aprazível;True;2023;publica;medio;todos (1-4);87.2;0.880817;265.61;274.25;4.525531;4.0;;1038559.71;46613.99;880683.706;39527.99;766600.054;29885.78;89782.696;167344.103;325577.154;119768.946;702472.899;64127.155;Demais serviços;Indústrias de transformação;Administração, defesa, educação e saúde públicas e seguridade social
3;Sudeste;35;SP;São Paulo;3531506;Monte Azul Paulista;True;2023;publica;medio;todos (1-4);83.2;0.836755;267.5;277.74;4.604321;3.9;;958013.847;52780.22;806993.239;44459.99;639162.497;33768.09;48168.399;53560.146;370222.627;99277.863;571229.035;67933.463;Demais serviços;Comércio e reparação de veículos automotores e motocicletas;Administração, defesa, educação e saúde públicas e seguridade social
3;Sudeste;35;SP;São Paulo;3531605;Monte Castelo;True;2023;publica;medio;todos (1-4);99.4;0.990143;249.15;255.88;4.019351;4.0;;161947.18;38357.93;130920.37;31009.09;128087.826;30746.0;45649.683;4061.499;49311.349;23245.796;122268.326;5819.5;Demais serviços;Agricultura, inclusive apoio à agricultura e a pós colheita;Administração, defesa, educação e saúde públicas e seguridade social
3;Sudeste;35;SP;São Paulo;3531704;Monteiro Lobato;True;2023;publica;medio;todos (1-4);92.7;0.938927;275.8;277.94;4.723888;4.4;;113890.985;27523.2;90419.663;21851.05;83030.469;17520.67;4866.788;10007.29;36349.701;24468.21;75691.989;7338.481;Demais serviços;Administração, defesa, educação e saúde públicas e seguridade social;Indústrias de transformação
3;Sudeste;35;SP;São Paulo;3531803;Monte Mor;True;2023;publica;medio;todos (1-4);96.1;0.962052;278.49;288.5;4.919753;4.7;;6049397.718;93554.14;4751055.794;73475.24;4317763.585;69972.02;88146.894;2105530.839;1150537.978;292570.338;3636786.048;680977.537;Indústrias de transformação;Demais serviços;Administração, defesa, educação e saúde públicas e seguridade social
3;Sudeste;35;SP;São Paulo;3531902;Morro Agudo;True;2023;publica;medio;todos (1-4);97.7;0.977898;272.76;285.27;4.790922;4.7;;1980195.494;70890.9;1459845.059;52262.38;1225918.089;36487.83;191536.341;293312.423;471700.131;161933.116;1118482.011;107436.078;Demais serviços;Indústrias de transformação;Agricultura, inclusive apoio à agricultura e a pós colheita
3;Sudeste;35;SP;São Paulo;3532009;Morungaba;True;2023;publica;medio;todos (1-4);96.7;0.967727;271.15;282.59;4.72819;4.6;;765640.893;55804.73;708975.921;51419.78;633323.989;45445.18;27003.63;256012.463;186841.751;67703.797;537561.641;95762.349;Indústrias de transformação;Demais serviços;Administração, defesa, educação e saúde públicas e seguridade social
3;Sudeste;35;SP;São Paulo;3532058;Motuca;True;2023;publica;medio;todos (1-4);84.1;0.851482;267.37;273.59;4.54037;3.9;;171027.138;42396.42;132075.421;32740.56;120695.871;24983.62;36173.631;14866.367;36679.589;26838.299;114557.886;6137.986;Demais serviços;Agricultura, inclusive apoio à agricultura e a pós colheita;Administração, defesa, educação e saúde públicas e seguridade social
3;Sudeste;35;SP;São Paulo;3532108;Murutinga do Sul;True;2023;publica;medio;todos (1-4);96.9;0.965431;288.36;282.96;4.975442;4.8;;113474.072;30365.02;83672.316;22390.24;88027.071;19453.5;26037.347;2087.377;28329.257;28301.061;84755.042;3272.029;Administração, defesa, educação e saúde públicas e seguridade social;Demais serviços;Agricultura, inclusive apoio à agricultura e a pós colheita
3;Sudeste;35;SP;São Paulo;3532157;Nantes;True;2023;publica;medio;todos (1-4);98.6;0.987705;268.01;267.27;4.454748;4.4;;189555.515;71261.47;156852.432;58967.08;142300.887;44261.55;36995.988;2573.649;65532.617;24665.294;129767.548;12533.339;Agricultura, inclusive apoio à agricultura e a pós colheita;Demais serviços;Comércio e reparação de veículos automotores e motocicletas
3;Sudeste;35;SP;São Paulo;3532207;Narandiba;True;2023;publica;medio;todos (1-4);92.6;0.936769;263.33;262.81;4.322251;4.0;;896056.601;156845.2;741378.623;129770.46;639075.516;129106.16;36387.629;301693.831;176032.074;41936.442;556049.976;83025.541;Indústrias de transformação;Demais serviços;Administração, defesa, educação e saúde públicas e seguridade social
3;Sudeste;35;SP;São Paulo;3532306;Natividade da Serra;True;2023;publica;medio;todos (1-4);96.2;0.960693;259.11;267.29;4.330047;4.2;;159424.698;22778.21;120667.872;17240.73;93391.138;14098.9;14285.492;2820.599;35587.371;36722.854;89416.317;3974.821;Administração, defesa, educação e saúde públicas e seguridade social;Demais serviços;Pecuária, inclusive apoio à pecuária
3;Sudeste;35;SP;São Paulo;3532405;Nazaré Paulista;True;2023;publica;medio;todos (1-4);95.2;0.94996;260.56;268.48;4.368226;4.1;;595409.604;32684.28;505080.919;27725.8;465370.933;24667.18;25909.522;87914.187;204046.836;94917.664;412788.21;52582.723;Demais serviços;Administração, defesa, educação e saúde públicas e seguridade social;Indústrias de transformação
3;Sudeste;35;SP;São Paulo;3532504;Neves Paulista;True;2023;publica;medio;todos (1-4);91.5;0.910957;271.11;281.86;4.7167;4.3;;384591.644;39652.71;312975.198;32298.78;276247.695;30979.89;36596.522;48014.711;123245.183;37967.576;245823.992;30423.703;Demais serviços;Administração, defesa, educação e saúde públicas e seguridade social;Indústrias de transformação
3;Sudeste;35;SP;São Paulo;3532603;Nhandeara;True;2023;publica;medio;todos (1-4);93.8;0.938814;260.45;259.41;4.230903;4.0;;507862.208;51549.15;437104.509;44367.08;367776.641;31773.36;62082.018;49513.981;170199.328;60295.355;342090.682;25685.959;Demais serviços;Administração, defesa, educação e saúde públicas e seguridade social;Agricultura, inclusive apoio à agricultura e a pós colheita
3;Sudeste;35;SP;São Paulo;3532702;Nipoã;True;2023;publica;medio;todos (1-4);100.0;1.0;281.27;274.81;4.753858;4.8;;146719.324;30888.28;103610.376;21812.71;95891.822;17820.45;20239.587;7473.15;36311.104;26338.754;90362.594;5529.228;Demais serviços;Administração, defesa, educação e saúde públicas e seguridade social;Agricultura, inclusive apoio à agricultura e a pós colheita
3;Sudeste;35;SP;São Paulo;3532801;Nova Aliança;True;2023;publica;medio;todos (1-4);88.9;0.87772;285.89;294.98;5.120691;4.5;;361490.478;54010.23;385749.554;57634.78;325932.69;45514.97;37295.395;70221.527;156228.924;37123.238;300869.085;25063.606;Demais serviços;Indústrias de transformação;Administração, defesa, educação e saúde públicas e seguridade social
3;Sudeste;35;SP;São Paulo;3532827;Nova Campina;True;2023;publica;medio;todos (1-4);94.0;0.942981;258.13;266.89;4.310295;4.1;;260753.457;30687.71;229915.533;27058.44;221079.28;22192.26;22836.018;33543.707;47653.803;50738.438;154771.966;66307.314;Administração, defesa, educação e saúde públicas e seguridade social;Demais serviços;Indústrias extrativas
3;Sudeste;35;SP;São Paulo;3532843;Nova Canaã Paulista;True;2023;publica;medio;todos (1-4);100.0;1.0;299.44;292.32;5.27118;5.3;;57172.272;28135.96;46089.509;22681.85;46304.606;25386.3;16904.183;2218.559;11890.548;13932.066;44945.356;1359.249;Administração, defesa, educação e saúde públicas e seguridade social;Demais serviços;Agricultura, inclusive apoio à agricultura e a pós colheita
3;Sudeste;35;SP;São Paulo;3532868;Nova Castilho;False;;;;;;;;;;;;91227.505;85901.61;63339.779;59641.98;60664.975;47027.11;31262.209;1547.828;11557.653;14843.684;59211.374;1453.601;Agricultura, inclusive apoio à agricultura e a pós colheita;Administração, defesa, educação e saúde públicas e seguridade social;Demais serviços
3;Sudeste;35;SP;São Paulo;3532900;Nova Europa;True;2023;publica;medio;todos (1-4);100.0;1.0;267.87;271.29;4.512961;4.5;;556399.529;59757.23;430589.789;46245.28;377460.822;32768.54;22829.125;131313.678;124499.503;63485.241;342127.547;35333.275;Indústrias de transformação;Demais serviços;Administração, defesa, educação e saúde públicas e seguridade social
3;Sudeste;35;SP;São Paulo;3533007;Nova Granada;True;2023;publica;medio;todos (1-4);94.1;0.945153;256.9;265.46;4.271612;4.0;;732340.979;37712.6;593529.631;30564.38;512828.707;23447.89;104377.926;34425.078;246278.236;92660.76;477742.0;35086.707;Demais serviços;Administração, defesa, educação e saúde públicas e seguridade social;Comércio e reparação de veículos automotores e motocicletas
3;Sudeste;35;SP;São Paulo;3533106;Nova Guataporanga;True;2023;publica;medio;todos (1-4);100.0;1.0;280.6;293.85;5.029478;5.0;;47451.061;22008.84;38624.443;17914.86;36774.792;15762.88;3229.592;1933.131;14554.127;15588.795;35305.646;1469.146;Administração, defesa, educação e saúde públicas e seguridade social;Demais serviços;Comércio e reparação de veículos automotores e motocicletas
3;Sudeste;35;SP;São Paulo;3533205;Nova Independência;True;2023;publica;medio;todos (1-4);95.7;0.957805;259.06;276.41;4.465872;4.3;;285939.288;62039.33;207948.953;45118.02;213154.675;51548.89;26717.58;82275.868;54787.476;32068.612;195849.536;17305.139;Eletricidade e gás, água, esgoto, atividades de gestão de resíduos e descontaminação;Demais serviços;Administração, defesa, educação e saúde públicas e seguridade social
3;Sudeste;35;SP;São Paulo;3533254;Novais;True;2023;publica;medio;todos (1-4);99.2;0.992214;263.08;265.81;4.36365;4.3;;105506.875;23913.62;81999.048;18585.46;78660.446;12986.7;16046.373;2314.801;27496.091;29897.195;75754.46;2905.985;Administração, defesa, educação e saúde públicas e seguridade social;Demais serviços;Agricultura, inclusive apoio à agricultura e a pós colheita
3;Sudeste;35;SP;São Paulo;3533304;Nova Luzitânia;True;2023;publica;medio;todos (1-4);100.0;1.0;289.97;290.47;5.11048;5.1;;70079.78;24702.07;59751.947;21061.67;60213.767;14278.82;10945.748;2796.63;22923.67;21768.044;58434.092;1779.675;Demais serviços;Administração, defesa, educação e saúde públicas e seguridade social;Agricultura, inclusive apoio à agricultura e a pós colheita
3;Sudeste;35;SP;São Paulo;3533403;Nova Odessa;True;2023;publica;medio;todos (1-4);94.4;0.94584;276.5;287.54;4.877432;4.6;;5613296.888;90509.31;4620501.035;74501.38;4020494.254;65145.09;11171.611;1199729.416;1791037.4;316937.673;3318876.101;701618.153;Demais serviços;Indústrias de transformação;Comércio e reparação de veículos automotores e motocicletas
3;Sudeste;35;SP;São Paulo;3533502;Novo Horizonte;True;2023;publica;medio;todos (1-4);93.1;0.939987;274.48;276.06;4.677205;4.4;;2313783.253;60374.26;1821681.962;47533.71;1585955.121;37973.31;158112.501;173155.441;883338.783;189013.168;1403619.894;182335.227;Demais serviços;Comércio e reparação de veículos automotores e motocicletas;Administração, defesa, educação e saúde públicas e seguridade social
3;Sudeste;35;SP;São Paulo;3533601;Nuporanga;True;2023;publica;medio;todos (1-4);98.9;0.990143;286.93;288.18;5.033502;5.0;;1235536.788;167167.74;1003708.836;135801.49;868091.613;115407.02;76782.636;323151.75;317397.031;46170.153;763501.571;104590.042;Indústrias de transformação;Demais serviços;Comércio e reparação de veículos automotores e motocicletas
3;Sudeste;35;SP;São Paulo;3533700;Ocauçu;False;;;;;;;;;;;;163910.353;37845.84;128930.226;29769.16;141366.238;32921.81;57667.146;8462.643;42198.121;26862.123;135190.034;6176.204;Agricultura, inclusive apoio à agricultura e a pós colheita;Demais serviços;Administração, defesa, educação e saúde públicas e seguridade social
3;Sudeste;35;SP;São Paulo;3533809;Óleo;True;2023;publica;medio;todos (1-4);100.0;1.0;271.6;263.23;4.44469;4.4;;143211.547;57010.97;121966.034;48611.41;128271.549;52419.92;82106.15;5390.92;20951.629;17363.064;125811.763;2459.786;Agricultura, inclusive apoio à agricultura e a pós colheita;Demais serviços;Administração, defesa, educação e saúde públicas e seguridade social
3;Sudeste;35;SP;São Paulo;3533908;Olímpia;True;2023;publica;medio;todos (1-4);97.8;0.979264;282.34;284.46;4.913347;4.8;;3569675.501;64815.98;3126540.557;56768.78;2551144.674;45985.63;117750.639;648285.981;1232950.114;265224.635;2264211.369;286933.306;Demais serviços;Indústrias de transformação;Administração, defesa, educação e saúde públicas e seguridade social
3;Sudeste;35;SP;São Paulo;3534005;Onda Verde;True;2023;publica;medio;todos (1-4);95.9;0.95563;260.06;267.16;4.341444;4.1;;370589.412;77675.42;247119.316;51796.13;205635.802;46086.02;43061.136;22135.5;95642.824;27361.351;188200.811;17434.99;Demais serviços;Agricultura, inclusive apoio à agricultura e a pós colheita;Comércio e reparação de veículos automotores e motocicletas
3;Sudeste;35;SP;São Paulo;3534104;Oriente;True;2023;publica;medio;todos (1-4);92.0;0.930921;253.41;246.5;3.938763;3.7;;194078.729;31894.61;148156.988;24347.9;129763.028;19753.85;16499.305;13730.43;48832.505;31892.082;110954.322;18808.706;Demais serviços;Administração, defesa, educação e saúde públicas e seguridade social;Agricultura, inclusive apoio à agricultura e a pós colheita
3;Sudeste;35;SP;São Paulo;3534203;Orindiúva;True;2023;publica;medio;todos (1-4);98.5;0.982973;279.03;271.8;4.677337;4.6;;830370.242;137843.67;697765.661;115830.95;640841.175;87570.54;40120.139;247543.221;222996.126;41990.126;552649.612;88191.564;Indústrias de transformação;Demais serviços;Administração, defesa, educação e saúde públicas e seguridade social
3;Sudeste;35;SP;São Paulo;3534302;Orlândia;True;2023;publica;medio;todos (1-4);95.3;0.952956;270.76;274.87;4.607144;4.4;;3247647.904;84752.94;2864547.039;74755.27;2579406.068;57728.08;47661.656;974741.561;1017692.765;208564.113;2248660.095;330745.973;Demais serviços;Indústrias de transformação;Administração, defesa, educação e saúde públicas e seguridade social
3;Sudeste;35;SP;São Paulo;3534401;Osasco;True;2023;publica;medio;todos (1-4);93.5;0.935919;260.87;272.76;4.436652;4.2;;119404052.763;163878.12;112145798.194;150848.76;86111259.991;122765.64;1392.36;4963982.431;58664575.895;3286922.853;66916873.54;19194386.451;Demais serviços;Comércio e reparação de veículos automotores e motocicletas;Indústrias de transformação
3;Sudeste;35;SP;São Paulo;3534500;Oscar Bressane;True;2023;publica;medio;todos (1-4);98.6;0.987705;272.1;267.92;4.521922;4.5;;123399.289;49959.23;104638.356;42363.71;112881.755;43366.02;42618.299;13757.006;32686.322;18509.605;107571.232;5310.523;Agricultura, inclusive apoio à agricultura e a pós colheita;Demais serviços;Administração, defesa, educação e saúde públicas e seguridade social
3;Sudeste;35;SP;São Paulo;3534609;Osvaldo Cruz;True;2023;publica;medio;todos (1-4);97.6;0.975195;288.91;293.4;5.139455;5.0;;1615247.661;51651.56;1231458.434;39378.95;1087489.589;32836.81;41703.545;266870.776;525322.959;131802.504;965699.784;121789.805;Demais serviços;Indústrias de transformação;Administração, defesa, educação e saúde públicas e seguridade social
3;Sudeste;35;SP;São Paulo;3534708;Ourinhos;True;2023;publica;medio;todos (1-4);94.6;0.946336;281.52;287.43;4.946291;4.7;;4902761.91;47155.54;4463317.19;42928.89;3961570.958;34406.86;53262.239;579223.711;2399698.474;520559.525;3552743.949;408827.009;Demais serviços;Comércio e reparação de veículos automotores e motocicletas;Administração, defesa, educação e saúde públicas e seguridade social
3;Sudeste;35;SP;São Paulo;3534757;Ouroeste;True;2023;publica;medio;todos (1-4);93.8;0.935146;269.89;270.8;4.533996;4.2;;670735.495;65157.91;608635.932;59125.31;548740.254;51226.69;44081.51;191542.515;184148.166;77161.37;496933.562;51806.692;Demais serviços;Indústrias de transformação;Eletricidade e gás, água, esgoto, atividades de gestão de resíduos e descontaminação
3;Sudeste;35;SP;São Paulo;3534807;Ouro Verde;True;2023;publica;medio;todos (1-4);100.0;1.0;270.77;268.6;4.513422;4.5;;186891.202;24025.09;143472.239;18443.53;134985.78;15558.53;31819.0;4093.279;50970.587;43103.621;129986.487;4999.293;Demais serviços;Administração, defesa, educação e saúde públicas e seguridade social;Agricultura, inclusive apoio à agricultura e a pós colheita
3;Sudeste;35;SP;São Paulo;3534906;Pacaembu;True;2023;publica;medio;todos (1-4);93.5;0.933815;271.94;270.37;4.556351;4.3;;285243.693;19173.47;244521.625;16436.22;217694.932;15195.79;36833.352;5199.552;100087.422;64972.309;207092.635;10602.298;Demais serviços;Administração, defesa, educação e saúde públicas e seguridade social;Agricultura, inclusive apoio à agricultura e a pós colheita
3;Sudeste;35;SP;São Paulo;3535002;Palestina;True;2023;publica;medio;todos (1-4);96.1;0.962366;273.21;276.36;4.663859;4.5;;603348.105;52574.77;466894.631;40684.44;420419.963;31646.21;100213.296;96730.214;129659.472;62549.836;389152.818;31267.145;Demais serviços;Indústrias de transformação;Agricultura, inclusive apoio à agricultura e a pós colheita
3;Sudeste;35;SP;São Paulo;3535101;Palmares Paulista;True;2023;publica;medio;todos (1-4);95.2;0.952698;272.53;276.3;4.65341;4.4;;209646.424;21725.02;158111.198;16384.58;136418.658;9964.11;11179.501;7223.137;59052.639;53012.775;130468.053;5950.606;Administração, defesa, educação e saúde públicas e seguridade social;Demais serviços;Agricultura, inclusive apoio à agricultura e a pós colheita
3;Sudeste;35;SP;São Paulo;3535200;Palmeira d'Oeste;True;2023;publica;medio;todos (1-4);91.7;0.931697;274.74;276.51;4.687593;4.4;;308863.583;34692.08;231467.952;25998.87;215050.397;23443.85;60534.637;12975.983;94049.741;38115.289;205675.65;9374.748;Demais serviços;Agricultura, inclusive apoio à agricultura e a pós colheita;Administração, defesa, educação e saúde públicas e seguridade social
3;Sudeste;35;SP;São Paulo;3535309;Palmital;True;2023;publica;medio;todos (1-4);94.5;0.94543;275.98;284.02;4.817434;4.6;;1405806.538;71746.79;1256951.719;64149.83;900626.568;40347.04;110010.31;109062.39;449959.811;111511.501;780544.012;120082.556;Demais serviços;Comércio e reparação de veículos automotores e motocicletas;Administração, defesa, educação e saúde públicas e seguridade social
3;Sudeste;35;SP;São Paulo;3535408;Panorama;True;2023;publica;medio;todos (1-4);96.3;0.966505;273.32;267.91;4.538907;4.4;;397152.926;26540.56;343055.196;22925.37;317825.589;19933.87;43883.204;23743.699;156404.953;75871.318;299903.174;17922.415;Demais serviços;Administração, defesa, educação e saúde públicas e seguridade social;Comércio e reparação de veículos automotores e motocicletas
3;Sudeste;35;SP;São Paulo;3535507;Paraguaçu Paulista;True;2023;publica;medio;todos (1-4);93.9;0.940116;266.06;274.92;4.541881;4.3;;3133901.5;76213.56;2653821.106;64744.71;1801748.006;39015.76;117848.385;433251.455;854088.938;208124.881;1613313.66;188434.347;Demais serviços;Indústrias de transformação;Comércio e reparação de veículos automotores e motocicletas
3;Sudeste;35;SP;São Paulo;3535606;Paraibuna;True;2023;publica;medio;todos (1-4);90.8;0.908989;280.42;278.24;4.793267;4.4;;408569.087;23126.12;364785.802;20647.86;352397.922;19254.61;14028.871;89623.32;134366.902;89639.56;327658.653;24739.27;Demais serviços;Administração, defesa, educação e saúde públicas e seguridade social;Eletricidade e gás, água, esgoto, atividades de gestão de resíduos e descontaminação
3;Sudeste;35;SP;São Paulo;3535705;Paraíso;True;2023;publica;medio;todos (1-4);99.3;0.992558;291.7;297.26;5.236424;5.2;;436076.194;71499.62;341514.012;55995.08;275312.652;42122.5;37033.209;87834.598;81043.847;34064.798;239976.452;35336.201;Indústrias de transformação;Demais serviços;Agricultura, inclusive apoio à agricultura e a pós colheita
3;Sudeste;35;SP;São Paulo;3535804;Paranapanema;True;2023;publica;medio;todos (1-4);95.3;0.956856;278.53;276.47;4.740225;4.5;;1222547.491;63034.16;1134949.704;58517.64;945145.306;45907.58;243678.76;37731.77;456222.125;111471.593;849104.248;96041.058;Demais serviços;Comércio e reparação de veículos automotores e motocicletas;Agricultura, inclusive apoio à agricultura e a pós colheita
3;Sudeste;35;SP;São Paulo;3535903;Paranapuã;True;2023;publica;medio;todos (1-4);96.7;0.961863;268.63;262.29;4.388904;4.2;;160652.727;39854.31;135993.49;33736.91;133064.949;32360.15;57980.099;6058.881;41222.199;22121.623;127382.802;5682.147;Agricultura, inclusive apoio à agricultura e a pós colheita;Demais serviços;Administração, defesa, educação e saúde públicas e seguridade social
3;Sudeste;35;SP;São Paulo;3536000;Parapuã;True;2023;publica;medio;todos (1-4);90.4;0.90796;264.48;258.84;4.278971;3.9;;1150355.727;108729.27;881743.237;83340.57;741785.799;67842.13;113239.761;229653.756;267073.034;52483.211;662449.763;79336.037;Indústrias de transformação;Demais serviços;Comércio e reparação de veículos automotores e motocicletas
3;Sudeste;35;SP;São Paulo;3536109;Pardinho;True;2023;publica;medio;todos (1-4);88.7;0.884537;252.95;261.04;4.149967;3.7;;515970.722;72133.47;440221.167;61543.57;368270.938;55976.73;33737.293;78985.66;177618.692;43416.371;333758.016;34512.922;Demais serviços;Indústrias de transformação;Administração, defesa, educação e saúde públicas e seguridade social
3;Sudeste;35;SP;São Paulo;3536208;Pariquera-Açu;True;2023;publica;medio;todos (1-4);90.5;0.905183;270.22;272.78;4.568272;4.1;;753096.869;39156.5;661857.042;34412.57;586023.644;29601.64;73700.156;37303.439;340427.985;86011.323;537442.903;48580.741;Demais serviços;Comércio e reparação de veículos automotores e motocicletas;Administração, defesa, educação e saúde públicas e seguridade social
3;Sudeste;35;SP;São Paulo;3536257;Parisi;True;2023;publica;medio;todos (1-4);100.0;1.0;261.24;269.93;4.399484;4.4;;67930.902;23489.25;56106.775;19400.68;53619.89;24630.17;15226.568;1575.295;17336.671;17528.91;51667.444;1952.446;Administração, defesa, educação e saúde públicas e seguridade social;Demais serviços;Agricultura, inclusive apoio à agricultura e a pós colheita
3;Sudeste;35;SP;São Paulo;3536307;Patrocínio Paulista;True;2023;publica;medio;todos (1-4);84.9;0.851313;264.42;280.49;4.60223;3.9;;1850012.193;127481.55;1599786.053;110421.46;1360808.588;91078.82;394527.984;386103.137;366420.826;72400.087;1219452.034;141356.554;Agricultura, inclusive apoio à agricultura e a pós colheita;Indústrias de transformação;Demais serviços
3;Sudeste;35;SP;São Paulo;3536406;Paulicéia;True;2023;publica;medio;todos (1-4);98.6;0.987917;257.07;268.12;4.31382;4.3;;322393.938;40527.21;254093.733;31941.39;200144.75;26544.4;32861.025;24656.773;87541.499;44687.198;189746.496;10398.253;Demais serviços;Administração, defesa, educação e saúde públicas e seguridade social;Agricultura, inclusive apoio à agricultura e a pós colheita
3;Sudeste;35;SP;São Paulo;3536505;Paulínia;True;2023;publica;medio;todos (1-4);91.7;0.916974;283.45;289.45;5.003637;4.6;;67067300.461;606740.73;70496583.77;637764.58;52389436.509;457517.7;18366.625;26746711.487;16124529.315;1228455.565;44118062.99;8271373.519;Indústrias de transformação;Demais serviços;Comércio e reparação de veículos automotores e motocicletas
3;Sudeste;35;SP;São Paulo;3536570;Paulistânia;True;2023;publica;medio;todos (1-4);100.0;1.0;235.42;233.31;3.48864;3.5;;74506.181;35648.89;52259.4;25004.5;48636.69;26505.01;13961.467;1865.428;11916.293;17867.287;45610.476;3026.215;Administração, defesa, educação e saúde públicas e seguridade social;Demais serviços;Produção florestal, pesca e aquicultura
3;Sudeste;35;SP;São Paulo;3536604;Paulo de Faria;False;;;;;;;;;;;;426145.814;57587.27;306078.825;41362.0;269674.996;30054.05;126868.006;11172.421;75107.445;46504.62;259652.492;10022.503;Agricultura, inclusive apoio à agricultura e a pós colheita;Demais serviços;Administração, defesa, educação e saúde públicas e seguridade social
3;Sudeste;35;SP;São Paulo;3536703;Pederneiras;True;2023;publica;medio;todos (1-4);88.9;0.891931;261.21;267.72;4.365978;3.9;;3840420.972;85672.05;3986159.062;88923.17;3066260.985;64521.62;116145.461;1125486.823;1031294.767;212007.17;2484934.222;581326.763;Indústrias de transformação;Demais serviços;Administração, defesa, educação e saúde públicas e seguridade social
3;Sudeste;35;SP;São Paulo;3536802;Pedra Bela;True;2023;publica;medio;todos (1-4);96.5;0.963636;270.34;265.89;4.466814;4.3;;147569.268;22505.61;124824.062;19036.76;118076.036;19271.43;24263.559;6354.5;47984.05;32549.876;111151.985;6924.052;Demais serviços;Administração, defesa, educação e saúde públicas e seguridade social;Agricultura, inclusive apoio à agricultura e a pós colheita
3;Sudeste;35;SP;São Paulo;3536901;Pedranópolis;True;2023;publica;medio;todos (1-4);100.0;1.0;270.89;269.32;4.525886;4.5;;116927.575;41954.64;84613.995;30360.24;79886.711;32369.01;33440.768;3676.919;19568.365;19842.646;76528.699;3358.012;Agricultura, inclusive apoio à agricultura e a pós colheita;Administração, defesa, educação e saúde públicas e seguridade social;Demais serviços
3;Sudeste;35;SP;São Paulo;3537008;Pedregulho;True;2023;publica;medio;todos (1-4);88.1;0.890397;266.05;258.52;4.296231;3.8;;1417487.589;91303.55;995360.391;64113.39;1731363.803;102593.26;589565.748;651483.459;355373.157;78725.55;1675147.914;56215.889;Eletricidade e gás, água, esgoto, atividades de gestão de resíduos e descontaminação;Agricultura, inclusive apoio à agricultura e a pós colheita;Demais serviços
3;Sudeste;35;SP;São Paulo;3537107;Pedreira;True;2023;publica;medio;todos (1-4);89.9;0.895918;262.8;270.92;4.436214;4.0;;1817291.527;42152.8;1636576.667;37961.05;1502007.81;30658.23;10274.972;356878.015;685061.34;226702.381;1278916.707;223091.103;Demais serviços;Indústrias de transformação;Administração, defesa, educação e saúde públicas e seguridade social
3;Sudeste;35;SP;São Paulo;3537156;Pedrinhas Paulista;True;2023;publica;medio;todos (1-4);98.7;0.989101;270.04;281.6;4.69778;4.6;;177967.145;63469.02;203321.074;72511.08;176652.401;56819.68;21799.021;18484.151;96780.102;21953.768;159017.042;17635.358;Demais serviços;Comércio e reparação de veículos automotores e motocicletas;Administração, defesa, educação e saúde públicas e seguridade social
3;Sudeste;35;SP;São Paulo;3537206;Pedro de Toledo;True;2023;publica;medio;todos (1-4);98.6;0.985316;267.63;277.49;4.602404;4.5;;208399.244;18473.47;169835.095;15054.97;178608.884;15521.76;32675.893;8575.559;73920.552;53938.365;169110.369;9498.514;Demais serviços;Administração, defesa, educação e saúde públicas e seguridade social;Agricultura, inclusive apoio à agricultura e a pós colheita
3;Sudeste;35;SP;São Paulo;3537305;Penápolis;True;2023;publica;medio;todos (1-4);95.3;0.953041;269.22;276.48;4.609616;4.4;;2743179.555;44475.1;2259079.347;36626.39;2082458.291;32488.66;96862.97;299214.439;1174012.793;314785.118;1884875.32;197582.971;Demais serviços;Administração, defesa, educação e saúde públicas e seguridade social;Comércio e reparação de veículos automotores e motocicletas
3;Sudeste;35;SP;São Paulo;3537404;Pereira Barreto;True;2023;publica;medio;todos (1-4);99.7;0.996644;271.76;272.29;4.582566;4.6;;1495859.413;62081.74;1296050.48;53789.19;1087485.494;42339.32;115617.168;87880.215;631252.452;130849.388;965599.223;121886.271;Demais serviços;Comércio e reparação de veículos automotores e motocicletas;Administração, defesa, educação e saúde públicas e seguridade social
3;Sudeste;35;SP;São Paulo;3537503;Pereiras;False;;;;;;;;;;;;410463.048;46979.86;334838.053;38669.37;317964.199;35826.95;36557.559;106160.074;96904.471;45466.485;285088.589;32875.61;Demais serviços;Indústrias de transformação;Administração, defesa, educação e saúde públicas e seguridade social
3;Sudeste;35;SP;São Paulo;3537602;Peruíbe;True;2023;publica;medio;todos (1-4);95.9;0.95951;270.71;278.36;4.658687;4.5;;2366996.023;34629.51;2471440.333;36161.77;1966247.303;28211.36;28423.278;433602.555;1045156.899;360440.044;1867622.776;98624.527;Demais serviços;Administração, defesa, educação e saúde públicas e seguridade social;Indústrias extrativas
3;Sudeste;35;SP;São Paulo;3537701;Piacatu;False;;;;;;;;;;;;160075.041;29004.36;116895.578;21180.57;119024.81;19534.68;32846.471;5451.068;45595.796;30152.738;114046.072;4978.737;Demais serviços;Administração, defesa, educação e saúde públicas e seguridade social;Agricultura, inclusive apoio à agricultura e a pós colheita
3;Sudeste;35;SP;São Paulo;3537800;Piedade;True;2023;publica;medio;todos (1-4);95.1;0.95114;276.42;287.41;4.874363;4.6;;1839652.07;34730.07;1614592.521;30481.26;1597083.415;28657.0;475444.061;167586.946;622008.1;208790.21;1473829.316;123254.098;Agricultura, inclusive apoio à agricultura e a pós colheita;Demais serviços;Administração, defesa, educação e saúde públicas e seguridade social
3;Sudeste;35;SP;São Paulo;3537909;Pilar do Sul;True;2023;publica;medio;todos (1-4);90.6;0.908116;279.52;284.12;4.86865;4.4;;1502793.869;54411.6;1568001.71;56789.02;1276179.945;43096.72;139941.391;48206.132;795120.558;131488.3;1114756.381;161423.564;Comércio e reparação de veículos automotores e motocicletas;Demais serviços;Administração, defesa, educação e saúde públicas e seguridade social
3;Sudeste;35;SP;São Paulo;3538006;Pindamonhangaba;True;2023;publica;medio;todos (1-4);94.6;0.94645;279.12;286.82;4.903452;4.6;;13674680.185;82662.43;13719557.144;82933.71;13742498.486;79951.7;43052.007;6276328.458;4231574.697;775303.52;11326258.683;2416239.802;Indústrias de transformação;Demais serviços;Administração, defesa, educação e saúde públicas e seguridade social
3;Sudeste;35;SP;São Paulo;3538105;Pindorama;True;2023;publica;medio;todos (1-4);84.5;0.841379;258.42;263.55;4.264368;3.6;;733295.538;50426.04;580740.524;39935.4;498800.901;28703.01;32396.097;139678.398;197578.818;80182.043;449835.357;48965.545;Demais serviços;Indústrias de transformação;Administração, defesa, educação e saúde públicas e seguridade social
3;Sudeste;35;SP;São Paulo;3538204;Pinhalzinho;True;2023;publica;medio;todos (1-4);95.2;0.953112;287.23;295.19;5.142655;4.9;;416404.895;27351.87;353044.914;23197.64;314651.306;20216.61;54127.241;31328.263;139613.441;64722.874;289791.819;24859.487;Demais serviços;Administração, defesa, educação e saúde públicas e seguridade social;Agricultura, inclusive apoio à agricultura e a pós colheita
3;Sudeste;35;SP;São Paulo;3538303;Piquerobi;True;2023;publica;medio;todos (1-4);94.4;0.949358;268.09;264.64;4.4165;4.2;;100296.285;30728.03;75045.123;22991.77;67093.357;18103.98;16621.751;3845.287;20308.244;23239.478;64014.76;3078.597;Administração, defesa, educação e saúde públicas e seguridade social;Demais serviços;Pecuária, inclusive apoio à pecuária
3;Sudeste;35;SP;São Paulo;3538501;Piquete;True;2023;publica;medio;todos (1-4);89.2;0.89669;263.69;275.12;4.511588;4.0;;227360.717;18203.42;211421.675;16927.28;197854.114;14661.29;4666.264;36176.23;90118.282;54602.678;185563.454;12290.66;Demais serviços;Administração, defesa, educação e saúde públicas e seguridade social;Construção
3;Sudeste;35;SP;São Paulo;3538600;Piracaia;True;2023;publica;medio;todos (1-4);96.9;0.967373;261.7;271.21;4.425106;4.3;;799448.681;30713.77;708921.401;27235.83;661695.603;23959.72;34499.769;104961.994;329290.946;119739.608;588492.316;73203.287;Demais serviços;Administração, defesa, educação e saúde públicas e seguridade social;Indústrias de transformação
3;Sudeste;35;SP;São Paulo;3538709;Piracicaba;True;2023;publica;medio;todos (1-4);92.6;0.944572;275.71;284.47;4.820379;4.6;;44351587.75;104770.09;42063296.89;99364.54;34555723.85;84225.76;168945.818;9974330.039;14606754.804;1922643.897;26672674.559;7883049.291;Demais serviços;Indústrias de transformação;Comércio e reparação de veículos automotores e motocicletas
3;Sudeste;35;SP;São Paulo;3538808;Piraju;True;2023;publica;medio;todos (1-4);93.3;0.936203;282.31;292.13;5.027746;4.7;;1088629.415;36982.93;976905.834;33187.45;926203.349;30945.65;91329.86;126489.912;496909.843;140956.42;855686.035;70517.313;Demais serviços;Administração, defesa, educação e saúde públicas e seguridade social;Comércio e reparação de veículos automotores e motocicletas
3;Sudeste;35;SP;São Paulo;3538907;Pirajuí;True;2023;publica;medio;todos (1-4);98.7;0.986239;261.35;269.39;4.392945;4.3;;737808.736;32892.37;582403.026;25964.2;540057.892;20820.31;88930.161;37446.002;269193.483;109070.085;504639.73;35418.162;Demais serviços;Administração, defesa, educação e saúde públicas e seguridade social;Agricultura, inclusive apoio à agricultura e a pós colheita
3;Sudeste;35;SP;São Paulo;3539004;Pirangi;True;2023;publica;medio;todos (1-4);93.7;0.940821;260.1;257.46;4.196796;3.9;;535545.259;49200.3;422167.619;38784.35;364797.71;31655.48;47357.201;73598.801;160335.446;52153.959;333445.407;31352.303;Demais serviços;Indústrias de transformação;Administração, defesa, educação e saúde públicas e seguridade social
3;Sudeste;35;SP;São Paulo;3539103;Pirapora do Bom Jesus;True;2023;publica;medio;todos (1-4);95.1;0.948505;243.75;255.88;3.943508;3.7;;693313.531;37741.62;713384.886;38834.23;826672.314;42495.88;232.06;358646.969;286915.08;104029.096;749823.205;76849.109;Demais serviços;Indústrias de transformação;Eletricidade e gás, água, esgoto, atividades de gestão de resíduos e descontaminação
3;Sudeste;35;SP;São Paulo;3539202;Pirapozinho;True;2023;publica;medio;todos (1-4);88.7;0.891304;272.78;273.16;4.609916;4.1;;1410928.462;55662.32;1226915.658;48402.86;927781.106;33165.84;34317.905;285286.432;371560.44;126887.38;818052.157;109728.949;Demais serviços;Indústrias de transformação;Administração, defesa, educação e saúde públicas e seguridade social
3;Sudeste;35;SP;São Paulo;3539301;Pirassununga;True;2023;publica;medio;todos (1-4);87.7;0.883631;274.41;281.91;4.763797;4.2;;4304413.432;58527.61;3844918.464;52279.81;3312332.24;42833.73;128540.359;592377.464;1720941.361;387141.683;2829000.866;483331.373;Demais serviços;Comércio e reparação de veículos automotores e motocicletas;Indústrias de transformação
3;Sudeste;35;SP;São Paulo;3539400;Piratininga;False;;;;;;;;;;;;389654.818;25791.29;325773.121;21564.38;278466.987;20048.02;35313.439;22352.562;141605.355;58754.494;258025.851;20441.136;Demais serviços;Administração, defesa, educação e saúde públicas e seguridade social;Agricultura, inclusive apoio à agricultura e a pós colheita
3;Sudeste;35;SP;São Paulo;3539509;Pitangueiras;True;2023;publica;medio;todos (1-4);88.7;0.894625;269.88;277.96;4.641042;4.2;;1830159.52;54349.34;1637314.793;48622.52;1389560.822;34369.55;97629.338;240279.826;715107.412;177310.155;1230326.732;159234.09;Demais serviços;Comércio e reparação de veículos automotores e motocicletas;Administração, defesa, educação e saúde públicas e seguridade social
3;Sudeste;35;SP;São Paulo;3539608;Planalto;True;2023;publica;medio;todos (1-4);94.4;0.945502;266.06;275.51;4.550713;4.3;;331486.812;75526.73;231891.37;52834.67;193761.556;36082.23;44812.981;44986.379;50656.264;36093.825;176549.449;17212.107;Demais serviços;Agricultura, inclusive apoio à agricultura e a pós colheita;Indústrias de transformação
3;Sudeste;35;SP;São Paulo;3539707;Platina;True;2023;publica;medio;todos (1-4);93.2;0.928307;239.81;241.56;3.6738;3.4;;160405.565;53026.63;139776.855;46130.98;120018.909;33283.11;44723.913;13437.68;25511.078;24422.331;108095.002;11923.906;Agricultura, inclusive apoio à agricultura e a pós colheita;Demais serviços;Administração, defesa, educação e saúde públicas e seguridade social
3;Sudeste;35;SP;São Paulo;3539806;Poá;True;2023;publica;medio;todos (1-4);95.4;0.953632;266.73;279.82;4.624644;4.4;;4610760.103;44434.64;4022934.981;38769.67;3769347.372;31616.47;3513.614;1004374.56;1688507.023;562104.846;3258500.043;510847.329;Demais serviços;Indústrias de transformação;Administração, defesa, educação e saúde públicas e seguridade social
3;Sudeste;35;SP;São Paulo;3539905;Poloni;True;2023;publica;medio;todos (1-4);89.7;0.898278;265.13;279.67;4.599927;4.1;;199994.46;35764.39;172111.564;30778.18;154422.732;25044.23;33294.854;30293.966;45648.986;30755.434;139993.24;14429.492;Demais serviços;Administração, defesa, educação e saúde públicas e seguridade social;Agricultura, inclusive apoio à agricultura e a pós colheita
3;Sudeste;35;SP;São Paulo;3540002;Pompéia;True;2023;publica;medio;todos (1-4);87.7;0.886855;270.03;282.93;4.717549;4.2;;2509065.063;124235.74;2325356.654;115139.47;1951861.434;87425.49;47880.902;841052.627;653537.436;115359.259;1657830.224;294031.211;Indústrias de transformação;Demais serviços;Administração, defesa, educação e saúde públicas e seguridade social
3;Sudeste;35;SP;São Paulo;3540101;Pongaí;True;2023;publica;medio;todos (1-4);97.3;0.980249;273.19;279.08;4.704297;4.6;;124380.214;36636.29;99853.716;29411.99;94398.934;27887.43;25946.722;4713.374;37104.152;21905.071;89669.319;4729.615;Demais serviços;Administração, defesa, educação e saúde públicas e seguridade social;Agricultura, inclusive apoio à agricultura e a pós colheita
3;Sudeste;35;SP;São Paulo;3540200;Pontal;True;2023;publica;medio;todos (1-4);89.1;0.894792;264.42;274.75;4.516302;4.0;;2153953.579;57275.34;1667659.75;44344.4;1462864.886;28285.96;81325.328;450923.587;540579.857;224953.808;1297782.58;165082.306;Demais serviços;Indústrias de transformação;Administração, defesa, educação e saúde públicas e seguridade social
3;Sudeste;35;SP;São Paulo;3540259;Pontalinda;True;2023;publica;medio;todos (1-4);90.2;0.91013;275.83;267.14;4.562633;4.2;;131996.978;31983.76;97316.213;23580.38;98029.534;20773.37;38924.762;3922.52;27381.924;24128.747;94357.953;3671.581;Agricultura, inclusive apoio à agricultura e a pós colheita;Administração, defesa, educação e saúde públicas e seguridade social;Demais serviços
3;Sudeste;35;SP;São Paulo;3540309;Pontes Gestal;False;;;;;;;;;;;;152498.657;63887.16;115084.068;48212.85;126662.711;49170.31;23558.894;17561.669;32158.988;21651.352;94930.902;31731.809;Demais serviços;Administração, defesa, educação e saúde públicas e seguridade social;Agricultura, inclusive apoio à agricultura e a pós colheita
3;Sudeste;35;SP;São Paulo;3540408;Populina;True;2023;publica;medio;todos (1-4);100.0;1.0;294.87;303.46;5.373761;5.4;;156037.352;37808.91;120313.545;29152.79;117259.827;28351.02;46156.519;5126.137;35944.338;26042.974;113269.967;3989.86;Agricultura, inclusive apoio à agricultura e a pós colheita;Demais serviços;Administração, defesa, educação e saúde públicas e seguridade social
3;Sudeste;35;SP;São Paulo;3540507;Porangaba;True;2023;publica;medio;todos (1-4);91.4;0.903824;262.41;274.07;4.477892;4.0;;309199.549;29585.64;259914.531;24869.82;233734.267;22903.9;65062.559;16478.762;91472.273;46301.559;219315.155;14419.112;Demais serviços;Pecuária, inclusive apoio à pecuária;Administração, defesa, educação e saúde públicas e seguridade social
3;Sudeste;35;SP;São Paulo;3540606;Porto Feliz;True;2023;publica;medio;todos (1-4);94.5;0.947534;270.48;277.17;4.637642;4.4;;5067048.835;89687.04;4346576.883;76934.65;3754665.663;69921.89;227392.769;861156.651;1505563.877;267988.011;2862101.308;892564.355;Demais serviços;Indústrias de transformação;Comércio e reparação de veículos automotores e motocicletas
3;Sudeste;35;SP;São Paulo;3540705;Porto Ferreira;True;2023;publica;medio;todos (1-4);83.3;0.835016;282.67;289.37;4.991485;4.2;;3069355.36;58298.46;2690983.419;51111.77;2495873.112;43904.33;65186.806;810504.629;890768.826;265956.556;2032416.818;463456.294;Demais serviços;Indústrias de transformação;Administração, defesa, educação e saúde públicas e seguridade social
3;Sudeste;35;SP;São Paulo;3540754;Potim;True;2023;publica;medio;todos (1-4);72.6;0.737358;250.36;253.91;4.006854;3.0;;355270.826;17422.07;333131.61;16336.39;308459.434;12047.78;2965.718;42569.123;129450.598;104072.821;279058.261;29401.174;Administração, defesa, educação e saúde públicas e seguridade social;Demais serviços;Indústrias de transformação
3;Sudeste;35;SP;São Paulo;3540804;Potirendaba;True;2023;publica;medio;todos (1-4);97.5;0.975025;276.8;290.71;4.929101;4.8;;1017222.502;54996.89;738361.947;39920.09;620168.928;35101.25;62041.144;186511.432;231343.072;81259.743;561155.391;59013.537;Demais serviços;Indústrias de transformação;Administração, defesa, educação e saúde públicas e seguridade social
3;Sudeste;35;SP;São Paulo;3540853;Pracinha;True;2023;publica;medio;todos (1-4);100.0;1.0;247.9;250.44;3.920358;3.9;;44001.326;17068.01;36226.968;14052.35;40969.449;9468.33;5252.385;2023.387;11143.002;21417.133;39835.908;1133.541;Administração, defesa, educação e saúde públicas e seguridade social;Demais serviços;Agricultura, inclusive apoio à agricultura e a pós colheita
3;Sudeste;35;SP;São Paulo;3540903;Pradópolis;True;2023;publica;medio;todos (1-4);92.6;0.922228;264.99;272.66;4.49302;4.1;;1456795.944;85302.49;1224933.671;71725.83;1096525.583;49306.42;38146.789;395874.063;352138.853;129845.316;916005.021;180520.562;Indústrias de transformação;Demais serviços;Administração, defesa, educação e saúde públicas e seguridade social
3;Sudeste;35;SP;São Paulo;3541000;Praia Grande;True;2023;publica;medio;todos (1-4);96.6;0.96758;265.69;278.51;4.590427;4.4;;11396645.549;32567.89;9984881.465;28533.53;8727831.468;25940.64;5370.531;829936.303;5478764.798;1747690.357;8061761.989;666069.479;Demais serviços;Administração, defesa, educação e saúde públicas e seguridade social;Comércio e reparação de veículos automotores e motocicletas
3;Sudeste;35;SP;São Paulo;3541059;Pratânia;False;;;;;;;;;;;;252654.531;49288.83;132254.685;25800.76;126366.892;23527.63;41597.294;8319.528;38295.405;28955.301;117167.528;9199.365;Demais serviços;Administração, defesa, educação e saúde públicas e seguridade social;Pecuária, inclusive apoio à pecuária
3;Sudeste;35;SP;São Paulo;3541109;Presidente Alves;False;;;;;;;;;;;;112971.57;29698.1;81380.053;21393.28;77332.792;19014.7;24089.03;3404.973;24925.976;21861.285;74281.265;3051.527;Demais serviços;Administração, defesa, educação e saúde públicas e seguridade social;Pecuária, inclusive apoio à pecuária
3;Sudeste;35;SP;São Paulo;3541208;Presidente Bernardes;True;2023;publica;medio;todos (1-4);96.8;0.96665;269.65;277.04;4.624039;4.5;;351783.368;24277.67;336492.11;23222.37;331914.146;25644.3;54727.507;17709.227;163406.16;68099.092;303941.987;27972.159;Demais serviços;Administração, defesa, educação e saúde públicas e seguridade social;Comércio e reparação de veículos automotores e motocicletas
3;Sudeste;35;SP;São Paulo;3541307;Presidente Epitácio;True;2023;publica;medio;todos (1-4);94.8;0.94826;277.45;281.13;4.794817;4.5;;1521762.21;38520.75;1570777.976;39761.5;1325522.126;29738.9;95665.205;206442.422;740222.661;187910.916;1230241.205;95280.921;Demais serviços;Administração, defesa, educação e saúde públicas e seguridade social;Indústrias de transformação
3;Sudeste;35;SP;São Paulo;3541406;Presidente Prudente;True;2023;publica;medio;todos (1-4);91.7;0.913821;273.09;277.62;4.681036;4.3;;11617598.706;51480.93;10344114.975;45837.76;9242189.133;39845.09;44943.632;1206432.864;6029072.116;919877.186;8200325.798;1041863.335;Demais serviços;Comércio e reparação de veículos automotores e motocicletas;Administração, defesa, educação e saúde públicas e seguridade social
3;Sudeste;35;SP;São Paulo;3541505;Presidente Venceslau;True;2023;publica;medio;todos (1-4);94.5;0.946277;283.54;296.86;5.11583;4.8;;1096298.255;31143.95;912751.618;25929.71;823130.043;20760.95;33876.117;33624.736;543918.302;149854.998;761274.153;61855.89;Demais serviços;Administração, defesa, educação e saúde públicas e seguridade social;Comércio e reparação de veículos automotores e motocicletas
3;Sudeste;35;SP;São Paulo;3541604;Promissão;True;2023;publica;medio;todos (1-4);87.8;0.893935;268.29;274.37;4.564968;4.1;;3349680.915;95348.29;2922927.936;83200.82;2115365.137;51330.11;97930.104;869918.623;702533.622;201300.014;1871682.363;243682.774;Indústrias de transformação;Demais serviços;Administração, defesa, educação e saúde públicas e seguridade social
3;Sudeste;35;SP;São Paulo;3541653;Quadra;True;2023;publica;medio;todos (1-4);98.8;0.986225;260.77;275.23;4.472224;4.4;;209960.369;61662.37;157133.527;46147.88;144522.602;37038.08;64414.798;4907.805;40333.172;28130.108;137785.884;6736.719;Agricultura, inclusive apoio à agricultura e a pós colheita;Demais serviços;Administração, defesa, educação e saúde públicas e seguridade social
3;Sudeste;35;SP;São Paulo;3541703;Quatá;True;2023;publica;medio;todos (1-4);94.0;0.939541;282.55;286.1;4.940847;4.6;;1087543.316;82621.23;917950.531;69737.18;821158.912;57387.58;56280.547;266167.478;328347.114;67059.348;717854.486;103304.426;Indústrias de transformação;Demais serviços;Comércio e reparação de veículos automotores e motocicletas
3;Sudeste;35;SP;São Paulo;3541802;Queiroz;True;2023;publica;medio;todos (1-4);97.1;0.970509;265.47;264.57;4.378654;4.2;;1095800.38;335620.33;747539.905;228955.56;684733.345;194914.13;101587.799;314269.632;163503.105;28491.176;607851.712;76881.633;Indústrias de transformação;Demais serviços;Pecuária, inclusive apoio à pecuária
3;Sudeste;35;SP;São Paulo;3541901;Queluz;True;2023;publica;medio;todos (1-4);91.0;0.916945;261.28;258.62;4.230734;3.9;;481508.718;52572.19;451013.232;49242.63;388523.141;28178.35;4393.669;49016.47;225259.917;68470.448;347140.505;41382.636;Demais serviços;Comércio e reparação de veículos automotores e motocicletas;Administração, defesa, educação e saúde públicas e seguridade social
3;Sudeste;35;SP;São Paulo;3542008;Quintana;False;;;;;;;;;;;;371696.18;52812.76;326892.685;46446.82;276283.799;41016.0;55401.526;71633.619;89933.672;33547.315;250516.132;25767.667;Demais serviços;Indústrias de transformação;Agricultura, inclusive apoio à agricultura e a pós colheita
3;Sudeste;35;SP;São Paulo;3542107;Rafard;True;2023;publica;medio;todos (1-4);96.7;0.967819;276.54;284.55;4.833234;4.7;;594930.466;66361.46;543863.159;60665.16;442882.5;48529.75;20286.315;174144.116;141670.81;45998.402;382099.643;60782.858;Indústrias de transformação;Demais serviços;Administração, defesa, educação e saúde públicas e seguridade social
3;Sudeste;35;SP;São Paulo;3542206;Rancharia;True;2023;publica;medio;todos (1-4);90.8;0.911074;265.75;261.42;4.335431;3.9;;1999656.704;69947.42;1724782.502;60332.39;1381836.35;46459.21;283382.561;281459.334;547758.116;143717.627;1256317.637;125518.713;Demais serviços;Indústrias de transformação;Agricultura, inclusive apoio à agricultura e a pós colheita
3;Sudeste;35;SP;São Paulo;3542305;Redenção da Serra;True;2023;publica;medio;todos (1-4);96.0;0.956189;268.85;279.04;4.642743;4.4;;122058.723;27160.37;82130.385;18275.56;66824.941;17461.44;14008.206;3298.308;24434.812;22062.525;63803.851;3021.09;Demais serviços;Administração, defesa, educação e saúde públicas e seguridade social;Pecuária, inclusive apoio à pecuária
3;Sudeste;35;SP;São Paulo;3542404;Regente Feijó;True;2023;publica;medio;todos (1-4);93.4;0.936894;256.46;264.92;4.257349;4.0;;1293798.465;64224.3;1123239.391;55757.73;983725.278;47932.82;72280.677;119719.467;534674.237;109415.958;836090.34;147634.938;Demais serviços;Comércio e reparação de veículos automotores e motocicletas;Administração, defesa, educação e saúde públicas e seguridade social
3;Sudeste;35;SP;São Paulo;3542503;Reginópolis;True;2023;publica;medio;todos (1-4);93.1;0.937746;253.13;250.75;3.998453;3.7;;270644.409;35322.95;197943.416;25834.43;184875.117;18401.03;69046.284;6299.308;55621.67;46939.155;177906.417;6968.699;Agricultura, inclusive apoio à agricultura e a pós colheita;Demais serviços;Administração, defesa, educação e saúde públicas e seguridade social
3;Sudeste;35;SP;São Paulo;3542602;Registro;True;2023;publica;medio;todos (1-4);97.8;0.977237;288.71;294.26;5.14952;5.0;;2931914.98;48908.45;2726881.038;45488.96;2357409.327;41751.4;114879.81;163775.815;1531136.703;270795.48;2080587.808;276821.519;Demais serviços;Comércio e reparação de veículos automotores e motocicletas;Administração, defesa, educação e saúde públicas e seguridade social
3;Sudeste;35;SP;São Paulo;3542701;Restinga;True;2023;publica;medio;todos (1-4);91.1;0.910279;263.65;270.96;4.448751;4.0;;311796.861;48687.83;253224.678;39541.64;211751.731;27280.56;65327.198;31185.788;57624.834;43809.474;197947.293;13804.438;Agricultura, inclusive apoio à agricultura e a pós colheita;Demais serviços;Administração, defesa, educação e saúde públicas e seguridade social
3;Sudeste;35;SP;São Paulo;3542800;Ribeira;True;2023;publica;medio;todos (1-4);100.0;1.0;268.37;269.69;4.496031;4.5;;61921.669;19770.65;56194.05;17941.91;62081.261;18699.17;14888.842;2321.653;22349.047;18943.363;58502.904;3578.356;Administração, defesa, educação e saúde públicas e seguridade social;Demais serviços;Agricultura, inclusive apoio à agricultura e a pós colheita
3;Sudeste;35;SP;São Paulo;3542909;Ribeirão Bonito;True;2023;publica;medio;todos (1-4);96.9;0.969598;247.16;259.84;4.050683;3.9;;494054.078;44958.97;412615.322;37548.03;371778.478;27794.44;73855.425;31299.151;184693.109;59740.268;349587.953;22190.526;Demais serviços;Administração, defesa, educação e saúde públicas e seguridade social;Agricultura, inclusive apoio à agricultura e a pós colheita
3;Sudeste;35;SP;São Paulo;3543006;Ribeirão Branco;True;2023;publica;medio;todos (1-4);93.5;0.938037;277.06;280.24;4.776016;4.5;;640748.923;34398.93;445041.016;23892.25;595498.967;37255.94;378479.394;22176.25;107844.412;74591.408;583091.465;12407.503;Agricultura, inclusive apoio à agricultura e a pós colheita;Demais serviços;Administração, defesa, educação e saúde públicas e seguridade social
3;Sudeste;35;SP;São Paulo;3543105;Ribeirão Corrente;True;2023;publica;medio;todos (1-4);93.3;0.937478;257.51;255.73;4.134521;3.9;;282574.463;61322.58;211826.79;45969.36;319057.831;66664.82;206883.033;12518.718;62648.775;30036.847;312087.373;6970.458;Agricultura, inclusive apoio à agricultura e a pós colheita;Demais serviços;Administração, defesa, educação e saúde públicas e seguridade social
3;Sudeste;35;SP;São Paulo;3543204;Ribeirão do Sul;True;2023;publica;medio;todos (1-4);93.6;0.933998;274.22;278.57;4.711128;4.4;;326854.578;69885.52;295843.701;63255.01;224362.519;49451.73;58713.303;12106.65;104315.168;28719.939;203855.06;20507.46;Demais serviços;Agricultura, inclusive apoio à agricultura e a pós colheita;Comércio e reparação de veículos automotores e motocicletas
3;Sudeste;35;SP;São Paulo;3543238;Ribeirão dos Índios;True;2023;publica;medio;todos (1-4);87.1;0.882501;288.96;288.13;5.061265;4.5;;56509.323;27905.84;45555.183;22496.39;47000.592;21152.38;13530.595;2079.879;12821.803;16996.59;45428.867;1571.725;Administração, defesa, educação e saúde públicas e seguridade social;Demais serviços;Agricultura, inclusive apoio à agricultura e a pós colheita
3;Sudeste;35;SP;São Paulo;3543253;Ribeirão Grande;True;2023;publica;medio;todos (1-4);96.1;0.958991;280.26;283.36;4.867666;4.7;;127268.877;17083.07;114005.038;15302.69;116991.72;15221.41;33355.353;7966.09;33481.625;38330.653;113133.721;3857.999;Administração, defesa, educação e saúde públicas e seguridade social;Agricultura, inclusive apoio à agricultura e a pós colheita;Demais serviços
3;Sudeste;35;SP;São Paulo;3543303;Ribeirão Pires;True;2023;publica;medio;todos (1-4);95.8;0.959091;277.79;290.21;4.93552;4.7;;4853228.612;41997.84;4665685.953;40374.92;3891002.63;31068.87;1771.047;868340.258;1974789.715;496761.422;3341662.443;549340.187;Demais serviços;Indústrias de transformação;Comércio e reparação de veículos automotores e motocicletas
3;Sudeste;35;SP;São Paulo;3543402;Ribeirão Preto;True;2023;publica;medio;todos (1-4);84.8;0.853615;267.63;276.49;4.587434;3.9;;52306819.755;74869.27;47434521.407;67932.56;39955305.609;55484.54;120324.39;5374493.185;26672690.555;2865373.695;35032881.825;4922423.784;Demais serviços;Comércio e reparação de veículos automotores e motocicletas;Indústrias de transformação
3;Sudeste;35;SP;São Paulo;3543501;Riversul;True;2023;publica;medio;todos (1-4);96.2;0.965473;269.49;268.35;4.491702;4.3;;119164.482;21283.17;102811.999;18362.56;92796.33;17299.84;27094.174;5038.52;28006.545;28482.952;88622.191;4174.139;Administração, defesa, educação e saúde públicas e seguridade social;Demais serviços;Agricultura, inclusive apoio à agricultura e a pós colheita
3;Sudeste;35;SP;São Paulo;3543600;Rifaina;True;2023;publica;medio;todos (1-4);92.6;0.940609;257.74;276.95;4.455416;4.2;;232910.865;57523.06;207289.248;51195.17;191157.71;52357.63;36130.572;40687.709;70364.227;28658.969;175841.477;15316.233;Demais serviços;Indústrias de transformação;Administração, defesa, educação e saúde públicas e seguridade social
3;Sudeste;35;SP;São Paulo;3543709;Rincão;True;2023;publica;medio;todos (1-4);97.8;0.98102;243.31;257.46;3.960981;3.9;;346936.887;38133.31;252857.453;27792.64;226043.187;20883.52;47037.112;18982.225;93798.312;52240.413;212058.062;13985.125;Demais serviços;Administração, defesa, educação e saúde públicas e seguridade social;Agricultura, inclusive apoio à agricultura e a pós colheita
3;Sudeste;35;SP;São Paulo;3543808;Rinópolis;False;;;;;;;;;;;;495679.83;53534.92;387787.637;41882.24;349025.974;35113.28;106189.324;54593.581;121641.767;42651.161;325075.833;23950.141;Demais serviços;Pecuária, inclusive apoio à pecuária;Indústrias de transformação
3;Sudeste;35;SP;São Paulo;3543907;Rio Claro;True;2023;publica;medio;todos (1-4);96.4;0.963574;271.2;282.89;4.733383;4.6;;15427116.506;76592.54;13877679.58;68899.9;13245335.958;63209.08;112216.836;4767917.619;5155244.741;1035055.215;11070434.411;2174901.547;Demais serviços;Indústrias de transformação;Administração, defesa, educação e saúde públicas e seguridade social
3;Sudeste;35;SP;São Paulo;3544004;Rio das Pedras;True;2023;publica;medio;todos (1-4);94.5;0.946515;275.48;290.88;4.913106;4.7;;2037525.868;65038.49;2124685.713;67820.66;1787681.408;49338.49;29941.306;401905.016;834683.382;175137.138;1441666.842;346014.566;Demais serviços;Indústrias de transformação;Comércio e reparação de veículos automotores e motocicletas
3;Sudeste;35;SP;São Paulo;3544103;Rio Grande da Serra;True;2023;publica;medio;todos (1-4);92.5;0.928378;269.4;279.3;4.65436;4.3;;1166050.396;26399.15;1037153.032;23480.94;960727.232;18472.33;843.112;162025.797;506839.251;186092.794;855800.954;104926.279;Demais serviços;Comércio e reparação de veículos automotores e motocicletas;Administração, defesa, educação e saúde públicas e seguridade social
3;Sudeste;35;SP;São Paulo;3544202;Riolândia;True;2023;publica;medio;todos (1-4);97.3;0.971494;254.31;248.38;3.979547;3.9;;390634.838;37892.6;313423.066;30402.86;268963.075;20921.21;96918.132;14491.007;79811.807;67408.638;258629.584;10333.491;Agricultura, inclusive apoio à agricultura e a pós colheita;Demais serviços;Administração, defesa, educação e saúde públicas e seguridade social
3;Sudeste;35;SP;São Paulo;3544251;Rosana;True;2023;publica;medio;todos (1-4);98.3;0.981039;263.2;267.26;4.387042;4.3;;1542730.941;88459.34;1631427.68;93545.17;1941771.839;121901.68;70908.157;1521544.537;208092.733;121058.863;1921604.291;20167.548;Eletricidade e gás, água, esgoto, atividades de gestão de resíduos e descontaminação;Demais serviços;Administração, defesa, educação e saúde públicas e seguridade social
3;Sudeste;35;SP;São Paulo;3544301;Roseira;True;2023;publica;medio;todos (1-4);87.5;0.880638;267.3;285.32;4.714985;4.2;;450314.327;41572.59;416137.459;38417.42;374786.246;34421.96;6311.252;90354.55;180997.182;55619.889;333282.872;41503.374;Demais serviços;Indústrias de transformação;Administração, defesa, educação e saúde públicas e seguridade social
3;Sudeste;35;SP;São Paulo;3544400;Rubiácea;True;2023;publica;medio;todos (1-4);100.0;1.0;283.17;286.29;4.952399;5.0;;88678.676;32843.95;69438.88;25718.1;78950.332;24710.59;33639.442;3548.239;18347.839;20915.373;76450.893;2499.438;Agricultura, inclusive apoio à agricultura e a pós colheita;Administração, defesa, educação e saúde públicas e seguridade social;Demais serviços
3;Sudeste;35;SP;São Paulo;3544509;Rubinéia;True;2023;publica;medio;todos (1-4);90.6;0.913927;277.08;271.71;4.648602;4.2;;196382.182;51234.59;145707.499;38013.96;102856.803;32233.41;34686.171;4783.028;36348.031;22660.468;98477.697;4379.107;Demais serviços;Administração, defesa, educação e saúde públicas e seguridade social;Produção florestal, pesca e aquicultura
3;Sudeste;35;SP;São Paulo;3544608;Sabino;True;2023;publica;medio;todos (1-4);89.4;0.884367;271.33;263.46;4.444341;3.9;;183224.581;35842.05;167592.452;32784.13;175475.616;31123.73;72684.113;5164.994;57895.85;31476.897;167221.854;8253.762;Agricultura, inclusive apoio à agricultura e a pós colheita;Demais serviços;Administração, defesa, educação e saúde públicas e seguridade social
3;Sudeste;35;SP;São Paulo;3544707;Sagres;True;2023;publica;medio;todos (1-4);97.1;0.975157;262.72;264.84;4.344073;4.2;;72625.441;29355.47;54988.258;22226.46;54769.352;22566.69;16300.252;2285.073;16790.864;17808.494;53184.683;1584.669;Administração, defesa, educação e saúde públicas e seguridade social;Demais serviços;Agricultura, inclusive apoio à agricultura e a pós colheita
3;Sudeste;35;SP;São Paulo;3544806;Sales;True;2023;publica;medio;todos (1-4);94.2;0.952906;269.61;277.96;4.637249;4.4;;266233.881;41359.93;203344.845;31590.0;169480.032;26150.29;44360.384;6382.233;78462.855;32929.688;162135.16;7344.872;Demais serviços;Agricultura, inclusive apoio à agricultura e a pós colheita;Administração, defesa, educação e saúde públicas e seguridade social
3;Sudeste;35;SP;São Paulo;3544905;Sales Oliveira;False;;;;;;;;;;;;529464.336;46399.47;474424.454;41576.06;417237.49;34473.89;67156.374;85088.256;173985.042;53601.821;379831.493;37405.997;Demais serviços;Indústrias de transformação;Administração, defesa, educação e saúde públicas e seguridade social
3;Sudeste;35;SP;São Paulo;3545001;Salesópolis;True;2023;publica;medio;todos (1-4);91.8;0.920392;272.58;281.74;4.73555;4.4;;310985.155;20456.86;271541.435;17862.22;251751.908;14499.33;27911.065;11189.23;128927.665;69563.599;237591.559;14160.35;Demais serviços;Administração, defesa, educação e saúde públicas e seguridade social;Comércio e reparação de veículos automotores e motocicletas
3;Sudeste;35;SP;São Paulo;3545100;Salmourão;True;2023;publica;medio;todos (1-4);96.2;0.965167;270.76;274.92;4.607892;4.4;;114823.55;23881.77;92861.161;19313.89;96894.972;18037.04;30980.728;4221.725;30835.038;27979.726;94017.216;2877.755;Administração, defesa, educação e saúde públicas e seguridade social;Agricultura, inclusive apoio à agricultura e a pós colheita;Demais serviços
3;Sudeste;35;SP;São Paulo;3545159;Saltinho;True;2023;publica;medio;todos (1-4);97.7;0.976632;265.32;272.86;4.500649;4.4;;471342.306;57755.46;431950.188;52928.59;377871.414;44465.92;18640.608;65924.154;189118.567;45259.454;318942.782;58928.632;Demais serviços;Comércio e reparação de veículos automotores e motocicletas;Indústrias de transformação
3;Sudeste;35;SP;São Paulo;3545209;Salto;True;2023;publica;medio;todos (1-4);97.6;0.976616;273.66;283.09;4.770928;4.7;;11498958.795;85609.32;10822151.682;80570.52;9303486.748;77029.01;14776.445;2891896.873;4214031.257;553966.857;7674671.432;1628815.316;Demais serviços;Indústrias de transformação;Comércio e reparação de veículos automotores e motocicletas
3;Sudeste;35;SP;São Paulo;3545308;Salto de Pirapora;True;2023;publica;medio;todos (1-4);89.4;0.895532;269.76;274.17;4.58262;4.1;;2856415.228;65292.48;2659063.228;60781.37;2221476.714;47995.61;19757.781;1024555.25;666588.506;195077.919;1905979.455;315497.258;Indústrias de transformação;Demais serviços;Administração, defesa, educação e saúde públicas e seguridade social
3;Sudeste;35;SP;São Paulo;3545407;Salto Grande;False;;;;;;;;;;;;394927.897;43638.44;320746.215;35441.57;273943.204;29155.3;43114.819;48822.264;113272.933;46659.162;251869.177;22074.026;Demais serviços;Administração, defesa, educação e saúde públicas e seguridade social;Agricultura, inclusive apoio à agricultura e a pós colheita
3;Sudeste;35;SP;São Paulo;3545506;Sandovalina;True;2023;publica;medio;todos (1-4);99.3;0.99187;268.73;283.43;4.706776;4.7;;455962.205;125092.51;378966.479;103968.86;318809.778;72374.52;71526.328;144229.223;51478.986;39558.516;306793.052;12016.726;Eletricidade e gás, água, esgoto, atividades de gestão de resíduos e descontaminação;Agricultura, inclusive apoio à agricultura e a pós colheita;Demais serviços
3;Sudeste;35;SP;São Paulo;3545605;Santa Adélia;True;2023;publica;medio;todos (1-4);98.9;0.989101;275.38;283.56;4.802121;4.7;;560338.958;39972.82;462736.507;33010.17;382545.565;24461.0;82701.045;9911.674;197598.05;69164.102;359374.872;23170.694;Demais serviços;Agricultura, inclusive apoio à agricultura e a pós colheita;Administração, defesa, educação e saúde públicas e seguridade social
3;Sudeste;35;SP;São Paulo;3545704;Santa Albertina;True;2023;publica;medio;todos (1-4);98.2;0.98114;281.3;284.56;4.900237;4.8;;333896.991;52228.53;277754.737;43446.7;214790.792;35584.96;30195.349;55697.825;77797.21;32799.254;196489.638;18301.154;Demais serviços;Indústrias de transformação;Administração, defesa, educação e saúde públicas e seguridade social
3;Sudeste;35;SP;São Paulo;3545803;Santa Bárbara d'Oeste;True;2023;publica;medio;todos (1-4);90.7;0.908026;274.49;284.36;4.801597;4.4;;10803991.725;58926.47;9437421.271;51473.01;7825506.502;40073.67;37205.583;2030517.323;3641483.469;955416.19;6664622.565;1160883.937;Demais serviços;Indústrias de transformação;Administração, defesa, educação e saúde públicas e seguridade social
3;Sudeste;35;SP;São Paulo;3546009;Santa Branca;True;2023;publica;medio;todos (1-4);91.5;0.916324;258.43;270.12;4.362862;4.0;;357556.385;25585.43;323281.467;23132.84;312818.584;20959.37;7654.173;74785.447;133136.413;73038.806;288614.839;24203.745;Demais serviços;Administração, defesa, educação e saúde públicas e seguridade social;Indústrias de transformação
3;Sudeste;35;SP;São Paulo;3546108;Santa Clara d'Oeste;False;;;;;;;;;;;;130552.835;50251.28;101020.668;38884.01;96783.316;45847.14;32616.507;13088.348;25747.306;20225.579;91677.74;5105.576;Produção florestal, pesca e aquicultura;Demais serviços;Administração, defesa, educação e saúde públicas e seguridade social
3;Sudeste;35;SP;São Paulo;3546207;Santa Cruz da Conceição;True;2023;publica;medio;todos (1-4);97.6;0.979797;257.86;273.13;4.399916;4.3;;200489.693;46876.24;173305.963;40520.45;161650.68;35264.11;26035.007;21339.892;64182.381;32998.879;144556.159;17094.521;Demais serviços;Administração, defesa, educação e saúde públicas e seguridade social;Comércio e reparação de veículos automotores e motocicletas
3;Sudeste;35;SP;São Paulo;3546256;Santa Cruz da Esperança;True;2023;publica;medio;todos (1-4);100.0;1.0;239.94;256.48;3.898979;3.9;;101458.892;47948.44;61840.488;29225.18;63456.694;29296.72;22280.32;3182.942;17160.176;18943.848;61567.286;1889.408;Agricultura, inclusive apoio à agricultura e a pós colheita;Administração, defesa, educação e saúde públicas e seguridade social;Demais serviços
3;Sudeste;35;SP;São Paulo;3546306;Santa Cruz das Palmeiras;True;2023;publica;medio;todos (1-4);91.8;0.920488;264.98;267.02;4.408449;4.1;;788978.101;27334.33;723279.634;25058.19;655974.339;18687.66;59893.535;21537.978;380846.13;142122.511;604400.154;51574.185;Demais serviços;Administração, defesa, educação e saúde públicas e seguridade social;Comércio e reparação de veículos automotores e motocicletas
3;Sudeste;35;SP;São Paulo;3546405;Santa Cruz do Rio Pardo;True;2023;publica;medio;todos (1-4);87.3;0.872658;278.22;282.81;4.830781;4.2;;4319822.468;93015.43;3445164.454;74182.09;2786906.107;57811.23;183709.816;770808.261;1248462.762;243413.036;2446393.875;340512.232;Demais serviços;Indústrias de transformação;Comércio e reparação de veículos automotores e motocicletas
3;Sudeste;35;SP;São Paulo;3546504;Santa Ernestina;True;2023;publica;medio;todos (1-4);99.5;0.995968;258.75;263.55;4.269003;4.3;;152154.555;24869.98;122316.261;19992.85;104372.706;18714.85;15709.522;6348.247;46813.366;30065.592;98936.727;5435.979;Demais serviços;Administração, defesa, educação e saúde públicas e seguridade social;Agricultura, inclusive apoio à agricultura e a pós colheita
3;Sudeste;35;SP;São Paulo;3546603;Santa Fé do Sul;True;2023;publica;medio;todos (1-4);86.1;0.867574;261.28;262.98;4.296003;3.7;;1988880.172;57161.58;1681363.387;48323.37;1344880.815;41007.46;49563.016;245497.189;723952.564;193499.542;1212512.31;132368.505;Demais serviços;Indústrias de transformação;Administração, defesa, educação e saúde públicas e seguridade social
3;Sudeste;35;SP;São Paulo;3546702;Santa Gertrudes;True;2023;publica;medio;todos (1-4);95.7;0.959604;273.51;280.06;4.723462;4.5;;3568256.895;151126.89;3508436.63;148593.31;3895817.986;139885.74;11776.002;2307247.556;723287.443;164236.196;3206547.198;689270.788;Indústrias de transformação;Demais serviços;Eletricidade e gás, água, esgoto, atividades de gestão de resíduos e descontaminação
3;Sudeste;35;SP;São Paulo;3546801;Santa Isabel;True;2023;publica;medio;todos (1-4);94.4;0.942824;271.25;277.58;4.654594;4.4;;2298061.229;43217.76;1947787.624;36630.45;1658732.668;28340.36;75738.403;339688.536;803783.316;252992.035;1472202.291;186530.378;Demais serviços;Administração, defesa, educação e saúde públicas e seguridade social;Indústrias de transformação
3;Sudeste;35;SP;São Paulo;3546900;Santa Lúcia;True;2023;publica;medio;todos (1-4);91.3;0.915861;267.47;266.75;4.439379;4.1;;185362.45;25928.44;141710.316;19822.4;131127.832;14751.7;39226.251;4057.202;44589.409;38222.493;126095.355;5032.477;Demais serviços;Agricultura, inclusive apoio à agricultura e a pós colheita;Administração, defesa, educação e saúde públicas e seguridade social
3;Sudeste;35;SP;São Paulo;3547007;Santa Maria da Serra;True;2023;publica;medio;todos (1-4);91.1;0.906368;275.79;279.79;4.751442;4.3;;197769.076;37720.59;164149.021;31308.22;153023.631;24297.18;29119.759;26485.308;55640.419;31762.629;143008.114;10015.517;Demais serviços;Administração, defesa, educação e saúde públicas e seguridade social;Agricultura, inclusive apoio à agricultura e a pós colheita
3;Sudeste;35;SP;São Paulo;3547106;Santa Mercedes;True;2023;publica;medio;todos (1-4);99.1;0.990143;270.34;275.84;4.615766;4.6;;97262.169;32903.3;73932.624;25011.04;69067.532;23436.56;19337.389;3217.578;24690.615;18600.138;65845.719;3221.813;Demais serviços;Administração, defesa, educação e saúde públicas e seguridade social;Agricultura, inclusive apoio à agricultura e a pós colheita
3;Sudeste;35;SP;São Paulo;3547205;Santana da Ponte Pensa;False;;;;;;;;;;;;56776.266;33997.76;45598.463;27304.47;39913.179;27564.35;12838.29;1769.976;10938.256;13117.162;38663.685;1249.494;Administração, defesa, educação e saúde públicas e seguridade social;Demais serviços;Agricultura, inclusive apoio à agricultura e a pós colheita
3;Sudeste;35;SP;São Paulo;3547304;Santana de Parnaíba;True;2023;publica;medio;todos (1-4);98.8;0.987639;268.44;274.23;4.564978;4.5;;14328397.388;92978.15;12774323.594;82893.63;11544903.483;79579.96;125769.367;2027288.28;6311003.897;1004321.29;9468382.834;2076520.648;Demais serviços;Indústrias de transformação;Comércio e reparação de veículos automotores e motocicletas
3;Sudeste;35;SP;São Paulo;3547403;Santa Rita d'Oeste;False;;;;;;;;;;;;105525.401;38611.56;82816.562;30302.44;68134.763;27518.08;20832.115;1877.796;25363.914;17300.769;65374.595;2760.168;Demais serviços;Administração, defesa, educação e saúde públicas e seguridade social;Agricultura, inclusive apoio à agricultura e a pós colheita
3;Sudeste;35;SP;São Paulo;3547502;Santa Rita do Passa Quatro;True;2023;publica;medio;todos (1-4);88.5;0.8936;271.26;280.24;4.694555;4.2;;992179.626;39954.08;874777.001;35226.39;825834.738;29877.17;88082.72;115490.234;408510.435;121169.83;733253.219;92581.519;Demais serviços;Administração, defesa, educação e saúde públicas e seguridade social;Comércio e reparação de veículos automotores e motocicletas
3;Sudeste;35;SP;São Paulo;3547601;Santa Rosa de Viterbo;True;2023;publica;medio;todos (1-4);92.8;0.928943;251.11;255.28;4.037897;3.8;;1131988.61;48352.85;890869.12;38053.44;833444.1;30914.1;42429.504;218541.814;313616.038;125855.001;700442.357;133001.744;Demais serviços;Indústrias de transformação;Administração, defesa, educação e saúde públicas e seguridade social
3;Sudeste;35;SP;São Paulo;3547650;Santa Salete;True;2023;publica;medio;todos (1-4);100.0;1.0;298.35;298.62;5.350183;5.4;;66139.508;40206.39;44239.58;26893.36;42106.248;27025.83;11391.71;2117.031;12833.314;13588.408;39930.463;2175.784;Administração, defesa, educação e saúde públicas e seguridade social;Demais serviços;Agricultura, inclusive apoio à agricultura e a pós colheita
3;Sudeste;35;SP;São Paulo;3547700;Santo Anastácio;True;2023;publica;medio;todos (1-4);83.2;0.818153;261.37;278.73;4.533046;3.7;;630472.796;35098.41;578356.216;32197.08;555800.928;26650.73;80281.793;81044.873;257093.12;89684.152;508103.938;47696.99;Demais serviços;Administração, defesa, educação e saúde públicas e seguridade social;Agricultura, inclusive apoio à agricultura e a pós colheita
3;Sudeste;35;SP;São Paulo;3547809;Santo André;True;2023;publica;medio;todos (1-4);92.1;0.921408;270.46;281.29;4.699038;4.3;;36931350.665;49312.88;36470028.631;48696.89;32620294.592;45062.56;1385.093;7782624.984;17322921.87;2818755.748;27925687.694;4694606.898;Demais serviços;Indústrias de transformação;Comércio e reparação de veículos automotores e motocicletas
3;Sudeste;35;SP;São Paulo;3547908;Santo Antônio da Alegria;True;2023;publica;medio;todos (1-4);96.6;0.966981;272.11;266.14;4.495416;4.3;;282936.894;41761.9;201695.276;29770.52;211521.905;30114.17;81213.937;7656.974;69243.969;41577.064;199691.943;11829.961;Agricultura, inclusive apoio à agricultura e a pós colheita;Demais serviços;Administração, defesa, educação e saúde públicas e seguridade social
3;Sudeste;35;SP;São Paulo;3548005;Santo Antônio de Posse;True;2023;publica;medio;todos (1-4);89.5;0.896613;272.64;283.36;4.760644;4.3;;2146889.718;92363.18;1947452.238;83783.01;1870734.354;78794.3;226780.43;376094.552;802556.542;121588.77;1527020.295;343714.059;Demais serviços;Indústrias de transformação;Comércio e reparação de veículos automotores e motocicletas
3;Sudeste;35;SP;São Paulo;3548054;Santo Antônio do Aracanguá;True;2023;publica;medio;todos (1-4);96.9;0.970149;277.32;278.15;4.74838;4.6;;380219.452;45377.66;292812.002;34945.94;289678.137;33916.19;109970.317;21800.531;82896.563;63316.71;277984.121;11694.016;Agricultura, inclusive apoio à agricultura e a pós colheita;Demais serviços;Administração, defesa, educação e saúde públicas e seguridade social
3;Sudeste;35;SP;São Paulo;3548104;Santo Antônio do Jardim;True;2023;publica;medio;todos (1-4);94.5;0.943904;272.56;285.39;4.78991;4.5;;253743.152;41420.69;274001.154;44727.58;222832.584;37602.53;89678.809;11351.638;77595.169;30209.145;208834.761;13997.823;Agricultura, inclusive apoio à agricultura e a pós colheita;Demais serviços;Administração, defesa, educação e saúde públicas e seguridade social
3;Sudeste;35;SP;São Paulo;3548203;Santo Antônio do Pinhal;True;2023;publica;medio;todos (1-4);93.6;0.930792;270.87;274.19;4.598509;4.3;;191747.438;26881.74;159641.819;22380.74;148429.124;21690.65;16760.97;7378.609;77467.992;39101.693;140709.264;7719.86;Demais serviços;Administração, defesa, educação e saúde públicas e seguridade social;Agricultura, inclusive apoio à agricultura e a pós colheita
3;Sudeste;35;SP;São Paulo;3548302;Santo Expedito;True;2023;publica;medio;todos (1-4);98.8;0.987004;243.33;238.15;3.67219;3.6;;60255.674;20085.22;53812.634;17937.54;47273.391;14964.67;6470.526;3327.494;17748.76;18406.667;45953.447;1319.944;Administração, defesa, educação e saúde públicas e seguridade social;Demais serviços;Agricultura, inclusive apoio à agricultura e a pós colheita
3;Sudeste;35;SP;São Paulo;3548401;Santópolis do Aguapeí;True;2023;publica;medio;todos (1-4);97.0;0.967208;269.73;271.25;4.538486;4.4;;97801.855;25083.83;87085.663;22335.38;80653.418;16609.02;11204.767;3838.978;36716.096;24002.814;75762.655;4890.763;Demais serviços;Administração, defesa, educação e saúde públicas e seguridade social;Comércio e reparação de veículos automotores e motocicletas
3;Sudeste;35;SP;São Paulo;3548500;Santos;True;2023;publica;medio;todos (1-4);94.2;0.943876;269.99;283.75;4.729263;4.5;;30961718.45;73963.51;27510857.303;65719.86;24090173.097;55508.46;5248.939;2150156.228;15770943.804;2400186.743;20326535.714;3763637.383;Demais serviços;Comércio e reparação de veículos automotores e motocicletas;Administração, defesa, educação e saúde públicas e seguridade social
3;Sudeste;35;SP;São Paulo;3548609;São Bento do Sapucaí;True;2023;publica;medio;todos (1-4);98.5;0.988189;276.42;278.61;4.742626;4.7;;354768.094;30389.59;305965.07;26186.67;406647.208;37283.14;39804.065;13677.018;283080.376;51153.626;387715.086;18932.122;Demais serviços;Administração, defesa, educação e saúde públicas e seguridade social;Comércio e reparação de veículos automotores e motocicletas
3;Sudeste;35;SP;São Paulo;3548708;São Bernardo do Campo;True;2023;publica;medio;todos (1-4);91.5;0.916117;274.57;288.52;4.864996;4.5;;71965791.185;88766.77;65652404.178;80979.47;58277014.065;68571.36;11195.535;13216248.199;29662760.19;3651104.667;46541308.592;11735705.473;Demais serviços;Indústrias de transformação;Comércio e reparação de veículos automotores e motocicletas
3;Sudeste;35;SP;São Paulo;3548807;São Caetano do Sul;True;2023;publica;medio;todos (1-4);93.3;0.933683;292.61;298.02;5.260582;4.9;;22553448.009;136147.1;18128058.799;109432.61;15566768.386;95640.71;30.821;3515560.444;8183229.277;1532317.804;13231138.346;2335630.04;Demais serviços;Indústrias de transformação;Administração, defesa, educação e saúde públicas e seguridade social
3;Sudeste;35;SP;São Paulo;3548906;São Carlos;True;2023;publica;medio;todos (1-4);95.5;0.966811;278.17;286.43;4.884271;4.7;;18386920.167;72146.03;15599640.336;61217.79;14141854.369;55044.88;170583.18;3844335.362;6861133.828;1208302.393;12084354.763;2057499.606;Demais serviços;Indústrias de transformação;Comércio e reparação de veículos automotores e motocicletas
3;Sudeste;35;SP;São Paulo;3549003;São Francisco;True;2023;publica;medio;todos (1-4);100.0;1.0;292.34;292.78;5.178347;5.2;;59556.069;22888.57;50205.106;19294.81;51167.786;18189.76;16633.994;2507.216;14798.64;16043.426;49983.276;1184.51;Administração, defesa, educação e saúde públicas e seguridade social;Demais serviços;Agricultura, inclusive apoio à agricultura e a pós colheita
3;Sudeste;35;SP;São Paulo;3549102;São João da Boa Vista;True;2023;publica;medio;todos (1-4);90.5;0.92599;280.01;287.04;4.919245;4.6;;5011180.867;54147.42;4683628.525;50614.67;4135189.744;44794.34;125955.232;943016.747;2146777.947;422205.569;3637955.496;497234.248;Demais serviços;Indústrias de transformação;Comércio e reparação de veículos automotores e motocicletas
3;Sudeste;35;SP;São Paulo;3549201;São João das Duas Pontes;True;2023;publica;medio;todos (1-4);100.0;1.0;277.64;270.83;4.643294;4.6;;72713.498;28183.53;55918.879;21673.98;52612.013;20591.79;16036.73;3694.699;14414.448;17036.494;51182.372;1429.642;Administração, defesa, educação e saúde públicas e seguridade social;Demais serviços;Agricultura, inclusive apoio à agricultura e a pós colheita
3;Sudeste;35;SP;São Paulo;3549250;São João de Iracema;True;2023;publica;medio;todos (1-4);100.0;1.0;273.87;271.65;4.60262;4.6;;69614.459;37710.97;52814.894;28610.45;51478.104;26507.78;19378.211;1440.394;13452.91;15765.594;50037.108;1440.996;Agricultura, inclusive apoio à agricultura e a pós colheita;Administração, defesa, educação e saúde públicas e seguridade social;Demais serviços
3;Sudeste;35;SP;São Paulo;3549300;São João do Pau d'Alho;True;2023;publica;medio;todos (1-4);100.0;1.0;272.81;257.74;4.379499;4.4;;83376.43;37188.42;64165.545;28619.78;58492.972;27920.27;19148.291;3111.482;17640.906;16271.021;56171.7;2321.272;Agricultura, inclusive apoio à agricultura e a pós colheita;Demais serviços;Administração, defesa, educação e saúde públicas e seguridade social
3;Sudeste;35;SP;São Paulo;3549409;São Joaquim da Barra;True;2023;publica;medio;todos (1-4);92.9;0.92979;276.01;282.7;4.798095;4.5;;2733786.441;56299.4;2485889.106;51194.22;2191085.894;41547.41;54709.298;727988.648;931319.947;228172.35;1942190.242;248895.652;Demais serviços;Indústrias de transformação;Administração, defesa, educação e saúde públicas e seguridade social
3;Sudeste;35;SP;São Paulo;3549508;São José da Bela Vista;True;2023;publica;medio;todos (1-4);89.5;0.892187;262.29;261.57;4.289081;3.8;;336021.818;44062.66;281274.434;36883.61;231517.142;25749.88;95960.632;5787.293;70175.342;48907.88;220831.148;10685.994;Agricultura, inclusive apoio à agricultura e a pós colheita;Demais serviços;Administração, defesa, educação e saúde públicas e seguridade social
3;Sudeste;35;SP;São Paulo;3549607;São José do Barreiro;False;;;;;;;;;;;;80553.126;20906.6;66747.687;17323.56;63347.21;15297.56;9640.511;2432.084;22349.784;26616.607;61038.985;2308.225;Administração, defesa, educação e saúde públicas e seguridade social;Demais serviços;Pecuária, inclusive apoio à pecuária
3;Sudeste;35;SP;São Paulo;3549706;São José do Rio Pardo;True;2023;publica;medio;todos (1-4);88.3;0.890566;280.34;287.38;4.92897;4.4;;2876972.561;55109.14;2619385.788;50175.96;2375167.083;42952.13;196939.838;472632.208;1153489.695;244885.405;2067947.146;307219.937;Demais serviços;Indústrias de transformação;Comércio e reparação de veículos automotores e motocicletas
3;Sudeste;35;SP;São Paulo;3549805;São José do Rio Preto;True;2023;publica;medio;todos (1-4);92.6;0.927189;273.56;281.32;4.743026;4.4;;26390120.821;54934.44;23799646.384;49537.29;20962614.976;44679.93;64179.636;2145379.949;14508306.843;1854124.83;18571991.257;2390623.719;Demais serviços;Comércio e reparação de veículos automotores e motocicletas;Administração, defesa, educação e saúde públicas e seguridade social
3;Sudeste;35;SP;São Paulo;3549904;São José dos Campos;True;2023;publica;medio;todos (1-4);92.4;0.923967;274.87;281.06;4.757533;4.4;;61394524.128;88077.14;56653326.722;81231.79;45208807.937;61315.88;25504.102;16459170.872;19457995.78;2884818.643;38827489.397;6381318.54;Demais serviços;Indústrias de transformação;Comércio e reparação de veículos automotores e motocicletas
3;Sudeste;35;SP;São Paulo;3549953;São Lourenço da Serra;True;2023;publica;medio;todos (1-4);97.9;0.978309;272.25;284.95;4.778969;4.7;;346115.309;21542.0;301589.307;18868.2;285411.765;17697.76;1858.98;27606.501;158623.601;72815.995;260905.076;24506.689;Demais serviços;Administração, defesa, educação e saúde públicas e seguridade social;Comércio e reparação de veículos automotores e motocicletas
3;Sudeste;35;SP;São Paulo;3550001;São Luiz do Paraitinga;True;2023;publica;medio;todos (1-4);96.2;0.963567;275.2;279.42;4.737617;4.6;;252579.139;24434.47;220581.512;21339.03;204219.19;19098.4;24929.186;12156.921;97556.423;57574.176;192216.706;12002.484;Demais serviços;Administração, defesa, educação e saúde públicas e seguridade social;Pecuária, inclusive apoio à pecuária
3;Sudeste;35;SP;São Paulo;3550100;São Manuel;True;2023;publica;medio;todos (1-4);93.6;0.937438;271.93;280.75;4.7116;4.4;;1889877.382;50681.9;1482433.37;39755.25;1340317.267;32463.42;118878.275;195029.982;721870.938;159806.614;1195585.809;144731.457;Demais serviços;Comércio e reparação de veículos automotores e motocicletas;Administração, defesa, educação e saúde públicas e seguridade social
3;Sudeste;35;SP;São Paulo;3550209;São Miguel Arcanjo;True;2023;publica;medio;todos (1-4);95.9;0.958915;275.33;280.1;4.749622;4.6;;1157726.376;36134.91;941899.305;29398.52;954225.102;28853.83;391383.783;47114.506;328949.807;140484.388;907932.485;46292.618;Agricultura, inclusive apoio à agricultura e a pós colheita;Demais serviços;Administração, defesa, educação e saúde públicas e seguridade social
3;Sudeste;35;SP;São Paulo;3550308;São Paulo;True;2023;publica;medio;todos (1-4);89.5;0.918187;265.86;277.57;4.578743;4.2;;1066825104.983;93156.23;945946482.808;82606.43;828980746.586;66872.85;61624.738;62513857.934;549767525.142;48453704.592;660796712.406;168184034.18;Demais serviços;Comércio e reparação de veículos automotores e motocicletas;Administração, defesa, educação e saúde públicas e seguridade social
3;Sudeste;35;SP;São Paulo;3550407;São Pedro;True;2023;publica;medio;todos (1-4);88.0;0.888767;287.9;297.92;5.192934;4.6;;1243177.03;32496.26;1023481.532;26753.49;886335.955;24418.31;64623.833;64260.756;514870.525;165476.393;809231.506;77104.449;Demais serviços;Administração, defesa, educação e saúde públicas e seguridade social;Comércio e reparação de veículos automotores e motocicletas
3;Sudeste;35;SP;São Paulo;3550506;São Pedro do Turvo;False;;;;;;;;;;;;393936.414;54584.51;235145.548;32595.72;234364.608;30342.39;91072.717;24160.74;61183.344;42698.862;219115.663;15248.945;Agricultura, inclusive apoio à agricultura e a pós colheita;Demais serviços;Administração, defesa, educação e saúde públicas e seguridade social
3;Sudeste;35;SP;São Paulo;3550605;São Roque;True;2023;publica;medio;todos (1-4);96.9;0.968463;276.56;284.1;4.826778;4.7;;4532567.306;57024.9;3900209.584;49069.12;3450778.678;37074.85;45528.581;602986.495;1906386.234;395962.738;2950864.049;499914.63;Demais serviços;Comércio e reparação de veículos automotores e motocicletas;Indústrias de transformação
3;Sudeste;35;SP;São Paulo;3550704;São Sebastião;True;2023;publica;medio;todos (1-4);97.4;0.9753;267.0;277.08;4.587418;4.5;;17400619.207;213255.95;18873505.615;231463.15;16008645.421;174696.31;15863.894;9764264.038;5075980.831;695835.071;15551943.835;456701.586;Indústrias extrativas;Demais serviços;Administração, defesa, educação e saúde públicas e seguridade social
3;Sudeste;35;SP;São Paulo;3550803;São Sebastião da Grama;True;2023;publica;medio;todos (1-4);91.9;0.917814;261.38;280.01;4.552348;4.2;;481876.411;46152.32;379071.51;36306.05;428491.854;35304.59;140653.599;31465.975;173855.553;54012.076;399987.202;28504.652;Agricultura, inclusive apoio à agricultura e a pós colheita;Demais serviços;Administração, defesa, educação e saúde públicas e seguridade social
3;Sudeste;35;SP;São Paulo;3550902;São Simão;True;2023;publica;medio;todos (1-4);98.5;0.985302;263.88;266.31;4.382371;4.3;;648091.535;48213.92;531982.172;39576.12;501326.889;32456.75;73197.787;60108.933;223996.775;84468.756;441772.251;59554.637;Demais serviços;Administração, defesa, educação e saúde públicas e seguridade social;Comércio e reparação de veículos automotores e motocicletas
3;Sudeste;35;SP;São Paulo;3551009;São Vicente;True;2023;publica;medio;todos (1-4);93.6;0.938209;256.82;269.05;4.324231;4.1;;7414656.3;22474.72;6746300.707;20453.0;6121259.1;16506.51;4375.988;510075.084;3598069.999;1568230.121;5680751.192;440507.908;Demais serviços;Administração, defesa, educação e saúde públicas e seguridade social;Comércio e reparação de veículos automotores e motocicletas
3;Sudeste;35;SP;São Paulo;3551108;Sarapuí;True;2023;publica;medio;todos (1-4);91.1;0.906987;267.56;272.88;4.532409;4.1;;270123.317;26051.05;228901.398;22075.55;203910.875;19433.04;41315.191;30057.453;67773.753;48706.546;187852.942;16057.933;Demais serviços;Administração, defesa, educação e saúde públicas e seguridade social;Agricultura, inclusive apoio à agricultura e a pós colheita
3;Sudeste;35;SP;São Paulo;3551207;Sarutaiá;False;;;;;;;;;;;;115634.692;31218.87;93449.444;25229.33;96557.722;26651.32;43668.874;3996.137;25356.998;21770.775;94792.784;1764.938;Agricultura, inclusive apoio à agricultura e a pós colheita;Demais serviços;Administração, defesa, educação e saúde públicas e seguridade social
3;Sudeste;35;SP;São Paulo;3551306;Sebastianópolis do Sul;True;2023;publica;medio;todos (1-4);97.9;0.987004;271.92;268.71;4.53122;4.5;;454541.519;145220.93;424963.418;135771.06;417498.625;116133.14;40418.681;193532.531;114679.751;26257.953;374888.915;42609.711;Indústrias de transformação;Demais serviços;Agricultura, inclusive apoio à agricultura e a pós colheita
3;Sudeste;35;SP;São Paulo;3551405;Serra Azul;True;2023;publica;medio;todos (1-4);90.6;0.90861;269.06;273.04;4.555872;4.1;;269296.727;21127.94;190474.262;14943.85;195523.134;12785.98;46604.064;11240.366;62819.181;68651.422;189315.033;6208.102;Administração, defesa, educação e saúde públicas e seguridade social;Demais serviços;Agricultura, inclusive apoio à agricultura e a pós colheita
3;Sudeste;35;SP;São Paulo;3551504;Serrana;True;2023;publica;medio;todos (1-4);88.4;0.887788;269.64;279.48;4.660425;4.1;;1454534.798;33126.12;1366460.223;31120.28;1349050.264;29221.73;21355.507;227605.044;722884.231;236601.738;1208446.52;140603.744;Demais serviços;Comércio e reparação de veículos automotores e motocicletas;Administração, defesa, educação e saúde públicas e seguridade social
3;Sudeste;35;SP;São Paulo;3551603;Serra Negra;True;2023;publica;medio;todos (1-4);90.6;0.903935;262.3;265.4;4.346557;3.9;;1025007.433;34288.07;896883.444;30002.12;845122.36;28485.03;84669.631;62088.45;489895.096;127911.869;764565.045;80557.315;Demais serviços;Administração, defesa, educação e saúde públicas e seguridade social;Comércio e reparação de veículos automotores e motocicletas
3;Sudeste;35;SP;São Paulo;3551702;Sertãozinho;True;2023;publica;medio;todos (1-4);94.6;0.95645;284.8;291.07;5.04685;4.8;;9075017.911;71520.47;8098068.339;63821.1;7109021.763;55352.42;86717.477;2110801.327;3249541.352;660685.268;6107745.423;1001276.34;Demais serviços;Indústrias de transformação;Comércio e reparação de veículos automotores e motocicletas
3;Sudeste;35;SP;São Paulo;3551801;Sete Barras;True;2023;publica;medio;todos (1-4);95.2;0.953035;264.18;270.87;4.454848;4.2;;461849.31;36280.39;363320.094;28540.46;379170.022;29783.21;180937.473;23882.691;98288.768;62559.381;365668.313;13501.71;Agricultura, inclusive apoio à agricultura e a pós colheita;Demais serviços;Administração, defesa, educação e saúde públicas e seguridade social
3;Sudeste;35;SP;São Paulo;3551900;Severínia;True;2023;publica;medio;todos (1-4);94.2;0.945803;268.82;262.33;4.392172;4.2;;340596.56;23366.94;314475.315;21574.87;271911.501;15258.78;19012.237;9149.505;141189.913;84016.986;253368.641;18542.86;Demais serviços;Administração, defesa, educação e saúde públicas e seguridade social;Comércio e reparação de veículos automotores e motocicletas
3;Sudeste;35;SP;São Paulo;3552007;Silveiras;True;2023;publica;medio;todos (1-4);90.3;0.907405;250.56;248.19;3.924035;3.6;;116266.107;18795.04;101328.983;16380.37;92558.565;14518.99;11715.01;3987.86;32206.108;40275.404;88184.383;4374.183;Administração, defesa, educação e saúde públicas e seguridade social;Demais serviços;Pecuária, inclusive apoio à pecuária
3;Sudeste;35;SP;São Paulo;3552106;Socorro;True;2023;publica;medio;todos (1-4);97.5;0.973553;271.43;275.85;4.631224;4.5;;1449300.539;36122.34;1269084.376;31630.64;1120219.486;26870.22;113684.979;134639.933;581522.818;180394.994;1010242.723;109976.763;Demais serviços;Administração, defesa, educação e saúde públicas e seguridade social;Comércio e reparação de veículos automotores e motocicletas
3;Sudeste;35;SP;São Paulo;3552205;Sorocaba;True;2023;publica;medio;todos (1-4);95.8;0.968404;275.73;287.55;4.866767;4.7;;58816286.432;81273.66;54465435.816;75272.79;44533398.241;64046.61;43587.377;11416523.526;20709422.068;2960148.0;35129680.971;9403717.27;Demais serviços;Indústrias de transformação;Comércio e reparação de veículos automotores e motocicletas
3;Sudeste;35;SP;São Paulo;3552304;Sud Mennucci;True;2023;publica;medio;todos (1-4);94.6;0.948067;277.39;277.01;4.732297;4.5;;302800.668;41169.36;210354.54;28600.21;226784.378;29307.88;82363.193;9944.752;74978.087;47715.315;215001.348;11783.03;Demais serviços;Agricultura, inclusive apoio à agricultura e a pós colheita;Administração, defesa, educação e saúde públicas e seguridade social
3;Sudeste;35;SP;São Paulo;3552403;Sumaré;True;2023;publica;medio;todos (1-4);93.4;0.94595;270.03;280.49;4.681023;4.4;;19026093.466;68060.93;17753218.624;63507.32;16179891.951;55816.79;328221.75;4539680.55;7114201.096;1149288.71;13131392.106;3048499.845;Demais serviços;Indústrias de transformação;Comércio e reparação de veículos automotores e motocicletas
3;Sudeste;35;SP;São Paulo;3552502;Suzano;True;2023;publica;medio;todos (1-4);90.8;0.907767;265.49;276.85;4.562767;4.1;;18618697.595;60562.59;16866186.246;54873.66;14811513.691;48818.92;365314.028;5291217.803;5335113.26;1214448.17;12206093.262;2605420.429;Indústrias de transformação;Demais serviços;Administração, defesa, educação e saúde públicas e seguridade social
3;Sudeste;35;SP;São Paulo;3552551;Suzanápolis;True;2023;publica;medio;todos (1-4);98.9;0.988404;256.37;280.01;4.481983;4.4;;511504.073;150089.22;386090.263;114737.08;341980.906;84169.56;36433.753;142422.703;96822.567;27419.425;303098.448;38882.458;Indústrias de transformação;Demais serviços;Agricultura, inclusive apoio à agricultura e a pós colheita
3;Sudeste;35;SP;São Paulo;3552601;Tabapuã;True;2023;publica;medio;todos (1-4);96.6;0.967056;264.94;276.6;4.5513;4.4;;397691.073;35122.41;304867.309;26924.61;287136.559;22859.37;77407.832;11555.619;121741.022;62127.838;272832.311;14304.249;Demais serviços;Agricultura, inclusive apoio à agricultura e a pós colheita;Administração, defesa, educação e saúde públicas e seguridade social
3;Sudeste;35;SP;São Paulo;3552700;Tabatinga;True;2023;publica;medio;todos (1-4);93.4;0.939362;278.47;277.78;4.758993;4.5;;512361.457;34691.68;376564.503;25496.95;340423.445;20278.99;78089.282;29679.683;133545.56;77089.874;318404.399;22019.046;Demais serviços;Administração, defesa, educação e saúde públicas e seguridade social;Agricultura, inclusive apoio à agricultura e a pós colheita
3;Sudeste;35;SP;São Paulo;3552809;Taboão da Serra;True;2023;publica;medio;todos (1-4);95.2;0.952412;264.8;278.04;4.570891;4.4;;12084179.332;44176.69;10975626.354;40124.1;10291072.498;34588.58;265.211;2086009.277;5310499.081;1252193.145;8648966.714;1642105.784;Demais serviços;Indústrias de transformação;Comércio e reparação de veículos automotores e motocicletas
3;Sudeste;35;SP;São Paulo;3552908;Taciba;True;2023;publica;medio;todos (1-4);96.5;0.965765;257.59;262.03;4.229956;4.1;;242091.189;38672.71;199127.993;31809.58;186412.175;29259.48;68762.806;10090.195;54417.335;46713.717;179984.052;6428.122;Agricultura, inclusive apoio à agricultura e a pós colheita;Demais serviços;Administração, defesa, educação e saúde públicas e seguridade social
3;Sudeste;35;SP;São Paulo;3553005;Taguaí;True;2023;publica;medio;todos (1-4);97.3;0.976988;280.91;283.64;4.880987;4.8;;409335.494;32310.01;391497.809;30902.03;343427.748;23824.33;55797.041;20165.789;171943.913;63891.786;311798.528;31629.219;Demais serviços;Comércio e reparação de veículos automotores e motocicletas;Administração, defesa, educação e saúde públicas e seguridade social
3;Sudeste;35;SP;São Paulo;3553104;Taiaçu;True;2023;publica;medio;todos (1-4);98.6;0.986238;265.95;280.59;4.625216;4.6;;155640.314;27415.94;121215.941;21352.11;109907.367;17319.16;28186.582;2699.843;44400.285;28776.496;104063.207;5844.161;Demais serviços;Administração, defesa, educação e saúde públicas e seguridade social;Agricultura, inclusive apoio à agricultura e a pós colheita
3;Sudeste;35;SP;São Paulo;3553203;Taiúva;True;2023;publica;medio;todos (1-4);99.3;0.992558;285.45;286.43;4.986518;4.9;;188353.34;28765.02;151516.031;23139.28;139651.101;25108.07;24191.068;20237.949;52322.844;31400.116;128151.977;11499.124;Demais serviços;Administração, defesa, educação e saúde públicas e seguridade social;Agricultura, inclusive apoio à agricultura e a pós colheita
3;Sudeste;35;SP;São Paulo;3553302;Tambaú;True;2023;publica;medio;todos (1-4);88.5;0.895558;264.86;274.55;4.519488;4.0;;966714.25;45099.8;843711.182;39361.38;700419.073;30119.07;78980.377;158476.676;304125.371;95553.04;637135.464;63283.609;Demais serviços;Indústrias de transformação;Administração, defesa, educação e saúde públicas e seguridade social
3;Sudeste;35;SP;São Paulo;3553401;Tanabi;True;2023;publica;medio;todos (1-4);99.5;0.995289;267.93;269.04;4.480121;4.5;;1592466.95;63030.55;1408897.055;55764.78;1323569.967;50458.24;132284.228;461061.387;480104.57;124694.717;1198144.902;125425.065;Indústrias de transformação;Demais serviços;Administração, defesa, educação e saúde públicas e seguridade social
3;Sudeste;35;SP;São Paulo;3553500;Tapiraí;True;2023;publica;medio;todos (1-4);95.2;0.949064;269.53;284.44;4.733132;4.5;;223954.353;28008.3;191747.235;23980.39;185138.411;23966.14;68949.22;11578.765;55735.276;40565.281;176828.541;8309.87;Agricultura, inclusive apoio à agricultura e a pós colheita;Demais serviços;Administração, defesa, educação e saúde públicas e seguridade social
3;Sudeste;35;SP;São Paulo;3553609;Tapiratiba;False;;;;;;;;;;;;358652.712;30353.14;294802.08;24949.4;301184.818;23275.49;72223.91;25469.716;125753.736;60004.652;283452.014;17732.804;Demais serviços;Administração, defesa, educação e saúde públicas e seguridade social;Agricultura, inclusive apoio à agricultura e a pós colheita
3;Sudeste;35;SP;São Paulo;3553658;Taquaral;True;2023;publica;medio;todos (1-4);98.7;0.982759;262.45;263.21;4.315879;4.2;;92382.788;35274.07;55233.706;21089.62;46861.863;16647.2;7715.097;1850.936;14486.849;20223.797;44276.679;2585.185;Administração, defesa, educação e saúde públicas e seguridade social;Demais serviços;Agricultura, inclusive apoio à agricultura e a pós colheita
3;Sudeste;35;SP;São Paulo;3553708;Taquaritinga;True;2023;publica;medio;todos (1-4);98.6;0.986318;278.62;278.89;4.777716;4.7;;2307144.805;44147.43;1930593.663;36942.09;1660014.384;28846.24;115944.357;235408.591;885902.109;272970.048;1510225.105;149789.279;Demais serviços;Administração, defesa, educação e saúde públicas e seguridade social;Comércio e reparação de veículos automotores e motocicletas
3;Sudeste;35;SP;São Paulo;3553807;Taquarituba;True;2023;publica;medio;todos (1-4);93.6;0.938062;277.74;282.51;4.819549;4.5;;1279103.093;52529.9;1227811.122;50423.45;988151.947;42424.52;132339.82;66621.372;574067.49;100748.895;873777.576;114374.371;Demais serviços;Comércio e reparação de veículos automotores e motocicletas;Agricultura, inclusive apoio à agricultura e a pós colheita
3;Sudeste;35;SP;São Paulo;3553856;Taquarivaí;True;2023;publica;medio;todos (1-4);93.5;0.937528;268.05;272.78;4.537794;4.3;;433013.79;62974.66;453976.28;66023.31;367323.698;61548.88;122948.156;16843.793;157444.137;35426.188;332662.275;34661.424;Agricultura, inclusive apoio à agricultura e a pós colheita;Comércio e reparação de veículos automotores e motocicletas;Demais serviços
3;Sudeste;35;SP;São Paulo;3553906;Tarabai;True;2023;publica;medio;todos (1-4);91.9;0.919532;262.07;269.85;4.409943;4.1;;187170.91;28636.92;170112.935;26027.07;168350.324;22125.16;16002.304;14259.364;60792.112;42013.462;133067.241;35283.083;Demais serviços;Administração, defesa, educação e saúde públicas e seguridade social;Comércio e reparação de veículos automotores e motocicletas
3;Sudeste;35;SP;São Paulo;3553955;Tarumã;True;2023;publica;medio;todos (1-4);91.8;0.918525;258.85;271.48;4.38912;4.0;;1153082.93;77481.72;918710.468;61733.0;897036.192;58396.99;56414.134;342396.588;316519.163;77491.177;792821.062;104215.13;Indústrias de transformação;Demais serviços;Administração, defesa, educação e saúde públicas e seguridade social
3;Sudeste;35;SP;São Paulo;3554003;Tatuí;True;2023;publica;medio;todos (1-4);92.6;0.926859;272.39;281.81;4.733929;4.4;;6784534.581;54739.59;5978311.904;48234.75;5076192.938;40892.85;154857.403;1324244.268;2439454.528;526084.162;4444640.36;631552.579;Demais serviços;Indústrias de transformação;Administração, defesa, educação e saúde públicas e seguridade social
3;Sudeste;35;SP;São Paulo;3554102;Taubaté;True;2023;publica;medio;todos (1-4);93.5;0.937738;273.76;282.3;4.760506;4.5;;22607800.468;72754.95;18462529.003;59414.91;16199985.933;50495.56;29195.862;4619437.11;7062455.685;1494813.013;13205901.67;2994084.263;Demais serviços;Indústrias de transformação;Administração, defesa, educação e saúde públicas e seguridade social
3;Sudeste;35;SP;São Paulo;3554201;Tejupá;True;2023;publica;medio;todos (1-4);87.4;0.862929;267.35;270.65;4.496077;3.9;;341127.352;82657.46;124784.075;30236.02;138116.334;31023.44;74288.846;4616.711;29408.651;25903.365;134217.573;3898.761;Agricultura, inclusive apoio à agricultura e a pós colheita;Demais serviços;Administração, defesa, educação e saúde públicas e seguridade social
3;Sudeste;35;SP;São Paulo;3554300;Teodoro Sampaio;True;2023;publica;medio;todos (1-4);93.6;0.93445;272.98;279.26;4.704042;4.4;;822760.153;37106.4;678819.552;30614.69;627028.261;26801.81;125733.521;89635.136;265524.496;103985.516;584878.668;42149.592;Demais serviços;Agricultura, inclusive apoio à agricultura e a pós colheita;Administração, defesa, educação e saúde públicas e seguridade social
3;Sudeste;35;SP;São Paulo;3554409;Terra Roxa;True;2023;publica;medio;todos (1-4);94.2;0.944538;265.68;270.6;4.471873;4.2;;237426.174;30038.74;182316.05;23066.3;174935.246;18410.36;42624.259;15260.385;63207.555;45914.494;167006.693;7928.553;Demais serviços;Administração, defesa, educação e saúde públicas e seguridade social;Agricultura, inclusive apoio à agricultura e a pós colheita
3;Sudeste;35;SP;São Paulo;3554508;Tietê;True;2023;publica;medio;todos (1-4);92.7;0.93098;269.56;277.12;4.623972;4.3;;2954947.719;78457.58;2473358.84;65670.79;2158402.234;50258.52;64791.462;734290.347;854750.252;214403.526;1868235.587;290166.646;Demais serviços;Indústrias de transformação;Administração, defesa, educação e saúde públicas e seguridade social
3;Sudeste;35;SP;São Paulo;3554607;Timburi;True;2023;publica;medio;todos (1-4);94.9;0.946768;286.1;288.77;5.030677;4.8;;80267.648;32576.16;62755.097;25468.79;66301.28;25047.71;24316.821;2843.964;17936.369;19346.577;64443.731;1857.549;Agricultura, inclusive apoio à agricultura e a pós colheita;Administração, defesa, educação e saúde públicas e seguridade social;Demais serviços
3;Sudeste;35;SP;São Paulo;3554656;Torre de Pedra;True;2023;publica;medio;todos (1-4);98.1;0.990835;274.75;280.56;4.748363;4.7;;44086.733;21547.77;37807.309;18478.65;37756.621;15524.93;2822.443;2481.025;14580.731;16230.499;36114.699;1641.922;Administração, defesa, educação e saúde públicas e seguridade social;Demais serviços;Pecuária, inclusive apoio à pecuária
3;Sudeste;35;SP;São Paulo;3554706;Torrinha;True;2023;publica;medio;todos (1-4);83.1;0.829361;273.42;274.54;4.639563;3.8;;380075.254;40715.08;320479.876;34331.0;284592.255;28177.45;68706.213;27529.067;120260.732;45387.966;261883.978;22708.278;Demais serviços;Agricultura, inclusive apoio à agricultura e a pós colheita;Administração, defesa, educação e saúde públicas e seguridade social
3;Sudeste;35;SP;São Paulo;3554755;Trabiju;True;2023;publica;medio;todos (1-4);98.3;0.98319;263.41;275.76;4.517237;4.4;;66640.706;39619.92;52600.846;31272.8;44919.531;25639.0;9226.651;4962.707;12380.141;15981.989;42551.488;2368.043;Administração, defesa, educação e saúde públicas e seguridade social;Demais serviços;Agricultura, inclusive apoio à agricultura e a pós colheita
3;Sudeste;35;SP;São Paulo;3554805;Tremembé;True;2023;publica;medio;todos (1-4);99.1;0.992325;272.96;280.69;4.725168;4.7;;1091770.581;21334.89;1023337.713;19997.61;896633.754;18591.56;12195.007;180772.247;398574.987;215319.233;806861.473;89772.28;Demais serviços;Administração, defesa, educação e saúde públicas e seguridade social;Indústrias de transformação
3;Sudeste;35;SP;São Paulo;3554904;Três Fronteiras;True;2023;publica;medio;todos (1-4);97.6;0.970227;263.49;271.28;4.451294;4.3;;155504.752;22854.9;130745.408;19215.96;122035.537;20839.4;23088.42;8711.591;52012.067;31356.597;115168.674;6866.863;Demais serviços;Administração, defesa, educação e saúde públicas e seguridade social;Agricultura, inclusive apoio à agricultura e a pós colheita
3;Sudeste;35;SP;São Paulo;3554953;Tuiuti;True;2023;publica;medio;todos (1-4);100.0;1.0;278.63;283.58;4.848067;4.8;;239682.024;35361.76;193507.593;28549.36;181790.461;25756.65;43333.376;6697.597;86971.045;31495.348;168497.366;13293.095;Demais serviços;Comércio e reparação de veículos automotores e motocicletas;Agricultura, inclusive apoio à agricultura e a pós colheita
3;Sudeste;35;SP;São Paulo;3555000;Tupã;True;2023;publica;medio;todos (1-4);92.6;0.929152;285.31;289.24;5.026617;4.7;;3128301.71;48934.77;2509745.856;39258.95;2213337.24;33732.18;193785.747;289544.79;1243051.898;275150.707;2001533.142;211804.098;Demais serviços;Comércio e reparação de veículos automotores e motocicletas;Administração, defesa, educação e saúde públicas e seguridade social
3;Sudeste;35;SP;São Paulo;3555109;Tupi Paulista;True;2023;publica;medio;todos (1-4);91.8;0.918855;272.7;283.85;4.768822;4.4;;446937.811;28190.85;375898.108;23709.99;340357.291;21720.31;43825.339;9779.23;193547.67;73728.046;320880.284;19477.007;Demais serviços;Administração, defesa, educação e saúde públicas e seguridade social;Agricultura, inclusive apoio à agricultura e a pós colheita
3;Sudeste;35;SP;São Paulo;3555208;Turiúba;True;2023;publica;medio;todos (1-4);98.2;0.980609;272.52;282.36;4.743988;4.7;;88091.265;48455.04;61349.86;33745.8;56424.618;27877.78;21508.551;2346.69;15192.574;15777.222;54825.036;1599.582;Administração, defesa, educação e saúde públicas e seguridade social;Agricultura, inclusive apoio à agricultura e a pós colheita;Demais serviços
3;Sudeste;35;SP;São Paulo;3555307;Turmalina;True;2023;publica;medio;todos (1-4);100.0;1.0;276.11;264.82;4.531835;4.5;;100226.09;60051.58;72579.582;43486.87;73691.514;44206.07;37998.619;3096.682;15557.667;14853.303;71506.271;2185.243;Agricultura, inclusive apoio à agricultura e a pós colheita;Administração, defesa, educação e saúde públicas e seguridade social;Demais serviços
3;Sudeste;35;SP;São Paulo;3555356;Ubarana;True;2023;publica;medio;todos (1-4);97.9;0.977375;276.89;271.22;4.638598;4.5;;298745.87;55684.23;230722.502;43005.13;212639.004;32774.2;37290.128;79174.59;50542.026;36674.157;203680.901;8958.103;Eletricidade e gás, água, esgoto, atividades de gestão de resíduos e descontaminação;Demais serviços;Administração, defesa, educação e saúde públicas e seguridade social
3;Sudeste;35;SP;São Paulo;3555406;Ubatuba;True;2023;publica;medio;todos (1-4);91.0;0.916047;264.18;272.64;4.481345;4.1;;3506919.269;37716.51;3218974.11;34620.07;2705941.156;29152.88;31826.987;381498.027;1654039.192;482564.721;2549928.927;156012.23;Demais serviços;Administração, defesa, educação e saúde públicas e seguridade social;Comércio e reparação de veículos automotores e motocicletas
3;Sudeste;35;SP;São Paulo;3555505;Ubirajara;False;;;;;;;;;;;;201026.244;39171.13;123802.334;24123.6;114467.732;23709.14;30979.063;5088.472;40952.197;32485.898;109505.63;4962.101;Demais serviços;Administração, defesa, educação e saúde públicas e seguridade social;Agricultura, inclusive apoio à agricultura e a pós colheita
3;Sudeste;35;SP;São Paulo;3555604;Uchoa;True;2023;publica;medio;todos (1-4);86.0;0.854669;279.96;288.03;4.933363;4.2;;521823.515;50204.3;408570.533;39308.31;401840.509;39430.92;38483.852;143054.14;127884.479;50079.771;359502.242;42338.267;Indústrias de transformação;Demais serviços;Administração, defesa, educação e saúde públicas e seguridade social
3;Sudeste;35;SP;São Paulo;3555703;União Paulista;True;2023;publica;medio;todos (1-4);100.0;1.0;263.65;266.58;4.383182;4.4;;72243.943;45067.96;64215.389;40059.51;57594.759;30538.05;20856.867;2472.881;16340.222;16201.576;55871.545;1723.214;Agricultura, inclusive apoio à agricultura e a pós colheita;Administração, defesa, educação e saúde públicas e seguridade social;Demais serviços
3;Sudeste;35;SP;São Paulo;3555802;Urânia;True;2023;publica;medio;todos (1-4);96.5;0.962063;287.97;285.36;5.005893;4.8;;366620.323;41505.75;313528.164;35495.09;286014.199;31344.02;89081.036;31474.634;107196.73;37625.921;265378.322;20635.877;Demais serviços;Agricultura, inclusive apoio à agricultura e a pós colheita;Administração, defesa, educação e saúde públicas e seguridade social
3;Sudeste;35;SP;São Paulo;3555901;Uru;False;;;;;;;;;;;;66749.681;48125.22;51165.923;36889.63;46392.065;40623.52;15392.137;1861.27;12625.748;15184.252;45063.406;1328.659;Administração, defesa, educação e saúde públicas e seguridade social;Agricultura, inclusive apoio à agricultura e a pós colheita;Demais serviços
3;Sudeste;35;SP;São Paulo;3556008;Urupês;True;2023;publica;medio;todos (1-4);99.0;0.991285;289.63;282.96;4.993279;4.9;;647135.023;47084.91;549725.349;39997.48;483324.505;34609.7;96842.634;39978.607;224435.235;75254.706;436511.181;46813.323;Demais serviços;Administração, defesa, educação e saúde públicas e seguridade social;Agricultura, inclusive apoio à agricultura e a pós colheita
3;Sudeste;35;SP;São Paulo;3556107;Valentim Gentil;True;2023;publica;medio;todos (1-4);97.9;0.978589;271.52;285.29;4.773806;4.7;;565653.229;40122.94;459473.416;32591.39;437546.287;31863.26;23344.673;141998.187;160684.032;61920.349;387947.242;49599.045;Demais serviços;Indústrias de transformação;Administração, defesa, educação e saúde públicas e seguridade social
3;Sudeste;35;SP;São Paulo;3556206;Valinhos;True;2023;publica;medio;todos (1-4);91.2;0.912037;281.86;291.98;5.01918;4.6;;10200700.888;80718.99;9259974.242;73302.78;7969199.991;59842.76;57997.585;1796025.796;3845353.053;657577.284;6356953.717;1612246.275;Demais serviços;Indústrias de transformação;Comércio e reparação de veículos automotores e motocicletas
3;Sudeste;35;SP;São Paulo;3556305;Valparaíso;True;2023;publica;medio;todos (1-4);97.8;0.975422;260.82;270.72;4.405411;4.3;;1426927.115;58864.2;1338314.344;55208.71;1236296.888;45529.09;138004.542;449113.554;379299.013;142460.757;1108877.867;127419.021;Indústrias de transformação;Demais serviços;Administração, defesa, educação e saúde públicas e seguridade social
3;Sudeste;35;SP;São Paulo;3556354;Vargem;True;2023;publica;medio;todos (1-4);98.9;0.986609;259.92;278.52;4.509537;4.4;;222012.401;21119.9;183035.024;17412.01;153401.48;14148.82;12805.434;13569.871;72837.108;42707.275;141919.688;11481.792;Demais serviços;Administração, defesa, educação e saúde públicas e seguridade social;Comércio e reparação de veículos automotores e motocicletas
3;Sudeste;35;SP;São Paulo;3556404;Vargem Grande do Sul;True;2023;publica;medio;todos (1-4);85.8;0.864373;276.49;285.92;4.85304;4.2;;1431641.524;35672.43;1357282.639;33819.62;1287338.885;29684.07;59764.36;221264.678;670165.935;174876.449;1126071.422;161267.463;Demais serviços;Indústrias de transformação;Comércio e reparação de veículos automotores e motocicletas
3;Sudeste;35;SP;São Paulo;3556453;Vargem Grande Paulista;True;2023;publica;medio;todos (1-4);95.9;0.961155;269.29;279.95;4.662545;4.5;;3524292.853;69905.64;3266316.567;64894.14;2898202.787;53359.16;43369.001;641802.059;1368881.741;275206.948;2329259.749;568943.038;Demais serviços;Indústrias de transformação;Comércio e reparação de veículos automotores e motocicletas
3;Sudeste;35;SP;São Paulo;3556503;Várzea Paulista;True;2023;publica;medio;todos (1-4);95.7;0.955528;262.64;272.67;4.460165;4.3;;4736061.572;40908.88;4339125.715;37480.25;3965839.453;31913.34;2910.654;1326933.945;1594687.474;484951.255;3409483.328;556356.125;Demais serviços;Indústrias de transformação;Administração, defesa, educação e saúde públicas e seguridade social
3;Sudeste;35;SP;São Paulo;3556602;Vera Cruz;True;2023;publica;medio;todos (1-4);98.9;0.988055;269.17;276.14;4.603824;4.5;;302804.606;29756.74;277525.316;27272.53;240193.45;22231.9;23928.208;8141.643;136683.118;48491.658;217244.627;22948.823;Demais serviços;Comércio e reparação de veículos automotores e motocicletas;Administração, defesa, educação e saúde públicas e seguridade social
3;Sudeste;35;SP;São Paulo;3556701;Vinhedo;True;2023;publica;medio;todos (1-4);93.2;0.932375;282.35;298.27;5.120224;4.8;;14699664.334;192052.06;14061247.725;183416.35;12557908.972;154054.53;14330.505;3476251.858;5428696.996;554172.339;9473451.699;3084457.273;Demais serviços;Indústrias de transformação;Comércio e reparação de veículos automotores e motocicletas
3;Sudeste;35;SP;São Paulo;3556800;Viradouro;True;2023;publica;medio;todos (1-4);92.3;0.916729;252.43;260.21;4.130239;3.8;;563835.943;32378.31;512076.106;29406.0;443704.352;23190.53;42303.844;60045.235;209493.978;90416.126;402259.183;41445.168;Demais serviços;Administração, defesa, educação e saúde públicas e seguridade social;Comércio e reparação de veículos automotores e motocicletas
3;Sudeste;35;SP;São Paulo;3556909;Vista Alegre do Alto;True;2023;publica;medio;todos (1-4);100.0;1.0;281.58;287.27;4.944739;4.9;;705941.182;87056.5;547752.424;67548.7;425057.809;46388.5;33887.394;150924.149;144839.52;45133.927;374784.99;50272.819;Indústrias de transformação;Demais serviços;Administração, defesa, educação e saúde públicas e seguridade social
3;Sudeste;35;SP;São Paulo;3556958;Vitória Brasil;True;2023;publica;medio;todos (1-4);94.5;0.943422;282.42;291.14;5.01447;4.7;;64481.075;35942.63;47828.506;26660.26;45178.636;24394.51;7651.375;1930.555;18826.427;13865.715;42274.072;2904.564;Administração, defesa, educação e saúde públicas e seguridade social;Demais serviços;Agricultura, inclusive apoio à agricultura e a pós colheita
3;Sudeste;35;SP;São Paulo;3557006;Votorantim;True;2023;publica;medio;todos (1-4);90.7;0.908453;269.95;279.21;4.660737;4.2;;5209654.121;40724.92;4518921.679;35325.33;3919236.248;31487.9;3661.49;932430.123;1897868.436;549536.002;3383496.05;535740.197;Demais serviços;Indústrias de transformação;Administração, defesa, educação e saúde públicas e seguridade social
3;Sudeste;35;SP;São Paulo;3557105;Votuporanga;True;2023;publica;medio;todos (1-4);94.2;0.944634;277.2;282.61;4.813461;4.5;;4582202.643;47418.12;4138149.397;42822.91;3862539.651;40190.41;63921.381;720558.066;2277197.924;387363.358;3449040.729;413498.922;Demais serviços;Indústrias de transformação;Comércio e reparação de veículos automotores e motocicletas
3;Sudeste;35;SP;São Paulo;3557154;Zacarias;True;2023;publica;medio;todos (1-4);93.8;0.946919;288.1;289.5;5.069695;4.8;;177562.313;65959.25;146668.319;54483.03;130188.73;46763.19;60922.172;13184.488;29175.66;21355.46;124637.781;5550.95;Agricultura, inclusive apoio à agricultura e a pós colheita;Demais serviços;Administração, defesa, educação e saúde públicas e seguridade social
3;Sudeste;35;SP;São Paulo;3557204;Chavantes;True;2023;publica;medio;todos (1-4);93.3;0.933018;248.38;252.6;3.959435;3.7;;477220.027;39081.16;379732.48;31097.57;266344.771;21448.28;26826.392;20929.378;129521.785;64975.589;242253.144;24091.627;Demais serviços;Administração, defesa, educação e saúde públicas e seguridade social;Comércio e reparação de veículos automotores e motocicletas
3;Sudeste;35;SP;São Paulo;3557303;Estiva Gerbi;True;2023;publica;medio;todos (1-4);95.0;0.950105;267.12;275.33;4.562906;4.3;;532211.875;47119.25;444697.274;39371.16;389432.135;33843.06;55493.171;92781.439;133306.477;60521.225;342102.311;47329.824;Demais serviços;Indústrias de transformação;Administração, defesa, educação e saúde públicas e seguridade social
