{
    "6327738": {
        "city_code": "6327738",
        "state_code": "53",
        "number_of_schools": 50,
        "number_of_students": 10970.0,
        "simple_portuguese_average": 275.8224,
        "simple_math_average": 270.11580000000004,
        "weighted_portuguese_average": 274.5900893345488,
        "weighted_math_average": 267.9052552415679
    }
}