region_code;region_name;state_code;state_abbr;state_name;city_code;city_name;gdp_2023_current_prices_thousand_reais;gdp_per_capita_2023_current_reais;gdp_2022_current_prices_thousand_reais;gdp_per_capita_2022_current_reais;gdp_2021_current_prices_thousand_reais;gdp_per_capita_2021_current_reais;gross_value_added_agriculture_2021_current_prices_thousand_reais;gross_value_added_industry_2021_current_prices_thousand_reais;gross_value_added_services_2021_current_prices_thousand_reais;gross_value_added_public_administration_2021_current_prices_thousand_reais;gross_value_added_total_2021_current_prices_thousand_reais;taxes_less_subsidies_2021_current_prices_thousand_reais;main_economic_activity_2021;second_main_economic_activity_2021;third_main_economic_activity_2021;total_school_records;has_any_school_record;approval_rate_municipal_fundamental_iniciais_1_5;performance_indicator_municipal_fundamental_iniciais_1_5;saeb_math_score_municipal_fundamental_iniciais_1_5;saeb_portuguese_score_municipal_fundamental_iniciais_1_5;saeb_standardized_average_score_municipal_fundamental_iniciais_1_5;ideb_municipal_fundamental_iniciais_1_5;ideb_projection_municipal_fundamental_iniciais_1_5;approval_rate_publica_fundamental_iniciais_1_5;performance_indicator_publica_fundamental_iniciais_1_5;saeb_math_score_publica_fundamental_iniciais_1_5;saeb_portuguese_score_publica_fundamental_iniciais_1_5;saeb_standardized_average_score_publica_fundamental_iniciais_1_5;ideb_publica_fundamental_iniciais_1_5;ideb_projection_publica_fundamental_iniciais_1_5;approval_rate_publica_medio_todos_1_4;performance_indicator_publica_medio_todos_1_4;saeb_math_score_publica_medio_todos_1_4;saeb_portuguese_score_publica_medio_todos_1_4;saeb_standardized_average_score_publica_medio_todos_1_4;ideb_publica_medio_todos_1_4;ideb_projection_publica_medio_todos_1_4;approval_rate_estadual_medio_todos_1_4;performance_indicator_estadual_medio_todos_1_4;saeb_math_score_estadual_medio_todos_1_4;saeb_portuguese_score_estadual_medio_todos_1_4;saeb_standardized_average_score_estadual_medio_todos_1_4;ideb_estadual_medio_todos_1_4;ideb_projection_estadual_medio_todos_1_4;approval_rate_municipal_fundamental_finais_6_9;performance_indicator_municipal_fundamental_finais_6_9;saeb_math_score_municipal_fundamental_finais_6_9;saeb_portuguese_score_municipal_fundamental_finais_6_9;saeb_standardized_average_score_municipal_fundamental_finais_6_9;ideb_municipal_fundamental_finais_6_9;ideb_projection_municipal_fundamental_finais_6_9;approval_rate_publica_fundamental_finais_6_9;performance_indicator_publica_fundamental_finais_6_9;saeb_math_score_publica_fundamental_finais_6_9;saeb_portuguese_score_publica_fundamental_finais_6_9;saeb_standardized_average_score_publica_fundamental_finais_6_9;ideb_publica_fundamental_finais_6_9;ideb_projection_publica_fundamental_finais_6_9;approval_rate_federal_medio_todos_1_4;performance_indicator_federal_medio_todos_1_4;saeb_math_score_federal_medio_todos_1_4;saeb_portuguese_score_federal_medio_todos_1_4;saeb_standardized_average_score_federal_medio_todos_1_4;ideb_federal_medio_todos_1_4;ideb_projection_federal_medio_todos_1_4;approval_rate_estadual_fundamental_finais_6_9;performance_indicator_estadual_fundamental_finais_6_9;saeb_math_score_estadual_fundamental_finais_6_9;saeb_portuguese_score_estadual_fundamental_finais_6_9;saeb_standardized_average_score_estadual_fundamental_finais_6_9;ideb_estadual_fundamental_finais_6_9;ideb_projection_estadual_fundamental_finais_6_9;approval_rate_estadual_fundamental_iniciais_1_5;performance_indicator_estadual_fundamental_iniciais_1_5;saeb_math_score_estadual_fundamental_iniciais_1_5;saeb_portuguese_score_estadual_fundamental_iniciais_1_5;saeb_standardized_average_score_estadual_fundamental_iniciais_1_5;ideb_estadual_fundamental_iniciais_1_5;ideb_projection_estadual_fundamental_iniciais_1_5
2;Nordeste;23;CE;Ceará;2300101;Abaiara;143729.523;14318.54;126793.548;12631.36;117970.96;9859.67;23662.663;3052.829;29092.647;56904.091;112712.23;5258.73;Administração, defesa, educação e saúde públicas e seguridade social;Demais serviços;Agricultura, inclusive apoio à agricultura e a pós colheita;6;True;100.0;1.0;232.28;215.39;6.313059;6.3;;100.0;1.0;232.28;215.39;6.313059;6.3;;94.1;0.938879;264.93;266.53;4.400411;4.1;;94.1;0.938879;264.93;266.53;4.400411;4.1;;97.2;0.970143;257.41;263.25;5.344333;5.2;;97.2;0.970143;257.41;263.25;5.344333;5.2;;;;;;;;;;;;;;;;;;;;;;
2;Nordeste;23;CE;Ceará;2300150;Acarape;220474.376;15717.86;183506.602;13082.38;179994.282;11888.66;9311.684;34203.564;57169.15;68078.574;168762.971;11231.31;Administração, defesa, educação e saúde públicas e seguridade social;Demais serviços;Indústrias extrativas;6;True;99.4;0.993986;208.45;200.93;5.595379;5.6;;99.4;0.993986;208.45;200.93;5.595379;5.6;;100.0;1.0;271.57;266.11;4.487382;4.5;;100.0;1.0;271.57;266.11;4.487382;4.5;;99.3;0.992242;269.21;266.76;5.5995;5.6;;99.3;0.992242;269.21;266.76;5.5995;5.6;;;;;;;;;;;;;;;;;;;;;;
2;Nordeste;23;CE;Ceará;2300200;Acaraú;1250250.592;19156.82;1184672.454;18280.29;1020200.581;16051.99;133170.27;264941.961;289732.981;265681.611;953526.823;66673.758;Administração, defesa, educação e saúde públicas e seguridade social;Eletricidade e gás, água, esgoto, atividades de gestão de resíduos e descontaminação;Demais serviços;6;True;99.9;0.998799;235.8;224.63;6.548235;6.5;;99.9;0.998799;235.8;224.63;6.548235;6.5;;98.5;0.985577;293.54;286.29;5.098045;5.0;;99.1;0.991639;293.54;286.29;5.098045;5.1;;98.4;0.98398;260.41;265.73;5.435667;5.3;;98.4;0.98398;260.41;265.73;5.435667;5.3;;;;;;;;;;;;;;;;;;;;;;
2;Nordeste;23;CE;Ceará;2300309;Acopiara;693534.939;15424.91;604192.176;13437.84;564519.851;10322.74;145254.33;19613.702;171030.614;190732.653;526631.299;37888.552;Administração, defesa, educação e saúde públicas e seguridade social;Demais serviços;Pecuária, inclusive apoio à pecuária;7;True;99.9;0.998592;209.12;209.82;5.769802;5.8;;99.9;0.998592;209.12;209.82;5.769802;5.8;;99.4;0.993626;277.83;275.57;4.71692;4.7;;99.8;0.997995;276.42;273.47;4.66568;4.7;;99.5;0.995229;246.39;257.94;5.072167;5.0;;99.5;0.995229;246.39;257.94;5.072167;5.0;;91.6;0.903122;299.28;307.53;5.496628;5.0;;;;;;;;;;;;;;;
2;Nordeste;23;CE;Ceará;2300408;Aiuaba;169075.878;12011.64;146744.374;10425.15;151596.307;8621.26;34132.687;3098.332;33932.697;75084.278;146247.994;5348.313;Administração, defesa, educação e saúde públicas e seguridade social;Demais serviços;Agricultura, inclusive apoio à agricultura e a pós colheita;6;True;99.8;0.997591;226.67;217.03;6.235816;6.2;;99.8;0.997591;226.67;217.03;6.235816;6.2;;99.2;0.992304;265.39;264.75;4.380225;4.3;;99.2;0.992304;265.39;264.75;4.380225;4.3;;98.8;0.987941;274.57;278.54;5.885167;5.8;;98.8;0.987941;274.57;278.54;5.885167;5.8;;;;;;;;;;;;;;;;;;;;;;
2;Nordeste;23;CE;Ceará;2300507;Alcântaras;115642.521;10171.74;105769.787;9303.35;98201.759;8289.87;8402.252;4789.1;26246.944;54764.208;94202.504;3999.254;Administração, defesa, educação e saúde públicas e seguridade social;Demais serviços;Agricultura, inclusive apoio à agricultura e a pós colheita;6;True;100.0;1.0;271.64;257.88;7.836749;7.8;;100.0;1.0;271.64;257.88;7.836749;7.8;;96.6;0.966862;279.14;277.91;4.770349;4.6;;96.6;0.966862;279.14;277.91;4.770349;4.6;;89.6;0.896664;269.48;265.1;5.576333;5.0;;89.6;0.896664;269.48;265.1;5.576333;5.0;;;;;;;;;;;;;;;;;;;;;;
2;Nordeste;23;CE;Ceará;2300606;Altaneira;92127.661;13584.14;82200.933;12120.46;74653.984;9680.24;9573.989;2560.762;19194.212;40752.564;72081.527;2572.457;Administração, defesa, educação e saúde públicas e seguridade social;Demais serviços;Agricultura, inclusive apoio à agricultura e a pós colheita;6;True;100.0;1.0;282.13;279.5;8.430031;8.4;;100.0;1.0;282.13;279.5;8.430031;8.4;;97.9;0.97614;251.64;244.28;3.88067;3.8;;97.9;0.97614;251.64;244.28;3.88067;3.8;;100.0;1.0;252.93;245.58;4.975167;5.0;;100.0;1.0;252.93;245.58;4.975167;5.0;;;;;;;;;;;;;;;;;;;;;;
2;Nordeste;23;CE;Ceará;2300705;Alto Santo;273863.485;19347.47;240389.488;16982.66;232267.743;14447.21;72845.033;10252.489;56940.885;81357.513;221395.92;10871.823;Administração, defesa, educação e saúde públicas e seguridade social;Demais serviços;Pecuária, inclusive apoio à pecuária;6;True;100.0;1.0;242.67;226.13;6.706614;6.7;;100.0;1.0;242.67;226.13;6.706614;6.7;;95.4;0.955197;267.46;262.63;4.377562;4.2;;95.4;0.955197;267.46;262.63;4.377562;4.2;;99.3;0.992717;267.62;265.08;5.545;5.5;;99.3;0.992717;267.62;265.08;5.545;5.5;;;;;;;;;;;;;;;;;;;;;;
2;Nordeste;23;CE;Ceará;2300754;Amontada;808125.932;19169.89;684585.969;16239.35;665472.069;15057.63;54292.724;226017.734;147238.361;199441.792;626990.612;38481.458;Eletricidade e gás, água, esgoto, atividades de gestão de resíduos e descontaminação;Administração, defesa, educação e saúde públicas e seguridade social;Demais serviços;6;True;99.4;0.993568;221.62;214.66;6.096351;6.1;;99.4;0.993568;221.62;214.66;6.096351;6.1;;98.4;0.984537;268.43;273.29;4.550766;4.5;;98.4;0.984537;268.43;273.29;4.550766;4.5;;98.7;0.986964;265.79;266.69;5.541333;5.5;;98.7;0.986964;265.79;266.69;5.541333;5.5;;;;;;;;;;;;;;;;;;;;;;
2;Nordeste;23;CE;Ceará;2300804;Antonina do Norte;101190.958;13967.01;89237.596;12317.13;78953.405;10666.5;5681.154;2950.285;25682.15;40074.056;74387.646;4565.76;Administração, defesa, educação e saúde públicas e seguridade social;Demais serviços;Comércio e reparação de veículos automotores e motocicletas;6;True;100.0;1.0;206.29;201.01;5.555612;5.6;;100.0;1.0;206.29;201.01;5.555612;5.6;;96.4;0.96491;260.49;257.33;4.200327;4.1;;96.4;0.96491;260.49;257.33;4.200327;4.1;;99.4;0.992327;234.77;234.75;4.492;4.5;;99.4;0.992327;234.77;234.75;4.492;4.5;;;;;;;;;;;;;;;;;;;;;;
2;Nordeste;23;CE;Ceará;2300903;Apuiarés;166863.721;12907.16;134458.491;10428.8;120978.07;8206.35;11490.795;5448.445;35731.806;61698.904;114369.951;6608.119;Administração, defesa, educação e saúde públicas e seguridade social;Demais serviços;Comércio e reparação de veículos automotores e motocicletas;6;True;99.7;0.99739;239.59;232.9;6.770926;6.8;;99.7;0.99739;239.59;232.9;6.770926;6.8;;97.9;0.979798;277.23;281.92;4.803553;4.7;;97.9;0.979798;277.23;281.92;4.803553;4.7;;97.3;0.972466;247.57;268.28;5.264167;5.1;;97.3;0.972466;247.57;268.28;5.264167;5.1;;;;;;;;;;;;;;;;;;;;;;
2;Nordeste;23;CE;Ceará;2301000;Aquiraz;4851008.175;60152.62;4429049.626;55195.46;3854400.667;47246.3;94738.443;974486.869;1347196.141;434602.979;2851024.433;1003376.234;Demais serviços;Indústrias de transformação;Administração, defesa, educação e saúde públicas e seguridade social;6;True;99.6;0.995375;221.93;219.45;6.189358;6.2;;99.6;0.995577;221.93;219.45;6.189358;6.2;;96.9;0.969852;274.7;279.4;4.730295;4.6;;96.9;0.969852;274.7;279.4;4.730295;4.6;;98.7;0.987204;248.37;252.73;5.018333;5.0;;98.7;0.987204;248.37;252.73;5.018333;5.0;;;;;;;;;;;;;;;;;;;;;;
2;Nordeste;23;CE;Ceará;2301109;Aracati;1966473.133;26180.2;1791174.448;23846.71;1706227.209;22631.41;130620.874;529561.843;598728.841;297681.343;1556592.9;149634.308;Demais serviços;Eletricidade e gás, água, esgoto, atividades de gestão de resíduos e descontaminação;Administração, defesa, educação e saúde públicas e seguridade social;7;True;100.0;1.0;240.21;226.28;6.662395;6.7;;100.0;1.0;240.21;226.28;6.662395;6.7;;96.4;0.964408;270.57;274.0;4.591451;4.4;;96.2;0.962052;269.82;272.95;4.565199;4.4;;99.4;0.993731;255.93;264.09;5.333667;5.3;;99.4;0.993731;255.93;264.09;5.333667;5.3;;99.1;0.994949;308.01;327.27;5.914749;5.9;;;;;;;;;;;;;;;
2;Nordeste;23;CE;Ceará;2301208;Aracoiaba;336284.104;13160.26;285456.949;11171.17;266421.718;10015.85;42995.4;10560.044;80018.686;117270.737;250844.867;15576.851;Administração, defesa, educação e saúde públicas e seguridade social;Demais serviços;Agricultura, inclusive apoio à agricultura e a pós colheita;6;True;100.0;1.0;220.85;215.06;6.088929;6.1;;100.0;1.0;220.85;215.06;6.088929;6.1;;97.5;0.976772;274.69;279.88;4.73734;4.6;;97.5;0.976772;274.69;279.88;4.73734;4.6;;99.7;0.996995;238.57;241.51;4.668;4.7;;99.7;0.996995;238.57;241.51;4.668;4.7;;;;;;;;;;;;;;;;;;;;;;
2;Nordeste;23;CE;Ceará;2301257;Ararendá;143424.021;12925.74;117633.625;10601.44;106783.977;9722.66;13293.024;5562.87;27873.765;55233.412;101963.072;4820.906;Administração, defesa, educação e saúde públicas e seguridade social;Demais serviços;Agricultura, inclusive apoio à agricultura e a pós colheita;6;True;100.0;1.0;330.6;290.72;9.394909;9.4;;100.0;1.0;330.6;290.72;9.394909;9.4;;100.0;1.0;385.54;317.39;6.855749;6.9;;100.0;1.0;385.54;317.39;6.855749;6.9;;100.0;1.0;376.44;322.93;8.322833;8.3;;100.0;1.0;376.44;322.93;8.322833;8.3;;;;;;;;;;;;;;;;;;;;;;
2;Nordeste;23;CE;Ceará;2301307;Araripe;259167.904;13100.54;219194.164;11079.93;207981.617;9581.32;36361.151;8031.785;48531.004;107395.363;200319.303;7662.314;Administração, defesa, educação e saúde públicas e seguridade social;Demais serviços;Agricultura, inclusive apoio à agricultura e a pós colheita;6;True;99.2;0.991357;220.34;215.77;6.092105;6.0;;99.2;0.991357;220.34;215.77;6.092105;6.0;;93.3;0.936042;278.64;286.06;4.885333;4.6;;93.3;0.936042;278.64;286.06;4.885333;4.6;;91.2;0.913753;258.23;260.38;5.310167;4.9;;91.2;0.913753;258.23;260.38;5.310167;4.9;;;;;;;;;;;;;;;;;;;;;;
2;Nordeste;23;CE;Ceará;2301406;Aratuba;191054.761;17021.99;159277.477;14190.79;151644.922;12896.07;51354.332;3979.614;32495.35;58320.008;146149.304;5495.619;Administração, defesa, educação e saúde públicas e seguridade social;Agricultura, inclusive apoio à agricultura e a pós colheita;Demais serviços;6;True;100.0;1.0;216.55;221.83;6.129959;6.1;;100.0;1.0;216.55;221.83;6.129959;6.1;;98.9;0.987829;260.18;259.24;4.224566;4.2;;98.9;0.987829;260.18;259.24;4.224566;4.2;;99.4;0.994666;245.7;255.3;5.016667;5.0;;99.5;0.995181;245.7;255.3;5.016667;5.0;;;;;;;;;;;;;;;;;;;;;;
2;Nordeste;23;CE;Ceará;2301505;Arneiroz;88078.487;11856.04;81650.575;10990.79;70223.605;8947.96;14423.335;1828.186;17066.303;33826.865;67144.689;3078.916;Administração, defesa, educação e saúde públicas e seguridade social;Demais serviços;Pecuária, inclusive apoio à pecuária;6;True;99.3;0.993321;213.47;207.25;5.80609;5.8;;99.3;0.993321;213.47;207.25;5.80609;5.8;;98.6;0.985967;260.89;266.71;4.346364;4.3;;98.6;0.985967;260.89;266.71;4.346364;4.3;;96.8;0.968123;246.51;246.85;4.889333;4.7;;96.8;0.968123;246.51;246.85;4.889333;4.7;;;;;;;;;;;;;;;;;;;;;;
2;Nordeste;23;CE;Ceará;2301604;Assaré;309804.211;14278.67;273041.388;12584.29;237259.073;10080.26;44519.774;7705.809;75909.788;96688.701;224824.072;12435.001;Administração, defesa, educação e saúde públicas e seguridade social;Demais serviços;Agricultura, inclusive apoio à agricultura e a pós colheita;6;True;100.0;1.0;222.21;213.25;6.081974;6.1;;100.0;1.0;222.21;213.25;6.081974;6.1;;98.5;0.98463;268.4;264.68;4.421453;4.4;;98.5;0.98463;268.4;264.68;4.421453;4.4;;99.4;0.993708;258.03;252.6;5.177167;5.1;;99.4;0.993708;258.03;252.6;5.177167;5.1;;;;;;;;;;;;;;;;;;;;;;
2;Nordeste;23;CE;Ceará;2301703;Aurora;291950.421;12311.31;250837.151;10577.6;216792.136;8824.53;31832.824;6992.288;65679.729;99767.628;204272.469;12519.667;Administração, defesa, educação e saúde públicas e seguridade social;Demais serviços;Pecuária, inclusive apoio à pecuária;6;True;99.8;0.997387;205.39;199.9;5.518255;5.5;;99.8;0.997387;205.39;199.9;5.518255;5.5;;98.0;0.981884;276.96;275.0;4.696168;4.6;;98.0;0.981884;276.96;275.0;4.696168;4.6;;97.9;0.980122;249.66;252.53;5.0365;4.9;;97.9;0.980122;249.66;252.53;5.0365;4.9;;;;;;;;;;;;;;;;;;;;;;
2;Nordeste;23;CE;Ceará;2301802;Baixio;72488.073;12708.29;69658.036;12212.14;67540.636;10690.19;14267.064;2166.258;14464.741;34707.687;65605.749;1934.886;Administração, defesa, educação e saúde públicas e seguridade social;Demais serviços;Pecuária, inclusive apoio à pecuária;6;True;100.0;1.0;221.23;213.65;6.070545;6.1;;100.0;1.0;221.23;213.65;6.070545;6.1;;99.5;0.995289;254.84;247.2;3.969327;4.0;;99.5;0.995289;254.84;247.2;3.969327;4.0;;99.7;0.996207;238.06;230.9;4.482667;4.5;;99.7;0.996207;238.06;230.9;4.482667;4.5;;;;;;;;;;;;;;;;;;;;;;
2;Nordeste;23;CE;Ceará;2301851;Banabuiú;318578.722;18527.4;296956.345;17269.92;260030.93;14199.25;52282.236;40825.295;66668.544;85966.303;245742.378;14288.552;Administração, defesa, educação e saúde públicas e seguridade social;Demais serviços;Indústrias de transformação;6;True;98.3;0.980573;214.43;204.08;5.766774;5.7;;98.3;0.980573;214.43;204.08;5.766774;5.7;;92.1;0.920975;265.5;263.06;4.356471;4.0;;92.1;0.920975;265.5;263.06;4.356471;4.0;;95.6;0.954868;259.21;258.41;5.293667;5.1;;95.6;0.954868;259.21;258.41;5.293667;5.1;;;;;;;;;;;;;;;;;;;;;;
2;Nordeste;23;CE;Ceará;2301901;Barbalha;1646403.799;21942.4;1599702.713;21319.99;1345204.816;21815.78;143307.25;199961.531;584348.521;289847.74;1217465.041;127739.774;Demais serviços;Administração, defesa, educação e saúde públicas e seguridade social;Agricultura, inclusive apoio à agricultura e a pós colheita;6;True;99.9;0.999399;203.83;202.37;5.533393;5.5;;99.9;0.999399;203.83;202.37;5.533393;5.5;;93.1;0.936792;263.64;264.43;4.350856;4.1;;93.1;0.936792;263.64;264.43;4.350856;4.1;;99.6;0.99599;244.63;248.05;4.878;4.9;;99.6;0.99599;244.63;248.05;4.878;4.9;;;;;;;;;;;;;;;;;;;;;;
2;Nordeste;23;CE;Ceará;2301950;Barreira;289444.512;12926.25;267357.236;11940.39;240015.846;10566.4;35044.139;13548.153;71940.695;106113.533;226646.519;13369.327;Administração, defesa, educação e saúde públicas e seguridade social;Demais serviços;Agricultura, inclusive apoio à agricultura e a pós colheita;6;True;100.0;1.0;218.83;215.95;6.066561;6.1;;100.0;1.0;218.83;215.95;6.066561;6.1;;93.6;0.937098;259.88;258.09;4.203137;3.9;;93.6;0.937098;259.88;258.09;4.203137;3.9;;99.5;0.994985;253.04;256.33;5.156167;5.1;;99.5;0.994985;253.04;256.33;5.156167;5.1;;;;;;;;;;;;;;;;;;;;;;
2;Nordeste;23;CE;Ceará;2302008;Barro;286557.319;14785.48;262523.274;13545.39;242027.169;10599.42;44071.119;11318.357;77545.274;95433.285;228368.035;13659.134;Administração, defesa, educação e saúde públicas e seguridade social;Demais serviços;Agricultura, inclusive apoio à agricultura e a pós colheita;6;True;100.0;1.0;217.36;211.55;5.958508;6.0;;100.0;1.0;217.36;211.55;5.958508;6.0;;96.7;0.96873;297.11;291.6;5.227677;5.1;;96.7;0.96873;297.11;291.6;5.227677;5.1;;99.4;0.99421;261.2;263.29;5.408167;5.4;;99.4;0.99421;261.2;263.29;5.408167;5.4;;;;;;;;;;;;;;;;;;;;;;
2;Nordeste;23;CE;Ceará;2302057;Barroquinha;169757.818;11653.59;150759.389;10349.38;133335.168;8848.31;13202.893;4479.301;36510.035;73082.031;127274.26;6060.908;Administração, defesa, educação e saúde públicas e seguridade social;Demais serviços;Produção florestal, pesca e aquicultura;6;True;100.0;1.0;258.35;246.98;7.384942;7.4;;100.0;1.0;258.35;246.98;7.384942;7.4;;98.1;0.980885;269.69;272.58;4.557834;4.5;;98.1;0.980885;269.69;272.58;4.557834;4.5;;99.2;0.992948;271.31;267.28;5.643167;5.6;;99.2;0.992948;271.31;267.28;5.643167;5.6;;;;;;;;;;;;;;;;;;;;;;
2;Nordeste;23;CE;Ceará;2302107;Baturité;578202.649;16417.82;503467.575;14295.75;448272.412;12408.24;36851.672;22650.722;208835.925;151594.934;419933.253;28339.159;Demais serviços;Administração, defesa, educação e saúde públicas e seguridade social;Comércio e reparação de veículos automotores e motocicletas;7;True;100.0;1.0;214.5;206.65;5.814837;5.8;;100.0;1.0;214.5;206.65;5.814837;5.8;;98.5;0.986865;285.52;289.51;5.033609;5.0;;98.4;0.985845;283.96;288.28;4.993285;4.9;;100.0;1.0;235.26;246.15;4.690167;4.7;;100.0;1.0;235.26;246.15;4.690167;4.7;;100.0;1.0;303.92;304.06;5.50985;5.5;;;;;;;;;;;;;;;
2;Nordeste;23;CE;Ceará;2302206;Beberibe;1445504.852;27215.14;1208892.201;22760.33;1059005.939;19497.49;370243.548;168283.063;247367.787;228880.223;1014774.621;44231.318;Administração, defesa, educação e saúde públicas e seguridade social;Agricultura, inclusive apoio à agricultura e a pós colheita;Demais serviços;6;True;97.3;0.972617;226.87;217.53;6.248724;6.1;;97.3;0.972617;226.87;217.53;6.248724;6.1;;98.2;0.983518;283.31;286.95;4.964246;4.9;;98.2;0.983518;283.31;286.95;4.964246;4.9;;95.2;0.952491;271.21;276.75;5.799333;5.5;;95.2;0.952491;271.21;276.75;5.799333;5.5;;;;;;;;;;;;;;;;;;;;;;
2;Nordeste;23;CE;Ceará;2302305;Bela Cruz;381568.119;11642.05;353476.082;10784.93;322243.971;9809.26;65661.432;15483.154;85924.909;140282.264;307351.758;14892.213;Administração, defesa, educação e saúde públicas e seguridade social;Demais serviços;Agricultura, inclusive apoio à agricultura e a pós colheita;6;True;99.9;0.999399;251.21;239.18;7.106864;7.1;;99.9;0.999399;251.21;239.18;7.106864;7.1;;99.7;0.996994;303.65;300.29;5.449621;5.4;;99.7;0.996994;303.65;300.29;5.449621;5.4;;99.7;0.997239;296.22;286.23;6.374167;6.4;;99.7;0.997239;296.22;286.23;6.374167;6.4;;;;;;;;;;;;;;;;;;;;;;
2;Nordeste;23;CE;Ceará;2302404;Boa Viagem;717720.91;14237.39;584404.233;11592.79;539217.993;9861.34;61798.569;36881.192;189398.908;214381.935;502460.603;36757.39;Administração, defesa, educação e saúde públicas e seguridade social;Demais serviços;Comércio e reparação de veículos automotores e motocicletas;6;True;97.3;0.972298;219.35;210.71;5.981212;5.8;;97.3;0.972298;219.35;210.71;5.981212;5.8;;96.8;0.968885;267.06;266.95;4.436614;4.3;;96.8;0.968546;264.8;263.61;4.354873;4.2;;98.2;0.981711;251.8;259.21;5.1835;5.1;;98.2;0.981711;251.8;259.21;5.1835;5.1;;;;;;;;;;;;;;;;;;;;;;
2;Nordeste;23;CE;Ceará;2302503;Brejo Santo;1263862.578;24737.96;1009687.68;19762.92;817034.098;16277.2;83140.089;117722.837;318298.724;228569.989;747731.639;69302.459;Demais serviços;Administração, defesa, educação e saúde públicas e seguridade social;Indústrias de transformação;6;True;100.0;1.0;231.38;217.3;6.330611;6.3;;100.0;1.0;231.38;217.3;6.330611;6.3;;96.1;0.960327;260.73;258.36;4.219117;4.1;;96.1;0.960327;260.73;258.36;4.219117;4.1;;99.6;0.995991;308.55;275.93;6.408;6.4;;99.6;0.995991;308.55;275.93;6.408;6.4;;;;;;;;;;;;;;;;;;;;;;
2;Nordeste;23;CE;Ceará;2302602;Camocim;982886.784;15770.09;855906.236;13732.73;839500.311;13087.13;96180.355;154075.674;280667.459;257793.69;788717.177;50783.134;Administração, defesa, educação e saúde públicas e seguridade social;Demais serviços;Eletricidade e gás, água, esgoto, atividades de gestão de resíduos e descontaminação;6;True;100.0;1.0;243.7;240.88;6.994452;7.0;;100.0;1.0;243.7;240.88;6.994452;7.0;;97.5;0.974885;283.25;286.95;4.963403;4.8;;97.5;0.974885;283.25;286.95;4.963403;4.8;;100.0;0.99975;278.14;276.22;5.906;5.9;;100.0;0.99975;278.14;276.22;5.906;5.9;;;;;;;;;;;;;;;;;;;;;;
2;Nordeste;23;CE;Ceará;2302701;Campos Sales;370106.891;14724.76;314915.201;12528.95;292357.305;10626.15;38764.878;10161.7;110385.283;115454.617;274766.477;17590.828;Administração, defesa, educação e saúde públicas e seguridade social;Demais serviços;Comércio e reparação de veículos automotores e motocicletas;6;True;99.8;0.997596;204.79;200.8;5.523168;5.5;;99.8;0.997596;204.79;200.8;5.523168;5.5;;98.4;0.983915;276.27;277.09;4.717765;4.6;;98.4;0.983915;276.27;277.09;4.717765;4.6;;97.5;0.974796;255.68;256.78;5.207667;5.1;;97.5;0.974796;255.68;256.78;5.207667;5.1;;;;;;;;;;;;;;;;;;;;;;
2;Nordeste;23;CE;Ceará;2302800;Canindé;1194866.513;16108.97;1021411.253;13770.48;911356.214;11761.86;60721.469;72822.211;370446.109;342393.438;846383.226;64972.988;Administração, defesa, educação e saúde públicas e seguridade social;Demais serviços;Comércio e reparação de veículos automotores e motocicletas;6;True;100.0;1.0;244.76;228.33;6.7865;6.8;;100.0;1.0;244.76;228.33;6.7865;6.8;;97.7;0.977902;285.64;286.87;4.995773;4.9;;97.7;0.977902;285.64;286.87;4.995773;4.9;;99.9;0.998998;278.39;275.3;5.894833;5.9;;99.9;0.998498;278.39;275.3;5.894833;5.9;;;;;;;;;;;;;;;;;;;;;;
2;Nordeste;23;CE;Ceará;2302909;Capistrano;226540.986;13129.77;190139.595;11020.03;176808.988;9916.38;26507.56;5289.111;51840.525;83479.748;167116.943;9692.045;Administração, defesa, educação e saúde públicas e seguridade social;Demais serviços;Agricultura, inclusive apoio à agricultura e a pós colheita;6;True;100.0;1.0;208.52;203.91;5.650897;5.7;;100.0;1.0;208.52;203.91;5.650897;5.7;;97.7;0.978158;250.73;253.92;4.012201;3.9;;97.7;0.978158;250.73;253.92;4.012201;3.9;;98.9;0.98847;245.68;256.43;5.035167;5.0;;98.9;0.98847;245.68;256.43;5.035167;5.0;;;;;;;;;;;;;;;;;;;;;;
2;Nordeste;23;CE;Ceará;2303006;Caridade;209727.982;12806.25;187436.704;11445.12;186168.87;8090.43;20721.06;7324.394;55813.268;88750.688;172609.41;13559.46;Administração, defesa, educação e saúde públicas e seguridade social;Demais serviços;Comércio e reparação de veículos automotores e motocicletas;6;True;99.7;0.997387;242.14;230.54;6.776681;6.8;;99.7;0.997387;242.14;230.54;6.776681;6.8;;94.6;0.947899;284.72;283.04;4.925516;4.7;;94.6;0.947899;284.72;283.04;4.925516;4.7;;98.9;0.989225;245.03;251.82;4.9475;4.9;;98.9;0.989225;245.03;251.82;4.9475;4.9;;;;;;;;;;;;;;;;;;;;;;
2;Nordeste;23;CE;Ceará;2303105;Cariré;244538.025;13868.99;208196.217;11807.86;193104.647;10455.04;54357.271;8167.026;42335.288;79956.896;184816.481;8288.167;Administração, defesa, educação e saúde públicas e seguridade social;Demais serviços;Agricultura, inclusive apoio à agricultura e a pós colheita;6;True;100.0;1.0;256.08;241.42;7.24053;7.2;;100.0;1.0;256.08;241.42;7.24053;7.2;;98.0;0.980491;295.58;288.1;5.153793;5.1;;98.0;0.980491;295.58;288.1;5.153793;5.1;;100.0;1.0;279.68;271.15;5.847167;5.8;;100.0;1.0;279.68;271.15;5.847167;5.8;;;;;;;;;;;;;;;;;;;;;;
2;Nordeste;23;CE;Ceará;2303204;Caririaçu;295135.894;11213.37;271670.488;10321.83;253126.605;9372.28;46161.482;8182.491;65384.49;122750.574;242479.036;10647.568;Administração, defesa, educação e saúde públicas e seguridade social;Demais serviços;Agricultura, inclusive apoio à agricultura e a pós colheita;6;True;99.7;0.997373;218.19;208.4;5.917075;5.9;;99.7;0.997373;218.19;208.4;5.917075;5.9;;95.8;0.959554;279.54;274.88;4.730608;4.5;;95.8;0.959554;279.54;274.88;4.730608;4.5;;98.1;0.981173;250.99;254.59;5.093;5.0;;98.1;0.981173;250.99;254.59;5.093;5.0;;;;;;;;;;;;;;;;;;;;;;
2;Nordeste;23;CE;Ceará;2303303;Cariús;229771.045;13504.03;193985.459;11400.85;180984.361;9678.31;51364.612;5191.902;41908.536;74754.783;173219.833;7764.527;Administração, defesa, educação e saúde públicas e seguridade social;Demais serviços;Agricultura, inclusive apoio à agricultura e a pós colheita;6;True;100.0;1.0;250.1;229.75;6.914226;6.9;;100.0;1.0;250.1;229.75;6.914226;6.9;;99.3;0.994313;320.43;288.16;5.503708;5.5;;99.3;0.994313;320.43;288.16;5.503708;5.5;;100.0;1.0;266.6;261.11;5.461833;5.5;;100.0;1.0;266.6;261.11;5.461833;5.5;;;;;;;;;;;;;;;;;;;;;;
2;Nordeste;23;CE;Ceará;2303402;Carnaubal;210864.889;12252.46;185439.73;10775.12;166771.753;9388.72;17685.041;6906.324;48573.383;85051.376;158216.124;8555.628;Administração, defesa, educação e saúde públicas e seguridade social;Demais serviços;Agricultura, inclusive apoio à agricultura e a pós colheita;6;True;100.0;1.0;235.24;225.16;6.547184;6.5;;100.0;1.0;235.24;225.16;6.547184;6.5;;98.9;0.988645;271.87;277.41;4.660757;4.6;;98.9;0.988645;271.87;277.41;4.660757;4.6;;99.2;0.991714;263.8;268.88;5.544667;5.5;;99.2;0.991714;263.8;268.88;5.544667;5.5;;;;;;;;;;;;;;;;;;;;;;
2;Nordeste;23;CE;Ceará;2303501;Cascavel;1334364.346;18349.34;1182739.788;16285.35;1074376.745;14777.0;127385.99;128475.025;411528.284;315632.599;983021.898;91354.846;Administração, defesa, educação e saúde públicas e seguridade social;Demais serviços;Comércio e reparação de veículos automotores e motocicletas;6;True;99.9;0.9992;251.96;236.93;7.080268;7.1;;99.9;0.9992;251.96;236.93;7.080268;7.1;;97.5;0.975803;274.66;287.8;4.855482;4.7;;97.5;0.975803;274.66;287.8;4.855482;4.7;;99.3;0.993226;271.11;276.61;5.795333;5.8;;99.3;0.993226;271.11;276.61;5.795333;5.8;;;;;;;;;;;;;;;;;;;;;;
2;Nordeste;23;CE;Ceará;2303600;Catarina;151958.554;14835.36;132472.821;12933.01;154108.256;7324.19;24701.936;3744.328;35332.632;84679.167;148458.063;5650.193;Administração, defesa, educação e saúde públicas e seguridade social;Demais serviços;Agricultura, inclusive apoio à agricultura e a pós colheita;6;True;100.0;1.0;204.93;197.6;5.467658;5.5;;100.0;1.0;204.93;197.6;5.467658;5.5;;99.5;0.995968;264.73;255.57;4.23353;4.2;;99.5;0.995968;264.73;255.57;4.23353;4.2;;99.2;0.992725;254.73;252.33;5.117667;5.1;;99.2;0.992725;254.73;252.33;5.117667;5.1;;;;;;;;;;;;;;;;;;;;;;
2;Nordeste;23;CE;Ceará;2303659;Catunda;137704.171;13185.0;117229.645;11224.59;112081.35;10766.7;16348.941;3337.988;29682.53;58553.673;107923.131;4158.219;Administração, defesa, educação e saúde públicas e seguridade social;Demais serviços;Agricultura, inclusive apoio à agricultura e a pós colheita;6;True;100.0;1.0;286.16;266.03;8.262031;8.3;;100.0;1.0;286.16;266.03;8.262031;8.3;;97.3;0.96861;284.09;267.1;4.678045;4.5;;97.3;0.96861;284.09;267.1;4.678045;4.5;;99.4;0.993707;390.4;319.21;8.4935;8.4;;99.4;0.993707;390.4;319.21;8.4935;8.4;;;;;;;;;;;;;;;;;;;;;;
2;Nordeste;23;CE;Ceará;2303709;Caucaia;9873556.554;27759.74;9891543.843;27810.31;10422700.763;28252.08;64801.345;3696043.575;3305417.678;1356907.828;8423170.425;1999530.337;Indústrias de transformação;Demais serviços;Administração, defesa, educação e saúde públicas e seguridade social;8;True;98.9;0.988557;205.81;201.63;5.557724;5.5;;98.9;0.988153;205.61;201.39;5.549544;5.5;;96.2;0.964222;263.04;274.25;4.489435;4.3;;96.4;0.964222;263.04;274.25;4.489435;4.3;;96.9;0.969601;245.65;252.11;4.962667;4.8;;96.8;0.968109;245.34;251.77;4.951833;4.8;;;;;;;;;94.2;0.941413;221.8;226.79;4.143167;3.9;;98.7;0.987259;187.2;179.62;4.80239;4.7;
2;Nordeste;23;CE;Ceará;2303808;Cedro;304070.488;13608.6;260564.064;11661.48;247324.611;9656.59;40875.142;8037.617;79137.617;104589.127;232639.503;14685.108;Administração, defesa, educação e saúde públicas e seguridade social;Demais serviços;Pecuária, inclusive apoio à pecuária;6;True;100.0;1.0;248.18;233.37;6.943403;6.9;;100.0;1.0;248.18;233.37;6.943403;6.9;;88.5;0.998663;273.72;271.86;4.603657;4.6;;99.9;0.998663;273.72;271.86;4.603657;4.6;;99.9;0.998997;272.11;267.33;5.657333;5.7;;99.9;0.998997;272.11;267.33;5.657333;5.7;;;;;;;;;;;;;;;;;;;;;;
2;Nordeste;23;CE;Ceará;2303907;Chaval;141210.89;11331.32;125251.397;10050.67;110317.62;8413.49;5684.745;4770.759;34129.029;60249.215;104833.749;5483.871;Administração, defesa, educação e saúde públicas e seguridade social;Demais serviços;Comércio e reparação de veículos automotores e motocicletas;6;True;98.7;0.98711;232.46;227.9;6.543949;6.5;;98.7;0.98711;232.46;227.9;6.543949;6.5;;95.9;0.958863;272.36;281.66;4.731262;4.5;;95.9;0.958863;272.36;281.66;4.731262;4.5;;95.5;0.955602;261.69;262.95;5.410667;5.2;;95.5;0.955602;261.69;262.95;5.410667;5.2;;;;;;;;;;;;;;;;;;;;;;
2;Nordeste;23;CE;Ceará;2303931;Choró;211479.258;17458.87;192950.799;15929.23;178988.78;13153.2;13500.174;7985.172;84819.535;60723.867;167028.747;11960.033;Demais serviços;Administração, defesa, educação e saúde públicas e seguridade social;Pecuária, inclusive apoio à pecuária;6;True;100.0;1.0;212.71;211.84;5.87504;5.9;;100.0;1.0;212.71;211.84;5.87504;5.9;;98.1;0.983319;261.35;261.91;4.280969;4.2;;98.1;0.983319;261.35;261.91;4.280969;4.2;;99.1;0.99044;239.06;248.03;4.784833;4.7;;99.1;0.99044;239.06;248.03;4.784833;4.7;;;;;;;;;;;;;;;;;;;;;;
2;Nordeste;23;CE;Ceará;2303956;Chorozinho;268765.642;13329.65;255376.788;12665.61;260273.272;12830.19;18175.623;23332.893;78132.047;88964.008;208604.571;51668.701;Administração, defesa, educação e saúde públicas e seguridade social;Demais serviços;Comércio e reparação de veículos automotores e motocicletas;6;True;98.5;0.984817;237.46;228.26;6.645914;6.5;;98.5;0.984817;237.46;228.26;6.645914;6.5;;98.4;0.985257;265.25;279.2;4.594576;4.5;;98.4;0.985257;265.25;279.2;4.594576;4.5;;95.7;0.958339;278.06;282.74;6.013333;5.8;;95.7;0.958339;278.06;282.74;6.013333;5.8;;;;;;;;;;;;;;;;;;;;;;
2;Nordeste;23;CE;Ceará;2304004;Coreaú;265519.454;12672.14;236193.128;11273.06;225089.749;9643.95;25965.559;9537.197;70140.162;106463.431;212106.349;12983.401;Administração, defesa, educação e saúde públicas e seguridade social;Demais serviços;Comércio e reparação de veículos automotores e motocicletas;6;True;100.0;1.0;330.28;298.88;9.543273;9.5;;100.0;1.0;330.28;298.88;9.543273;9.5;;96.0;0.960822;272.11;270.63;4.562631;4.4;;96.0;0.960822;272.11;270.63;4.562631;4.4;;100.0;1.0;293.28;272.1;6.089667;6.1;;100.0;1.0;293.28;272.1;6.089667;6.1;;;;;;;;;;;;;;;;;;;;;;
2;Nordeste;23;CE;Ceará;2304103;Crateús;1258624.723;16476.3;1088879.321;14254.21;952648.777;12661.3;92297.621;50094.882;438111.37;307802.256;888306.129;64342.647;Demais serviços;Administração, defesa, educação e saúde públicas e seguridade social;Comércio e reparação de veículos automotores e motocicletas;8;True;99.8;0.998599;232.98;224.08;6.484418;6.5;;99.9;0.998599;234.04;225.29;6.526647;6.5;;94.9;0.949985;275.55;273.31;4.651066;4.4;;95.2;0.953055;274.17;271.88;4.610276;4.4;;99.5;0.994999;259.0;260.88;5.331333;5.3;;99.4;0.994249;259.6;260.97;5.342833;5.3;;;;;;;;;95.7;0.945728;286.68;265.47;5.869167;5.6;;100.0;1.0;255.57;249.95;7.385888;7.4;
2;Nordeste;23;CE;Ceará;2304202;Crato;2445566.54;18661.32;2178406.136;16622.71;1871586.579;13976.14;66633.585;190331.987;913224.38;509427.793;1679617.745;191968.834;Demais serviços;Administração, defesa, educação e saúde públicas e seguridade social;Comércio e reparação de veículos automotores e motocicletas;7;True;100.0;0.9998;231.09;227.2;6.505076;6.5;;100.0;0.9998;231.09;227.2;6.505076;6.5;;92.7;0.927618;267.22;275.26;4.563263;4.2;;93.7;0.936895;266.41;274.06;4.533922;4.2;;99.7;0.996746;259.09;268.76;5.464167;5.4;;99.7;0.996498;258.12;268.07;5.4365;5.4;;;;;;;;;97.2;0.972;226.06;245.4;4.524333;4.4;;;;;;;;
2;Nordeste;23;CE;Ceará;2304236;Croatá;282766.927;16175.67;233557.224;13360.63;224436.588;12331.0;75084.343;5635.847;53248.924;82444.627;216413.741;8022.848;Administração, defesa, educação e saúde públicas e seguridade social;Agricultura, inclusive apoio à agricultura e a pós colheita;Demais serviços;6;True;99.8;0.998396;295.85;285.67;8.804045;8.8;;99.8;0.998396;295.85;285.67;8.804045;8.8;;99.7;0.99733;270.22;280.33;4.681296;4.7;;99.7;0.99733;270.22;280.33;4.681296;4.7;;99.8;0.997996;275.41;264.45;5.664333;5.7;;99.8;0.997996;275.41;264.45;5.664333;5.7;;;;;;;;;;;;;;;;;;;;;;
2;Nordeste;23;CE;Ceará;2304251;Cruz;565662.96;19006.85;470272.471;15872.57;372681.319;14835.45;26656.609;17684.618;166099.207;129314.172;339754.606;32926.713;Administração, defesa, educação e saúde públicas e seguridade social;Demais serviços;Comércio e reparação de veículos automotores e motocicletas;6;True;100.0;1.0;299.52;284.13;8.846083;8.8;;100.0;1.0;299.52;284.13;8.846083;8.8;;98.5;0.985214;276.62;278.7;4.746782;4.7;;98.5;0.985214;276.62;278.7;4.746782;4.7;;100.0;1.0;329.34;305.53;7.247833;7.2;;100.0;1.0;329.34;305.53;7.247833;7.2;;;;;;;;;;;;;;;;;;;;;;
2;Nordeste;23;CE;Ceará;2304269;Deputado Irapuan Pinheiro;124422.171;13929.93;111391.679;12471.08;100883.062;10402.46;23491.887;2227.673;26362.571;44770.105;96852.237;4030.825;Administração, defesa, educação e saúde públicas e seguridade social;Demais serviços;Agricultura, inclusive apoio à agricultura e a pós colheita;6;True;100.0;1.0;321.34;289.29;9.356314;9.4;;100.0;1.0;321.34;289.29;9.356314;9.4;;98.0;0.981686;267.62;252.99;4.235498;4.2;;98.0;0.981686;267.62;252.99;4.235498;4.2;;99.2;0.992218;388.58;341.35;8.832167;8.8;;99.2;0.992218;388.58;341.35;8.832167;8.8;;;;;;;;;;;;;;;;;;;;;;
2;Nordeste;23;CE;Ceará;2304277;Ereré;102444.679;16399.02;93228.398;14400.43;80689.801;11123.49;20725.623;2512.107;17844.637;36908.491;77990.858;2698.943;Administração, defesa, educação e saúde públicas e seguridade social;Pecuária, inclusive apoio à pecuária;Demais serviços;6;True;100.0;1.0;211.14;204.65;5.714351;5.7;;100.0;1.0;211.14;204.65;5.714351;5.7;;97.0;0.969318;262.13;272.46;4.449858;4.3;;97.0;0.969318;262.13;272.46;4.449858;4.3;;98.1;0.982083;249.24;240.86;4.835;4.7;;98.1;0.982083;249.24;240.86;4.835;4.7;;;;;;;;;;;;;;;;;;;;;;
2;Nordeste;23;CE;Ceará;2304285;Eusébio;4940351.646;66608.49;4557315.794;61444.19;3577497.021;65004.03;24767.398;928477.154;1503328.766;370720.063;2827293.381;750203.64;Demais serviços;Indústrias de transformação;Comércio e reparação de veículos automotores e motocicletas;6;True;100.0;0.9998;256.88;240.24;7.234343;7.2;;100.0;0.9998;256.88;240.24;7.234343;7.2;;98.8;0.988563;273.11;278.23;4.690449;4.6;;98.8;0.988563;273.11;278.23;4.690449;4.6;;99.9;0.999249;273.29;276.71;5.833333;5.8;;99.9;0.999249;273.29;276.71;5.833333;5.8;;;;;;;;;;;;;;;;;;;;;;
2;Nordeste;23;CE;Ceará;2304301;Farias Brito;242210.086;13295.83;225754.906;12392.54;202247.598;10462.89;46355.112;6238.876;49616.55;91025.27;193235.808;9011.79;Administração, defesa, educação e saúde públicas e seguridade social;Demais serviços;Agricultura, inclusive apoio à agricultura e a pós colheita;6;True;100.0;1.0;231.19;219.58;6.368439;6.4;;100.0;1.0;231.19;219.58;6.368439;6.4;;99.0;0.99054;273.98;274.63;4.648775;4.6;;99.0;0.99054;273.98;274.63;4.648775;4.6;;99.7;0.996989;270.53;269.06;5.659833;5.6;;99.7;0.996989;270.53;269.06;5.659833;5.6;;;;;;;;;;;;;;;;;;;;;;
2;Nordeste;23;CE;Ceará;2304350;Forquilha;346304.173;14326.07;310509.811;12845.32;304956.752;12356.43;26868.802;52447.232;96569.881;103601.984;279487.898;25468.854;Administração, defesa, educação e saúde públicas e seguridade social;Demais serviços;Indústrias extrativas;6;True;100.0;1.0;245.35;224.81;6.733759;6.7;;100.0;1.0;245.35;224.81;6.733759;6.7;;96.9;0.969893;278.98;282.89;4.842653;4.7;;96.9;0.969893;278.98;282.89;4.842653;4.7;;100.0;1.0;278.73;278.54;5.9545;6.0;;100.0;1.0;278.73;278.54;5.9545;6.0;;;;;;;;;;;;;;;;;;;;;;
2;Nordeste;23;CE;Ceará;2304400;Fortaleza;86939831.736;35796.74;81362332.6;33500.67;73437738.924;27165.05;107142.827;8474214.424;41839224.132;10205846.949;60626428.332;12811310.592;Demais serviços;Comércio e reparação de veículos automotores e motocicletas;Administração, defesa, educação e saúde públicas e seguridade social;8;True;99.9;0.998599;214.0;214.36;5.945477;5.9;;99.9;0.998599;214.7;214.95;5.969563;6.0;;95.5;0.935597;268.2;276.7;4.598584;4.3;;95.8;0.968734;266.03;275.11;4.544304;4.4;;99.0;0.989485;250.47;261.85;5.205333;5.2;;98.9;0.988743;251.12;261.96;5.218;5.2;;;;;;;;;98.0;0.985641;251.92;260.09;5.200167;5.1;;100.0;1.0;296.53;283.2;8.772113;8.8;
2;Nordeste;23;CE;Ceará;2304459;Fortim;391326.312;22627.87;331346.283;19159.61;312460.299;18625.44;26665.263;108281.268;84875.099;72703.744;292525.375;19934.924;Eletricidade e gás, água, esgoto, atividades de gestão de resíduos e descontaminação;Administração, defesa, educação e saúde públicas e seguridade social;Demais serviços;6;True;100.0;1.0;247.13;244.16;7.119547;7.1;;100.0;1.0;247.13;244.16;7.119547;7.1;;96.6;0.964907;255.68;257.01;4.127981;4.0;;96.6;0.964907;255.68;257.01;4.127981;4.0;;98.7;0.987163;279.05;286.58;6.093833;6.0;;98.7;0.987163;279.05;286.58;6.093833;6.0;;;;;;;;;;;;;;;;;;;;;;
2;Nordeste;23;CE;Ceará;2304509;Frecheirinha;423489.925;27047.96;356850.653;22853.07;275921.164;19437.91;11322.674;87795.986;75994.604;71251.643;246364.907;29556.257;Indústrias de transformação;Administração, defesa, educação e saúde públicas e seguridade social;Demais serviços;6;True;100.0;1.0;264.39;252.86;7.607118;7.6;;100.0;1.0;264.39;252.86;7.607118;7.6;;95.8;0.958589;274.18;283.1;4.778381;4.6;;95.8;0.958589;274.18;283.1;4.778381;4.6;;99.6;0.995732;275.97;267.7;5.727833;5.7;;99.6;0.995732;275.97;267.7;5.727833;5.7;;;;;;;;;;;;;;;;;;;;;;
2;Nordeste;23;CE;Ceará;2304608;General Sampaio;97406.255;14464.84;89926.02;13354.03;86962.802;11196.45;8640.884;2372.935;26863.546;42112.76;79990.126;6972.676;Administração, defesa, educação e saúde públicas e seguridade social;Demais serviços;Comércio e reparação de veículos automotores e motocicletas;6;True;100.0;1.0;220.4;214.89;6.077251;6.1;;100.0;1.0;220.4;214.89;6.077251;6.1;;97.5;0.971181;263.99;258.22;4.262808;4.1;;97.5;0.971181;263.99;258.22;4.262808;4.1;;96.5;0.964085;253.87;258.12;5.199833;5.0;;96.5;0.964085;253.87;258.12;5.199833;5.0;;;;;;;;;;;;;;;;;;;;;;
2;Nordeste;23;CE;Ceará;2304657;Graça;159505.946;11557.56;136808.006;9912.91;129710.814;8998.32;13641.56;4534.056;32558.794;74061.137;124795.547;4915.268;Administração, defesa, educação e saúde públicas e seguridade social;Demais serviços;Agricultura, inclusive apoio à agricultura e a pós colheita;6;True;100.0;1.0;249.97;229.8;6.912654;6.9;;100.0;1.0;249.97;229.8;6.912654;6.9;;97.2;0.973684;277.79;271.51;4.65558;4.5;;97.2;0.973684;277.79;271.51;4.65558;4.5;;99.6;0.996245;280.68;285.53;6.1035;6.1;;99.6;0.996245;280.68;285.53;6.1035;6.1;;;;;;;;;;;;;;;;;;;;;;
2;Nordeste;23;CE;Ceará;2304707;Granja;561374.497;10523.67;514903.195;9652.5;469407.088;8508.38;64859.824;19259.78;140721.73;220770.055;445611.39;23795.698;Administração, defesa, educação e saúde públicas e seguridade social;Demais serviços;Comércio e reparação de veículos automotores e motocicletas;6;True;99.6;0.995366;263.12;247.58;7.486881;7.5;;99.6;0.995366;263.12;247.58;7.486881;7.5;;98.1;0.980815;268.43;270.09;4.502862;4.4;;98.1;0.980815;268.43;270.09;4.502862;4.4;;97.0;0.969619;274.53;270.12;5.744167;5.6;;97.0;0.969619;274.53;270.12;5.744167;5.6;;;;;;;;;;;;;;;;;;;;;;
2;Nordeste;23;CE;Ceará;2304806;Granjeiro;67463.265;13935.81;55419.389;11447.92;51336.706;10730.92;10224.901;1716.858;10299.506;27444.028;49685.292;1651.413;Administração, defesa, educação e saúde públicas e seguridade social;Demais serviços;Agricultura, inclusive apoio à agricultura e a pós colheita;6;True;100.0;1.0;254.74;250.45;7.379139;7.4;;100.0;1.0;254.74;250.45;7.379139;7.4;;100.0;1.0;270.17;273.22;4.574156;4.6;;100.0;1.0;270.17;273.22;4.574156;4.6;;93.5;0.934265;272.75;273.83;5.776333;5.4;;93.5;0.934265;272.75;273.83;5.776333;5.4;;;;;;;;;;;;;;;;;;;;;;
2;Nordeste;23;CE;Ceará;2304905;Groaíras;135967.164;12462.62;123686.539;11336.99;110754.98;9872.09;10042.752;5889.888;33768.876;53619.995;103321.512;7433.469;Administração, defesa, educação e saúde públicas e seguridade social;Demais serviços;Comércio e reparação de veículos automotores e motocicletas;6;True;100.0;1.0;272.55;256.17;7.823025;7.8;;100.0;1.0;272.55;256.17;7.823025;7.8;;98.5;0.985108;277.22;285.83;4.861946;4.8;;98.5;0.985108;277.22;285.83;4.861946;4.8;;100.0;1.0;292.91;288.94;6.364167;6.4;;100.0;1.0;292.91;288.94;6.364167;6.4;;;;;;;;;;;;;;;;;;;;;;
2;Nordeste;23;CE;Ceará;2304954;Guaiúba;315521.952;12971.1;272367.891;11246.97;231993.411;8751.83;23414.943;15170.181;65325.13;116452.046;220362.301;11631.11;Administração, defesa, educação e saúde públicas e seguridade social;Demais serviços;Agricultura, inclusive apoio à agricultura e a pós colheita;6;True;99.4;0.994332;205.98;199.98;5.530969;5.5;;99.4;0.994332;205.98;199.98;5.530969;5.5;;94.9;0.95254;274.71;273.22;4.637921;4.4;;94.9;0.95254;274.71;273.22;4.637921;4.4;;96.7;0.967882;248.59;255.52;5.0685;4.9;;96.7;0.967882;248.59;255.52;5.0685;4.9;;;;;;;;;;;;;;;;;;;;;;
2;Nordeste;23;CE;Ceará;2305001;Guaraciaba do Norte;878354.191;20886.84;728027.376;17312.14;669208.927;16353.68;252866.72;19745.369;181926.743;177601.147;632139.98;37068.947;Agricultura, inclusive apoio à agricultura e a pós colheita;Administração, defesa, educação e saúde públicas e seguridade social;Demais serviços;6;True;100.0;0.999599;283.89;269.36;8.279255;8.3;;100.0;0.999599;283.89;269.36;8.279255;8.3;;99.5;0.995644;282.34;286.26;4.940293;4.9;;99.5;0.995644;282.34;286.26;4.940293;4.9;;99.5;0.995235;273.57;267.98;5.6925;5.7;;99.5;0.995235;273.57;267.98;5.6925;5.7;;;;;;;;;;;;;;;;;;;;;;
2;Nordeste;23;CE;Ceará;2305100;Guaramiranga;104815.71;18538.33;94082.977;16640.07;80395.842;15847.79;9978.876;3212.584;32716.655;30660.197;76568.311;3827.531;Administração, defesa, educação e saúde públicas e seguridade social;Demais serviços;Agricultura, inclusive apoio à agricultura e a pós colheita;6;True;100.0;1.0;241.1;230.76;6.760834;6.8;;100.0;1.0;241.1;230.76;6.760834;6.8;;98.9;0.988753;261.15;263.28;4.298669;4.3;;98.9;0.988753;261.15;263.28;4.298669;4.3;;100.0;1.0;262.65;270.3;5.549167;5.5;;100.0;1.0;262.65;270.3;5.549167;5.5;;;;;;;;;;;;;;;;;;;;;;
2;Nordeste;23;CE;Ceará;2305209;Hidrolândia;239627.074;13420.73;204119.458;11432.06;185024.638;9193.31;32788.011;8759.22;53115.323;82321.691;176984.246;8040.392;Administração, defesa, educação e saúde públicas e seguridade social;Demais serviços;Agricultura, inclusive apoio à agricultura e a pós colheita;6;True;99.9;0.998996;262.39;241.79;7.367677;7.4;;99.9;0.998996;262.39;241.79;7.367677;7.4;;97.7;0.976824;288.76;289.43;5.077917;5.0;;97.7;0.976824;288.76;289.43;5.077917;5.0;;99.1;0.990958;262.24;263.15;5.423167;5.4;;99.1;0.990958;262.24;263.15;5.423167;5.4;;;;;;;;;;;;;;;;;;;;;;
2;Nordeste;23;CE;Ceará;2305233;Horizonte;2964813.703;39660.41;2501482.951;33462.86;2116782.482;30375.14;103735.229;740784.787;609646.974;310613.719;1764780.709;352001.773;Indústrias de transformação;Demais serviços;Administração, defesa, educação e saúde públicas e seguridade social;6;True;100.0;0.999399;250.06;233.85;6.988008;7.0;;100.0;0.999399;250.06;233.85;6.988008;7.0;;95.2;0.953828;272.79;279.58;4.706164;4.5;;95.2;0.953828;272.79;279.58;4.706164;4.5;;98.3;0.983179;267.43;271.96;5.6565;5.6;;98.3;0.983179;267.43;271.96;5.6565;5.6;;;;;;;;;;;;;;;;;;;;;;
2;Nordeste;23;CE;Ceará;2305266;Ibaretama;163764.929;13697.3;144293.473;12068.71;132265.433;9881.62;21879.558;4728.422;33518.212;65913.564;126039.757;6225.676;Administração, defesa, educação e saúde públicas e seguridade social;Demais serviços;Pecuária, inclusive apoio à pecuária;6;True;99.8;0.99739;192.03;181.85;4.935111;4.9;;99.8;0.99739;192.03;181.85;4.935111;4.9;;94.9;0.950042;260.86;262.89;4.288757;4.1;;94.9;0.950042;260.86;262.89;4.288757;4.1;;93.5;0.934541;235.39;240.38;4.596167;4.3;;93.5;0.934541;235.39;240.38;4.596167;4.3;;;;;;;;;;;;;;;;;;;;;;
2;Nordeste;23;CE;Ceará;2305308;Ibiapina;431904.938;18022.32;380747.298;15887.64;348539.661;13850.18;94854.167;36952.869;83134.385;114961.753;329903.174;18636.486;Administração, defesa, educação e saúde públicas e seguridade social;Agricultura, inclusive apoio à agricultura e a pós colheita;Demais serviços;6;True;100.0;1.0;252.84;238.23;7.120698;7.1;;100.0;1.0;252.84;238.23;7.120698;7.1;;97.3;0.971934;259.62;261.54;4.251132;4.1;;97.3;0.971934;259.62;261.54;4.251132;4.1;;99.4;0.9945;253.6;261.18;5.246333;5.2;;99.4;0.9945;253.6;261.18;5.246333;5.2;;;;;;;;;;;;;;;;;;;;;;
2;Nordeste;23;CE;Ceará;2305332;Ibicuitinga;150877.496;12994.36;125308.196;10792.2;124950.55;9815.44;19061.776;4143.653;32427.292;63773.794;119406.516;5544.034;Administração, defesa, educação e saúde públicas e seguridade social;Demais serviços;Pecuária, inclusive apoio à pecuária;6;True;99.9;0.998794;218.14;208.75;5.922484;5.9;;99.9;0.998794;218.14;208.75;5.922484;5.9;;98.2;0.981664;267.0;264.21;4.394754;4.3;;98.2;0.981664;267.0;264.21;4.394754;4.3;;99.4;0.994235;257.64;259.3;5.282333;5.3;;99.4;0.994235;257.64;259.3;5.282333;5.3;;;;;;;;;;;;;;;;;;;;;;
2;Nordeste;23;CE;Ceará;2305357;Icapuí;453185.342;21144.28;400632.237;18692.31;411021.425;20364.73;52513.669;118421.269;103075.903;106043.333;380054.174;30967.251;Administração, defesa, educação e saúde públicas e seguridade social;Eletricidade e gás, água, esgoto, atividades de gestão de resíduos e descontaminação;Demais serviços;6;True;100.0;1.0;219.29;214.46;6.048249;6.0;;100.0;1.0;219.29;214.46;6.048249;6.0;;96.6;0.965606;260.83;258.43;4.22157;4.1;;96.6;0.965606;260.83;258.43;4.22157;4.1;;99.5;0.994744;256.57;264.78;5.355833;5.3;;99.5;0.994744;256.57;264.78;5.355833;5.3;;;;;;;;;;;;;;;;;;;;;;
2;Nordeste;23;CE;Ceará;2305407;Icó;923966.364;14749.95;796420.424;12717.9;737488.907;10797.31;110147.765;42021.411;261106.696;275567.985;688843.857;48645.051;Administração, defesa, educação e saúde públicas e seguridade social;Demais serviços;Comércio e reparação de veículos automotores e motocicletas;6;True;98.5;0.985084;205.98;206.16;5.643332;5.6;;98.5;0.985084;205.98;206.16;5.643332;5.6;;99.2;0.992304;271.12;270.92;4.553068;4.5;;99.2;0.992304;271.12;270.92;4.553068;4.5;;87.9;0.874521;241.77;249.41;4.853;4.2;;87.9;0.874521;241.77;249.41;4.853;4.2;;;;;;;;;;;;;;;;;;;;;;
2;Nordeste;23;CE;Ceará;2305506;Iguatu;2342034.481;23882.71;2054538.747;20951.0;1904814.79;18380.39;225091.195;147308.319;884618.86;438025.934;1695044.308;209770.482;Demais serviços;Administração, defesa, educação e saúde públicas e seguridade social;Comércio e reparação de veículos automotores e motocicletas;6;True;99.5;0.99495;209.92;205.07;5.698705;5.7;;99.5;0.99495;209.92;205.07;5.698705;5.7;;98.1;0.98091;280.9;286.03;4.916625;4.8;;98.6;0.986959;279.86;285.48;4.893785;4.8;;97.0;0.968015;243.6;253.9;4.958333;4.8;;97.0;0.968015;243.6;253.9;4.958333;4.8;;;;;;;;;;;;;;;;;;;;;;
2;Nordeste;23;CE;Ceará;2305605;Independência;408128.094;16988.35;347467.539;14463.35;306809.033;11712.06;113622.71;12412.037;69066.645;99953.125;295054.517;11754.516;Administração, defesa, educação e saúde públicas e seguridade social;Agricultura, inclusive apoio à agricultura e a pós colheita;Demais serviços;6;True;100.0;1.0;329.92;304.2;9.64;9.6;;100.0;1.0;329.92;304.2;9.64;9.6;;99.8;0.997664;331.0;294.07;5.740636;5.7;;99.8;0.997664;331.0;294.07;5.740636;5.7;;100.0;1.0;320.25;316.01;7.271;7.3;;100.0;1.0;320.25;316.01;7.271;7.3;;;;;;;;;;;;;;;;;;;;;;
2;Nordeste;23;CE;Ceará;2305654;Ipaporanga;134149.71;11589.61;116772.271;10088.32;114127.411;9841.12;26432.154;3156.773;27825.473;52051.195;109465.595;4661.815;Administração, defesa, educação e saúde públicas e seguridade social;Demais serviços;Agricultura, inclusive apoio à agricultura e a pós colheita;6;True;100.0;1.0;296.47;265.76;8.453877;8.5;;100.0;1.0;296.47;265.76;8.453877;8.5;;96.7;0.969454;266.13;274.75;4.540319;4.4;;96.7;0.969454;266.13;274.75;4.540319;4.4;;99.5;0.995242;321.65;296.65;6.971667;6.9;;99.5;0.995242;321.65;296.65;6.971667;6.9;;;;;;;;;;;;;;;;;;;;;;
2;Nordeste;23;CE;Ceará;2305704;Ipaumirim;186861.113;15464.79;167158.432;13834.18;143450.636;11469.63;24282.372;7523.145;46332.733;55317.928;133456.178;9994.458;Administração, defesa, educação e saúde públicas e seguridade social;Demais serviços;Comércio e reparação de veículos automotores e motocicletas;6;True;100.0;1.0;219.59;213.17;6.03052;6.0;;100.0;1.0;219.59;213.17;6.03052;6.0;;98.9;0.989796;258.4;268.47;4.33774;4.3;;98.9;0.989796;258.4;268.47;4.33774;4.3;;100.0;1.0;250.07;255.02;5.084833;5.1;;100.0;1.0;250.07;255.02;5.084833;5.1;;;;;;;;;;;;;;;;;;;;;;
2;Nordeste;23;CE;Ceará;2305803;Ipu;676518.572;16467.92;575071.932;13998.49;519844.688;12333.79;113185.443;19293.624;179310.014;175870.327;487659.409;32185.279;Administração, defesa, educação e saúde públicas e seguridade social;Demais serviços;Agricultura, inclusive apoio à agricultura e a pós colheita;6;True;98.6;0.985537;245.03;230.21;6.825834;6.7;;98.6;0.985537;245.03;230.21;6.825834;6.7;;99.7;0.996991;309.84;300.06;5.533116;5.5;;99.7;0.996991;309.84;300.06;5.533116;5.5;;96.4;0.964476;247.77;256.74;5.075167;4.9;;96.4;0.964476;247.77;256.74;5.075167;4.9;;;;;;;;;;;;;;;;;;;;;;
2;Nordeste;23;CE;Ceará;2305902;Ipueiras;406831.424;11055.8;385582.053;10478.34;328115.053;8620.09;34647.211;7742.589;102282.839;166790.186;311462.825;16652.229;Administração, defesa, educação e saúde públicas e seguridade social;Demais serviços;Comércio e reparação de veículos automotores e motocicletas;6;True;100.0;1.0;269.19;247.1;7.593994;7.6;;100.0;1.0;269.19;247.1;7.593994;7.6;;98.8;0.987965;279.21;275.5;4.735254;4.7;;98.8;0.987965;279.21;275.5;4.735254;4.7;;100.0;1.0;279.64;269.26;5.815;5.8;;100.0;1.0;279.64;269.26;5.815;5.8;;;;;;;;;;;;;;;;;;;;;;
2;Nordeste;23;CE;Ceará;2306009;Iracema;253154.163;18081.15;211261.79;15089.05;195282.203;13607.57;45056.623;7351.395;56868.345;76388.327;185664.69;9617.513;Administração, defesa, educação e saúde públicas e seguridade social;Demais serviços;Pecuária, inclusive apoio à pecuária;6;True;100.0;1.0;211.59;206.78;5.761666;5.8;;100.0;1.0;211.59;206.78;5.761666;5.8;;98.3;0.983265;281.44;282.37;4.869419;4.8;;98.3;0.983265;281.44;282.37;4.869419;4.8;;100.0;1.0;250.77;264.03;5.246667;5.2;;100.0;1.0;250.77;264.03;5.246667;5.2;;;;;;;;;;;;;;;;;;;;;;
2;Nordeste;23;CE;Ceará;2306108;Irauçuba;271621.971;11357.81;251621.013;10521.47;220294.117;9009.98;21073.962;14546.165;65103.442;105881.7;206605.268;13688.849;Administração, defesa, educação e saúde públicas e seguridade social;Demais serviços;Comércio e reparação de veículos automotores e motocicletas;6;True;100.0;1.0;240.17;230.96;6.746722;6.7;;100.0;1.0;240.17;230.96;6.746722;6.7;;98.4;0.983485;263.34;266.46;4.377032;4.3;;98.4;0.983485;263.34;266.46;4.377032;4.3;;99.9;0.999499;276.19;269.35;5.759;5.8;;99.9;0.999499;276.19;269.35;5.759;5.8;;;;;;;;;;;;;;;;;;;;;;
2;Nordeste;23;CE;Ceará;2306207;Itaiçaba;103645.939;13753.44;89380.301;11860.44;82854.556;10482.61;9882.815;3874.629;23457.826;40423.301;77638.571;5215.986;Administração, defesa, educação e saúde públicas e seguridade social;Demais serviços;Produção florestal, pesca e aquicultura;6;True;100.0;1.0;244.45;228.38;6.781493;6.8;;100.0;1.0;244.45;228.38;6.781493;6.8;;96.1;0.961627;298.58;304.39;5.43979;5.2;;96.1;0.961627;298.58;304.39;5.43979;5.2;;99.7;0.996718;287.43;289.23;6.277667;6.3;;99.7;0.996718;287.43;289.23;6.277667;6.3;;;;;;;;;;;;;;;;;;;;;;
2;Nordeste;23;CE;Ceará;2306256;Itaitinga;2352737.029;36391.91;1588814.092;24576.38;1258826.386;32560.63;7208.018;183795.362;620819.797;191380.045;1003203.222;255623.164;Demais serviços;Comércio e reparação de veículos automotores e motocicletas;Administração, defesa, educação e saúde públicas e seguridade social;6;True;100.0;0.999399;229.86;218.11;6.31633;6.3;;100.0;0.999399;229.86;218.11;6.31633;6.3;;96.6;0.967236;278.47;283.84;4.849712;4.7;;96.6;0.967236;278.47;283.84;4.849712;4.7;;99.1;0.990982;250.32;256.09;5.106833;5.1;;99.1;0.990982;250.32;256.09;5.106833;5.1;;;;;;;;;;;;;;;;;;;;;;
2;Nordeste;23;CE;Ceará;2306306;Itapajé;741512.906;15971.93;702418.074;15129.84;594581.113;11124.48;62629.794;82238.936;199604.324;209086.994;553560.049;41021.064;Administração, defesa, educação e saúde públicas e seguridade social;Demais serviços;Indústrias de transformação;6;True;100.0;1.0;244.9;239.53;6.992808;7.0;;100.0;1.0;244.9;239.53;6.992808;7.0;;99.4;0.993987;288.4;287.52;5.044268;5.0;;99.4;0.993987;288.4;287.52;5.044268;5.0;;100.0;0.999248;268.4;274.32;5.712;5.7;;100.0;0.999248;268.4;274.32;5.712;5.7;;;;;;;;;;;;;;;;;;;;;;
2;Nordeste;23;CE;Ceará;2306405;Itapipoca;2550370.731;19450.22;2129865.957;16243.27;1784006.658;13547.33;99880.985;262471.384;724249.598;525386.423;1611988.39;172018.268;Demais serviços;Administração, defesa, educação e saúde públicas e seguridade social;Comércio e reparação de veículos automotores e motocicletas;6;True;100.0;0.9998;232.37;222.43;6.442777;6.4;;100.0;0.9998;232.37;222.43;6.442777;6.4;;97.5;0.975277;282.31;284.73;4.916967;4.8;;98.9;0.98964;281.02;283.01;4.873101;4.8;;99.9;0.99875;268.46;274.28;5.712333;5.7;;99.9;0.99875;268.46;274.28;5.712333;5.7;;;;;;;;;;;;;;;;;;;;;;
2;Nordeste;23;CE;Ceará;2306504;Itapiúna;213999.298;11994.8;182346.811;10220.66;170313.92;8246.45;19789.079;5359.565;44796.785;92535.437;162480.866;7833.055;Administração, defesa, educação e saúde públicas e seguridade social;Demais serviços;Agricultura, inclusive apoio à agricultura e a pós colheita;6;True;100.0;1.0;260.35;243.53;7.360382;7.4;;100.0;1.0;260.35;243.53;7.360382;7.4;;96.8;0.967866;253.24;252.2;4.021705;3.9;;96.8;0.967866;253.24;252.2;4.021705;3.9;;99.8;0.997996;238.05;249.95;4.8;4.8;;99.8;0.997996;238.05;249.95;4.8;4.8;;;;;;;;;;;;;;;;;;;;;;
2;Nordeste;23;CE;Ceará;2306553;Itarema;711164.955;16555.28;722769.139;16916.38;766786.2;18001.79;77677.866;305282.537;157933.222;183032.425;723926.051;42860.149;Eletricidade e gás, água, esgoto, atividades de gestão de resíduos e descontaminação;Administração, defesa, educação e saúde públicas e seguridade social;Demais serviços;6;True;100.0;0.999599;242.73;224.23;6.673214;6.7;;99.8;0.997995;242.73;224.23;6.673214;6.7;;98.2;0.981894;276.85;276.37;4.715132;4.6;;98.2;0.981894;276.85;276.37;4.715132;4.6;;97.8;0.977884;259.85;263.23;5.384667;5.3;;97.3;0.972339;259.85;263.23;5.384667;5.2;;;;;;;;;;;;;;;;;;;;;;
2;Nordeste;23;CE;Ceará;2306603;Itatira;236127.745;11561.29;190134.738;9309.38;174029.392;7903.96;19478.38;4314.131;45939.704;96437.473;166169.689;7859.703;Administração, defesa, educação e saúde públicas e seguridade social;Demais serviços;Agricultura, inclusive apoio à agricultura e a pós colheita;6;True;100.0;1.0;248.39;229.9;6.88432;6.9;;100.0;1.0;248.39;229.9;6.88432;6.9;;93.8;0.93885;263.38;266.93;4.38463;4.1;;93.8;0.93885;263.38;266.93;4.38463;4.1;;99.7;0.997492;279.35;273.29;5.877333;5.9;;99.7;0.997492;279.35;273.29;5.877333;5.9;;;;;;;;;;;;;;;;;;;;;;
2;Nordeste;23;CE;Ceará;2306702;Jaguaretama;316966.522;18394.06;257163.179;14923.58;226643.899;12498.97;70781.83;10077.678;56204.985;78258.384;215322.877;11321.022;Administração, defesa, educação e saúde públicas e seguridade social;Pecuária, inclusive apoio à pecuária;Demais serviços;6;True;99.1;0.990637;227.2;219.3;6.287203;6.2;;99.1;0.990637;227.2;219.3;6.287203;6.2;;95.9;0.959884;270.28;263.97;4.437228;4.3;;95.9;0.959884;270.28;263.97;4.437228;4.3;;96.8;0.965387;260.05;268.02;5.467833;5.3;;96.8;0.965387;260.05;268.02;5.467833;5.3;;;;;;;;;;;;;;;;;;;;;;
2;Nordeste;23;CE;Ceará;2306801;Jaguaribara;196533.274;18977.72;165067.345;15939.3;154002.311;13298.99;31063.126;6416.042;45304.105;62461.047;145244.32;8757.991;Administração, defesa, educação e saúde públicas e seguridade social;Demais serviços;Pecuária, inclusive apoio à pecuária;6;True;100.0;1.0;236.82;226.64;6.604246;6.6;;100.0;1.0;236.82;226.64;6.604246;6.6;;93.8;0.93948;256.87;250.58;4.048437;3.8;;93.8;0.93948;256.87;250.58;4.048437;3.8;;99.2;0.992133;259.42;254.97;5.239833;5.2;;99.2;0.992133;259.42;254.97;5.239833;5.2;;;;;;;;;;;;;;;;;;;;;;
2;Nordeste;23;CE;Ceará;2306900;Jaguaribe;740827.469;21966.06;637710.516;18908.57;561174.778;16222.68;89541.641;52360.119;215447.604;155035.012;512384.377;48790.401;Administração, defesa, educação e saúde públicas e seguridade social;Demais serviços;Pecuária, inclusive apoio à pecuária;7;True;100.0;0.999599;239.76;231.18;6.742898;6.7;;100.0;0.999599;239.76;231.18;6.742898;6.7;;94.1;0.943852;274.01;270.7;4.590364;4.3;;96.9;0.971442;270.57;265.96;4.471092;4.3;;99.9;0.999499;258.23;261.41;5.327333;5.3;;99.9;0.999499;258.23;261.41;5.327333;5.3;;77.5;0.773702;292.01;295.49;5.214281;4.0;;;;;;;;;;;;;;;
2;Nordeste;23;CE;Ceará;2307007;Jaguaruana;665089.793;20980.09;598756.605;18887.63;566961.051;16694.97;86794.045;120924.162;141164.827;151553.719;500436.753;66524.298;Administração, defesa, educação e saúde públicas e seguridade social;Demais serviços;Indústrias de transformação;6;True;99.9;0.999399;231.2;225.47;6.475721;6.5;;99.9;0.999399;231.2;225.47;6.475721;6.5;;98.7;0.987311;285.61;280.61;4.901639;4.8;;98.7;0.987311;285.61;280.61;4.901639;4.8;;99.1;0.990977;257.99;266.06;5.400833;5.4;;99.1;0.990977;257.99;266.06;5.400833;5.4;;;;;;;;;;;;;;;;;;;;;;
2;Nordeste;23;CE;Ceará;2307106;Jardim;369628.25;13484.67;310207.84;11316.91;294153.646;10819.64;67179.809;10124.956;75399.087;128952.973;281656.825;12496.821;Administração, defesa, educação e saúde públicas e seguridade social;Demais serviços;Agricultura, inclusive apoio à agricultura e a pós colheita;6;True;99.8;0.998198;208.5;202.35;5.622151;5.6;;99.8;0.998198;208.5;202.35;5.622151;5.6;;97.0;0.972705;270.68;274.38;4.598685;4.5;;97.0;0.972705;270.68;274.38;4.598685;4.5;;98.9;0.98938;243.9;248.44;4.872333;4.8;;98.9;0.98938;243.9;248.44;4.872333;4.8;;;;;;;;;;;;;;;;;;;;;;
2;Nordeste;23;CE;Ceará;2307205;Jati;129952.148;16531.25;140333.592;17851.88;129728.66;15917.63;16466.461;3241.711;56136.694;39429.044;115273.91;14454.75;Administração, defesa, educação e saúde públicas e seguridade social;Demais serviços;Comércio e reparação de veículos automotores e motocicletas;6;True;100.0;1.0;239.76;219.74;6.534898;6.5;;100.0;1.0;239.76;219.74;6.534898;6.5;;98.9;0.990278;258.81;251.78;4.093648;4.1;;98.9;0.990278;258.81;251.78;4.093648;4.1;;99.6;0.995226;244.25;243.46;4.795167;4.8;;99.6;0.995226;244.25;243.46;4.795167;4.8;;;;;;;;;;;;;;;;;;;;;;
2;Nordeste;23;CE;Ceará;2307254;Jijoca de Jericoacoara;711193.201;27829.9;696532.382;27256.21;551637.538;27106.16;9074.693;26429.711;347800.698;120725.63;504030.731;47606.806;Demais serviços;Administração, defesa, educação e saúde públicas e seguridade social;Comércio e reparação de veículos automotores e motocicletas;6;True;100.0;1.0;336.4;304.96;9.653818;9.7;;100.0;1.0;336.4;304.96;9.653818;9.7;;98.6;0.987252;288.36;286.27;5.024993;5.0;;98.6;0.987252;288.36;286.27;5.024993;5.0;;99.8;0.997489;344.42;324.09;7.8085;7.8;;99.8;0.997489;344.42;324.09;7.8085;7.8;;;;;;;;;;;;;;;;;;;;;;
2;Nordeste;23;CE;Ceará;2307304;Juazeiro do Norte;6457542.671;22569.35;5783730.209;20214.35;5114785.978;18381.06;31924.965;423899.008;2988179.724;1048871.539;4492875.236;621910.741;Demais serviços;Administração, defesa, educação e saúde públicas e seguridade social;Comércio e reparação de veículos automotores e motocicletas;8;True;99.6;0.995993;203.38;203.15;5.538987;5.5;;99.6;0.995993;203.38;203.15;5.538987;5.5;;96.7;0.967603;276.55;277.45;4.727087;4.6;;96.7;0.966929;275.22;276.24;4.690293;4.5;;96.8;0.968208;247.44;255.58;5.050333;4.9;;96.9;0.969209;251.4;258.61;5.166833;5.0;;99.0;0.985513;338.92;334.36;6.455016;6.4;;100.0;1.0;333.25;321.1;7.5725;7.6;;;;;;;;
2;Nordeste;23;CE;Ceará;2307403;Jucás;390389.763;16319.28;347056.825;14507.85;319373.493;12801.05;54653.943;31506.511;97525.697;114275.638;297961.789;21411.704;Administração, defesa, educação e saúde públicas e seguridade social;Demais serviços;Pecuária, inclusive apoio à pecuária;6;True;100.0;1.0;252.3;234.07;7.034756;7.0;;100.0;1.0;252.3;234.07;7.034756;7.0;;99.9;0.998663;278.88;276.66;4.747985;4.7;;99.9;0.998663;278.88;276.66;4.747985;4.7;;100.0;1.0;275.91;272.64;5.809167;5.8;;100.0;1.0;275.91;272.64;5.809167;5.8;;;;;;;;;;;;;;;;;;;;;;
2;Nordeste;23;CE;Ceará;2307502;Lavras da Mangabeira;444999.728;14447.1;390628.132;12681.91;343303.548;10906.84;89545.539;13623.545;95603.821;129650.192;328423.098;14880.451;Administração, defesa, educação e saúde públicas e seguridade social;Demais serviços;Agricultura, inclusive apoio à agricultura e a pós colheita;6;True;99.4;0.994536;204.25;197.21;5.44759;5.4;;99.4;0.994536;204.25;197.21;5.44759;5.4;;99.1;0.990622;269.6;271.77;4.544444;4.5;;99.1;0.990622;269.6;271.77;4.544444;4.5;;95.5;0.954907;243.84;251.91;4.929167;4.7;;95.5;0.954907;243.84;251.91;4.929167;4.7;;;;;;;;;;;;;;;;;;;;;;
2;Nordeste;23;CE;Ceará;2307601;Limoeiro do Norte;1854064.858;31129.36;1651935.909;27735.66;1423365.542;23631.38;329453.57;150058.547;524692.103;250412.361;1254616.581;168748.96;Demais serviços;Administração, defesa, educação e saúde públicas e seguridade social;Agricultura, inclusive apoio à agricultura e a pós colheita;6;True;100.0;0.999599;251.76;245.58;7.233724;7.2;;100.0;0.999599;251.76;245.58;7.233724;7.2;;95.1;0.95385;285.4;284.23;4.952881;4.7;;96.4;0.966785;279.58;278.93;4.791798;4.6;;99.8;0.997747;279.94;279.42;5.989333;6.0;;99.8;0.997747;279.94;279.42;5.989333;6.0;;;;;;;;;;;;;;;;;;;;;;
2;Nordeste;23;CE;Ceará;2307635;Madalena;215696.189;12766.11;208237.599;12324.67;174830.573;8728.0;21176.661;5525.181;50606.251;88357.925;165666.017;9164.556;Administração, defesa, educação e saúde públicas e seguridade social;Demais serviços;Comércio e reparação de veículos automotores e motocicletas;6;True;100.0;1.0;214.87;208.09;5.84808;5.8;;100.0;1.0;214.87;208.09;5.84808;5.8;;93.1;0.930088;260.41;258.59;4.218066;3.9;;93.1;0.930088;260.41;258.59;4.218066;3.9;;99.5;0.994719;260.52;255.86;5.273;5.2;;99.5;0.994719;260.52;255.86;5.273;5.2;;;;;;;;;;;;;;;;;;;;;;
2;Nordeste;23;CE;Ceará;2307650;Maracanaú;13540093.939;57738.06;14004933.697;59750.05;12336716.645;53408.94;19853.801;3664406.149;4907454.008;1084777.446;9676491.404;2660225.24;Indústrias de transformação;Demais serviços;Comércio e reparação de veículos automotores e motocicletas;8;True;99.9;0.999399;226.96;226.07;6.405714;6.4;;99.9;0.999399;226.96;226.07;6.405714;6.4;;96.2;0.962908;265.39;275.45;4.540405;4.4;;96.2;0.962904;264.14;274.38;4.506831;4.3;;99.5;0.994744;253.75;263.37;5.285333;5.3;;99.5;0.994493;255.52;264.63;5.335833;5.3;;94.5;0.946643;314.2;317.38;5.853633;5.5;;99.6;0.987013;342.66;326.27;7.8155;7.7;;;;;;;;
2;Nordeste;23;CE;Ceará;2307700;Maranguape;2011194.353;19137.28;1793354.361;17064.45;1649527.97;12527.08;64264.584;295419.687;571469.233;480375.11;1411528.614;237999.356;Administração, defesa, educação e saúde públicas e seguridade social;Demais serviços;Indústrias de transformação;6;True;100.0;0.9992;213.31;211.97;5.888854;5.9;;100.0;0.9992;213.31;211.97;5.888854;5.9;;98.0;0.991325;273.13;280.08;4.718424;4.7;;99.1;0.991325;273.13;280.08;4.718424;4.7;;98.7;0.986461;253.59;262.86;5.274167;5.2;;98.7;0.986461;253.59;262.86;5.274167;5.2;;;;;;;;;;;;;;;;;;;;;;
2;Nordeste;23;CE;Ceará;2307809;Marco;453537.358;17579.65;410770.953;15921.97;390968.799;14052.51;25369.336;43229.232;145584.337;131626.075;345808.98;45159.819;Administração, defesa, educação e saúde públicas e seguridade social;Demais serviços;Comércio e reparação de veículos automotores e motocicletas;6;True;100.0;0.999599;244.26;230.81;6.822049;6.8;;100.0;0.999599;244.26;230.81;6.822049;6.8;;99.9;0.998332;282.05;281.84;4.870052;4.9;;99.9;0.998332;282.05;281.84;4.870052;4.9;;99.6;0.995978;273.95;268.5;5.7075;5.7;;99.6;0.995978;273.95;268.5;5.7075;5.7;;;;;;;;;;;;;;;;;;;;;;
2;Nordeste;23;CE;Ceará;2307908;Martinópole;125471.874;11568.49;109551.587;10100.64;96326.787;8444.53;7437.326;3353.905;27560.756;53937.651;92289.639;4037.148;Administração, defesa, educação e saúde públicas e seguridade social;Demais serviços;Agricultura, inclusive apoio à agricultura e a pós colheita;6;True;100.0;1.0;282.35;252.13;7.936593;7.9;;100.0;1.0;282.35;252.13;7.936593;7.9;;96.2;0.964072;278.04;279.0;4.771217;4.6;;96.2;0.964072;278.04;279.0;4.771217;4.6;;97.2;0.969413;273.57;270.57;5.735667;5.6;;97.2;0.969413;273.57;270.57;5.735667;5.6;;;;;;;;;;;;;;;;;;;;;;
2;Nordeste;23;CE;Ceará;2308005;Massapê;483230.175;12818.8;441702.224;11717.17;378718.498;9626.56;27082.366;54003.618;115807.861;161237.019;358130.863;20587.635;Administração, defesa, educação e saúde públicas e seguridade social;Demais serviços;Indústrias de transformação;6;True;100.0;1.0;256.56;237.14;7.171872;7.2;;100.0;1.0;256.56;237.14;7.171872;7.2;;97.5;0.975156;267.1;267.21;4.441068;4.3;;97.5;0.975156;267.1;267.21;4.441068;4.3;;100.0;1.0;290.23;274.62;6.080833;6.1;;100.0;1.0;290.23;274.62;6.080833;6.1;;;;;;;;;;;;;;;;;;;;;;
2;Nordeste;23;CE;Ceará;2308104;Mauriti;707666.578;15532.29;640788.718;14064.41;517495.879;10698.7;128284.473;18640.902;134582.136;209164.593;490672.105;26823.774;Administração, defesa, educação e saúde públicas e seguridade social;Demais serviços;Agricultura, inclusive apoio à agricultura e a pós colheita;6;True;100.0;0.999599;206.29;197.67;5.494885;5.5;;100.0;0.999599;206.29;197.67;5.494885;5.5;;97.9;0.978914;270.93;269.23;4.5251;4.4;;97.9;0.978914;270.93;269.23;4.5251;4.4;;99.8;0.997998;245.0;250.1;4.918333;4.9;;99.8;0.997998;245.0;250.1;4.918333;4.9;;;;;;;;;;;;;;;;;;;;;;
2;Nordeste;23;CE;Ceará;2308203;Meruoca;166663.575;10995.82;143854.607;9487.84;129293.135;8445.56;8693.965;7854.375;34958.631;72576.823;124083.794;5209.342;Administração, defesa, educação e saúde públicas e seguridade social;Demais serviços;Agricultura, inclusive apoio à agricultura e a pós colheita;6;True;100.0;1.0;281.01;260.48;8.062839;8.1;;100.0;1.0;281.01;260.48;8.062839;8.1;;95.9;0.959233;271.29;274.83;4.613989;4.4;;95.9;0.959233;271.29;274.83;4.613989;4.4;;99.8;0.997996;284.13;280.41;6.075667;6.1;;99.8;0.997996;284.13;280.41;6.075667;6.1;;;;;;;;;;;;;;;;;;;;;;
2;Nordeste;23;CE;Ceará;2308302;Milagres;335238.601;12943.58;317938.331;12275.61;287223.432;10477.64;34876.0;32240.126;86871.889;114788.1;268776.116;18447.316;Administração, defesa, educação e saúde públicas e seguridade social;Demais serviços;Construção;6;True;99.9;0.999197;213.18;199.49;5.659464;5.7;;99.9;0.999197;213.18;199.49;5.659464;5.7;;97.4;0.974123;273.42;279.93;4.720252;4.6;;97.4;0.974123;273.42;279.93;4.720252;4.6;;99.8;0.998493;249.78;256.75;5.108833;5.1;;99.8;0.998493;249.78;256.75;5.108833;5.1;;;;;;;;;;;;;;;;;;;;;;
2;Nordeste;23;CE;Ceará;2308351;Milhã;250240.907;17718.68;226109.392;16151.82;195289.998;14874.7;80563.595;3688.406;43136.576;60472.155;187860.733;7429.265;Administração, defesa, educação e saúde públicas e seguridade social;Pecuária, inclusive apoio à pecuária;Demais serviços;6;True;99.9;0.998592;300.89;297.02;9.106592;9.1;;99.9;0.998592;300.89;297.02;9.106592;9.1;;96.5;0.966203;269.24;265.32;4.442831;4.3;;96.5;0.966203;269.24;265.32;4.442831;4.3;;96.8;0.968829;334.21;322.7;7.615167;7.4;;96.8;0.968829;334.21;322.7;7.615167;7.4;;;;;;;;;;;;;;;;;;;;;;
2;Nordeste;23;CE;Ceará;2308377;Miraíma;141462.332;9964.94;127318.172;8968.59;112599.052;8062.95;14084.488;3268.238;25251.866;66207.291;108811.883;3787.169;Administração, defesa, educação e saúde públicas e seguridade social;Demais serviços;Pecuária, inclusive apoio à pecuária;6;True;100.0;1.0;205.85;192.06;5.384488;5.4;;100.0;1.0;205.85;192.06;5.384488;5.4;;95.0;0.951198;261.18;259.45;4.241755;4.0;;95.0;0.951198;261.18;259.45;4.241755;4.0;;99.6;0.995726;257.11;254.62;5.1955;5.2;;99.6;0.995726;257.11;254.62;5.1955;5.2;;;;;;;;;;;;;;;;;;;;;;
2;Nordeste;23;CE;Ceará;2308401;Missão Velha;598260.814;16247.37;586551.421;15929.37;515936.722;14506.46;198475.57;20554.222;112923.808;163691.487;495645.087;20291.635;Agricultura, inclusive apoio à agricultura e a pós colheita;Administração, defesa, educação e saúde públicas e seguridade social;Demais serviços;6;True;99.7;0.99699;207.0;196.05;5.47898;5.5;;99.7;0.99699;207.0;196.05;5.47898;5.5;;93.3;0.936122;261.87;261.07;4.275697;4.0;;93.3;0.936122;261.87;261.07;4.275697;4.0;;97.7;0.977323;240.79;241.0;4.6965;4.6;;97.7;0.977323;240.79;241.0;4.6965;4.6;;;;;;;;;;;;;;;;;;;;;;
2;Nordeste;23;CE;Ceará;2308500;Mombaça;551793.724;14622.86;531261.618;14078.75;446847.422;10174.82;74484.009;29986.668;139509.688;176330.748;420311.115;26536.308;Administração, defesa, educação e saúde públicas e seguridade social;Demais serviços;Pecuária, inclusive apoio à pecuária;6;True;98.9;0.988687;273.23;248.37;7.694184;7.6;;98.9;0.988687;273.23;248.37;7.694184;7.6;;96.5;0.965194;270.51;265.19;4.458722;4.3;;96.5;0.965194;270.51;265.19;4.458722;4.3;;96.8;0.966224;264.71;258.56;5.387833;5.2;;96.8;0.966224;264.71;258.56;5.387833;5.2;;;;;;;;;;;;;;;;;;;;;;
2;Nordeste;23;CE;Ceará;2308609;Monsenhor Tabosa;210937.865;12300.3;179307.253;10455.84;160699.121;9308.34;20111.38;4101.756;47067.676;80572.942;151853.753;8845.368;Administração, defesa, educação e saúde públicas e seguridade social;Demais serviços;Comércio e reparação de veículos automotores e motocicletas;8;True;98.5;0.984398;300.84;297.95;9.122547;9.0;;99.0;0.99032;299.75;282.42;8.819382;8.7;;97.2;0.972651;260.25;257.04;4.192615;4.1;;97.2;0.972651;260.25;257.04;4.192615;4.1;;96.8;0.966947;345.32;319.27;7.743167;7.5;;97.8;0.977738;327.88;299.87;7.129167;7.0;;;;;;;;;99.7;0.997481;296.58;265.06;6.027333;6.0;;100.0;1.0;298.1;258.9;8.360257;8.4;
2;Nordeste;23;CE;Ceará;2308708;Morada Nova;1877981.945;30564.62;1570710.149;25656.39;1276864.308;20731.68;205850.984;312098.812;376387.881;261783.619;1156121.296;120743.012;Demais serviços;Indústrias de transformação;Administração, defesa, educação e saúde públicas e seguridade social;6;True;100.0;0.999599;221.63;210.14;6.01436;6.0;;100.0;0.999599;221.63;210.14;6.01436;6.0;;97.8;0.97887;279.36;280.96;4.819098;4.7;;97.8;0.97887;279.36;280.96;4.819098;4.7;;99.0;0.990485;262.87;267.24;5.501833;5.4;;99.0;0.990485;262.87;267.24;5.501833;5.4;;;;;;;;;;;;;;;;;;;;;;
2;Nordeste;23;CE;Ceará;2308807;Moraújo;86070.204;10427.7;80171.533;9710.7;75574.687;8555.95;13676.794;2159.26;18412.833;38739.297;72988.185;2586.503;Administração, defesa, educação e saúde públicas e seguridade social;Demais serviços;Produção florestal, pesca e aquicultura;6;True;100.0;1.0;242.94;224.9;6.689403;6.7;;100.0;1.0;242.94;224.9;6.689403;6.7;;96.3;0.959148;292.89;289.89;5.142808;4.9;;96.3;0.959148;292.89;289.89;5.142808;4.9;;99.3;0.992589;277.18;272.39;5.826167;5.8;;99.3;0.992589;277.18;272.39;5.826167;5.8;;;;;;;;;;;;;;;;;;;;;;
2;Nordeste;23;CE;Ceará;2308906;Morrinhos;239995.253;10547.85;220951.362;9710.87;193204.02;8462.73;14052.504;11035.588;61542.383;93910.694;180541.169;12662.851;Administração, defesa, educação e saúde públicas e seguridade social;Demais serviços;Comércio e reparação de veículos automotores e motocicletas;6;True;99.7;0.996998;241.68;231.52;6.785721;6.8;;99.7;0.996998;241.68;231.52;6.785721;6.8;;99.5;0.994646;273.68;283.6;4.778843;4.8;;99.5;0.994646;273.68;283.6;4.778843;4.8;;98.9;0.989447;269.96;261.57;5.5255;5.5;;98.9;0.989447;269.96;261.57;5.5255;5.5;;;;;;;;;;;;;;;;;;;;;;
2;Nordeste;23;CE;Ceará;2309003;Mucambo;172103.546;12593.56;144254.054;10555.69;131291.77;9016.67;10836.859;4924.245;42409.073;65916.638;124086.814;7204.956;Administração, defesa, educação e saúde públicas e seguridade social;Demais serviços;Comércio e reparação de veículos automotores e motocicletas;6;True;100.0;1.0;324.69;296.47;9.499455;9.5;;100.0;1.0;324.69;296.47;9.499455;9.5;;93.6;0.929212;277.05;272.25;4.656265;4.3;;93.6;0.929212;277.05;272.25;4.656265;4.3;;99.6;0.996245;278.61;271.2;5.830167;5.8;;99.6;0.996245;278.61;271.2;5.830167;5.8;;;;;;;;;;;;;;;;;;;;;;
2;Nordeste;23;CE;Ceará;2309102;Mulungu;146502.587;13861.54;134731.514;12747.8;123801.068;11197.64;31127.501;3842.022;29818.928;54771.317;119559.768;4241.3;Administração, defesa, educação e saúde públicas e seguridade social;Agricultura, inclusive apoio à agricultura e a pós colheita;Demais serviços;6;True;100.0;1.0;226.32;223.42;6.345319;6.3;;100.0;1.0;226.32;223.42;6.345319;6.3;;100.0;1.0;274.63;288.04;4.858653;4.9;;100.0;1.0;274.63;288.04;4.858653;4.9;;99.8;0.998493;259.52;267.24;5.446;5.4;;99.8;0.998493;259.52;267.24;5.446;5.4;;;;;;;;;;;;;;;;;;;;;;
2;Nordeste;23;CE;Ceará;2309201;Nova Olinda;206839.413;13432.0;179076.907;11629.13;163380.546;10341.85;16967.776;13134.854;50241.544;73923.803;154267.978;9112.568;Administração, defesa, educação e saúde públicas e seguridade social;Demais serviços;Comércio e reparação de veículos automotores e motocicletas;6;True;100.0;1.0;289.83;269.35;8.392432;8.4;;100.0;1.0;289.83;269.35;8.392432;8.4;;97.6;0.976481;278.51;279.18;4.780513;4.7;;97.6;0.976481;278.51;279.18;4.780513;4.7;;99.1;0.990866;315.11;280.36;6.591167;6.5;;99.1;0.990866;315.11;280.36;6.591167;6.5;;;;;;;;;;;;;;;;;;;;;;
2;Nordeste;23;CE;Ceará;2309300;Nova Russas;432948.087;14103.0;381139.284;12415.36;336930.448;10371.24;15980.487;10873.711;139866.253;141317.244;308037.695;28892.753;Administração, defesa, educação e saúde públicas e seguridade social;Demais serviços;Comércio e reparação de veículos automotores e motocicletas;6;True;99.9;0.999399;253.35;242.76;7.212795;7.2;;99.9;0.999399;253.35;242.76;7.212795;7.2;;99.2;0.9923;268.04;274.6;4.564899;4.5;;99.2;0.9923;268.04;274.6;4.564899;4.5;;99.9;0.999248;265.46;264.13;5.493167;5.5;;99.9;0.999248;265.46;264.13;5.493167;5.5;;;;;;;;;;;;;;;;;;;;;;
2;Nordeste;23;CE;Ceará;2309409;Novo Oriente;343681.506;12477.09;302449.863;10980.21;283185.355;9854.38;44097.199;20263.507;79829.146;124882.116;269071.969;14113.386;Administração, defesa, educação e saúde públicas e seguridade social;Demais serviços;Agricultura, inclusive apoio à agricultura e a pós colheita;6;True;100.0;1.0;326.81;295.13;9.475091;9.5;;100.0;1.0;326.81;295.13;9.475091;9.5;;100.0;1.0;348.57;289.16;5.913903;5.9;;100.0;1.0;348.57;289.16;5.913903;5.9;;99.9;0.999248;365.09;329.23;8.238667;8.2;;99.9;0.998748;365.09;329.23;8.238667;8.2;;;;;;;;;;;;;;;;;;;;;;
2;Nordeste;23;CE;Ceará;2309458;Ocara;322685.871;13174.62;304031.83;12413.01;284835.712;10972.95;48854.503;32721.129;74395.3;110769.698;266740.63;18095.081;Administração, defesa, educação e saúde públicas e seguridade social;Demais serviços;Agricultura, inclusive apoio à agricultura e a pós colheita;6;True;99.9;0.999399;222.76;213.29;6.093198;6.1;;99.9;0.999399;222.76;213.29;6.093198;6.1;;98.0;0.980467;273.75;277.0;4.681024;4.6;;98.0;0.980467;273.75;277.0;4.681024;4.6;;100.0;1.0;261.83;270.36;5.5365;5.5;;100.0;1.0;261.83;270.36;5.5365;5.5;;;;;;;;;;;;;;;;;;;;;;
2;Nordeste;23;CE;Ceará;2309508;Orós;267790.867;13610.72;234968.243;11942.48;218899.304;10256.74;33613.605;7585.968;68848.6;97745.85;207794.023;11105.281;Administração, defesa, educação e saúde públicas e seguridade social;Demais serviços;Pecuária, inclusive apoio à pecuária;6;True;98.9;0.988825;236.33;226.76;6.597076;6.5;;98.9;0.988825;236.33;226.76;6.597076;6.5;;93.6;0.93648;260.97;263.49;4.299284;4.0;;93.6;0.93648;260.97;263.49;4.299284;4.0;;95.4;0.955833;262.14;266.37;5.475167;5.2;;95.4;0.955833;262.14;266.37;5.475167;5.2;;;;;;;;;;;;;;;;;;;;;;
2;Nordeste;23;CE;Ceará;2309607;Pacajus;1808068.498;25471.85;1534458.017;21754.87;1360535.18;18349.66;47299.102;427830.981;456707.451;283862.351;1215699.885;144835.295;Indústrias de transformação;Demais serviços;Administração, defesa, educação e saúde públicas e seguridade social;6;True;100.0;0.9998;258.9;247.19;7.399256;7.4;;100.0;0.9998;258.9;247.19;7.399256;7.4;;97.5;0.977335;285.27;293.29;5.086684;5.0;;97.5;0.977335;285.27;293.29;5.086684;5.0;;91.3;0.913069;267.39;274.44;5.697167;5.2;;91.3;0.913069;267.39;274.44;5.697167;5.2;;;;;;;;;;;;;;;;;;;;;;
2;Nordeste;23;CE;Ceará;2309706;Pacatuba;1714352.398;21028.81;1460732.763;17980.91;1235176.46;14421.71;27969.304;323978.021;420946.751;303701.114;1076595.19;158581.27;Demais serviços;Administração, defesa, educação e saúde públicas e seguridade social;Indústrias de transformação;6;True;99.6;0.996184;213.69;206.39;5.794652;5.8;;99.6;0.995582;213.69;206.39;5.794652;5.8;;97.1;0.972536;284.11;290.84;5.033715;4.9;;97.1;0.972536;284.11;290.84;5.033715;4.9;;99.2;0.991718;246.86;259.89;5.1125;5.1;;99.1;0.990966;246.86;259.89;5.1125;5.1;;;;;;;;;;;;;;;;;;;;;;
2;Nordeste;23;CE;Ceará;2309805;Pacoti;175378.91;15678.43;153002.353;13678.02;148366.251;12049.56;45197.725;5036.541;37159.641;54736.15;142130.056;6236.195;Administração, defesa, educação e saúde públicas e seguridade social;Agricultura, inclusive apoio à agricultura e a pós colheita;Demais serviços;6;True;100.0;1.0;235.05;228.97;6.612831;6.6;;100.0;1.0;235.05;228.97;6.612831;6.6;;96.8;0.967044;267.49;269.25;4.477085;4.3;;96.8;0.967044;267.49;269.25;4.477085;4.3;;100.0;1.0;250.25;267.32;5.292833;5.3;;100.0;1.0;250.25;267.32;5.292833;5.3;;;;;;;;;;;;;;;;;;;;;;
2;Nordeste;23;CE;Ceará;2309904;Pacujá;81237.281;13155.83;68377.24;11073.24;59940.436;9130.3;4261.8;2640.386;17817.507;32468.51;57188.202;2752.234;Administração, defesa, educação e saúde públicas e seguridade social;Demais serviços;Comércio e reparação de veículos automotores e motocicletas;6;True;100.0;1.0;229.73;214.26;6.243849;6.2;;100.0;1.0;229.73;214.26;6.243849;6.2;;98.7;0.987275;316.62;308.41;5.753341;5.7;;98.7;0.987275;316.62;308.41;5.753341;5.7;;99.1;0.990721;256.56;259.22;5.263;5.2;;99.1;0.990721;256.56;259.22;5.263;5.2;;;;;;;;;;;;;;;;;;;;;;
2;Nordeste;23;CE;Ceará;2310001;Palhano;125161.588;13392.0;116455.42;12460.46;98773.181;10443.35;17808.816;4412.286;26998.789;44102.816;93322.706;5450.475;Administração, defesa, educação e saúde públicas e seguridade social;Demais serviços;Agricultura, inclusive apoio à agricultura e a pós colheita;6;True;100.0;1.0;239.09;232.51;6.754294;6.8;;100.0;1.0;239.09;232.51;6.754294;6.8;;94.9;0.948724;282.99;278.52;4.833554;4.6;;94.9;0.948724;282.99;278.52;4.833554;4.6;;100.0;1.0;261.68;263.68;5.422667;5.4;;100.0;1.0;261.68;263.68;5.422667;5.4;;;;;;;;;;;;;;;;;;;;;;
2;Nordeste;23;CE;Ceará;2310100;Palmácia;141264.284;13792.65;120067.472;11723.05;115123.989;8494.35;28075.043;2962.643;22983.492;57422.036;111443.214;3680.775;Administração, defesa, educação e saúde públicas e seguridade social;Agricultura, inclusive apoio à agricultura e a pós colheita;Demais serviços;6;True;100.0;1.0;234.53;231.72;6.652907;6.7;;100.0;1.0;234.53;231.72;6.652907;6.7;;99.9;0.998663;272.94;283.06;4.760366;4.8;;99.9;0.998663;272.94;283.06;4.760366;4.8;;99.3;0.992472;258.36;267.82;5.436333;5.4;;99.3;0.992472;258.36;267.82;5.436333;5.4;;;;;;;;;;;;;;;;;;;;;;
2;Nordeste;23;CE;Ceará;2310209;Paracuru;679587.03;17434.25;595518.256;15391.65;555930.594;15648.56;49258.436;95384.261;203579.361;169458.338;517680.396;38250.198;Administração, defesa, educação e saúde públicas e seguridade social;Demais serviços;Eletricidade e gás, água, esgoto, atividades de gestão de resíduos e descontaminação;6;True;100.0;1.0;256.88;246.11;7.34107;7.3;;100.0;1.0;256.88;246.11;7.34107;7.3;;99.5;0.995312;277.86;285.8;4.870485;4.8;;99.5;0.995312;277.86;285.8;4.870485;4.8;;100.0;1.0;261.83;261.27;5.385;5.4;;100.0;1.0;261.83;261.27;5.385;5.4;;;;;;;;;;;;;;;;;;;;;;
2;Nordeste;23;CE;Ceará;2310258;Paraipaba;614089.604;19061.63;643387.6;19971.06;535128.804;16102.82;126269.692;81921.615;142823.608;143422.906;494437.82;40690.983;Administração, defesa, educação e saúde públicas e seguridade social;Demais serviços;Agricultura, inclusive apoio à agricultura e a pós colheita;6;True;100.0;1.0;258.51;245.47;7.360541;7.4;;100.0;1.0;258.51;245.47;7.360541;7.4;;99.8;0.997656;279.74;282.83;4.852429;4.8;;99.8;0.997656;279.74;282.83;4.852429;4.8;;99.7;0.997495;260.39;262.57;5.382667;5.4;;99.7;0.997495;260.39;262.57;5.382667;5.4;;;;;;;;;;;;;;;;;;;;;;
2;Nordeste;23;CE;Ceará;2310308;Parambu;349488.139;11114.27;309634.82;9846.87;288688.707;9196.54;47931.835;8132.808;87813.414;128656.032;272534.089;16154.618;Administração, defesa, educação e saúde públicas e seguridade social;Demais serviços;Agricultura, inclusive apoio à agricultura e a pós colheita;6;True;99.8;0.997799;234.45;227.35;6.571926;6.6;;99.8;0.997799;234.45;227.35;6.571926;6.6;;98.5;0.985224;268.82;274.55;4.575106;4.5;;98.5;0.985224;268.82;274.55;4.575106;4.5;;98.5;0.985485;268.86;268.89;5.629167;5.5;;98.5;0.985485;268.86;268.89;5.629167;5.5;;;;;;;;;;;;;;;;;;;;;;
2;Nordeste;23;CE;Ceará;2310407;Paramoti;137553.131;13246.64;121523.672;11702.97;110908.416;9034.57;18704.039;3868.57;27935.381;56109.582;106617.573;4290.843;Administração, defesa, educação e saúde públicas e seguridade social;Demais serviços;Agricultura, inclusive apoio à agricultura e a pós colheita;6;True;97.7;0.978801;221.83;224.38;6.277086;6.1;;97.7;0.978801;221.83;224.38;6.277086;6.1;;95.5;0.956884;271.12;279.47;4.681062;4.5;;95.5;0.956884;271.12;279.47;4.681062;4.5;;95.9;0.957422;266.28;274.75;5.683833;5.4;;95.9;0.957422;266.28;274.75;5.683833;5.4;;;;;;;;;;;;;;;;;;;;;;
2;Nordeste;23;CE;Ceará;2310506;Pedra Branca;481197.368;11973.96;411066.109;10228.83;389913.901;8992.69;40783.187;9630.041;123938.24;195399.433;369750.9;20163.001;Administração, defesa, educação e saúde públicas e seguridade social;Demais serviços;Comércio e reparação de veículos automotores e motocicletas;6;True;100.0;1.0;324.73;296.51;9.500182;9.5;;100.0;1.0;324.73;296.51;9.500182;9.5;;97.4;0.974802;276.23;270.07;4.612113;4.5;;97.4;0.974802;276.23;270.07;4.612113;4.5;;99.9;0.999499;306.36;286.15;6.541833;6.5;;99.9;0.999499;306.36;286.15;6.541833;6.5;;;;;;;;;;;;;;;;;;;;;;
2;Nordeste;23;CE;Ceará;2310605;Penaforte;149292.777;16639.85;142781.357;15914.11;122161.945;13268.38;13898.392;5294.687;43356.592;48972.434;111522.105;10639.84;Administração, defesa, educação e saúde públicas e seguridade social;Demais serviços;Comércio e reparação de veículos automotores e motocicletas;6;True;99.7;0.997188;224.78;216.15;6.183747;6.2;;99.7;0.997188;224.78;216.15;6.183747;6.2;;97.0;0.969071;265.99;276.0;4.557065;4.4;;97.0;0.969071;265.99;276.0;4.557065;4.4;;97.5;0.975467;246.55;245.0;4.859167;4.7;;97.5;0.975467;246.55;245.0;4.859167;4.7;;;;;;;;;;;;;;;;;;;;;;
2;Nordeste;23;CE;Ceará;2310704;Pentecoste;522218.356;13810.55;537432.863;14212.91;484760.119;12741.76;59070.589;73374.913;139880.294;179642.967;451968.763;32791.356;Administração, defesa, educação e saúde públicas e seguridade social;Demais serviços;Indústrias de transformação;6;True;99.9;0.999199;237.26;231.0;6.691915;6.7;;99.9;0.999199;237.26;231.0;6.691915;6.7;;99.1;0.991646;271.99;277.19;4.659149;4.6;;99.1;0.991646;271.99;277.19;4.659149;4.6;;99.5;0.995494;274.6;261.84;5.607333;5.6;;99.5;0.995494;274.6;261.84;5.607333;5.6;;;;;;;;;;;;;;;;;;;;;;
2;Nordeste;23;CE;Ceará;2310803;Pereiro;663694.295;42816.22;530451.963;34729.08;560571.114;34273.12;34846.988;13826.79;358702.462;74774.916;482151.156;78419.958;Demais serviços;Administração, defesa, educação e saúde públicas e seguridade social;Agricultura, inclusive apoio à agricultura e a pós colheita;6;True;99.8;0.99759;282.97;261.92;8.126425;8.1;;99.8;0.99759;282.97;261.92;8.126425;8.1;;87.0;0.868915;282.15;281.47;4.865918;4.2;;87.0;0.868915;282.15;281.47;4.865918;4.2;;95.4;0.951911;274.39;280.26;5.910833;5.6;;95.4;0.951911;274.39;280.26;5.910833;5.6;;;;;;;;;;;;;;;;;;;;;;
2;Nordeste;23;CE;Ceará;2310852;Pindoretama;363293.819;15531.35;320047.054;13709.45;274851.931;13110.66;26559.863;15563.403;103708.452;107771.634;253603.352;21248.579;Administração, defesa, educação e saúde públicas e seguridade social;Demais serviços;Comércio e reparação de veículos automotores e motocicletas;6;True;99.9;0.998597;234.4;224.04;6.51079;6.5;;99.9;0.998597;234.4;224.04;6.51079;6.5;;96.5;0.966996;257.27;266.26;4.288785;4.1;;96.5;0.966996;257.27;266.26;4.288785;4.1;;99.6;0.995716;254.92;258.87;5.229833;5.2;;99.6;0.995716;254.92;258.87;5.229833;5.2;;;;;;;;;;;;;;;;;;;;;;
2;Nordeste;23;CE;Ceará;2310902;Piquet Carneiro;203533.098;12249.22;181463.397;10921.0;162091.883;9418.47;28524.055;4315.883;44220.173;76893.422;153953.534;8138.35;Administração, defesa, educação e saúde públicas e seguridade social;Demais serviços;Pecuária, inclusive apoio à pecuária;6;True;100.0;1.0;294.37;289.53;8.845983;8.8;;100.0;1.0;294.37;289.53;8.845983;8.8;;99.5;0.995289;269.09;263.44;4.412581;4.4;;99.5;0.995289;269.09;263.44;4.412581;4.4;;100.0;1.0;277.12;271.41;5.808833;5.8;;100.0;1.0;277.12;271.41;5.808833;5.8;;;;;;;;;;;;;;;;;;;;;;
2;Nordeste;23;CE;Ceará;2310951;Pires Ferreira;103591.093;9767.22;91197.825;8598.7;84230.034;7621.25;17674.878;2794.313;17209.083;43381.611;81059.886;3170.148;Administração, defesa, educação e saúde públicas e seguridade social;Demais serviços;Agricultura, inclusive apoio à agricultura e a pós colheita;6;True;100.0;1.0;345.93;329.95;10.0;10.0;;100.0;1.0;345.93;329.95;10.0;10.0;;99.0;0.989916;355.36;276.51;5.819897;5.8;;99.0;0.989916;355.36;276.51;5.819897;5.8;;100.0;1.0;390.76;362.02;9.213;9.2;;100.0;1.0;390.76;362.02;9.213;9.2;;;;;;;;;;;;;;;;;;;;;;
2;Nordeste;23;CE;Ceará;2311009;Poranga;138932.695;11515.35;128390.129;10641.54;109401.553;8852.69;10438.774;3789.978;32583.049;57397.042;104208.844;5192.709;Administração, defesa, educação e saúde públicas e seguridade social;Demais serviços;Comércio e reparação de veículos automotores e motocicletas;8;True;99.3;0.99301;247.66;223.97;6.76257;6.7;;99.1;0.99062;236.08;217.02;6.415214;6.4;;97.0;0.969989;269.84;270.92;4.53509;4.4;;97.0;0.969989;269.84;270.92;4.53509;4.4;;95.5;0.951579;263.45;265.16;5.476833;5.2;;94.8;0.945916;259.93;263.62;5.3925;5.1;;;;;;;;;91.1;0.913077;244.7;256.93;5.027167;4.6;;97.4;0.978777;202.89;197.09;5.419454;5.3;
2;Nordeste;23;CE;Ceará;2311108;Porteiras;232418.15;13631.56;207091.311;12146.12;186375.042;12491.62;50606.861;8197.688;44200.049;74878.813;177883.41;8491.632;Administração, defesa, educação e saúde públicas e seguridade social;Demais serviços;Agricultura, inclusive apoio à agricultura e a pós colheita;6;True;99.8;0.997577;232.25;219.51;6.387396;6.4;;99.8;0.997577;232.25;219.51;6.387396;6.4;;90.0;0.899847;270.19;260.27;4.380575;3.9;;90.0;0.899847;270.19;260.27;4.380575;3.9;;100.0;1.0;257.69;254.76;5.2075;5.2;;100.0;1.0;257.69;254.76;5.2075;5.2;;;;;;;;;;;;;;;;;;;;;;
2;Nordeste;23;CE;Ceará;2311207;Potengi;120981.423;13696.53;115651.102;13093.07;110569.972;9903.27;20472.12;4818.772;31212.226;49672.44;106175.557;4394.414;Administração, defesa, educação e saúde públicas e seguridade social;Demais serviços;Agricultura, inclusive apoio à agricultura e a pós colheita;6;True;97.0;0.971239;212.58;197.95;5.620014;5.5;;97.0;0.971239;212.58;197.95;5.620014;5.5;;92.4;0.923872;270.36;272.39;4.5644;4.2;;92.4;0.923872;270.36;272.39;4.5644;4.2;;91.3;0.9099;230.74;240.37;4.5185;4.1;;91.3;0.9099;230.74;240.37;4.5185;4.1;;;;;;;;;;;;;;;;;;;;;;
2;Nordeste;23;CE;Ceará;2311231;Potiretama;104345.252;17466.56;92923.527;15554.66;96815.605;14998.54;29675.868;4354.702;21161.196;37897.407;93089.173;3726.432;Administração, defesa, educação e saúde públicas e seguridade social;Demais serviços;Pecuária, inclusive apoio à pecuária;6;True;100.0;1.0;239.9;220.51;6.55157;6.6;;100.0;1.0;239.9;220.51;6.55157;6.6;;96.7;0.964696;284.2;281.45;4.894411;4.7;;96.7;0.964696;284.2;281.45;4.894411;4.7;;100.0;1.0;271.57;267.95;5.658667;5.7;;100.0;1.0;271.57;267.95;5.658667;5.7;;;;;;;;;;;;;;;;;;;;;;
2;Nordeste;23;CE;Ceará;2311264;Quiterianópolis;249898.465;12363.25;211390.927;10458.17;184720.064;8694.35;27759.778;5410.525;51976.44;89825.661;174972.404;9747.66;Administração, defesa, educação e saúde públicas e seguridade social;Demais serviços;Pecuária, inclusive apoio à pecuária;6;True;100.0;1.0;229.87;225.28;6.446885;6.4;;100.0;1.0;229.87;225.28;6.446885;6.4;;95.6;0.959183;264.43;267.98;4.415095;4.2;;95.6;0.959183;264.43;267.98;4.415095;4.2;;100.0;1.0;264.36;270.87;5.587167;5.6;;100.0;1.0;264.36;270.87;5.587167;5.6;;;;;;;;;;;;;;;;;;;;;;
2;Nordeste;23;CE;Ceará;2311306;Quixadá;1424438.375;16923.75;1283066.102;15244.65;1109868.568;12484.6;104793.832;66048.103;489828.08;361527.924;1022197.939;87670.629;Administração, defesa, educação e saúde públicas e seguridade social;Demais serviços;Comércio e reparação de veículos automotores e motocicletas;6;True;100.0;0.999599;221.3;208.41;5.976608;6.0;;100.0;0.999599;221.3;208.41;5.976608;6.0;;97.0;0.989299;258.11;255.05;4.132768;4.1;;98.9;0.989299;258.11;255.05;4.132768;4.1;;100.0;0.9995;238.32;246.96;4.754667;4.8;;100.0;0.9995;238.32;246.96;4.754667;4.8;;;;;;;;;;;;;;;;;;;;;;
2;Nordeste;23;CE;Ceará;2311355;Quixelô;241296.593;15166.35;214522.434;13483.5;198819.976;12336.81;67570.623;4256.422;45198.691;72388.794;189414.53;9405.446;Administração, defesa, educação e saúde públicas e seguridade social;Pecuária, inclusive apoio à pecuária;Demais serviços;6;True;99.8;0.997591;217.06;199.24;5.728965;5.7;;99.8;0.997591;217.06;199.24;5.728965;5.7;;95.5;0.956281;273.78;273.9;4.635038;4.4;;95.5;0.956281;273.78;273.9;4.635038;4.4;;99.5;0.994238;279.46;278.75;5.970167;5.9;;99.5;0.994238;279.46;278.75;5.970167;5.9;;;;;;;;;;;;;;;;;;;;;;
2;Nordeste;23;CE;Ceará;2311405;Quixeramobim;1928559.402;23468.36;1725839.515;21015.56;1402460.802;17008.8;149435.505;290142.454;520662.373;320101.494;1280341.826;122118.976;Demais serviços;Administração, defesa, educação e saúde públicas e seguridade social;Indústrias de transformação;6;True;100.0;1.0;239.1;230.51;6.718121;6.7;;100.0;1.0;239.1;230.51;6.718121;6.7;;98.5;0.985943;267.59;268.8;4.471753;4.4;;98.5;0.985943;267.59;268.8;4.471753;4.4;;100.0;1.0;264.13;266.13;5.504333;5.5;;100.0;1.0;264.13;266.13;5.504333;5.5;;;;;;;;;;;;;;;;;;;;;;
2;Nordeste;23;CE;Ceará;2311504;Quixeré;805777.821;38601.98;682149.845;32679.4;637015.418;28397.62;108209.779;235182.314;133179.572;105545.188;582116.853;54898.565;Indústrias de transformação;Demais serviços;Administração, defesa, educação e saúde públicas e seguridade social;6;True;99.7;0.997185;244.54;225.68;6.734119;6.7;;99.7;0.997185;244.54;225.68;6.734119;6.7;;97.6;0.975234;274.66;278.26;4.712667;4.6;;97.6;0.975234;274.66;278.26;4.712667;4.6;;97.4;0.974236;266.72;269.98;5.611667;5.5;;97.4;0.974236;266.72;269.98;5.611667;5.5;;;;;;;;;;;;;;;;;;;;;;
2;Nordeste;23;CE;Ceará;2311603;Redenção;520806.417;19137.44;450867.27;16567.48;409866.661;14018.29;95814.565;30414.415;127843.345;131891.39;385963.716;23902.945;Administração, defesa, educação e saúde públicas e seguridade social;Demais serviços;Agricultura, inclusive apoio à agricultura e a pós colheita;6;True;100.0;1.0;223.75;219.78;6.230091;6.2;;100.0;1.0;223.75;219.78;6.230091;6.2;;98.4;0.983641;281.89;285.56;4.923494;4.8;;98.4;0.983641;281.89;285.56;4.923494;4.8;;99.8;0.997747;254.34;258.16;5.208333;5.2;;99.8;0.997747;254.34;258.16;5.208333;5.2;;;;;;;;;;;;;;;;;;;;;;
2;Nordeste;23;CE;Ceará;2311702;Reriutaba;238537.887;12820.48;213295.065;11463.78;190709.672;10433.27;22122.4;14054.179;62339.639;80538.856;179055.074;11654.598;Administração, defesa, educação e saúde públicas e seguridade social;Demais serviços;Comércio e reparação de veículos automotores e motocicletas;6;True;100.0;1.0;253.67;240.17;7.171811;7.2;;100.0;1.0;253.67;240.17;7.171811;7.2;;99.8;0.997656;287.29;283.61;4.970145;5.0;;99.8;0.997656;287.29;283.61;4.970145;5.0;;98.3;0.983405;279.04;278.44;5.958;5.9;;98.3;0.983405;279.04;278.44;5.958;5.9;;;;;;;;;;;;;;;;;;;;;;
2;Nordeste;23;CE;Ceará;2311801;Russas;1517579.539;20809.29;1332637.817;18273.34;1158523.296;14563.46;120601.088;152376.551;432062.518;332272.084;1037312.241;121211.055;Administração, defesa, educação e saúde públicas e seguridade social;Demais serviços;Comércio e reparação de veículos automotores e motocicletas;6;True;99.8;0.997591;249.63;235.72;7.013802;7.0;;99.8;0.997591;249.63;235.72;7.013802;7.0;;98.9;0.988664;294.32;286.87;5.117683;5.1;;98.9;0.988664;294.32;286.87;5.117683;5.1;;98.4;0.983981;279.21;277.73;5.949;5.9;;98.4;0.983981;279.21;277.73;5.949;5.9;;;;;;;;;;;;;;;;;;;;;;
2;Nordeste;23;CE;Ceará;2311900;Saboeiro;190821.87;13773.77;164969.817;11907.74;169856.393;10779.74;53256.171;4013.629;34206.805;72950.847;164427.452;5428.94;Administração, defesa, educação e saúde públicas e seguridade social;Demais serviços;Pecuária, inclusive apoio à pecuária;6;True;100.0;1.0;218.4;204.04;5.84181;5.8;;100.0;1.0;218.4;204.04;5.84181;5.8;;95.9;0.96319;257.49;255.73;4.13424;4.0;;95.9;0.96319;257.49;255.73;4.13424;4.0;;99.8;0.997988;256.64;253.36;5.166667;5.2;;99.8;0.997988;256.64;253.36;5.166667;5.2;;;;;;;;;;;;;;;;;;;;;;
2;Nordeste;23;CE;Ceará;2311959;Salitre;222379.429;13369.77;187866.778;11294.82;159283.931;9529.97;25194.42;3856.061;37686.271;87085.731;153822.484;5461.447;Administração, defesa, educação e saúde públicas e seguridade social;Demais serviços;Agricultura, inclusive apoio à agricultura e a pós colheita;6;True;99.7;0.996964;229.97;211.36;6.195702;6.2;;99.7;0.996964;229.97;211.36;6.195702;6.2;;93.9;0.938692;259.29;255.08;4.149791;3.9;;93.9;0.938692;259.29;255.08;4.149791;3.9;;94.2;0.940505;263.57;266.08;5.494167;5.2;;94.2;0.940505;263.57;266.08;5.494167;5.2;;;;;;;;;;;;;;;;;;;;;;
2;Nordeste;23;CE;Ceará;2312007;Santana do Acaraú;352192.189;11499.03;313119.938;10223.32;280072.452;8525.54;49538.22;10896.945;72122.625;135881.562;268439.352;11633.1;Administração, defesa, educação e saúde públicas e seguridade social;Demais serviços;Pecuária, inclusive apoio à pecuária;6;True;99.7;0.996793;225.62;221.97;6.305596;6.3;;99.7;0.996793;225.62;221.97;6.305596;6.3;;97.8;0.979115;268.08;271.27;4.515611;4.4;;97.8;0.979115;268.08;271.27;4.515611;4.4;;98.7;0.988159;280.4;279.33;5.9955;5.9;;98.7;0.988159;280.4;279.33;5.9955;5.9;;;;;;;;;;;;;;;;;;;;;;
2;Nordeste;23;CE;Ceará;2312106;Santana do Cariri;191197.485;11277.43;164590.849;9708.08;159277.378;8985.52;28382.623;5156.59;36529.103;83709.557;153777.873;5499.504;Administração, defesa, educação e saúde públicas e seguridade social;Demais serviços;Agricultura, inclusive apoio à agricultura e a pós colheita;6;True;99.9;0.999197;213.72;202.02;5.71577;5.7;;99.9;0.999197;213.72;202.02;5.71577;5.7;;93.0;0.92913;249.68;244.33;3.853891;3.6;;93.0;0.92913;249.68;244.33;3.853891;3.6;;98.8;0.987323;247.87;248.41;4.938;4.9;;98.8;0.987323;247.87;248.41;4.938;4.9;;;;;;;;;;;;;;;;;;;;;;
2;Nordeste;23;CE;Ceará;2312205;Santa Quitéria;859224.903;21382.8;715964.541;17817.6;633709.937;14495.07;97193.257;108317.244;188009.299;197237.16;590756.96;42952.976;Administração, defesa, educação e saúde públicas e seguridade social;Demais serviços;Indústrias de transformação;6;True;100.0;1.0;225.09;215.39;6.175845;6.2;;100.0;1.0;225.09;215.39;6.175845;6.2;;99.2;0.991965;272.06;278.22;4.675552;4.6;;99.2;0.991965;272.06;278.22;4.675552;4.6;;99.8;0.997747;275.48;270.16;5.760667;5.7;;99.8;0.997747;275.48;270.16;5.760667;5.7;;;;;;;;;;;;;;;;;;;;;;
2;Nordeste;23;CE;Ceará;2312304;São Benedito;883024.208;18535.35;709999.963;14903.44;627180.022;12970.59;154034.702;31073.633;206783.885;195862.248;587754.468;39425.554;Administração, defesa, educação e saúde públicas e seguridade social;Agricultura, inclusive apoio à agricultura e a pós colheita;Demais serviços;6;True;99.9;0.999199;271.75;253.08;7.751576;7.7;;99.9;0.999199;271.75;253.08;7.751576;7.7;;99.4;0.994325;277.25;280.77;4.786619;4.8;;99.4;0.994325;277.25;280.77;4.786619;4.8;;99.5;0.995242;285.52;278.27;6.063167;6.0;;99.1;0.991212;285.52;278.27;6.063167;6.0;;;;;;;;;;;;;;;;;;;;;;
2;Nordeste;23;CE;Ceará;2312403;São Gonçalo do Amarante;6908372.654;127594.94;6894155.463;127619.92;8624986.628;174927.73;47518.086;5238849.794;1454218.385;312347.748;7052934.012;1572052.616;Indústrias de transformação;Eletricidade e gás, água, esgoto, atividades de gestão de resíduos e descontaminação;Demais serviços;6;True;100.0;1.0;230.39;221.09;6.380627;6.4;;100.0;1.0;230.39;221.09;6.380627;6.4;;99.7;0.996994;272.24;272.42;4.591253;4.6;;99.7;0.996994;272.24;272.42;4.591253;4.6;;99.5;0.995237;265.0;269.28;5.571333;5.5;;99.5;0.995237;265.0;269.28;5.571333;5.5;;;;;;;;;;;;;;;;;;;;;;
2;Nordeste;23;CE;Ceará;2312502;São João do Jaguaribe;137067.978;23410.41;114371.151;19533.93;107898.08;14277.9;46655.382;2531.381;19676.272;35208.015;104071.05;3827.03;Administração, defesa, educação e saúde públicas e seguridade social;Agricultura, inclusive apoio à agricultura e a pós colheita;Demais serviços;6;True;100.0;1.0;231.68;219.0;6.367245;6.4;;100.0;1.0;231.68;219.0;6.367245;6.4;;100.0;1.0;277.36;284.36;4.841906;4.8;;100.0;1.0;277.36;284.36;4.841906;4.8;;99.6;0.995951;276.56;277.23;5.8965;5.9;;99.6;0.995951;276.56;277.23;5.8965;5.9;;;;;;;;;;;;;;;;;;;;;;
2;Nordeste;23;CE;Ceará;2312601;São Luís do Curu;160996.694;14876.8;147888.404;13665.53;133109.237;10171.88;15048.04;14152.57;36820.487;57522.603;123543.7;9565.537;Administração, defesa, educação e saúde públicas e seguridade social;Demais serviços;Agricultura, inclusive apoio à agricultura e a pós colheita;6;True;99.0;0.990725;204.37;203.07;5.556425;5.5;;99.0;0.990725;204.37;203.07;5.556425;5.5;;100.0;1.0;260.2;270.57;4.394458;4.4;;100.0;1.0;260.2;270.57;4.394458;4.4;;97.8;0.977499;247.56;251.52;4.984667;4.9;;97.8;0.977499;247.56;251.52;4.984667;4.9;;;;;;;;;;;;;;;;;;;;;;
2;Nordeste;23;CE;Ceará;2312700;Senador Pompeu;473899.961;19529.38;432507.646;17823.61;352271.547;13859.14;45085.829;54320.167;119902.87;106016.805;325325.671;26945.876;Administração, defesa, educação e saúde públicas e seguridade social;Demais serviços;Indústrias de transformação;6;True;100.0;1.0;300.77;272.08;8.650847;8.7;;100.0;1.0;300.77;272.08;8.650847;8.7;;99.1;0.991924;292.08;287.0;5.088169;5.0;;99.1;0.991924;292.08;287.0;5.088169;5.0;;99.6;0.995979;253.03;257.93;5.182667;5.2;;99.6;0.995979;253.03;257.93;5.182667;5.2;;;;;;;;;;;;;;;;;;;;;;
2;Nordeste;23;CE;Ceará;2312809;Senador Sá;82269.622;11328.78;71512.363;9847.47;62765.572;8090.43;7650.82;1876.49;16709.234;34287.012;60523.556;2242.016;Administração, defesa, educação e saúde públicas e seguridade social;Demais serviços;Comércio e reparação de veículos automotores e motocicletas;6;True;100.0;1.0;264.37;236.59;7.310918;7.3;;100.0;1.0;264.37;236.59;7.310918;7.3;;99.4;0.993982;265.68;268.76;4.444328;4.4;;99.4;0.993982;265.68;268.76;4.444328;4.4;;100.0;1.0;288.75;282.1;6.180833;6.2;;100.0;1.0;288.75;282.1;6.180833;6.2;;;;;;;;;;;;;;;;;;;;;;
2;Nordeste;23;CE;Ceará;2312908;Sobral;6588929.369;32454.1;6016969.546;29636.89;5395130.171;25396.38;51617.133;1228331.368;2596110.971;965636.787;4841696.26;553433.911;Demais serviços;Indústrias de transformação;Administração, defesa, educação e saúde públicas e seguridade social;7;True;100.0;1.0;333.41;302.67;9.612182;9.6;;100.0;1.0;333.41;302.67;9.612182;9.6;;97.8;0.978273;291.04;292.88;5.161586;5.0;;97.8;0.978273;291.04;292.88;5.161586;5.0;;100.0;1.0;354.23;318.34;7.876167;7.9;;100.0;0.9995;353.08;318.28;7.856;7.9;;;;;;;;;98.5;0.985;323.35;316.64;7.333167;7.2;;;;;;;;
2;Nordeste;23;CE;Ceará;2313005;Solonópole;370692.762;20391.26;318203.016;17503.88;303283.676;16492.67;63627.156;57520.611;77541.087;86355.849;285044.703;18238.973;Administração, defesa, educação e saúde públicas e seguridade social;Demais serviços;Indústrias de transformação;6;True;100.0;1.0;258.54;252.73;7.493113;7.5;;100.0;1.0;258.54;252.73;7.493113;7.5;;97.8;0.976958;265.48;259.99;4.310232;4.2;;97.8;0.976958;265.48;259.99;4.310232;4.2;;100.0;1.0;260.91;265.77;5.444667;5.4;;100.0;1.0;260.91;265.77;5.444667;5.4;;;;;;;;;;;;;;;;;;;;;;
2;Nordeste;23;CE;Ceará;2313104;Tabuleiro do Norte;584614.136;19072.63;563949.824;18398.47;450593.418;14046.37;54071.601;54132.918;176994.582;126962.845;412161.946;38431.472;Administração, defesa, educação e saúde públicas e seguridade social;Demais serviços;Comércio e reparação de veículos automotores e motocicletas;7;True;100.0;1.0;236.91;233.02;6.721963;6.7;;100.0;1.0;236.91;233.02;6.721963;6.7;;96.4;0.964911;287.14;286.17;5.006361;4.8;;98.7;0.986971;287.49;286.5;5.016217;5.0;;99.5;0.994461;274.04;268.2;5.704;5.7;;99.5;0.994461;274.04;268.2;5.704;5.7;;84.2;0.869161;282.64;281.97;4.880285;4.2;;;;;;;;;;;;;;;
2;Nordeste;23;CE;Ceará;2313203;Tamboril;319201.566;12863.25;316962.482;12773.02;282246.661;10773.18;70096.834;8717.924;75382.003;117292.295;271489.055;10757.606;Administração, defesa, educação e saúde públicas e seguridade social;Demais serviços;Agricultura, inclusive apoio à agricultura e a pós colheita;6;True;100.0;1.0;316.23;283.49;9.15334;9.2;;100.0;1.0;316.23;283.49;9.15334;9.2;;92.1;0.921754;264.82;269.21;4.438986;4.1;;92.1;0.921754;264.82;269.21;4.438986;4.1;;98.6;0.98568;343.88;303.18;7.451;7.3;;98.6;0.98568;343.88;303.18;7.451;7.3;;;;;;;;;;;;;;;;;;;;;;
2;Nordeste;23;CE;Ceará;2313252;Tarrafas;116827.327;15516.98;88539.026;11759.73;85682.029;10015.43;19124.202;3296.008;18272.438;42203.033;82895.68;2786.349;Administração, defesa, educação e saúde públicas e seguridade social;Demais serviços;Agricultura, inclusive apoio à agricultura e a pós colheita;6;True;100.0;1.0;231.35;210.57;6.207675;6.2;;100.0;1.0;231.35;210.57;6.207675;6.2;;95.7;0.958354;281.99;269.98;4.691665;4.5;;95.7;0.958354;281.99;269.98;4.691665;4.5;;98.6;0.986398;255.97;251.61;5.126333;5.1;;98.6;0.986398;255.97;251.61;5.126333;5.1;;;;;;;;;;;;;;;;;;;;;;
2;Nordeste;23;CE;Ceará;2313302;Tauá;934349.184;15260.41;802394.877;13106.1;711835.952;12012.28;99458.974;39185.046;294449.088;224020.51;657113.618;54722.334;Administração, defesa, educação e saúde públicas e seguridade social;Demais serviços;Comércio e reparação de veículos automotores e motocicletas;6;True;100.0;1.0;224.16;219.26;6.228461;6.2;;100.0;1.0;224.16;219.26;6.228461;6.2;;98.5;0.985652;274.36;273.83;4.642137;4.6;;99.3;0.992992;271.25;270.97;4.555642;4.5;;99.6;0.995746;260.92;264.64;5.426;5.4;;99.6;0.995746;260.92;264.64;5.426;5.4;;;;;;;;;;;;;;;;;;;;;;
2;Nordeste;23;CE;Ceará;2313351;Tejuçuoca;174349.007;10163.75;153336.616;8938.83;136987.601;7006.68;12025.972;4303.862;32854.125;82177.507;131361.466;5626.136;Administração, defesa, educação e saúde públicas e seguridade social;Demais serviços;Pecuária, inclusive apoio à pecuária;6;True;100.0;1.0;225.93;232.35;6.500239;6.5;;100.0;1.0;225.93;232.35;6.500239;6.5;;98.0;0.981096;273.76;276.03;4.666644;4.6;;98.0;0.981096;273.76;276.03;4.666644;4.6;;99.3;0.989652;260.84;266.36;5.453333;5.4;;99.3;0.989652;260.84;266.36;5.453333;5.4;;;;;;;;;;;;;;;;;;;;;;
2;Nordeste;23;CE;Ceará;2313401;Tianguá;2265253.166;27792.47;1913963.727;23482.49;1732690.1;22470.08;344455.216;177027.483;678007.732;326956.029;1526446.461;206243.64;Demais serviços;Administração, defesa, educação e saúde públicas e seguridade social;Agricultura, inclusive apoio à agricultura e a pós colheita;6;True;100.0;0.9998;220.81;214.92;6.08562;6.1;;100.0;0.9998;220.81;214.92;6.08562;6.1;;98.1;0.981273;273.33;277.34;4.680215;4.6;;98.1;0.981273;273.33;277.34;4.680215;4.6;;99.0;0.990227;272.54;272.58;5.752;5.7;;99.0;0.990227;272.54;272.58;5.752;5.7;;;;;;;;;;;;;;;;;;;;;;
2;Nordeste;23;CE;Ceará;2313500;Trairi;1039083.163;17787.95;947832.554;16225.84;1115143.708;19683.75;72026.841;491503.045;224614.817;250906.872;1039051.576;76092.132;Eletricidade e gás, água, esgoto, atividades de gestão de resíduos e descontaminação;Administração, defesa, educação e saúde públicas e seguridade social;Demais serviços;6;True;99.8;0.998596;227.81;222.12;6.350117;6.3;;99.8;0.998596;227.81;222.12;6.350117;6.3;;98.9;0.989958;272.66;270.64;4.570506;4.5;;98.9;0.989958;272.66;270.64;4.570506;4.5;;99.1;0.991486;258.12;264.45;5.376167;5.3;;99.1;0.991486;258.12;264.45;5.376167;5.3;;;;;;;;;;;;;;;;;;;;;;
2;Nordeste;23;CE;Ceará;2313559;Tururu;164401.393;10667.1;154601.535;10031.24;138078.604;8324.01;17267.625;5183.926;33971.017;76713.77;133136.339;4942.266;Administração, defesa, educação e saúde públicas e seguridade social;Demais serviços;Agricultura, inclusive apoio à agricultura e a pós colheita;6;True;100.0;1.0;208.65;209.92;5.76265;5.8;;100.0;1.0;208.65;209.92;5.76265;5.8;;99.2;0.991982;259.96;267.87;4.350668;4.3;;99.2;0.991982;259.96;267.87;4.350668;4.3;;99.3;0.992732;246.44;254.48;5.015333;5.0;;99.3;0.992732;246.44;254.48;5.015333;5.0;;;;;;;;;;;;;;;;;;;;;;
2;Nordeste;23;CE;Ceará;2313609;Ubajara;839887.408;25632.11;714256.125;21798.03;642046.082;18190.85;169107.094;116157.788;162614.806;151548.618;599428.306;42617.776;Agricultura, inclusive apoio à agricultura e a pós colheita;Administração, defesa, educação e saúde públicas e seguridade social;Demais serviços;6;True;100.0;1.0;258.29;245.36;7.354342;7.4;;100.0;1.0;258.29;245.36;7.354342;7.4;;97.0;0.971313;285.0;280.42;4.890227;4.7;;97.0;0.971313;285.0;280.42;4.890227;4.7;;99.7;0.996995;286.66;279.38;6.100667;6.1;;99.7;0.996995;286.66;279.38;6.100667;6.1;;;;;;;;;;;;;;;;;;;;;;
2;Nordeste;23;CE;Ceará;2313708;Umari;85632.532;12462.89;75947.819;11053.39;69440.65;8971.66;15164.44;2032.138;14875.427;35203.683;67275.688;2164.961;Administração, defesa, educação e saúde públicas e seguridade social;Demais serviços;Pecuária, inclusive apoio à pecuária;6;True;100.0;1.0;216.44;223.34;6.155314;6.2;;100.0;1.0;216.44;223.34;6.155314;6.2;;100.0;1.0;261.73;266.11;4.34918;4.3;;100.0;1.0;261.73;266.11;4.34918;4.3;;100.0;1.0;266.68;276.95;5.727167;5.7;;100.0;1.0;266.68;276.95;5.727167;5.7;;;;;;;;;;;;;;;;;;;;;;
2;Nordeste;23;CE;Ceará;2313757;Umirim;210671.724;12059.06;194960.739;11159.74;172797.323;8650.25;33359.929;7326.845;38465.65;81745.455;160897.878;11899.445;Administração, defesa, educação e saúde públicas e seguridade social;Demais serviços;Pecuária, inclusive apoio à pecuária;6;True;99.9;0.999197;203.6;198.35;5.455913;5.5;;99.9;0.999197;203.6;198.35;5.455913;5.5;;94.5;0.947675;262.9;259.4;4.265163;4.0;;99.4;0.994609;261.4;254.26;4.16715;4.1;;99.7;0.997241;227.81;241.06;4.481167;4.5;;99.7;0.997241;227.81;241.06;4.481167;4.5;;;;;;;;;;;;;;;;;;;;;;
2;Nordeste;23;CE;Ceará;2313807;Uruburetama;445293.758;22056.26;460849.822;22826.78;299474.294;13475.87;56494.07;55521.701;71909.495;100172.85;284098.116;15376.178;Administração, defesa, educação e saúde públicas e seguridade social;Demais serviços;Agricultura, inclusive apoio à agricultura e a pós colheita;6;True;100.0;1.0;224.45;224.56;6.330359;6.3;;100.0;1.0;224.45;224.56;6.330359;6.3;;99.2;0.992289;285.26;284.9;4.960945;4.9;;99.2;0.992289;285.26;284.9;4.960945;4.9;;99.6;0.996239;264.34;271.46;5.596667;5.6;;99.6;0.996239;264.34;271.46;5.596667;5.6;;;;;;;;;;;;;;;;;;;;;;
2;Nordeste;23;CE;Ceará;2313906;Uruoca;254534.325;18516.97;238457.395;17347.4;298207.058;21318.78;25219.183;124894.445;69188.348;65409.326;284711.302;13495.756;Indústrias extrativas;Administração, defesa, educação e saúde públicas e seguridade social;Demais serviços;6;True;100.0;1.0;272.61;248.46;7.683988;7.7;;100.0;1.0;272.61;248.46;7.683988;7.7;;96.7;0.967511;264.77;265.0;4.37526;4.2;;96.7;0.967511;264.77;265.0;4.37526;4.2;;100.0;1.0;307.7;270.82;6.308667;6.3;;100.0;1.0;307.7;270.82;6.308667;6.3;;;;;;;;;;;;;;;;;;;;;;
2;Nordeste;23;CE;Ceará;2313955;Varjota;488083.917;26958.52;404964.336;22367.54;375819.126;20292.61;153292.0;18081.493;97379.731;89136.789;357890.013;17929.113;Agricultura, inclusive apoio à agricultura e a pós colheita;Administração, defesa, educação e saúde públicas e seguridade social;Demais serviços;6;True;100.0;1.0;250.84;229.98;6.93253;6.9;;100.0;1.0;250.84;229.98;6.93253;6.9;;98.9;0.988404;280.25;283.94;4.876209;4.8;;98.9;0.988404;280.25;283.94;4.876209;4.8;;100.0;1.0;268.78;264.84;5.560333;5.6;;100.0;1.0;268.78;264.84;5.560333;5.6;;;;;;;;;;;;;;;;;;;;;;
2;Nordeste;23;CE;Ceará;2314003;Várzea Alegre;575214.115;14755.13;502913.913;12900.52;468100.919;11395.42;64326.829;31745.145;168248.524;169262.087;433582.586;34518.334;Administração, defesa, educação e saúde públicas e seguridade social;Demais serviços;Comércio e reparação de veículos automotores e motocicletas;6;True;100.0;1.0;236.58;229.58;6.65312;6.7;;100.0;1.0;236.58;229.58;6.65312;6.7;;99.5;0.994987;269.27;270.57;4.521845;4.5;;99.5;0.994987;269.27;270.57;4.521845;4.5;;99.8;0.997742;260.26;262.56;5.380333;5.4;;99.8;0.997742;260.26;262.56;5.380333;5.4;;;;;;;;;;;;;;;;;;;;;;
2;Nordeste;23;CE;Ceará;2314102;Viçosa do Ceará;723250.39;12112.31;642464.794;10759.39;603320.912;9744.18;127797.738;34449.261;145586.891;245596.198;553430.087;49890.825;Administração, defesa, educação e saúde públicas e seguridade social;Agricultura, inclusive apoio à agricultura e a pós colheita;Demais serviços;6;True;99.8;0.997595;223.87;218.56;6.210199;6.2;;99.8;0.997595;223.87;218.56;6.210199;6.2;;99.8;0.997999;271.33;270.67;4.552275;4.5;;99.8;0.997999;271.33;270.67;4.552275;4.5;;99.3;0.992981;261.86;264.83;5.444833;5.4;;99.3;0.992981;261.86;264.83;5.444833;5.4;;;;;;;;;;;;;;;;;;;;;;
