region_code;region_name;state_code;state_abbr;state_name;city_code;city_name;gdp_2023_current_prices_thousand_reais;gdp_per_capita_2023_current_reais;gdp_2022_current_prices_thousand_reais;gdp_per_capita_2022_current_reais;gdp_2021_current_prices_thousand_reais;gdp_per_capita_2021_current_reais;gross_value_added_agriculture_2021_current_prices_thousand_reais;gross_value_added_industry_2021_current_prices_thousand_reais;gross_value_added_services_2021_current_prices_thousand_reais;gross_value_added_public_administration_2021_current_prices_thousand_reais;gross_value_added_total_2021_current_prices_thousand_reais;taxes_less_subsidies_2021_current_prices_thousand_reais;main_economic_activity_2021;second_main_economic_activity_2021;third_main_economic_activity_2021;total_school_records;has_any_school_record;approval_rate_estadual_medio_todos_1_4;performance_indicator_estadual_medio_todos_1_4;saeb_math_score_estadual_medio_todos_1_4;saeb_portuguese_score_estadual_medio_todos_1_4;saeb_standardized_average_score_estadual_medio_todos_1_4;ideb_estadual_medio_todos_1_4;ideb_projection_estadual_medio_todos_1_4;approval_rate_publica_medio_todos_1_4;performance_indicator_publica_medio_todos_1_4;saeb_math_score_publica_medio_todos_1_4;saeb_portuguese_score_publica_medio_todos_1_4;saeb_standardized_average_score_publica_medio_todos_1_4;ideb_publica_medio_todos_1_4;ideb_projection_publica_medio_todos_1_4;approval_rate_publica_fundamental_finais_6_9;performance_indicator_publica_fundamental_finais_6_9;saeb_math_score_publica_fundamental_finais_6_9;saeb_portuguese_score_publica_fundamental_finais_6_9;saeb_standardized_average_score_publica_fundamental_finais_6_9;ideb_publica_fundamental_finais_6_9;ideb_projection_publica_fundamental_finais_6_9;approval_rate_municipal_fundamental_finais_6_9;performance_indicator_municipal_fundamental_finais_6_9;saeb_math_score_municipal_fundamental_finais_6_9;saeb_portuguese_score_municipal_fundamental_finais_6_9;saeb_standardized_average_score_municipal_fundamental_finais_6_9;ideb_municipal_fundamental_finais_6_9;ideb_projection_municipal_fundamental_finais_6_9;approval_rate_publica_fundamental_iniciais_1_5;performance_indicator_publica_fundamental_iniciais_1_5;saeb_math_score_publica_fundamental_iniciais_1_5;saeb_portuguese_score_publica_fundamental_iniciais_1_5;saeb_standardized_average_score_publica_fundamental_iniciais_1_5;ideb_publica_fundamental_iniciais_1_5;ideb_projection_publica_fundamental_iniciais_1_5;approval_rate_municipal_fundamental_iniciais_1_5;performance_indicator_municipal_fundamental_iniciais_1_5;saeb_math_score_municipal_fundamental_iniciais_1_5;saeb_portuguese_score_municipal_fundamental_iniciais_1_5;saeb_standardized_average_score_municipal_fundamental_iniciais_1_5;ideb_municipal_fundamental_iniciais_1_5;ideb_projection_municipal_fundamental_iniciais_1_5;approval_rate_estadual_fundamental_finais_6_9;performance_indicator_estadual_fundamental_finais_6_9;saeb_math_score_estadual_fundamental_finais_6_9;saeb_portuguese_score_estadual_fundamental_finais_6_9;saeb_standardized_average_score_estadual_fundamental_finais_6_9;ideb_estadual_fundamental_finais_6_9;ideb_projection_estadual_fundamental_finais_6_9;approval_rate_estadual_fundamental_iniciais_1_5;performance_indicator_estadual_fundamental_iniciais_1_5;saeb_math_score_estadual_fundamental_iniciais_1_5;saeb_portuguese_score_estadual_fundamental_iniciais_1_5;saeb_standardized_average_score_estadual_fundamental_iniciais_1_5;ideb_estadual_fundamental_iniciais_1_5;ideb_projection_estadual_fundamental_iniciais_1_5;approval_rate_federal_medio_todos_1_4;performance_indicator_federal_medio_todos_1_4;saeb_math_score_federal_medio_todos_1_4;saeb_portuguese_score_federal_medio_todos_1_4;saeb_standardized_average_score_federal_medio_todos_1_4;ideb_federal_medio_todos_1_4;ideb_projection_federal_medio_todos_1_4;approval_rate_federal_fundamental_iniciais_1_5;performance_indicator_federal_fundamental_iniciais_1_5;saeb_math_score_federal_fundamental_iniciais_1_5;saeb_portuguese_score_federal_fundamental_iniciais_1_5;saeb_standardized_average_score_federal_fundamental_iniciais_1_5;ideb_federal_fundamental_iniciais_1_5;ideb_projection_federal_fundamental_iniciais_1_5;approval_rate_federal_fundamental_finais_6_9;performance_indicator_federal_fundamental_finais_6_9;saeb_math_score_federal_fundamental_finais_6_9;saeb_portuguese_score_federal_fundamental_finais_6_9;saeb_standardized_average_score_federal_fundamental_finais_6_9;ideb_federal_fundamental_finais_6_9;ideb_projection_federal_fundamental_finais_6_9;approval_rate_municipal_medio_todos_1_4;performance_indicator_municipal_medio_todos_1_4;saeb_math_score_municipal_medio_todos_1_4;saeb_portuguese_score_municipal_medio_todos_1_4;saeb_standardized_average_score_municipal_medio_todos_1_4;ideb_municipal_medio_todos_1_4;ideb_projection_municipal_medio_todos_1_4
5;Centro-oeste;52;GO;Goiás;5200050;Abadia de Goiás;477983.256;24988.67;405353.071;21191.61;353748.126;38627.22;14324.855;79643.857;155677.648;60678.175;310324.535;43423.592;Demais serviços;Administração, defesa, educação e saúde públicas e seguridade social;Comércio e reparação de veículos automotores e motocicletas;7;True;100.0;1.0;273.32;285.58;4.803428;4.8;;100.0;1.0;273.32;285.58;4.803428;4.8;;98.8;0.987739;256.1;263.01;5.3185;5.3;;98.1;0.980734;259.83;265.63;5.424333;5.3;;99.7;0.996796;223.12;204.41;5.938613;5.9;;99.7;0.996796;223.12;204.41;5.938613;5.9;;100.0;1.0;251.99;260.11;5.201667;5.2;;;;;;;;;;;;;;;;;;;;;;;;;;;;;;;;;;;;
5;Centro-oeste;52;GO;Goiás;5200100;Abadiânia;633024.793;36735.42;544311.583;31594.59;445368.652;21337.07;81207.871;56946.179;168160.678;93489.322;399804.05;45564.602;Demais serviços;Administração, defesa, educação e saúde públicas e seguridade social;Comércio e reparação de veículos automotores e motocicletas;6;True;98.3;0.984504;271.11;276.55;4.637209;4.6;;98.3;0.984504;271.11;276.55;4.637209;4.6;;99.6;0.995979;263.25;255.82;5.317833;5.3;;;;;;;;;97.7;0.974993;217.07;207.85;5.885701;5.7;;97.7;0.974777;217.07;207.85;5.885701;5.7;;99.6;0.995979;263.25;255.82;5.317833;5.3;;;;;;;;;;;;;;;;;;;;;;;;;;;;;;;;;;;;
5;Centro-oeste;52;GO;Goiás;5200134;Acreúna;1188179.252;55089.91;1456802.819;67544.64;1051903.257;46318.95;480043.203;71131.5;310693.241;116135.303;978003.246;73900.01;Agricultura, inclusive apoio à agricultura e a pós colheita;Demais serviços;Administração, defesa, educação e saúde públicas e seguridade social;7;True;100.0;1.0;280.79;279.84;4.822416;4.8;;100.0;1.0;280.79;279.84;4.822416;4.8;;99.7;0.996973;276.75;269.45;5.77;5.8;;98.2;0.985386;269.4;267.39;5.613167;5.5;;99.3;0.98923;240.37;229.96;6.732357;6.7;;99.3;0.98923;240.37;229.96;6.732357;6.7;;99.8;0.997735;277.39;269.63;5.783667;5.8;;;;;;;;;;;;;;;;;;;;;;;;;;;;;;;;;;;;
5;Centro-oeste;52;GO;Goiás;5200159;Adelândia;59485.587;25897.08;53664.318;23362.79;48809.836;19407.49;11914.353;3545.699;12209.371;18976.256;46645.68;2164.156;Administração, defesa, educação e saúde públicas e seguridade social;Demais serviços;Pecuária, inclusive apoio à pecuária;6;True;100.0;1.0;260.0;248.34;4.058864;4.1;;100.0;1.0;260.0;248.34;4.058864;4.1;;100.0;1.0;249.5;246.18;4.928;4.9;;;;;;;;;100.0;1.0;213.01;221.33;6.053311;6.1;;100.0;1.0;213.01;221.33;6.053311;6.1;;100.0;1.0;249.5;246.18;4.928;4.9;;;;;;;;;;;;;;;;;;;;;;;;;;;;;;;;;;;;
5;Centro-oeste;52;GO;Goiás;5200175;Água Fria de Goiás;476287.771;96142.06;616436.524;124432.08;533255.861;91264.05;389836.207;20265.647;70533.278;33486.417;514121.549;19134.312;Agricultura, inclusive apoio à agricultura e a pós colheita;Demais serviços;Administração, defesa, educação e saúde públicas e seguridade social;6;True;100.0;1.0;281.01;270.47;4.685236;4.7;;100.0;1.0;281.01;270.47;4.685236;4.7;;99.7;0.996718;262.22;249.39;5.1935;5.2;;;;;;;;;92.6;0.922393;221.34;208.44;5.977917;5.5;;92.6;0.922393;221.34;208.44;5.977917;5.5;;100.0;1.0;262.22;249.39;5.1935;5.2;;;;;;;;;;;;;;;;;;;;;;;;;;;;;;;;;;;;
5;Centro-oeste;52;GO;Goiás;5200209;Água Limpa;74935.31;40331.17;66332.045;35835.79;63866.678;35304.96;25089.902;2355.097;14060.132;19321.076;60826.206;3040.471;Pecuária, inclusive apoio à pecuária;Administração, defesa, educação e saúde públicas e seguridade social;Demais serviços;6;True;100.0;1.0;276.87;279.25;4.758527;4.8;;100.0;1.0;276.87;279.25;4.758527;4.8;;100.0;1.0;283.57;286.25;6.163667;6.2;;;;;;;;;100.0;1.0;239.19;239.4;6.881475;6.9;;100.0;1.0;239.19;239.4;6.881475;6.9;;100.0;1.0;283.57;286.25;6.163667;6.2;;;;;;;;;;;;;;;;;;;;;;;;;;;;;;;;;;;;
5;Centro-oeste;52;GO;Goiás;5200258;Águas Lindas de Goiás;3062184.834;13567.92;2814336.754;12470.97;2463487.799;11054.47;6071.775;186286.133;1132537.631;901917.413;2226812.951;236674.848;Administração, defesa, educação e saúde públicas e seguridade social;Demais serviços;Comércio e reparação de veículos automotores e motocicletas;6;True;97.5;0.97655;266.84;276.12;4.5708;4.5;;97.4;0.975523;266.84;276.12;4.5708;4.5;;97.1;0.970986;249.44;254.89;5.072167;4.9;;;;;;;;;96.6;0.966586;207.82;203.98;5.638811;5.5;;96.6;0.966586;207.82;203.98;5.638811;5.5;;97.1;0.970986;249.44;254.89;5.072167;4.9;;;;;;;;;;;;;;;;;;;;;;;;;;;;;;;;;;;;
5;Centro-oeste;52;GO;Goiás;5200308;Alexânia;1832280.539;67842.14;1493904.867;55313.42;1128156.013;39779.83;105083.215;251302.051;460093.369;155999.091;972477.726;155678.287;Demais serviços;Indústrias de transformação;Comércio e reparação de veículos automotores e motocicletas;7;True;98.1;0.981872;271.46;276.56;4.642274;4.6;;98.1;0.981872;271.46;276.56;4.642274;4.6;;99.1;0.99097;269.89;268.05;5.632333;5.6;;98.2;0.980429;228.94;209.01;3.965833;3.9;;98.8;0.987877;224.05;213.02;6.112907;6.0;;98.8;0.987877;224.05;213.02;6.112907;6.0;;99.4;0.993989;276.87;278.11;5.916333;5.9;;;;;;;;;;;;;;;;;;;;;;;;;;;;;;;;;;;;
5;Centro-oeste;52;GO;Goiás;5200506;Aloândia;66408.229;33658.5;78700.887;39888.94;63742.508;32258.35;25349.454;2283.621;16604.493;15747.357;59984.926;3757.582;Agricultura, inclusive apoio à agricultura e a pós colheita;Administração, defesa, educação e saúde públicas e seguridade social;Demais serviços;6;True;100.0;1.0;313.06;285.52;5.360676;5.4;;100.0;1.0;313.06;285.52;5.360676;5.4;;100.0;1.0;283.59;278.4;6.033167;6.0;;;;;;;;;100.0;1.0;256.33;253.32;7.461665;7.5;;;;;;;;;100.0;1.0;283.59;278.4;6.033167;6.0;;100.0;1.0;256.33;253.32;7.461665;7.5;;;;;;;;;;;;;;;;;;;;;;;;;;;;;
5;Centro-oeste;52;GO;Goiás;5200555;Alto Horizonte;623005.66;102603.04;737307.708;121427.49;1280308.333;188391.46;22507.356;859699.765;224657.453;79589.071;1186453.646;93854.687;Indústrias extrativas;Demais serviços;Administração, defesa, educação e saúde públicas e seguridade social;6;True;100.0;1.0;264.6;272.33;4.482603;4.5;;98.8;0.988404;264.6;272.33;4.482603;4.4;;99.3;0.992731;259.57;258.49;5.301;5.3;;99.3;0.992731;259.57;258.49;5.301;5.3;;100.0;1.0;236.62;221.57;6.508247;6.5;;100.0;1.0;236.62;221.57;6.508247;6.5;;;;;;;;;;;;;;;;;;;;;;;;;;;;;;;;;;;;;;;;;;;
5;Centro-oeste;52;GO;Goiás;5200605;Alto Paraíso de Goiás;408321.96;39619.83;402805.285;39114.9;297039.16;38322.69;97359.246;16670.955;114355.133;42900.326;271285.66;25753.5;Demais serviços;Agricultura, inclusive apoio à agricultura e a pós colheita;Administração, defesa, educação e saúde públicas e seguridade social;6;True;99.6;0.996982;271.76;297.03;4.952925;4.9;;99.6;0.996982;271.76;297.03;4.952925;4.9;;100.0;1.0;239.97;253.52;4.8915;4.9;;;;;;;;;99.1;0.988654;208.19;205.41;5.671872;5.6;;99.1;0.988654;208.19;205.41;5.671872;5.6;;100.0;1.0;239.97;253.52;4.8915;4.9;;;;;;;;;;;;;;;;;;;;;;;;;;;;;;;;;;;;
5;Centro-oeste;52;GO;Goiás;5200803;Alvorada do Norte;223108.934;26415.93;209335.193;24785.13;173153.313;19791.21;35089.25;13427.756;66610.797;46926.853;162054.656;11098.657;Demais serviços;Administração, defesa, educação e saúde públicas e seguridade social;Pecuária, inclusive apoio à pecuária;7;True;96.9;0.967983;271.32;276.86;4.644799;4.5;;96.9;0.967983;271.32;276.86;4.644799;4.5;;99.8;0.998241;266.48;271.17;5.6275;5.6;;100.0;1.0;260.28;275.57;5.5975;5.6;;100.0;1.0;214.15;201.29;5.710703;5.7;;100.0;1.0;214.15;201.29;5.710703;5.7;;99.7;0.996463;270.61;268.24;5.6475;5.6;;;;;;;;;;;;;;;;;;;;;;;;;;;;;;;;;;;;
5;Centro-oeste;52;GO;Goiás;5200829;Amaralina;124600.604;38127.48;110397.999;33781.52;109092.872;28153.0;68022.213;2297.446;12870.366;22759.511;105949.535;3143.337;Pecuária, inclusive apoio à pecuária;Agricultura, inclusive apoio à agricultura e a pós colheita;Administração, defesa, educação e saúde públicas e seguridade social;6;True;100.0;1.0;277.08;283.03;4.818063;4.8;;100.0;1.0;277.08;283.03;4.818063;4.8;;100.0;1.0;257.96;252.09;5.1675;5.2;;;;;;;;;97.2;0.971273;198.86;185.37;5.129455;5.0;;97.2;0.971273;198.86;185.37;5.129455;5.0;;100.0;1.0;257.96;252.09;5.1675;5.2;;;;;;;;;;;;;;;;;;;;;;;;;;;;;;;;;;;;
5;Centro-oeste;52;GO;Goiás;5200852;Americano do Brasil;106098.53;20174.66;97738.099;18584.92;91419.073;14697.6;19264.83;6683.027;23793.105;32062.327;81803.289;9615.785;Administração, defesa, educação e saúde públicas e seguridade social;Demais serviços;Pecuária, inclusive apoio à pecuária;6;True;100.0;1.0;265.37;270.23;4.46198;4.5;;100.0;1.0;265.37;270.23;4.46198;4.5;;100.0;1.0;261.18;263.48;5.411;5.4;;;;;;;;;100.0;1.0;252.46;229.5;6.954719;7.0;;100.0;1.0;252.46;229.5;6.954719;7.0;;100.0;1.0;261.18;263.48;5.411;5.4;;;;;;;;;;;;;;;;;;;;;;;;;;;;;;;;;;;;
5;Centro-oeste;52;GO;Goiás;5200902;Amorinópolis;130844.617;43513.34;130087.048;43261.41;118919.946;39495.17;69835.257;3713.549;20330.961;20814.016;114693.783;4226.163;Agricultura, inclusive apoio à agricultura e a pós colheita;Pecuária, inclusive apoio à pecuária;Administração, defesa, educação e saúde públicas e seguridade social;4;True;100.0;1.0;262.61;253.33;4.170222;4.2;;100.0;1.0;262.61;253.33;4.170222;4.2;;97.8;0.974868;262.69;260.36;5.384167;5.2;;;;;;;;;;;;;;;;;;;;;;;97.8;0.974868;262.69;260.36;5.384167;5.2;;;;;;;;;;;;;;;;;;;;;;;;;;;;;;;;;;;;
5;Centro-oeste;52;GO;Goiás;5201108;Anápolis;20432108.565;51225.11;19393187.192;48626.78;17789473.967;44863.32;161292.829;4987783.159;7616893.69;2012006.88;14777976.558;3011497.41;Demais serviços;Indústrias de transformação;Comércio e reparação de veículos automotores e motocicletas;8;True;97.8;0.978948;294.27;297.96;5.282999;5.2;;97.5;0.976269;294.07;297.79;5.277645;5.2;;97.9;0.97896;270.28;272.17;5.7075;5.6;;94.9;0.953551;252.3;259.89;5.203167;5.0;;97.2;0.972414;230.4;220.35;6.367363;6.2;;97.2;0.971991;230.47;220.42;6.369972;6.2;;99.0;0.990242;272.8;273.89;5.778167;5.7;;99.1;0.992327;222.2;212.32;6.064874;6.0;;;;;;;;;;;;;;;;;;;;;;;;;;;;;
5;Centro-oeste;52;GO;Goiás;5201207;Anhanguera;26737.509;28936.7;23036.841;24931.65;21701.672;18532.6;2270.725;965.57;6629.631;10636.623;20502.549;1199.123;Administração, defesa, educação e saúde públicas e seguridade social;Demais serviços;Pecuária, inclusive apoio à pecuária;4;True;;;;;;;;;;;;;;;100.0;1.0;259.29;261.57;5.347667;5.3;;;;;;;;;98.1;0.987615;223.47;210.1;6.048747;6.0;;98.1;0.987615;223.47;210.1;6.048747;6.0;;100.0;1.0;259.29;261.57;5.347667;5.3;;;;;;;;;;;;;;;;;;;;;;;;;;;;;;;;;;;;
5;Centro-oeste;52;GO;Goiás;5201306;Anicuns;730524.309;39481.4;729132.843;39406.2;512611.847;23181.47;99062.733;104993.02;162531.94;105535.634;472123.326;40488.521;Demais serviços;Administração, defesa, educação e saúde públicas e seguridade social;Indústrias de transformação;6;True;100.0;1.0;281.69;277.62;4.801822;4.8;;100.0;1.0;281.69;277.62;4.801822;4.8;;100.0;1.0;300.86;286.22;6.451333;6.5;;;;;;;;;100.0;1.0;261.62;244.39;7.400255;7.4;;100.0;1.0;261.62;244.39;7.400255;7.4;;100.0;1.0;300.86;286.22;6.451333;6.5;;;;;;;;;;;;;;;;;;;;;;;;;;;;;;;;;;;;
5;Centro-oeste;52;GO;Goiás;5201405;Aparecida de Goiânia;20888936.559;39577.67;19197775.557;36390.44;16981187.791;28215.26;19867.412;3572575.815;8176960.384;2641853.343;14411256.954;2569930.837;Demais serviços;Comércio e reparação de veículos automotores e motocicletas;Administração, defesa, educação e saúde públicas e seguridade social;7;True;96.4;0.965631;274.88;284.72;4.812464;4.6;;96.3;0.963621;275.16;284.93;4.81954;4.6;;96.7;0.966961;251.3;255.44;5.112333;4.9;;89.2;0.894273;233.05;244.18;4.6205;4.1;;98.2;0.981518;209.08;205.71;5.694311;5.6;;98.2;0.981518;209.08;205.71;5.694311;5.6;;98.4;0.983983;253.35;256.71;5.167667;5.1;;;;;;;;;;;;;;;;;;;;;;;;;;;;;;;;;;;;
5;Centro-oeste;52;GO;Goiás;5201454;Aparecida do Rio Doce;151337.296;52059.61;133887.988;46057.1;110094.353;44500.55;57933.825;3768.066;20140.633;22907.546;104750.07;5344.283;Pecuária, inclusive apoio à pecuária;Administração, defesa, educação e saúde públicas e seguridade social;Demais serviços;6;True;91.8;0.917908;270.72;269.74;4.529785;4.2;;91.8;0.917908;270.72;269.74;4.529785;4.2;;93.5;0.933678;255.04;256.92;5.199333;4.9;;93.5;0.933678;255.04;256.92;5.199333;4.9;;98.5;0.985254;232.1;212.27;6.252897;6.2;;98.5;0.985254;232.1;212.27;6.252897;6.2;;;;;;;;;;;;;;;;;;;;;;;;;;;;;;;;;;;;;;;;;;;
5;Centro-oeste;52;GO;Goiás;5201504;Aporé;518582.383;119903.44;574539.343;132841.47;395753.605;92769.25;147835.672;121354.069;64606.117;40635.262;374431.119;21322.486;Eletricidade e gás, água, esgoto, atividades de gestão de resíduos e descontaminação;Agricultura, inclusive apoio à agricultura e a pós colheita;Pecuária, inclusive apoio à pecuária;6;True;97.8;0.977146;275.21;272.16;4.629075;4.5;;97.8;0.977146;275.21;272.16;4.629075;4.5;;99.0;0.989963;248.22;244.62;4.880667;4.8;;;;;;;;;98.2;0.982329;208.69;202.96;5.636868;5.5;;98.2;0.982329;208.69;202.96;5.636868;5.5;;99.0;0.989963;248.22;244.62;4.880667;4.8;;;;;;;;;;;;;;;;;;;;;;;;;;;;;;;;;;;;
5;Centro-oeste;52;GO;Goiás;5201603;Araçu;87231.852;22961.79;79947.175;21044.27;73510.273;21307.33;24833.868;6279.014;18262.572;20309.039;69684.492;3825.781;Administração, defesa, educação e saúde públicas e seguridade social;Agricultura, inclusive apoio à agricultura e a pós colheita;Demais serviços;4;True;100.0;1.0;289.18;276.03;4.883217;4.9;;100.0;1.0;289.18;276.03;4.883217;4.9;;;;;;;;;;;;;;;;100.0;1.0;228.15;218.83;6.296788;6.3;;100.0;1.0;228.15;218.83;6.296788;6.3;;;;;;;;;;;;;;;;;;;;;;;;;;;;;;;;;;;;;;;;;;;
5;Centro-oeste;52;GO;Goiás;5201702;Aragarças;360573.464;19607.04;316671.343;17219.76;277756.341;13608.84;13453.632;16940.684;128217.56;93218.725;251830.6;25925.741;Demais serviços;Administração, defesa, educação e saúde públicas e seguridade social;Comércio e reparação de veículos automotores e motocicletas;7;True;94.4;0.944075;283.09;286.62;4.956216;4.7;;94.4;0.944075;283.09;286.62;4.956216;4.7;;98.6;0.987136;257.56;269.12;5.444667;5.4;;96.8;0.968499;275.58;284.75;6.0055;5.8;;97.1;0.963175;208.76;200.69;5.596931;5.4;;97.1;0.963175;208.76;200.69;5.596931;5.4;;99.5;0.995479;251.47;263.84;5.255167;5.2;;;;;;;;;;;;;;;;;;;;;;;;;;;;;;;;;;;;
5;Centro-oeste;52;GO;Goiás;5201801;Aragoiânia;237888.678;20007.46;215372.755;18113.77;174344.011;16324.35;27201.125;19461.358;61081.244;51895.919;159639.646;14704.365;Administração, defesa, educação e saúde públicas e seguridade social;Demais serviços;Pecuária, inclusive apoio à pecuária;6;True;92.5;0.929394;258.23;273.02;4.403466;4.1;;92.5;0.929394;258.23;273.02;4.403466;4.1;;96.1;0.956083;249.29;259.54;5.147167;4.9;;;;;;;;;100.0;1.0;228.23;214.79;6.22486;6.2;;100.0;1.0;228.23;214.79;6.22486;6.2;;96.1;0.956083;249.29;259.54;5.147167;4.9;;;;;;;;;;;;;;;;;;;;;;;;;;;;;;;;;;;;
5;Centro-oeste;52;GO;Goiás;5202155;Araguapaz;252817.717;35344.29;220783.813;30865.9;180146.177;23110.48;77950.443;5883.586;45919.03;39324.987;169078.046;11068.13;Pecuária, inclusive apoio à pecuária;Administração, defesa, educação e saúde públicas e seguridade social;Demais serviços;6;True;98.4;0.985785;264.63;259.97;4.297994;4.2;;98.4;0.985785;264.63;259.97;4.297994;4.2;;99.7;0.996718;226.08;231.49;4.292833;4.3;;;;;;;;;100.0;1.0;223.17;213.81;6.110477;6.1;;100.0;1.0;223.17;213.81;6.110477;6.1;;100.0;1.0;226.08;231.49;4.292833;4.3;;;;;;;;;;;;;;;;;;;;;;;;;;;;;;;;;;;;
5;Centro-oeste;52;GO;Goiás;5202353;Arenópolis;268947.159;91292.31;244356.721;82945.25;222600.319;90414.43;95196.399;74065.379;25637.936;21457.224;216356.938;6243.381;Eletricidade e gás, água, esgoto, atividades de gestão de resíduos e descontaminação;Agricultura, inclusive apoio à agricultura e a pós colheita;Pecuária, inclusive apoio à pecuária;6;True;100.0;1.0;283.8;297.58;5.13026;5.1;;100.0;1.0;283.8;297.58;5.13026;5.1;;98.7;0.986569;271.17;276.68;5.7975;5.7;;;;;;;;;99.4;0.994481;232.67;219.12;6.38832;6.4;;99.4;0.994481;232.67;219.12;6.38832;6.4;;99.3;0.99311;271.17;276.68;5.7975;5.8;;;;;;;;;;;;;;;;;;;;;;;;;;;;;;;;;;;;
5;Centro-oeste;52;GO;Goiás;5202502;Aruanã;379920.608;45773.57;353548.739;42596.23;291985.419;28238.44;131988.239;14177.384;78810.979;47504.879;272481.48;19503.939;Pecuária, inclusive apoio à pecuária;Demais serviços;Administração, defesa, educação e saúde públicas e seguridade social;6;True;99.7;0.997319;259.5;265.79;4.313069;4.3;;99.7;0.997319;259.5;265.79;4.313069;4.3;;99.8;0.997988;260.86;264.15;5.416833;5.4;;;;;;;;;100.0;1.0;268.45;246.77;7.573872;7.6;;100.0;1.0;268.45;246.77;7.573872;7.6;;99.8;0.997988;260.86;264.15;5.416833;5.4;;;;;;;;;;;;;;;;;;;;;;;;;;;;;;;;;;;;
5;Centro-oeste;52;GO;Goiás;5202601;Aurilândia;111362.652;33910.67;88516.95;26954.0;81584.91;27194.97;27653.004;10983.959;20252.903;17378.995;76268.861;5316.05;Pecuária, inclusive apoio à pecuária;Administração, defesa, educação e saúde públicas e seguridade social;Demais serviços;6;True;98.5;0.986301;266.45;267.06;4.429694;4.4;;98.5;0.986301;266.45;267.06;4.429694;4.4;;100.0;1.0;271.09;278.56;5.8275;5.8;;;;;;;;;100.0;1.0;215.71;211.68;5.929383;5.9;;100.0;1.0;215.71;211.68;5.929383;5.9;;100.0;1.0;271.09;278.56;5.8275;5.8;;;;;;;;;;;;;;;;;;;;;;;;;;;;;;;;;;;;
5;Centro-oeste;52;GO;Goiás;5202809;Avelinópolis;83608.255;29152.11;86600.4;30195.4;68067.469;28349.63;25738.118;5631.505;14156.643;19523.425;65049.692;3017.778;Administração, defesa, educação e saúde públicas e seguridade social;Pecuária, inclusive apoio à pecuária;Demais serviços;6;True;100.0;1.0;279.85;286.05;4.902177;4.9;;100.0;1.0;279.85;286.05;4.902177;4.9;;100.0;1.0;267.69;263.41;5.518333;5.5;;100.0;1.0;261.34;260.5;5.364;5.4;;100.0;1.0;252.27;239.0;7.12382;7.1;;100.0;1.0;252.27;239.0;7.12382;7.1;;;;;;;;;;;;;;;;;;;;;;;;;;;;;;;;;;;;;;;;;;;
5;Centro-oeste;52;GO;Goiás;5203104;Baliza;175462.198;52361.15;140014.315;41782.85;123256.671;22749.48;73980.455;3076.158;14236.532;28884.455;120177.599;3079.072;Agricultura, inclusive apoio à agricultura e a pós colheita;Pecuária, inclusive apoio à pecuária;Administração, defesa, educação e saúde públicas e seguridade social;6;True;100.0;1.0;257.74;266.04;4.292093;4.3;;100.0;1.0;257.74;266.04;4.292093;4.3;;100.0;1.0;267.77;280.2;5.7995;5.8;;100.0;1.0;231.18;260.48;4.861;4.9;;100.0;1.0;206.33;198.83;5.516739;5.5;;100.0;1.0;206.33;198.83;5.516739;5.5;;;;;;;;;;;;;;;;;;;;;;;;;;;;;;;;;;;;;;;;;;;
5;Centro-oeste;52;GO;Goiás;5203203;Barro Alto;1686186.91;162586.72;2308282.593;222570.88;1573640.546;135157.65;45848.357;1064606.003;247966.134;85847.533;1444268.026;129372.519;Indústrias de transformação;Demais serviços;Administração, defesa, educação e saúde públicas e seguridade social;7;True;100.0;1.0;264.39;263.87;4.353007;4.4;;100.0;1.0;264.39;263.87;4.353007;4.4;;99.4;0.993945;260.2;255.41;5.260167;5.2;;99.0;0.989847;272.73;265.37;5.635;5.6;;99.9;0.998794;244.73;233.03;6.871382;6.9;;99.9;0.998794;244.73;233.03;6.871382;6.9;;100.0;1.0;248.67;246.26;4.9155;4.9;;;;;;;;;;;;;;;;;;;;;;;;;;;;;;;;;;;;
5;Centro-oeste;52;GO;Goiás;5203302;Bela Vista de Goiás;1983166.35;57574.87;1776808.226;51583.92;1481063.952;47770.09;348945.349;416512.545;401186.2;161036.448;1327680.542;153383.41;Indústrias de transformação;Demais serviços;Agricultura, inclusive apoio à agricultura e a pós colheita;6;True;91.0;0.914053;282.84;279.21;4.841777;4.4;;91.0;0.914053;282.84;279.21;4.841777;4.4;;99.0;0.989995;258.34;262.58;5.348667;5.3;;;;;;;;;98.3;0.982326;210.53;201.96;5.653801;5.6;;98.3;0.982326;210.53;201.96;5.653801;5.6;;99.0;0.989995;258.34;262.58;5.348667;5.3;;;;;;;;;;;;;;;;;;;;;;;;;;;;;;;;;;;;
5;Centro-oeste;52;GO;Goiás;5203401;Bom Jardim de Goiás;418165.846;53432.9;370230.82;47307.8;257678.878;28913.7;108477.329;7271.159;81210.686;40145.3;237104.474;20574.404;Pecuária, inclusive apoio à pecuária;Demais serviços;Agricultura, inclusive apoio à agricultura e a pós colheita;4;True;;;;;;;;;;;;;;;99.7;0.997481;279.76;265.37;5.752167;5.7;;;;;;;;;99.4;0.993538;218.4;202.17;5.80781;5.8;;99.4;0.993538;218.4;202.17;5.80781;5.8;;100.0;1.0;279.76;265.37;5.752167;5.8;;;;;;;;;;;;;;;;;;;;;;;;;;;;;;;;;;;;
5;Centro-oeste;52;GO;Goiás;5203500;Bom Jesus de Goiás;1512295.116;63122.76;1694251.774;70717.58;1229697.252;47170.86;468019.357;141205.908;402035.738;122511.991;1133772.994;95924.258;Agricultura, inclusive apoio à agricultura e a pós colheita;Demais serviços;Comércio e reparação de veículos automotores e motocicletas;6;True;99.3;0.993965;291.84;292.34;5.164738;5.1;;99.3;0.993965;291.84;292.34;5.164738;5.1;;98.6;0.986743;280.39;275.85;5.937333;5.9;;;;;;;;;98.4;0.983409;222.97;219.9;6.217387;6.1;;98.4;0.983409;222.97;219.9;6.217387;6.1;;100.0;1.0;280.39;275.85;5.937333;5.9;;;;;;;;;;;;;;;;;;;;;;;;;;;;;;;;;;;;
5;Centro-oeste;52;GO;Goiás;5203559;Bonfinópolis;158519.717;15396.24;135488.727;13159.36;121159.103;11972.24;16092.108;7078.42;43244.731;45240.906;111656.165;9502.938;Administração, defesa, educação e saúde públicas e seguridade social;Demais serviços;Agricultura, inclusive apoio à agricultura e a pós colheita;6;True;97.4;0.975358;289.63;291.28;5.11783;5.0;;97.4;0.975358;289.63;291.28;5.11783;5.0;;98.8;0.987865;256.22;255.3;5.192;5.1;;;;;;;;;100.0;1.0;239.79;234.62;6.806016;6.8;;100.0;1.0;239.79;234.62;6.806016;6.8;;98.4;0.983885;256.22;255.3;5.192;5.1;;;;;;;;;;;;;;;;;;;;;;;;;;;;;;;;;;;;
5;Centro-oeste;52;GO;Goiás;5203575;Bonópolis;282293.776;85569.5;320197.561;97058.98;156647.911;34210.07;100676.091;4054.032;20672.572;25982.53;151385.226;5262.685;Agricultura, inclusive apoio à agricultura e a pós colheita;Pecuária, inclusive apoio à pecuária;Administração, defesa, educação e saúde públicas e seguridade social;6;True;98.6;0.985244;257.35;270.89;4.35922;4.3;;98.6;0.985244;257.35;270.89;4.35922;4.3;;98.5;0.980457;246.74;240.84;4.793;4.7;;;;;;;;;98.7;0.988275;197.74;196.01;5.301535;5.2;;98.7;0.988275;197.74;196.01;5.301535;5.2;;98.5;0.980457;246.74;240.84;4.793;4.7;;;;;;;;;;;;;;;;;;;;;;;;;;;;;;;;;;;;
5;Centro-oeste;52;GO;Goiás;5203609;Brazabrantes;106412.044;26656.32;100987.04;25297.35;93846.61;24618.73;19617.854;25766.819;20792.455;20589.267;86766.396;7080.214;Indústrias de transformação;Administração, defesa, educação e saúde públicas e seguridade social;Demais serviços;6;True;100.0;1.0;243.72;248.25;3.828865;3.8;;100.0;1.0;243.72;248.25;3.828865;3.8;;100.0;1.0;244.78;257.1;5.031333;5.0;;;;;;;;;99.6;0.996141;212.71;207.54;5.796858;5.8;;99.6;0.996141;212.71;207.54;5.796858;5.8;;100.0;1.0;244.78;257.1;5.031333;5.0;;;;;;;;;;;;;;;;;;;;;;;;;;;;;;;;;;;;
5;Centro-oeste;52;GO;Goiás;5203807;Britânia;305496.957;53643.01;249703.959;43846.17;198124.816;34071.34;77031.26;18870.06;53149.43;33699.181;182749.931;15374.885;Pecuária, inclusive apoio à pecuária;Demais serviços;Administração, defesa, educação e saúde públicas e seguridade social;6;True;99.0;0.988599;261.74;269.11;4.394231;4.3;;99.0;0.988599;261.74;269.11;4.394231;4.3;;96.9;0.969348;260.08;262.45;5.3755;5.2;;;;;;;;;100.0;1.0;271.88;247.25;7.648057;7.6;;100.0;1.0;271.88;247.25;7.648057;7.6;;96.9;0.969348;260.08;262.45;5.3755;5.2;;;;;;;;;;;;;;;;;;;;;;;;;;;;;;;;;;;;
5;Centro-oeste;52;GO;Goiás;5203906;Buriti Alegre;561621.016;53513.2;543167.311;51754.87;467747.609;49158.97;158510.073;94977.885;125539.148;50072.623;429099.729;38647.88;Demais serviços;Agricultura, inclusive apoio à agricultura e a pós colheita;Indústrias de transformação;6;True;97.8;0.982137;291.94;292.16;5.163448;5.1;;97.8;0.982137;291.94;292.16;5.163448;5.1;;99.4;0.9937;262.97;269.12;5.534833;5.5;;;;;;;;;100.0;1.0;228.0;222.7;6.364289;6.4;;100.0;1.0;228.0;222.7;6.364289;6.4;;99.4;0.9937;262.97;269.12;5.534833;5.5;;;;;;;;;;;;;;;;;;;;;;;;;;;;;;;;;;;;
5;Centro-oeste;52;GO;Goiás;5203939;Buriti de Goiás;78971.058;28905.95;63515.074;23248.56;56929.804;23104.63;14711.137;5902.246;15750.846;17237.921;53602.149;3327.655;Administração, defesa, educação e saúde públicas e seguridade social;Pecuária, inclusive apoio à pecuária;Demais serviços;4;True;;;;;;;;;;;;;;;100.0;1.0;286.29;273.5;5.9965;6.0;;;;;;;;;100.0;1.0;263.61;236.92;7.302414;7.3;;100.0;1.0;263.61;236.92;7.302414;7.3;;100.0;1.0;286.29;273.5;5.9965;6.0;;;;;;;;;;;;;;;;;;;;;;;;;;;;;;;;;;;;
5;Centro-oeste;52;GO;Goiás;5203962;Buritinópolis;68010.224;21624.87;87658.154;27872.23;88916.082;27174.84;6816.856;48900.134;8916.94;21186.065;85819.995;3096.088;Eletricidade e gás, água, esgoto, atividades de gestão de resíduos e descontaminação;Administração, defesa, educação e saúde públicas e seguridade social;Demais serviços;7;True;99.2;0.99118;281.49;277.94;4.803804;4.8;;99.2;0.99118;281.49;277.94;4.803804;4.8;;100.0;1.0;256.56;256.28;5.214;5.2;;100.0;1.0;257.55;260.6;5.3025;5.3;;99.0;0.98922;204.52;192.06;5.359106;5.3;;99.0;0.98922;204.52;192.06;5.359106;5.3;;100.0;1.0;256.12;254.33;5.174167;5.2;;;;;;;;;;;;;;;;;;;;;;;;;;;;;;;;;;;;
5;Centro-oeste;52;GO;Goiás;5204003;Cabeceiras;484327.515;64064.49;582979.445;77113.68;475971.038;58776.37;317472.893;25968.787;69516.923;46313.329;459271.933;16699.105;Agricultura, inclusive apoio à agricultura e a pós colheita;Demais serviços;Administração, defesa, educação e saúde públicas e seguridade social;6;True;100.0;1.0;317.04;299.48;5.625557;5.6;;100.0;1.0;317.04;299.48;5.625557;5.6;;99.8;0.996973;322.59;298.48;7.017833;7.0;;;;;;;;;98.3;0.983668;228.12;217.84;6.278215;6.2;;98.3;0.983668;228.12;217.84;6.278215;6.2;;100.0;1.0;322.59;298.48;7.017833;7.0;;;;;;;;;;;;;;;;;;;;;;;;;;;;;;;;;;;;
5;Centro-oeste;52;GO;Goiás;5204102;Cachoeira Alta;365149.751;31716.3;336767.673;29251.08;281719.518;21935.65;75368.228;19679.6;95113.335;66741.84;256903.002;24816.516;Demais serviços;Administração, defesa, educação e saúde públicas e seguridade social;Pecuária, inclusive apoio à pecuária;6;True;99.0;0.990946;277.3;277.63;4.740315;4.7;;99.0;0.990946;277.3;277.63;4.740315;4.7;;99.1;0.989811;260.88;256.01;5.2815;5.2;;;;;;;;;98.1;0.981041;225.69;217.22;6.220568;6.1;;98.1;0.981041;225.69;217.22;6.220568;6.1;;99.4;0.993445;260.88;256.01;5.2815;5.2;;;;;;;;;;;;;;;;;;;;;;;;;;;;;;;;;;;;
5;Centro-oeste;52;GO;Goiás;5204201;Cachoeira de Goiás;45522.396;32400.28;40829.831;29060.38;38880.439;29102.13;15155.653;902.123;8479.931;12224.379;36762.086;2118.353;Pecuária, inclusive apoio à pecuária;Administração, defesa, educação e saúde públicas e seguridade social;Demais serviços;4;True;;;;;;;;;;;;;;;100.0;1.0;269.0;264.11;5.551833;5.6;;;;;;;;;100.0;1.0;218.17;203.62;5.829784;5.8;;100.0;1.0;218.17;203.62;5.829784;5.8;;100.0;1.0;269.0;264.11;5.551833;5.6;;;;;;;;;;;;;;;;;;;;;;;;;;;;;;;;;;;;
5;Centro-oeste;52;GO;Goiás;5204250;Cachoeira Dourada;890575.737;114440.47;987681.911;126918.78;69504.796;8691.36;95419.956;-477324.132;95656.913;58521.535;-227725.728;297230.524;Indústrias de transformação;Demais serviços;Agricultura, inclusive apoio à agricultura e a pós colheita;6;True;100.0;1.0;276.25;265.51;4.544131;4.5;;100.0;1.0;276.25;265.51;4.544131;4.5;;100.0;1.0;273.94;272.31;5.770833;5.8;;;;;;;;;98.3;0.983998;235.26;220.6;6.464656;6.4;;98.3;0.983998;235.26;220.6;6.464656;6.4;;100.0;1.0;273.94;272.31;5.770833;5.8;;;;;;;;;;;;;;;;;;;;;;;;;;;;;;;;;;;;
5;Centro-oeste;52;GO;Goiás;5204300;Caçu;1219984.319;88571.53;997749.754;72437.18;912900.812;55243.62;134187.351;422400.072;174598.06;99267.297;830452.78;82448.032;Eletricidade e gás, água, esgoto, atividades de gestão de resíduos e descontaminação;Indústrias de transformação;Demais serviços;7;True;98.5;0.985542;280.31;289.45;4.959536;4.9;;98.5;0.985542;280.31;289.45;4.959536;4.9;;97.7;0.977429;266.94;263.57;5.5085;5.4;;96.8;0.967051;266.49;261.49;5.466333;5.3;;99.5;0.995768;237.35;227.94;6.637997;6.6;;99.5;0.995768;237.35;227.94;6.637997;6.6;;100.0;1.0;267.78;267.46;5.587333;5.6;;;;;;;;;;;;;;;;;;;;;;;;;;;;;;;;;;;;
5;Centro-oeste;52;GO;Goiás;5204409;Caiapônia;1456337.725;88193.41;1026341.538;62176.14;821714.722;42567.07;432944.018;45810.339;196185.053;100779.964;775719.374;45995.347;Agricultura, inclusive apoio à agricultura e a pós colheita;Pecuária, inclusive apoio à pecuária;Demais serviços;6;True;97.9;0.979484;284.29;287.97;4.993279;4.9;;97.9;0.979484;284.29;287.97;4.993279;4.9;;99.4;0.993984;272.5;275.62;5.802;5.8;;;;;;;;;99.9;0.998794;216.34;216.41;6.027406;6.0;;99.9;0.998794;216.34;216.41;6.027406;6.0;;99.3;0.992978;272.5;275.62;5.802;5.8;;;;;;;;;;;;;;;;;;;;;;;;;;;;;;;;;;;;
5;Centro-oeste;52;GO;Goiás;5204508;Caldas Novas;3782024.337;38348.69;3407344.795;34549.54;3001267.797;31531.55;304223.583;523720.229;1386591.214;548355.646;2762890.673;238377.124;Demais serviços;Administração, defesa, educação e saúde públicas e seguridade social;Eletricidade e gás, água, esgoto, atividades de gestão de resíduos e descontaminação;7;True;100.0;1.0;289.01;294.27;5.153883;5.2;;100.0;1.0;289.01;294.27;5.153883;5.2;;99.5;0.994748;271.66;275.62;5.788;5.8;;98.1;0.981204;253.31;264.61;5.298667;5.2;;98.9;0.98934;217.85;212.77;5.990041;5.9;;98.9;0.98934;217.85;212.77;5.990041;5.9;;100.0;0.99975;275.97;278.21;5.903;5.9;;;;;;;;;;;;;;;;;;;;;;;;;;;;;;;;;;;;
5;Centro-oeste;52;GO;Goiás;5204557;Caldazinha;103501.566;22964.63;93320.606;20705.7;84657.118;21706.95;23979.207;4725.342;24255.05;24688.97;77648.569;7008.549;Administração, defesa, educação e saúde públicas e seguridade social;Pecuária, inclusive apoio à pecuária;Demais serviços;6;True;95.5;0.950758;272.34;281.48;4.728287;4.5;;95.5;0.950758;272.34;281.48;4.728287;4.5;;98.7;0.986803;250.75;250.83;5.026333;5.0;;;;;;;;;98.3;0.983169;230.89;225.59;6.471987;6.4;;98.3;0.983169;230.89;225.59;6.471987;6.4;;98.7;0.986803;250.75;250.83;5.026333;5.0;;;;;;;;;;;;;;;;;;;;;;;;;;;;;;;;;;;;
5;Centro-oeste;52;GO;Goiás;5204607;Campestre de Goiás;78260.089;20841.57;78141.438;20809.97;72754.135;19867.32;25998.954;3867.241;16346.855;23080.31;69293.36;3460.774;Administração, defesa, educação e saúde públicas e seguridade social;Pecuária, inclusive apoio à pecuária;Demais serviços;6;True;100.0;1.0;281.3;290.67;4.991704;5.0;;100.0;1.0;281.3;290.67;4.991704;5.0;;100.0;1.0;298.67;299.19;6.631;6.6;;;;;;;;;100.0;1.0;253.15;248.97;7.321887;7.3;;100.0;1.0;253.15;248.97;7.321887;7.3;;100.0;1.0;298.67;299.19;6.631;6.6;;;;;;;;;;;;;;;;;;;;;;;;;;;;;;;;;;;;
5;Centro-oeste;52;GO;Goiás;5204656;Campinaçu;135964.665;36667.92;122479.709;33031.21;110527.898;30465.24;47630.3;2674.967;23755.688;30387.008;104447.962;6079.935;Pecuária, inclusive apoio à pecuária;Administração, defesa, educação e saúde públicas e seguridade social;Demais serviços;4;True;;;;;;;;;;;;;;;99.1;0.991935;250.04;254.59;5.077167;5.0;;98.6;0.98785;246.89;249.64;4.942167;4.9;;99.2;0.992798;248.65;231.77;6.923282;6.9;;99.2;0.992798;248.65;231.77;6.923282;6.9;;;;;;;;;;;;;;;;;;;;;;;;;;;;;;;;;;;;;;;;;;;
5;Centro-oeste;52;GO;Goiás;5204706;Campinorte;422671.019;33786.65;402543.172;32177.71;333043.266;25857.4;80924.903;19802.389;138429.585;59589.36;298746.237;34297.029;Demais serviços;Administração, defesa, educação e saúde públicas e seguridade social;Agricultura, inclusive apoio à agricultura e a pós colheita;6;True;100.0;1.0;281.86;279.64;4.83445;4.8;;100.0;1.0;281.86;279.64;4.83445;4.8;;99.5;0.994741;279.48;274.7;5.903;5.9;;;;;;;;;99.9;0.998794;246.69;232.36;6.896604;6.9;;99.9;0.998794;246.69;232.36;6.896604;6.9;;99.7;0.996488;279.48;274.7;5.903;5.9;;;;;;;;;;;;;;;;;;;;;;;;;;;;;;;;;;;;
5;Centro-oeste;52;GO;Goiás;5204805;Campo Alegre de Goiás;964884.983;130003.37;898584.752;121070.43;846765.541;107403.04;601035.399;29171.487;134817.069;49613.703;814637.659;32127.882;Agricultura, inclusive apoio à agricultura e a pós colheita;Demais serviços;Administração, defesa, educação e saúde públicas e seguridade social;6;True;93.5;0.938777;264.88;268.09;4.423062;4.2;;93.5;0.938777;264.88;268.09;4.423062;4.2;;95.9;0.958975;250.64;259.61;5.170833;5.0;;;;;;;;;96.4;0.963773;228.0;214.34;6.212289;6.0;;96.4;0.963773;228.0;214.34;6.212289;6.0;;95.9;0.958975;250.64;259.61;5.170833;5.0;;;;;;;;;;;;;;;;;;;;;;;;;;;;;;;;;;;;
5;Centro-oeste;52;GO;Goiás;5204854;Campo Limpo de Goiás;237750.969;29420.98;190039.805;23516.87;165123.491;20418.39;33731.152;30821.146;42971.639;41184.579;148708.516;16414.975;Administração, defesa, educação e saúde públicas e seguridade social;Demais serviços;Indústrias de transformação;6;True;98.7;0.987576;285.72;294.18;5.106328;5.0;;98.7;0.987576;285.72;294.18;5.106328;5.0;;99.3;0.992942;261.67;270.86;5.542167;5.5;;;;;;;;;99.7;0.996964;243.38;223.22;6.667255;6.6;;99.7;0.996964;243.38;223.22;6.667255;6.6;;99.3;0.992942;261.67;270.86;5.542167;5.5;;;;;;;;;;;;;;;;;;;;;;;;;;;;;;;;;;;;
5;Centro-oeste;52;GO;Goiás;5204904;Campos Belos;404844.061;22357.19;365495.172;20184.18;315341.74;15669.93;25554.142;24249.643;141670.592;93029.02;284503.398;30838.342;Demais serviços;Administração, defesa, educação e saúde públicas e seguridade social;Comércio e reparação de veículos automotores e motocicletas;7;True;97.6;0.975986;261.66;268.53;4.384424;4.3;;97.9;0.979456;267.8;275.97;4.582038;4.5;;93.9;0.938658;260.14;263.72;5.397667;5.1;;88.7;0.884422;235.94;241.09;4.617167;4.1;;97.9;0.980294;214.42;209.51;5.86531;5.7;;97.9;0.980294;214.42;209.51;5.86531;5.7;;98.2;0.984233;271.36;274.22;5.759667;5.7;;;;;;;;;;;;;;;;;;;;;;;;;;;;;;;;;;;;
5;Centro-oeste;52;GO;Goiás;5204953;Campos Verdes;80964.078;20215.75;71227.863;17784.73;56359.388;36932.76;17151.659;2755.931;19530.326;13297.427;52735.343;3624.045;Demais serviços;Pecuária, inclusive apoio à pecuária;Administração, defesa, educação e saúde públicas e seguridade social;6;True;99.4;0.993243;291.17;266.82;4.773292;4.7;;99.4;0.993243;291.17;266.82;4.773292;4.7;;99.2;0.991678;284.43;265.36;5.829833;5.8;;;;;;;;;100.0;1.0;219.37;208.05;5.93323;5.9;;100.0;1.0;219.37;208.05;5.93323;5.9;;99.2;0.991678;284.43;265.36;5.829833;5.8;;;;;;;;;;;;;;;;;;;;;;;;;;;;;;;;;;;;
5;Centro-oeste;52;GO;Goiás;5205000;Carmo do Rio Verde;543627.158;55986.32;656878.088;67649.65;488110.289;47393.95;65913.356;80474.469;218762.295;48905.721;414055.842;74054.448;Comércio e reparação de veículos automotores e motocicletas;Demais serviços;Indústrias de transformação;6;True;99.5;0.995289;266.96;272.0;4.510809;4.5;;99.5;0.995289;266.96;272.0;4.510809;4.5;;100.0;1.0;279.83;270.64;5.841167;5.8;;;;;;;;;100.0;1.0;219.51;212.6;6.018629;6.0;;100.0;1.0;219.51;212.6;6.018629;6.0;;100.0;1.0;279.83;270.64;5.841167;5.8;;;;;;;;;;;;;;;;;;;;;;;;;;;;;;;;;;;;
5;Centro-oeste;52;GO;Goiás;5205059;Castelândia;140320.937;47008.69;111742.623;37434.71;91630.229;27109.54;36695.623;3466.525;25278.694;21609.886;87050.728;4579.501;Agricultura, inclusive apoio à agricultura e a pós colheita;Administração, defesa, educação e saúde públicas e seguridade social;Demais serviços;6;True;97.2;0.971109;274.46;294.38;4.951176;4.8;;97.2;0.971109;274.46;294.38;4.951176;4.8;;100.0;1.0;266.16;266.23;5.539833;5.5;;;;;;;;;96.2;0.963989;240.88;232.07;6.780454;6.5;;96.2;0.963989;240.88;232.07;6.780454;6.5;;100.0;1.0;266.16;266.23;5.539833;5.5;;;;;;;;;;;;;;;;;;;;;;;;;;;;;;;;;;;;
5;Centro-oeste;52;GO;Goiás;5205109;Catalão;10345992.501;90415.66;11139336.93;97348.85;9916889.644;87689.47;951795.014;3701563.375;2773902.138;631797.599;8059058.126;1857831.518;Indústrias de transformação;Demais serviços;Agricultura, inclusive apoio à agricultura e a pós colheita;9;True;97.3;0.974486;283.03;288.56;4.984415;4.9;;97.0;0.971789;284.17;289.91;5.020636;4.9;;97.9;0.979487;264.58;272.25;5.613833;5.5;;93.4;0.935771;230.89;241.85;4.545667;4.3;;97.5;0.973688;232.51;226.04;6.511085;6.3;;97.4;0.973058;233.21;226.22;6.527716;6.4;;98.3;0.982986;265.85;273.39;5.654;5.6;;100.0;1.0;220.94;223.1;6.236829;6.2;;91.9;0.92637;302.62;311.81;5.60761;5.2;;;;;;;;;;;;;;;;;;;;;;
5;Centro-oeste;52;GO;Goiás;5205208;Caturaí;126676.041;24435.96;109159.967;21057.09;100786.616;19638.86;22114.322;13181.476;29647.526;28662.589;93605.913;7180.703;Administração, defesa, educação e saúde públicas e seguridade social;Demais serviços;Pecuária, inclusive apoio à pecuária;6;True;98.6;0.989101;270.76;263.72;4.440227;4.4;;98.6;0.989101;270.76;263.72;4.440227;4.4;;98.2;0.982485;253.01;252.77;5.096333;5.0;;;;;;;;;96.7;0.96263;216.4;205.13;5.82346;5.6;;96.7;0.96263;216.4;205.13;5.82346;5.6;;98.2;0.982485;253.01;252.77;5.096333;5.0;;;;;;;;;;;;;;;;;;;;;;;;;;;;;;;;;;;;
5;Centro-oeste;52;GO;Goiás;5205307;Cavalcante;373218.617;38945.91;368132.313;38391.11;383048.306;39327.34;22564.675;238438.312;47941.291;62838.259;371782.538;11265.768;Eletricidade e gás, água, esgoto, atividades de gestão de resíduos e descontaminação;Administração, defesa, educação e saúde públicas e seguridade social;Demais serviços;6;True;95.1;0.95543;249.09;248.74;3.911622;3.7;;95.1;0.95543;249.09;248.74;3.911622;3.7;;95.7;0.957957;239.3;253.39;4.878167;4.7;;;;;;;;;94.7;0.946811;191.63;191.05;5.09475;4.8;;94.5;0.945311;191.63;191.05;5.09475;4.8;;95.7;0.957957;239.3;253.39;4.878167;4.7;;;;;;;;;;;;;;;;;;;;;;;;;;;;;;;;;;;;
5;Centro-oeste;52;GO;Goiás;5205406;Ceres;986057.14;44727.26;846103.872;38379.02;734718.541;32789.69;25785.489;130436.491;389624.254;107833.627;653679.861;81038.681;Demais serviços;Administração, defesa, educação e saúde públicas e seguridade social;Comércio e reparação de veículos automotores e motocicletas;6;True;100.0;1.0;285.26;291.28;5.056454;5.1;;97.9;0.980162;285.26;291.28;5.056454;5.0;;100.0;1.0;285.0;278.08;6.051333;6.1;;;;;;;;;100.0;1.0;238.96;239.11;6.871813;6.9;;100.0;1.0;238.96;239.11;6.871813;6.9;;100.0;1.0;285.0;278.08;6.051333;6.1;;;;;;;;;;;;;;;;;;;;;;;;;;;;;;;;;;;;
5;Centro-oeste;52;GO;Goiás;5205455;Cezarina;533170.015;65904.82;529151.353;65408.08;385019.617;43782.08;68945.202;157546.517;66979.198;43015.098;336486.015;48533.601;Indústrias de transformação;Demais serviços;Administração, defesa, educação e saúde públicas e seguridade social;6;True;100.0;1.0;280.53;278.56;4.799602;4.8;;100.0;1.0;280.53;278.56;4.799602;4.8;;100.0;1.0;256.39;256.6;5.2165;5.2;;;;;;;;;100.0;1.0;235.92;219.3;6.453616;6.5;;100.0;1.0;235.92;219.3;6.453616;6.5;;100.0;1.0;256.39;256.6;5.2165;5.2;;;;;;;;;;;;;;;;;;;;;;;;;;;;;;;;;;;;
5;Centro-oeste;52;GO;Goiás;5205471;Chapadão do Céu;2486006.102;193162.87;3144083.059;244295.5;2188780.243;202721.15;859977.412;624394.952;447794.511;76653.366;2008820.241;179960.002;Agricultura, inclusive apoio à agricultura e a pós colheita;Indústrias de transformação;Demais serviços;6;True;98.1;0.982938;285.5;289.81;5.037819;5.0;;98.1;0.982938;285.5;289.81;5.037819;5.0;;98.0;0.980066;282.04;286.86;6.148333;6.0;;98.0;0.980066;282.04;286.86;6.148333;6.0;;99.1;0.991242;240.8;231.55;6.769473;6.7;;99.1;0.991242;240.8;231.55;6.769473;6.7;;;;;;;;;;;;;;;;;;;;;;;;;;;;;;;;;;;;;;;;;;;
5;Centro-oeste;52;GO;Goiás;5205497;Cidade Ocidental;1351012.615;14722.21;1207175.008;13154.78;1006341.278;13531.55;56616.743;140151.288;380861.493;355805.99;933435.513;72905.765;Administração, defesa, educação e saúde públicas e seguridade social;Demais serviços;Indústrias de transformação;7;True;97.3;0.974531;269.45;277.64;4.630212;4.5;;97.3;0.974531;269.45;277.64;4.630212;4.5;;98.1;0.980978;249.57;256.81;5.106333;5.0;;97.8;0.978734;244.8;253.69;4.974833;4.9;;97.3;0.973432;215.78;206.94;5.844537;5.7;;97.3;0.973432;215.78;206.94;5.844537;5.7;;98.9;0.9892;256.84;261.55;5.3065;5.2;;;;;;;;;;;;;;;;;;;;;;;;;;;;;;;;;;;;
5;Centro-oeste;52;GO;Goiás;5205513;Cocalzinho de Goiás;530183.33;21193.77;500549.323;20009.17;436380.201;21009.11;120084.926;71288.948;111832.61;104740.195;407946.68;28433.522;Administração, defesa, educação e saúde públicas e seguridade social;Demais serviços;Agricultura, inclusive apoio à agricultura e a pós colheita;7;True;98.2;0.983286;284.78;293.25;5.079203;5.0;;98.2;0.983286;284.78;293.25;5.079203;5.0;;98.9;0.98923;268.32;267.68;5.6;5.5;;100.0;1.0;255.71;264.54;5.3375;5.3;;99.8;0.997992;250.72;238.39;7.083149;7.1;;99.8;0.997992;250.72;238.39;7.083149;7.1;;98.8;0.988479;269.47;267.96;5.623833;5.6;;;;;;;;;;;;;;;;;;;;;;;;;;;;;;;;;;;;
5;Centro-oeste;52;GO;Goiás;5205521;Colinas do Sul;87396.982;21686.6;87147.35;21624.65;70463.487;21103.17;13670.77;4150.285;20840.546;26760.286;65421.886;5041.601;Administração, defesa, educação e saúde públicas e seguridade social;Demais serviços;Pecuária, inclusive apoio à pecuária;6;True;99.5;0.995289;271.44;271.17;4.561305;4.5;;99.5;0.995289;271.44;271.17;4.561305;4.5;;99.7;0.997735;256.14;251.76;5.131667;5.1;;;;;;;;;100.0;1.0;221.29;204.59;5.906963;5.9;;100.0;1.0;221.29;204.59;5.906963;5.9;;99.7;0.997735;256.14;251.76;5.131667;5.1;;;;;;;;;;;;;;;;;;;;;;;;;;;;;;;;;;;;
5;Centro-oeste;52;GO;Goiás;5205703;Córrego do Ouro;87369.887;35603.05;77066.134;31404.29;74386.554;33002.02;36398.937;3783.218;14246.404;16603.882;71032.441;3354.113;Pecuária, inclusive apoio à pecuária;Administração, defesa, educação e saúde públicas e seguridade social;Demais serviços;6;True;100.0;1.0;294.28;285.93;5.10305;5.1;;100.0;1.0;294.28;285.93;5.10305;5.1;;100.0;1.0;269.94;267.23;5.6195;5.6;;;;;;;;;100.0;1.0;243.49;247.52;7.111172;7.1;;100.0;1.0;243.49;247.52;7.111172;7.1;;100.0;1.0;269.94;267.23;5.6195;5.6;;;;;;;;;;;;;;;;;;;;;;;;;;;;;;;;;;;;
5;Centro-oeste;52;GO;Goiás;5205802;Corumbá de Goiás;340461.045;32234.52;281208.77;26624.58;260271.167;23190.87;103062.802;27668.864;62770.491;54365.178;247867.335;12403.831;Pecuária, inclusive apoio à pecuária;Administração, defesa, educação e saúde públicas e seguridade social;Demais serviços;6;True;97.7;0.975504;281.09;273.52;4.732018;4.6;;97.7;0.975504;281.09;273.52;4.732018;4.6;;98.3;0.983452;260.59;270.74;5.522167;5.4;;;;;;;;;98.0;0.981355;225.46;221.57;6.29527;6.2;;98.0;0.981355;225.46;221.57;6.29527;6.2;;98.3;0.983452;260.59;270.74;5.522167;5.4;;;;;;;;;;;;;;;;;;;;;;;;;;;;;;;;;;;;
5;Centro-oeste;52;GO;Goiás;5205901;Corumbaíba;1081678.378;118035.62;864715.715;94360.07;709290.375;70844.02;131903.581;264264.428;175412.888;64418.891;635999.788;73290.587;Indústrias de transformação;Demais serviços;Agricultura, inclusive apoio à agricultura e a pós colheita;6;True;99.1;0.989449;278.17;290.89;4.951037;4.9;;98.8;0.987355;278.17;290.89;4.951037;4.9;;98.8;0.987483;274.22;267.22;5.690667;5.6;;;;;;;;;100.0;1.0;262.75;241.34;7.366366;7.4;;100.0;1.0;262.75;241.34;7.366366;7.4;;98.7;0.986733;274.22;267.22;5.690667;5.6;;;;;;;;;;;;;;;;;;;;;;;;;;;;;;;;;;;;
5;Centro-oeste;52;GO;Goiás;5206206;Cristalina;5707718.214;91562.29;5747945.855;92337.96;4602540.728;74978.26;2359811.879;357523.909;1198552.18;338479.529;4254367.497;348173.231;Agricultura, inclusive apoio à agricultura e a pós colheita;Demais serviços;Comércio e reparação de veículos automotores e motocicletas;7;True;99.8;0.997997;271.14;275.15;4.616672;4.6;;98.4;0.985265;271.14;275.15;4.616672;4.5;;99.2;0.991734;260.66;258.53;5.319833;5.3;;98.2;0.984703;261.8;261.31;5.385167;5.3;;99.1;0.991166;210.46;207.14;5.746647;5.7;;99.1;0.991166;210.46;207.14;5.746647;5.7;;99.7;0.997246;260.36;257.79;5.3025;5.3;;;;;;;;;;;;;;;;;;;;;;;;;;;;;;;;;;;;
5;Centro-oeste;52;GO;Goiás;5206305;Cristianópolis;134732.071;38450.93;134766.364;38460.72;120120.024;40553.69;56846.425;6953.117;28899.105;20392.111;113090.758;7029.266;Agricultura, inclusive apoio à agricultura e a pós colheita;Demais serviços;Administração, defesa, educação e saúde públicas e seguridade social;7;True;100.0;1.0;272.88;288.5;4.840961;4.8;;100.0;1.0;272.88;288.5;4.840961;4.8;;92.5;0.922878;251.69;258.95;5.177333;4.8;;91.6;0.91828;249.29;260.09;5.156333;4.7;;98.8;0.988566;217.03;205.0;5.833119;5.8;;98.8;0.988566;217.03;205.0;5.833119;5.8;;100.0;1.0;255.3;257.24;5.209;5.2;;;;;;;;;;;;;;;;;;;;;;;;;;;;;;;;;;;;
5;Centro-oeste;52;GO;Goiás;5206404;Crixás;611858.852;35854.61;613757.266;35965.85;699386.422;40813.87;102032.526;258407.132;183374.571;98042.359;641856.588;57529.834;Indústrias extrativas;Demais serviços;Pecuária, inclusive apoio à pecuária;6;True;98.1;0.982254;280.71;287.18;4.931172;4.8;;98.1;0.982254;280.71;287.18;4.931172;4.8;;99.9;0.998493;267.0;261.4;5.473333;5.5;;;;;;;;;99.5;0.994574;224.72;222.38;6.295875;6.3;;99.5;0.994574;224.72;222.38;6.295875;6.3;;99.8;0.998493;267.0;261.4;5.473333;5.5;;;;;;;;;;;;;;;;;;;;;;;;;;;;;;;;;;;;
5;Centro-oeste;52;GO;Goiás;5206503;Cromínia;140959.31;36301.65;130555.221;33622.26;99575.553;28795.71;41943.576;5126.969;24274.614;22516.303;93861.462;5714.091;Pecuária, inclusive apoio à pecuária;Administração, defesa, educação e saúde públicas e seguridade social;Demais serviços;6;True;99.2;0.990835;265.59;278.43;4.587825;4.5;;99.2;0.990835;265.59;278.43;4.587825;4.5;;100.0;1.0;259.83;266.87;5.445;5.4;;;;;;;;;99.2;0.992718;224.91;215.82;6.180228;6.1;;99.2;0.992718;224.91;215.82;6.180228;6.1;;100.0;1.0;259.83;266.87;5.445;5.4;;;;;;;;;;;;;;;;;;;;;;;;;;;;;;;;;;;;
5;Centro-oeste;52;GO;Goiás;5206602;Cumari;115381.253;39419.63;100191.901;34230.24;96879.552;34354.45;51542.128;5690.017;16921.745;17052.197;91206.088;5673.463;Pecuária, inclusive apoio à pecuária;Agricultura, inclusive apoio à agricultura e a pós colheita;Administração, defesa, educação e saúde públicas e seguridade social;6;True;97.0;0.954545;279.89;281.01;4.82729;4.6;;97.0;0.954545;279.89;281.01;4.82729;4.6;;99.2;0.993631;260.71;262.02;5.378833;5.3;;;;;;;;;98.0;0.975556;208.0;210.0;5.7517;5.6;;;;;;;;;99.2;0.993631;260.71;262.02;5.378833;5.3;;98.4;0.983223;208.0;210.0;5.7517;5.7;;;;;;;;;;;;;;;;;;;;;;;;;;;;;
5;Centro-oeste;52;GO;Goiás;5206701;Damianópolis;59529.127;15790.22;51962.425;13783.14;44989.294;13624.86;9056.283;1459.676;13272.302;18405.266;42193.526;2795.768;Administração, defesa, educação e saúde públicas e seguridade social;Demais serviços;Pecuária, inclusive apoio à pecuária;6;True;100.0;1.0;266.01;262.39;4.353604;4.4;;100.0;1.0;266.01;262.39;4.353604;4.4;;99.5;0.994666;276.82;266.56;5.723;5.7;;;;;;;;;97.1;0.970589;239.01;218.97;6.506585;6.3;;97.1;0.970589;239.01;218.97;6.506585;6.3;;99.5;0.994666;276.82;266.56;5.723;5.7;;;;;;;;;;;;;;;;;;;;;;;;;;;;;;;;;;;;
5;Centro-oeste;52;GO;Goiás;5206800;Damolândia;60603.878;22248.12;54855.886;20137.99;52509.212;17836.01;13509.564;5154.979;13012.004;18292.584;49969.131;2540.081;Administração, defesa, educação e saúde públicas e seguridade social;Demais serviços;Pecuária, inclusive apoio à pecuária;6;True;97.6;0.975025;286.94;274.36;4.826756;4.7;;97.6;0.975025;286.94;274.36;4.826756;4.7;;97.8;0.976302;288.87;281.7;6.176167;6.0;;;;;;;;;99.4;0.995314;277.89;249.9;7.810933;7.8;;99.4;0.995314;277.89;249.9;7.810933;7.8;;97.8;0.976302;288.87;281.7;6.176167;6.0;;;;;;;;;;;;;;;;;;;;;;;;;;;;;;;;;;;;
5;Centro-oeste;52;GO;Goiás;5206909;Davinópolis;496504.304;261043.27;484725.251;254850.29;583107.489;278465.85;34945.151;508937.333;13892.495;22545.783;580320.761;2786.728;Eletricidade e gás, água, esgoto, atividades de gestão de resíduos e descontaminação;Administração, defesa, educação e saúde públicas e seguridade social;Agricultura, inclusive apoio à agricultura e a pós colheita;6;True;100.0;1.0;269.07;305.67;5.044485;5.0;;100.0;1.0;269.07;305.67;5.044485;5.0;;100.0;1.0;262.69;280.78;5.7245;5.7;;;;;;;;;99.2;0.988931;227.75;216.95;6.254972;6.2;;99.2;0.988931;227.75;216.95;6.254972;6.2;;100.0;1.0;262.69;280.78;5.7245;5.7;;;;;;;;;;;;;;;;;;;;;;;;;;;;;;;;;;;;
5;Centro-oeste;52;GO;Goiás;5207105;Diorama;121730.795;59035.3;128987.146;62554.39;96858.664;39103.22;58353.743;2419.722;14007.38;18925.527;93706.373;3152.292;Pecuária, inclusive apoio à pecuária;Agricultura, inclusive apoio à agricultura e a pós colheita;Administração, defesa, educação e saúde públicas e seguridade social;6;True;100.0;1.0;285.63;268.77;4.724675;4.7;;100.0;1.0;285.63;268.77;4.724675;4.7;;98.9;0.989691;280.95;266.07;5.783667;5.7;;;;;;;;;100.0;1.0;257.01;243.61;7.298096;7.3;;100.0;1.0;257.01;243.61;7.298096;7.3;;98.9;0.989691;280.95;266.07;5.783667;5.7;;;;;;;;;;;;;;;;;;;;;;;;;;;;;;;;;;;;
5;Centro-oeste;52;GO;Goiás;5207253;Doverlândia;682107.609;98060.32;452890.404;65107.88;400905.133;55883.07;249246.733;11603.474;76729.615;46705.71;384285.533;16619.601;Agricultura, inclusive apoio à agricultura e a pós colheita;Pecuária, inclusive apoio à pecuária;Demais serviços;7;True;94.0;0.938809;274.72;276.81;4.691803;4.4;;94.0;0.938809;274.72;276.81;4.691803;4.4;;93.5;0.93443;260.26;262.89;5.385833;5.0;;98.2;0.978761;281.3;281.13;6.0405;5.9;;99.8;0.998187;227.17;210.0;6.11754;6.1;;99.8;0.998187;227.17;210.0;6.11754;6.1;;88.0;0.883113;237.53;243.2;4.678833;4.1;;;;;;;;;;;;;;;;;;;;;;;;;;;;;;;;;;;;
5;Centro-oeste;52;GO;Goiás;5207352;Edealina;516262.695;129033.42;532334.984;133050.48;405228.316;110176.27;160143.092;105132.155;74547.847;28587.634;368410.728;36817.588;Agricultura, inclusive apoio à agricultura e a pós colheita;Indústrias de transformação;Demais serviços;6;True;100.0;1.0;296.65;288.32;5.172114;5.2;;100.0;1.0;296.65;288.32;5.172114;5.2;;95.7;0.954252;256.27;253.22;5.158167;4.9;;95.7;0.954252;256.27;253.22;5.158167;4.9;;100.0;1.0;245.47;244.98;7.102777;7.1;;100.0;1.0;245.47;244.98;7.102777;7.1;;;;;;;;;;;;;;;;;;;;;;;;;;;;;;;;;;;;;;;;;;;
5;Centro-oeste;52;GO;Goiás;5207402;Edéia;1196282.559;101837.28;1197314.415;101925.12;923374.92;73522.97;292858.949;276706.81;212998.231;76524.13;859088.12;64286.8;Agricultura, inclusive apoio à agricultura e a pós colheita;Indústrias de transformação;Demais serviços;6;True;100.0;1.0;265.62;263.72;4.368036;4.4;;100.0;1.0;265.62;263.72;4.368036;4.4;;100.0;1.0;261.84;267.67;5.491833;5.5;;;;;;;;;100.0;1.0;223.68;215.01;6.142028;6.1;;100.0;1.0;223.68;215.01;6.142028;6.1;;100.0;1.0;261.84;267.67;5.491833;5.5;;;;;;;;;;;;;;;;;;;;;;;;;;;;;;;;;;;;
5;Centro-oeste;52;GO;Goiás;5207501;Estrela do Norte;113691.244;35473.09;85988.785;26829.57;74810.619;22997.42;24612.083;4728.089;18857.618;21490.123;69687.914;5122.704;Administração, defesa, educação e saúde públicas e seguridade social;Pecuária, inclusive apoio à pecuária;Demais serviços;7;True;98.8;0.986301;275.42;281.64;4.77394;4.7;;98.8;0.986301;275.42;281.64;4.77394;4.7;;100.0;1.0;275.24;272.26;5.791667;5.8;;100.0;1.0;295.49;288.7;6.403167;6.4;;100.0;1.0;241.46;239.16;6.920432;6.9;;100.0;1.0;241.46;239.16;6.920432;6.9;;100.0;1.0;254.14;255.15;5.154833;5.2;;;;;;;;;;;;;;;;;;;;;;;;;;;;;;;;;;;;
5;Centro-oeste;52;GO;Goiás;5207535;Faina;211347.189;29893.52;184745.219;26130.87;167617.966;25680.71;82348.207;4976.394;34089.819;37542.071;158956.49;8661.475;Pecuária, inclusive apoio à pecuária;Administração, defesa, educação e saúde públicas e seguridade social;Demais serviços;6;True;100.0;1.0;267.37;269.5;4.479142;4.5;;100.0;1.0;267.37;269.5;4.479142;4.5;;98.0;0.978663;256.86;243.86;5.012;4.9;;;;;;;;;94.8;0.954204;220.31;199.58;5.797169;5.5;;94.8;0.954204;220.31;199.58;5.797169;5.5;;100.0;1.0;256.86;243.86;5.012;5.0;;;;;;;;;;;;;;;;;;;;;;;;;;;;;;;;;;;;
5;Centro-oeste;52;GO;Goiás;5207600;Fazenda Nova;248809.058;42336.07;184038.88;31315.11;152416.164;27858.92;62007.421;11896.452;42337.46;28647.376;144888.709;7527.455;Pecuária, inclusive apoio à pecuária;Demais serviços;Administração, defesa, educação e saúde públicas e seguridade social;6;True;100.0;1.0;280.16;282.64;4.855483;4.9;;100.0;1.0;280.16;282.64;4.855483;4.9;;100.0;1.0;278.76;278.42;5.953;6.0;;;;;;;;;100.0;1.0;260.26;242.67;7.343028;7.3;;100.0;1.0;260.26;242.67;7.343028;7.3;;100.0;1.0;278.76;278.42;5.953;6.0;;;;;;;;;;;;;;;;;;;;;;;;;;;;;;;;;;;;
5;Centro-oeste;52;GO;Goiás;5207808;Firminópolis;351012.722;33689.67;321738.17;30879.95;272141.888;20004.55;103145.718;12781.604;81855.505;60077.807;257860.634;14281.254;Agricultura, inclusive apoio à agricultura e a pós colheita;Demais serviços;Administração, defesa, educação e saúde públicas e seguridade social;6;True;100.0;1.0;253.59;251.87;4.021681;4.0;;100.0;1.0;253.59;251.87;4.021681;4.0;;99.7;0.996973;256.59;253.04;5.1605;5.1;;;;;;;;;99.8;0.997577;240.99;224.17;6.638917;6.6;;99.8;0.997577;240.99;224.17;6.638917;6.6;;99.7;0.996973;256.59;253.04;5.1605;5.1;;;;;;;;;;;;;;;;;;;;;;;;;;;;;;;;;;;;
5;Centro-oeste;52;GO;Goiás;5207907;Flores de Goiás;287568.896;20923.23;257902.106;18764.71;250971.773;14411.24;121601.646;6894.257;34448.241;77433.248;240377.393;10594.381;Administração, defesa, educação e saúde públicas e seguridade social;Agricultura, inclusive apoio à agricultura e a pós colheita;Pecuária, inclusive apoio à pecuária;6;True;100.0;1.0;284.26;263.13;4.621002;4.6;;100.0;1.0;284.26;263.13;4.621002;4.6;;98.7;0.986484;303.41;295.99;6.656667;6.6;;;;;;;;;99.4;0.993919;213.11;202.77;5.717765;5.7;;99.4;0.993919;213.11;202.77;5.717765;5.7;;100.0;1.0;303.41;295.99;6.656667;6.7;;;;;;;;;;;;;;;;;;;;;;;;;;;;;;;;;;;;
5;Centro-oeste;52;GO;Goiás;5208004;Formosa;3918238.829;33806.77;3836842.423;33170.88;3248096.789;25839.04;246645.32;550539.698;1483808.452;588758.843;2869752.313;378344.476;Demais serviços;Administração, defesa, educação e saúde públicas e seguridade social;Comércio e reparação de veículos automotores e motocicletas;7;True;99.8;0.99833;301.47;290.99;5.279781;5.3;;98.9;0.955637;301.47;290.99;5.279781;5.0;;95.6;0.955163;271.26;265.79;5.6175;5.4;;91.4;0.913493;240.12;250.29;4.840167;4.4;;94.6;0.94454;213.97;202.4;5.72745;5.4;;94.6;0.94454;213.97;202.4;5.72745;5.4;;99.8;0.997744;300.0;280.08;6.334667;6.3;;;;;;;;;;;;;;;;;;;;;;;;;;;;;;;;;;;;
5;Centro-oeste;52;GO;Goiás;5208103;Formoso;133519.621;28652.28;121774.719;26131.91;111687.492;27254.15;34892.501;5312.989;36403.625;24829.076;101438.191;10249.301;Pecuária, inclusive apoio à pecuária;Administração, defesa, educação e saúde públicas e seguridade social;Demais serviços;6;True;98.7;0.986574;273.45;272.63;4.611392;4.5;;98.7;0.986574;273.45;272.63;4.611392;4.5;;100.0;1.0;274.66;276.39;5.850833;5.9;;;;;;;;;100.0;1.0;232.92;223.01;6.463818;6.5;;100.0;1.0;232.92;223.01;6.463818;6.5;;100.0;1.0;274.66;276.39;5.850833;5.9;;;;;;;;;;;;;;;;;;;;;;;;;;;;;;;;;;;;
5;Centro-oeste;52;GO;Goiás;5208152;Gameleira de Goiás;244381.602;70712.27;327275.192;94697.68;312545.465;79670.01;226394.521;10370.404;39523.646;27254.28;303542.851;9002.614;Agricultura, inclusive apoio à agricultura e a pós colheita;Pecuária, inclusive apoio à pecuária;Demais serviços;6;True;100.0;1.0;302.45;285.89;5.217198;5.2;;100.0;1.0;302.45;285.89;5.217198;5.2;;95.7;0.957937;278.43;265.27;5.728333;5.5;;95.7;0.957937;278.43;265.27;5.728333;5.5;;96.4;0.965297;218.12;214.78;6.031739;5.8;;96.4;0.965297;218.12;214.78;6.031739;5.8;;;;;;;;;;;;;;;;;;;;;;;;;;;;;;;;;;;;;;;;;;;
5;Centro-oeste;52;GO;Goiás;5208301;Divinópolis de Goiás;113664.844;25502.55;105752.267;23727.23;91720.057;19510.75;23008.163;12663.694;20843.93;28268.144;84783.931;6936.126;Administração, defesa, educação e saúde públicas e seguridade social;Pecuária, inclusive apoio à pecuária;Demais serviços;6;True;97.1;0.974291;264.84;246.38;4.097501;4.0;;97.1;0.974291;264.84;246.38;4.097501;4.0;;94.4;0.9448;237.65;225.83;4.391333;4.1;;;;;;;;;99.4;0.993128;200.92;183.47;5.134222;5.1;;99.4;0.993128;200.92;183.47;5.134222;5.1;;95.6;0.953381;237.65;225.83;4.391333;4.2;;;;;;;;;;;;;;;;;;;;;;;;;;;;;;;;;;;;
5;Centro-oeste;52;GO;Goiás;5208400;Goianápolis;396359.317;28378.27;338710.354;24250.76;294419.541;26247.62;50289.313;57852.106;93630.478;60447.738;262219.634;32199.907;Demais serviços;Administração, defesa, educação e saúde públicas e seguridade social;Indústrias de transformação;6;True;97.1;0.97215;306.68;300.8;5.499812;5.3;;97.1;0.97215;306.68;300.8;5.499812;5.3;;96.1;0.961618;280.14;275.97;5.935167;5.7;;;;;;;;;99.4;0.993704;235.53;216.12;6.388355;6.3;;99.4;0.993704;235.53;216.12;6.388355;6.3;;96.1;0.961618;280.14;275.97;5.935167;5.7;;;;;;;;;;;;;;;;;;;;;;;;;;;;;;;;;;;;
5;Centro-oeste;52;GO;Goiás;5208509;Goiandira;210732.246;42375.28;185998.593;37439.33;202210.124;35789.4;52611.703;44476.685;64032.419;28412.918;189533.725;12676.399;Demais serviços;Eletricidade e gás, água, esgoto, atividades de gestão de resíduos e descontaminação;Agricultura, inclusive apoio à agricultura e a pós colheita;6;True;95.8;0.958489;272.84;273.06;4.609261;4.4;;95.8;0.958489;272.84;273.06;4.609261;4.4;;99.5;0.995438;261.16;268.66;5.497;5.5;;;;;;;;;100.0;1.0;205.96;196.76;5.472042;5.5;;100.0;1.0;205.96;196.76;5.472042;5.5;;99.5;0.995438;261.16;268.66;5.497;5.5;;;;;;;;;;;;;;;;;;;;;;;;;;;;;;;;;;;;
5;Centro-oeste;52;GO;Goiás;5208608;Goianésia;2691742.145;36519.49;2340498.656;31753.66;1888440.09;26211.95;110519.954;453001.036;772297.239;339378.517;1675196.747;213243.343;Demais serviços;Administração, defesa, educação e saúde públicas e seguridade social;Indústrias de transformação;6;True;96.9;0.970881;297.44;298.15;5.330366;5.2;;96.9;0.970881;297.44;298.15;5.330366;5.2;;99.7;0.997241;279.42;273.28;5.878333;5.9;;;;;;;;;100.0;1.0;261.76;244.97;7.413473;7.4;;100.0;1.0;261.76;244.97;7.413473;7.4;;99.7;0.997241;279.42;273.28;5.878333;5.9;;;;;;;;;;;;;;;;;;;;;;;;;;;;;;;;;;;;
5;Centro-oeste;52;GO;Goiás;5208707;Goiânia;75780845.992;52722.02;66273858.302;46111.99;59870498.596;38486.43;77119.182;8482382.885;34800495.443;7800994.013;51160991.524;8709507.072;Demais serviços;Comércio e reparação de veículos automotores e motocicletas;Administração, defesa, educação e saúde públicas e seguridade social;10;True;98.5;0.984987;280.31;290.51;4.975405;4.9;;97.9;0.964043;280.47;290.68;4.980197;4.8;;99.1;0.991498;266.38;270.06;5.607333;5.6;;98.9;0.988499;262.36;267.17;5.492167;5.4;;99.8;0.9978;235.96;223.91;6.538197;6.5;;99.8;0.9978;235.98;223.79;6.536397;6.5;;99.3;0.993246;267.67;270.89;5.642667;5.6;;100.0;1.0;231.16;228.38;6.527867;6.5;;;;;;;;;;;244.8;232.19;6.857445;;;;;286.91;299.21;6.435333;;;;;;;;;
5;Centro-oeste;52;GO;Goiás;5208806;Goianira;1604686.6;22313.35;1465103.202;20372.42;1102804.593;23830.0;30258.867;234856.204;482661.043;220238.137;968014.251;134790.341;Demais serviços;Administração, defesa, educação e saúde públicas e seguridade social;Indústrias de transformação;6;True;99.5;0.995968;278.44;287.24;4.900188;4.9;;99.5;0.995968;278.44;287.24;4.900188;4.9;;99.9;0.998498;263.3;266.34;5.494;5.5;;;;;;;;;97.8;0.977406;231.89;218.97;6.370707;6.2;;97.8;0.977406;231.89;218.97;6.370707;6.2;;99.9;0.998498;263.3;266.34;5.494;5.5;;;;;;;;;;;;;;;;;;;;;;;;;;;;;;;;;;;;
5;Centro-oeste;52;GO;Goiás;5208905;Goiás;793947.242;32983.56;760982.127;31614.06;763778.659;34525.75;184855.058;45583.98;358903.48;115781.589;705124.108;58654.552;Demais serviços;Pecuária, inclusive apoio à pecuária;Administração, defesa, educação e saúde públicas e seguridade social;6;True;98.3;0.984224;292.49;291.52;5.161592;5.1;;96.9;0.970566;291.3;291.84;5.149669;5.0;;99.6;0.995722;268.5;272.85;5.689167;5.7;;;;;;;;;100.0;1.0;217.93;215.14;6.034659;6.0;;100.0;1.0;217.93;215.14;6.034659;6.0;;99.5;0.995467;268.5;272.85;5.689167;5.7;;;;;;;;;;;;;;;;;;;;;;;;;;;;;;;;;;;;
5;Centro-oeste;52;GO;Goiás;5209101;Goiatuba;2725199.918;76413.19;2732049.442;76637.48;2169650.236;63242.2;660508.362;429844.526;639413.661;253403.79;1983170.34;186479.896;Agricultura, inclusive apoio à agricultura e a pós colheita;Demais serviços;Indústrias de transformação;8;True;99.7;0.997319;296.61;299.26;5.335325;5.3;;99.4;0.995289;295.1;297.31;5.284926;5.3;;99.5;0.994746;278.55;275.24;5.8965;5.9;;93.2;0.932315;251.03;256.5;5.1255;4.8;;96.0;0.959789;229.97;220.56;6.362975;6.1;;96.0;0.959789;229.97;220.56;6.362975;6.1;;99.7;0.997497;279.65;275.99;5.927333;5.9;;;;;;;;;;;;;;;;;;;;;;;;;;;;;;94.6;0.951353;279.45;277.18;4.763775;4.5;
5;Centro-oeste;52;GO;Goiás;5209150;Gouvelândia;338160.136;77029.64;283452.762;64567.83;169400.417;27880.25;79081.875;5568.404;37705.971;40340.645;162696.895;6703.522;Agricultura, inclusive apoio à agricultura e a pós colheita;Administração, defesa, educação e saúde públicas e seguridade social;Demais serviços;6;True;99.3;0.992558;265.99;271.64;4.491796;4.5;;99.3;0.992558;265.99;271.64;4.491796;4.5;;98.9;0.989158;240.98;247.01;4.799833;4.7;;;;;;;;;99.1;0.991264;227.5;213.47;6.186929;6.1;;99.1;0.991264;227.5;213.47;6.186929;6.1;;98.9;0.989158;240.98;247.01;4.799833;4.7;;;;;;;;;;;;;;;;;;;;;;;;;;;;;;;;;;;;
5;Centro-oeste;52;GO;Goiás;5209200;Guapó;497333.981;25445.59;448765.391;22960.62;347724.615;24477.31;55742.339;44457.817;132188.669;82523.387;314912.212;32812.403;Demais serviços;Administração, defesa, educação e saúde públicas e seguridade social;Pecuária, inclusive apoio à pecuária;6;True;100.0;1.0;280.11;281.93;4.844152;4.8;;100.0;1.0;280.11;281.93;4.844152;4.8;;100.0;1.0;261.28;258.69;5.332833;5.3;;;;;;;;;100.0;1.0;223.76;215.64;6.155009;6.2;;100.0;1.0;223.76;215.64;6.155009;6.2;;100.0;1.0;261.28;258.69;5.332833;5.3;;;;;;;;;;;;;;;;;;;;;;;;;;;;;;;;;;;;
5;Centro-oeste;52;GO;Goiás;5209291;Guaraíta;60565.106;27680.58;55037.506;25154.25;52186.069;27394.26;22363.716;1869.646;8887.162;17267.347;50387.871;1798.199;Pecuária, inclusive apoio à pecuária;Administração, defesa, educação e saúde públicas e seguridade social;Demais serviços;4;True;100.0;1.0;269.11;266.27;4.455227;4.5;;100.0;1.0;269.11;266.27;4.455227;4.5;;;;;;;;;;;;;;;;100.0;1.0;227.05;207.83;6.075795;6.1;;100.0;1.0;227.05;207.83;6.075795;6.1;;;;;;;;;;;;;;;;;;;;;;;;;;;;;;;;;;;;;;;;;;;
5;Centro-oeste;52;GO;Goiás;5209408;Guarani de Goiás;100115.074;24507.97;91930.952;22504.52;86104.154;22653.03;26373.991;12526.988;16824.545;24940.178;80665.703;5438.451;Pecuária, inclusive apoio à pecuária;Administração, defesa, educação e saúde públicas e seguridade social;Demais serviços;6;True;100.0;1.0;269.98;265.32;4.453224;4.5;;100.0;1.0;269.98;265.32;4.453224;4.5;;95.7;0.956626;245.92;234.92;4.680667;4.5;;87.5;0.874777;228.35;225.21;4.226;3.7;;96.5;0.966078;194.18;187.52;5.079232;4.9;;96.0;0.960258;194.18;187.52;5.079232;4.9;;;;;;;;;;;;;;;;;;;;;;;;;;;;;;;;;;;;;;;;;;;
5;Centro-oeste;52;GO;Goiás;5209457;Guarinos;73546.692;34033.64;72418.781;33511.7;64355.812;38284.24;22792.102;1618.977;21517.298;14124.859;60053.236;4302.576;Pecuária, inclusive apoio à pecuária;Demais serviços;Administração, defesa, educação e saúde públicas e seguridade social;6;True;100.0;1.0;293.22;281.94;5.028431;5.0;;100.0;1.0;293.22;281.94;5.028431;5.0;;100.0;1.0;321.18;282.1;6.721333;6.7;;;;;;;;;100.0;1.0;221.23;204.67;5.907272;5.9;;100.0;1.0;221.23;204.67;5.907272;5.9;;100.0;1.0;321.18;282.1;6.721333;6.7;;;;;;;;;;;;;;;;;;;;;;;;;;;;;;;;;;;;
5;Centro-oeste;52;GO;Goiás;5209606;Heitoraí;96556.956;28788.6;85602.387;25522.48;83890.271;22418.57;37700.725;3221.052;16764.115;21788.734;79474.626;4415.645;Pecuária, inclusive apoio à pecuária;Administração, defesa, educação e saúde públicas e seguridade social;Demais serviços;6;True;93.2;0.933049;255.65;258.2;4.145374;3.9;;93.2;0.933049;255.65;258.2;4.145374;3.9;;98.9;0.986743;244.04;252.42;4.941;4.9;;;;;;;;;100.0;1.0;230.95;206.39;6.124041;6.1;;100.0;1.0;230.95;206.39;6.124041;6.1;;98.9;0.986743;244.04;252.42;4.941;4.9;;;;;;;;;;;;;;;;;;;;;;;;;;;;;;;;;;;;
5;Centro-oeste;52;GO;Goiás;5209705;Hidrolândia;1528148.591;55084.3;1479824.962;53344.33;1329218.145;58989.84;173493.867;156418.808;644519.02;120019.132;1094450.828;234767.318;Comércio e reparação de veículos automotores e motocicletas;Demais serviços;Administração, defesa, educação e saúde públicas e seguridade social;7;True;91.5;0.920874;272.46;283.03;4.753176;4.4;;92.2;0.926523;272.46;283.03;4.753176;4.4;;89.4;0.894059;250.68;246.41;4.9515;4.4;;83.2;0.799925;215.84;220.6;3.940667;3.2;;94.6;0.943745;203.62;197.29;5.437022;5.1;;94.6;0.943745;203.62;197.29;5.437022;5.1;;92.2;0.927919;258.24;252.0;5.170667;4.8;;;;;;;;;;;;;;;;;;;;;;;;;;;;;;;;;;;;
5;Centro-oeste;52;GO;Goiás;5209804;Hidrolina;110996.861;31310.82;102502.908;28914.78;87757.21;25436.87;42687.851;3332.373;18014.814;20191.834;84226.873;3530.337;Agricultura, inclusive apoio à agricultura e a pós colheita;Administração, defesa, educação e saúde públicas e seguridade social;Pecuária, inclusive apoio à pecuária;4;True;;;;;;;;;;;;;;;100.0;1.0;274.18;270.79;5.7495;5.7;;;;;;;;;100.0;1.0;227.16;215.21;6.212076;6.2;;100.0;1.0;227.16;215.21;6.212076;6.2;;100.0;1.0;274.18;270.79;5.7495;5.7;;;;;;;;;;;;;;;;;;;;;;;;;;;;;;;;;;;;
5;Centro-oeste;52;GO;Goiás;5209903;Iaciara;265592.202;25093.75;230099.27;21740.29;226552.05;15937.53;66071.883;8044.166;66778.148;69704.122;210598.32;15953.731;Administração, defesa, educação e saúde públicas e seguridade social;Pecuária, inclusive apoio à pecuária;Demais serviços;6;True;99.8;0.997992;260.4;257.38;4.199812;4.2;;99.8;0.997992;260.4;257.38;4.199812;4.2;;99.7;0.997242;260.89;256.44;5.288833;5.3;;;;;;;;;99.6;0.996173;207.69;194.55;5.464875;5.4;;99.6;0.996173;207.69;194.55;5.464875;5.4;;100.0;1.0;260.89;256.44;5.288833;5.3;;;;;;;;;;;;;;;;;;;;;;;;;;;;;;;;;;;;
5;Centro-oeste;52;GO;Goiás;5209937;Inaciolândia;373360.719;62707.54;404147.344;67878.29;237549.562;37856.5;130635.888;8689.287;52946.089;35638.267;227909.531;9640.031;Agricultura, inclusive apoio à agricultura e a pós colheita;Demais serviços;Administração, defesa, educação e saúde públicas e seguridade social;7;True;99.0;0.99187;290.96;286.53;5.065402;5.0;;99.0;0.99187;290.96;286.53;5.065402;5.0;;98.5;0.985892;254.02;256.41;5.173833;5.1;;100.0;1.0;262.11;278.15;5.671;5.7;;99.5;0.994481;222.07;226.04;6.311848;6.3;;99.5;0.994481;222.07;226.04;6.311848;6.3;;97.3;0.976796;251.66;250.1;5.029333;4.9;;;;;;;;;;;;;;;;;;;;;;;;;;;;;;;;;;;;
5;Centro-oeste;52;GO;Goiás;5209952;Indiara;754046.791;44197.1;782636.688;45872.85;656345.13;41119.23;253436.564;108500.717;167237.175;79092.752;608267.209;48077.921;Agricultura, inclusive apoio à agricultura e a pós colheita;Demais serviços;Administração, defesa, educação e saúde públicas e seguridade social;7;True;99.1;0.990658;277.67;277.51;4.743715;4.7;;99.1;0.990658;277.67;277.51;4.743715;4.7;;97.9;0.979395;261.9;258.94;5.347333;5.2;;96.9;0.967167;252.97;251.81;5.079667;4.9;;99.9;0.998996;232.63;221.99;6.439738;6.4;;99.9;0.998996;232.63;221.99;6.439738;6.4;;100.0;1.0;273.89;268.52;5.706833;5.7;;;;;;;;;;;;;;;;;;;;;;;;;;;;;;;;;;;;
5;Centro-oeste;52;GO;Goiás;5210000;Inhumas;1880643.106;36024.89;1717480.219;32899.4;1406365.17;26211.26;205172.903;252602.014;550896.068;264790.595;1273461.58;132903.589;Demais serviços;Administração, defesa, educação e saúde públicas e seguridade social;Indústrias de transformação;7;True;99.6;0.996322;288.54;288.71;5.064048;5.0;;97.7;0.977628;288.54;288.71;5.064048;5.0;;99.3;0.992739;274.53;272.34;5.781167;5.7;;96.8;0.966546;261.71;265.13;5.447333;5.3;;99.8;0.998398;234.15;229.15;6.598928;6.6;;99.8;0.998398;234.15;229.15;6.598928;6.6;;99.8;0.998497;277.49;274.01;5.858333;5.8;;;;;;;;;;;;;;;;;;;;;;;;;;;;;;;;;;;;
5;Centro-oeste;52;GO;Goiás;5210109;Ipameri;2797965.496;109517.99;2858914.471;111903.65;2429509.165;88781.62;845635.473;697982.956;528072.724;155639.139;2227330.293;202178.872;Agricultura, inclusive apoio à agricultura e a pós colheita;Indústrias de transformação;Demais serviços;8;True;98.0;0.980818;287.5;293.22;5.116957;5.0;;98.2;0.982512;289.28;294.99;5.168454;5.1;;97.3;0.972443;263.11;265.34;5.474167;5.3;;95.7;0.957582;278.0;287.71;6.095167;5.8;;99.1;0.991305;214.45;206.81;5.816792;5.8;;99.1;0.991305;214.45;206.81;5.816792;5.8;;98.2;0.981729;255.74;254.26;5.166667;5.1;;;;;;;;;98.8;0.990143;294.61;300.32;5.323104;5.3;;;;;;;;;;;;;;;;;;;;;;
5;Centro-oeste;52;GO;Goiás;5210158;Ipiranga de Goiás;95822.2;32827.06;95533.846;32728.28;69954.362;24188.92;30260.934;3460.406;13547.354;19297.934;66566.628;3387.734;Pecuária, inclusive apoio à pecuária;Administração, defesa, educação e saúde públicas e seguridade social;Demais serviços;6;True;100.0;1.0;308.43;293.41;5.413762;5.4;;100.0;1.0;308.43;293.41;5.413762;5.4;;100.0;1.0;281.24;279.05;6.004833;6.0;;;;;;;;;100.0;1.0;272.18;239.88;7.519782;7.5;;100.0;1.0;272.18;239.88;7.519782;7.5;;100.0;1.0;281.24;279.05;6.004833;6.0;;;;;;;;;;;;;;;;;;;;;;;;;;;;;;;;;;;;
5;Centro-oeste;52;GO;Goiás;5210208;Iporá;1227630.812;34402.84;1098898.322;30795.27;876399.161;27847.83;94744.862;92073.692;432733.675;165769.319;785321.547;91077.613;Demais serviços;Administração, defesa, educação e saúde públicas e seguridade social;Comércio e reparação de veículos automotores e motocicletas;7;True;98.9;0.989551;286.24;288.99;5.035937;5.0;;96.2;0.96286;294.43;295.08;5.242132;5.0;;99.5;0.995736;277.07;274.78;5.864167;5.8;;;;;;;;;99.4;0.993967;251.15;242.15;7.159719;7.1;;99.5;0.994371;258.11;246.44;7.370543;7.3;;99.5;0.995736;277.07;274.78;5.864167;5.8;;98.7;0.987;241.3;236.07;6.861196;6.8;;;;;;;;;;;;;;;;;;;;;;;;;;;;;
5;Centro-oeste;52;GO;Goiás;5210307;Israelândia;90979.919;35539.03;82656.196;32287.58;71478.706;25785.97;27458.973;3476.44;16370.481;20441.224;67747.117;3731.59;Administração, defesa, educação e saúde públicas e seguridade social;Pecuária, inclusive apoio à pecuária;Demais serviços;6;True;97.9;0.972944;284.33;272.5;4.762254;4.6;;97.9;0.972944;284.33;272.5;4.762254;4.6;;100.0;1.0;257.4;256.55;5.2325;5.2;;;;;;;;;99.2;0.991736;214.3;211.64;5.901747;5.9;;99.2;0.991736;214.3;211.64;5.901747;5.9;;100.0;1.0;257.4;256.55;5.2325;5.2;;;;;;;;;;;;;;;;;;;;;;;;;;;;;;;;;;;;
5;Centro-oeste;52;GO;Goiás;5210406;Itaberaí;2305609.003;51540.42;2164544.348;48387.01;1805074.512;40719.95;416898.459;371599.269;599171.587;216126.331;1603795.645;201278.867;Demais serviços;Indústrias de transformação;Administração, defesa, educação e saúde públicas e seguridade social;7;True;99.1;0.992629;276.59;281.07;4.78184;4.7;;99.1;0.992629;276.59;281.07;4.78184;4.7;;99.1;0.990493;262.07;260.46;5.3755;5.3;;98.2;0.98198;246.35;248.98;4.922167;4.8;;99.9;0.999197;242.77;228.75;6.756159;6.8;;99.9;0.999197;242.77;228.75;6.756159;6.8;;100.0;1.0;279.46;273.16;5.877;5.9;;;;;;;;;;;;;;;;;;;;;;;;;;;;;;;;;;;;
5;Centro-oeste;52;GO;Goiás;5210562;Itaguari;126630.316;25514.87;121328.596;24446.62;98151.455;20954.62;26088.232;6822.412;31363.591;26747.063;91021.298;7130.157;Administração, defesa, educação e saúde públicas e seguridade social;Demais serviços;Pecuária, inclusive apoio à pecuária;6;True;96.2;0.963005;279.6;262.34;4.543726;4.4;;96.2;0.963005;279.6;262.34;4.543726;4.4;;100.0;1.0;260.1;261.79;5.364833;5.4;;;;;;;;;100.0;1.0;256.56;230.82;7.056963;7.1;;100.0;1.0;256.56;230.82;7.056963;7.1;;100.0;1.0;260.1;261.79;5.364833;5.4;;;;;;;;;;;;;;;;;;;;;;;;;;;;;;;;;;;;
5;Centro-oeste;52;GO;Goiás;5210604;Itaguaru;119889.318;24447.25;110283.859;22488.55;104100.47;20081.11;25263.031;8086.842;34846.865;29500.471;97697.209;6403.261;Administração, defesa, educação e saúde públicas e seguridade social;Demais serviços;Pecuária, inclusive apoio à pecuária;6;True;100.0;1.0;293.67;285.75;5.091787;5.1;;100.0;1.0;293.67;285.75;5.091787;5.1;;100.0;1.0;298.54;293.41;6.5325;6.5;;;;;;;;;100.0;1.0;249.3;237.33;7.036777;7.0;;100.0;1.0;249.3;237.33;7.036777;7.0;;100.0;1.0;298.54;293.41;6.5325;6.5;;;;;;;;;;;;;;;;;;;;;;;;;;;;;;;;;;;;
5;Centro-oeste;52;GO;Goiás;5210802;Itajá;188305.516;42992.13;139352.103;31815.55;131521.076;29809.85;60632.605;3229.57;29368.522;30791.437;124022.134;7498.942;Pecuária, inclusive apoio à pecuária;Administração, defesa, educação e saúde públicas e seguridade social;Demais serviços;6;True;97.0;0.973071;284.53;276.64;4.827039;4.7;;97.0;0.973071;284.53;276.64;4.827039;4.7;;98.3;0.979896;261.94;255.8;5.295667;5.2;;;;;;;;;100.0;1.0;210.86;202.92;5.677553;5.7;;100.0;1.0;210.86;202.92;5.677553;5.7;;97.8;0.974013;261.94;255.8;5.295667;5.2;;;;;;;;;;;;;;;;;;;;;;;;;;;;;;;;;;;;
5;Centro-oeste;52;GO;Goiás;5210901;Itapaci;599908.34;28449.2;631233.575;29934.73;547603.022;22960.29;78764.412;119768.165;189237.501;110926.808;498696.885;48906.137;Demais serviços;Administração, defesa, educação e saúde públicas e seguridade social;Indústrias de transformação;7;True;100.0;1.0;301.24;287.93;5.230742;5.2;;100.0;1.0;301.24;287.93;5.230742;5.2;;98.0;0.979606;274.91;268.99;5.731667;5.6;;95.0;0.953226;252.98;255.66;5.144;4.9;;99.4;0.994137;229.37;215.62;6.261706;6.2;;99.4;0.994137;229.37;215.62;6.261706;6.2;;99.4;0.992967;281.86;273.21;5.917833;5.9;;;;;;;;;;;;;;;;;;;;;;;;;;;;;;;;;;;;
5;Centro-oeste;52;GO;Goiás;5211008;Itapirapuã;300250.649;37498.52;274553.465;34310.61;222293.143;50751.86;114878.526;9333.363;56666.39;30112.42;210990.699;11302.443;Pecuária, inclusive apoio à pecuária;Demais serviços;Administração, defesa, educação e saúde públicas e seguridade social;6;True;100.0;1.0;262.39;263.87;4.324917;4.3;;100.0;1.0;262.39;263.87;4.324917;4.3;;100.0;1.0;245.99;251.84;4.963833;5.0;;;;;;;;;100.0;1.0;190.28;187.68;5.007714;5.0;;100.0;1.0;190.28;187.68;5.007714;5.0;;100.0;1.0;245.99;251.84;4.963833;5.0;;;;;;;;;;;;;;;;;;;;;;;;;;;;;;;;;;;;
5;Centro-oeste;52;GO;Goiás;5211206;Itapuranga;734912.624;28143.55;670131.038;25662.74;553624.989;21628.51;124884.848;37038.8;221761.791;125116.062;508801.501;44823.488;Demais serviços;Administração, defesa, educação e saúde públicas e seguridade social;Pecuária, inclusive apoio à pecuária;6;True;95.8;0.960095;298.67;300.17;5.37788;5.2;;95.8;0.960095;298.67;300.17;5.37788;5.2;;99.4;0.994214;285.96;281.64;6.126667;6.1;;;;;;;;;98.1;0.980958;236.66;222.57;6.527192;6.4;;98.1;0.980958;236.66;222.57;6.527192;6.4;;99.4;0.994214;285.96;281.64;6.126667;6.1;;;;;;;;;;;;;;;;;;;;;;;;;;;;;;;;;;;;
5;Centro-oeste;52;GO;Goiás;5211305;Itarumã;412359.244;67588.8;365932.914;59979.17;324864.117;44277.51;139681.438;59794.439;64306.778;44784.205;308566.861;16297.256;Pecuária, inclusive apoio à pecuária;Eletricidade e gás, água, esgoto, atividades de gestão de resíduos e descontaminação;Demais serviços;6;True;87.2;0.872581;272.3;273.45;4.607515;4.0;;87.2;0.872581;272.3;273.45;4.607515;4.0;;96.8;0.968814;273.09;276.61;5.828333;5.6;;;;;;;;;99.5;0.994961;263.97;242.65;7.413466;7.4;;99.5;0.994961;263.97;242.65;7.413466;7.4;;96.6;0.967255;273.09;276.61;5.828333;5.6;;;;;;;;;;;;;;;;;;;;;;;;;;;;;;;;;;;;
5;Centro-oeste;52;GO;Goiás;5211404;Itauçu;359650.707;46490.53;301870.783;39021.56;219255.736;24448.68;30609.971;47402.307;77906.959;41132.64;197051.877;22203.859;Demais serviços;Administração, defesa, educação e saúde públicas e seguridade social;Indústrias de transformação;6;True;97.7;0.978233;289.87;291.54;5.125093;5.0;;97.7;0.978233;289.87;291.54;5.125093;5.0;;99.1;0.991474;276.42;273.61;5.833833;5.8;;;;;;;;;100.0;1.0;269.05;255.06;7.736049;7.7;;100.0;1.0;269.05;255.06;7.736049;7.7;;99.0;0.990216;276.42;273.61;5.833833;5.8;;;;;;;;;;;;;;;;;;;;;;;;;;;;;;;;;;;;
5;Centro-oeste;52;GO;Goiás;5211503;Itumbiara;6555376.192;60714.79;6509932.893;60293.9;5324712.276;49835.86;391457.039;1546835.204;2118942.229;585655.576;4642890.048;681822.228;Demais serviços;Indústrias de transformação;Comércio e reparação de veículos automotores e motocicletas;6;True;99.7;0.996995;288.64;292.42;5.120992;5.1;;97.9;0.980276;288.64;292.42;5.120992;5.0;;99.8;0.998248;282.92;281.08;6.066667;6.1;;;;;;;;;98.6;0.985771;244.94;231.35;6.844844;6.7;;98.6;0.985771;244.94;231.35;6.844844;6.7;;99.9;0.9995;282.92;281.08;6.066667;6.1;;;;;;;;;;;;;;;;;;;;;;;;;;;;;;;;;;;;
5;Centro-oeste;52;GO;Goiás;5211602;Ivolândia;145721.78;54111.32;151242.58;56161.37;139635.196;60843.22;65131.579;35794.358;14623.393;17669.934;133219.264;6415.932;Pecuária, inclusive apoio à pecuária;Eletricidade e gás, água, esgoto, atividades de gestão de resíduos e descontaminação;Administração, defesa, educação e saúde públicas e seguridade social;6;True;100.0;1.0;306.62;299.47;5.479059;5.5;;100.0;1.0;306.62;299.47;5.479059;5.5;;100.0;1.0;283.96;292.42;6.273;6.3;;;;;;;;;100.0;1.0;221.56;206.88;5.953752;6.0;;100.0;1.0;221.56;206.88;5.953752;6.0;;100.0;1.0;283.96;292.42;6.273;6.3;;;;;;;;;;;;;;;;;;;;;;;;;;;;;;;;;;;;
5;Centro-oeste;52;GO;Goiás;5211701;Jandaia;446722.52;71224.89;502063.495;80048.39;426843.294;71128.69;184825.099;106907.009;74542.287;38666.586;404940.981;21902.313;Agricultura, inclusive apoio à agricultura e a pós colheita;Indústrias de transformação;Demais serviços;6;True;100.0;1.0;274.77;281.72;4.766009;4.8;;100.0;1.0;274.77;281.72;4.766009;4.8;;100.0;1.0;273.02;276.07;5.818167;5.8;;;;;;;;;100.0;1.0;211.93;199.6;5.637609;5.6;;100.0;1.0;211.93;199.6;5.637609;5.6;;100.0;1.0;273.02;276.07;5.818167;5.8;;;;;;;;;;;;;;;;;;;;;;;;;;;;;;;;;;;;
5;Centro-oeste;52;GO;Goiás;5211800;Jaraguá;1205295.699;26652.27;1067820.52;23612.33;919842.873;17635.02;156683.69;107876.778;352477.74;227558.005;844596.213;75246.659;Demais serviços;Administração, defesa, educação e saúde públicas e seguridade social;Pecuária, inclusive apoio à pecuária;6;True;97.3;0.973943;287.29;282.52;4.953827;4.8;;97.3;0.973943;287.29;282.52;4.953827;4.8;;99.9;0.998997;279.82;276.05;5.931167;5.9;;;;;;;;;100.0;1.0;240.2;224.6;6.631659;6.6;;100.0;1.0;240.2;224.6;6.631659;6.6;;99.9;0.998997;279.82;276.05;5.931167;5.9;;;;;;;;;;;;;;;;;;;;;;;;;;;;;;;;;;;;
5;Centro-oeste;52;GO;Goiás;5211909;Jataí;10026116.752;94828.45;10563395.435;99910.1;7997057.279;77475.1;2484524.81;1518952.568;2690884.854;531942.964;7226305.197;770752.082;Agricultura, inclusive apoio à agricultura e a pós colheita;Demais serviços;Indústrias de transformação;6;True;98.9;0.989299;284.0;285.9;4.958218;4.9;;97.9;0.979196;284.0;285.9;4.958218;4.9;;99.4;0.994243;272.23;270.19;5.707;5.7;;;;;;;;;96.1;0.961918;223.16;213.66;6.107559;5.9;;96.1;0.961918;223.16;213.66;6.107559;5.9;;99.4;0.994243;272.23;270.19;5.707;5.7;;;;;;;;;;;;;;;;;;;;;;;;;;;;;;;;;;;;
5;Centro-oeste;52;GO;Goiás;5212006;Jaupaci;112607.354;38511.41;105007.762;35912.37;83166.033;29252.91;37007.196;4204.958;17529.845;21175.636;79917.635;3248.398;Administração, defesa, educação e saúde públicas e seguridade social;Agricultura, inclusive apoio à agricultura e a pós colheita;Pecuária, inclusive apoio à pecuária;4;True;;;;;;;;;;;;;;;98.4;0.983731;275.02;265.72;5.679;5.6;;;;;;;;;100.0;1.0;211.93;198.91;5.625064;5.6;;100.0;1.0;211.93;198.91;5.625064;5.6;;98.4;0.983731;275.02;265.72;5.679;5.6;;;;;;;;;;;;;;;;;;;;;;;;;;;;;;;;;;;;
5;Centro-oeste;52;GO;Goiás;5212055;Jesúpolis;51231.518;24131.66;44293.838;20863.8;39675.131;15889.12;9137.323;2045.998;9172.287;17300.055;37655.663;2019.468;Administração, defesa, educação e saúde públicas e seguridade social;Demais serviços;Pecuária, inclusive apoio à pecuária;6;True;95.7;0.96022;285.2;301.73;5.212048;5.0;;95.7;0.96022;285.2;301.73;5.212048;5.0;;100.0;1.0;286.57;280.03;6.11;6.1;;;;;;;;;100.0;1.0;278.97;253.67;7.90009;7.9;;100.0;1.0;278.97;253.67;7.90009;7.9;;100.0;1.0;286.57;280.03;6.11;6.1;;;;;;;;;;;;;;;;;;;;;;;;;;;;;;;;;;;;
5;Centro-oeste;52;GO;Goiás;5212105;Joviânia;423165.114;59109.53;462961.839;64668.51;342154.792;46131.16;164043.373;13891.294;105068.35;40799.094;323802.111;18352.68;Agricultura, inclusive apoio à agricultura e a pós colheita;Demais serviços;Administração, defesa, educação e saúde públicas e seguridade social;7;True;100.0;1.0;303.92;291.09;5.315688;5.3;;100.0;1.0;303.92;291.09;5.315688;5.3;;87.9;0.874494;260.0;259.63;5.327167;4.7;;80.2;0.797102;244.59;242.49;4.784667;3.8;;98.6;0.986122;222.68;212.13;6.07058;6.0;;98.6;0.986122;222.68;212.13;6.07058;6.0;;100.0;1.0;285.83;288.37;6.236667;6.2;;;;;;;;;;;;;;;;;;;;;;;;;;;;;;;;;;;;
5;Centro-oeste;52;GO;Goiás;5212204;Jussara;884366.458;45074.74;838117.328;42706.62;693525.83;37968.13;226435.833;45588.883;269502.734;89654.58;631182.03;62343.801;Demais serviços;Pecuária, inclusive apoio à pecuária;Administração, defesa, educação e saúde públicas e seguridade social;6;True;98.8;0.988306;287.58;285.07;4.996074;4.9;;98.8;0.988306;287.58;285.07;4.996074;4.9;;99.9;0.998997;281.55;279.2;6.0125;6.0;;;;;;;;;99.8;0.997984;233.31;223.2;6.474715;6.5;;99.8;0.997984;233.31;223.2;6.474715;6.5;;99.9;0.998997;281.55;279.2;6.0125;6.0;;;;;;;;;;;;;;;;;;;;;;;;;;;;;;;;;;;;
5;Centro-oeste;52;GO;Goiás;5212253;Lagoa Santa;67251.224;48382.18;58208.511;41876.63;51869.992;31398.3;16875.456;1899.572;13731.304;16207.521;48713.854;3156.138;Administração, defesa, educação e saúde públicas e seguridade social;Pecuária, inclusive apoio à pecuária;Demais serviços;4;True;;;;;;;;;;;;;;;100.0;1.0;284.75;272.84;5.959833;6.0;;;;;;;;;100.0;1.0;244.33;224.39;6.706657;6.7;;100.0;1.0;244.33;224.39;6.706657;6.7;;100.0;1.0;284.75;272.84;5.959833;6.0;;;;;;;;;;;;;;;;;;;;;;;;;;;;;;;;;;;;
5;Centro-oeste;52;GO;Goiás;5212303;Leopoldo de Bulhões;452341.998;51725.79;380977.004;43565.12;343235.764;44791.3;216804.483;22748.204;49783.089;40152.99;329488.766;13746.998;Pecuária, inclusive apoio à pecuária;Agricultura, inclusive apoio à agricultura e a pós colheita;Demais serviços;6;True;99.6;0.996644;284.44;275.81;4.81335;4.8;;99.6;0.996644;284.44;275.81;4.81335;4.8;;98.6;0.986242;266.94;266.11;5.550833;5.5;;;;;;;;;98.4;0.984579;232.27;218.76;6.374141;6.3;;98.4;0.984579;232.27;218.76;6.374141;6.3;;99.7;0.997481;266.94;266.11;5.550833;5.5;;;;;;;;;;;;;;;;;;;;;;;;;;;;;;;;;;;;
5;Centro-oeste;52;GO;Goiás;5212501;Luziânia;6264671.451;29956.01;6279118.653;30083.21;5400879.11;25161.91;689768.922;1507828.041;1787115.465;913219.207;4897931.634;502947.476;Demais serviços;Administração, defesa, educação e saúde públicas e seguridade social;Indústrias de transformação;6;True;99.0;0.991949;276.63;283.89;4.824617;4.8;;98.4;0.986242;276.63;283.89;4.824617;4.8;;99.3;0.993244;262.52;263.62;5.435667;5.4;;;;;;;;;95.7;0.956863;222.44;215.99;6.136182;5.9;;95.7;0.956863;222.44;215.99;6.136182;5.9;;99.3;0.993244;262.52;263.62;5.435667;5.4;;;;;;;;;;;;;;;;;;;;;;;;;;;;;;;;;;;;
5;Centro-oeste;52;GO;Goiás;5212600;Mairipotaba;101347.894;39573.56;96453.525;37662.45;88307.045;37449.98;51288.934;3778.782;13782.345;16732.271;85582.332;2724.713;Pecuária, inclusive apoio à pecuária;Agricultura, inclusive apoio à agricultura e a pós colheita;Administração, defesa, educação e saúde públicas e seguridade social;6;True;100.0;1.0;265.03;279.34;4.593582;4.6;;100.0;1.0;265.03;279.34;4.593582;4.6;;99.2;0.991278;248.28;244.12;4.873333;4.8;;;;;;;;;100.0;1.0;220.78;198.37;5.784139;5.8;;100.0;1.0;220.78;198.37;5.784139;5.8;;99.2;0.991278;248.28;244.12;4.873333;4.8;;;;;;;;;;;;;;;;;;;;;;;;;;;;;;;;;;;;
5;Centro-oeste;52;GO;Goiás;5212709;Mambaí;139649.963;17189.8;124921.498;15376.85;107552.11;11593.41;3837.901;4489.875;43088.057;43240.049;94655.882;12896.228;Administração, defesa, educação e saúde públicas e seguridade social;Demais serviços;Comércio e reparação de veículos automotores e motocicletas;6;True;99.7;0.997656;262.66;267.77;4.387092;4.4;;99.7;0.997656;262.66;267.77;4.387092;4.4;;99.6;0.996487;255.07;252.3;5.122833;5.1;;;;;;;;;95.3;0.95406;224.27;218.34;6.213833;5.9;;95.3;0.95406;224.27;218.34;6.213833;5.9;;99.6;0.996487;255.07;252.3;5.122833;5.1;;;;;;;;;;;;;;;;;;;;;;;;;;;;;;;;;;;;
5;Centro-oeste;52;GO;Goiás;5212808;Mara Rosa;411527.717;38460.53;344860.172;32229.92;291277.665;31544.04;109068.536;19138.616;93629.404;48552.016;270388.572;20889.093;Demais serviços;Pecuária, inclusive apoio à pecuária;Administração, defesa, educação e saúde públicas e seguridade social;7;True;100.0;1.0;283.54;281.74;4.889482;4.9;;100.0;1.0;283.54;281.74;4.889482;4.9;;99.6;0.995731;271.13;260.77;5.531667;5.5;;100.0;1.0;230.04;237.99;4.467167;4.5;;98.1;0.983053;223.84;210.86;6.069627;6.0;;98.1;0.983053;223.84;210.86;6.069627;6.0;;99.6;0.995478;275.51;263.2;5.645167;5.6;;;;;;;;;;;;;;;;;;;;;;;;;;;;;;;;;;;;
5;Centro-oeste;52;GO;Goiás;5212907;Marzagão;76281.11;27658.13;73425.118;26622.6;68549.81;30291.56;16216.999;2501.044;24594.514;19086.813;62399.37;6150.441;Administração, defesa, educação e saúde públicas e seguridade social;Demais serviços;Comércio e reparação de veículos automotores e motocicletas;6;True;100.0;1.0;324.13;329.52;6.174836;6.2;;100.0;1.0;324.13;329.52;6.174836;6.2;;100.0;1.0;272.31;264.16;5.607833;5.6;;;;;;;;;100.0;1.0;220.02;216.33;6.09618;6.1;;100.0;1.0;220.02;216.33;6.09618;6.1;;100.0;1.0;272.31;264.16;5.607833;5.6;;;;;;;;;;;;;;;;;;;;;;;;;;;;;;;;;;;;
5;Centro-oeste;52;GO;Goiás;5212956;Matrinchã;225034.902;55674.15;210834.774;52161.0;170668.916;39497.55;90557.104;6283.393;41601.568;24994.574;163436.639;7232.278;Agricultura, inclusive apoio à agricultura e a pós colheita;Pecuária, inclusive apoio à pecuária;Demais serviços;6;True;100.0;1.0;246.84;263.43;4.099931;4.1;;100.0;1.0;246.84;263.43;4.099931;4.1;;98.4;0.980693;243.98;238.21;4.703167;4.6;;;;;;;;;95.3;0.951049;206.93;195.52;5.468008;5.2;;95.3;0.951049;206.93;195.52;5.468008;5.2;;100.0;1.0;243.98;238.21;4.703167;4.7;;;;;;;;;;;;;;;;;;;;;;;;;;;;;;;;;;;;
5;Centro-oeste;52;GO;Goiás;5213004;Maurilândia;327507.996;31784.55;367298.173;35646.17;247923.48;17018.36;89701.084;9760.55;68842.626;65956.533;234260.793;13662.687;Agricultura, inclusive apoio à agricultura e a pós colheita;Administração, defesa, educação e saúde públicas e seguridade social;Demais serviços;6;True;100.0;1.0;275.1;274.16;4.65747;4.7;;100.0;1.0;275.1;274.16;4.65747;4.7;;100.0;1.0;270.06;266.56;5.610333;5.6;;;;;;;;;99.9;0.998592;259.13;239.23;7.258918;7.2;;99.9;0.998592;259.13;239.23;7.258918;7.2;;100.0;1.0;270.06;266.56;5.610333;5.6;;;;;;;;;;;;;;;;;;;;;;;;;;;;;;;;;;;;
5;Centro-oeste;52;GO;Goiás;5213053;Mimoso de Goiás;179168.053;68541.72;252300.439;96518.91;247571.865;96144.41;185537.017;9977.078;27006.933;20463.451;242984.478;4587.386;Agricultura, inclusive apoio à agricultura e a pós colheita;Demais serviços;Administração, defesa, educação e saúde públicas e seguridade social;4;True;;;;;;;;;;;;;;;100.0;1.0;243.05;255.82;4.981167;5.0;;;;;;;;;91.7;0.911897;226.88;219.16;6.278551;5.7;;91.7;0.911897;226.88;219.16;6.278551;5.7;;100.0;1.0;243.05;255.82;4.981167;5.0;;;;;;;;;;;;;;;;;;;;;;;;;;;;;;;;;;;;
5;Centro-oeste;52;GO;Goiás;5213087;Minaçu;1286496.521;47516.03;1104593.957;40797.56;1296752.817;45471.38;61463.403;792834.519;223450.458;169170.519;1246918.899;49833.918;Eletricidade e gás, água, esgoto, atividades de gestão de resíduos e descontaminação;Demais serviços;Administração, defesa, educação e saúde públicas e seguridade social;7;True;99.1;0.990987;275.84;274.31;4.670109;4.6;;99.1;0.990987;275.84;274.31;4.670109;4.6;;98.4;0.983957;268.13;267.5;5.593833;5.5;;93.1;0.929029;246.79;260.81;5.126667;4.8;;99.6;0.995973;227.68;215.12;6.220364;6.2;;99.6;0.995973;227.68;215.12;6.220364;6.2;;100.0;1.0;274.13;269.38;5.725167;5.7;;;;;;;;;;;;;;;;;;;;;;;;;;;;;;;;;;;;
5;Centro-oeste;52;GO;Goiás;5213103;Mineiros;4536324.835;64729.74;4410757.38;62945.18;3288959.05;47338.82;1029207.208;441782.46;1125853.139;394001.17;2990843.976;298115.074;Agricultura, inclusive apoio à agricultura e a pós colheita;Demais serviços;Administração, defesa, educação e saúde públicas e seguridade social;6;True;98.7;0.987951;289.96;294.62;5.172465;5.1;;98.7;0.987951;289.96;294.62;5.172465;5.1;;99.6;0.995246;282.02;277.16;5.986333;6.0;;;;;;;;;98.6;0.986601;240.7;228.95;6.720291;6.6;;98.6;0.986601;240.7;228.95;6.720291;6.6;;99.6;0.995246;282.02;277.16;5.986333;6.0;;;;;;;;;;;;;;;;;;;;;;;;;;;;;;;;;;;;
5;Centro-oeste;52;GO;Goiás;5213400;Moiporá;73136.307;43404.34;56827.549;33725.55;53255.171;36203.38;24442.735;1509.374;10059.639;15041.056;51052.805;2202.366;Pecuária, inclusive apoio à pecuária;Administração, defesa, educação e saúde públicas e seguridade social;Demais serviços;2;True;;;;;;;;;;;;;;;100.0;1.0;279.51;291.46;6.182833;6.2;;;;;;;;;;;;;;;;;;;;;;;100.0;1.0;279.51;291.46;6.182833;6.2;;;;;;;;;;;;;;;;;;;;;;;;;;;;;;;;;;;;
5;Centro-oeste;52;GO;Goiás;5213509;Monte Alegre de Goiás;141790.415;21188.05;132507.59;19800.9;120282.434;13732.44;53752.563;2849.942;19670.679;39114.982;115388.167;4894.267;Pecuária, inclusive apoio à pecuária;Administração, defesa, educação e saúde públicas e seguridade social;Demais serviços;6;True;99.6;0.995629;249.84;245.29;3.870509;3.9;;99.6;0.995629;249.84;245.29;3.870509;3.9;;98.2;0.981972;248.67;253.61;5.038;4.9;;;;;;;;;97.4;0.971437;190.66;178.1;4.840784;4.7;;97.2;0.970183;190.66;178.1;4.840784;4.7;;98.2;0.981972;248.67;253.61;5.038;4.9;;;;;;;;;;;;;;;;;;;;;;;;;;;;;;;;;;;;
5;Centro-oeste;52;GO;Goiás;5213707;Montes Claros de Goiás;818049.454;93427.3;791210.667;90362.11;498815.696;62064.91;276410.254;52725.721;100941.183;43670.601;473747.759;25067.937;Agricultura, inclusive apoio à agricultura e a pós colheita;Pecuária, inclusive apoio à pecuária;Demais serviços;6;True;97.5;0.976295;263.4;280.55;4.588803;4.5;;97.5;0.976295;263.4;280.55;4.588803;4.5;;97.5;0.975231;246.7;239.83;4.7755;4.7;;;;;;;;;99.8;0.997577;248.35;225.63;6.80592;6.8;;99.8;0.997577;248.35;225.63;6.80592;6.8;;97.5;0.975231;246.7;239.83;4.7755;4.7;;;;;;;;;;;;;;;;;;;;;;;;;;;;;;;;;;;;
5;Centro-oeste;52;GO;Goiás;5213756;Montividiu;1619838.607;129369.75;1836670.451;146687.2;1604454.1;115138.44;1097039.801;73780.987;287638.686;82411.636;1540871.11;63582.991;Agricultura, inclusive apoio à agricultura e a pós colheita;Demais serviços;Administração, defesa, educação e saúde públicas e seguridade social;6;True;99.4;0.993979;257.15;253.17;4.091142;4.1;;99.4;0.993979;257.15;253.17;4.091142;4.1;;97.2;0.970593;250.2;253.87;5.067833;4.9;;97.2;0.970593;250.2;253.87;5.067833;4.9;;98.5;0.984635;234.79;231.8;6.659323;6.6;;98.5;0.984635;234.79;231.8;6.659323;6.6;;;;;;;;;;;;;;;;;;;;;;;;;;;;;;;;;;;;;;;;;;;
5;Centro-oeste;52;GO;Goiás;5213772;Montividiu do Norte;124015.25;32816.95;119244.804;31554.59;108844.745;23985.18;54147.513;3058.872;20245.735;26335.383;103787.503;5057.242;Pecuária, inclusive apoio à pecuária;Administração, defesa, educação e saúde públicas e seguridade social;Agricultura, inclusive apoio à agricultura e a pós colheita;6;True;98.9;0.992558;277.16;285.31;4.853319;4.8;;98.9;0.992558;277.16;285.31;4.853319;4.8;;98.9;0.988625;272.7;288.94;6.027333;6.0;;;;;;;;;100.0;1.0;223.84;216.8;6.177627;6.2;;100.0;1.0;223.84;216.8;6.177627;6.2;;99.3;0.989158;272.7;288.94;6.027333;6.0;;;;;;;;;;;;;;;;;;;;;;;;;;;;;;;;;;;;
5;Centro-oeste;52;GO;Goiás;5213806;Morrinhos;2524023.048;49152.36;2416416.234;47056.85;1857571.382;39560.67;513310.209;307883.721;620853.325;234254.14;1676301.395;181269.987;Demais serviços;Agricultura, inclusive apoio à agricultura e a pós colheita;Administração, defesa, educação e saúde públicas e seguridade social;7;True;95.9;0.959964;288.46;289.82;5.079541;4.9;;92.0;0.924833;292.09;291.48;5.155375;4.8;;99.4;0.994495;271.74;266.68;5.640333;5.6;;98.8;0.987468;256.34;254.46;5.18;5.1;;99.8;0.997595;223.15;215.08;6.133186;6.1;;99.8;0.997595;223.15;215.08;6.133186;6.1;;100.0;1.0;282.06;274.86;5.948667;5.9;;;;;;;;;;;;;;;;;;;;;;;;;;;;;;;;;;;;
5;Centro-oeste;52;GO;Goiás;5213855;Morro Agudo de Goiás;68988.212;28089.66;62113.369;25290.46;54837.331;24734.93;20875.047;1830.871;11976.103;17424.665;52106.687;2730.644;Pecuária, inclusive apoio à pecuária;Administração, defesa, educação e saúde públicas e seguridade social;Demais serviços;6;True;100.0;1.0;286.3;274.79;4.824204;4.8;;100.0;1.0;286.3;274.79;4.824204;4.8;;100.0;1.0;258.11;258.93;5.284;5.3;;;;;;;;;100.0;1.0;227.08;222.99;6.352004;6.4;;100.0;1.0;227.08;222.99;6.352004;6.4;;100.0;1.0;258.11;258.93;5.284;5.3;;;;;;;;;;;;;;;;;;;;;;;;;;;;;;;;;;;;
5;Centro-oeste;52;GO;Goiás;5213905;Mossâmedes;170963.243;36734.69;176662.627;37959.31;131844.928;32001.2;67544.282;6346.956;25001.533;26532.696;125425.468;6419.461;Pecuária, inclusive apoio à pecuária;Administração, defesa, educação e saúde públicas e seguridade social;Demais serviços;6;True;100.0;1.0;282.8;289.02;4.988071;5.0;;100.0;1.0;282.8;289.02;4.988071;5.0;;100.0;1.0;277.88;276.99;5.9145;5.9;;;;;;;;;100.0;1.0;257.17;236.59;7.173514;7.2;;100.0;1.0;257.17;236.59;7.173514;7.2;;100.0;1.0;277.88;276.99;5.9145;5.9;;;;;;;;;;;;;;;;;;;;;;;;;;;;;;;;;;;;
5;Centro-oeste;52;GO;Goiás;5214002;Mozarlândia;1366985.928;92677.01;948329.378;64293.52;1025089.438;63761.24;80221.822;439353.599;292782.845;91072.268;903430.535;121658.903;Indústrias de transformação;Demais serviços;Administração, defesa, educação e saúde públicas e seguridade social;7;True;100.0;1.0;279.66;293.27;5.007593;5.0;;100.0;1.0;279.66;293.27;5.007593;5.0;;96.3;0.963516;257.65;264.2;5.364167;5.2;;93.3;0.935376;249.69;261.52;5.186833;4.9;;95.4;0.951996;207.14;199.96;5.552743;5.3;;95.4;0.951996;207.14;199.96;5.552743;5.3;;100.0;1.0;267.6;267.54;5.585667;5.6;;;;;;;;;;;;;;;;;;;;;;;;;;;;;;;;;;;;
5;Centro-oeste;52;GO;Goiás;5214051;Mundo Novo;319879.696;51685.2;218703.539;35337.46;180855.766;39836.07;85619.859;5125.811;46717.33;30800.685;168263.685;12592.081;Pecuária, inclusive apoio à pecuária;Administração, defesa, educação e saúde públicas e seguridade social;Demais serviços;6;True;100.0;1.0;285.06;300.18;5.186878;5.2;;100.0;1.0;285.06;300.18;5.186878;5.2;;100.0;1.0;267.79;269.75;5.625667;5.6;;;;;;;;;97.6;0.977549;239.58;219.48;6.526736;6.4;;97.6;0.977549;239.58;219.48;6.526736;6.4;;100.0;1.0;267.79;269.75;5.625667;5.6;;;;;;;;;;;;;;;;;;;;;;;;;;;;;;;;;;;;
5;Centro-oeste;52;GO;Goiás;5214101;Mutunópolis;105710.908;29660.75;92785.768;26034.17;86431.244;23054.48;42208.857;2402.685;16551.889;21135.962;82299.394;4131.85;Pecuária, inclusive apoio à pecuária;Administração, defesa, educação e saúde públicas e seguridade social;Demais serviços;6;True;100.0;1.0;278.21;270.89;4.652198;4.7;;100.0;1.0;278.21;270.89;4.652198;4.7;;100.0;1.0;251.08;248.32;4.99;5.0;;;;;;;;;100.0;1.0;205.21;196.06;5.445001;5.4;;100.0;1.0;205.21;196.06;5.445001;5.4;;100.0;1.0;251.08;248.32;4.99;5.0;;;;;;;;;;;;;;;;;;;;;;;;;;;;;;;;;;;;
5;Centro-oeste;52;GO;Goiás;5214408;Nazário;313258.311;38253.55;338764.118;41368.19;276930.716;29539.28;45541.168;83516.538;74645.018;42560.691;246263.416;30667.301;Indústrias de transformação;Demais serviços;Administração, defesa, educação e saúde públicas e seguridade social;6;True;99.5;0.994949;275.74;280.58;4.762566;4.7;;99.5;0.994949;275.74;280.58;4.762566;4.7;;100.0;1.0;278.64;279.46;5.968333;6.0;;;;;;;;;100.0;1.0;241.54;226.66;6.694686;6.7;;100.0;1.0;241.54;226.66;6.694686;6.7;;100.0;1.0;278.64;279.46;5.968333;6.0;;;;;;;;;;;;;;;;;;;;;;;;;;;;;;;;;;;;
5;Centro-oeste;52;GO;Goiás;5214507;Nerópolis;1548491.902;48493.42;1268862.829;39736.4;1021268.677;33017.64;43501.109;310827.464;378096.231;151367.849;883792.653;137476.024;Demais serviços;Indústrias de transformação;Administração, defesa, educação e saúde públicas e seguridade social;6;True;99.5;0.99466;285.65;291.81;5.069866;5.0;;99.5;0.99466;285.65;291.81;5.069866;5.0;;99.5;0.994988;277.01;274.41;5.857;5.8;;;;;;;;;99.3;0.992721;233.36;226.21;6.530397;6.5;;99.3;0.992721;233.36;226.21;6.530397;6.5;;99.8;0.997497;277.01;274.41;5.857;5.8;;;;;;;;;;;;;;;;;;;;;;;;;;;;;;;;;;;;
5;Centro-oeste;52;GO;Goiás;5214606;Niquelândia;1516123.426;43362.41;1345073.979;38470.25;1291840.64;27448.59;411949.907;174748.66;323793.155;252947.119;1163438.842;128401.799;Agricultura, inclusive apoio à agricultura e a pós colheita;Demais serviços;Administração, defesa, educação e saúde públicas e seguridade social;7;True;99.1;0.991649;286.12;283.23;4.948024;4.9;;99.1;0.991649;286.12;283.23;4.948024;4.9;;99.8;0.998249;260.23;262.33;5.376;5.4;;99.2;0.991681;243.61;249.39;4.883333;4.8;;98.4;0.983827;236.18;217.72;6.42985;6.3;;98.4;0.983827;236.18;217.72;6.42985;6.3;;99.9;0.999248;262.58;264.17;5.445833;5.4;;;;;;;;;;;;;;;;;;;;;;;;;;;;;;;;;;;;
5;Centro-oeste;52;GO;Goiás;5214705;Nova América;60720.586;25982.28;57608.308;24650.54;48893.204;20699.92;15226.471;1361.504;11027.634;18858.192;46473.801;2419.403;Administração, defesa, educação e saúde públicas e seguridade social;Pecuária, inclusive apoio à pecuária;Demais serviços;6;True;100.0;1.0;301.22;283.16;5.159054;5.2;;100.0;1.0;301.22;283.16;5.159054;5.2;;100.0;1.0;279.44;268.39;5.797167;5.8;;;;;;;;;100.0;1.0;238.05;216.36;6.44081;6.4;;100.0;1.0;238.05;216.36;6.44081;6.4;;100.0;1.0;279.44;268.39;5.797167;5.8;;;;;;;;;;;;;;;;;;;;;;;;;;;;;;;;;;;;
5;Centro-oeste;52;GO;Goiás;5214804;Nova Aurora;71369.034;33969.08;61260.382;29157.73;71041.986;31771.91;15851.238;24638.745;12541.371;15138.644;68169.998;2871.988;Eletricidade e gás, água, esgoto, atividades de gestão de resíduos e descontaminação;Administração, defesa, educação e saúde públicas e seguridade social;Pecuária, inclusive apoio à pecuária;6;True;100.0;1.0;263.71;272.25;4.468905;4.5;;100.0;1.0;263.71;272.25;4.468905;4.5;;98.0;0.978723;262.1;278.99;5.684833;5.6;;;;;;;;;100.0;1.0;249.51;217.12;6.67333;6.7;;100.0;1.0;249.51;217.12;6.67333;6.7;;98.0;0.978723;262.1;278.99;5.684833;5.6;;;;;;;;;;;;;;;;;;;;;;;;;;;;;;;;;;;;
5;Centro-oeste;52;GO;Goiás;5214838;Nova Crixás;932185.498;72741.75;837462.015;65350.14;628583.598;48278.31;357188.127;14719.548;143931.845;80708.505;596548.026;32035.572;Pecuária, inclusive apoio à pecuária;Agricultura, inclusive apoio à agricultura e a pós colheita;Demais serviços;7;True;94.9;0.949539;263.12;280.45;4.583373;4.4;;94.9;0.949539;263.12;280.45;4.583373;4.4;;98.6;0.985902;251.0;254.36;5.089333;5.0;;96.9;0.972284;237.13;243.6;4.678833;4.5;;95.4;0.953105;215.51;207.46;5.848839;5.6;;95.4;0.953105;215.51;207.46;5.848839;5.6;;99.5;0.995479;256.18;258.38;5.242667;5.2;;;;;;;;;;;;;;;;;;;;;;;;;;;;;;;;;;;;
5;Centro-oeste;52;GO;Goiás;5214861;Nova Glória;196167.995;23606.26;211782.536;25485.26;141181.17;17509.76;44329.729;6188.411;42622.313;39187.417;132327.872;8853.299;Administração, defesa, educação e saúde públicas e seguridade social;Demais serviços;Agricultura, inclusive apoio à agricultura e a pós colheita;6;True;100.0;1.0;265.92;265.65;4.401142;4.4;;100.0;1.0;265.92;265.65;4.401142;4.4;;99.7;0.996973;251.35;250.37;5.028667;5.0;;;;;;;;;100.0;1.0;246.2;219.19;6.647799;6.6;;100.0;1.0;246.2;219.19;6.647799;6.6;;99.7;0.996973;251.35;250.37;5.028667;5.0;;;;;;;;;;;;;;;;;;;;;;;;;;;;;;;;;;;;
5;Centro-oeste;52;GO;Goiás;5214879;Nova Iguaçu de Goiás;72974.5;24244.02;63644.326;21144.29;61476.931;20917.64;25308.137;2200.11;13134.983;17958.86;58602.091;2874.84;Pecuária, inclusive apoio à pecuária;Administração, defesa, educação e saúde públicas e seguridade social;Demais serviços;6;True;100.0;1.0;282.55;278.48;4.826775;4.8;;100.0;1.0;282.55;278.48;4.826775;4.8;;100.0;1.0;260.55;259.42;5.332833;5.3;;;;;;;;;100.0;1.0;246.64;226.96;6.797468;6.8;;100.0;1.0;246.64;226.96;6.797468;6.8;;100.0;1.0;260.55;259.42;5.332833;5.3;;;;;;;;;;;;;;;;;;;;;;;;;;;;;;;;;;;;
5;Centro-oeste;52;GO;Goiás;5214903;Nova Roma;80909.862;26303.6;71050.705;23098.41;66588.789;20757.1;30813.593;5255.956;10956.925;16609.156;63635.631;2953.158;Pecuária, inclusive apoio à pecuária;Administração, defesa, educação e saúde públicas e seguridade social;Demais serviços;6;True;97.5;0.972833;262.56;270.04;4.41967;4.3;;97.5;0.972833;262.56;270.04;4.41967;4.3;;100.0;1.0;254.01;256.48;5.174833;5.2;;;;;;;;;96.1;0.955515;214.45;189.48;5.501701;5.3;;96.1;0.955515;214.45;189.48;5.501701;5.3;;100.0;1.0;254.01;256.48;5.174833;5.2;;;;;;;;;;;;;;;;;;;;;;;;;;;;;;;;;;;;
5;Centro-oeste;52;GO;Goiás;5215009;Nova Veneza;261700.994;27602.68;225168.255;23749.42;197285.218;19354.97;19980.498;52418.284;58413.572;45702.07;176514.424;20770.793;Demais serviços;Administração, defesa, educação e saúde públicas e seguridade social;Construção;6;True;100.0;1.0;278.36;283.0;4.835592;4.8;;100.0;1.0;278.36;283.0;4.835592;4.8;;99.8;0.997735;257.06;256.9;5.232667;5.2;;;;;;;;;100.0;1.0;224.49;217.32;6.199486;6.2;;100.0;1.0;224.49;217.32;6.199486;6.2;;99.8;0.997735;257.06;256.9;5.232667;5.2;;;;;;;;;;;;;;;;;;;;;;;;;;;;;;;;;;;;
5;Centro-oeste;52;GO;Goiás;5215207;Novo Brasil;105687.062;29965.14;91491.575;25940.34;85247.333;30719.76;43599.383;2708.634;17486.124;17578.959;81373.1;3874.233;Pecuária, inclusive apoio à pecuária;Administração, defesa, educação e saúde públicas e seguridade social;Demais serviços;6;True;100.0;1.0;284.59;273.45;4.780128;4.8;;100.0;1.0;284.59;273.45;4.780128;4.8;;100.0;1.0;274.0;271.33;5.7555;5.8;;;;;;;;;100.0;1.0;270.01;260.75;7.857824;7.9;;100.0;1.0;270.01;260.75;7.857824;7.9;;100.0;1.0;274.0;271.33;5.7555;5.8;;;;;;;;;;;;;;;;;;;;;;;;;;;;;;;;;;;;
5;Centro-oeste;52;GO;Goiás;5215231;Novo Gama;1349983.116;13005.12;1225872.724;11809.49;1154253.387;9647.0;6538.87;86569.679;478726.914;487452.665;1059288.127;94965.26;Administração, defesa, educação e saúde públicas e seguridade social;Demais serviços;Comércio e reparação de veículos automotores e motocicletas;7;True;97.0;0.973647;266.38;279.21;4.610597;4.5;;97.0;0.973647;266.38;279.21;4.610597;4.5;;93.2;0.933236;241.78;246.32;4.801667;4.5;;86.0;0.865113;241.96;247.41;4.822833;4.2;;92.2;0.923132;208.01;202.17;5.609527;5.2;;92.2;0.923132;208.01;202.17;5.609527;5.2;;97.5;0.972624;241.74;246.07;4.796833;4.7;;;;;;;;;;;;;;;;;;;;;;;;;;;;;;;;;;;;
5;Centro-oeste;52;GO;Goiás;5215256;Novo Planalto;190861.982;51362.21;218000.478;58665.36;160466.92;34944.89;94003.059;4505.275;28398.652;27573.718;154480.703;5986.217;Agricultura, inclusive apoio à agricultura e a pós colheita;Pecuária, inclusive apoio à pecuária;Administração, defesa, educação e saúde públicas e seguridade social;6;True;99.3;0.993585;262.79;265.31;4.352092;4.3;;99.3;0.993585;262.79;265.31;4.352092;4.3;;98.8;0.987551;246.81;247.26;4.901167;4.8;;;;;;;;;97.3;0.972455;249.76;235.57;7.013556;6.8;;97.3;0.972455;249.76;235.57;7.013556;6.8;;98.8;0.987551;246.81;247.26;4.901167;4.8;;;;;;;;;;;;;;;;;;;;;;;;;;;;;;;;;;;;
5;Centro-oeste;52;GO;Goiás;5215306;Orizona;1147584.372;69978.92;1078348.155;65756.95;938191.802;59251.72;521166.844;84744.094;201212.678;72786.111;879909.726;58282.075;Agricultura, inclusive apoio à agricultura e a pós colheita;Pecuária, inclusive apoio à pecuária;Demais serviços;7;True;98.5;0.986231;287.43;279.89;4.916422;4.8;;98.5;0.986231;287.43;279.89;4.916422;4.8;;97.0;0.970564;280.4;277.93;5.972167;5.8;;95.6;0.956628;278.27;289.19;6.124333;5.9;;99.4;0.994375;223.57;219.56;6.222656;6.2;;99.4;0.994375;223.57;219.56;6.222656;6.2;;100.0;1.0;282.16;268.58;5.845667;5.8;;;;;;;;;;;;;;;;;;;;;;;;;;;;;;;;;;;;
5;Centro-oeste;52;GO;Goiás;5215405;Ouro Verde de Goiás;217325.705;53568.08;143082.62;35268.08;150021.83;40777.88;94640.096;6110.192;19851.151;25333.083;145934.521;4087.309;Agricultura, inclusive apoio à agricultura e a pós colheita;Pecuária, inclusive apoio à pecuária;Administração, defesa, educação e saúde públicas e seguridade social;6;True;99.2;0.992558;259.48;275.07;4.451711;4.4;;99.2;0.992558;259.48;275.07;4.451711;4.4;;100.0;1.0;260.59;267.15;5.462333;5.5;;;;;;;;;98.3;0.983908;242.43;231.24;6.794943;6.7;;98.3;0.983908;242.43;231.24;6.794943;6.7;;100.0;1.0;260.59;267.15;5.462333;5.5;;;;;;;;;;;;;;;;;;;;;;;;;;;;;;;;;;;;
5;Centro-oeste;52;GO;Goiás;5215504;Ouvidor;486717.154;67599.6;547735.093;76074.32;765439.79;111013.75;39382.059;459504.248;146550.24;49123.407;694559.955;70879.835;Indústrias extrativas;Demais serviços;Administração, defesa, educação e saúde públicas e seguridade social;6;True;99.4;0.994609;281.7;288.54;4.965436;4.9;;99.4;0.994609;281.7;288.54;4.965436;4.9;;100.0;1.0;264.74;274.46;5.653333;5.7;;;;;;;;;99.8;0.99778;244.42;230.94;6.827466;6.8;;99.8;0.99778;244.42;230.94;6.827466;6.8;;100.0;1.0;264.74;274.46;5.653333;5.7;;;;;;;;;;;;;;;;;;;;;;;;;;;;;;;;;;;;
5;Centro-oeste;52;GO;Goiás;5215603;Padre Bernardo;1036140.69;29631.96;1268685.105;36282.35;1052237.698;30054.49;501946.207;58680.295;267687.442;166627.263;994941.207;57296.491;Agricultura, inclusive apoio à agricultura e a pós colheita;Demais serviços;Administração, defesa, educação e saúde públicas e seguridade social;7;True;99.2;0.991656;258.95;269.16;4.355794;4.3;;99.2;0.991656;258.95;269.16;4.355794;4.3;;92.9;0.928842;241.61;248.36;4.832833;4.5;;91.1;0.911354;242.84;244.44;4.788;4.4;;95.2;0.948399;204.67;199.93;5.50506;5.2;;95.2;0.948399;204.67;199.93;5.50506;5.2;;98.6;0.986776;239.41;255.39;4.913333;4.8;;;;;;;;;;;;;;;;;;;;;;;;;;;;;;;;;;;;
5;Centro-oeste;52;GO;Goiás;5215652;Palestina de Goiás;259527.745;82863.26;194265.501;62026.02;173212.38;49917.11;113488.718;4988.494;23789.462;24489.812;166756.487;6455.894;Agricultura, inclusive apoio à agricultura e a pós colheita;Pecuária, inclusive apoio à pecuária;Administração, defesa, educação e saúde públicas e seguridade social;6;True;100.0;1.0;273.39;281.98;4.750519;4.8;;100.0;1.0;273.39;281.98;4.750519;4.8;;100.0;1.0;255.82;258.11;5.232167;5.2;;;;;;;;;100.0;1.0;236.2;213.43;6.352232;6.4;;100.0;1.0;236.2;213.43;6.352232;6.4;;100.0;1.0;255.82;258.11;5.232167;5.2;;;;;;;;;;;;;;;;;;;;;;;;;;;;;;;;;;;;
5;Centro-oeste;52;GO;Goiás;5215702;Palmeiras de Goiás;2083486.395;65399.16;2058422.843;64612.43;1770857.539;59196.31;440951.726;559343.611;451163.677;150548.516;1602007.531;168850.008;Indústrias de transformação;Demais serviços;Agricultura, inclusive apoio à agricultura e a pós colheita;7;True;98.5;0.985637;272.43;284.08;4.768473;4.7;;98.5;0.985637;272.43;284.08;4.768473;4.7;;99.8;0.997995;259.79;262.71;5.375;5.4;;100.0;1.0;241.66;248.77;4.8405;4.8;;99.9;0.998592;228.57;218.41;6.297167;6.3;;99.9;0.998592;228.57;218.41;6.297167;6.3;;99.8;0.997744;263.31;265.41;5.478667;5.5;;;;;;;;;;;;;;;;;;;;;;;;;;;;;;;;;;;;
5;Centro-oeste;52;GO;Goiás;5215801;Palmelo;58940.54;26091.43;61056.578;27028.14;55763.746;23410.47;18525.837;2066.204;14676.903;18000.197;53269.141;2494.605;Administração, defesa, educação e saúde públicas e seguridade social;Demais serviços;Pecuária, inclusive apoio à pecuária;0;False;;;;;;;;;;;;;;;;;;;;;;;;;;;;;;;;;;;;;;;;;;;;;;;;;;;;;;;;;;;;;;;;;;;;;;;;;;;;;;;;;;;;
5;Centro-oeste;52;GO;Goiás;5215900;Palminópolis;233772.067;60704.25;226657.4;58856.76;220065.7;61505.23;98643.581;7184.093;66703.845;24612.202;197143.72;22921.979;Pecuária, inclusive apoio à pecuária;Agricultura, inclusive apoio à agricultura e a pós colheita;Demais serviços;6;True;100.0;1.0;279.42;278.79;4.787455;4.8;;100.0;1.0;279.42;278.79;4.787455;4.8;;100.0;1.0;257.08;255.63;5.211833;5.2;;;;;;;;;100.0;1.0;234.01;219.45;6.419892;6.4;;100.0;1.0;234.01;219.45;6.419892;6.4;;100.0;1.0;257.08;255.63;5.211833;5.2;;;;;;;;;;;;;;;;;;;;;;;;;;;;;;;;;;;;
5;Centro-oeste;52;GO;Goiás;5216007;Panamá;207977.155;84715.75;162077.061;66019.17;109642.946;42333.18;52242.212;11119.61;21383.885;18761.498;103507.204;6135.741;Agricultura, inclusive apoio à agricultura e a pós colheita;Administração, defesa, educação e saúde públicas e seguridade social;Demais serviços;4;True;;;;;;;;;;;;;;;100.0;1.0;271.75;263.91;5.594333;5.6;;;;;;;;;99.4;0.99469;225.98;213.73;6.162648;6.1;;99.4;0.99469;225.98;213.73;6.162648;6.1;;100.0;1.0;271.75;263.91;5.594333;5.6;;;;;;;;;;;;;;;;;;;;;;;;;;;;;;;;;;;;
5;Centro-oeste;52;GO;Goiás;5216304;Paranaiguara;317829.996;41781.25;303870.48;39946.17;236711.78;23159.36;87930.613;7581.849;64812.426;61747.411;222072.3;14639.48;Administração, defesa, educação e saúde públicas e seguridade social;Demais serviços;Agricultura, inclusive apoio à agricultura e a pós colheita;6;True;94.5;0.95116;275.16;284.35;4.810857;4.6;;94.5;0.95116;275.16;284.35;4.810857;4.6;;94.3;0.943755;271.77;268.69;5.674333;5.4;;;;;;;;;98.4;0.983127;273.11;252.12;7.760076;7.6;;98.4;0.983127;273.11;252.12;7.760076;7.6;;94.3;0.943755;271.77;268.69;5.674333;5.4;;;;;;;;;;;;;;;;;;;;;;;;;;;;;;;;;;;;
5;Centro-oeste;52;GO;Goiás;5216403;Paraúna;1824836.047;171201.43;2257148.46;211759.87;1559971.186;141970.44;931583.288;192138.134;275167.195;70282.498;1469171.115;90800.071;Agricultura, inclusive apoio à agricultura e a pós colheita;Demais serviços;Indústrias de transformação;7;True;100.0;1.0;268.51;268.03;4.473147;4.5;;100.0;1.0;268.51;268.03;4.473147;4.5;;98.3;0.982796;269.96;263.88;5.564;5.5;;97.2;0.97355;286.12;285.06;6.186333;6.0;;98.6;0.984828;222.76;214.57;6.116471;6.0;;98.6;0.984828;222.76;214.57;6.116471;6.0;;100.0;1.0;254.55;243.7;4.970833;5.0;;;;;;;;;;;;;;;;;;;;;;;;;;;;;;;;;;;;
5;Centro-oeste;52;GO;Goiás;5216452;Perolândia;790810.676;266805.22;806453.901;272082.96;708422.554;224468.49;316245.12;227875.072;96848.199;33188.897;674157.288;34265.266;Agricultura, inclusive apoio à agricultura e a pós colheita;Indústrias de transformação;Demais serviços;6;True;100.0;1.0;265.59;262.04;4.342465;4.3;;100.0;1.0;265.59;262.04;4.342465;4.3;;98.9;0.989641;277.03;266.13;5.719333;5.7;;;;;;;;;97.8;0.966161;251.6;220.99;6.783579;6.6;;97.8;0.966161;251.6;220.99;6.783579;6.6;;98.9;0.989641;277.03;266.13;5.719333;5.7;;;;;;;;;;;;;;;;;;;;;;;;;;;;;;;;;;;;
5;Centro-oeste;52;GO;Goiás;5216809;Petrolina de Goiás;244842.867;25576.4;196907.243;20569.02;178795.994;17460.55;57808.442;8219.399;52782.158;48220.978;167030.976;11765.018;Administração, defesa, educação e saúde públicas e seguridade social;Pecuária, inclusive apoio à pecuária;Demais serviços;4;True;;;;;;;;;;;;;;;97.8;0.977291;272.38;258.84;5.520333;5.4;;;;;;;;;96.7;0.967277;222.92;214.45;6.117342;5.9;;96.7;0.967277;222.92;214.45;6.117342;5.9;;97.8;0.977291;272.38;258.84;5.520333;5.4;;;;;;;;;;;;;;;;;;;;;;;;;;;;;;;;;;;;
5;Centro-oeste;52;GO;Goiás;5216908;Pilar de Goiás;121146.635;52038.93;150441.986;64622.85;192760.68;90286.03;42466.28;85952.457;29342.254;21181.683;178942.674;13818.006;Indústrias extrativas;Pecuária, inclusive apoio à pecuária;Demais serviços;2;True;;;;;;;;;;;;;;;;;;;;;;;;;;;;;99.2;0.993221;226.69;208.47;6.080561;6.0;;99.2;0.993221;226.69;208.47;6.080561;6.0;;;;;;;;;;;;;;;;;;;;;;;;;;;;;;;;;;;;;;;;;;;
5;Centro-oeste;52;GO;Goiás;5217104;Piracanjuba;1311747.478;52716.61;1553629.93;62437.4;1239086.415;50486.35;622058.008;93034.538;319955.751;128069.895;1163118.191;75968.223;Agricultura, inclusive apoio à agricultura e a pós colheita;Demais serviços;Pecuária, inclusive apoio à pecuária;7;True;98.8;0.988585;307.7;299.05;5.48794;5.4;;98.8;0.989259;307.7;299.05;5.48794;5.4;;96.4;0.964924;273.88;274.93;5.8135;5.6;;93.2;0.934839;259.86;278.58;5.640667;5.3;;95.3;0.951358;227.15;215.36;6.214613;5.9;;95.2;0.948833;227.15;215.36;6.214613;5.9;;98.6;0.984889;278.56;273.71;5.871167;5.8;;;;;;;;;;;;;;;;;;;;;;;;;;;;;;;;;;;;
5;Centro-oeste;52;GO;Goiás;5217203;Piranhas;953112.485;81379.14;867467.413;74066.55;609417.803;59976.16;205014.497;116706.159;178259.856;53221.68;553202.192;56215.611;Demais serviços;Agricultura, inclusive apoio à agricultura e a pós colheita;Pecuária, inclusive apoio à pecuária;6;True;98.2;0.981157;287.74;284.03;4.982752;4.9;;98.2;0.981157;287.74;284.03;4.982752;4.9;;99.6;0.99548;273.64;273.71;5.789167;5.8;;;;;;;;;99.4;0.993523;224.29;216.8;6.186214;6.1;;99.4;0.993523;224.29;216.8;6.186214;6.1;;99.6;0.99548;273.64;273.71;5.789167;5.8;;;;;;;;;;;;;;;;;;;;;;;;;;;;;;;;;;;;
5;Centro-oeste;52;GO;Goiás;5217302;Pirenópolis;830089.05;31101.13;723535.275;27108.85;640388.004;25394.08;169945.101;48617.92;261516.831;116877.837;596957.69;43430.315;Demais serviços;Administração, defesa, educação e saúde públicas e seguridade social;Pecuária, inclusive apoio à pecuária;6;True;97.7;0.977967;281.19;287.25;4.938962;4.8;;97.7;0.977967;281.19;287.25;4.938962;4.8;;99.3;0.992478;273.78;270.05;5.7305;5.7;;;;;;;;;97.7;0.97635;217.85;203.63;5.823859;5.7;;97.7;0.97635;217.85;203.63;5.823859;5.7;;99.3;0.992478;273.78;270.05;5.7305;5.7;;;;;;;;;;;;;;;;;;;;;;;;;;;;;;;;;;;;
5;Centro-oeste;52;GO;Goiás;5217401;Pires do Rio;1928361.815;59566.98;1665447.864;51445.58;1405175.39;44036.96;220739.147;379114.249;471539.138;164801.332;1236193.866;168981.524;Demais serviços;Indústrias de transformação;Administração, defesa, educação e saúde públicas e seguridade social;6;True;97.0;0.970598;280.86;290.26;4.979387;4.8;;97.0;0.970598;280.86;290.26;4.979387;4.8;;98.4;0.983675;267.78;265.74;5.558667;5.5;;;;;;;;;96.5;0.964674;224.03;216.67;6.178889;6.0;;96.5;0.964674;224.03;216.67;6.178889;6.0;;98.4;0.983675;267.78;265.74;5.558667;5.5;;;;;;;;;;;;;;;;;;;;;;;;;;;;;;;;;;;;
5;Centro-oeste;52;GO;Goiás;5217609;Planaltina;1939904.035;18469.82;1847268.592;17587.84;1453269.91;15909.68;158670.155;130537.666;578793.604;460922.423;1328923.847;124346.063;Administração, defesa, educação e saúde públicas e seguridade social;Demais serviços;Comércio e reparação de veículos automotores e motocicletas;7;True;99.9;0.999333;279.34;280.84;4.81702;4.8;;99.9;0.999333;279.34;280.84;4.81702;4.8;;91.2;0.913931;254.9;258.93;5.2305;4.8;;86.1;0.863714;238.56;244.72;4.721333;4.1;;92.8;0.927178;214.69;206.93;5.823554;5.4;;92.8;0.927178;214.69;206.93;5.823554;5.4;;100.0;0.999499;263.29;266.23;5.492;5.5;;;;;;;;;;;;;;;;;;;;;;;;;;;;;;;;;;;;
5;Centro-oeste;52;GO;Goiás;5217708;Pontalina;840051.957;45881.91;825563.547;45090.59;717260.589;40072.66;312619.796;64000.313;206432.34;88982.537;672034.985;45225.604;Agricultura, inclusive apoio à agricultura e a pós colheita;Demais serviços;Pecuária, inclusive apoio à pecuária;7;True;100.0;1.0;309.19;303.32;5.572789;5.6;;100.0;1.0;309.19;303.32;5.572789;5.6;;97.5;0.974475;281.17;282.42;6.059833;5.9;;95.8;0.959847;257.34;267.17;5.4085;5.2;;98.9;0.989669;234.35;228.63;6.59329;6.5;;98.9;0.989669;234.35;228.63;6.59329;6.5;;100.0;1.0;297.34;292.77;6.501833;6.5;;;;;;;;;;;;;;;;;;;;;;;;;;;;;;;;;;;;
5;Centro-oeste;52;GO;Goiás;5218003;Porangatu;2072827.411;46772.74;2114318.928;47708.98;1430254.087;31183.32;257380.593;243994.902;565348.582;223360.634;1290084.711;140169.376;Demais serviços;Administração, defesa, educação e saúde públicas e seguridade social;Indústrias de transformação;7;True;100.0;1.0;283.06;292.98;5.051004;5.1;;100.0;1.0;283.06;292.98;5.051004;5.1;;97.6;0.975216;253.32;255.35;5.1445;5.0;;94.5;0.943235;237.23;239.72;4.615833;4.4;;98.2;0.98213;207.46;201.17;5.580849;5.5;;98.2;0.98213;207.46;201.17;5.580849;5.5;;100.0;1.0;263.04;264.8;5.464;5.5;;;;;;;;;;;;;;;;;;;;;;;;;;;;;;;;;;;;
5;Centro-oeste;52;GO;Goiás;5218052;Porteirão;388338.529;95414.87;432393.434;106239.17;222488.042;55915.57;137164.49;9326.141;37779.077;30748.081;215017.79;7470.253;Agricultura, inclusive apoio à agricultura e a pós colheita;Demais serviços;Administração, defesa, educação e saúde públicas e seguridade social;6;True;100.0;1.0;266.01;289.36;4.757346;4.8;;100.0;1.0;266.01;289.36;4.757346;4.8;;100.0;1.0;266.46;276.79;5.720833;5.7;;;;;;;;;96.8;0.970106;245.37;240.36;7.016868;6.8;;96.8;0.970106;245.37;240.36;7.016868;6.8;;100.0;1.0;266.46;276.79;5.720833;5.7;;;;;;;;;;;;;;;;;;;;;;;;;;;;;;;;;;;;
5;Centro-oeste;52;GO;Goiás;5218102;Portelândia;305583.932;93165.83;419209.526;127807.78;367303.02;91096.98;198507.162;25317.044;89256.747;27201.273;340282.227;27020.793;Agricultura, inclusive apoio à agricultura e a pós colheita;Demais serviços;Pecuária, inclusive apoio à pecuária;6;True;99.1;0.993243;268.52;250.0;4.203378;4.2;;99.1;0.993243;268.52;250.0;4.203378;4.2;;99.5;0.994666;259.65;254.14;5.229833;5.2;;;;;;;;;95.3;0.956216;211.44;198.34;5.605349;5.4;;95.3;0.956216;211.44;198.34;5.605349;5.4;;99.5;0.994666;259.65;254.14;5.229833;5.2;;;;;;;;;;;;;;;;;;;;;;;;;;;;;;;;;;;;
5;Centro-oeste;52;GO;Goiás;5218300;Posse;938125.116;26869.6;848353.453;24298.37;703662.752;18554.55;61720.583;55074.0;333638.242;177808.953;628241.778;75420.974;Demais serviços;Administração, defesa, educação e saúde públicas e seguridade social;Comércio e reparação de veículos automotores e motocicletas;8;True;98.6;0.986943;274.6;280.46;4.744759;4.7;;97.2;0.973584;281.77;287.17;4.94591;4.8;;98.2;0.982245;283.7;277.91;6.026833;5.9;;95.1;0.949156;287.45;283.45;6.181667;5.9;;99.4;0.994352;239.8;222.99;6.594752;6.6;;99.4;0.994352;239.8;222.99;6.594752;6.6;;99.7;0.996489;282.64;276.33;5.982833;6.0;;;;;;;;;;;;;;;;;;;;;;;;;;;;;;92.2;0.920863;294.11;300.33;5.316231;4.9;
5;Centro-oeste;52;GO;Goiás;5218391;Professor Jamil;86823.042;23793.65;79955.586;21911.64;72101.483;22454.53;24102.852;4713.631;18650.539;20335.524;67802.547;4298.936;Administração, defesa, educação e saúde públicas e seguridade social;Pecuária, inclusive apoio à pecuária;Demais serviços;4;True;;;;;;;;;;;;;;;100.0;1.0;289.73;284.65;6.239667;6.2;;;;;;;;;100.0;1.0;253.62;244.95;7.257765;7.3;;;;;;;;;100.0;1.0;289.73;284.65;6.239667;6.2;;100.0;1.0;253.62;244.95;7.257765;7.3;;;;;;;;;;;;;;;;;;;;;;;;;;;;;
5;Centro-oeste;52;GO;Goiás;5218508;Quirinópolis;3123504.061;64472.6;2849824.397;58823.55;2147675.942;41846.27;443389.277;583881.882;678531.25;239255.545;1945057.953;202617.989;Demais serviços;Indústrias de transformação;Agricultura, inclusive apoio à agricultura e a pós colheita;7;True;98.2;0.982581;286.56;283.32;4.955551;4.9;;98.2;0.982581;286.56;283.32;4.955551;4.9;;99.4;0.993981;278.52;276.08;5.91;5.9;;98.7;0.989165;270.7;267.93;5.643833;5.6;;99.7;0.997186;244.84;231.88;6.852572;6.8;;99.7;0.997186;244.84;231.88;6.852572;6.8;;99.7;0.996493;279.43;277.02;5.940833;5.9;;;;;;;;;;;;;;;;;;;;;;;;;;;;;;;;;;;;
5;Centro-oeste;52;GO;Goiás;5218607;Rialma;410814.324;33770.19;377773.292;31054.11;314517.066;28694.19;22393.065;55492.098;138949.39;55349.305;272183.858;42333.208;Demais serviços;Administração, defesa, educação e saúde públicas e seguridade social;Comércio e reparação de veículos automotores e motocicletas;6;True;100.0;1.0;266.03;275.22;4.545951;4.5;;100.0;1.0;266.03;275.22;4.545951;4.5;;100.0;1.0;265.37;257.36;5.378833;5.4;;;;;;;;;100.0;1.0;254.04;250.08;7.359053;7.4;;100.0;1.0;254.04;250.08;7.359053;7.4;;100.0;1.0;265.37;257.36;5.378833;5.4;;;;;;;;;;;;;;;;;;;;;;;;;;;;;;;;;;;;
5;Centro-oeste;52;GO;Goiás;5218706;Rianápolis;125402.078;31508.06;100217.012;25180.15;83234.229;17225.63;12046.717;3612.822;32242.581;27416.556;75318.676;7915.553;Administração, defesa, educação e saúde públicas e seguridade social;Demais serviços;Comércio e reparação de veículos automotores e motocicletas;6;True;100.0;1.0;280.96;265.71;4.613276;4.6;;100.0;1.0;280.96;265.71;4.613276;4.6;;100.0;1.0;276.43;280.13;5.942667;5.9;;;;;;;;;99.6;0.995314;215.18;191.89;5.55945;5.5;;99.6;0.995314;215.18;191.89;5.55945;5.5;;100.0;1.0;276.43;280.13;5.942667;5.9;;;;;;;;;;;;;;;;;;;;;;;;;;;;;;;;;;;;
5;Centro-oeste;52;GO;Goiás;5218789;Rio Quente;579153.561;149884.46;444583.646;115057.88;326140.575;68980.66;18620.455;13541.61;221015.418;37965.164;291142.647;34997.928;Demais serviços;Administração, defesa, educação e saúde públicas e seguridade social;Pecuária, inclusive apoio à pecuária;4;True;;;;;;;;;;;;;;;97.7;0.97825;256.51;260.42;5.282167;5.2;;;;;;;;;98.3;0.979203;233.65;223.13;6.479931;6.3;;98.3;0.979203;233.65;223.13;6.479931;6.3;;100.0;1.0;256.51;260.42;5.282167;5.3;;;;;;;;;;;;;;;;;;;;;;;;;;;;;;;;;;;;
5;Centro-oeste;52;GO;Goiás;5218805;Rio Verde;22310032.201;98849.92;21534362.295;95413.13;16307342.211;65952.47;3694786.752;3502685.878;5845796.848;1484577.929;14527847.407;1779494.804;Demais serviços;Agricultura, inclusive apoio à agricultura e a pós colheita;Indústrias de transformação;7;True;99.4;0.994322;287.3;287.96;5.035405;5.0;;99.4;0.994322;287.3;287.96;5.035405;5.0;;99.7;0.997249;280.68;277.22;5.965;5.9;;99.7;0.997237;291.51;290.8;6.371833;6.4;;100.0;0.9996;268.28;252.62;7.676991;7.7;;100.0;0.9996;268.28;252.62;7.676991;7.7;;99.7;0.997248;278.21;274.12;5.872167;5.9;;;;;;;;;;;;;;;;;;;;;;;;;;;;;;;;;;;;
5;Centro-oeste;52;GO;Goiás;5218904;Rubiataba;767419.393;38782.06;716388.96;36203.2;565947.831;28280.42;69722.475;153825.832;189612.387;104007.21;517167.905;48779.927;Demais serviços;Indústrias de transformação;Administração, defesa, educação e saúde públicas e seguridade social;6;True;100.0;1.0;302.13;297.84;5.391596;5.4;;100.0;1.0;302.13;297.84;5.391596;5.4;;100.0;1.0;288.07;279.27;6.122333;6.1;;;;;;;;;100.0;1.0;257.83;236.56;7.185563;7.2;;100.0;1.0;257.83;236.56;7.185563;7.2;;100.0;1.0;288.07;279.27;6.122333;6.1;;;;;;;;;;;;;;;;;;;;;;;;;;;;;;;;;;;;
5;Centro-oeste;52;GO;Goiás;5219001;Sanclerlândia;279278.064;35271.29;280545.339;35431.34;217581.632;28516.6;40529.036;32092.615;85647.104;41661.408;199930.162;17651.471;Demais serviços;Administração, defesa, educação e saúde públicas e seguridade social;Pecuária, inclusive apoio à pecuária;6;True;100.0;1.0;290.53;289.28;5.100531;5.1;;100.0;1.0;290.53;289.28;5.100531;5.1;;100.0;1.0;278.9;283.03;6.032167;6.0;;;;;;;;;99.8;0.997577;240.94;235.33;6.840872;6.8;;99.8;0.997577;240.94;235.33;6.840872;6.8;;100.0;1.0;278.9;283.03;6.032167;6.0;;;;;;;;;;;;;;;;;;;;;;;;;;;;;;;;;;;;
5;Centro-oeste;52;GO;Goiás;5219100;Santa Bárbara de Goiás;183431.007;29831.03;178422.776;29016.55;154125.634;23000.39;26339.86;40343.543;39714.863;33371.208;139769.473;14356.161;Administração, defesa, educação e saúde públicas e seguridade social;Demais serviços;Indústrias de transformação;6;True;100.0;1.0;265.29;286.83;4.70936;4.7;;100.0;1.0;265.29;286.83;4.70936;4.7;;100.0;1.0;273.71;274.29;5.8;5.8;;;;;;;;;99.8;0.997373;239.61;231.39;6.743854;6.7;;99.8;0.997373;239.61;231.39;6.743854;6.7;;100.0;1.0;273.71;274.29;5.8;5.8;;;;;;;;;;;;;;;;;;;;;;;;;;;;;;;;;;;;
5;Centro-oeste;52;GO;Goiás;5219209;Santa Cruz de Goiás;293229.492;97678.05;320516.744;106767.74;295258.423;106131.71;230531.373;9118.35;30772.992;17856.745;288279.461;6978.962;Agricultura, inclusive apoio à agricultura e a pós colheita;Pecuária, inclusive apoio à pecuária;Demais serviços;6;True;97.4;0.976391;305.91;314.24;5.690195;5.6;;97.4;0.976391;305.91;314.24;5.690195;5.6;;96.8;0.968153;246.47;257.07;5.059;4.9;;;;;;;;;98.1;0.973954;223.9;206.61;5.993499;5.8;;98.1;0.973954;223.9;206.61;5.993499;5.8;;96.8;0.968153;246.47;257.07;5.059;4.9;;;;;;;;;;;;;;;;;;;;;;;;;;;;;;;;;;;;
5;Centro-oeste;52;GO;Goiás;5219258;Santa Fé de Goiás;350881.007;70870.73;336798.348;68026.33;260185.774;46586.53;56124.903;82490.057;63127.971;30813.914;232556.844;27628.93;Indústrias de transformação;Demais serviços;Pecuária, inclusive apoio à pecuária;6;True;98.7;0.987004;260.34;271.72;4.41364;4.4;;98.7;0.987004;260.34;271.72;4.41364;4.4;;99.1;0.991803;238.41;242.38;4.679833;4.6;;;;;;;;;100.0;1.0;232.25;224.85;6.484486;6.5;;100.0;1.0;232.25;224.85;6.484486;6.5;;99.1;0.991803;238.41;242.38;4.679833;4.6;;;;;;;;;;;;;;;;;;;;;;;;;;;;;;;;;;;;
5;Centro-oeste;52;GO;Goiás;5219308;Santa Helena de Goiás;1995751.751;51848.48;2215719.802;57563.12;1621078.016;41606.64;536110.322;182213.446;543360.154;214892.629;1476576.55;144501.466;Agricultura, inclusive apoio à agricultura e a pós colheita;Demais serviços;Administração, defesa, educação e saúde públicas e seguridade social;6;True;98.6;0.986959;281.15;284.28;4.893939;4.8;;98.6;0.986959;281.15;284.28;4.893939;4.8;;100.0;1.0;279.92;272.07;5.8665;5.9;;;;;;;;;99.6;0.99559;238.36;227.64;6.651817;6.6;;99.6;0.99559;238.36;227.64;6.651817;6.6;;100.0;1.0;279.92;272.07;5.8665;5.9;;;;;;;;;;;;;;;;;;;;;;;;;;;;;;;;;;;;
5;Centro-oeste;52;GO;Goiás;5219357;Santa Isabel;147693.638;41744.95;157237.674;44442.53;123190.63;32240.42;59394.749;2818.303;30415.845;22269.347;114898.243;8292.386;Pecuária, inclusive apoio à pecuária;Agricultura, inclusive apoio à agricultura e a pós colheita;Administração, defesa, educação e saúde públicas e seguridade social;6;True;100.0;1.0;266.89;267.62;4.444257;4.4;;100.0;1.0;266.89;267.62;4.444257;4.4;;98.7;0.987552;266.27;256.93;5.386667;5.3;;;;;;;;;100.0;1.0;259.99;234.68;7.192603;7.2;;100.0;1.0;259.99;234.68;7.192603;7.2;;98.7;0.987552;266.27;256.93;5.386667;5.3;;;;;;;;;;;;;;;;;;;;;;;;;;;;;;;;;;;;
5;Centro-oeste;52;GO;Goiás;5219407;Santa Rita do Araguaia;216188.957;36493.75;191288.698;32274.12;204972.028;22499.67;75633.06;7640.199;64795.445;40465.903;188534.607;16437.422;Agricultura, inclusive apoio à agricultura e a pós colheita;Administração, defesa, educação e saúde públicas e seguridade social;Demais serviços;6;True;97.3;0.976257;298.72;292.2;5.259271;5.1;;97.3;0.976257;298.72;292.2;5.259271;5.1;;98.8;0.987582;268.32;270.91;5.653833;5.6;;;;;;;;;96.4;0.963716;236.0;224.46;6.54896;6.3;;96.4;0.963716;236.0;224.46;6.54896;6.3;;98.8;0.987582;268.32;270.91;5.653833;5.6;;;;;;;;;;;;;;;;;;;;;;;;;;;;;;;;;;;;
5;Centro-oeste;52;GO;Goiás;5219456;Santa Rita do Novo Destino;179620.41;66798.22;185961.811;69156.49;110073.158;32691.76;59467.081;3053.706;19744.67;22020.937;104286.394;5786.763;Agricultura, inclusive apoio à agricultura e a pós colheita;Administração, defesa, educação e saúde públicas e seguridade social;Pecuária, inclusive apoio à pecuária;6;True;100.0;1.0;284.79;280.08;4.882188;4.9;;100.0;1.0;284.79;280.08;4.882188;4.9;;100.0;1.0;296.41;298.33;6.579;6.6;;;;;;;;;100.0;1.0;280.09;256.54;7.973645;8.0;;100.0;1.0;280.09;256.54;7.973645;8.0;;100.0;1.0;296.41;298.33;6.579;6.6;;;;;;;;;;;;;;;;;;;;;;;;;;;;;;;;;;;;
5;Centro-oeste;52;GO;Goiás;5219506;Santa Rosa de Goiás;100776.701;35736.42;73250.478;25975.35;68318.068;31053.67;28116.213;3894.832;16324.898;16023.69;64359.634;3958.434;Agricultura, inclusive apoio à agricultura e a pós colheita;Administração, defesa, educação e saúde públicas e seguridade social;Demais serviços;6;True;97.8;0.980475;293.38;289.95;5.150589;5.1;;97.8;0.980475;293.38;289.95;5.150589;5.1;;100.0;1.0;280.1;288.05;6.135833;6.1;;;;;;;;;100.0;1.0;265.47;246.16;7.50591;7.5;;100.0;1.0;265.47;246.16;7.50591;7.5;;100.0;1.0;280.1;288.05;6.135833;6.1;;;;;;;;;;;;;;;;;;;;;;;;;;;;;;;;;;;;
5;Centro-oeste;52;GO;Goiás;5219605;Santa Tereza de Goiás;105474.001;32029.76;109189.717;33158.13;87582.925;27309.92;36264.017;2572.18;20684.356;23645.937;83166.491;4416.434;Pecuária, inclusive apoio à pecuária;Administração, defesa, educação e saúde públicas e seguridade social;Demais serviços;6;True;100.0;1.0;293.82;287.9;5.12608;5.1;;100.0;1.0;293.82;287.9;5.12608;5.1;;98.8;0.985386;277.6;267.94;5.759;5.7;;;;;;;;;100.0;1.0;239.47;225.68;6.637364;6.6;;100.0;1.0;239.47;225.68;6.637364;6.6;;98.8;0.985386;277.6;267.94;5.759;5.7;;;;;;;;;;;;;;;;;;;;;;;;;;;;;;;;;;;;
5;Centro-oeste;52;GO;Goiás;5219704;Santa Terezinha de Goiás;259907.338;24415.91;216145.871;20304.92;190867.011;22760.2;44728.194;6117.502;78474.438;47409.341;176729.475;14137.536;Demais serviços;Administração, defesa, educação e saúde públicas e seguridade social;Pecuária, inclusive apoio à pecuária;7;True;98.9;0.989101;291.05;280.79;4.980738;4.9;;98.9;0.989101;291.05;280.79;4.980738;4.9;;94.6;0.943219;261.04;259.42;5.341;5.0;;93.8;0.934713;256.42;257.93;5.239167;4.9;;99.8;0.998187;243.22;228.58;6.761656;6.7;;99.8;0.998187;243.22;228.58;6.761656;6.7;;100.0;1.0;265.0;260.7;5.428333;5.4;;;;;;;;;;;;;;;;;;;;;;;;;;;;;;;;;;;;
5;Centro-oeste;52;GO;Goiás;5219712;Santo Antônio da Barra;329277.361;77168.35;348988.32;81787.75;321015.346;65701.05;107551.819;99554.932;46516.419;31797.137;285420.306;35595.04;Indústrias de transformação;Agricultura, inclusive apoio à agricultura e a pós colheita;Demais serviços;6;True;100.0;1.0;278.73;268.06;4.617136;4.6;;100.0;1.0;278.73;268.06;4.617136;4.6;;100.0;1.0;277.03;263.34;5.672833;5.7;;;;;;;;;100.0;1.0;227.8;216.17;6.241745;6.2;;100.0;1.0;227.8;216.17;6.241745;6.2;;100.0;1.0;277.03;263.34;5.672833;5.7;;;;;;;;;;;;;;;;;;;;;;;;;;;;;;;;;;;;
5;Centro-oeste;52;GO;Goiás;5219738;Santo Antônio de Goiás;200105.898;27092.59;161394.021;21851.34;154853.397;23487.55;14015.582;38956.414;51739.077;34349.308;139060.382;15793.015;Demais serviços;Construção;Administração, defesa, educação e saúde públicas e seguridade social;6;True;100.0;1.0;278.46;287.26;4.900769;4.9;;100.0;1.0;278.46;287.26;4.900769;4.9;;100.0;1.0;276.14;279.65;5.929833;5.9;;;;;;;;;100.0;1.0;245.94;232.27;6.880655;6.9;;100.0;1.0;245.94;232.27;6.880655;6.9;;100.0;1.0;276.14;279.65;5.929833;5.9;;;;;;;;;;;;;;;;;;;;;;;;;;;;;;;;;;;;
5;Centro-oeste;52;GO;Goiás;5219753;Santo Antônio do Descoberto;972898.933;13488.69;887443.114;12302.7;825809.178;10742.79;35623.236;56207.208;311021.029;363159.522;766010.995;59798.183;Administração, defesa, educação e saúde públicas e seguridade social;Demais serviços;Comércio e reparação de veículos automotores e motocicletas;7;True;99.6;0.996332;271.25;279.36;4.681241;4.7;;99.6;0.996332;271.25;279.36;4.681241;4.7;;88.5;0.887323;251.23;255.43;5.111;4.5;;81.9;0.834976;245.88;253.54;4.990333;4.2;;87.8;0.87719;202.37;196.74;5.403167;4.7;;87.8;0.87719;202.37;196.74;5.403167;4.7;;99.7;0.996996;252.98;256.05;5.1505;5.1;;;;;;;;;;;;;;;;;;;;;;;;;;;;;;;;;;;;
5;Centro-oeste;52;GO;Goiás;5219803;São Domingos;276813.387;28505.14;203081.316;20912.5;206272.546;15503.39;67575.907;31191.267;40166.53;59387.449;198321.153;7951.392;Pecuária, inclusive apoio à pecuária;Administração, defesa, educação e saúde públicas e seguridade social;Demais serviços;7;True;98.2;0.983846;260.68;249.92;4.092068;4.0;;98.2;0.983846;260.68;249.92;4.092068;4.0;;97.5;0.974504;257.48;255.86;5.222333;5.1;;90.3;0.908973;249.96;240.67;4.843833;4.4;;95.9;0.959845;230.12;220.21;6.359474;6.1;;95.9;0.959845;230.12;220.21;6.359474;6.1;;100.0;1.0;259.0;258.93;5.298833;5.3;;;;;;;;;;;;;;;;;;;;;;;;;;;;;;;;;;;;
5;Centro-oeste;52;GO;Goiás;5219902;São Francisco de Goiás;173868.772;27260.7;142561.833;22352.12;130603.103;20846.46;46612.706;6283.865;35808.159;33081.312;121786.042;8817.061;Pecuária, inclusive apoio à pecuária;Administração, defesa, educação e saúde públicas e seguridade social;Demais serviços;6;True;100.0;1.0;270.47;281.15;4.697083;4.7;;100.0;1.0;270.47;281.15;4.697083;4.7;;100.0;1.0;248.04;243.84;4.864667;4.9;;;;;;;;;100.0;1.0;237.93;225.24;6.599974;6.6;;100.0;1.0;237.93;225.24;6.599974;6.6;;100.0;1.0;248.04;243.84;4.864667;4.9;;;;;;;;;;;;;;;;;;;;;;;;;;;;;;;;;;;;
5;Centro-oeste;52;GO;Goiás;5220009;São João d'Aliança;597270.189;42537.58;681974.181;48768.18;570027.447;39522.11;336038.456;23536.581;111930.897;70293.865;541799.798;28227.649;Agricultura, inclusive apoio à agricultura e a pós colheita;Demais serviços;Administração, defesa, educação e saúde públicas e seguridade social;6;True;100.0;1.0;377.99;338.0;7.058243;7.1;;100.0;1.0;377.99;338.0;7.058243;7.1;;99.6;0.995726;316.28;289.69;6.766167;6.7;;;;;;;;;97.3;0.971919;216.28;206.3;5.842443;5.7;;97.3;0.971919;216.28;206.3;5.842443;5.7;;100.0;1.0;316.28;289.69;6.766167;6.8;;;;;;;;;;;;;;;;;;;;;;;;;;;;;;;;;;;;
5;Centro-oeste;52;GO;Goiás;5220058;São João da Paraúna;148706.508;83825.54;158221.162;89188.93;139628.724;106424.33;96548.087;4951.67;20340.946;13580.679;135421.382;4207.342;Agricultura, inclusive apoio à agricultura e a pós colheita;Pecuária, inclusive apoio à pecuária;Demais serviços;6;True;100.0;1.0;263.7;270.5;4.442567;4.4;;100.0;1.0;263.7;270.5;4.442567;4.4;;100.0;1.0;253.69;276.43;5.502;5.5;;;;;;;;;100.0;1.0;235.18;212.45;6.314948;6.3;;100.0;1.0;235.18;212.45;6.314948;6.3;;100.0;1.0;253.69;276.43;5.502;5.5;;;;;;;;;;;;;;;;;;;;;;;;;;;;;;;;;;;;
5;Centro-oeste;52;GO;Goiás;5220108;São Luís de Montes Belos;2008425.161;59329.59;1887337.082;55752.6;1486991.836;43116.21;104700.474;561058.67;527121.413;164547.468;1357428.025;129563.811;Indústrias de transformação;Demais serviços;Administração, defesa, educação e saúde públicas e seguridade social;7;True;99.4;0.993329;279.89;285.91;4.900643;4.9;;99.4;0.993329;279.89;285.91;4.900643;4.9;;98.7;0.987473;268.76;267.73;5.608167;5.5;;98.5;0.985107;256.32;257.07;5.223167;5.1;;99.5;0.994989;233.55;223.79;6.490023;6.5;;99.5;0.994989;233.55;223.79;6.490023;6.5;;99.0;0.989213;276.53;274.39;5.848667;5.8;;;;;;;;;;;;;;;;;;;;;;;;;;;;;;;;;;;;
5;Centro-oeste;52;GO;Goiás;5220157;São Luiz do Norte;221722.563;45838.86;207647.842;42929.06;137418.1;26110.22;54978.041;5035.466;35339.346;31740.797;127093.651;10324.449;Agricultura, inclusive apoio à agricultura e a pós colheita;Administração, defesa, educação e saúde públicas e seguridade social;Demais serviços;6;True;93.8;0.948856;282.28;273.65;4.750678;4.5;;93.8;0.948856;282.28;273.65;4.750678;4.5;;93.4;0.932742;255.39;251.1;5.108167;4.8;;;;;;;;;100.0;1.0;207.61;200.46;5.570803;5.6;;100.0;1.0;207.61;200.46;5.570803;5.6;;92.5;0.923345;255.39;251.1;5.108167;4.7;;;;;;;;;;;;;;;;;;;;;;;;;;;;;;;;;;;;
5;Centro-oeste;52;GO;Goiás;5220207;São Miguel do Araguaia;880801.58;40219.25;782339.28;35723.25;691658.553;31656.3;211899.301;35066.943;263163.808;125429.063;635559.115;56099.438;Pecuária, inclusive apoio à pecuária;Demais serviços;Administração, defesa, educação e saúde públicas e seguridade social;6;True;98.7;0.988158;291.7;293.04;5.173251;5.1;;98.7;0.988158;291.7;293.04;5.173251;5.1;;98.8;0.987461;270.63;269.58;5.670167;5.6;;;;;;;;;94.9;0.950206;268.46;246.67;7.572244;7.2;;94.9;0.950206;268.46;246.67;7.572244;7.2;;99.5;0.995248;270.63;269.58;5.670167;5.6;;;;;;;;;;;;;;;;;;;;;;;;;;;;;;;;;;;;
5;Centro-oeste;52;GO;Goiás;5220264;São Miguel do Passa Quatro;337469.253;75597.95;360021.051;80649.88;316743.47;77160.41;226480.943;11552.409;42866.945;26703.496;307603.793;9139.677;Agricultura, inclusive apoio à agricultura e a pós colheita;Pecuária, inclusive apoio à pecuária;Demais serviços;7;True;100.0;1.0;288.65;299.55;5.227869;5.2;;100.0;1.0;288.65;299.55;5.227869;5.2;;99.6;0.995951;257.05;262.66;5.3285;5.3;;99.4;0.993631;262.27;260.02;5.3715;5.3;;98.2;0.979856;210.44;203.13;5.673356;5.6;;98.2;0.979856;210.44;203.13;5.673356;5.6;;100.0;1.0;251.82;265.3;5.285333;5.3;;;;;;;;;;;;;;;;;;;;;;;;;;;;;;;;;;;;
5;Centro-oeste;52;GO;Goiás;5220280;São Patrício;66123.93;30855.78;60325.626;28150.08;53463.888;26207.79;21963.531;2685.994;10743.591;16034.819;51427.935;2035.953;Pecuária, inclusive apoio à pecuária;Administração, defesa, educação e saúde públicas e seguridade social;Demais serviços;6;True;100.0;1.0;251.98;270.18;4.27317;4.3;;100.0;1.0;251.98;270.18;4.27317;4.3;;100.0;1.0;255.8;262.24;5.300667;5.3;;;;;;;;;98.3;0.988055;222.59;221.2;6.233772;6.2;;98.3;0.988055;222.59;221.2;6.233772;6.2;;100.0;1.0;255.8;262.24;5.300667;5.3;;;;;;;;;;;;;;;;;;;;;;;;;;;;;;;;;;;;
5;Centro-oeste;52;GO;Goiás;5220405;São Simão;2537275.047;149076.09;1477387.412;86803.02;1432950.623;67217.87;33147.541;876627.555;282493.17;145280.683;1337548.95;95401.673;Eletricidade e gás, água, esgoto, atividades de gestão de resíduos e descontaminação;Demais serviços;Indústrias de transformação;8;True;97.7;0.979728;282.74;281.8;4.879145;4.8;;95.9;0.962083;285.31;292.71;5.078563;4.9;;93.8;0.937728;274.0;273.31;5.7885;5.4;;91.3;0.912806;282.52;284.4;6.115333;5.6;;95.2;0.950702;236.62;235.06;6.75352;6.4;;95.2;0.950702;236.62;235.06;6.75352;6.4;;99.6;0.995438;256.4;250.38;5.113;5.1;;;;;;;;;;;;;;;;;;;;;;;;;;;;;;93.8;0.941994;287.93;303.78;5.28108;5.0;
5;Centro-oeste;52;GO;Goiás;5220454;Senador Canedo;5495055.229;35307.32;5809312.264;37326.52;4765630.279;39240.41;22250.377;1435527.141;1710396.616;740139.19;3908313.324;857316.955;Indústrias de transformação;Demais serviços;Administração, defesa, educação e saúde públicas e seguridade social;7;True;97.2;0.97297;267.17;275.54;4.566752;4.4;;96.3;0.963916;267.17;275.54;4.566752;4.4;;91.7;0.916476;239.3;244.2;4.725;4.3;;90.6;0.905963;233.77;238.57;4.539;4.1;;97.8;0.977386;201.98;194.84;5.361178;5.2;;97.8;0.977386;201.98;194.84;5.361178;5.2;;98.7;0.98666;268.77;274.22;5.7165;5.6;;;;;;;;;;;;;;;;;;;;;;;;;;;;;;;;;;;;
5;Centro-oeste;52;GO;Goiás;5220504;Serranópolis;819679.537;102115.3;832893.045;103761.44;652613.492;74695.38;332119.401;108447.277;129401.565;51849.05;621817.293;30796.199;Agricultura, inclusive apoio à agricultura e a pós colheita;Demais serviços;Indústrias de transformação;6;True;98.9;0.990489;270.21;298.79;4.957503;4.9;;98.9;0.990489;270.21;298.79;4.957503;4.9;;99.0;0.989694;235.59;253.52;4.8185;4.8;;;;;;;;;99.6;0.995521;221.7;214.61;6.096969;6.1;;99.6;0.995521;221.7;214.61;6.096969;6.1;;98.7;0.988427;235.59;253.52;4.8185;4.8;;;;;;;;;;;;;;;;;;;;;;;;;;;;;;;;;;;;
5;Centro-oeste;52;GO;Goiás;5220603;Silvânia;1594191.158;71665.15;1548586.064;69615.02;1315612.055;62833.7;737135.473;61972.972;330876.988;107399.591;1237385.024;78227.031;Agricultura, inclusive apoio à agricultura e a pós colheita;Demais serviços;Administração, defesa, educação e saúde públicas e seguridade social;6;True;100.0;1.0;294.61;293.6;5.222505;5.2;;100.0;1.0;294.61;293.6;5.222505;5.2;;99.6;0.995951;285.79;284.51;6.171667;6.1;;;;;;;;;98.5;0.985608;246.57;226.01;6.77886;6.7;;98.5;0.985608;246.57;226.01;6.77886;6.7;;100.0;1.0;285.79;284.51;6.171667;6.2;;;;;;;;;;;;;;;;;;;;;;;;;;;;;;;;;;;;
5;Centro-oeste;52;GO;Goiás;5220686;Simolândia;233338.966;40637.23;232071.211;40416.44;173336.646;25139.47;15016.633;34732.93;67791.355;34214.711;151755.628;21581.018;Demais serviços;Administração, defesa, educação e saúde públicas e seguridade social;Indústrias de transformação;7;True;97.8;0.976272;256.05;254.69;4.098447;4.0;;97.8;0.976272;256.05;254.69;4.098447;4.0;;99.7;0.996973;252.12;255.38;5.125;5.1;;99.0;0.991278;229.3;246.47;4.596167;4.6;;97.9;0.982198;216.34;211.35;5.935406;5.8;;97.9;0.982198;216.34;211.35;5.935406;5.8;;100.0;1.0;259.14;258.12;5.287667;5.3;;;;;;;;;;;;;;;;;;;;;;;;;;;;;;;;;;;;
5;Centro-oeste;52;GO;Goiás;5220702;Sítio d'Abadia;104247.756;35615.91;106619.358;36426.16;75928.209;24976.38;44303.373;2298.655;9872.097;16924.183;73398.308;2529.901;Agricultura, inclusive apoio à agricultura e a pós colheita;Administração, defesa, educação e saúde públicas e seguridade social;Pecuária, inclusive apoio à pecuária;6;True;98.0;0.981447;263.57;254.57;4.202268;4.1;;98.0;0.981447;263.57;254.57;4.202268;4.1;;99.3;0.994408;244.75;243.78;4.808833;4.8;;;;;;;;;100.0;1.0;195.61;173.12;4.844704;4.8;;100.0;1.0;195.61;173.12;4.844704;4.8;;99.3;0.994408;244.75;243.78;4.808833;4.8;;;;;;;;;;;;;;;;;;;;;;;;;;;;;;;;;;;;
5;Centro-oeste;52;GO;Goiás;5221007;Taquaral de Goiás;97089.853;24115.71;97546.097;24229.04;89316.649;25475.37;27216.844;12342.916;22224.901;22460.585;84245.246;5071.403;Pecuária, inclusive apoio à pecuária;Administração, defesa, educação e saúde públicas e seguridade social;Demais serviços;6;True;98.5;0.987705;310.59;314.63;5.761763;5.7;;98.5;0.987705;310.59;314.63;5.761763;5.7;;99.1;0.99075;273.67;276.11;5.829667;5.8;;;;;;;;;100.0;1.0;222.06;206.28;5.952384;6.0;;100.0;1.0;222.06;206.28;5.952384;6.0;;99.1;0.99075;273.67;276.11;5.829667;5.8;;;;;;;;;;;;;;;;;;;;;;;;;;;;;;;;;;;;
5;Centro-oeste;52;GO;Goiás;5221080;Teresina de Goiás;47498.504;17585.53;41892.046;15509.83;39135.697;11061.53;3514.802;1405.007;11648.44;20242.661;36810.911;2324.786;Administração, defesa, educação e saúde públicas e seguridade social;Demais serviços;Pecuária, inclusive apoio à pecuária;6;True;97.6;0.97566;253.85;263.62;4.20123;4.1;;97.6;0.97566;253.85;263.62;4.20123;4.1;;99.1;0.990662;248.04;249.33;4.956167;4.9;;;;;;;;;97.2;0.971493;215.13;189.6;5.51686;5.4;;97.5;0.973851;215.13;189.6;5.51686;5.4;;99.1;0.990662;248.04;249.33;4.956167;4.9;;;;;;;;;;;;;;;;;;;;;;;;;;;;;;;;;;;;
5;Centro-oeste;52;GO;Goiás;5221197;Terezópolis de Goiás;258448.263;32533.77;236517.992;29773.16;211092.366;25353.39;10508.599;65150.353;70071.859;42034.399;187765.21;23327.156;Demais serviços;Administração, defesa, educação e saúde públicas e seguridade social;Indústrias de transformação;6;True;99.5;0.994949;268.36;263.93;4.409663;4.4;;99.5;0.994949;268.36;263.93;4.409663;4.4;;97.6;0.975181;257.55;256.75;5.238333;5.1;;;;;;;;;95.4;0.95471;240.26;224.95;6.639167;6.3;;95.4;0.95471;240.26;224.95;6.639167;6.3;;97.6;0.975181;257.55;256.75;5.238333;5.1;;;;;;;;;;;;;;;;;;;;;;;;;;;;;;;;;;;;
5;Centro-oeste;52;GO;Goiás;5221304;Três Ranchos;96755.905;33124.24;71370.623;24433.63;63880.692;22572.68;11575.56;3017.527;23569.347;22233.838;60396.273;3484.419;Administração, defesa, educação e saúde públicas e seguridade social;Demais serviços;Pecuária, inclusive apoio à pecuária;6;True;97.2;0.971851;266.03;261.51;4.340711;4.2;;97.2;0.971851;266.03;261.51;4.340711;4.2;;100.0;1.0;286.86;282.9;6.162667;6.2;;;;;;;;;97.4;0.971231;248.83;227.78;6.854171;6.7;;97.4;0.971231;248.83;227.78;6.854171;6.7;;100.0;1.0;286.86;282.9;6.162667;6.2;;;;;;;;;;;;;;;;;;;;;;;;;;;;;;;;;;;;
5;Centro-oeste;52;GO;Goiás;5221403;Trindade;3631624.099;25497.43;3228070.663;22664.1;2666873.839;20202.67;67223.204;656027.274;1017835.29;571697.618;2312783.386;354090.453;Demais serviços;Administração, defesa, educação e saúde públicas e seguridade social;Indústrias de transformação;8;True;99.8;0.998749;273.27;277.26;4.678175;4.7;;98.7;0.990443;277.04;279.89;4.770496;4.7;;100.0;0.99975;260.56;265.44;5.433333;5.4;;100.0;1.0;259.71;267.24;5.449167;5.4;;100.0;1.0;226.49;219.69;6.280745;6.3;;100.0;1.0;226.49;219.69;6.280745;6.3;;100.0;0.99975;260.61;265.32;5.432167;5.4;;;;;;;;;82.1;0.826267;322.27;311.48;5.878653;4.9;;;;;;;;;;;;;;;;;;;;;;
5;Centro-oeste;52;GO;Goiás;5221452;Trombas;82138.118;26326.32;72682.932;23295.81;70142.532;20057.92;26997.127;1370.205;14931.895;23545.315;66844.542;3297.99;Pecuária, inclusive apoio à pecuária;Administração, defesa, educação e saúde públicas e seguridade social;Demais serviços;6;True;98.4;0.985225;272.82;283.77;4.76931;4.7;;98.4;0.985225;272.82;283.77;4.76931;4.7;;100.0;1.0;253.19;256.24;5.157167;5.2;;;;;;;;;99.0;0.989633;230.75;216.71;6.307861;6.2;;99.0;0.989633;230.75;216.71;6.307861;6.2;;100.0;1.0;253.19;256.24;5.157167;5.2;;;;;;;;;;;;;;;;;;;;;;;;;;;;;;;;;;;;
5;Centro-oeste;52;GO;Goiás;5221502;Turvânia;359273.563;80194.99;371443.118;82911.41;204402.0;45161.73;127991.516;7684.943;34627.283;26520.747;196824.49;7577.511;Agricultura, inclusive apoio à agricultura e a pós colheita;Demais serviços;Administração, defesa, educação e saúde públicas e seguridade social;6;True;99.3;0.993243;271.43;272.21;4.576733;4.5;;99.3;0.993243;271.43;272.21;4.576733;4.5;;100.0;1.0;285.0;278.91;6.065167;6.1;;;;;;;;;100.0;1.0;235.76;233.83;6.714744;6.7;;100.0;1.0;235.76;233.83;6.714744;6.7;;100.0;1.0;285.0;278.91;6.065167;6.1;;;;;;;;;;;;;;;;;;;;;;;;;;;;;;;;;;;;
5;Centro-oeste;52;GO;Goiás;5221551;Turvelândia;757325.604;151920.88;810934.848;162674.99;566499.023;104002.02;237213.511;156135.778;79942.446;42797.234;516088.97;50410.054;Agricultura, inclusive apoio à agricultura e a pós colheita;Indústrias de transformação;Demais serviços;7;True;99.4;0.994949;265.55;265.77;4.397742;4.4;;99.4;0.994949;265.55;265.77;4.397742;4.4;;99.3;0.992951;260.69;254.6;5.254833;5.2;;98.9;0.988878;269.68;258.15;5.463833;5.4;;97.3;0.972543;238.2;232.01;6.728218;6.5;;97.3;0.972543;238.2;232.01;6.728218;6.5;;100.0;1.0;244.88;248.34;4.887;4.9;;;;;;;;;;;;;;;;;;;;;;;;;;;;;;;;;;;;
5;Centro-oeste;52;GO;Goiás;5221577;Uirapuru;86672.408;30976.56;78043.504;27892.6;77434.561;27371.71;35906.355;1840.702;15919.738;19944.887;73611.682;3822.879;Pecuária, inclusive apoio à pecuária;Administração, defesa, educação e saúde públicas e seguridade social;Demais serviços;5;True;;;;;;;;;;;;;;;92.3;0.923434;259.13;257.86;5.283167;4.9;;88.2;0.881471;264.45;280.48;5.748833;5.1;;98.3;0.981246;211.78;198.3;5.61111;5.5;;98.3;0.981246;211.78;198.3;5.61111;5.5;;100.0;1.0;252.76;230.71;4.7245;4.7;;;;;;;;;;;;;;;;;;;;;;;;;;;;;;;;;;;;
5;Centro-oeste;52;GO;Goiás;5221601;Uruaçu;1637351.708;38484.27;1495648.509;35153.68;1299992.524;31591.56;211573.838;216462.549;537536.68;204516.785;1170089.852;129902.673;Demais serviços;Administração, defesa, educação e saúde públicas e seguridade social;Comércio e reparação de veículos automotores e motocicletas;8;True;97.9;0.98367;290.81;290.18;5.117936;5.0;;95.5;0.962288;294.77;295.89;5.259033;5.1;;99.7;0.997493;270.9;266.27;5.6195;5.6;;100.0;1.0;217.92;223.2;4.018667;4.0;;100.0;1.0;239.04;222.99;6.580248;6.6;;100.0;1.0;235.26;221.56;6.482111;6.5;;99.7;0.99699;275.83;270.28;5.7685;5.8;;100.0;1.0;263.48;232.21;7.214297;7.2;;;;;;;;;;;;;;;;;;;;;;;;;;;;;
5;Centro-oeste;52;GO;Goiás;5221700;Uruana;405663.867;29547.95;350884.58;25557.91;294393.802;21340.62;83983.259;19874.56;102695.431;67222.095;273775.346;20618.456;Demais serviços;Administração, defesa, educação e saúde públicas e seguridade social;Pecuária, inclusive apoio à pecuária;7;True;98.7;0.986642;262.54;258.27;4.243191;4.2;;98.7;0.986642;262.54;258.27;4.243191;4.2;;99.8;0.998493;266.72;264.05;5.512833;5.5;;99.6;0.996463;277.53;280.66;5.969833;5.9;;100.0;1.0;231.13;222.5;6.420385;6.4;;100.0;1.0;231.13;222.5;6.420385;6.4;;100.0;1.0;262.48;257.55;5.333833;5.3;;;;;;;;;;;;;;;;;;;;;;;;;;;;;;;;;;;;
5;Centro-oeste;52;GO;Goiás;5221809;Urutaí;152304.129;42866.35;165092.745;46465.73;164818.414;53932.73;113648.114;5286.941;20006.013;20063.379;159004.447;5813.967;Pecuária, inclusive apoio à pecuária;Agricultura, inclusive apoio à agricultura e a pós colheita;Administração, defesa, educação e saúde públicas e seguridade social;6;True;94.0;0.939753;260.84;253.2;4.143417;3.9;;89.7;0.914205;290.52;282.49;4.998744;4.6;;100.0;1.0;242.83;240.95;4.729667;4.7;;;;;;;;;100.0;1.0;220.08;216.38;6.098235;6.1;;100.0;1.0;220.08;216.38;6.098235;6.1;;100.0;1.0;242.83;240.95;4.729667;4.7;;;;;;;;;;;;;;;;;;;;;;;;;;;;;;;;;;;;
5;Centro-oeste;52;GO;Goiás;5221858;Valparaíso de Goiás;3621839.692;18212.92;3278278.724;16485.28;2964938.478;16873.08;1014.438;319480.46;1508229.105;823064.029;2651788.032;313150.446;Demais serviços;Administração, defesa, educação e saúde públicas e seguridade social;Comércio e reparação de veículos automotores e motocicletas;7;True;97.4;0.975251;271.65;278.97;4.681021;4.6;;96.5;0.974914;271.65;278.97;4.681021;4.6;;89.8;0.899876;249.16;254.99;5.069167;4.6;;86.6;0.868787;246.14;252.22;4.972667;4.3;;94.4;0.944405;215.33;209.6;5.884313;5.6;;94.4;0.944405;215.33;209.6;5.884313;5.6;;98.8;0.98849;254.19;259.63;5.230333;5.2;;;;;;;;;;;;;;;;;;;;;;;;;;;;;;;;;;;;
5;Centro-oeste;52;GO;Goiás;5221908;Varjão;122375.692;32932.1;117653.056;31661.21;105104.958;27314.18;55362.792;2725.228;18403.544;23526.184;100017.747;5087.21;Pecuária, inclusive apoio à pecuária;Administração, defesa, educação e saúde públicas e seguridade social;Demais serviços;6;True;100.0;1.0;284.95;290.44;5.039525;5.0;;100.0;1.0;284.95;290.44;5.039525;5.0;;100.0;1.0;252.05;258.66;5.1785;5.2;;;;;;;;;99.6;0.995728;238.09;218.93;6.4883;6.5;;99.6;0.995728;238.09;218.93;6.4883;6.5;;100.0;1.0;252.05;258.66;5.1785;5.2;;;;;;;;;;;;;;;;;;;;;;;;;;;;;;;;;;;;
5;Centro-oeste;52;GO;Goiás;5222005;Vianópolis;914943.447;61175.68;960671.807;64233.2;858016.09;60904.04;415874.609;43894.843;256429.626;75760.177;791959.256;66056.834;Agricultura, inclusive apoio à agricultura e a pós colheita;Demais serviços;Comércio e reparação de veículos automotores e motocicletas;6;True;100.0;1.0;293.7;289.33;5.145802;5.1;;100.0;1.0;293.7;289.33;5.145802;5.1;;99.9;0.998745;289.74;280.78;6.175333;6.2;;;;;;;;;99.8;0.99778;242.72;231.7;6.808841;6.8;;99.8;0.99778;242.72;231.7;6.808841;6.8;;100.0;1.0;289.74;280.78;6.175333;6.2;;;;;;;;;;;;;;;;;;;;;;;;;;;;;;;;;;;;
5;Centro-oeste;52;GO;Goiás;5222054;Vicentinópolis;677599.603;77280.98;720443.625;82167.38;480210.09;53344.82;194666.867;87665.581;113322.416;52654.956;448309.82;31900.27;Agricultura, inclusive apoio à agricultura e a pós colheita;Demais serviços;Indústrias de transformação;7;True;100.0;1.0;281.23;274.08;4.742368;4.7;;100.0;1.0;281.23;274.08;4.742368;4.7;;99.8;0.997988;283.56;278.64;6.036667;6.0;;99.6;0.996207;277.7;280.44;5.969;5.9;;99.5;0.994543;249.97;239.82;7.094836;7.1;;99.5;0.994543;249.97;239.82;7.094836;7.1;;100.0;1.0;295.66;274.94;6.176667;6.2;;;;;;;;;;;;;;;;;;;;;;;;;;;;;;;;;;;;
5;Centro-oeste;52;GO;Goiás;5222203;Vila Boa;201846.438;47887.65;194802.597;46216.51;179923.862;27890.85;58414.419;30276.013;40310.266;36730.518;165731.216;14192.646;Agricultura, inclusive apoio à agricultura e a pós colheita;Administração, defesa, educação e saúde públicas e seguridade social;Demais serviços;7;True;100.0;1.0;284.39;279.82;4.872678;4.9;;100.0;1.0;284.39;279.82;4.872678;4.9;;97.8;0.978762;258.15;251.36;5.1585;5.0;;96.7;0.969335;238.62;246.73;4.755833;4.6;;95.2;0.950082;192.22;187.6;5.043282;4.8;;95.2;0.950082;192.22;187.6;5.043282;4.8;;100.0;1.0;283.82;257.45;5.687833;5.7;;;;;;;;;;;;;;;;;;;;;;;;;;;;;;;;;;;;
5;Centro-oeste;52;GO;Goiás;5222302;Vila Propício;444209.156;76390.22;457512.121;78677.92;308035.08;51849.03;157949.388;57342.307;46728.595;33149.752;295170.043;12865.037;Agricultura, inclusive apoio à agricultura e a pós colheita;Indústrias extrativas;Demais serviços;6;True;98.7;0.985845;269.47;264.78;4.437978;4.4;;98.7;0.985845;269.47;264.78;4.437978;4.4;;99.4;0.994722;268.26;276.37;5.743833;5.7;;;;;;;;;99.5;0.994961;249.52;228.37;6.878067;6.8;;99.5;0.994961;249.52;228.37;6.878067;6.8;;99.4;0.994722;268.26;276.37;5.743833;5.7;;;;;;;;;;;;;;;;;;;;;;;;;;;;;;;;;;;;
