region_code;region_name;state_code;state_abbr;state_name;city_code;city_name;gdp_2023_current_prices_thousand_reais;gdp_per_capita_2023_current_reais;gdp_2022_current_prices_thousand_reais;gdp_per_capita_2022_current_reais;gdp_2021_current_prices_thousand_reais;gdp_per_capita_2021_current_reais;gross_value_added_agriculture_2021_current_prices_thousand_reais;gross_value_added_industry_2021_current_prices_thousand_reais;gross_value_added_services_2021_current_prices_thousand_reais;gross_value_added_public_administration_2021_current_prices_thousand_reais;gross_value_added_total_2021_current_prices_thousand_reais;taxes_less_subsidies_2021_current_prices_thousand_reais;main_economic_activity_2021;second_main_economic_activity_2021;third_main_economic_activity_2021;total_school_records;has_any_school_record;approval_rate_municipal_fundamental_iniciais_1_5;performance_indicator_municipal_fundamental_iniciais_1_5;saeb_math_score_municipal_fundamental_iniciais_1_5;saeb_portuguese_score_municipal_fundamental_iniciais_1_5;saeb_standardized_average_score_municipal_fundamental_iniciais_1_5;ideb_municipal_fundamental_iniciais_1_5;ideb_projection_municipal_fundamental_iniciais_1_5;approval_rate_publica_fundamental_iniciais_1_5;performance_indicator_publica_fundamental_iniciais_1_5;saeb_math_score_publica_fundamental_iniciais_1_5;saeb_portuguese_score_publica_fundamental_iniciais_1_5;saeb_standardized_average_score_publica_fundamental_iniciais_1_5;ideb_publica_fundamental_iniciais_1_5;ideb_projection_publica_fundamental_iniciais_1_5;approval_rate_publica_medio_todos_1_4;performance_indicator_publica_medio_todos_1_4;saeb_math_score_publica_medio_todos_1_4;saeb_portuguese_score_publica_medio_todos_1_4;saeb_standardized_average_score_publica_medio_todos_1_4;ideb_publica_medio_todos_1_4;ideb_projection_publica_medio_todos_1_4;approval_rate_estadual_medio_todos_1_4;performance_indicator_estadual_medio_todos_1_4;saeb_math_score_estadual_medio_todos_1_4;saeb_portuguese_score_estadual_medio_todos_1_4;saeb_standardized_average_score_estadual_medio_todos_1_4;ideb_estadual_medio_todos_1_4;ideb_projection_estadual_medio_todos_1_4;approval_rate_municipal_fundamental_finais_6_9;performance_indicator_municipal_fundamental_finais_6_9;saeb_math_score_municipal_fundamental_finais_6_9;saeb_portuguese_score_municipal_fundamental_finais_6_9;saeb_standardized_average_score_municipal_fundamental_finais_6_9;ideb_municipal_fundamental_finais_6_9;ideb_projection_municipal_fundamental_finais_6_9;approval_rate_publica_fundamental_finais_6_9;performance_indicator_publica_fundamental_finais_6_9;saeb_math_score_publica_fundamental_finais_6_9;saeb_portuguese_score_publica_fundamental_finais_6_9;saeb_standardized_average_score_publica_fundamental_finais_6_9;ideb_publica_fundamental_finais_6_9;ideb_projection_publica_fundamental_finais_6_9;approval_rate_federal_fundamental_finais_6_9;performance_indicator_federal_fundamental_finais_6_9;saeb_math_score_federal_fundamental_finais_6_9;saeb_portuguese_score_federal_fundamental_finais_6_9;saeb_standardized_average_score_federal_fundamental_finais_6_9;ideb_federal_fundamental_finais_6_9;ideb_projection_federal_fundamental_finais_6_9;approval_rate_federal_fundamental_iniciais_1_5;performance_indicator_federal_fundamental_iniciais_1_5;saeb_math_score_federal_fundamental_iniciais_1_5;saeb_portuguese_score_federal_fundamental_iniciais_1_5;saeb_standardized_average_score_federal_fundamental_iniciais_1_5;ideb_federal_fundamental_iniciais_1_5;ideb_projection_federal_fundamental_iniciais_1_5;approval_rate_federal_medio_todos_1_4;performance_indicator_federal_medio_todos_1_4;saeb_math_score_federal_medio_todos_1_4;saeb_portuguese_score_federal_medio_todos_1_4;saeb_standardized_average_score_federal_medio_todos_1_4;ideb_federal_medio_todos_1_4;ideb_projection_federal_medio_todos_1_4;approval_rate_estadual_fundamental_finais_6_9;performance_indicator_estadual_fundamental_finais_6_9;saeb_math_score_estadual_fundamental_finais_6_9;saeb_portuguese_score_estadual_fundamental_finais_6_9;saeb_standardized_average_score_estadual_fundamental_finais_6_9;ideb_estadual_fundamental_finais_6_9;ideb_projection_estadual_fundamental_finais_6_9;approval_rate_municipal_medio_todos_1_4;performance_indicator_municipal_medio_todos_1_4;saeb_math_score_municipal_medio_todos_1_4;saeb_portuguese_score_municipal_medio_todos_1_4;saeb_standardized_average_score_municipal_medio_todos_1_4;ideb_municipal_medio_todos_1_4;ideb_projection_municipal_medio_todos_1_4;approval_rate_estadual_fundamental_iniciais_1_5;performance_indicator_estadual_fundamental_iniciais_1_5;saeb_math_score_estadual_fundamental_iniciais_1_5;saeb_portuguese_score_estadual_fundamental_iniciais_1_5;saeb_standardized_average_score_estadual_fundamental_iniciais_1_5;ideb_estadual_fundamental_iniciais_1_5;ideb_projection_estadual_fundamental_iniciais_1_5
2;Nordeste;21;MA;Maranhão;2100055;Açailândia;4274161.961;40114.14;4148952.591;38939.02;3828533.21;33647.67;492701.154;1393398.811;971135.48;515224.184;3372459.629;456073.581;Indústrias de transformação;Demais serviços;Administração, defesa, educação e saúde públicas e seguridade social;6;True;98.1;0.980967;207.35;200.53;5.567114;5.5;;98.1;0.980967;207.35;200.53;5.567114;5.5;;93.2;0.932084;261.73;267.03;4.362952;4.1;;94.2;0.944547;260.17;264.37;4.301222;4.1;;95.5;0.95471;240.67;245.91;4.776333;4.6;;95.5;0.95471;240.67;245.91;4.776333;4.6;;;;;;;;;;;;;;;;;;;;;;;;;;;;;;;;;;;;;;;;;;;
2;Nordeste;21;MA;Maranhão;2100105;Afonso Cunha;105581.152;17184.43;117492.738;19123.17;85052.498;12826.5;34864.52;2622.374;14426.105;31081.049;82994.048;2058.45;Agricultura, inclusive apoio à agricultura e a pós colheita;Administração, defesa, educação e saúde públicas e seguridade social;Demais serviços;4;True;98.0;0.97998;222.25;200.72;5.85492;5.7;;98.0;0.97998;222.25;200.72;5.85492;5.7;;;;;;;;;;;;;;;;95.6;0.955238;224.08;221.12;4.086667;3.9;;95.6;0.955238;224.08;221.12;4.086667;3.9;;;;;;;;;;;;;;;;;;;;;;;;;;;;;;;;;;;;;;;;;;;
2;Nordeste;21;MA;Maranhão;2100154;Água Doce do Maranhão;130745.967;10768.08;120773.934;9946.79;101642.077;7983.83;7597.057;5453.708;24560.017;59927.686;97538.467;4103.609;Administração, defesa, educação e saúde públicas e seguridade social;Demais serviços;Agricultura, inclusive apoio à agricultura e a pós colheita;6;True;97.0;0.969754;186.26;178.72;4.768087;4.6;;97.0;0.969754;186.26;178.72;4.768087;4.6;;85.7;0.864968;266.41;270.16;4.475539;3.9;;85.7;0.864968;266.41;270.16;4.475539;3.9;;90.7;0.90717;213.8;219.38;3.886333;3.5;;90.7;0.90717;213.8;219.38;3.886333;3.5;;;;;;;;;;;;;;;;;;;;;;;;;;;;;;;;;;;;;;;;;;;
2;Nordeste;21;MA;Maranhão;2100204;Alcântara;170260.679;9219.73;153680.475;8322.35;148762.762;6723.44;16394.547;6572.545;34492.965;84713.768;142173.824;6588.938;Administração, defesa, educação e saúde públicas e seguridade social;Demais serviços;Produção florestal, pesca e aquicultura;8;True;94.7;0.948986;178.34;179.08;4.623488;4.4;;94.9;0.950313;188.51;188.04;4.980481;4.7;;87.2;0.873302;248.27;239.7;3.764776;3.3;;87.2;0.871942;248.27;239.7;3.764776;3.3;;91.6;0.911122;223.22;221.23;4.074167;3.7;;91.9;0.915024;230.29;232.18;4.3745;4.0;;100.0;1.0;269.2;292.37;6.026167;6.0;;97.5;0.96829;241.26;234.52;6.832251;6.6;;;;;;;;;;;;;;;;;;;;;;;;;;;;;
2;Nordeste;21;MA;Maranhão;2100303;Aldeias Altas;335245.811;14396.88;369369.725;15862.31;249395.852;9244.07;69463.145;8149.988;45152.369;117050.758;239816.26;9579.593;Administração, defesa, educação e saúde públicas e seguridade social;Agricultura, inclusive apoio à agricultura e a pós colheita;Demais serviços;4;True;90.0;0.90138;188.67;178.46;4.809353;4.3;;90.0;0.90138;188.67;178.46;4.809353;4.3;;;;;;;;;;;;;;;;81.1;0.812442;227.09;235.14;4.3705;3.6;;81.1;0.812442;227.09;235.14;4.3705;3.6;;;;;;;;;;;;;;;;;;;;;;;;;;;;;;;;;;;;;;;;;;;
2;Nordeste;21;MA;Maranhão;2100402;Altamira do Maranhão;88342.755;13702.92;79335.962;12305.87;71511.632;8668.08;21461.29;1828.674;12870.256;32742.255;68902.474;2609.158;Administração, defesa, educação e saúde públicas e seguridade social;Pecuária, inclusive apoio à pecuária;Demais serviços;6;True;97.5;0.975219;184.66;185.08;4.853189;4.7;;97.5;0.975219;184.66;185.08;4.853189;4.7;;91.5;0.91742;231.14;227.13;3.336012;3.1;;91.5;0.91742;231.14;227.13;3.336012;3.1;;94.4;0.944958;232.97;224.88;4.2975;4.1;;94.4;0.944958;232.97;224.88;4.2975;4.1;;;;;;;;;;;;;;;;;;;;;;;;;;;;;;;;;;;;;;;;;;;
2;Nordeste;21;MA;Maranhão;2100436;Alto Alegre do Maranhão;378314.119;15731.63;359926.42;14967.0;303118.129;10800.19;12130.813;11962.155;142255.45;100717.016;267065.433;36052.696;Administração, defesa, educação e saúde públicas e seguridade social;Demais serviços;Comércio e reparação de veículos automotores e motocicletas;6;True;96.9;0.971746;184.97;175.42;4.683469;4.6;;96.9;0.971746;184.97;175.42;4.683469;4.6;;94.9;0.949424;238.74;239.48;3.627634;3.4;;94.9;0.949424;238.74;239.48;3.627634;3.4;;91.4;0.912179;220.29;226.06;4.105833;3.7;;91.4;0.912179;220.29;226.06;4.105833;3.7;;;;;;;;;;;;;;;;;;;;;;;;;;;;;;;;;;;;;;;;;;;
2;Nordeste;21;MA;Maranhão;2100477;Alto Alegre do Pindaré;310141.738;12063.08;282348.467;10982.05;251719.288;7874.35;32375.604;8296.761;56442.649;141108.606;238223.621;13495.667;Administração, defesa, educação e saúde públicas e seguridade social;Demais serviços;Pecuária, inclusive apoio à pecuária;6;True;99.9;0.998797;241.98;214.88;6.488901;6.5;;99.9;0.998797;241.98;214.88;6.488901;6.5;;88.8;0.88989;253.68;252.4;4.030879;3.6;;88.8;0.88989;253.68;252.4;4.030879;3.6;;99.3;0.992975;265.23;249.65;5.248;5.2;;99.3;0.992975;265.23;249.65;5.248;5.2;;;;;;;;;;;;;;;;;;;;;;;;;;;;;;;;;;;;;;;;;;;
2;Nordeste;21;MA;Maranhão;2100501;Alto Parnaíba;573769.442;51649.06;787087.276;70851.32;578961.339;51541.11;362237.776;34197.688;105140.411;57459.823;559035.698;19925.641;Agricultura, inclusive apoio à agricultura e a pós colheita;Demais serviços;Administração, defesa, educação e saúde públicas e seguridade social;6;True;98.4;0.983405;238.34;220.95;6.529799;6.4;;98.4;0.983405;238.34;220.95;6.529799;6.4;;99.7;0.996644;247.55;254.36;3.974125;4.0;;99.7;0.996644;247.55;254.36;3.974125;4.0;;95.6;0.955888;261.11;260.54;5.360833;5.1;;95.6;0.955888;261.11;260.54;5.360833;5.1;;;;;;;;;;;;;;;;;;;;;;;;;;;;;;;;;;;;;;;;;;;
2;Nordeste;21;MA;Maranhão;2100550;Amapá do Maranhão;95025.625;13253.23;77337.043;10786.2;70197.682;9961.36;13419.768;2679.498;17850.217;32292.315;66241.798;3955.884;Administração, defesa, educação e saúde públicas e seguridade social;Demais serviços;Pecuária, inclusive apoio à pecuária;6;True;98.7;0.987363;184.32;181.76;4.786337;4.7;;98.7;0.987363;184.32;181.76;4.786337;4.7;;95.9;0.958537;252.55;255.9;4.067403;3.9;;95.9;0.958537;252.55;255.9;4.067403;3.9;;93.8;0.933571;230.55;231.59;4.369;4.1;;93.8;0.933571;230.55;231.59;4.369;4.1;;;;;;;;;;;;;;;;;;;;;;;;;;;;;;;;;;;;;;;;;;;
2;Nordeste;21;MA;Maranhão;2100600;Amarante do Maranhão;500782.201;13503.63;435131.53;11731.46;388636.419;9249.5;126799.59;9023.066;85798.3;150331.39;371952.347;16684.073;Administração, defesa, educação e saúde públicas e seguridade social;Pecuária, inclusive apoio à pecuária;Demais serviços;6;True;96.7;0.966839;194.59;185.82;5.056148;4.9;;91.3;0.914229;194.59;185.82;5.056148;4.6;;84.9;0.854572;245.3;246.2;3.820368;3.3;;84.9;0.854572;245.3;246.2;3.820368;3.3;;88.2;0.883865;231.17;231.15;4.372;3.9;;85.0;0.849984;231.17;231.15;4.372;3.7;;;;;;;;;;;;;;;;;;;;;;;;;;;;;;;;;;;;;;;;;;;
2;Nordeste;21;MA;Maranhão;2100709;Anajatuba;255438.614;10087.62;236141.823;9325.56;207605.731;7640.99;47951.165;5316.099;46528.553;97707.676;197503.493;10102.238;Administração, defesa, educação e saúde públicas e seguridade social;Demais serviços;Pecuária, inclusive apoio à pecuária;6;True;96.7;0.966947;202.91;193.42;5.353108;5.2;;96.7;0.966947;202.91;193.42;5.353108;5.2;;88.9;0.895206;242.95;247.8;3.811314;3.4;;88.9;0.895206;242.95;247.8;3.811314;3.4;;85.4;0.853614;251.42;254.05;5.091167;4.3;;85.4;0.853614;251.42;254.05;5.091167;4.3;;;;;;;;;;;;;;;;;;;;;;;;;;;;;;;;;;;;;;;;;;;
2;Nordeste;21;MA;Maranhão;2100808;Anapurus;192812.583;13979.02;178126.335;12914.26;149102.029;9287.53;26455.601;5525.917;41088.089;68490.279;141559.887;7542.142;Administração, defesa, educação e saúde públicas e seguridade social;Demais serviços;Agricultura, inclusive apoio à agricultura e a pós colheita;6;True;92.6;0.927293;177.31;174.98;4.529286;4.2;;92.6;0.927293;177.31;174.98;4.529286;4.2;;89.3;0.889283;231.45;237.26;3.492013;3.1;;89.3;0.889283;231.45;237.26;3.492013;3.1;;87.2;0.867855;221.03;225.55;4.109667;3.6;;87.2;0.867855;221.03;225.55;4.109667;3.6;;;;;;;;;;;;;;;;;;;;;;;;;;;;;;;;;;;;;;;;;;;
2;Nordeste;21;MA;Maranhão;2100832;Apicum-Açu;170117.237;9710.44;152577.866;8709.28;133945.537;7618.33;17379.193;4424.363;31609.03;74025.451;127438.036;6507.5;Administração, defesa, educação e saúde públicas e seguridade social;Demais serviços;Produção florestal, pesca e aquicultura;6;True;96.5;0.966376;171.84;165.31;4.249078;4.1;;96.5;0.966376;171.84;165.31;4.249078;4.1;;92.3;0.923409;245.73;247.03;3.838832;3.5;;92.3;0.923409;245.73;247.03;3.838832;3.5;;89.8;0.89976;228.47;230.26;4.312167;3.9;;89.8;0.89976;228.47;230.26;4.312167;3.9;;;;;;;;;;;;;;;;;;;;;;;;;;;;;;;;;;;;;;;;;;;
2;Nordeste;21;MA;Maranhão;2100873;Araguanã;127935.136;11442.19;112188.411;10032.95;101727.947;6489.82;13738.081;2436.136;19659.462;61670.78;97504.459;4223.488;Administração, defesa, educação e saúde públicas e seguridade social;Demais serviços;Pecuária, inclusive apoio à pecuária;4;True;99.8;0.997194;197.71;190.96;5.209144;5.2;;99.7;0.996796;197.71;190.96;5.209144;5.2;;;;;;;;;;;;;;;;95.6;0.947028;206.61;215.35;3.699333;3.5;;95.3;0.9444;206.61;215.35;3.699333;3.5;;;;;;;;;;;;;;;;;;;;;;;;;;;;;;;;;;;;;;;;;;;
2;Nordeste;21;MA;Maranhão;2100907;Araioses;351323.823;8996.31;311060.571;7965.29;282769.228;6004.23;39404.212;7666.612;67086.806;157314.506;271472.136;11297.092;Administração, defesa, educação e saúde públicas e seguridade social;Demais serviços;Produção florestal, pesca e aquicultura;7;True;92.6;0.923023;193.14;192.46;5.149203;4.8;;92.6;0.923023;193.14;192.46;5.149203;4.8;;90.8;0.909717;252.39;254.34;4.041803;3.7;;92.9;0.92886;247.99;249.24;3.903658;3.6;;81.9;0.819571;229.51;242.09;4.526667;3.7;;81.9;0.819571;229.51;242.09;4.526667;3.7;;;;;;;;;;;;;;;;81.9;0.822421;287.34;294.88;5.13956;4.2;;;;;;;;;;;;;;;;;;;;;;
2;Nordeste;21;MA;Maranhão;2100956;Arame;320623.29;12565.09;296103.505;11602.8;290314.787;8844.32;80029.706;7959.554;65935.958;121071.62;274996.839;15317.948;Administração, defesa, educação e saúde públicas e seguridade social;Pecuária, inclusive apoio à pecuária;Demais serviços;6;True;99.0;0.990476;198.15;187.33;5.151541;5.1;;95.4;0.95493;198.15;187.33;5.151541;4.9;;84.5;0.848708;249.31;250.56;3.941957;3.3;;84.5;0.848708;249.31;250.56;3.941957;3.3;;90.7;0.908004;219.97;225.61;4.093;3.7;;86.7;0.866831;219.97;225.61;4.093;3.5;;;;;;;;;;;;;;;;;;;;;;;;;;;;;;;;;;;;;;;;;;;
2;Nordeste;21;MA;Maranhão;2101004;Arari;422712.588;14342.85;363216.594;12324.12;313250.593;10436.82;66123.611;9554.398;94397.363;121538.438;291613.809;21636.784;Administração, defesa, educação e saúde públicas e seguridade social;Demais serviços;Agricultura, inclusive apoio à agricultura e a pós colheita;6;True;98.9;0.988921;224.82;211.14;6.09342;6.0;;98.9;0.988921;224.82;211.14;6.09342;6.0;;87.1;0.871249;254.65;254.85;4.081179;3.6;;87.1;0.871249;254.65;254.85;4.081179;3.6;;96.9;0.969178;264.23;272.05;5.604667;5.4;;96.9;0.969178;264.23;272.05;5.604667;5.4;;;;;;;;;;;;;;;;;;;;;;;;;;;;;;;;;;;;;;;;;;;
2;Nordeste;21;MA;Maranhão;2101103;Axixá;118130.837;10019.58;106711.893;9051.05;97421.795;7963.2;12953.266;4087.055;25530.77;49669.392;92240.482;5181.312;Administração, defesa, educação e saúde públicas e seguridade social;Demais serviços;Produção florestal, pesca e aquicultura;6;True;96.5;0.965402;241.86;218.77;6.557338;6.3;;96.5;0.965402;241.86;218.77;6.557338;6.3;;92.8;0.920866;251.94;265.6;4.204045;3.9;;92.8;0.920866;251.94;265.6;4.204045;3.9;;94.6;0.945692;277.73;274.95;5.878;5.6;;94.6;0.945692;277.73;274.95;5.878;5.6;;;;;;;;;;;;;;;;;;;;;;;;;;;;;;;;;;;;;;;;;;;
2;Nordeste;21;MA;Maranhão;2101202;Bacabal;1912868.327;18444.22;1748315.383;16857.57;1514560.008;14411.48;80707.973;98681.151;765023.178;386164.48;1330576.782;183983.226;Demais serviços;Administração, defesa, educação e saúde públicas e seguridade social;Comércio e reparação de veículos automotores e motocicletas;8;True;99.7;0.996793;206.99;192.4;5.412425;5.4;;99.7;0.996793;206.99;192.4;5.412425;5.4;;89.6;0.897669;256.04;263.37;4.228246;3.8;;89.0;0.891862;254.8;261.93;4.189274;3.7;;98.4;0.983463;241.21;246.44;4.794167;4.7;;98.5;0.984716;248.87;253.33;5.036667;5.0;;;;;;;;;;;;;;;;97.0;0.967026;281.84;293.33;5.039109;4.9;;99.7;0.997735;320.41;317.63;7.300667;7.3;;;;;;;;;;;;;;;
2;Nordeste;21;MA;Maranhão;2101251;Bacabeira;466225.901;27480.01;450355.125;26544.57;599285.019;34350.86;15905.677;349713.871;115231.993;78051.721;558903.263;40381.756;Indústrias extrativas;Indústrias de transformação;Demais serviços;6;True;96.9;0.97095;195.01;184.87;5.04689;4.9;;96.9;0.97095;195.01;184.87;5.04689;4.9;;96.2;0.964786;254.3;262.81;4.195425;4.0;;96.2;0.964786;254.3;262.81;4.195425;4.0;;92.6;0.926887;239.73;243.16;4.714833;4.4;;92.6;0.926887;239.73;243.16;4.714833;4.4;;;;;;;;;;;;;;;;;;;;;;;;;;;;;;;;;;;;;;;;;;;
2;Nordeste;21;MA;Maranhão;2101301;Bacuri;156363.09;9598.72;138556.108;8505.59;122871.925;6561.57;10523.924;3716.438;27414.158;76763.552;118418.072;4453.853;Administração, defesa, educação e saúde públicas e seguridade social;Demais serviços;Produção florestal, pesca e aquicultura;6;True;99.0;0.991146;202.95;194.37;5.371144;5.3;;99.0;0.991146;202.95;194.37;5.371144;5.3;;93.4;0.934611;245.61;241.81;3.759003;3.5;;93.4;0.934611;245.61;241.81;3.759003;3.5;;93.7;0.936942;250.91;253.86;5.0795;4.8;;93.7;0.936942;250.91;253.86;5.0795;4.8;;;;;;;;;;;;;;;;;;;;;;;;;;;;;;;;;;;;;;;;;;;
2;Nordeste;21;MA;Maranhão;2101350;Bacurituba;52137.831;9927.23;45480.38;8654.69;39589.506;6950.4;5229.79;1106.67;7819.519;24107.668;38263.646;1325.859;Administração, defesa, educação e saúde públicas e seguridade social;Demais serviços;Pecuária, inclusive apoio à pecuária;6;True;99.7;0.997373;245.98;236.91;6.965782;6.9;;99.7;0.997373;245.98;236.91;6.965782;6.9;;94.8;0.944735;246.94;261.81;4.077084;3.9;;94.8;0.944735;246.94;261.81;4.077084;3.9;;100.0;1.0;231.8;242.87;4.577833;4.6;;100.0;1.0;231.8;242.87;4.577833;4.6;;;;;;;;;;;;;;;;;;;;;;;;;;;;;;;;;;;;;;;;;;;
2;Nordeste;21;MA;Maranhão;2101400;Balsas;7529798.468;73990.57;8010408.203;78830.19;6307425.073;65057.87;1893662.454;251286.184;2906398.66;408992.441;5460339.739;847085.334;Agricultura, inclusive apoio à agricultura e a pós colheita;Comércio e reparação de veículos automotores e motocicletas;Demais serviços;6;True;94.2;0.941862;196.19;191.12;5.183046;4.9;;94.2;0.941862;196.19;191.12;5.183046;4.9;;95.5;0.958516;257.82;265.57;4.28618;4.1;;95.5;0.958516;257.82;265.57;4.28618;4.1;;89.9;0.899254;234.75;244.8;4.659167;4.2;;89.9;0.899254;234.75;244.8;4.659167;4.2;;;;;;;;;;;;;;;;;;;;;;;;;;;;;;;;;;;;;;;;;;;
2;Nordeste;21;MA;Maranhão;2101509;Barão de Grajaú;309909.634;16324.78;293767.556;15474.48;268537.563;14114.24;14667.139;11432.632;133784.678;70189.439;230073.888;38463.675;Comércio e reparação de veículos automotores e motocicletas;Administração, defesa, educação e saúde públicas e seguridade social;Demais serviços;6;True;98.8;0.98662;207.07;197.93;5.514498;5.4;;98.8;0.98662;207.07;197.93;5.514498;5.4;;89.9;0.899128;251.08;247.16;3.915919;3.5;;89.9;0.899128;251.08;247.16;3.915919;3.5;;96.9;0.969008;250.71;250.82;5.0255;4.9;;96.9;0.969008;250.71;250.82;5.0255;4.9;;;;;;;;;;;;;;;;;;;;;;;;;;;;;;;;;;;;;;;;;;;
2;Nordeste;21;MA;Maranhão;2101608;Barra do Corda;1157930.001;13698.13;1034428.506;12237.12;889190.327;10002.7;72029.116;38104.722;363469.033;336999.685;810602.557;78587.77;Administração, defesa, educação e saúde públicas e seguridade social;Demais serviços;Comércio e reparação de veículos automotores e motocicletas;7;True;96.3;0.963367;200.37;194.58;5.325726;5.1;;95.4;0.955528;200.37;194.58;5.325726;5.1;;91.6;0.916587;265.45;271.2;4.477625;4.1;;91.3;0.913564;261.2;267.32;4.35985;4.0;;91.5;0.915578;239.5;248.3;4.796667;4.4;;90.3;0.903608;239.5;248.3;4.796667;4.3;;;;;;;;;;;;;;;;93.9;0.939543;294.48;297.72;5.282356;5.0;;;;;;;;;;;;;;;;;;;;;;
2;Nordeste;21;MA;Maranhão;2101707;Barreirinhas;816789.021;12453.14;753456.182;11488.59;635710.802;9949.93;40860.541;37517.098;272266.242;227520.42;578164.301;57546.502;Administração, defesa, educação e saúde públicas e seguridade social;Demais serviços;Comércio e reparação de veículos automotores e motocicletas;6;True;99.5;0.994764;202.67;190.91;5.302892;5.3;;99.5;0.994764;202.67;190.91;5.302892;5.3;;91.3;0.916979;249.19;251.81;3.958985;3.6;;90.4;0.909405;245.82;246.43;3.831114;3.5;;95.5;0.955272;233.45;241.0;4.574167;4.4;;95.5;0.955272;233.45;241.0;4.574167;4.4;;;;;;;;;;;;;;;;;;;;;;;;;;;;;;;;;;;;;;;;;;;
2;Nordeste;21;MA;Maranhão;2101731;Belágua;100862.708;11922.31;91671.896;10835.92;60711.249;8003.06;3649.598;1781.303;12039.087;41435.926;58905.914;1805.335;Administração, defesa, educação e saúde públicas e seguridade social;Demais serviços;Agricultura, inclusive apoio à agricultura e a pós colheita;6;True;97.6;0.97713;184.08;175.47;4.667393;4.6;;97.6;0.97713;184.08;175.47;4.667393;4.6;;78.3;0.785987;230.47;222.68;3.259985;2.6;;78.3;0.785987;230.47;222.68;3.259985;2.6;;91.2;0.912656;221.1;229.33;4.173833;3.8;;91.2;0.912656;221.1;229.33;4.173833;3.8;;;;;;;;;;;;;;;;;;;;;;;;;;;;;;;;;;;;;;;;;;;
2;Nordeste;21;MA;Maranhão;2101772;Bela Vista do Maranhão;133413.541;11354.34;124651.082;10608.6;107543.326;9477.69;9902.201;5432.662;27405.946;59954.021;102694.83;4848.495;Administração, defesa, educação e saúde públicas e seguridade social;Demais serviços;Pecuária, inclusive apoio à pecuária;6;True;98.7;0.985879;189.88;179.22;4.846262;4.8;;98.7;0.985879;189.88;179.22;4.846262;4.8;;82.2;0.837529;242.51;247.95;3.80738;3.2;;82.2;0.837529;242.51;247.95;3.80738;3.2;;93.6;0.935952;238.24;231.66;4.498333;4.2;;93.6;0.935952;238.24;231.66;4.498333;4.2;;;;;;;;;;;;;;;;;;;;;;;;;;;;;;;;;;;;;;;;;;;
2;Nordeste;21;MA;Maranhão;2101806;Benedito Leite;94453.921;17270.78;95654.509;17490.31;73150.44;12963.04;31273.909;2948.284;12269.79;24890.334;71382.317;1768.123;Administração, defesa, educação e saúde públicas e seguridade social;Agricultura, inclusive apoio à agricultura e a pós colheita;Demais serviços;6;True;94.0;0.9398;192.36;187.01;5.035227;4.7;;94.0;0.9398;192.36;187.01;5.035227;4.7;;97.2;0.97223;255.74;263.15;4.220739;4.1;;97.2;0.97223;255.74;263.15;4.220739;4.1;;96.1;0.961925;256.48;257.83;5.2385;5.0;;96.1;0.961925;256.48;257.83;5.2385;5.0;;;;;;;;;;;;;;;;;;;;;;;;;;;;;;;;;;;;;;;;;;;
2;Nordeste;21;MA;Maranhão;2101905;Bequimão;166173.29;8485.16;158757.742;8108.16;138113.77;6479.04;14503.024;4144.683;38043.679;73034.23;129725.616;8388.154;Administração, defesa, educação e saúde públicas e seguridade social;Demais serviços;Comércio e reparação de veículos automotores e motocicletas;6;True;96.4;0.968663;170.75;169.34;4.30155;4.2;;96.4;0.968663;170.75;169.34;4.30155;4.2;;93.5;0.934866;239.48;229.72;3.49192;3.3;;93.5;0.934866;239.48;229.72;3.49192;3.3;;96.5;0.964018;214.25;224.72;3.982833;3.8;;96.5;0.964018;214.25;224.72;3.982833;3.8;;;;;;;;;;;;;;;;;;;;;;;;;;;;;;;;;;;;;;;;;;;
2;Nordeste;21;MA;Maranhão;2101939;Bernardo do Mearim;276117.942;47280.47;105329.244;18035.83;105113.91;17226.14;13947.268;41812.757;16378.354;26676.974;98815.353;6298.558;Construção;Administração, defesa, educação e saúde públicas e seguridade social;Demais serviços;6;True;99.0;0.990253;184.09;166.59;4.50613;4.5;;99.0;0.990253;184.09;166.59;4.50613;4.5;;99.2;0.992214;236.93;234.33;3.525117;3.5;;99.2;0.992214;236.93;234.33;3.525117;3.5;;89.6;0.898756;236.4;231.73;4.468833;4.0;;89.6;0.898756;236.4;231.73;4.468833;4.0;;;;;;;;;;;;;;;;;;;;;;;;;;;;;;;;;;;;;;;;;;;
2;Nordeste;21;MA;Maranhão;2101970;Boa Vista do Gurupi;93312.366;12320.09;80574.272;10638.27;67539.702;7951.46;6232.419;1876.747;21190.619;33219.018;62518.804;5020.898;Administração, defesa, educação e saúde públicas e seguridade social;Demais serviços;Comércio e reparação de veículos automotores e motocicletas;6;True;97.5;0.975589;181.92;176.45;4.64399;4.5;;97.5;0.975589;181.92;176.45;4.64399;4.5;;78.9;0.790835;247.79;252.37;3.947705;3.1;;78.9;0.790835;247.79;252.37;3.947705;3.1;;95.5;0.956329;219.03;226.33;4.089333;3.9;;95.5;0.956329;219.03;226.33;4.089333;3.9;;;;;;;;;;;;;;;;;;;;;;;;;;;;;;;;;;;;;;;;;;;
2;Nordeste;21;MA;Maranhão;2102002;Bom Jardim;571100.823;17253.8;502148.553;15150.05;411352.418;9791.77;119422.117;12709.233;87878.654;174371.421;394381.424;16970.994;Administração, defesa, educação e saúde públicas e seguridade social;Demais serviços;Pecuária, inclusive apoio à pecuária;6;True;96.9;0.967994;203.72;189.91;5.304748;5.1;;96.4;0.963601;203.72;189.91;5.304748;5.1;;86.4;0.863984;243.25;243.09;3.745019;3.2;;86.4;0.863984;243.25;243.09;3.745019;3.2;;86.1;0.862925;230.05;232.52;4.376167;3.8;;86.3;0.864464;230.05;232.52;4.376167;3.8;;;;;;;;;;;;;;;;;;;;;;;;;;;;;;;;;;;;;;;;;;;
2;Nordeste;21;MA;Maranhão;2102036;Bom Jesus das Selvas;456765.664;15971.39;425063.798;14862.89;375664.921;10704.23;97616.941;12998.963;88872.373;152780.822;352269.099;23395.822;Administração, defesa, educação e saúde públicas e seguridade social;Demais serviços;Pecuária, inclusive apoio à pecuária;6;True;99.6;0.996188;197.51;187.81;5.148055;5.1;;99.4;0.993582;197.51;187.81;5.148055;5.1;;94.3;0.946568;246.27;244.76;3.812434;3.6;;94.3;0.946568;246.27;244.76;3.812434;3.6;;96.9;0.968858;231.73;231.56;4.388167;4.3;;96.8;0.967869;231.73;231.56;4.388167;4.2;;;;;;;;;;;;;;;;;;;;;;;;;;;;;;;;;;;;;;;;;;;
2;Nordeste;21;MA;Maranhão;2102077;Bom Lugar;149055.868;12205.69;128771.002;10544.63;117960.369;7115.48;27724.105;2821.428;23559.839;59497.314;113602.686;4357.684;Administração, defesa, educação e saúde públicas e seguridade social;Pecuária, inclusive apoio à pecuária;Demais serviços;6;True;100.0;1.0;216.94;203.56;5.80522;5.8;;100.0;1.0;216.94;203.56;5.80522;5.8;;86.0;0.861804;250.54;251.64;3.9754;3.4;;86.0;0.861804;250.54;251.64;3.9754;3.4;;100.0;1.0;247.87;246.51;4.906333;4.9;;100.0;1.0;247.87;246.51;4.906333;4.9;;;;;;;;;;;;;;;;;;;;;;;;;;;;;;;;;;;;;;;;;;;
2;Nordeste;21;MA;Maranhão;2102101;Brejo;426438.571;12498.2;386372.93;11323.94;328632.852;8906.04;55275.993;10623.427;95249.913;149089.388;310238.721;18394.13;Administração, defesa, educação e saúde públicas e seguridade social;Demais serviços;Agricultura, inclusive apoio à agricultura e a pós colheita;6;True;99.2;0.992163;180.43;172.7;4.547373;4.5;;99.2;0.992163;180.43;172.7;4.547373;4.5;;92.9;0.931488;240.88;241.3;3.684936;3.4;;92.9;0.931488;240.88;241.3;3.684936;3.4;;97.5;0.975091;225.32;230.42;4.262333;4.2;;97.5;0.975091;225.32;230.42;4.262333;4.2;;;;;;;;;;;;;;;;;;;;;;;;;;;;;;;;;;;;;;;;;;;
2;Nordeste;21;MA;Maranhão;2102150;Brejo de Areia;90088.922;9773.15;82005.432;8896.23;71065.21;8038.14;14414.592;1824.244;14910.12;36962.649;68111.604;2953.606;Administração, defesa, educação e saúde públicas e seguridade social;Demais serviços;Pecuária, inclusive apoio à pecuária;6;True;97.2;0.971872;200.56;185.17;5.158261;5.0;;97.2;0.971872;200.56;185.17;5.158261;5.0;;87.5;0.878896;230.9;228.16;3.348061;2.9;;87.5;0.878896;230.9;228.16;3.348061;2.9;;87.7;0.877286;227.3;237.69;4.4165;3.9;;87.7;0.877286;227.3;237.69;4.4165;3.9;;;;;;;;;;;;;;;;;;;;;;;;;;;;;;;;;;;;;;;;;;;
2;Nordeste;21;MA;Maranhão;2102200;Buriti;332530.155;11201.96;317302.097;10688.97;277919.133;9611.26;47173.799;9390.423;64886.946;146161.857;267613.024;10306.109;Administração, defesa, educação e saúde públicas e seguridade social;Demais serviços;Agricultura, inclusive apoio à agricultura e a pós colheita;6;True;97.4;0.973795;174.09;172.86;4.42929;4.3;;97.4;0.973795;174.09;172.86;4.42929;4.3;;96.4;0.950727;230.25;232.15;3.398662;3.2;;96.4;0.950727;230.25;232.15;3.398662;3.2;;90.4;0.902869;217.51;223.34;4.014167;3.6;;90.4;0.902869;217.51;223.34;4.014167;3.6;;;;;;;;;;;;;;;;;;;;;;;;;;;;;;;;;;;;;;;;;;;
2;Nordeste;21;MA;Maranhão;2102309;Buriti Bravo;309327.357;13775.43;302954.131;13491.61;238672.773;9947.6;65192.048;13037.146;58059.685;91134.457;227423.337;11249.436;Administração, defesa, educação e saúde públicas e seguridade social;Agricultura, inclusive apoio à agricultura e a pós colheita;Demais serviços;6;True;99.7;0.996989;189.62;187.05;4.983664;5.0;;99.7;0.996989;189.62;187.05;4.983664;5.0;;99.9;0.998998;253.93;254.15;4.060588;4.1;;99.9;0.998998;253.93;254.15;4.060588;4.1;;96.3;0.963338;245.62;239.62;4.754;4.6;;96.3;0.963338;245.62;239.62;4.754;4.6;;;;;;;;;;;;;;;;;;;;;;;;;;;;;;;;;;;;;;;;;;;
2;Nordeste;21;MA;Maranhão;2102325;Buriticupu;1008378.406;18169.31;995133.988;17928.08;748027.721;10164.11;168366.695;26161.57;233203.501;269060.658;696792.423;51235.298;Administração, defesa, educação e saúde públicas e seguridade social;Demais serviços;Agricultura, inclusive apoio à agricultura e a pós colheita;6;True;99.2;0.992778;179.11;172.38;4.516364;4.5;;98.5;0.984581;179.11;172.38;4.516364;4.4;;91.8;0.920826;247.7;251.03;3.926381;3.6;;91.9;0.922171;240.76;242.52;3.701514;3.4;;97.3;0.972485;225.79;229.8;4.259833;4.1;;96.7;0.967231;225.79;229.8;4.259833;4.1;;;;;;;;;;;;;;;;;;;;;;;;;;;;;;;;;;;;;;;;;;;
2;Nordeste;21;MA;Maranhão;2102358;Buritirana;156523.814;12116.72;139628.565;10808.84;122473.899;7900.01;34610.159;2955.368;22249.714;58250.056;118065.297;4408.601;Administração, defesa, educação e saúde públicas e seguridade social;Pecuária, inclusive apoio à pecuária;Demais serviços;6;True;94.9;0.94889;195.89;188.87;5.136412;4.9;;94.9;0.94889;195.89;188.87;5.136412;4.9;;86.7;0.871106;241.49;248.4;3.799791;3.3;;86.7;0.871106;241.49;248.4;3.799791;3.3;;92.1;0.920817;218.35;222.5;4.014167;3.7;;92.1;0.920817;218.35;222.5;4.014167;3.7;;;;;;;;;;;;;;;;;;;;;;;;;;;;;;;;;;;;;;;;;;;
2;Nordeste;21;MA;Maranhão;2102374;Cachoeira Grande;85042.509;8738.44;75802.015;7788.95;60974.116;6402.15;7273.634;1578.308;10891.295;39871.616;59614.855;1359.261;Administração, defesa, educação e saúde públicas e seguridade social;Demais serviços;Agricultura, inclusive apoio à agricultura e a pós colheita;6;True;99.5;0.995106;202.7;199.23;5.454737;5.4;;99.5;0.995106;202.7;199.23;5.454737;5.4;;92.3;0.924082;240.36;240.19;3.661016;3.4;;92.3;0.924082;240.36;240.19;3.661016;3.4;;89.6;0.895035;224.1;234.78;4.314667;3.9;;89.6;0.895035;224.1;234.78;4.314667;3.9;;;;;;;;;;;;;;;;;;;;;;;;;;;;;;;;;;;;;;;;;;;
2;Nordeste;21;MA;Maranhão;2102408;Cajapió;81775.0;8079.74;73804.989;7292.26;70652.873;6277.47;8163.825;2093.684;12652.37;45647.561;68557.441;2095.432;Administração, defesa, educação e saúde públicas e seguridade social;Demais serviços;Agricultura, inclusive apoio à agricultura e a pós colheita;6;True;98.1;0.980577;186.86;183.31;4.862992;4.8;;98.1;0.980577;186.86;183.31;4.862992;4.8;;85.3;0.854037;218.26;220.6;3.057359;2.6;;85.3;0.854037;218.26;220.6;3.057359;2.6;;96.1;0.961889;205.5;213.78;3.654667;3.5;;96.1;0.961889;205.5;213.78;3.654667;3.5;;;;;;;;;;;;;;;;;;;;;;;;;;;;;;;;;;;;;;;;;;;
2;Nordeste;21;MA;Maranhão;2102507;Cajari;155103.283;9450.6;134712.227;8208.15;128078.075;6561.04;24325.925;2788.889;20712.509;77141.003;124968.326;3109.749;Administração, defesa, educação e saúde públicas e seguridade social;Demais serviços;Produção florestal, pesca e aquicultura;6;True;91.0;0.910174;182.66;180.38;4.729567;4.3;;91.0;0.910174;182.66;180.38;4.729567;4.3;;98.6;0.985991;240.5;232.77;3.551904;3.5;;98.6;0.985991;240.5;232.77;3.551904;3.5;;84.4;0.845274;226.93;219.38;4.105167;3.5;;84.4;0.845274;226.93;219.38;4.105167;3.5;;;;;;;;;;;;;;;;;;;;;;;;;;;;;;;;;;;;;;;;;;;
2;Nordeste;21;MA;Maranhão;2102556;Campestre do Maranhão;303257.204;24653.05;279970.005;22759.94;214010.605;14728.88;74811.731;6280.209;53300.083;61576.706;195968.73;18041.874;Administração, defesa, educação e saúde públicas e seguridade social;Agricultura, inclusive apoio à agricultura e a pós colheita;Demais serviços;6;True;99.2;0.992289;218.38;208.41;5.920883;5.9;;99.2;0.992289;218.38;208.41;5.920883;5.9;;93.8;0.94101;246.84;249.65;3.893644;3.7;;93.8;0.94101;246.84;249.65;3.893644;3.7;;97.6;0.976943;235.36;238.05;4.556833;4.5;;97.6;0.976943;235.36;238.05;4.556833;4.5;;;;;;;;;;;;;;;;;;;;;;;;;;;;;;;;;;;;;;;;;;;
2;Nordeste;21;MA;Maranhão;2102606;Cândido Mendes;204525.824;10261.18;177499.432;8905.25;146787.805;7203.96;16027.425;7211.811;37003.867;79258.746;139501.85;7285.956;Administração, defesa, educação e saúde públicas e seguridade social;Demais serviços;Produção florestal, pesca e aquicultura;6;True;98.4;0.985223;196.91;181.93;5.029695;5.0;;98.4;0.985223;196.91;181.93;5.029695;5.0;;92.2;0.922326;240.7;242.56;3.70127;3.4;;92.2;0.922326;240.7;242.56;3.70127;3.4;;95.5;0.955997;243.63;241.22;4.7475;4.5;;95.5;0.955997;243.63;241.22;4.7475;4.5;;;;;;;;;;;;;;;;;;;;;;;;;;;;;;;;;;;;;;;;;;;
2;Nordeste;21;MA;Maranhão;2102705;Cantanhede;233272.809;9598.52;189289.41;7788.73;153397.808;6898.62;8271.836;6845.753;41934.124;88914.822;145966.535;7431.273;Administração, defesa, educação e saúde públicas e seguridade social;Demais serviços;Comércio e reparação de veículos automotores e motocicletas;6;True;95.2;0.954118;207.21;194.48;5.454442;5.2;;95.2;0.954118;207.21;194.48;5.454442;5.2;;95.3;0.954493;238.49;242.08;3.663045;3.5;;95.3;0.954493;238.49;242.08;3.663045;3.5;;90.2;0.902693;246.37;247.87;4.904;4.4;;90.2;0.902693;246.37;247.87;4.904;4.4;;;;;;;;;;;;;;;;;;;;;;;;;;;;;;;;;;;;;;;;;;;
2;Nordeste;21;MA;Maranhão;2102754;Capinzal do Norte;215753.536;18969.01;310504.286;27299.48;283975.692;25964.68;16155.333;143554.721;54421.707;63050.577;277182.338;6793.354;Indústrias extrativas;Administração, defesa, educação e saúde públicas e seguridade social;Demais serviços;6;True;96.9;0.97209;192.8;176.96;4.860897;4.7;;96.9;0.97209;192.8;176.96;4.860897;4.7;;98.1;0.979047;248.23;252.86;3.96122;3.9;;98.1;0.979047;248.23;252.86;3.96122;3.9;;95.7;0.95612;248.3;255.83;5.068833;4.8;;95.7;0.95612;248.3;255.83;5.068833;4.8;;;;;;;;;;;;;;;;;;;;;;;;;;;;;;;;;;;;;;;;;;;
2;Nordeste;21;MA;Maranhão;2102804;Carolina;595613.673;24753.29;652287.83;27108.63;525892.578;21775.19;244755.651;16536.488;135358.28;103157.622;499808.041;26084.537;Agricultura, inclusive apoio à agricultura e a pós colheita;Demais serviços;Administração, defesa, educação e saúde públicas e seguridade social;6;True;92.1;0.918036;189.97;180.01;4.862344;4.5;;92.1;0.918036;189.97;180.01;4.862344;4.5;;98.9;0.99062;264.69;268.99;4.433867;4.4;;98.9;0.99062;264.69;268.99;4.433867;4.4;;88.0;0.88263;238.04;248.26;4.771667;4.2;;88.0;0.88263;238.04;248.26;4.771667;4.2;;;;;;;;;;;;;;;;;;;;;;;;;;;;;;;;;;;;;;;;;;;
2;Nordeste;21;MA;Maranhão;2102903;Carutapera;246447.079;10167.8;235574.477;9719.22;201999.206;8383.45;25671.732;7576.997;60286.199;96127.565;189662.493;12336.713;Administração, defesa, educação e saúde públicas e seguridade social;Demais serviços;Produção florestal, pesca e aquicultura;6;True;97.7;0.977734;221.36;205.5;5.924844;5.8;;97.7;0.977734;221.36;205.5;5.924844;5.8;;89.2;0.888462;255.63;255.28;4.10138;3.6;;89.2;0.888462;255.63;255.28;4.10138;3.6;;95.6;0.956704;252.89;251.95;5.080667;4.9;;95.6;0.956704;252.89;251.95;5.080667;4.9;;;;;;;;;;;;;;;;;;;;;;;;;;;;;;;;;;;;;;;;;;;
2;Nordeste;21;MA;Maranhão;2103000;Caxias;2696021.094;17175.06;2440068.243;15544.81;2112637.89;12714.56;86628.662;189676.909;925842.08;685522.433;1887670.084;224967.806;Administração, defesa, educação e saúde públicas e seguridade social;Demais serviços;Comércio e reparação de veículos automotores e motocicletas;7;True;95.5;0.955285;204.97;198.78;5.489876;5.2;;95.5;0.955285;204.97;198.78;5.489876;5.2;;91.6;0.916701;254.93;258.14;4.134363;3.8;;91.4;0.915336;254.18;257.13;4.10871;3.8;;86.9;0.869356;236.21;245.43;4.694;4.1;;87.6;0.875701;240.31;249.18;4.824833;4.2;;;;;;;;;;;;;;;;;;;;;;;98.6;0.984778;285.68;290.58;6.271;6.2;;;;;;;;;;;;;;;
2;Nordeste;21;MA;Maranhão;2103109;Cedral;86164.881;8440.92;84024.317;8231.22;78582.879;7336.65;14621.203;2245.311;15511.966;43640.092;76018.573;2564.306;Administração, defesa, educação e saúde públicas e seguridade social;Demais serviços;Produção florestal, pesca e aquicultura;6;True;98.0;0.981334;198.13;188.24;5.167705;5.1;;98.0;0.981334;198.13;188.24;5.167705;5.1;;97.6;0.974529;244.95;252.91;3.915901;3.8;;97.6;0.974529;244.95;252.91;3.915901;3.8;;95.5;0.955925;247.33;257.92;5.0875;4.9;;95.5;0.955925;247.33;257.92;5.0875;4.9;;;;;;;;;;;;;;;;;;;;;;;;;;;;;;;;;;;;;;;;;;;
2;Nordeste;21;MA;Maranhão;2103125;Central do Maranhão;69154.233;9748.27;68881.824;9709.87;58346.703;6625.79;4534.328;1737.112;12233.25;36893.536;55398.227;2948.476;Administração, defesa, educação e saúde públicas e seguridade social;Demais serviços;Agricultura, inclusive apoio à agricultura e a pós colheita;6;True;96.5;0.969639;178.18;180.34;4.643344;4.5;;96.5;0.969639;178.18;180.34;4.643344;4.5;;94.6;0.948401;228.2;234.11;3.399211;3.2;;94.6;0.948401;228.2;234.11;3.399211;3.2;;94.8;0.949525;223.44;231.25;4.244833;4.0;;94.8;0.949525;223.44;231.25;4.244833;4.0;;;;;;;;;;;;;;;;;;;;;;;;;;;;;;;;;;;;;;;;;;;
2;Nordeste;21;MA;Maranhão;2103158;Centro do Guilherme;137520.372;11142.47;126887.251;10280.93;103736.564;7475.97;16946.525;2424.476;23141.711;56078.21;98590.922;5145.643;Administração, defesa, educação e saúde públicas e seguridade social;Demais serviços;Pecuária, inclusive apoio à pecuária;6;True;99.9;0.998597;178.47;171.72;4.492151;4.5;;99.9;0.998597;178.47;171.72;4.492151;4.5;;88.1;0.888976;251.2;251.06;3.975987;3.5;;88.1;0.888976;251.2;251.06;3.975987;3.5;;97.5;0.975901;216.8;220.23;3.9505;3.9;;97.5;0.975901;216.8;220.23;3.9505;3.9;;;;;;;;;;;;;;;;;;;;;;;;;;;;;;;;;;;;;;;;;;;
2;Nordeste;21;MA;Maranhão;2103174;Centro Novo do Maranhão;236610.365;14545.42;213797.585;13143.02;200757.406;9102.17;43305.734;4556.328;44126.518;99430.842;191419.422;9337.984;Administração, defesa, educação e saúde públicas e seguridade social;Pecuária, inclusive apoio à pecuária;Demais serviços;6;True;98.8;0.987284;182.85;175.98;4.653193;4.6;;97.4;0.974368;182.85;175.98;4.653193;4.5;;90.4;0.891824;236.07;232.65;3.487889;3.1;;90.4;0.891824;236.07;232.65;3.487889;3.1;;91.5;0.913921;219.98;225.51;4.0915;3.7;;91.6;0.915169;219.98;225.51;4.0915;3.7;;;;;;;;;;;;;;;;;;;;;;;;;;;;;;;;;;;;;;;;;;;
2;Nordeste;21;MA;Maranhão;2103208;Chapadinha;1130461.995;13890.13;1042455.769;12808.78;894365.951;11081.92;37813.112;37516.559;405331.228;328042.455;808703.354;85662.598;Administração, defesa, educação e saúde públicas e seguridade social;Demais serviços;Comércio e reparação de veículos automotores e motocicletas;6;True;99.8;0.998395;182.15;173.53;4.595289;4.6;;99.8;0.998395;182.15;173.53;4.595289;4.6;;97.5;0.975622;247.44;249.92;3.906112;3.8;;97.5;0.975622;247.44;249.92;3.906112;3.8;;98.5;0.985242;217.71;223.12;4.013833;4.0;;98.5;0.985242;217.71;223.12;4.013833;4.0;;;;;;;;;;;;;;;;;;;;;;;;;;;;;;;;;;;;;;;;;;;
2;Nordeste;21;MA;Maranhão;2103257;Cidelândia;242329.81;18817.35;232142.517;18026.29;183560.405;12356.81;67041.055;6531.178;38376.175;61624.097;173572.504;9987.9;Administração, defesa, educação e saúde públicas e seguridade social;Pecuária, inclusive apoio à pecuária;Demais serviços;6;True;97.8;0.978222;181.96;180.2;4.712935;4.6;;97.8;0.978222;181.96;180.2;4.712935;4.6;;86.6;0.869248;250.14;255.85;4.032806;3.5;;86.6;0.869248;250.14;255.85;4.032806;3.5;;95.8;0.958717;240.89;244.99;4.764667;4.6;;95.8;0.958717;240.89;244.99;4.764667;4.6;;;;;;;;;;;;;;;;;;;;;;;;;;;;;;;;;;;;;;;;;;;
2;Nordeste;21;MA;Maranhão;2103307;Codó;1808033.367;15821.78;1633740.738;14297.32;1648585.109;13363.15;78366.258;499444.61;459467.53;480938.198;1518216.597;130368.512;Administração, defesa, educação e saúde públicas e seguridade social;Indústrias de transformação;Demais serviços;7;True;95.6;0.956594;184.39;177.55;4.711128;4.5;;95.6;0.956594;184.39;177.55;4.711128;4.5;;97.6;0.976315;251.29;257.68;4.076353;4.0;;97.8;0.978299;250.8;256.36;4.049711;4.0;;89.2;0.891591;230.38;238.77;4.485833;4.0;;89.2;0.891591;230.38;238.77;4.485833;4.0;;;;;;;;;;;;;;;;95.1;0.945941;258.95;278.4;4.494117;4.3;;;;;;;;;;;;;;;;;;;;;;
2;Nordeste;21;MA;Maranhão;2103406;Coelho Neto;486211.267;11671.5;531448.979;12757.43;465858.626;9353.84;64532.41;22161.116;140106.814;210051.075;436851.416;29007.21;Administração, defesa, educação e saúde públicas e seguridade social;Demais serviços;Agricultura, inclusive apoio à agricultura e a pós colheita;7;True;92.2;0.930138;200.07;190.34;5.24291;4.9;;92.2;0.930138;200.07;190.34;5.24291;4.9;;88.2;0.888977;253.29;258.71;4.119862;3.7;;90.0;0.905247;248.23;252.7;3.958825;3.6;;85.2;0.850563;227.93;231.26;4.319833;3.7;;85.2;0.850563;227.93;231.26;4.319833;3.7;;;;;;;;;;;;;;;;80.9;0.824278;278.34;288.42;4.916449;4.1;;;;;;;;;;;;;;;;;;;;;;
2;Nordeste;21;MA;Maranhão;2103505;Colinas;729810.029;18102.24;687286.808;17051.72;553170.588;13347.74;74295.308;36696.369;222275.276;178776.612;512043.565;41127.023;Administração, defesa, educação e saúde públicas e seguridade social;Demais serviços;Comércio e reparação de veículos automotores e motocicletas;6;True;99.4;0.993791;185.87;177.97;4.747008;4.7;;99.4;0.993791;185.87;177.97;4.747008;4.7;;95.4;0.956366;239.23;241.75;3.668498;3.5;;95.4;0.956366;239.23;241.75;3.668498;3.5;;96.5;0.965247;225.4;226.09;4.1915;4.0;;96.5;0.965247;225.4;226.09;4.1915;4.0;;;;;;;;;;;;;;;;;;;;;;;;;;;;;;;;;;;;;;;;;;;
2;Nordeste;21;MA;Maranhão;2103554;Conceição do Lago-Açu;159749.781;10710.68;164032.619;10997.83;147189.243;8888.78;30247.081;3816.178;26244.278;82925.924;143233.462;3955.78;Administração, defesa, educação e saúde públicas e seguridade social;Demais serviços;Produção florestal, pesca e aquicultura;6;True;98.2;0.98259;207.07;194.06;5.444134;5.3;;98.2;0.98259;207.07;194.06;5.444134;5.3;;96.2;0.965008;238.95;239.16;3.625793;3.5;;96.2;0.965008;238.95;239.16;3.625793;3.5;;96.4;0.962273;228.65;224.12;4.212833;4.1;;96.4;0.962273;228.65;224.12;4.212833;4.1;;;;;;;;;;;;;;;;;;;;;;;;;;;;;;;;;;;;;;;;;;;
2;Nordeste;21;MA;Maranhão;2103604;Coroatá;637484.029;10702.15;595188.038;9992.08;533579.335;8110.59;39684.92;30128.161;187465.854;237173.897;494452.832;39126.503;Administração, defesa, educação e saúde públicas e seguridade social;Demais serviços;Comércio e reparação de veículos automotores e motocicletas;6;True;99.0;0.990933;188.68;177.29;4.788271;4.7;;99.0;0.990933;188.68;177.29;4.788271;4.7;;95.8;0.95919;248.54;248.8;3.904795;3.7;;95.8;0.95919;248.54;248.8;3.904795;3.7;;97.2;0.971651;231.71;235.25;4.449333;4.3;;97.2;0.971651;231.71;235.25;4.449333;4.3;;;;;;;;;;;;;;;;;;;;;;;;;;;;;;;;;;;;;;;;;;;
2;Nordeste;21;MA;Maranhão;2103703;Cururupu;343104.472;10872.19;302878.512;9597.52;264535.777;8124.81;37781.572;7184.457;81211.884;125557.834;251735.747;12800.03;Administração, defesa, educação e saúde públicas e seguridade social;Demais serviços;Produção florestal, pesca e aquicultura;6;True;99.0;0.989928;185.58;178.88;4.758019;4.7;;99.0;0.989928;185.58;178.88;4.758019;4.7;;87.9;0.878668;251.68;255.6;4.050693;3.6;;87.9;0.878668;251.68;255.6;4.050693;3.6;;92.1;0.92258;232.2;240.02;4.537;4.2;;92.1;0.92258;232.2;240.02;4.537;4.2;;;;;;;;;;;;;;;;;;;;;;;;;;;;;;;;;;;;;;;;;;;
2;Nordeste;21;MA;Maranhão;2103752;Davinópolis;218071.737;15139.67;218594.844;15175.98;190192.706;14717.38;14111.729;27285.328;62203.485;69839.919;173440.46;16752.246;Administração, defesa, educação e saúde públicas e seguridade social;Demais serviços;Indústrias de transformação;6;True;92.4;0.921137;192.23;180.04;4.906019;4.5;;92.4;0.921137;192.23;180.04;4.906019;4.5;;94.6;0.949358;254.88;256.89;4.114948;3.9;;94.6;0.949358;254.88;256.89;4.114948;3.9;;75.2;0.754093;229.36;239.88;4.487333;3.4;;75.2;0.754093;229.36;239.88;4.487333;3.4;;;;;;;;;;;;;;;;;;;;;;;;;;;;;;;;;;;;;;;;;;;
2;Nordeste;21;MA;Maranhão;2103802;Dom Pedro;314607.7;13647.15;296095.889;12844.14;262555.351;11223.67;18836.169;22401.276;112858.138;82891.75;236987.333;25568.018;Administração, defesa, educação e saúde públicas e seguridade social;Demais serviços;Comércio e reparação de veículos automotores e motocicletas;6;True;99.6;0.995785;214.45;203.33;5.753519;5.7;;99.6;0.995785;214.45;203.33;5.753519;5.7;;99.5;0.994995;287.87;284.56;4.992512;5.0;;99.5;0.994995;287.87;284.56;4.992512;5.0;;95.9;0.958457;252.58;256.5;5.151333;4.9;;95.9;0.958457;252.58;256.5;5.151333;4.9;;;;;;;;;;;;;;;;;;;;;;;;;;;;;;;;;;;;;;;;;;;
2;Nordeste;21;MA;Maranhão;2103901;Duque Bacelar;108747.56;10637.54;109869.612;10747.3;86904.202;7589.22;11938.525;2987.019;19927.864;48247.019;83100.427;3803.775;Administração, defesa, educação e saúde públicas e seguridade social;Demais serviços;Agricultura, inclusive apoio à agricultura e a pós colheita;6;True;96.2;0.964157;253.89;239.36;7.161282;6.9;;96.2;0.964157;253.89;239.36;7.161282;6.9;;91.8;0.918084;238.77;242.85;3.678505;3.4;;91.8;0.918084;238.77;242.85;3.678505;3.4;;92.8;0.928016;260.48;251.06;5.192333;4.8;;92.8;0.928016;260.48;251.06;5.192333;4.8;;;;;;;;;;;;;;;;;;;;;;;;;;;;;;;;;;;;;;;;;;;
2;Nordeste;21;MA;Maranhão;2104008;Esperantinópolis;202856.26;11078.38;185078.505;10107.5;158978.373;9367.65;16414.762;8142.118;54293.727;69312.96;148163.567;10814.806;Administração, defesa, educação e saúde públicas e seguridade social;Demais serviços;Comércio e reparação de veículos automotores e motocicletas;6;True;98.2;0.980969;191.0;182.07;4.919455;4.8;;98.2;0.980969;191.0;182.07;4.919455;4.8;;97.5;0.975822;260.52;254.85;4.163623;4.1;;97.5;0.975822;260.52;254.85;4.163623;4.1;;95.5;0.953901;233.68;244.74;4.640333;4.4;;95.5;0.953901;233.68;244.74;4.640333;4.4;;;;;;;;;;;;;;;;;;;;;;;;;;;;;;;;;;;;;;;;;;;
2;Nordeste;21;MA;Maranhão;2104057;Estreito;1195398.792;35904.33;1105184.607;33194.71;1134820.533;26331.78;78194.603;618688.433;225955.835;158686.989;1081525.86;53294.673;Eletricidade e gás, água, esgoto, atividades de gestão de resíduos e descontaminação;Administração, defesa, educação e saúde públicas e seguridade social;Demais serviços;6;True;96.6;0.965397;201.44;195.43;5.3616;5.2;;96.6;0.965397;201.44;195.43;5.3616;5.2;;95.5;0.957155;260.16;259.21;4.223836;4.0;;95.5;0.957155;260.16;259.21;4.223836;4.0;;87.8;0.877882;242.1;246.46;4.809333;4.2;;87.8;0.877882;242.1;246.46;4.809333;4.2;;;;;;;;;;;;;;;;;;;;;;;;;;;;;;;;;;;;;;;;;;;
2;Nordeste;21;MA;Maranhão;2104073;Feira Nova do Maranhão;132982.829;16523.71;133185.398;16548.88;118003.876;13873.02;52147.483;2545.916;22593.554;35183.333;112470.286;5533.589;Administração, defesa, educação e saúde públicas e seguridade social;Pecuária, inclusive apoio à pecuária;Agricultura, inclusive apoio à agricultura e a pós colheita;6;True;95.2;0.952623;184.03;170.5;4.576076;4.4;;95.2;0.952623;184.03;170.5;4.576076;4.4;;98.6;0.988236;254.61;261.23;4.176126;4.1;;98.6;0.988236;254.61;261.23;4.176126;4.1;;94.5;0.944124;243.06;241.44;4.741667;4.5;;94.5;0.944124;243.06;241.44;4.741667;4.5;;;;;;;;;;;;;;;;;;;;;;;;;;;;;;;;;;;;;;;;;;;
2;Nordeste;21;MA;Maranhão;2104081;Fernando Falcão;159760.766;14693.35;141250.075;12990.9;100418.061;9510.19;40675.324;2897.246;15104.76;39086.247;97763.576;2654.484;Administração, defesa, educação e saúde públicas e seguridade social;Agricultura, inclusive apoio à agricultura e a pós colheita;Demais serviços;4;True;92.6;0.925659;189.89;187.65;4.999726;4.6;;94.7;0.947371;189.89;187.65;4.999726;4.7;;;;;;;;;;;;;;;;89.3;0.894917;231.06;222.97;4.233833;3.8;;93.9;0.939701;231.06;222.97;4.233833;4.0;;;;;;;;;;;;;;;;;;;;;;;;;;;;;;;;;;;;;;;;;;;
2;Nordeste;21;MA;Maranhão;2104099;Formosa da Serra Negra;257047.956;14506.91;222175.707;12538.84;202148.62;10406.62;62397.409;4325.653;47936.793;76762.88;191422.735;10725.885;Administração, defesa, educação e saúde públicas e seguridade social;Pecuária, inclusive apoio à pecuária;Demais serviços;6;True;99.0;0.98995;188.03;183.99;4.897684;4.8;;99.0;0.98995;188.03;183.99;4.897684;4.8;;97.7;0.977573;251.65;243.64;3.87123;3.8;;98.2;0.982652;251.65;243.64;3.87123;3.8;;97.8;0.977563;244.27;238.44;4.711833;4.6;;97.8;0.977563;244.27;238.44;4.711833;4.6;;;;;;;;;;;;;;;;;;;;;;;;;;;;;;;;;;;;;;;;;;;
2;Nordeste;21;MA;Maranhão;2104107;Fortaleza dos Nogueiras;354448.271;28041.79;423550.438;33508.74;346694.983;27380.74;186548.841;12340.98;79205.269;54261.801;332356.892;14338.091;Agricultura, inclusive apoio à agricultura e a pós colheita;Demais serviços;Administração, defesa, educação e saúde públicas e seguridade social;6;True;99.0;0.991242;212.81;195.14;5.573312;5.5;;99.0;0.991242;212.81;195.14;5.573312;5.5;;98.6;0.986494;270.31;265.33;4.458009;4.4;;98.6;0.986494;270.31;265.33;4.458009;4.4;;97.2;0.973874;246.06;250.97;4.9505;4.8;;97.2;0.973874;246.06;250.97;4.9505;4.8;;;;;;;;;;;;;;;;;;;;;;;;;;;;;;;;;;;;;;;;;;;
2;Nordeste;21;MA;Maranhão;2104206;Fortuna;214306.894;12624.11;206608.383;12170.62;143296.795;8044.96;29988.359;5755.221;36555.497;63524.258;135823.336;7473.459;Administração, defesa, educação e saúde públicas e seguridade social;Demais serviços;Pecuária, inclusive apoio à pecuária;6;True;98.9;0.989022;201.18;187.7;5.216093;5.2;;98.9;0.989022;201.18;187.7;5.216093;5.2;;93.0;0.931953;262.24;260.31;4.269517;4.0;;93.0;0.931953;262.24;260.31;4.269517;4.0;;98.3;0.9829;249.42;246.82;4.937333;4.9;;98.3;0.9829;249.42;246.82;4.937333;4.9;;;;;;;;;;;;;;;;;;;;;;;;;;;;;;;;;;;;;;;;;;;
2;Nordeste;21;MA;Maranhão;2104305;Godofredo Viana;855185.573;83956.96;977589.599;95973.85;2658688.345;219653.7;10338.847;2171526.898;377203.927;54344.55;2613414.221;45274.124;Indústrias extrativas;Demais serviços;Administração, defesa, educação e saúde públicas e seguridade social;4;True;99.7;0.996994;200.0;189.52;5.226665;5.2;;99.7;0.996994;200.0;189.52;5.226665;5.2;;;;;;;;;;;;;;;;99.9;0.998241;250.07;251.77;5.030667;5.0;;99.9;0.998241;250.07;251.77;5.030667;5.0;;;;;;;;;;;;;;;;;;;;;;;;;;;;;;;;;;;;;;;;;;;
2;Nordeste;21;MA;Maranhão;2104404;Gonçalves Dias;187079.581;10872.93;171046.011;9941.07;150061.001;8358.55;21606.652;13370.036;39726.629;67199.081;141902.398;8158.603;Administração, defesa, educação e saúde públicas e seguridade social;Demais serviços;Pecuária, inclusive apoio à pecuária;6;True;98.6;0.985741;195.2;181.69;4.992698;4.9;;98.6;0.985741;195.2;181.69;4.992698;4.9;;94.7;0.949915;259.01;257.08;4.175798;4.0;;94.7;0.949915;259.01;257.08;4.175798;4.0;;97.7;0.977724;246.56;250.08;4.944;4.8;;97.7;0.977724;246.56;250.08;4.944;4.8;;;;;;;;;;;;;;;;;;;;;;;;;;;;;;;;;;;;;;;;;;;
2;Nordeste;21;MA;Maranhão;2104503;Governador Archer;123047.257;12026.9;97467.507;9529.48;91903.887;8407.64;16152.382;3255.656;22222.563;46139.198;87769.799;4134.089;Administração, defesa, educação e saúde públicas e seguridade social;Demais serviços;Pecuária, inclusive apoio à pecuária;6;True;98.0;0.98201;195.98;191.69;5.189402;5.1;;98.0;0.98201;195.98;191.69;5.189402;5.1;;94.2;0.946791;239.26;245.18;3.720267;3.5;;94.2;0.946791;239.26;245.18;3.720267;3.5;;95.7;0.955281;228.98;232.13;4.351833;4.2;;95.7;0.955281;228.98;232.13;4.351833;4.2;;;;;;;;;;;;;;;;;;;;;;;;;;;;;;;;;;;;;;;;;;;
2;Nordeste;21;MA;Maranhão;2104552;Governador Edison Lobão;448007.297;24333.68;382611.205;20781.66;374987.809;20010.02;19779.408;121492.387;98742.983;87061.527;327076.305;47911.504;Indústrias de transformação;Administração, defesa, educação e saúde públicas e seguridade social;Demais serviços;6;True;93.5;0.933765;190.54;182.4;4.916676;4.6;;93.5;0.933765;190.54;182.4;4.916676;4.6;;81.9;0.841406;266.23;276.74;4.571514;3.8;;81.9;0.841406;266.23;276.74;4.571514;3.8;;94.4;0.945841;233.64;236.55;4.503167;4.3;;94.4;0.945841;233.64;236.55;4.503167;4.3;;;;;;;;;;;;;;;;;;;;;;;;;;;;;;;;;;;;;;;;;;;
2;Nordeste;21;MA;Maranhão;2104602;Governador Eugênio Barros;195174.375;14011.08;171337.009;12299.86;118425.6;8054.52;27073.409;3295.653;26968.641;55470.476;112808.179;5617.421;Administração, defesa, educação e saúde públicas e seguridade social;Demais serviços;Agricultura, inclusive apoio à agricultura e a pós colheita;6;True;93.3;0.93162;175.55;169.75;4.400607;4.1;;93.3;0.93162;175.55;169.75;4.400607;4.1;;93.9;0.941212;247.58;248.74;3.890414;3.7;;93.9;0.941212;247.58;248.74;3.890414;3.7;;79.5;0.79454;223.17;228.39;4.192667;3.3;;79.5;0.79454;223.17;228.39;4.192667;3.3;;;;;;;;;;;;;;;;;;;;;;;;;;;;;;;;;;;;;;;;;;;
2;Nordeste;21;MA;Maranhão;2104628;Governador Luiz Rocha;108305.113;15334.15;99981.237;14155.63;71079.852;9022.58;16163.457;2455.969;16658.038;32724.218;68001.683;3078.169;Administração, defesa, educação e saúde públicas e seguridade social;Demais serviços;Agricultura, inclusive apoio à agricultura e a pós colheita;6;True;92.0;0.917106;177.25;171.57;4.466141;4.1;;92.0;0.917106;177.25;171.57;4.466141;4.1;;98.1;0.980905;250.02;252.51;3.981121;3.9;;98.1;0.980905;250.02;252.51;3.981121;3.9;;84.5;0.846284;234.59;235.19;4.496333;3.8;;84.5;0.846284;234.59;235.19;4.496333;3.8;;;;;;;;;;;;;;;;;;;;;;;;;;;;;;;;;;;;;;;;;;;
2;Nordeste;21;MA;Maranhão;2104651;Governador Newton Bello;120254.032;11225.06;103325.777;9644.9;84172.36;8316.61;23343.215;2316.642;13819.374;42351.552;81830.783;2341.577;Administração, defesa, educação e saúde públicas e seguridade social;Pecuária, inclusive apoio à pecuária;Demais serviços;6;True;90.3;0.904659;187.77;177.01;4.765813;4.3;;90.3;0.904659;187.77;177.01;4.765813;4.3;;91.2;0.911253;238.85;236.3;3.581574;3.3;;91.2;0.911253;238.85;236.3;3.581574;3.3;;81.9;0.819764;234.99;231.28;4.437833;3.6;;81.9;0.819764;234.99;231.28;4.437833;3.6;;;;;;;;;;;;;;;;;;;;;;;;;;;;;;;;;;;;;;;;;;;
2;Nordeste;21;MA;Maranhão;2104677;Governador Nunes Freire;324762.474;14041.96;300655.974;12999.65;257971.907;10115.75;28836.311;20639.941;86525.3;102714.778;238716.33;19255.578;Administração, defesa, educação e saúde públicas e seguridade social;Demais serviços;Comércio e reparação de veículos automotores e motocicletas;4;True;96.2;0.963632;191.09;183.37;4.944808;4.8;;96.2;0.963632;191.09;183.37;4.944808;4.8;;;;;;;;;;;;;;;;90.6;0.906894;228.27;228.74;4.2835;3.9;;90.6;0.906894;228.27;228.74;4.2835;3.9;;;;;;;;;;;;;;;;;;;;;;;;;;;;;;;;;;;;;;;;;;;
2;Nordeste;21;MA;Maranhão;2104701;Graça Aranha;66886.203;11105.13;57513.175;9548.92;54153.365;8649.32;8968.018;2261.918;13328.17;26844.213;51402.318;2751.047;Administração, defesa, educação e saúde públicas e seguridade social;Demais serviços;Pecuária, inclusive apoio à pecuária;6;True;97.3;0.97379;189.63;181.05;4.874764;4.7;;97.3;0.97379;189.63;181.05;4.874764;4.7;;99.5;0.995289;259.46;260.97;4.240352;4.2;;99.5;0.995289;259.46;260.97;4.240352;4.2;;88.9;0.891293;234.51;231.43;4.432333;4.0;;88.9;0.891293;234.51;231.43;4.432333;4.0;;;;;;;;;;;;;;;;;;;;;;;;;;;;;;;;;;;;;;;;;;;
2;Nordeste;21;MA;Maranhão;2104800;Grajaú;1415487.969;19161.36;1267468.614;17157.63;1149732.869;16263.97;187242.716;214462.839;393234.83;263259.427;1058199.812;91533.057;Demais serviços;Administração, defesa, educação e saúde públicas e seguridade social;Indústrias extrativas;7;True;96.7;0.966028;187.62;177.54;4.772587;4.6;;95.9;0.958826;187.62;177.54;4.772587;4.6;;88.2;0.879601;252.93;254.45;4.051034;3.6;;88.1;0.876743;250.21;250.5;3.9537;3.5;;89.5;0.896779;234.68;236.08;4.512667;4.0;;88.7;0.887996;234.68;236.08;4.512667;4.0;;;;;;;;;;;;;;;;88.8;0.895701;271.14;280.99;4.704097;4.2;;;;;;;;;;;;;;;;;;;;;;
2;Nordeste;21;MA;Maranhão;2104909;Guimarães;104271.141;10133.25;100951.896;9810.68;93392.793;7804.85;17898.174;3673.675;19553.623;48771.867;89897.339;3495.454;Administração, defesa, educação e saúde públicas e seguridade social;Demais serviços;Produção florestal, pesca e aquicultura;6;True;95.4;0.952587;203.67;199.08;5.470521;5.2;;95.4;0.952587;203.67;199.08;5.470521;5.2;;91.1;0.910748;250.74;263.32;4.15306;3.8;;91.1;0.910748;250.74;263.32;4.15306;3.8;;90.0;0.89651;240.96;248.23;4.819833;4.3;;90.0;0.89651;240.96;248.23;4.819833;4.3;;;;;;;;;;;;;;;;;;;;;;;;;;;;;;;;;;;;;;;;;;;
2;Nordeste;21;MA;Maranhão;2105005;Humberto de Campos;241228.091;9393.62;208096.971;8106.94;184362.771;6326.14;14571.342;4604.476;42322.256;114064.589;175562.663;8800.108;Administração, defesa, educação e saúde públicas e seguridade social;Demais serviços;Produção florestal, pesca e aquicultura;6;True;95.2;0.951352;190.84;187.51;5.01531;4.8;;95.2;0.951352;190.84;187.51;5.01531;4.8;;85.1;0.855143;237.42;237.52;3.579753;3.1;;85.1;0.855143;237.42;237.52;3.579753;3.1;;92.5;0.925377;229.24;235.87;4.4185;4.1;;92.5;0.925377;229.24;235.87;4.4185;4.1;;;;;;;;;;;;;;;;;;;;;;;;;;;;;;;;;;;;;;;;;;;
2;Nordeste;21;MA;Maranhão;2105104;Icatu;211920.611;8547.25;188044.376;7584.27;178922.63;6524.55;16640.77;5153.027;37633.108;113071.438;172498.343;6424.287;Administração, defesa, educação e saúde públicas e seguridade social;Demais serviços;Produção florestal, pesca e aquicultura;6;True;91.5;0.91779;190.95;179.2;4.866319;4.5;;91.5;0.91779;190.95;179.2;4.866319;4.5;;94.7;0.947587;236.92;234.39;3.525875;3.3;;94.7;0.947587;236.92;234.39;3.525875;3.3;;88.4;0.88413;233.64;237.31;4.515833;4.0;;88.4;0.88413;233.64;237.31;4.515833;4.0;;;;;;;;;;;;;;;;;;;;;;;;;;;;;;;;;;;;;;;;;;;
2;Nordeste;21;MA;Maranhão;2105153;Igarapé do Meio;464887.219;33268.01;442682.174;31678.99;370652.705;25615.25;26477.149;157667.67;67763.573;74500.862;326409.254;44243.452;Indústrias de transformação;Administração, defesa, educação e saúde públicas e seguridade social;Demais serviços;6;True;95.1;0.95301;188.15;193.34;5.069974;4.8;;95.1;0.95301;188.15;193.34;5.069974;4.8;;89.5;0.892765;229.08;226.68;3.300343;2.9;;89.5;0.892765;229.08;226.68;3.300343;2.9;;90.4;0.903065;236.12;245.97;4.7015;4.2;;90.4;0.903065;236.12;245.97;4.7015;4.2;;;;;;;;;;;;;;;;;;;;;;;;;;;;;;;;;;;;;;;;;;;
2;Nordeste;21;MA;Maranhão;2105203;Igarapé Grande;138143.859;13502.48;119170.665;11648.0;117728.23;10279.25;14200.108;7720.083;35380.189;53206.8;110507.18;7221.05;Administração, defesa, educação e saúde públicas e seguridade social;Demais serviços;Pecuária, inclusive apoio à pecuária;4;True;99.9;0.998592;203.15;189.61;5.288416;5.3;;99.9;0.998592;203.15;189.61;5.288416;5.3;;;;;;;;;;;;;;;;98.9;0.988435;248.77;253.85;5.043667;5.0;;98.9;0.988435;248.77;253.85;5.043667;5.0;;;;;;;;;;;;;;;;;;;;;;;;;;;;;;;;;;;;;;;;;;;
2;Nordeste;21;MA;Maranhão;2105302;Imperatriz;9475802.055;34695.92;8773106.648;32122.98;7692904.278;29590.37;55439.807;1213066.672;4091455.355;1226479.685;6586441.519;1106462.76;Demais serviços;Comércio e reparação de veículos automotores e motocicletas;Administração, defesa, educação e saúde públicas e seguridade social;7;True;98.3;0.983685;207.87;201.65;5.597401;5.5;;98.3;0.983685;207.87;201.65;5.597401;5.5;;91.3;0.914541;267.15;273.53;4.536381;4.1;;91.4;0.915531;265.16;271.67;4.480588;4.1;;93.3;0.933319;242.08;250.15;4.8705;4.5;;93.6;0.936126;246.21;253.72;4.998833;4.7;;;;;;;;;;;;;;;;;;;;;;;100.0;1.0;314.91;313.12;7.133833;7.1;;;;;;;;;;;;;;;
2;Nordeste;21;MA;Maranhão;2105351;Itaipava do Grajaú;136088.926;9841.55;121516.192;8787.69;107284.679;6639.73;16933.802;2626.973;21801.104;61839.633;103201.513;4083.166;Administração, defesa, educação e saúde públicas e seguridade social;Demais serviços;Pecuária, inclusive apoio à pecuária;6;True;99.4;0.993567;188.78;180.12;4.841634;4.8;;97.2;0.971179;188.78;180.12;4.841634;4.7;;91.1;0.909142;242.93;236.29;3.638728;3.3;;91.1;0.909142;242.93;236.29;3.638728;3.3;;97.0;0.97049;237.38;236.36;4.562333;4.4;;94.6;0.94614;237.38;236.36;4.562333;4.3;;;;;;;;;;;;;;;;;;;;;;;;;;;;;;;;;;;;;;;;;;;
2;Nordeste;21;MA;Maranhão;2105401;Itapecuru Mirim;889928.415;14724.16;836920.771;13851.95;772829.967;11162.74;27885.074;100510.082;292795.123;266373.501;687563.779;85266.187;Administração, defesa, educação e saúde públicas e seguridade social;Demais serviços;Comércio e reparação de veículos automotores e motocicletas;6;True;98.6;0.986882;199.78;189.23;5.217194;5.1;;98.6;0.986882;199.78;189.23;5.217194;5.1;;86.8;0.871517;238.51;238.6;3.61123;3.1;;86.3;0.866341;236.67;237.29;3.565777;3.1;;94.9;0.949386;228.08;234.87;4.3825;4.2;;94.9;0.949386;228.08;234.87;4.3825;4.2;;;;;;;;;;;;;;;;;;;;;;;;;;;;;;;;;;;;;;;;;;;
2;Nordeste;21;MA;Maranhão;2105427;Itinga do Maranhão;687513.901;30538.53;637759.214;28328.49;489226.068;18719.91;220743.528;17199.389;119613.178;103548.758;461104.853;28121.215;Agricultura, inclusive apoio à agricultura e a pós colheita;Administração, defesa, educação e saúde públicas e seguridade social;Demais serviços;6;True;98.7;0.987109;194.19;193.23;5.183241;5.1;;98.7;0.987109;194.19;193.23;5.183241;5.1;;81.5;0.81809;248.04;258.66;4.045378;3.3;;81.5;0.81809;248.04;258.66;4.045378;3.3;;88.1;0.881567;239.56;245.75;4.755167;4.2;;88.1;0.881567;239.56;245.75;4.755167;4.2;;;;;;;;;;;;;;;;;;;;;;;;;;;;;;;;;;;;;;;;;;;
2;Nordeste;21;MA;Maranhão;2105450;Jatobá;83460.163;11171.22;78619.349;10523.27;75688.79;7233.26;17338.498;2269.599;12496.408;41165.125;73269.631;2419.159;Administração, defesa, educação e saúde públicas e seguridade social;Demais serviços;Pecuária, inclusive apoio à pecuária;6;True;92.2;0.920644;253.53;192.52;6.302775;5.8;;92.2;0.920644;253.53;192.52;6.302775;5.8;;90.7;0.899178;244.84;248.88;3.854027;3.5;;90.7;0.899178;244.84;248.88;3.854027;3.5;;82.9;0.828549;254.38;244.46;4.980667;4.1;;82.9;0.828549;254.38;244.46;4.980667;4.1;;;;;;;;;;;;;;;;;;;;;;;;;;;;;;;;;;;;;;;;;;;
2;Nordeste;21;MA;Maranhão;2105476;Jenipapo dos Vieiras;174125.275;10197.08;139195.271;8151.52;125732.557;7342.9;33490.634;2735.649;18154.983;68509.667;122890.933;2841.624;Administração, defesa, educação e saúde públicas e seguridade social;Pecuária, inclusive apoio à pecuária;Demais serviços;4;True;96.3;0.96467;186.68;172.47;4.662466;4.5;;88.6;0.894185;186.68;172.47;4.662466;4.2;;;;;;;;;;;;;;;;90.2;0.902509;212.64;224.02;3.944333;3.6;;83.2;0.831148;212.64;224.02;3.944333;3.3;;;;;;;;;;;;;;;;;;;;;;;;;;;;;;;;;;;;;;;;;;;
2;Nordeste;21;MA;Maranhão;2105500;João Lisboa;362691.779;14678.53;315181.082;12755.72;270611.479;11429.3;44485.539;24707.399;77195.921;109506.962;255895.82;14715.659;Administração, defesa, educação e saúde públicas e seguridade social;Demais serviços;Pecuária, inclusive apoio à pecuária;6;True;98.4;0.983352;200.72;195.66;5.352042;5.3;;98.4;0.983352;200.72;195.66;5.352042;5.3;;89.9;0.900746;253.64;260.47;4.151125;3.7;;89.9;0.900746;253.64;260.47;4.151125;3.7;;91.5;0.914629;230.47;242.27;4.545667;4.2;;91.5;0.914629;230.47;242.27;4.545667;4.2;;;;;;;;;;;;;;;;;;;;;;;;;;;;;;;;;;;;;;;;;;;
2;Nordeste;21;MA;Maranhão;2105609;Joselândia;139773.509;9365.69;140781.719;9433.24;116543.145;7181.61;13136.89;11359.126;29452.064;56981.217;110929.298;5613.848;Administração, defesa, educação e saúde públicas e seguridade social;Demais serviços;Construção;6;True;99.7;0.997387;202.59;186.26;5.21682;5.2;;99.7;0.997387;202.59;186.26;5.21682;5.2;;93.8;0.939898;241.7;248.27;3.800794;3.6;;93.8;0.939898;241.7;248.27;3.800794;3.6;;99.1;0.990679;242.32;245.19;4.791833;4.7;;99.1;0.990679;242.32;245.19;4.791833;4.7;;;;;;;;;;;;;;;;;;;;;;;;;;;;;;;;;;;;;;;;;;;
2;Nordeste;21;MA;Maranhão;2105658;Junco do Maranhão;71490.623;13892.46;67825.871;13180.31;61700.601;14236.41;19991.081;1365.206;13848.844;23708.951;58914.082;2786.519;Administração, defesa, educação e saúde públicas e seguridade social;Pecuária, inclusive apoio à pecuária;Demais serviços;6;True;98.5;0.985384;214.0;208.99;5.84784;5.8;;98.5;0.985384;214.0;208.99;5.84784;5.8;;94.7;0.950305;245.42;261.2;4.046604;3.8;;94.7;0.950305;245.42;261.2;4.046604;3.8;;96.6;0.965961;241.79;242.62;4.740167;4.6;;96.6;0.965961;241.79;242.62;4.740167;4.6;;;;;;;;;;;;;;;;;;;;;;;;;;;;;;;;;;;;;;;;;;;
2;Nordeste;21;MA;Maranhão;2105708;Lago da Pedra;621148.067;13988.88;553461.905;12464.52;550403.924;10800.92;74292.841;31691.977;213760.662;186778.334;506523.813;43880.111;Administração, defesa, educação e saúde públicas e seguridade social;Demais serviços;Comércio e reparação de veículos automotores e motocicletas;6;True;98.9;0.988925;192.94;183.62;4.984659;4.9;;98.9;0.988925;192.94;183.62;4.984659;4.9;;92.6;0.928597;253.58;254.58;4.062109;3.8;;92.6;0.928597;253.58;254.58;4.062109;3.8;;97.0;0.969309;234.76;244.37;4.652167;4.5;;97.0;0.969309;234.76;244.37;4.652167;4.5;;;;;;;;;;;;;;;;;;;;;;;;;;;;;;;;;;;;;;;;;;;
2;Nordeste;21;MA;Maranhão;2105807;Lago do Junco;108264.187;11389.04;98654.352;10378.11;86637.572;7948.4;9915.577;4353.22;18818.462;50549.41;83636.67;3000.902;Administração, defesa, educação e saúde públicas e seguridade social;Demais serviços;Pecuária, inclusive apoio à pecuária;6;True;100.0;1.0;206.03;196.32;5.465378;5.5;;100.0;1.0;206.03;196.32;5.465378;5.5;;99.2;0.990151;252.44;250.25;3.981277;3.9;;98.9;0.986911;252.44;250.25;3.981277;3.9;;100.0;1.0;239.71;242.59;4.705;4.7;;100.0;1.0;239.71;242.59;4.705;4.7;;;;;;;;;;;;;;;;;;;;;;;;;;;;;;;;;;;;;;;;;;;
2;Nordeste;21;MA;Maranhão;2105906;Lago Verde;169405.214;11470.32;148282.848;10040.14;135733.252;8292.09;28546.758;3640.925;28599.729;70048.842;130836.254;4896.998;Administração, defesa, educação e saúde públicas e seguridade social;Demais serviços;Pecuária, inclusive apoio à pecuária;6;True;95.2;0.953041;196.78;191.31;5.19776;5.0;;95.2;0.953041;196.78;191.31;5.19776;5.0;;89.9;0.899469;245.89;240.68;3.746019;3.4;;89.9;0.899469;245.89;240.68;3.746019;3.4;;89.1;0.889996;228.27;234.65;4.382;3.9;;89.1;0.889996;228.27;234.65;4.382;3.9;;;;;;;;;;;;;;;;;;;;;;;;;;;;;;;;;;;;;;;;;;;
2;Nordeste;21;MA;Maranhão;2105922;Lagoa do Mato;211546.724;20010.09;172304.153;16298.16;97006.456;8599.86;24542.527;2796.717;20835.535;44870.135;93044.915;3961.542;Administração, defesa, educação e saúde públicas e seguridade social;Demais serviços;Agricultura, inclusive apoio à agricultura e a pós colheita;6;True;99.7;0.997591;236.29;199.5;6.100677;6.1;;99.7;0.997591;236.29;199.5;6.100677;6.1;;100.0;1.0;244.47;243.76;3.772183;3.8;;100.0;1.0;244.47;243.76;3.772183;3.8;;99.6;0.995729;251.19;248.86;5.000833;5.0;;99.6;0.995729;251.19;248.86;5.000833;5.0;;;;;;;;;;;;;;;;;;;;;;;;;;;;;;;;;;;;;;;;;;;
2;Nordeste;21;MA;Maranhão;2105948;Lago dos Rodrigues;104301.153;11909.24;91323.787;10427.47;83982.764;9499.24;14331.889;4199.843;25894.876;34896.609;79323.217;4659.547;Administração, defesa, educação e saúde públicas e seguridade social;Demais serviços;Pecuária, inclusive apoio à pecuária;6;True;99.7;0.996784;208.29;209.63;5.750507;5.7;;99.7;0.996784;208.29;209.63;5.750507;5.7;;96.8;0.969236;249.36;262.77;4.125444;4.0;;96.8;0.969236;249.36;262.77;4.125444;4.0;;98.4;0.983933;233.6;230.18;4.396333;4.3;;98.4;0.983933;233.6;230.18;4.396333;4.3;;;;;;;;;;;;;;;;;;;;;;;;;;;;;;;;;;;;;;;;;;;
2;Nordeste;21;MA;Maranhão;2105963;Lagoa Grande do Maranhão;128790.836;11286.55;116771.91;10233.28;102431.987;8880.87;20493.354;2791.52;25498.207;48634.641;97417.722;5014.265;Administração, defesa, educação e saúde públicas e seguridade social;Demais serviços;Pecuária, inclusive apoio à pecuária;6;True;99.3;0.992984;177.67;177.34;4.579065;4.5;;99.3;0.992984;177.67;177.34;4.579065;4.5;;94.4;0.945414;250.38;245.15;3.875997;3.7;;94.4;0.945414;250.38;245.15;3.875997;3.7;;95.4;0.951548;245.75;239.55;4.755;4.5;;95.4;0.951548;245.75;239.55;4.755;4.5;;;;;;;;;;;;;;;;;;;;;;;;;;;;;;;;;;;;;;;;;;;
2;Nordeste;21;MA;Maranhão;2105989;Lajeado Novo;122752.409;17394.42;115529.616;16363.97;101466.928;13258.45;31152.696;2667.028;25636.242;35947.153;95403.119;6063.809;Administração, defesa, educação e saúde públicas e seguridade social;Pecuária, inclusive apoio à pecuária;Demais serviços;6;True;99.4;0.994148;201.54;184.53;5.165327;5.1;;99.4;0.994148;201.54;184.53;5.165327;5.1;;98.2;0.983735;254.51;239.86;3.854811;3.8;;98.2;0.983735;254.51;239.86;3.854811;3.8;;97.6;0.975505;230.69;238.94;4.493833;4.4;;97.6;0.975505;230.69;238.94;4.493833;4.4;;;;;;;;;;;;;;;;;;;;;;;;;;;;;;;;;;;;;;;;;;;
2;Nordeste;21;MA;Maranhão;2106003;Lima Campos;237816.923;21051.33;275398.294;24378.0;274539.037;22987.44;8084.333;131760.81;60966.531;64133.314;264944.988;9594.049;Indústrias extrativas;Administração, defesa, educação e saúde públicas e seguridade social;Demais serviços;6;True;99.6;0.99617;242.34;231.91;6.805407;6.8;;99.6;0.99617;242.34;231.91;6.805407;6.8;;98.6;0.987928;245.01;236.78;3.675277;3.6;;98.6;0.987928;245.01;236.78;3.675277;3.6;;99.9;0.998493;249.03;249.39;4.973667;5.0;;99.9;0.998493;249.03;249.39;4.973667;5.0;;;;;;;;;;;;;;;;;;;;;;;;;;;;;;;;;;;;;;;;;;;
2;Nordeste;21;MA;Maranhão;2106102;Loreto;390947.299;33711.07;527370.355;45498.26;413263.406;33678.05;273395.977;12931.885;65267.504;51704.801;403300.168;9963.238;Agricultura, inclusive apoio à agricultura e a pós colheita;Demais serviços;Administração, defesa, educação e saúde públicas e seguridade social;6;True;97.5;0.976115;193.94;192.72;5.169198;5.0;;97.5;0.976115;193.94;192.72;5.169198;5.0;;99.5;0.995629;243.78;248.15;3.828211;3.8;;99.5;0.995629;243.78;248.15;3.828211;3.8;;94.0;0.942569;247.91;240.16;4.801167;4.5;;94.0;0.942569;247.91;240.16;4.801167;4.5;;;;;;;;;;;;;;;;;;;;;;;;;;;;;;;;;;;;;;;;;;;
2;Nordeste;21;MA;Maranhão;2106201;Luís Domingues;72747.495;10158.85;66411.063;9273.99;57337.332;8172.37;7881.062;1965.367;14778.738;30061.67;54686.837;2650.495;Administração, defesa, educação e saúde públicas e seguridade social;Demais serviços;Produção florestal, pesca e aquicultura;6;True;98.1;0.981451;190.0;186.85;4.98728;4.9;;98.1;0.981451;190.0;186.85;4.98728;4.9;;94.1;0.937353;260.73;265.0;4.318518;4.0;;94.1;0.937353;260.73;265.0;4.318518;4.0;;92.1;0.919253;243.25;253.56;4.946833;4.5;;92.1;0.919253;243.25;253.56;4.946833;4.5;;;;;;;;;;;;;;;;;;;;;;;;;;;;;;;;;;;;;;;;;;;
2;Nordeste;21;MA;Maranhão;2106300;Magalhães de Almeida;181566.593;13150.33;169829.643;12300.26;140962.081;6968.66;24588.867;5144.162;32864.184;72228.355;134825.569;6136.512;Administração, defesa, educação e saúde públicas e seguridade social;Demais serviços;Agricultura, inclusive apoio à agricultura e a pós colheita;6;True;98.3;0.981647;187.46;183.95;4.886079;4.8;;98.3;0.981647;187.46;183.95;4.886079;4.8;;83.8;0.839595;241.18;242.15;3.701874;3.1;;83.8;0.839595;241.18;242.15;3.701874;3.1;;90.3;0.900462;221.68;236.85;4.308833;3.9;;90.3;0.900462;221.68;236.85;4.308833;3.9;;;;;;;;;;;;;;;;;;;;;;;;;;;;;;;;;;;;;;;;;;;
2;Nordeste;21;MA;Maranhão;2106326;Maracaçumé;275246.484;13014.63;250129.838;11827.03;208573.877;9579.47;28032.993;18365.059;69895.103;75626.418;191919.572;16654.304;Administração, defesa, educação e saúde públicas e seguridade social;Demais serviços;Pecuária, inclusive apoio à pecuária;6;True;97.4;0.973847;181.2;172.48;4.558068;4.4;;97.4;0.973847;181.2;172.48;4.558068;4.4;;91.3;0.905528;227.75;236.49;3.42852;3.1;;91.3;0.905528;227.75;236.49;3.42852;3.1;;93.0;0.930151;217.08;222.03;3.985167;3.7;;93.0;0.930151;217.08;222.03;3.985167;3.7;;;;;;;;;;;;;;;;;;;;;;;;;;;;;;;;;;;;;;;;;;;
2;Nordeste;21;MA;Maranhão;2106359;Marajá do Sena;116023.372;16511.08;90904.298;12923.56;90804.107;11706.09;34659.475;1909.142;13840.983;38158.603;88568.203;2235.904;Administração, defesa, educação e saúde públicas e seguridade social;Pecuária, inclusive apoio à pecuária;Agricultura, inclusive apoio à agricultura e a pós colheita;6;True;97.5;0.973811;213.67;186.22;5.427543;5.3;;97.5;0.973811;213.67;186.22;5.427543;5.3;;96.7;0.957572;242.47;246.58;3.786309;3.6;;92.8;0.92922;242.47;246.58;3.786309;3.5;;96.0;0.959662;264.12;262.96;5.451333;5.2;;96.0;0.959662;264.12;262.96;5.451333;5.2;;;;;;;;;;;;;;;;;;;;;;;;;;;;;;;;;;;;;;;;;;;
2;Nordeste;21;MA;Maranhão;2106375;Maranhãozinho;146664.205;10657.96;143227.788;10408.24;120910.354;7216.81;27163.043;3809.851;23614.365;60585.047;115172.305;5738.049;Administração, defesa, educação e saúde públicas e seguridade social;Pecuária, inclusive apoio à pecuária;Demais serviços;4;True;98.4;0.984931;193.83;186.47;5.053462;5.0;;98.4;0.984931;193.83;186.47;5.053462;5.0;;;;;;;;;;;;;;;;98.7;0.987493;238.31;239.98;4.638167;4.6;;98.7;0.987493;238.31;239.98;4.638167;4.6;;;;;;;;;;;;;;;;;;;;;;;;;;;;;;;;;;;;;;;;;;;
2;Nordeste;21;MA;Maranhão;2106409;Mata Roma;226302.95;13241.83;203945.659;11933.63;179196.345;10465.85;24299.021;18689.243;43642.907;84456.453;171087.624;8108.721;Administração, defesa, educação e saúde públicas e seguridade social;Demais serviços;Agricultura, inclusive apoio à agricultura e a pós colheita;6;True;98.4;0.983819;169.29;165.86;4.210414;4.1;;98.4;0.983819;169.29;165.86;4.210414;4.1;;82.9;0.824152;236.37;233.15;3.499587;2.9;;82.9;0.824152;236.37;233.15;3.499587;2.9;;92.3;0.923263;218.53;222.87;4.023333;3.7;;92.3;0.923263;218.53;222.87;4.023333;3.7;;;;;;;;;;;;;;;;;;;;;;;;;;;;;;;;;;;;;;;;;;;
2;Nordeste;21;MA;Maranhão;2106508;Matinha;232533.515;10553.4;211634.8;9604.92;196744.111;8339.8;31639.782;9231.969;51190.093;94563.687;186625.53;10118.58;Administração, defesa, educação e saúde públicas e seguridade social;Demais serviços;Produção florestal, pesca e aquicultura;6;True;98.9;0.989257;191.53;178.82;4.870478;4.8;;98.9;0.989257;191.53;178.82;4.870478;4.8;;88.2;0.882939;244.15;244.01;3.771432;3.3;;88.2;0.882939;244.15;244.01;3.771432;3.3;;92.6;0.927297;235.46;235.18;4.510667;4.2;;92.6;0.927297;235.46;235.18;4.510667;4.2;;;;;;;;;;;;;;;;;;;;;;;;;;;;;;;;;;;;;;;;;;;
2;Nordeste;21;MA;Maranhão;2106607;Matões;334401.282;10393.53;317187.559;9858.51;256347.164;7517.73;45274.834;7908.357;56385.204;135975.534;245543.929;10803.235;Administração, defesa, educação e saúde públicas e seguridade social;Demais serviços;Agricultura, inclusive apoio à agricultura e a pós colheita;6;True;95.7;0.959082;201.79;186.92;5.213552;5.0;;95.7;0.959082;201.79;186.92;5.213552;5.0;;86.3;0.868162;245.29;246.93;3.831155;3.3;;86.3;0.868162;245.29;246.93;3.831155;3.3;;88.3;0.88013;225.59;227.31;4.215;3.7;;88.3;0.88013;225.59;227.31;4.215;3.7;;;;;;;;;;;;;;;;;;;;;;;;;;;;;;;;;;;;;;;;;;;
2;Nordeste;21;MA;Maranhão;2106631;Matões do Norte;134625.394;7722.89;117796.387;6757.48;99314.557;5735.42;12827.033;2971.559;14372.431;67333.79;97504.813;1809.744;Administração, defesa, educação e saúde públicas e seguridade social;Demais serviços;Pecuária, inclusive apoio à pecuária;6;True;96.7;0.967715;202.11;186.65;5.21475;5.0;;96.7;0.967715;202.11;186.65;5.21475;5.0;;88.7;0.891934;239.34;235.34;3.574085;3.2;;88.7;0.891934;239.34;235.34;3.574085;3.2;;89.8;0.89634;231.43;233.03;4.407667;4.0;;89.8;0.89634;231.43;233.03;4.407667;4.0;;;;;;;;;;;;;;;;;;;;;;;;;;;;;;;;;;;;;;;;;;;
2;Nordeste;21;MA;Maranhão;2106672;Milagres do Maranhão;94016.525;10661.89;82048.277;9304.64;64341.207;7567.77;17650.739;1676.982;10175.996;33233.107;62736.823;1604.385;Administração, defesa, educação e saúde públicas e seguridade social;Agricultura, inclusive apoio à agricultura e a pós colheita;Demais serviços;6;True;100.0;1.0;171.75;167.37;4.284815;4.3;;100.0;1.0;171.75;167.37;4.284815;4.3;;91.8;0.920308;219.16;219.22;3.049341;2.8;;91.8;0.920308;219.16;219.22;3.049341;2.8;;100.0;1.0;207.59;222.53;3.835333;3.8;;100.0;1.0;207.59;222.53;3.835333;3.8;;;;;;;;;;;;;;;;;;;;;;;;;;;;;;;;;;;;;;;;;;;
2;Nordeste;21;MA;Maranhão;2106706;Mirador;389856.869;18538.13;381899.584;18159.75;277810.662;13200.79;122466.798;8025.022;59779.428;77964.234;268235.481;9575.18;Agricultura, inclusive apoio à agricultura e a pós colheita;Administração, defesa, educação e saúde públicas e seguridade social;Demais serviços;6;True;99.0;0.990131;178.32;164.19;4.352379;4.3;;99.0;0.990131;178.32;164.19;4.352379;4.3;;96.6;0.971208;234.23;229.79;3.419231;3.3;;96.6;0.971208;234.23;229.79;3.419231;3.3;;92.2;0.920859;214.18;210.89;3.751167;3.5;;92.2;0.920859;214.18;210.89;3.751167;3.5;;;;;;;;;;;;;;;;;;;;;;;;;;;;;;;;;;;;;;;;;;;
2;Nordeste;21;MA;Maranhão;2106755;Miranda do Norte;578366.236;24235.93;538577.26;22568.61;788579.989;27079.43;15485.583;508599.106;79800.554;120834.943;724720.186;63859.803;Eletricidade e gás, água, esgoto, atividades de gestão de resíduos e descontaminação;Administração, defesa, educação e saúde públicas e seguridade social;Demais serviços;6;True;99.2;0.991978;196.79;196.81;5.297951;5.3;;99.2;0.991978;196.79;196.81;5.297951;5.3;;86.5;0.867815;242.5;240.76;3.699605;3.2;;86.5;0.867815;242.5;240.76;3.699605;3.2;;98.8;0.98823;235.11;243.25;4.639333;4.6;;98.8;0.98823;235.11;243.25;4.639333;4.6;;;;;;;;;;;;;;;;;;;;;;;;;;;;;;;;;;;;;;;;;;;
2;Nordeste;21;MA;Maranhão;2106805;Mirinzal;133234.731;9531.74;121873.48;8718.95;112050.444;7440.76;6055.318;4024.754;38594.941;56449.426;105124.439;6926.005;Administração, defesa, educação e saúde públicas e seguridade social;Demais serviços;Comércio e reparação de veículos automotores e motocicletas;6;True;99.0;0.989134;191.21;185.83;4.991826;4.9;;99.0;0.989134;191.21;185.83;4.991826;4.9;;96.3;0.963388;247.91;248.93;3.897893;3.8;;96.3;0.963388;247.91;248.93;3.897893;3.8;;92.7;0.924724;227.55;233.07;4.343667;4.0;;92.7;0.924724;227.55;233.07;4.343667;4.0;;;;;;;;;;;;;;;;;;;;;;;;;;;;;;;;;;;;;;;;;;;
2;Nordeste;21;MA;Maranhão;2106904;Monção;280367.441;10102.97;290603.915;10471.84;257635.203;7602.55;57501.947;8047.588;47672.814;135223.315;248445.665;9189.538;Administração, defesa, educação e saúde públicas e seguridade social;Demais serviços;Pecuária, inclusive apoio à pecuária;6;True;91.0;0.912834;179.66;177.46;4.619224;4.2;;91.0;0.912834;179.66;177.46;4.619224;4.2;;92.2;0.924558;246.71;249.13;3.884033;3.6;;92.2;0.924558;246.71;249.13;3.884033;3.6;;83.8;0.836989;230.87;240.9;4.5295;3.8;;83.8;0.836989;230.87;240.9;4.5295;3.8;;;;;;;;;;;;;;;;;;;;;;;;;;;;;;;;;;;;;;;;;;;
2;Nordeste;21;MA;Maranhão;2107001;Montes Altos;119452.986;13118.05;104605.029;11486.22;86487.258;9541.84;27936.585;3355.784;17207.751;34723.542;83223.662;3263.596;Administração, defesa, educação e saúde públicas e seguridade social;Pecuária, inclusive apoio à pecuária;Demais serviços;6;True;96.9;0.964407;181.53;174.72;4.605093;4.4;;91.2;0.908183;181.53;174.72;4.605093;4.2;;89.4;0.895337;250.95;245.07;3.882805;3.5;;89.4;0.895337;250.95;245.07;3.882805;3.5;;90.7;0.906109;237.95;247.82;4.762833;4.3;;87.5;0.875097;237.95;247.82;4.762833;4.2;;;;;;;;;;;;;;;;;;;;;;;;;;;;;;;;;;;;;;;;;;;
2;Nordeste;21;MA;Maranhão;2107100;Morros;190452.291;10264.76;168263.143;9068.83;149899.343;7606.01;6623.986;5156.684;46536.949;82238.791;140556.409;9342.934;Administração, defesa, educação e saúde públicas e seguridade social;Demais serviços;Comércio e reparação de veículos automotores e motocicletas;6;True;99.1;0.991366;209.48;200.8;5.612672;5.6;;99.1;0.991366;209.48;200.8;5.612672;5.6;;91.7;0.921805;234.45;233.01;3.470525;3.2;;91.7;0.921805;234.45;233.01;3.470525;3.2;;94.8;0.947907;272.58;244.27;5.280833;5.0;;94.8;0.947907;272.58;244.27;5.280833;5.0;;;;;;;;;;;;;;;;;;;;;;;;;;;;;;;;;;;;;;;;;;;
2;Nordeste;21;MA;Maranhão;2107209;Nina Rodrigues;109173.932;7701.32;103301.334;7347.18;88512.809;5970.11;4937.577;3814.126;16682.773;60228.668;85663.144;2849.665;Administração, defesa, educação e saúde públicas e seguridade social;Demais serviços;Construção;6;True;98.6;0.982964;186.03;176.24;4.718607;4.6;;98.6;0.982964;186.03;176.24;4.718607;4.6;;93.6;0.938891;244.67;246.51;3.81616;3.6;;93.6;0.938891;244.67;246.51;3.81616;3.6;;94.8;0.947633;242.2;241.84;4.734;4.5;;94.8;0.947633;242.2;241.84;4.734;4.5;;;;;;;;;;;;;;;;;;;;;;;;;;;;;;;;;;;;;;;;;;;
2;Nordeste;21;MA;Maranhão;2107258;Nova Colinas;95717.645;19063.46;100921.89;20099.96;86427.055;15803.08;40763.121;2532.357;13906.728;26719.16;83921.365;2505.689;Administração, defesa, educação e saúde públicas e seguridade social;Agricultura, inclusive apoio à agricultura e a pós colheita;Pecuária, inclusive apoio à pecuária;6;True;99.1;0.992352;207.92;189.87;5.384173;5.3;;99.1;0.992352;207.92;189.87;5.384173;5.3;;99.1;0.99187;285.22;273.45;4.788976;4.8;;99.1;0.99187;285.22;273.45;4.788976;4.8;;98.1;0.981434;245.15;239.88;4.7505;4.7;;98.1;0.981434;245.15;239.88;4.7505;4.7;;;;;;;;;;;;;;;;;;;;;;;;;;;;;;;;;;;;;;;;;;;
2;Nordeste;21;MA;Maranhão;2107308;Nova Iorque;53435.727;12369.38;52127.641;12066.58;50965.811;10885.48;14167.192;1712.158;10515.982;22670.664;49065.995;1899.815;Administração, defesa, educação e saúde públicas e seguridade social;Agricultura, inclusive apoio à agricultura e a pós colheita;Demais serviços;7;True;92.9;0.930518;179.93;180.52;4.680013;4.4;;92.9;0.930518;179.93;180.52;4.680013;4.4;;91.2;0.913279;248.77;247.91;3.894702;3.6;;88.9;0.893161;257.2;249.41;4.035556;3.6;;85.4;0.854443;203.27;209.31;3.543;3.0;;85.4;0.854443;203.27;209.31;3.543;3.0;;;;;;;;;;;;;;;;;;;;;;;;;;;;;;97.0;0.970713;230.51;244.68;3.589888;3.5;;;;;;;;
2;Nordeste;21;MA;Maranhão;2107357;Nova Olinda do Maranhão;171963.416;12013.65;177467.858;12398.2;183142.239;8627.39;41479.92;4443.541;37193.48;92729.779;175846.72;7295.519;Administração, defesa, educação e saúde públicas e seguridade social;Demais serviços;Pecuária, inclusive apoio à pecuária;6;True;97.9;0.981116;191.75;185.64;4.998677;4.9;;96.9;0.971351;191.75;185.64;4.998677;4.9;;98.4;0.984622;252.9;255.77;4.070373;4.0;;98.4;0.984622;252.9;255.77;4.070373;4.0;;94.4;0.944045;234.61;239.29;4.565;4.3;;94.1;0.940962;234.61;239.29;4.565;4.3;;;;;;;;;;;;;;;;;;;;;;;;;;;;;;;;;;;;;;;;;;;
2;Nordeste;21;MA;Maranhão;2107407;Olho d'Água das Cunhãs;225754.685;12598.62;206604.242;11529.9;188362.519;9602.49;34631.225;5317.393;49642.516;88710.124;178301.258;10061.26;Administração, defesa, educação e saúde públicas e seguridade social;Demais serviços;Pecuária, inclusive apoio à pecuária;6;True;92.1;0.929039;203.05;198.64;5.450689;5.1;;92.1;0.929039;203.05;198.64;5.450689;5.1;;73.2;0.733039;257.11;257.33;4.152855;3.0;;73.2;0.733039;257.11;257.33;4.152855;3.0;;88.3;0.885093;246.92;260.46;5.123;4.5;;88.3;0.885093;246.92;260.46;5.123;4.5;;;;;;;;;;;;;;;;;;;;;;;;;;;;;;;;;;;;;;;;;;;
2;Nordeste;21;MA;Maranhão;2107456;Olinda Nova do Maranhão;132761.494;9778.41;128664.408;9476.64;107282.239;7167.44;12071.083;2985.827;27446.828;58915.894;101419.632;5862.607;Administração, defesa, educação e saúde públicas e seguridade social;Demais serviços;Comércio e reparação de veículos automotores e motocicletas;6;True;97.5;0.976722;171.67;169.0;4.312925;4.2;;97.5;0.976722;171.67;169.0;4.312925;4.2;;95.9;0.958345;236.4;237.14;3.559739;3.4;;95.9;0.958345;236.4;237.14;3.559739;3.4;;95.0;0.950499;223.58;227.35;4.182167;4.0;;95.0;0.950499;223.58;227.35;4.182167;4.0;;;;;;;;;;;;;;;;;;;;;;;;;;;;;;;;;;;;;;;;;;;
2;Nordeste;21;MA;Maranhão;2107506;Paço do Lumiar;1643536.521;11284.69;1540541.831;10577.52;1240349.364;9901.8;23652.21;136977.452;509019.482;457656.599;1127305.743;113043.621;Administração, defesa, educação e saúde públicas e seguridade social;Demais serviços;Comércio e reparação de veículos automotores e motocicletas;6;True;97.3;0.972894;225.79;209.03;6.073568;5.9;;97.3;0.972894;225.79;209.03;6.073568;5.9;;92.4;0.928548;247.9;261.54;4.086525;3.8;;92.4;0.928548;247.9;261.54;4.086525;3.8;;90.9;0.909186;232.87;245.51;4.639667;4.2;;90.9;0.909186;232.87;245.51;4.639667;4.2;;;;;;;;;;;;;;;;;;;;;;;;;;;;;;;;;;;;;;;;;;;
2;Nordeste;21;MA;Maranhão;2107605;Palmeirândia;188189.65;8936.31;166373.351;7900.34;139099.184;7011.05;19361.868;4487.969;29432.77;80914.025;134196.631;4902.553;Administração, defesa, educação e saúde públicas e seguridade social;Demais serviços;Agricultura, inclusive apoio à agricultura e a pós colheita;6;True;98.9;0.988875;191.81;177.77;4.856731;4.8;;98.9;0.988875;191.81;177.77;4.856731;4.8;;96.7;0.967845;230.72;229.06;3.359006;3.3;;96.7;0.967845;230.72;229.06;3.359006;3.3;;89.8;0.89717;210.55;219.8;3.839167;3.4;;89.8;0.89717;210.55;219.8;3.839167;3.4;;;;;;;;;;;;;;;;;;;;;;;;;;;;;;;;;;;;;;;;;;;
2;Nordeste;21;MA;Maranhão;2107704;Paraibano;210302.091;11508.27;199976.265;10943.21;183352.52;8499.95;29921.929;7571.038;55327.533;78288.485;171108.985;12243.535;Administração, defesa, educação e saúde públicas e seguridade social;Demais serviços;Agricultura, inclusive apoio à agricultura e a pós colheita;6;True;91.0;0.909928;206.27;190.92;5.371776;4.9;;91.0;0.909928;206.27;190.92;5.371776;4.9;;88.5;0.886062;247.81;233.19;3.66086;3.2;;88.5;0.886062;247.81;233.19;3.66086;3.2;;87.7;0.87611;230.91;235.68;4.443167;3.9;;87.7;0.87611;230.91;235.68;4.443167;3.9;;;;;;;;;;;;;;;;;;;;;;;;;;;;;;;;;;;;;;;;;;;
2;Nordeste;21;MA;Maranhão;2107803;Parnarama;381793.132;12217.38;396200.439;12678.41;322943.454;9198.57;85303.733;14276.245;68766.134;140702.784;309048.897;13894.557;Administração, defesa, educação e saúde públicas e seguridade social;Demais serviços;Agricultura, inclusive apoio à agricultura e a pós colheita;6;True;94.5;0.945276;230.25;206.92;6.120319;5.8;;94.5;0.945276;230.25;206.92;6.120319;5.8;;93.9;0.94043;246.82;247.21;3.856836;3.6;;93.9;0.94043;246.82;247.21;3.856836;3.6;;84.4;0.847228;273.23;256.67;5.498333;4.7;;84.4;0.847228;273.23;256.67;5.498333;4.7;;;;;;;;;;;;;;;;;;;;;;;;;;;;;;;;;;;;;;;;;;;
2;Nordeste;21;MA;Maranhão;2107902;Passagem Franca;207014.125;12021.73;200601.714;11649.34;200087.597;10392.54;52083.437;6472.432;55921.836;75845.8;190323.505;9764.092;Administração, defesa, educação e saúde públicas e seguridade social;Demais serviços;Agricultura, inclusive apoio à agricultura e a pós colheita;6;True;97.2;0.973126;202.68;183.25;5.16381;5.0;;97.2;0.973126;202.68;183.25;5.16381;5.0;;96.5;0.966251;246.1;244.89;3.811993;3.7;;96.5;0.966251;246.1;244.89;3.811993;3.7;;87.8;0.877474;244.85;245.9;4.845833;4.3;;87.8;0.877474;244.85;245.9;4.845833;4.3;;;;;;;;;;;;;;;;;;;;;;;;;;;;;;;;;;;;;;;;;;;
2;Nordeste;21;MA;Maranhão;2108009;Pastos Bons;322652.132;17160.52;341451.101;18160.36;309498.551;15716.17;77684.689;51738.276;70365.339;93041.676;292829.98;16668.571;Administração, defesa, educação e saúde públicas e seguridade social;Agricultura, inclusive apoio à agricultura e a pós colheita;Demais serviços;6;True;99.4;0.994171;221.67;207.84;5.973305;5.9;;99.4;0.994171;221.67;207.84;5.973305;5.9;;98.5;0.984983;255.08;252.68;4.054733;4.0;;98.5;0.984983;255.08;252.68;4.054733;4.0;;96.5;0.965838;248.33;254.78;5.051833;4.9;;96.5;0.965838;248.33;254.78;5.051833;4.9;;;;;;;;;;;;;;;;;;;;;;;;;;;;;;;;;;;;;;;;;;;
2;Nordeste;21;MA;Maranhão;2108058;Paulino Neves;157984.399;9262.69;147290.399;8635.69;118325.815;7261.48;8245.554;3415.031;28035.167;72196.656;111892.408;6433.407;Administração, defesa, educação e saúde públicas e seguridade social;Demais serviços;Comércio e reparação de veículos automotores e motocicletas;6;True;95.2;0.952812;188.93;185.44;4.941223;4.7;;95.2;0.952812;188.93;185.44;4.941223;4.7;;88.1;0.883695;236.17;231.62;3.473874;3.1;;88.1;0.883695;236.17;231.62;3.473874;3.1;;92.3;0.923728;244.8;250.96;4.929333;4.6;;92.3;0.923728;244.8;250.96;4.929333;4.6;;;;;;;;;;;;;;;;;;;;;;;;;;;;;;;;;;;;;;;;;;;
2;Nordeste;21;MA;Maranhão;2108108;Paulo Ramos;261075.014;12834.92;233124.502;11460.82;194140.237;9204.45;30695.153;6195.888;56079.584;90247.058;183217.682;10922.555;Administração, defesa, educação e saúde públicas e seguridade social;Demais serviços;Pecuária, inclusive apoio à pecuária;6;True;98.4;0.985175;181.0;175.22;4.604069;4.5;;98.4;0.985175;181.0;175.22;4.604069;4.5;;87.9;0.882234;250.47;253.71;4.005405;3.5;;87.9;0.882234;250.47;253.71;4.005405;3.5;;94.3;0.943386;224.07;225.65;4.162;3.9;;94.3;0.943386;224.07;225.65;4.162;3.9;;;;;;;;;;;;;;;;;;;;;;;;;;;;;;;;;;;;;;;;;;;
2;Nordeste;21;MA;Maranhão;2108207;Pedreiras;830170.627;22406.76;873113.351;23565.81;787659.914;20117.49;20048.224;189372.835;357599.811;149521.771;716542.641;71117.273;Demais serviços;Indústrias extrativas;Administração, defesa, educação e saúde públicas e seguridade social;6;True;98.5;0.98585;206.97;201.01;5.568589;5.5;;98.5;0.98585;206.97;201.01;5.568589;5.5;;99.0;0.987995;253.35;253.78;4.046903;4.0;;98.8;0.987995;253.35;253.78;4.046903;4.0;;96.0;0.959844;237.82;245.58;4.723333;4.5;;96.0;0.959844;237.82;245.58;4.723333;4.5;;;;;;;;;;;;;;;;;;;;;;;;;;;;;;;;;;;;;;;;;;;
2;Nordeste;21;MA;Maranhão;2108256;Pedro do Rosário;225794.779;9284.32;206963.949;8510.03;157862.958;6176.17;17744.497;3976.67;30896.65;99453.474;152071.291;5791.668;Administração, defesa, educação e saúde públicas e seguridade social;Demais serviços;Pecuária, inclusive apoio à pecuária;6;True;98.7;0.986878;179.3;170.96;4.494172;4.4;;98.7;0.986878;179.3;170.96;4.494172;4.4;;86.1;0.863177;236.69;240.45;3.613363;3.1;;86.1;0.863177;236.69;240.45;3.613363;3.1;;96.1;0.961846;225.36;229.15;4.241833;4.1;;96.1;0.961846;225.36;229.15;4.241833;4.1;;;;;;;;;;;;;;;;;;;;;;;;;;;;;;;;;;;;;;;;;;;
2;Nordeste;21;MA;Maranhão;2108306;Penalva;313292.208;9636.5;286030.661;8797.97;253736.401;6508.23;28956.511;12351.207;58626.029;141896.019;241829.765;11906.636;Administração, defesa, educação e saúde públicas e seguridade social;Demais serviços;Comércio e reparação de veículos automotores e motocicletas;6;True;96.3;0.961899;191.21;183.69;4.952917;4.8;;96.3;0.961899;191.21;183.69;4.952917;4.8;;93.4;0.937091;243.68;244.63;3.774112;3.5;;93.4;0.937091;243.68;244.63;3.774112;3.5;;89.4;0.894725;244.55;246.33;4.848;4.3;;89.4;0.894725;244.55;246.33;4.848;4.3;;;;;;;;;;;;;;;;;;;;;;;;;;;;;;;;;;;;;;;;;;;
2;Nordeste;21;MA;Maranhão;2108405;Peri Mirim;110019.842;9904.56;103427.262;9312.74;95935.716;6675.65;9926.032;2887.181;22651.237;56234.323;91698.773;4236.943;Administração, defesa, educação e saúde públicas e seguridade social;Demais serviços;Comércio e reparação de veículos automotores e motocicletas;6;True;98.6;0.986065;202.1;188.9;5.255468;5.2;;98.6;0.986065;202.1;188.9;5.255468;5.2;;93.0;0.929061;242.43;241.62;3.711496;3.4;;93.0;0.929061;242.43;241.62;3.711496;3.4;;92.9;0.92831;228.91;234.52;4.3905;4.1;;92.9;0.92831;228.91;234.52;4.3905;4.1;;;;;;;;;;;;;;;;;;;;;;;;;;;;;;;;;;;;;;;;;;;
2;Nordeste;21;MA;Maranhão;2108454;Peritoró;277935.285;13571.72;253047.357;12356.43;230427.47;9792.92;17016.986;7136.206;86200.127;98552.665;208905.983;21521.487;Administração, defesa, educação e saúde públicas e seguridade social;Demais serviços;Comércio e reparação de veículos automotores e motocicletas;6;True;97.8;0.978895;195.12;184.28;5.038262;4.9;;97.8;0.978895;195.12;184.28;5.038262;4.9;;88.7;0.891466;232.7;228.16;3.373342;3.0;;88.7;0.891466;232.7;228.16;3.373342;3.0;;91.3;0.912217;229.0;233.41;4.3735;4.0;;91.3;0.912217;229.0;233.41;4.3735;4.0;;;;;;;;;;;;;;;;;;;;;;;;;;;;;;;;;;;;;;;;;;;
2;Nordeste;21;MA;Maranhão;2108504;Pindaré-Mirim;356583.735;11345.69;344863.425;10978.02;296184.232;8924.98;23686.25;19492.611;92221.99;139671.2;275072.051;21112.181;Administração, defesa, educação e saúde públicas e seguridade social;Demais serviços;Comércio e reparação de veículos automotores e motocicletas;6;True;96.6;0.963734;183.08;175.15;4.642491;4.5;;96.6;0.963734;183.08;175.15;4.642491;4.5;;88.1;0.88386;248.82;250.49;3.934027;3.5;;88.1;0.88386;248.82;250.49;3.934027;3.5;;88.7;0.887087;220.58;228.79;4.156167;3.7;;88.7;0.887087;220.58;228.79;4.156167;3.7;;;;;;;;;;;;;;;;;;;;;;;;;;;;;;;;;;;;;;;;;;;
2;Nordeste;21;MA;Maranhão;2108603;Pinheiro;1332999.976;15752.59;1185383.166;14009.3;1039933.211;12356.62;61754.66;67497.338;484875.028;309531.197;923658.223;116274.988;Administração, defesa, educação e saúde públicas e seguridade social;Demais serviços;Comércio e reparação de veículos automotores e motocicletas;7;True;98.4;0.984728;193.11;193.9;5.174813;5.1;;98.4;0.984728;193.11;193.9;5.174813;5.1;;91.5;0.916289;248.3;251.06;3.935257;3.6;;91.3;0.915172;245.83;247.45;3.846524;3.5;;93.9;0.938867;232.36;244.07;4.607167;4.3;;93.9;0.938867;232.36;244.07;4.607167;4.3;;;;;;;;;;;;;;;;92.1;0.919802;264.47;274.8;4.517753;4.2;;;;;;;;;;;;;;;;;;;;;;
2;Nordeste;21;MA;Maranhão;2108702;Pio XII;269344.518;12306.7;242199.361;11066.41;191327.123;8993.47;22774.263;9138.778;57198.141;90274.365;179385.547;11941.576;Administração, defesa, educação e saúde públicas e seguridade social;Demais serviços;Comércio e reparação de veículos automotores e motocicletas;6;True;97.3;0.974492;191.99;182.05;4.937984;4.8;;97.3;0.974492;191.99;182.05;4.937984;4.8;;89.0;0.888896;249.29;254.75;4.004401;3.6;;89.0;0.888896;249.29;254.75;4.004401;3.6;;89.4;0.893429;232.51;240.59;4.551667;4.1;;89.4;0.893429;232.51;240.59;4.551667;4.1;;;;;;;;;;;;;;;;;;;;;;;;;;;;;;;;;;;;;;;;;;;
2;Nordeste;21;MA;Maranhão;2108801;Pirapemas;185469.491;10470.22;156608.822;8840.96;130764.31;6950.37;11326.651;4388.786;29722.19;80203.794;125641.422;5122.888;Administração, defesa, educação e saúde públicas e seguridade social;Demais serviços;Pecuária, inclusive apoio à pecuária;6;True;97.1;0.972263;179.76;172.2;4.525496;4.4;;97.1;0.972263;179.76;172.2;4.525496;4.4;;90.6;0.907761;240.47;243.77;3.716153;3.4;;90.6;0.907761;240.47;243.77;3.716153;3.4;;90.8;0.902679;225.14;227.19;4.2055;3.8;;90.8;0.902679;225.14;227.19;4.2055;3.8;;;;;;;;;;;;;;;;;;;;;;;;;;;;;;;;;;;;;;;;;;;
2;Nordeste;21;MA;Maranhão;2108900;Poção de Pedras;221326.724;12897.08;181008.383;10547.66;163076.031;9414.93;30666.101;4367.658;46813.134;73917.997;155764.89;7311.141;Administração, defesa, educação e saúde públicas e seguridade social;Demais serviços;Pecuária, inclusive apoio à pecuária;6;True;100.0;1.0;228.85;213.85;6.219601;6.2;;100.0;1.0;228.85;213.85;6.219601;6.2;;98.5;0.983445;259.86;255.06;4.157497;4.1;;97.6;0.975787;259.86;255.06;4.157497;4.1;;99.9;0.998997;267.38;261.61;5.483167;5.5;;99.9;0.998997;267.38;261.61;5.483167;5.5;;;;;;;;;;;;;;;;;;;;;;;;;;;;;;;;;;;;;;;;;;;
2;Nordeste;21;MA;Maranhão;2109007;Porto Franco;1252850.199;52413.93;1127831.528;47183.68;1026076.447;42235.8;57602.21;403828.846;307425.899;109300.261;878157.216;147919.231;Indústrias de transformação;Demais serviços;Comércio e reparação de veículos automotores e motocicletas;7;True;99.9;0.998996;239.68;227.08;6.666826;6.7;;99.9;0.998996;239.68;227.08;6.666826;6.7;;85.9;0.864483;258.46;260.54;4.21987;3.6;;85.2;0.856406;254.39;257.38;4.115402;3.5;;99.0;0.989687;257.16;260.49;5.294167;5.2;;99.0;0.989687;257.16;260.49;5.294167;5.2;;;;;;;;;;;;;;;;90.5;0.90161;293.89;288.09;5.129907;4.6;;;;;;;;;;;;;;;;;;;;;;
2;Nordeste;21;MA;Maranhão;2109056;Porto Rico do Maranhão;63769.406;10710.35;56998.715;9573.18;45855.701;7725.02;8347.574;1649.647;9027.828;25064.643;44089.692;1766.009;Administração, defesa, educação e saúde públicas e seguridade social;Demais serviços;Produção florestal, pesca e aquicultura;6;True;99.0;0.989314;182.4;171.18;4.557332;4.5;;99.0;0.989314;182.4;171.18;4.557332;4.5;;97.3;0.973266;261.49;253.32;4.154342;4.0;;97.3;0.973266;261.49;253.32;4.154342;4.0;;93.1;0.929594;227.03;234.24;4.3545;4.0;;93.1;0.929594;227.03;234.24;4.3545;4.0;;;;;;;;;;;;;;;;;;;;;;;;;;;;;;;;;;;;;;;;;;;
2;Nordeste;21;MA;Maranhão;2109106;Presidente Dutra;990072.543;21926.09;907199.388;20090.78;755699.287;15657.62;36345.353;33511.242;405614.114;176243.028;651713.736;103985.551;Demais serviços;Administração, defesa, educação e saúde públicas e seguridade social;Comércio e reparação de veículos automotores e motocicletas;7;True;96.2;0.962984;192.03;182.36;4.944384;4.8;;96.2;0.962984;192.03;182.36;4.944384;4.8;;95.3;0.955692;266.52;273.8;4.531575;4.3;;95.4;0.956025;266.22;272.98;4.515086;4.3;;89.8;0.898685;246.82;253.41;5.003833;4.5;;89.8;0.898685;246.82;253.41;5.003833;4.5;;;;;;;;;;;;;;;;95.1;0.952262;269.06;280.64;4.669644;4.4;;;;;;;;;;;;;;;;;;;;;;
2;Nordeste;21;MA;Maranhão;2109205;Presidente Juscelino;102457.802;9022.35;96643.761;8510.37;84478.884;6529.01;17923.837;2359.215;13179.495;49140.631;82603.177;1875.707;Administração, defesa, educação e saúde públicas e seguridade social;Agricultura, inclusive apoio à agricultura e a pós colheita;Demais serviços;6;True;96.4;0.96316;193.26;185.69;5.028402;4.8;;96.4;0.96316;193.26;185.69;5.028402;4.8;;94.1;0.947276;244.72;239.55;3.712671;3.5;;94.1;0.947276;244.72;239.55;3.712671;3.5;;85.7;0.850979;245.0;250.48;4.924667;4.2;;85.7;0.850979;245.0;250.48;4.924667;4.2;;;;;;;;;;;;;;;;;;;;;;;;;;;;;;;;;;;;;;;;;;;
2;Nordeste;21;MA;Maranhão;2109239;Presidente Médici;74488.448;15862.11;70166.86;14941.84;60682.46;8518.03;15295.464;1599.981;12507.63;28859.505;58262.58;2419.88;Administração, defesa, educação e saúde públicas e seguridade social;Pecuária, inclusive apoio à pecuária;Demais serviços;6;True;98.3;0.982928;208.29;194.42;5.473962;5.4;;98.3;0.982928;208.29;194.42;5.473962;5.4;;96.5;0.954989;244.84;230.66;3.581272;3.4;;95.0;0.948907;244.84;230.66;3.581272;3.4;;95.3;0.951548;242.26;241.87;4.7355;4.5;;95.3;0.951548;242.26;241.87;4.7355;4.5;;;;;;;;;;;;;;;;;;;;;;;;;;;;;;;;;;;;;;;;;;;
2;Nordeste;21;MA;Maranhão;2109270;Presidente Sarney;186042.934;10624.35;179657.227;10283.76;164968.075;8584.49;34967.364;4935.708;28532.662;92899.967;161335.7;3632.375;Administração, defesa, educação e saúde públicas e seguridade social;Demais serviços;Agricultura, inclusive apoio à agricultura e a pós colheita;6;True;100.0;1.0;186.68;190.01;4.981375;5.0;;100.0;1.0;186.68;190.01;4.981375;5.0;;80.4;0.808604;234.05;234.93;3.493649;2.8;;80.4;0.808604;234.05;234.93;3.493649;2.8;;99.4;0.993732;226.89;234.15;4.350667;4.3;;99.4;0.993732;226.89;234.15;4.350667;4.3;;;;;;;;;;;;;;;;;;;;;;;;;;;;;;;;;;;;;;;;;;;
2;Nordeste;21;MA;Maranhão;2109304;Presidente Vargas;108884.158;10321.75;93347.495;8891.93;76166.221;6723.71;5040.965;2032.232;14779.297;51452.481;73304.975;2861.246;Administração, defesa, educação e saúde públicas e seguridade social;Demais serviços;Agricultura, inclusive apoio à agricultura e a pós colheita;6;True;96.9;0.968755;183.44;175.28;4.651725;4.5;;96.9;0.968755;183.44;175.28;4.651725;4.5;;93.5;0.936017;239.33;244.47;3.710621;3.5;;93.5;0.936017;239.33;244.47;3.710621;3.5;;91.1;0.909882;228.29;240.23;4.475333;4.1;;91.1;0.909882;228.29;240.23;4.475333;4.1;;;;;;;;;;;;;;;;;;;;;;;;;;;;;;;;;;;;;;;;;;;
2;Nordeste;21;MA;Maranhão;2109403;Primeira Cruz;120507.877;8851.76;106239.913;7803.73;89083.212;5730.67;10859.054;2985.47;13731.915;59869.862;87446.301;1636.911;Administração, defesa, educação e saúde públicas e seguridade social;Demais serviços;Produção florestal, pesca e aquicultura;6;True;96.4;0.965025;195.64;194.64;5.23655;5.1;;96.4;0.965025;195.64;194.64;5.23655;5.1;;98.6;0.98621;229.06;236.3;3.444074;3.4;;98.6;0.98621;229.06;236.3;3.444074;3.4;;91.4;0.914567;224.79;221.59;4.106333;3.8;;91.4;0.914567;224.79;221.59;4.106333;3.8;;;;;;;;;;;;;;;;;;;;;;;;;;;;;;;;;;;;;;;;;;;
2;Nordeste;21;MA;Maranhão;2109452;Raposa;381070.977;12356.79;327263.822;10612.01;286152.981;9059.49;20140.209;37207.063;90762.605;117240.641;265350.517;20802.463;Administração, defesa, educação e saúde públicas e seguridade social;Demais serviços;Comércio e reparação de veículos automotores e motocicletas;6;True;98.7;0.988651;198.06;189.77;5.194187;5.1;;98.7;0.988651;198.06;189.77;5.194187;5.1;;90.4;0.907146;244.2;252.56;3.900128;3.5;;90.4;0.907146;244.2;252.56;3.900128;3.5;;94.9;0.949632;226.9;229.87;4.2795;4.1;;94.9;0.949632;226.9;229.87;4.2795;4.1;;;;;;;;;;;;;;;;;;;;;;;;;;;;;;;;;;;;;;;;;;;
2;Nordeste;21;MA;Maranhão;2109502;Riachão;687701.031;31054.46;855713.999;38641.41;673197.288;33182.04;415921.508;21628.119;119833.118;91098.675;648481.421;24715.868;Agricultura, inclusive apoio à agricultura e a pós colheita;Demais serviços;Administração, defesa, educação e saúde públicas e seguridade social;6;True;98.7;0.98667;183.34;172.74;4.603635;4.5;;98.7;0.98667;183.34;172.74;4.603635;4.5;;99.3;0.993308;253.32;253.16;4.0372;4.0;;99.3;0.993308;253.32;253.16;4.0372;4.0;;97.0;0.970353;225.83;227.18;4.216833;4.1;;97.0;0.970353;225.83;227.18;4.216833;4.1;;;;;;;;;;;;;;;;;;;;;;;;;;;;;;;;;;;;;;;;;;;
2;Nordeste;21;MA;Maranhão;2109551;Ribamar Fiquene;149001.274;20081.03;133864.767;18041.07;124192.458;15802.58;47432.564;15804.877;22553.677;33954.141;119745.258;4447.199;Administração, defesa, educação e saúde públicas e seguridade social;Pecuária, inclusive apoio à pecuária;Agricultura, inclusive apoio à agricultura e a pós colheita;6;True;98.8;0.987923;194.04;193.81;5.190924;5.1;;98.8;0.987923;194.04;193.81;5.190924;5.1;;98.3;0.982313;262.54;259.75;4.265347;4.2;;98.3;0.982313;262.54;259.75;4.265347;4.2;;87.7;0.872116;226.88;227.97;4.2475;3.7;;87.7;0.872116;226.88;227.97;4.2475;3.7;;;;;;;;;;;;;;;;;;;;;;;;;;;;;;;;;;;;;;;;;;;
2;Nordeste;21;MA;Maranhão;2109601;Rosário;522395.196;13577.52;481118.865;12504.71;443176.336;10248.51;11962.4;52740.822;174361.547;161178.835;400243.604;42932.732;Administração, defesa, educação e saúde públicas e seguridade social;Demais serviços;Comércio e reparação de veículos automotores e motocicletas;6;True;97.5;0.975829;210.82;198.89;5.603517;5.5;;97.5;0.975829;210.82;198.89;5.603517;5.5;;92.7;0.929069;252.93;255.54;4.067351;3.8;;92.4;0.926494;253.83;253.8;4.053944;3.8;;92.4;0.923478;243.7;248.63;4.872167;4.5;;92.4;0.923478;243.7;248.63;4.872167;4.5;;;;;;;;;;;;;;;;;;;;;;;;;;;;;;;;;;;;;;;;;;;
2;Nordeste;21;MA;Maranhão;2109700;Sambaíba;433340.249;77826.91;630539.234;113243.4;474702.865;83486.26;344738.761;14032.595;74527.125;26593.137;459891.618;14811.248;Agricultura, inclusive apoio à agricultura e a pós colheita;Demais serviços;Administração, defesa, educação e saúde públicas e seguridade social;6;True;99.8;0.997577;204.78;190.71;5.339523;5.3;;99.8;0.997577;204.78;190.71;5.339523;5.3;;99.5;0.995629;249.32;251.83;3.96111;3.9;;99.5;0.995629;249.32;251.83;3.96111;3.9;;97.1;0.971274;231.85;238.57;4.507;4.4;;97.1;0.971274;231.85;238.57;4.507;4.4;;;;;;;;;;;;;;;;;;;;;;;;;;;;;;;;;;;;;;;;;;;
2;Nordeste;21;MA;Maranhão;2109759;Santa Filomena do Maranhão;71886.149;10734.08;64531.869;9635.94;60202.696;7641.88;11987.962;1797.371;12528.605;31514.762;57828.7;2373.996;Administração, defesa, educação e saúde públicas e seguridade social;Demais serviços;Pecuária, inclusive apoio à pecuária;2;True;97.7;0.975666;170.72;170.8;4.327523;4.2;;97.7;0.975666;170.72;170.8;4.327523;4.2;;;;;;;;;;;;;;;;;;;;;;;;;;;;;;;;;;;;;;;;;;;;;;;;;;;;;;;;;;;;;;;;;;;;;;;
2;Nordeste;21;MA;Maranhão;2109809;Santa Helena;483902.824;11643.19;394235.165;9485.7;357950.669;8357.67;37594.812;9879.181;108527.439;180475.927;336477.36;21473.308;Administração, defesa, educação e saúde públicas e seguridade social;Demais serviços;Comércio e reparação de veículos automotores e motocicletas;6;True;97.6;0.976658;195.45;191.14;5.169287;5.0;;97.6;0.976658;195.45;191.14;5.169287;5.0;;92.6;0.926236;252.03;253.79;4.028513;3.7;;92.6;0.926236;252.03;253.79;4.028513;3.7;;91.0;0.909716;234.58;246.81;4.689833;4.3;;91.0;0.909716;234.58;246.81;4.689833;4.3;;;;;;;;;;;;;;;;;;;;;;;;;;;;;;;;;;;;;;;;;;;
2;Nordeste;21;MA;Maranhão;2109908;Santa Inês;1837615.351;21615.44;1716444.946;20190.14;1465933.412;16301.37;36783.08;67375.119;801336.756;362192.106;1267687.061;198246.351;Demais serviços;Administração, defesa, educação e saúde públicas e seguridade social;Comércio e reparação de veículos automotores e motocicletas;6;True;95.3;0.953375;187.28;183.57;4.875735;4.6;;95.4;0.953755;187.28;183.57;4.875735;4.7;;90.6;0.907777;261.48;264.16;4.316477;3.9;;90.7;0.910497;257.39;260.62;4.206039;3.8;;92.2;0.921973;230.37;242.17;4.542333;4.2;;92.2;0.921973;230.37;242.17;4.542333;4.2;;;;;;;;;;;;;;;;;;;;;;;;;;;;;;;;;;;;;;;;;;;
2;Nordeste;21;MA;Maranhão;2110005;Santa Luzia;985808.785;17104.34;888803.415;15421.24;743420.228;10169.21;179715.445;21298.055;201543.177;300709.047;703265.723;40154.505;Administração, defesa, educação e saúde públicas e seguridade social;Demais serviços;Pecuária, inclusive apoio à pecuária;6;True;98.7;0.986872;213.31;200.14;5.673763;5.6;;98.7;0.986872;213.31;200.14;5.673763;5.6;;94.3;0.945715;255.7;253.62;4.077513;3.9;;94.3;0.945715;255.7;253.62;4.077513;3.9;;95.4;0.954552;245.29;245.92;4.8535;4.6;;95.4;0.954552;245.29;245.92;4.8535;4.6;;;;;;;;;;;;;;;;;;;;;;;;;;;;;;;;;;;;;;;;;;;
2;Nordeste;21;MA;Maranhão;2110039;Santa Luzia do Paruá;382763.769;15747.06;339198.983;13954.79;253332.488;9939.67;49971.597;8065.719;86660.381;89827.15;234524.847;18807.642;Administração, defesa, educação e saúde públicas e seguridade social;Demais serviços;Pecuária, inclusive apoio à pecuária;6;True;98.8;0.987872;189.53;184.91;4.943037;4.9;;98.8;0.987872;189.53;184.91;4.943037;4.9;;86.6;0.865234;248.17;249.14;3.904689;3.4;;86.6;0.865234;248.17;249.14;3.904689;3.4;;94.5;0.945067;238.71;242.71;4.690333;4.4;;94.5;0.945067;238.71;242.71;4.690333;4.4;;;;;;;;;;;;;;;;;;;;;;;;;;;;;;;;;;;;;;;;;;;
2;Nordeste;21;MA;Maranhão;2110104;Santa Quitéria do Maranhão;391678.372;16349.22;311348.953;12996.16;218445.479;8439.4;22557.066;7922.759;63977.471;111218.664;205675.961;12769.518;Administração, defesa, educação e saúde públicas e seguridade social;Demais serviços;Comércio e reparação de veículos automotores e motocicletas;6;True;99.5;0.995589;191.97;182.72;4.949784;4.9;;99.5;0.995589;191.97;182.72;4.949784;4.9;;94.8;0.951184;232.43;234.26;3.460867;3.3;;94.8;0.951184;232.43;234.26;3.460867;3.3;;97.2;0.972148;215.71;229.17;4.081333;4.0;;97.2;0.972148;215.71;229.17;4.081333;4.0;;;;;;;;;;;;;;;;;;;;;;;;;;;;;;;;;;;;;;;;;;;
2;Nordeste;21;MA;Maranhão;2110203;Santa Rita;364745.718;9848.68;341522.864;9221.62;354630.56;9156.01;13126.088;29883.236;127690.813;143581.22;314281.357;40349.204;Administração, defesa, educação e saúde públicas e seguridade social;Demais serviços;Comércio e reparação de veículos automotores e motocicletas;6;True;99.4;0.99378;203.6;198.34;5.455731;5.4;;99.4;0.99378;203.6;198.34;5.455731;5.4;;96.6;0.974041;243.29;239.6;3.693335;3.6;;95.3;0.955897;243.29;239.6;3.693335;3.5;;96.6;0.964932;229.71;237.21;4.448667;4.3;;96.6;0.964932;229.71;237.21;4.448667;4.3;;;;;;;;;;;;;;;;;;;;;;;;;;;;;;;;;;;;;;;;;;;
2;Nordeste;21;MA;Maranhão;2110237;Santana do Maranhão;115747.68;10953.69;105332.786;9968.09;74090.273;5406.47;5895.314;3067.918;15494.939;46438.356;70896.527;3193.746;Administração, defesa, educação e saúde públicas e seguridade social;Demais serviços;Agricultura, inclusive apoio à agricultura e a pós colheita;6;True;99.6;0.996347;208.31;203.0;5.630344;5.6;;99.6;0.996347;208.31;203.0;5.630344;5.6;;96.0;0.966424;243.76;254.6;3.924487;3.8;;96.0;0.966424;243.76;254.6;3.924487;3.8;;98.2;0.981881;256.83;256.03;5.214333;5.1;;98.2;0.981881;256.83;256.03;5.214333;5.1;;;;;;;;;;;;;;;;;;;;;;;;;;;;;;;;;;;;;;;;;;;
2;Nordeste;21;MA;Maranhão;2110278;Santo Amaro do Maranhão;131657.557;9438.49;114431.567;8370.39;95932.071;5914.8;9666.73;2449.618;20303.149;60285.198;92704.695;3227.376;Administração, defesa, educação e saúde públicas e seguridade social;Demais serviços;Produção florestal, pesca e aquicultura;6;True;93.6;0.935078;177.71;168.61;4.421101;4.1;;93.6;0.935078;177.71;168.61;4.421101;4.1;;89.5;0.897597;240.17;235.96;3.595024;3.2;;89.5;0.897597;240.17;235.96;3.595024;3.2;;85.8;0.856298;229.45;229.32;4.312833;3.7;;85.8;0.856298;229.45;229.32;4.312833;3.7;;;;;;;;;;;;;;;;;;;;;;;;;;;;;;;;;;;;;;;;;;;
2;Nordeste;21;MA;Maranhão;2110302;Santo Antônio dos Lopes;5184563.97;362455.53;3117474.143;217944.22;3055534.598;210494.25;16895.743;2749056.813;85934.592;94998.862;2946886.01;108648.588;Eletricidade e gás, água, esgoto, atividades de gestão de resíduos e descontaminação;Indústrias extrativas;Administração, defesa, educação e saúde públicas e seguridade social;6;True;98.8;0.988753;219.87;207.54;5.9335;5.9;;98.8;0.988753;219.87;207.54;5.9335;5.9;;89.7;0.899787;245.34;245.29;3.807307;3.4;;89.7;0.899787;245.34;245.29;3.807307;3.4;;94.6;0.946203;245.08;254.69;4.996167;4.7;;94.6;0.946203;245.08;254.69;4.996167;4.7;;;;;;;;;;;;;;;;;;;;;;;;;;;;;;;;;;;;;;;;;;;
2;Nordeste;21;MA;Maranhão;2110401;São Benedito do Rio Preto;186474.265;10154.34;158301.578;8620.21;143436.891;7642.22;7464.627;5767.729;37676.155;85842.23;136750.742;6686.149;Administração, defesa, educação e saúde públicas e seguridade social;Demais serviços;Comércio e reparação de veículos automotores e motocicletas;6;True;98.7;0.987719;168.14;161.01;4.100286;4.0;;98.7;0.987719;168.14;161.01;4.100286;4.0;;91.8;0.921351;228.63;226.15;3.286089;3.0;;91.8;0.921351;228.63;226.15;3.286089;3.0;;95.2;0.951862;213.28;215.25;3.808833;3.6;;95.2;0.951862;213.28;215.25;3.808833;3.6;;;;;;;;;;;;;;;;;;;;;;;;;;;;;;;;;;;;;;;;;;;
2;Nordeste;21;MA;Maranhão;2110500;São Bento;404149.053;8711.05;372912.087;8037.42;312160.447;6787.72;13872.273;12098.855;97420.529;171711.315;295102.973;17057.474;Administração, defesa, educação e saúde públicas e seguridade social;Demais serviços;Comércio e reparação de veículos automotores e motocicletas;6;True;97.7;0.977432;186.35;183.74;4.861078;4.8;;97.7;0.977432;186.35;183.74;4.861078;4.8;;94.7;0.946959;244.82;248.47;3.847608;3.6;;94.7;0.946959;244.82;248.47;3.847608;3.6;;92.3;0.921499;229.4;236.66;4.434333;4.1;;92.3;0.921499;229.4;236.66;4.434333;4.1;;;;;;;;;;;;;;;;;;;;;;;;;;;;;;;;;;;;;;;;;;;
2;Nordeste;21;MA;Maranhão;2110609;São Bernardo;384189.277;14259.34;330314.934;12259.77;281176.714;9754.61;42639.039;13992.43;84779.677;120252.687;261663.833;19512.881;Administração, defesa, educação e saúde públicas e seguridade social;Demais serviços;Agricultura, inclusive apoio à agricultura e a pós colheita;6;True;98.4;0.983944;212.57;205.03;5.74855;5.7;;98.4;0.983944;212.57;205.03;5.74855;5.7;;94.8;0.948088;240.52;245.17;3.737814;3.5;;94.8;0.948088;240.52;245.17;3.737814;3.5;;95.8;0.957535;222.18;226.16;4.139;4.0;;95.8;0.957535;222.18;226.16;4.139;4.0;;;;;;;;;;;;;;;;;;;;;;;;;;;;;;;;;;;;;;;;;;;
2;Nordeste;21;MA;Maranhão;2110658;São Domingos do Azeitão;339609.164;42493.64;472476.108;59118.63;320522.227;43034.67;147738.663;8445.417;101823.9;34308.589;292316.569;28205.658;Agricultura, inclusive apoio à agricultura e a pós colheita;Demais serviços;Comércio e reparação de veículos automotores e motocicletas;6;True;95.2;0.956116;203.22;190.86;5.312479;5.1;;95.2;0.956116;203.22;190.86;5.312479;5.1;;98.4;0.986235;253.01;251.35;4.00575;4.0;;98.4;0.986235;253.01;251.35;4.00575;4.0;;92.0;0.926766;255.42;248.07;5.058167;4.7;;92.0;0.926766;255.42;248.07;5.058167;4.7;;;;;;;;;;;;;;;;;;;;;;;;;;;;;;;;;;;;;;;;;;;
2;Nordeste;21;MA;Maranhão;2110708;São Domingos do Maranhão;479851.63;14099.18;445024.416;13075.88;355916.198;10349.11;50277.293;16252.96;132604.641;130210.893;329345.787;26570.41;Administração, defesa, educação e saúde públicas e seguridade social;Demais serviços;Comércio e reparação de veículos automotores e motocicletas;6;True;98.2;0.982133;197.87;191.63;5.22438;5.1;;98.2;0.982133;197.87;191.63;5.22438;5.1;;99.6;0.996666;251.51;249.09;3.95085;3.9;;99.6;0.996666;251.51;249.09;3.95085;3.9;;93.5;0.93476;229.5;233.6;4.385;4.1;;93.5;0.93476;229.5;233.6;4.385;4.1;;;;;;;;;;;;;;;;;;;;;;;;;;;;;;;;;;;;;;;;;;;
2;Nordeste;21;MA;Maranhão;2110807;São Félix de Balsas;92001.248;20899.87;104127.349;23654.55;86158.133;18977.56;45017.785;3138.991;13130.042;22099.923;83386.741;2771.392;Agricultura, inclusive apoio à agricultura e a pós colheita;Administração, defesa, educação e saúde públicas e seguridade social;Demais serviços;6;True;86.6;0.855931;188.18;183.19;4.886001;4.2;;86.6;0.855931;188.18;183.19;4.886001;4.2;;93.8;0.937293;223.07;237.53;3.378358;3.2;;93.8;0.937293;223.07;237.53;3.378358;3.2;;85.4;0.861743;234.71;242.27;4.616333;4.0;;85.4;0.861743;234.71;242.27;4.616333;4.0;;;;;;;;;;;;;;;;;;;;;;;;;;;;;;;;;;;;;;;;;;;
2;Nordeste;21;MA;Maranhão;2110856;São Francisco do Brejão;138736.696;15328.33;123480.111;13642.7;121252.875;10035.83;37260.433;5645.818;23809.842;49291.886;116007.978;5244.897;Administração, defesa, educação e saúde públicas e seguridade social;Pecuária, inclusive apoio à pecuária;Demais serviços;6;True;94.7;0.94571;195.72;186.52;5.09044;4.8;;94.7;0.94571;195.72;186.52;5.09044;4.8;;95.4;0.95684;253.16;264.89;4.210551;4.0;;95.4;0.95684;253.16;264.89;4.210551;4.0;;89.0;0.888464;229.87;237.74;4.460167;4.0;;89.0;0.888464;229.87;237.74;4.460167;4.0;;;;;;;;;;;;;;;;;;;;;;;;;;;;;;;;;;;;;;;;;;;
2;Nordeste;21;MA;Maranhão;2110906;São Francisco do Maranhão;127388.685;10559.41;108323.123;8979.04;98973.358;8095.32;20306.691;3571.634;19827.738;52251.292;95957.356;3016.002;Administração, defesa, educação e saúde públicas e seguridade social;Demais serviços;Agricultura, inclusive apoio à agricultura e a pós colheita;6;True;99.0;0.989081;208.15;200.4;5.580017;5.5;;99.0;0.989081;208.15;200.4;5.580017;5.5;;90.3;0.900445;250.23;248.9;3.930028;3.5;;90.3;0.900445;250.23;248.9;3.930028;3.5;;95.6;0.956205;253.95;253.15;5.118333;4.9;;95.6;0.956205;253.95;253.15;5.118333;4.9;;;;;;;;;;;;;;;;;;;;;;;;;;;;;;;;;;;;;;;;;;;
2;Nordeste;21;MA;Maranhão;2111003;São João Batista;152916.056;8246.12;145858.202;7865.52;135594.817;6539.1;18438.174;3547.26;32344.108;76282.562;130612.103;4982.714;Administração, defesa, educação e saúde públicas e seguridade social;Demais serviços;Pecuária, inclusive apoio à pecuária;6;True;96.9;0.968778;174.81;172.61;4.438485;4.3;;96.9;0.968778;174.81;172.61;4.438485;4.3;;95.1;0.949181;231.32;236.68;3.481504;3.3;;95.1;0.949181;231.32;236.68;3.481504;3.3;;85.7;0.856514;205.1;211.26;3.606;3.1;;85.7;0.856514;205.1;211.26;3.606;3.1;;;;;;;;;;;;;;;;;;;;;;;;;;;;;;;;;;;;;;;;;;;
2;Nordeste;21;MA;Maranhão;2111029;São João do Carú;143797.487;11737.61;138136.914;11275.56;123005.633;7800.97;22002.564;2756.677;24300.269;69932.006;118991.516;4014.117;Administração, defesa, educação e saúde públicas e seguridade social;Demais serviços;Pecuária, inclusive apoio à pecuária;6;True;98.5;0.98597;195.08;184.0;5.032408;5.0;;98.5;0.98597;195.08;184.0;5.032408;5.0;;94.4;0.945324;239.82;246.22;3.743701;3.5;;94.4;0.945324;239.82;246.22;3.743701;3.5;;91.7;0.918467;230.97;227.76;4.312167;4.0;;91.7;0.918467;230.97;227.76;4.312167;4.0;;;;;;;;;;;;;;;;;;;;;;;;;;;;;;;;;;;;;;;;;;;
2;Nordeste;21;MA;Maranhão;2111052;São João do Paraíso;226524.703;22872.04;171923.256;17358.97;151457.505;13514.54;57101.575;3606.22;35778.999;46746.304;143233.098;8224.406;Pecuária, inclusive apoio à pecuária;Administração, defesa, educação e saúde públicas e seguridade social;Demais serviços;6;True;98.4;0.984151;187.65;175.01;4.72716;4.7;;98.4;0.984151;187.65;175.01;4.72716;4.7;;94.7;0.945192;242.99;232.06;3.576247;3.4;;94.7;0.945192;242.99;232.06;3.576247;3.4;;96.5;0.964438;233.97;235.46;4.4905;4.3;;96.5;0.964438;233.97;235.46;4.4905;4.3;;;;;;;;;;;;;;;;;;;;;;;;;;;;;;;;;;;;;;;;;;;
2;Nordeste;21;MA;Maranhão;2111078;São João do Soter;208558.872;12348.8;217961.653;12905.54;156360.341;8341.0;32775.638;4584.127;27575.201;87468.121;152403.087;3957.255;Administração, defesa, educação e saúde públicas e seguridade social;Agricultura, inclusive apoio à agricultura e a pós colheita;Demais serviços;6;True;98.0;0.980559;176.88;165.67;4.351807;4.3;;98.0;0.980559;176.88;165.67;4.351807;4.3;;84.1;0.847208;246.23;241.59;3.764418;3.2;;84.1;0.847208;246.23;241.59;3.764418;3.2;;92.5;0.925196;226.51;229.22;4.262167;3.9;;92.5;0.925196;226.51;229.22;4.262167;3.9;;;;;;;;;;;;;;;;;;;;;;;;;;;;;;;;;;;;;;;;;;;
2;Nordeste;21;MA;Maranhão;2111102;São João dos Patos;444285.47;17757.21;396337.225;15840.82;340970.01;13082.53;52576.054;22323.977;137173.158;100710.929;312784.118;28185.892;Administração, defesa, educação e saúde públicas e seguridade social;Demais serviços;Comércio e reparação de veículos automotores e motocicletas;7;True;97.4;0.974396;216.18;203.98;5.798353;5.6;;97.4;0.974396;216.18;203.98;5.798353;5.6;;96.3;0.964216;269.11;266.26;4.455077;4.3;;99.1;0.990994;266.37;266.24;4.416295;4.4;;92.2;0.922734;253.93;255.42;5.155833;4.8;;92.2;0.922734;253.93;255.42;5.155833;4.8;;;;;;;;;;;;;;;;88.7;0.893678;277.86;266.3;4.578569;4.1;;;;;;;;;;;;;;;;;;;;;;
2;Nordeste;21;MA;Maranhão;2111201;São José de Ribamar;3135578.678;12820.31;2872682.91;11745.42;2293735.382;12718.6;25860.565;226020.353;1151100.449;630495.125;2033476.492;260258.891;Demais serviços;Administração, defesa, educação e saúde públicas e seguridade social;Comércio e reparação de veículos automotores e motocicletas;7;True;98.8;0.988728;209.6;206.46;5.717871;5.7;;98.8;0.988728;209.6;206.46;5.717871;5.7;;94.7;0.948834;252.83;260.07;4.133761;3.9;;94.1;0.943116;250.26;255.73;4.032695;3.8;;97.2;0.971901;239.78;245.83;4.760167;4.6;;97.1;0.971427;239.78;245.83;4.760167;4.6;;;;;;;;;;;;;;;;99.5;0.995289;270.69;290.3;4.837148;4.8;;;;;;;;;;;;;;;;;;;;;;
2;Nordeste;21;MA;Maranhão;2111250;São José dos Basílios;75929.62;10914.13;69266.6;9956.39;61939.891;8108.38;11361.017;2206.217;15346.443;30012.08;58925.756;3014.136;Administração, defesa, educação e saúde públicas e seguridade social;Demais serviços;Pecuária, inclusive apoio à pecuária;6;True;92.8;0.932901;209.33;203.79;5.664173;5.3;;92.8;0.932901;209.33;203.79;5.664173;5.3;;91.6;0.922098;248.18;244.36;3.833272;3.5;;91.6;0.922098;248.18;244.36;3.833272;3.5;;84.6;0.850784;233.13;226.59;4.328667;3.7;;84.6;0.850784;233.13;226.59;4.328667;3.7;;;;;;;;;;;;;;;;;;;;;;;;;;;;;;;;;;;;;;;;;;;
2;Nordeste;21;MA;Maranhão;2111300;São Luís;42389051.1;40846.09;39578221.934;38137.58;36533730.096;32738.31;25577.566;7326896.666;17693692.263;3978760.604;29024927.099;7508802.998;Demais serviços;Comércio e reparação de veículos automotores e motocicletas;Administração, defesa, educação e saúde públicas e seguridade social;11;True;97.9;0.980249;206.34;201.41;5.563839;5.5;;97.9;0.980045;206.56;201.76;5.574401;5.5;;94.7;0.960644;258.61;269.59;4.357456;4.2;;95.3;0.954176;257.37;268.49;4.323573;4.1;;93.8;0.938926;232.91;244.07;4.616333;4.3;;94.7;0.947063;237.52;248.49;4.766833;4.5;;96.0;0.95854;306.57;307.9;6.907833;6.6;;98.5;0.985;255.17;254.11;7.453891;7.3;;85.4;0.888391;279.71;288.3;4.933894;4.4;;97.3;0.974479;243.16;254.04;4.953333;4.8;;;;;;;;;94.8;0.953506;183.16;185.65;4.834927;4.6;
2;Nordeste;21;MA;Maranhão;2111409;São Luís Gonzaga do Maranhão;198314.829;11130.03;187079.208;10499.45;170048.089;9142.37;44452.956;4629.346;34030.707;80743.794;163856.803;6191.286;Administração, defesa, educação e saúde públicas e seguridade social;Pecuária, inclusive apoio à pecuária;Demais serviços;6;True;95.0;0.956034;195.15;182.42;5.005017;4.8;;95.0;0.956034;195.15;182.42;5.005017;4.8;;92.5;0.928096;245.94;243.96;3.795824;3.5;;92.5;0.928096;245.94;243.96;3.795824;3.5;;86.7;0.86661;226.9;229.95;4.280833;3.7;;86.7;0.86661;226.9;229.95;4.280833;3.7;;;;;;;;;;;;;;;;;;;;;;;;;;;;;;;;;;;;;;;;;;;
2;Nordeste;21;MA;Maranhão;2111508;São Mateus do Maranhão;586547.764;15105.92;464927.054;11973.71;429231.93;10281.0;91478.2;16992.865;141037.172;152027.302;401535.539;27696.391;Administração, defesa, educação e saúde públicas e seguridade social;Demais serviços;Agricultura, inclusive apoio à agricultura e a pós colheita;6;True;99.0;0.989953;189.28;182.29;4.89063;4.8;;99.0;0.989953;189.28;182.29;4.89063;4.8;;91.9;0.922241;239.46;236.99;3.600471;3.3;;91.9;0.922241;239.46;236.99;3.600471;3.3;;91.7;0.916904;227.69;231.44;4.318833;4.0;;91.7;0.916904;227.69;231.44;4.318833;4.0;;;;;;;;;;;;;;;;;;;;;;;;;;;;;;;;;;;;;;;;;;;
2;Nordeste;21;MA;Maranhão;2111532;São Pedro da Água Branca;149358.525;10416.97;142979.195;10635.17;127602.958;9985.36;21583.557;4946.488;31283.673;61251.617;119065.335;8537.623;Administração, defesa, educação e saúde públicas e seguridade social;Demais serviços;Pecuária, inclusive apoio à pecuária;6;True;95.1;0.950812;189.78;188.67;5.016172;4.8;;95.1;0.950812;189.78;188.67;5.016172;4.8;;98.6;0.986949;237.52;238.57;3.596876;3.5;;98.6;0.986949;237.52;238.57;3.596876;3.5;;91.5;0.914673;231.09;234.27;4.422667;4.0;;91.5;0.914673;231.09;234.27;4.422667;4.0;;;;;;;;;;;;;;;;;;;;;;;;;;;;;;;;;;;;;;;;;;;
2;Nordeste;21;MA;Maranhão;2111573;São Pedro dos Crentes;103928.129;17971.32;101116.152;17485.07;83540.517;17774.58;36719.849;1990.614;17914.259;22770.873;79395.596;4144.921;Pecuária, inclusive apoio à pecuária;Administração, defesa, educação e saúde públicas e seguridade social;Demais serviços;6;True;99.8;0.997577;188.16;181.97;4.863438;4.9;;99.8;0.997577;188.16;181.97;4.863438;4.9;;100.0;1.0;249.24;258.02;4.052651;4.1;;100.0;1.0;249.24;258.02;4.052651;4.1;;98.1;0.981602;237.49;235.62;4.551833;4.5;;98.1;0.981602;237.49;235.62;4.551833;4.5;;;;;;;;;;;;;;;;;;;;;;;;;;;;;;;;;;;;;;;;;;;
2;Nordeste;21;MA;Maranhão;2111607;São Raimundo das Mangabeiras;1090033.402;58377.97;863569.831;46249.46;739620.648;38743.88;416216.491;26705.739;154099.308;84886.964;681908.501;57712.147;Agricultura, inclusive apoio à agricultura e a pós colheita;Demais serviços;Administração, defesa, educação e saúde públicas e seguridade social;6;True;97.6;0.975253;202.5;193.9;5.354011;5.2;;97.6;0.975253;202.5;193.9;5.354011;5.2;;89.6;0.898679;263.39;266.45;4.377584;3.9;;95.5;0.951807;256.95;256.45;4.137434;3.9;;89.1;0.891338;247.27;245.25;4.875333;4.3;;89.1;0.891338;247.27;245.25;4.875333;4.3;;;;;;;;;;;;;;;;;;;;;;;;;;;;;;;;;;;;;;;;;;;
2;Nordeste;21;MA;Maranhão;2111631;São Raimundo do Doca Bezerra;62615.799;11082.44;53237.635;9422.59;43954.657;8741.98;5986.464;1324.743;9728.938;25313.957;42354.102;1600.555;Administração, defesa, educação e saúde públicas e seguridade social;Demais serviços;Pecuária, inclusive apoio à pecuária;6;True;94.0;0.939391;179.37;170.02;4.478417;4.2;;94.0;0.939391;179.37;170.02;4.478417;4.2;;85.7;0.856713;255.79;249.84;4.02219;3.4;;85.7;0.856713;255.79;249.84;4.02219;3.4;;82.5;0.829378;246.7;245.56;4.871;4.0;;82.5;0.829378;246.7;245.56;4.871;4.0;;;;;;;;;;;;;;;;;;;;;;;;;;;;;;;;;;;;;;;;;;;
2;Nordeste;21;MA;Maranhão;2111672;São Roberto;58526.475;12879.95;49972.139;10997.39;45765.6;6675.26;5888.101;1174.544;8582.665;28933.443;44578.754;1186.846;Administração, defesa, educação e saúde públicas e seguridade social;Demais serviços;Pecuária, inclusive apoio à pecuária;4;True;91.3;0.915941;192.93;180.43;4.926468;4.5;;91.3;0.915941;192.93;180.43;4.926468;4.5;;;;;;;;;;;;;;;;81.2;0.820619;220.5;228.59;4.1515;3.4;;81.2;0.820619;220.5;228.59;4.1515;3.4;;;;;;;;;;;;;;;;;;;;;;;;;;;;;;;;;;;;;;;;;;;
2;Nordeste;21;MA;Maranhão;2111706;São Vicente Ferrer;183735.027;9423.28;163913.069;8406.66;145751.943;6491.71;21869.077;4668.323;33499.412;79076.061;139112.873;6639.071;Administração, defesa, educação e saúde públicas e seguridade social;Demais serviços;Agricultura, inclusive apoio à agricultura e a pós colheita;6;True;98.3;0.983074;179.81;170.11;4.48845;4.4;;98.3;0.983074;179.81;170.11;4.48845;4.4;;94.3;0.943264;241.82;246.8;3.780473;3.6;;94.3;0.943264;241.82;246.8;3.780473;3.6;;92.3;0.922473;222.63;224.41;4.117333;3.8;;92.3;0.922473;222.63;224.41;4.117333;3.8;;;;;;;;;;;;;;;;;;;;;;;;;;;;;;;;;;;;;;;;;;;
2;Nordeste;21;MA;Maranhão;2111722;Satubinha;107921.231;12286.11;100254.068;11413.26;93075.672;6520.64;14337.914;2256.72;16549.304;57100.177;90244.115;2831.557;Administração, defesa, educação e saúde públicas e seguridade social;Demais serviços;Pecuária, inclusive apoio à pecuária;6;True;97.6;0.977319;197.2;195.49;5.281775;5.2;;97.6;0.977319;197.2;195.49;5.281775;5.2;;82.4;0.824493;246.38;247.25;3.851255;3.2;;82.4;0.824493;246.38;247.25;3.851255;3.2;;95.2;0.950091;257.17;252.0;5.152833;4.9;;95.2;0.950091;257.17;252.0;5.152833;4.9;;;;;;;;;;;;;;;;;;;;;;;;;;;;;;;;;;;;;;;;;;;
2;Nordeste;21;MA;Maranhão;2111748;Senador Alexandre Costa;145324.252;14237.7;179371.725;17573.4;101830.005;9023.48;18956.546;2765.281;26585.987;47284.443;95592.256;6237.749;Administração, defesa, educação e saúde públicas e seguridade social;Demais serviços;Agricultura, inclusive apoio à agricultura e a pós colheita;6;True;99.1;0.990778;191.43;180.13;4.892388;4.8;;99.1;0.990778;191.43;180.13;4.892388;4.8;;93.3;0.922692;242.38;250.78;3.847919;3.6;;93.3;0.922692;242.38;250.78;3.847919;3.6;;93.3;0.933129;217.45;234.56;4.200167;3.9;;93.3;0.933129;217.45;234.56;4.200167;3.9;;;;;;;;;;;;;;;;;;;;;;;;;;;;;;;;;;;;;;;;;;;
2;Nordeste;21;MA;Maranhão;2111763;Senador La Rocque;225141.131;15315.72;197143.699;13411.14;187129.583;13384.56;48776.166;7333.942;49209.117;72601.673;177920.897;9208.686;Administração, defesa, educação e saúde públicas e seguridade social;Pecuária, inclusive apoio à pecuária;Demais serviços;6;True;93.9;0.93872;183.93;187.37;4.880895;4.6;;93.9;0.93872;183.93;187.37;4.880895;4.6;;93.4;0.939937;247.49;245.35;3.838402;3.6;;93.4;0.939937;247.49;245.35;3.838402;3.6;;83.0;0.829404;227.11;233.82;4.348833;3.6;;83.0;0.829404;227.11;233.82;4.348833;3.6;;;;;;;;;;;;;;;;;;;;;;;;;;;;;;;;;;;;;;;;;;;
2;Nordeste;21;MA;Maranhão;2111789;Serrano do Maranhão;118312.412;11596.98;101872.499;9985.54;72441.209;7003.89;7780.197;1879.099;13379.199;47383.88;70422.374;2018.835;Administração, defesa, educação e saúde públicas e seguridade social;Demais serviços;Agricultura, inclusive apoio à agricultura e a pós colheita;6;True;99.4;0.992695;230.36;199.67;5.9906;5.9;;99.4;0.992695;230.36;199.67;5.9906;5.9;;83.6;0.835377;229.42;228.73;3.335807;2.8;;83.6;0.835377;229.42;228.73;3.335807;2.8;;95.0;0.950984;229.71;231.85;4.359333;4.1;;95.0;0.950984;229.71;231.85;4.359333;4.1;;;;;;;;;;;;;;;;;;;;;;;;;;;;;;;;;;;;;;;;;;;
2;Nordeste;21;MA;Maranhão;2111805;Sítio Novo;292191.152;17113.22;249392.429;14606.56;221498.812;12145.57;77186.24;5065.11;46364.263;82996.343;211611.955;9886.857;Administração, defesa, educação e saúde públicas e seguridade social;Pecuária, inclusive apoio à pecuária;Demais serviços;6;True;98.2;0.98038;177.09;169.04;4.417087;4.3;;97.6;0.974642;177.09;169.04;4.417087;4.3;;91.0;0.917126;257.22;255.29;4.123861;3.8;;90.7;0.915915;257.22;255.29;4.123861;3.8;;92.3;0.92263;231.62;226.72;4.305667;4.0;;92.3;0.92263;231.62;226.72;4.305667;4.0;;;;;;;;;;;;;;;;;;;;;;;;;;;;;;;;;;;;;;;;;;;
2;Nordeste;21;MA;Maranhão;2111904;Sucupira do Norte;193909.361;18940.16;154316.24;15072.89;126216.824;11872.53;46666.459;4014.067;26469.175;44271.558;121421.258;4795.566;Administração, defesa, educação e saúde públicas e seguridade social;Agricultura, inclusive apoio à agricultura e a pós colheita;Demais serviços;6;True;99.1;0.991547;196.89;183.01;5.04895;5.0;;99.1;0.991547;196.89;183.01;5.04895;5.0;;94.7;0.948074;250.35;249.98;3.947881;3.7;;94.7;0.948074;250.35;249.98;3.947881;3.7;;91.7;0.919864;254.9;254.88;5.163;4.7;;91.7;0.919864;254.9;254.88;5.163;4.7;;;;;;;;;;;;;;;;;;;;;;;;;;;;;;;;;;;;;;;;;;;
2;Nordeste;21;MA;Maranhão;2111953;Sucupira do Riachão;63214.375;12680.92;59316.468;11898.99;47999.264;8432.76;10130.893;1985.976;10086.243;23827.73;46030.842;1968.423;Administração, defesa, educação e saúde públicas e seguridade social;Demais serviços;Agricultura, inclusive apoio à agricultura e a pós colheita;6;True;98.6;0.986267;210.51;196.23;5.549237;5.5;;98.6;0.986267;210.51;196.23;5.549237;5.5;;95.1;0.957498;248.8;250.27;3.930453;3.8;;95.1;0.957498;248.8;250.27;3.930453;3.8;;95.9;0.960321;240.57;234.39;4.582667;4.4;;95.9;0.960321;240.57;234.39;4.582667;4.4;;;;;;;;;;;;;;;;;;;;;;;;;;;;;;;;;;;;;;;;;;;
2;Nordeste;21;MA;Maranhão;2112001;Tasso Fragoso;2616708.223;295272.88;3322534.121;374919.22;2351422.335;272092.38;1863065.762;67992.454;314485.988;51298.611;2296842.815;54579.52;Agricultura, inclusive apoio à agricultura e a pós colheita;Demais serviços;Comércio e reparação de veículos automotores e motocicletas;6;True;93.9;0.942268;198.61;195.29;5.305047;5.0;;93.9;0.942268;198.61;195.29;5.305047;5.0;;97.1;0.973314;262.49;266.17;4.360752;4.2;;97.1;0.973314;262.49;266.17;4.360752;4.2;;91.7;0.91762;250.34;250.06;5.006667;4.6;;91.7;0.91762;250.34;250.06;5.006667;4.6;;;;;;;;;;;;;;;;;;;;;;;;;;;;;;;;;;;;;;;;;;;
2;Nordeste;21;MA;Maranhão;2112100;Timbiras;248535.937;9384.38;214654.888;8105.08;196337.342;6714.45;12638.355;7812.182;51992.823;114396.098;186839.459;9497.884;Administração, defesa, educação e saúde públicas e seguridade social;Demais serviços;Comércio e reparação de veículos automotores e motocicletas;6;True;95.9;0.961526;197.0;186.01;5.105595;4.9;;95.9;0.961526;197.0;186.01;5.105595;4.9;;96.1;0.962787;249.39;246.43;3.881255;3.7;;96.1;0.962787;249.39;246.43;3.881255;3.7;;90.8;0.908616;222.16;229.9;4.201;3.8;;90.8;0.908616;222.16;229.9;4.201;3.8;;;;;;;;;;;;;;;;;;;;;;;;;;;;;;;;;;;;;;;;;;;
2;Nordeste;21;MA;Maranhão;2112209;Timon;2840126.286;16279.06;2619876.119;15016.63;2320670.569;13546.06;26447.729;284087.408;1054876.376;659925.748;2025337.261;295333.308;Administração, defesa, educação e saúde públicas e seguridade social;Demais serviços;Comércio e reparação de veículos automotores e motocicletas;6;True;99.9;0.998799;246.11;229.78;6.838627;6.8;;99.9;0.998799;246.11;229.78;6.838627;6.8;;89.7;0.899525;259.96;261.59;4.256656;3.8;;89.5;0.897651;258.73;259.8;4.212584;3.8;;99.7;0.996749;278.0;276.03;5.9005;5.9;;99.7;0.996749;278.0;276.03;5.9005;5.9;;;;;;;;;;;;;;;;;;;;;;;;;;;;;;;;;;;;;;;;;;;
2;Nordeste;21;MA;Maranhão;2112233;Trizidela do Vale;436529.351;19415.11;493378.329;21943.53;525500.058;23646.67;14646.066;273241.389;116560.788;104049.717;508497.959;17002.099;Indústrias extrativas;Administração, defesa, educação e saúde públicas e seguridade social;Demais serviços;6;True;98.9;0.990089;215.78;208.11;5.86581;5.8;;98.9;0.990089;215.78;208.11;5.86581;5.8;;98.9;0.989325;246.65;253.44;3.947712;3.9;;98.9;0.989325;246.65;253.44;3.947712;3.9;;97.8;0.977172;247.26;253.91;5.0195;4.9;;97.8;0.977172;247.26;253.91;5.0195;4.9;;;;;;;;;;;;;;;;;;;;;;;;;;;;;;;;;;;;;;;;;;;
2;Nordeste;21;MA;Maranhão;2112274;Tufilândia;75760.47;13757.12;64355.716;11686.17;60049.231;10233.34;9383.766;1584.243;10969.084;36553.075;58490.167;1559.063;Administração, defesa, educação e saúde públicas e seguridade social;Demais serviços;Pecuária, inclusive apoio à pecuária;6;True;97.9;0.979377;182.1;176.69;4.651789;4.6;;97.9;0.979377;182.1;176.69;4.651789;4.6;;90.5;0.902025;224.03;236.07;3.369985;3.0;;90.5;0.902025;224.03;236.07;3.369985;3.0;;97.4;0.974477;225.75;232.19;4.299;4.2;;97.4;0.974477;225.75;232.19;4.299;4.2;;;;;;;;;;;;;;;;;;;;;;;;;;;;;;;;;;;;;;;;;;;
2;Nordeste;21;MA;Maranhão;2112308;Tuntum;410127.182;11313.54;379878.713;10479.12;365192.092;8645.24;77064.536;13313.5;95759.584;160480.355;346617.974;18574.118;Administração, defesa, educação e saúde públicas e seguridade social;Demais serviços;Pecuária, inclusive apoio à pecuária;6;True;98.9;0.989471;193.2;182.16;4.963076;4.9;;98.9;0.989471;193.2;182.16;4.963076;4.9;;89.6;0.899599;247.22;247.7;3.869789;3.5;;89.6;0.899599;247.22;247.7;3.869789;3.5;;94.7;0.946925;234.39;243.43;4.630333;4.4;;94.7;0.946925;234.39;243.43;4.630333;4.4;;;;;;;;;;;;;;;;;;;;;;;;;;;;;;;;;;;;;;;;;;;
2;Nordeste;21;MA;Maranhão;2112407;Turiaçu;414975.211;11068.66;331393.591;8839.28;295916.006;8263.27;94771.869;7602.047;53329.717;131326.753;287030.385;8885.62;Administração, defesa, educação e saúde públicas e seguridade social;Agricultura, inclusive apoio à agricultura e a pós colheita;Demais serviços;6;True;99.1;0.991734;180.02;170.79;4.504822;4.5;;99.1;0.991734;180.02;170.79;4.504822;4.5;;97.6;0.970171;239.21;239.12;3.628846;3.5;;95.6;0.955933;239.21;239.12;3.628846;3.5;;98.1;0.981745;230.65;236.41;4.451;4.4;;98.1;0.981745;230.65;236.41;4.451;4.4;;;;;;;;;;;;;;;;;;;;;;;;;;;;;;;;;;;;;;;;;;;
2;Nordeste;21;MA;Maranhão;2112456;Turilândia;280000.368;8850.13;262626.13;8300.97;223066.68;8542.69;67424.911;5469.072;37828.698;106698.079;217420.76;5645.92;Administração, defesa, educação e saúde públicas e seguridade social;Agricultura, inclusive apoio à agricultura e a pós colheita;Demais serviços;6;True;98.4;0.984785;182.39;174.61;4.619505;4.5;;98.4;0.984785;182.39;174.61;4.619505;4.5;;75.2;0.762586;247.14;249.74;3.899204;3.0;;75.2;0.762586;247.14;249.74;3.899204;3.0;;93.5;0.933241;227.29;230.0;4.288167;4.0;;93.5;0.933241;227.29;230.0;4.288167;4.0;;;;;;;;;;;;;;;;;;;;;;;;;;;;;;;;;;;;;;;;;;;
2;Nordeste;21;MA;Maranhão;2112506;Tutóia;642713.08;12045.75;611978.059;11469.71;546155.379;9113.68;33873.516;29107.16;192784.005;250113.324;505878.006;40277.373;Administração, defesa, educação e saúde públicas e seguridade social;Demais serviços;Comércio e reparação de veículos automotores e motocicletas;6;True;94.9;0.950556;208.8;209.97;5.766422;5.5;;94.9;0.950556;208.8;209.97;5.766422;5.5;;85.7;0.860252;240.83;245.16;3.742018;3.2;;85.7;0.860252;240.83;245.16;3.742018;3.2;;84.6;0.845559;236.23;246.68;4.715167;4.0;;84.6;0.845559;236.23;246.68;4.715167;4.0;;;;;;;;;;;;;;;;;;;;;;;;;;;;;;;;;;;;;;;;;;;
2;Nordeste;21;MA;Maranhão;2112605;Urbano Santos;315150.594;9604.74;303701.369;9255.8;247484.972;7323.99;12060.977;8504.496;78477.299;132636.732;231679.504;15805.468;Administração, defesa, educação e saúde públicas e seguridade social;Demais serviços;Comércio e reparação de veículos automotores e motocicletas;6;True;99.2;0.992772;177.22;171.28;4.460296;4.4;;99.2;0.992772;177.22;171.28;4.460296;4.4;;92.0;0.920333;233.99;232.35;3.454184;3.2;;92.0;0.920333;233.99;232.35;3.454184;3.2;;97.7;0.976965;213.76;220.77;3.908833;3.8;;97.7;0.976965;213.76;220.77;3.908833;3.8;;;;;;;;;;;;;;;;;;;;;;;;;;;;;;;;;;;;;;;;;;;
2;Nordeste;21;MA;Maranhão;2112704;Vargem Grande;467351.106;10803.06;448144.709;10359.09;433472.798;7497.84;21239.861;16633.43;131851.122;235546.341;405270.754;28202.044;Administração, defesa, educação e saúde públicas e seguridade social;Demais serviços;Comércio e reparação de veículos automotores e motocicletas;7;True;100.0;1.0;264.91;236.03;7.311042;7.3;;100.0;1.0;264.91;236.03;7.311042;7.3;;87.0;0.86759;243.23;241.39;3.719289;3.2;;86.5;0.862579;242.17;239.84;3.681197;3.2;;100.0;0.99975;282.73;263.3;5.767167;5.8;;100.0;0.99975;282.73;263.3;5.767167;5.8;;;;;;;;;;;;;;;;;;;;;;;;;;;;;;100.0;1.0;285.71;304.0;5.253193;5.3;;;;;;;;
2;Nordeste;21;MA;Maranhão;2112803;Viana;608731.449;11833.36;570707.693;11094.2;501709.759;9492.73;79948.406;15815.57;176380.634;193254.968;465399.578;36310.181;Administração, defesa, educação e saúde públicas e seguridade social;Demais serviços;Comércio e reparação de veículos automotores e motocicletas;7;True;98.1;0.980358;193.5;190.92;5.128074;5.0;;98.1;0.980358;193.5;190.92;5.128074;5.0;;90.5;0.90665;247.79;252.37;3.947705;3.6;;90.7;0.908448;245.8;250.67;3.894306;3.5;;93.1;0.930254;232.85;239.32;4.536167;4.2;;93.1;0.930254;232.85;239.32;4.536167;4.2;;;;;;;;;;;;;;;;88.3;0.885267;274.44;275.07;4.661823;4.1;;;;;;;;;;;;;;;;;;;;;;
2;Nordeste;21;MA;Maranhão;2112852;Vila Nova dos Martírios;191495.299;18480.53;179480.531;17321.03;156914.053;11370.58;60514.387;4685.148;29054.068;56350.995;150604.597;6309.456;Administração, defesa, educação e saúde públicas e seguridade social;Pecuária, inclusive apoio à pecuária;Demais serviços;6;True;97.7;0.976268;188.28;176.27;4.762092;4.6;;97.7;0.976268;188.28;176.27;4.762092;4.6;;99.7;0.997656;240.08;259.01;3.93882;3.9;;99.7;0.997656;240.08;259.01;3.93882;3.9;;90.6;0.90589;222.63;237.57;4.336667;3.9;;90.6;0.90589;222.63;237.57;4.336667;3.9;;;;;;;;;;;;;;;;;;;;;;;;;;;;;;;;;;;;;;;;;;;
2;Nordeste;21;MA;Maranhão;2112902;Vitória do Mearim;410266.629;13318.18;366775.142;11906.35;318162.926;9654.17;42125.548;12979.403;104515.347;136608.663;296228.961;21933.965;Administração, defesa, educação e saúde públicas e seguridade social;Demais serviços;Comércio e reparação de veículos automotores e motocicletas;6;True;98.8;0.988919;199.35;188.16;5.189533;5.1;;98.8;0.988919;199.35;188.16;5.189533;5.1;;95.7;0.958965;245.48;252.14;3.911818;3.8;;95.7;0.958965;245.48;252.14;3.911818;3.8;;97.3;0.973216;236.07;242.95;4.650333;4.5;;97.3;0.973216;236.07;242.95;4.650333;4.5;;;;;;;;;;;;;;;;;;;;;;;;;;;;;;;;;;;;;;;;;;;
2;Nordeste;21;MA;Maranhão;2113009;Vitorino Freire;411453.447;13339.39;368451.744;11945.27;325509.408;10327.08;53985.271;9409.682;109801.316;130012.996;303209.265;22300.143;Administração, defesa, educação e saúde públicas e seguridade social;Demais serviços;Pecuária, inclusive apoio à pecuária;6;True;97.6;0.975857;198.79;193.19;5.2703;5.1;;97.6;0.975857;198.79;193.19;5.2703;5.1;;80.8;0.812107;254.53;252.72;4.047607;3.3;;80.8;0.812107;254.53;252.72;4.047607;3.3;;91.9;0.918932;234.7;247.08;4.696333;4.3;;91.9;0.918932;234.7;247.08;4.696333;4.3;;;;;;;;;;;;;;;;;;;;;;;;;;;;;;;;;;;;;;;;;;;
2;Nordeste;21;MA;Maranhão;2114007;Zé Doca;685857.504;16809.82;641091.929;15712.65;567070.435;10865.5;66241.989;24072.906;211272.889;216053.93;517641.714;49428.721;Administração, defesa, educação e saúde públicas e seguridade social;Demais serviços;Comércio e reparação de veículos automotores e motocicletas;6;True;96.9;0.969139;232.18;215.93;6.320969;6.1;;97.0;0.969139;232.18;215.93;6.320969;6.1;;91.0;0.91052;247.67;247.16;3.868025;3.5;;91.2;0.912614;246.9;246.66;3.849726;3.5;;89.2;0.892558;239.07;238.12;4.619833;4.1;;89.2;0.892558;239.07;238.12;4.619833;4.1;;;;;;;;;;;;;;;;;;;;;;;;;;;;;;;;;;;;;;;;;;;
