region_code;region_name;state_code;state_abbr;state_name;city_code;city_name;gdp_2023_current_prices_thousand_reais;gdp_per_capita_2023_current_reais;gdp_2022_current_prices_thousand_reais;gdp_per_capita_2022_current_reais;gdp_2021_current_prices_thousand_reais;gdp_per_capita_2021_current_reais;gross_value_added_agriculture_2021_current_prices_thousand_reais;gross_value_added_industry_2021_current_prices_thousand_reais;gross_value_added_services_2021_current_prices_thousand_reais;gross_value_added_public_administration_2021_current_prices_thousand_reais;gross_value_added_total_2021_current_prices_thousand_reais;taxes_less_subsidies_2021_current_prices_thousand_reais;main_economic_activity_2021;second_main_economic_activity_2021;third_main_economic_activity_2021;total_school_records;has_any_school_record;approval_rate_estadual_medio_todos_1_4;performance_indicator_estadual_medio_todos_1_4;saeb_math_score_estadual_medio_todos_1_4;saeb_portuguese_score_estadual_medio_todos_1_4;saeb_standardized_average_score_estadual_medio_todos_1_4;ideb_estadual_medio_todos_1_4;ideb_projection_estadual_medio_todos_1_4;approval_rate_publica_medio_todos_1_4;performance_indicator_publica_medio_todos_1_4;saeb_math_score_publica_medio_todos_1_4;saeb_portuguese_score_publica_medio_todos_1_4;saeb_standardized_average_score_publica_medio_todos_1_4;ideb_publica_medio_todos_1_4;ideb_projection_publica_medio_todos_1_4;approval_rate_estadual_fundamental_finais_6_9;performance_indicator_estadual_fundamental_finais_6_9;saeb_math_score_estadual_fundamental_finais_6_9;saeb_portuguese_score_estadual_fundamental_finais_6_9;saeb_standardized_average_score_estadual_fundamental_finais_6_9;ideb_estadual_fundamental_finais_6_9;ideb_projection_estadual_fundamental_finais_6_9;approval_rate_publica_fundamental_finais_6_9;performance_indicator_publica_fundamental_finais_6_9;saeb_math_score_publica_fundamental_finais_6_9;saeb_portuguese_score_publica_fundamental_finais_6_9;saeb_standardized_average_score_publica_fundamental_finais_6_9;ideb_publica_fundamental_finais_6_9;ideb_projection_publica_fundamental_finais_6_9;approval_rate_municipal_fundamental_iniciais_1_5;performance_indicator_municipal_fundamental_iniciais_1_5;saeb_math_score_municipal_fundamental_iniciais_1_5;saeb_portuguese_score_municipal_fundamental_iniciais_1_5;saeb_standardized_average_score_municipal_fundamental_iniciais_1_5;ideb_municipal_fundamental_iniciais_1_5;ideb_projection_municipal_fundamental_iniciais_1_5;approval_rate_publica_fundamental_iniciais_1_5;performance_indicator_publica_fundamental_iniciais_1_5;saeb_math_score_publica_fundamental_iniciais_1_5;saeb_portuguese_score_publica_fundamental_iniciais_1_5;saeb_standardized_average_score_publica_fundamental_iniciais_1_5;ideb_publica_fundamental_iniciais_1_5;ideb_projection_publica_fundamental_iniciais_1_5;approval_rate_municipal_fundamental_finais_6_9;performance_indicator_municipal_fundamental_finais_6_9;saeb_math_score_municipal_fundamental_finais_6_9;saeb_portuguese_score_municipal_fundamental_finais_6_9;saeb_standardized_average_score_municipal_fundamental_finais_6_9;ideb_municipal_fundamental_finais_6_9;ideb_projection_municipal_fundamental_finais_6_9;approval_rate_estadual_fundamental_iniciais_1_5;performance_indicator_estadual_fundamental_iniciais_1_5;saeb_math_score_estadual_fundamental_iniciais_1_5;saeb_portuguese_score_estadual_fundamental_iniciais_1_5;saeb_standardized_average_score_estadual_fundamental_iniciais_1_5;ideb_estadual_fundamental_iniciais_1_5;ideb_projection_estadual_fundamental_iniciais_1_5;approval_rate_federal_medio_todos_1_4;performance_indicator_federal_medio_todos_1_4;saeb_math_score_federal_medio_todos_1_4;saeb_portuguese_score_federal_medio_todos_1_4;saeb_standardized_average_score_federal_medio_todos_1_4;ideb_federal_medio_todos_1_4;ideb_projection_federal_medio_todos_1_4;approval_rate_federal_fundamental_finais_6_9;performance_indicator_federal_fundamental_finais_6_9;saeb_math_score_federal_fundamental_finais_6_9;saeb_portuguese_score_federal_fundamental_finais_6_9;saeb_standardized_average_score_federal_fundamental_finais_6_9;ideb_federal_fundamental_finais_6_9;ideb_projection_federal_fundamental_finais_6_9;approval_rate_federal_fundamental_iniciais_1_5;performance_indicator_federal_fundamental_iniciais_1_5;saeb_math_score_federal_fundamental_iniciais_1_5;saeb_portuguese_score_federal_fundamental_iniciais_1_5;saeb_standardized_average_score_federal_fundamental_iniciais_1_5;ideb_federal_fundamental_iniciais_1_5;ideb_projection_federal_fundamental_iniciais_1_5;approval_rate_municipal_medio_todos_1_4;performance_indicator_municipal_medio_todos_1_4;saeb_math_score_municipal_medio_todos_1_4;saeb_portuguese_score_municipal_medio_todos_1_4;saeb_standardized_average_score_municipal_medio_todos_1_4;ideb_municipal_medio_todos_1_4;ideb_projection_municipal_medio_todos_1_4
3;Sudeste;31;MG;Minas Gerais;3100104;Abadia dos Dourados;190396.516;30356.59;179485.464;28616.94;176730.073;25168.05;75110.576;10609.966;43375.457;38585.978;167681.977;9048.095;Pecuária, inclusive apoio à pecuária;Administração, defesa, educação e saúde públicas e seguridade social;Demais serviços;6;True;93.5;0.937587;266.13;286.53;4.716666;4.4;;93.5;0.937587;266.13;286.53;4.716666;4.4;;94.1;0.937612;257.77;264.06;5.363833;5.0;;94.1;0.937612;257.77;264.06;5.363833;5.0;;100.0;1.0;227.42;215.17;6.216311;6.2;;100.0;1.0;227.42;215.17;6.216311;6.2;;;;;;;;;;;;;;;;;;;;;;;;;;;;;;;;;;;;;;;;;;;
3;Sudeste;31;MG;Minas Gerais;3100203;Abaeté;641970.992;28311.84;569165.637;25101.02;541135.868;23261.65;127033.876;40594.899;220366.054;108966.05;496960.879;44174.989;Demais serviços;Administração, defesa, educação e saúde públicas e seguridade social;Pecuária, inclusive apoio à pecuária;8;True;77.9;0.785322;286.41;289.86;5.051348;4.0;;77.9;0.785322;286.41;289.86;5.051348;4.0;;87.0;0.869275;278.98;279.78;5.979333;5.2;;83.9;0.840055;273.28;274.73;5.800167;4.9;;99.4;0.993389;218.92;205.1;5.871006;5.8;;99.2;0.992765;235.63;217.38;6.413172;6.4;;77.8;0.783563;257.55;260.78;5.3055;4.2;;99.1;0.991882;254.46;231.23;7.024341;7.0;;;;;;;;;;;;;;;;;;;;;;;;;;;;;
3;Sudeste;31;MG;Minas Gerais;3100302;Abre Campo;331512.387;23803.57;301984.737;21683.4;262668.33;19552.5;66751.611;14006.53;100226.086;61422.445;242406.671;20261.658;Demais serviços;Administração, defesa, educação e saúde públicas e seguridade social;Agricultura, inclusive apoio à agricultura e a pós colheita;6;True;90.0;0.906788;278.99;272.71;4.690398;4.3;;90.0;0.906788;278.99;272.71;4.690398;4.3;;94.6;0.945952;250.89;247.29;4.969667;4.7;;93.1;0.930881;250.89;247.29;4.969667;4.6;;;;;;;;;98.9;0.98897;236.54;224.02;6.551266;6.5;;;;;;;;;99.6;0.99638;236.54;224.02;6.551266;6.5;;;;;;;;;;;;;;;;;;;;;;;;;;;;;
3;Sudeste;31;MG;Minas Gerais;3100401;Acaiaca;85065.9;21761.55;75588.102;19336.94;64892.356;16243.39;3563.593;12306.954;22200.75;23345.463;61416.761;3475.596;Administração, defesa, educação e saúde públicas e seguridade social;Demais serviços;Indústrias extrativas;6;True;89.4;0.897228;266.74;266.99;4.432719;4.0;;89.4;0.897228;266.74;266.99;4.432719;4.0;;95.2;0.948656;243.64;257.62;5.021;4.8;;95.2;0.948656;243.64;257.62;5.021;4.8;;100.0;1.0;232.98;223.47;6.473327;6.5;;100.0;1.0;232.98;223.47;6.473327;6.5;;;;;;;;;;;;;;;;;;;;;;;;;;;;;;;;;;;;;;;;;;;
3;Sudeste;31;MG;Minas Gerais;3100500;Açucena;172093.758;19243.4;158448.9;17717.65;165795.99;17885.22;21964.548;75035.537;24500.72;41343.003;162843.808;2952.181;Eletricidade e gás, água, esgoto, atividades de gestão de resíduos e descontaminação;Administração, defesa, educação e saúde públicas e seguridade social;Demais serviços;6;True;88.7;0.887324;257.4;252.82;4.089413;3.6;;88.7;0.887324;257.4;252.82;4.089413;3.6;;89.4;0.895434;246.18;246.16;4.872333;4.4;;89.1;0.891701;246.18;246.16;4.872333;4.3;;;;;;;;;99.3;0.993737;222.87;214.64;6.119842;6.1;;;;;;;;;100.0;1.0;222.87;214.64;6.119842;6.1;;;;;;;;;;;;;;;;;;;;;;;;;;;;;
3;Sudeste;31;MG;Minas Gerais;3100609;Água Boa;235422.116;18700.62;223378.515;17743.94;192064.905;14420.37;56490.598;7669.372;54780.869;63873.615;182814.454;9250.451;Administração, defesa, educação e saúde públicas e seguridade social;Demais serviços;Pecuária, inclusive apoio à pecuária;6;True;90.9;0.913562;266.41;267.89;4.441557;4.1;;90.9;0.913562;266.41;267.89;4.441557;4.1;;95.9;0.959954;246.57;251.09;4.961;4.8;;95.9;0.959954;246.57;251.09;4.961;4.8;;;;;;;;;100.0;1.0;210.53;197.31;5.569255;5.6;;;;;;;;;100.0;1.0;210.53;197.31;5.569255;5.6;;;;;;;;;;;;;;;;;;;;;;;;;;;;;
3;Sudeste;31;MG;Minas Gerais;3100708;Água Comprida;330940.253;156992.53;238190.686;112993.68;230005.138;115813.26;154963.363;9949.164;39703.55;20053.535;224669.612;5335.526;Agricultura, inclusive apoio à agricultura e a pós colheita;Demais serviços;Administração, defesa, educação e saúde públicas e seguridade social;6;True;97.8;0.975157;258.16;264.06;4.268351;4.2;;97.8;0.975157;258.16;264.06;4.268351;4.2;;93.0;0.936037;268.5;268.18;5.611333;5.3;;93.0;0.936037;268.5;268.18;5.611333;5.3;;98.5;0.984026;221.15;207.44;5.956109;5.9;;98.5;0.984026;221.15;207.44;5.956109;5.9;;;;;;;;;;;;;;;;;;;;;;;;;;;;;;;;;;;;;;;;;;;
3;Sudeste;31;MG;Minas Gerais;3100807;Aguanil;111493.611;25589.54;110897.644;25452.75;94598.101;20758.85;33972.85;3193.004;26809.425;27140.709;91115.988;3482.113;Administração, defesa, educação e saúde públicas e seguridade social;Agricultura, inclusive apoio à agricultura e a pós colheita;Demais serviços;6;True;88.5;0.887998;275.28;288.86;4.880058;4.3;;88.5;0.887998;275.28;288.86;4.880058;4.3;;97.8;0.97857;266.37;269.98;5.605833;5.5;;97.8;0.97857;266.37;269.98;5.605833;5.5;;100.0;1.0;241.65;229.92;6.756058;6.8;;100.0;1.0;241.65;229.92;6.756058;6.8;;;;;;;;;;;;;;;;;;;;;;;;;;;;;;;;;;;;;;;;;;;
3;Sudeste;31;MG;Minas Gerais;3100906;Águas Formosas;362825.731;19667.48;310640.891;16836.9;287546.392;14910.37;21207.082;24021.94;128787.557;91588.988;265605.567;21940.825;Demais serviços;Administração, defesa, educação e saúde públicas e seguridade social;Comércio e reparação de veículos automotores e motocicletas;6;True;83.5;0.842196;263.01;270.01;4.425541;3.7;;83.5;0.842196;263.01;270.01;4.425541;3.7;;90.1;0.899143;233.51;235.09;4.476667;4.0;;90.5;0.903355;233.51;235.09;4.476667;4.0;;;;;;;;;99.9;0.999197;208.1;198.41;5.542881;5.5;;;;;;;;;99.9;0.998996;208.1;198.41;5.542881;5.5;;;;;;;;;;;;;;;;;;;;;;;;;;;;;
3;Sudeste;31;MG;Minas Gerais;3101003;Águas Vermelhas;278389.902;19832.58;290803.105;20716.9;236693.731;17332.58;52991.442;8903.823;88300.49;65954.424;216150.179;20543.552;Administração, defesa, educação e saúde públicas e seguridade social;Demais serviços;Comércio e reparação de veículos automotores e motocicletas;6;True;87.0;0.875747;267.26;261.49;4.357687;3.8;;87.0;0.875747;267.26;261.49;4.357687;3.8;;91.0;0.908032;247.87;254.44;5.0385;4.6;;91.0;0.908032;247.87;254.44;5.0385;4.6;;100.0;1.0;215.1;207.19;5.836105;5.8;;100.0;1.0;215.1;207.19;5.836105;5.8;;;;;;;;;;;;;;;;;;;;;;;;;;;;;;;;;;;;;;;;;;;
3;Sudeste;31;MG;Minas Gerais;3101102;Aimorés;793375.795;31397.2;723559.561;28634.28;637982.739;25401.45;62403.461;198204.927;218161.917;122602.555;601372.86;36609.879;Eletricidade e gás, água, esgoto, atividades de gestão de resíduos e descontaminação;Demais serviços;Administração, defesa, educação e saúde públicas e seguridade social;8;True;88.7;0.892878;266.91;271.11;4.496783;4.0;;88.7;0.892878;266.91;271.11;4.496783;4.0;;92.7;0.926345;251.92;256.91;5.147167;4.8;;95.0;0.949717;252.31;258.23;5.175667;4.9;;99.9;0.99839;219.95;215.43;6.078481;6.1;;99.6;0.995582;214.62;206.52;5.814763;5.8;;99.5;0.994974;253.11;260.97;5.234667;5.2;;99.3;0.99294;210.99;200.47;5.635489;5.6;;;;;;;;;;;;;;;;;;;;;;;;;;;;;
3;Sudeste;31;MG;Minas Gerais;3101201;Aiuruoca;154421.875;24774.89;133881.725;21479.5;128545.751;21607.96;36086.111;3032.313;51240.177;31536.171;121894.771;6650.98;Demais serviços;Administração, defesa, educação e saúde públicas e seguridade social;Pecuária, inclusive apoio à pecuária;6;True;84.4;0.853985;300.5;300.71;5.411667;4.6;;84.4;0.853985;300.5;300.71;5.411667;4.6;;95.5;0.954006;285.51;281.11;6.110333;5.8;;96.0;0.958849;285.51;281.11;6.110333;5.9;;96.3;0.958597;244.76;234.82;6.9045;6.6;;96.3;0.958597;244.76;234.82;6.9045;6.6;;;;;;;;;;;;;;;;;;;;;;;;;;;;;;;;;;;;;;;;;;;
3;Sudeste;31;MG;Minas Gerais;3101300;Alagoa;63839.679;23222.87;51305.672;18663.39;47699.152;17952.26;12807.848;2783.566;12137.637;17906.919;45635.97;2063.182;Administração, defesa, educação e saúde públicas e seguridade social;Demais serviços;Pecuária, inclusive apoio à pecuária;6;True;91.7;0.924846;322.62;297.25;5.670544;5.2;;91.7;0.924846;322.62;297.25;5.670544;5.2;;;;;;;;;96.8;0.956898;285.97;270.79;5.946;5.7;;92.7;0.925685;236.03;229.57;6.642442;6.1;;92.7;0.925685;236.03;229.57;6.642442;6.1;;96.8;0.956898;285.97;270.79;5.946;5.7;;;;;;;;;;;;;;;;;;;;;;;;;;;;;;;;;;;;
3;Sudeste;31;MG;Minas Gerais;3101409;Albertina;90906.241;30794.8;176971.584;60092.22;153934.928;51056.36;18311.194;6168.609;76542.771;20671.727;121694.301;32240.627;Comércio e reparação de veículos automotores e motocicletas;Demais serviços;Administração, defesa, educação e saúde públicas e seguridade social;6;True;94.3;0.945641;298.16;299.11;5.354849;5.1;;94.3;0.945641;298.16;299.11;5.354849;5.1;;;;;;;;;98.2;0.981382;263.54;251.79;5.2555;5.2;;98.0;0.980661;216.93;207.1;5.869393;5.8;;98.0;0.980661;216.93;207.1;5.869393;5.8;;98.2;0.981382;263.54;251.79;5.2555;5.2;;;;;;;;;;;;;;;;;;;;;;;;;;;;;;;;;;;;
3;Sudeste;31;MG;Minas Gerais;3101508;Além Paraíba;1045758.927;34044.96;915497.548;29804.26;971558.229;27415.72;13246.91;330854.988;404540.467;163827.62;912469.986;59088.243;Demais serviços;Eletricidade e gás, água, esgoto, atividades de gestão de resíduos e descontaminação;Administração, defesa, educação e saúde públicas e seguridade social;7;True;89.6;0.903816;261.51;252.16;4.137258;3.7;;89.6;0.903816;261.51;252.16;4.137258;3.7;;91.8;0.918237;230.69;234.96;4.4275;4.1;;89.1;0.89227;234.87;239.88;4.579167;4.1;;99.7;0.997393;210.52;199.64;5.611428;5.6;;99.7;0.997393;210.52;199.64;5.611428;5.6;;77.9;0.777856;253.4;261.64;5.250667;4.1;;;;;;;;;;;;;;;;;;;;;;;;;;;;;;;;;;;;
3;Sudeste;31;MG;Minas Gerais;3101607;Alfenas;3669898.617;46472.06;3891810.992;49282.15;3486906.669;43062.58;285843.836;507373.258;1759777.462;410535.762;2963530.318;523376.352;Demais serviços;Comércio e reparação de veículos automotores e motocicletas;Administração, defesa, educação e saúde públicas e seguridade social;7;True;82.0;0.832381;267.02;275.57;4.565095;3.8;;82.0;0.832381;267.02;275.57;4.565095;3.8;;85.3;0.85309;237.95;241.17;4.652;4.0;;88.6;0.886391;245.79;247.54;4.888833;4.3;;99.9;0.998599;229.93;216.67;6.291484;6.3;;99.8;0.998199;223.62;212.62;6.097428;6.1;;;;;;;;;99.7;0.996789;217.28;208.55;5.902436;5.9;;;;;;;;;;;;;;;;;;;;;;;;;;;;;
3;Sudeste;31;MG;Minas Gerais;3101631;Alfredo Vasconcelos;176964.207;25532.28;154407.974;22277.88;150571.429;21351.59;43650.687;15260.033;44699.541;35289.571;138899.831;11671.597;Agricultura, inclusive apoio à agricultura e a pós colheita;Administração, defesa, educação e saúde públicas e seguridade social;Demais serviços;4;True;;;;;;;;;;;;;;;93.0;0.929616;253.8;238.29;4.868167;4.5;;93.0;0.929616;253.8;238.29;4.868167;4.5;;100.0;1.0;228.45;214.04;6.215422;6.2;;100.0;1.0;228.45;214.04;6.215422;6.2;;;;;;;;;;;;;;;;;;;;;;;;;;;;;;;;;;;;;;;;;;;
3;Sudeste;31;MG;Minas Gerais;3101706;Almenara;813916.6;20164.42;739398.014;18318.25;674814.982;15922.96;24789.138;90777.195;311895.684;198865.376;626327.393;48487.589;Demais serviços;Administração, defesa, educação e saúde públicas e seguridade social;Comércio e reparação de veículos automotores e motocicletas;7;True;89.2;0.896547;257.34;261.76;4.222403;3.8;;91.7;0.920167;269.98;276.28;4.617296;4.2;;87.0;0.869683;236.37;239.49;4.597667;4.0;;88.4;0.884023;235.67;240.05;4.595333;4.1;;99.3;0.993197;205.79;197.61;5.484252;5.4;;99.3;0.993197;205.79;197.61;5.484252;5.4;;91.7;0.917458;233.41;241.89;4.588333;4.2;;;;;;;;;;;;;;;;;;;;;;;;;;;;;;;;;;;;
3;Sudeste;31;MG;Minas Gerais;3101805;Alpercata;112973.052;16365.79;100344.872;14536.41;94681.749;12712.37;9792.563;7803.522;32601.519;37978.255;88175.859;6505.889;Administração, defesa, educação e saúde públicas e seguridade social;Demais serviços;Pecuária, inclusive apoio à pecuária;7;True;89.0;0.897224;274.29;290.6;4.892201;4.4;;89.0;0.897224;274.29;290.6;4.892201;4.4;;84.7;0.842484;245.81;253.42;4.987167;4.2;;89.0;0.888575;245.93;249.32;4.920833;4.4;;99.0;0.989712;198.73;195.88;5.318065;5.3;;99.0;0.989712;198.73;195.88;5.318065;5.3;;95.4;0.953553;246.09;243.6;4.828167;4.6;;;;;;;;;;;;;;;;;;;;;;;;;;;;;;;;;;;;
3;Sudeste;31;MG;Minas Gerais;3101904;Alpinópolis;618617.893;33804.26;625970.619;34206.04;524181.772;26132.0;159833.334;36181.231;196491.756;92902.535;485408.855;38772.917;Demais serviços;Agricultura, inclusive apoio à agricultura e a pós colheita;Administração, defesa, educação e saúde públicas e seguridade social;6;True;84.6;0.850273;266.35;261.9;4.351044;3.7;;84.6;0.850273;266.35;261.9;4.351044;3.7;;94.1;0.940603;253.89;256.15;5.167333;4.9;;94.1;0.940603;253.89;256.15;5.167333;4.9;;99.9;0.998996;228.33;209.69;6.134041;6.1;;99.9;0.998996;228.33;209.69;6.134041;6.1;;;;;;;;;;;;;;;;;;;;;;;;;;;;;;;;;;;;;;;;;;;
3;Sudeste;31;MG;Minas Gerais;3102001;Alterosa;332255.68;23877.52;326887.085;23491.71;296492.03;20355.08;90182.339;15297.871;104311.631;70975.082;280766.924;15725.106;Demais serviços;Agricultura, inclusive apoio à agricultura e a pós colheita;Administração, defesa, educação e saúde públicas e seguridade social;7;True;89.0;0.893879;278.34;280.04;4.790999;4.3;;89.0;0.893879;278.34;280.04;4.790999;4.3;;96.7;0.966964;269.67;267.62;5.6215;5.4;;97.1;0.971042;269.5;266.87;5.606167;5.4;;100.0;1.0;247.22;226.76;6.804901;6.8;;100.0;1.0;247.22;226.76;6.804901;6.8;;100.0;1.0;268.48;262.36;5.514;5.5;;;;;;;;;;;;;;;;;;;;;;;;;;;;;;;;;;;;
3;Sudeste;31;MG;Minas Gerais;3102050;Alto Caparaó;131678.025;22722.7;139707.422;24108.27;97092.315;16351.01;19090.075;3297.768;36212.581;32909.587;91510.01;5582.305;Administração, defesa, educação e saúde públicas e seguridade social;Demais serviços;Agricultura, inclusive apoio à agricultura e a pós colheita;6;True;94.4;0.941991;276.7;287.89;4.885481;4.6;;94.4;0.941991;276.7;287.89;4.885481;4.6;;98.5;0.985018;259.34;269.14;5.474667;5.4;;98.5;0.985018;259.34;269.14;5.474667;5.4;;99.0;0.990879;234.71;225.24;6.538524;6.5;;99.0;0.990879;234.71;225.24;6.538524;6.5;;;;;;;;;;;;;;;;;;;;;;;;;;;;;;;;;;;;;;;;;;;
3;Sudeste;31;MG;Minas Gerais;3102100;Alto Rio Doce;222896.994;20466.16;184430.173;16934.18;180094.627;16795.17;67073.401;6715.097;49574.173;51056.357;174419.028;5675.598;Administração, defesa, educação e saúde públicas e seguridade social;Demais serviços;Produção florestal, pesca e aquicultura;7;True;87.9;0.879363;277.28;278.08;4.746771;4.2;;87.9;0.879363;277.28;278.08;4.746771;4.2;;90.1;0.899312;264.71;259.66;5.406167;4.9;;90.1;0.899312;264.71;259.66;5.406167;4.9;;99.2;0.992302;230.56;218.46;6.336053;6.3;;99.2;0.992958;229.43;215.14;6.254124;6.2;;;;;;;;;99.3;0.991736;226.86;207.62;6.068351;6.0;;;;;;;;;;;;;;;;;;;;;;;;;;;;;
3;Sudeste;31;MG;Minas Gerais;3102209;Alvarenga;64939.112;16336.88;65157.768;16400.14;54645.245;14444.95;10161.099;1950.621;15292.977;25180.327;52585.024;2060.222;Administração, defesa, educação e saúde públicas e seguridade social;Demais serviços;Pecuária, inclusive apoio à pecuária;4;True;;;;;;;;;;;;;;;87.1;0.86669;235.43;236.98;4.540167;3.9;;87.1;0.86669;235.43;236.98;4.540167;3.9;;;;;;;;;99.6;0.996347;257.56;221.15;6.900229;6.9;;;;;;;;;100.0;1.0;257.56;221.15;6.900229;6.9;;;;;;;;;;;;;;;;;;;;;;;;;;;;;
3;Sudeste;31;MG;Minas Gerais;3102308;Alvinópolis;402513.186;26729.08;361982.498;24037.62;340110.153;22471.76;35148.881;88901.404;104021.355;65962.266;294033.907;46076.247;Demais serviços;Indústrias de transformação;Administração, defesa, educação e saúde públicas e seguridade social;7;True;89.8;0.899266;251.25;244.55;3.879235;3.5;;89.8;0.899266;251.25;244.55;3.879235;3.5;;95.2;0.951637;236.77;238.53;4.588333;4.4;;95.2;0.951637;236.77;238.53;4.588333;4.4;;100.0;1.0;231.55;223.38;6.4444;6.4;;99.4;0.994172;230.05;218.02;6.31832;6.3;;;;;;;;;98.7;0.987063;228.62;212.92;6.198303;6.1;;;;;;;;;;;;;;;;;;;;;;;;;;;;;
3;Sudeste;31;MG;Minas Gerais;3102407;Alvorada de Minas;95008.888;22844.17;77831.238;18713.93;64841.285;17986.49;11276.519;1737.672;15044.669;30293.279;58352.14;6489.146;Administração, defesa, educação e saúde públicas e seguridade social;Demais serviços;Pecuária, inclusive apoio à pecuária;6;True;92.2;0.926406;248.88;241.38;3.798493;3.5;;92.2;0.926406;248.88;241.38;3.798493;3.5;;82.0;0.817277;237.79;231.88;4.4945;3.7;;84.7;0.844115;237.79;231.88;4.4945;3.8;;;;;;;;;100.0;1.0;203.84;182.12;5.165402;5.2;;;;;;;;;100.0;1.0;203.84;182.12;5.165402;5.2;;;;;;;;;;;;;;;;;;;;;;;;;;;;;
3;Sudeste;31;MG;Minas Gerais;3102506;Amparo do Serra;71597.296;15766.86;68128.747;15003.03;55909.591;12041.7;11817.895;1996.521;15558.458;24245.632;53618.506;2291.085;Administração, defesa, educação e saúde públicas e seguridade social;Demais serviços;Pecuária, inclusive apoio à pecuária;4;True;;;;;;;;;;;;;;;98.9;0.990221;242.61;247.76;4.8395;4.8;;93.3;0.933291;242.61;247.76;4.8395;4.5;;93.7;0.941913;208.42;196.39;5.512261;5.2;;93.7;0.941913;208.42;196.39;5.512261;5.2;;;;;;;;;;;;;;;;;;;;;;;;;;;;;;;;;;;;;;;;;;;
3;Sudeste;31;MG;Minas Gerais;3102605;Andradas;1483245.48;36575.48;1339764.026;33041.43;1183259.133;28372.8;128329.349;254848.679;463663.128;197465.948;1044307.104;138952.028;Demais serviços;Administração, defesa, educação e saúde públicas e seguridade social;Indústrias de transformação;6;True;91.6;0.918799;282.32;289.11;4.982677;4.6;;91.6;0.918799;282.32;289.11;4.982677;4.6;;97.8;0.977848;261.72;269.29;5.516833;5.4;;97.8;0.977848;261.72;269.29;5.516833;5.4;;99.9;0.998798;232.89;225.28;6.504518;6.5;;99.9;0.998798;232.89;225.28;6.504518;6.5;;;;;;;;;;;;;;;;;;;;;;;;;;;;;;;;;;;;;;;;;;;
3;Sudeste;31;MG;Minas Gerais;3102704;Cachoeira de Pajeú;146445.066;16075.2;142155.921;15604.38;125619.851;13265.03;7112.874;4003.348;57452.326;45896.879;114465.428;11154.423;Administração, defesa, educação e saúde públicas e seguridade social;Demais serviços;Comércio e reparação de veículos automotores e motocicletas;6;True;94.2;0.947868;261.55;262.0;4.285125;4.1;;94.2;0.947868;261.55;262.0;4.285125;4.1;;92.2;0.921423;235.09;244.58;4.661167;4.3;;93.2;0.933043;235.09;244.58;4.661167;4.3;;100.0;1.0;215.15;201.95;5.741787;5.7;;100.0;1.0;215.15;201.95;5.741787;5.7;;;;;;;;;;;;;;;;;;;;;;;;;;;;;;;;;;;;;;;;;;;
3;Sudeste;31;MG;Minas Gerais;3102803;Andrelândia;340782.313;28572.34;314293.813;26351.46;292393.578;23988.32;78767.817;16641.992;112872.639;61729.088;270011.537;22382.041;Demais serviços;Administração, defesa, educação e saúde públicas e seguridade social;Agricultura, inclusive apoio à agricultura e a pós colheita;6;True;89.0;0.898216;274.08;275.0;4.655719;4.2;;89.0;0.898216;274.08;275.0;4.655719;4.2;;;;;;;;;91.4;0.913282;267.64;273.26;5.681667;5.2;;97.4;0.971601;230.82;215.63;6.28956;6.1;;97.4;0.971601;230.82;215.63;6.28956;6.1;;91.4;0.913282;267.64;273.26;5.681667;5.2;;;;;;;;;;;;;;;;;;;;;;;;;;;;;;;;;;;;
3;Sudeste;31;MG;Minas Gerais;3102852;Angelândia;193853.189;25117.02;202643.966;26256.02;144549.106;16819.77;49166.621;11779.902;35007.24;41755.345;137709.108;6839.998;Administração, defesa, educação e saúde públicas e seguridade social;Agricultura, inclusive apoio à agricultura e a pós colheita;Demais serviços;6;True;80.2;0.801038;266.29;267.7;4.437027;3.6;;80.2;0.801038;266.29;267.7;4.437027;3.6;;96.6;0.963461;254.24;253.01;5.120833;4.9;;96.6;0.963461;254.24;253.01;5.120833;4.9;;99.8;0.997984;227.73;215.01;6.219318;6.2;;99.8;0.997984;227.73;215.01;6.219318;6.2;;;;;;;;;;;;;;;;;;;;;;;;;;;;;;;;;;;;;;;;;;;
3;Sudeste;31;MG;Minas Gerais;3102902;Antônio Carlos;412676.149;37194.79;189737.885;17101.21;242348.277;21127.04;39127.57;50747.809;71893.218;57047.518;218816.115;23532.162;Demais serviços;Administração, defesa, educação e saúde públicas e seguridade social;Indústrias de transformação;7;True;88.1;0.881407;263.68;277.63;4.549023;4.0;;88.1;0.881407;263.68;277.63;4.549023;4.0;;97.8;0.978699;240.37;244.16;4.742167;4.6;;97.8;0.978699;240.37;244.16;4.742167;4.6;;100.0;1.0;228.27;216.98;6.265441;6.3;;100.0;1.0;227.31;212.89;6.172757;6.2;;;;;;;;;100.0;1.0;225.86;206.77;6.033813;6.0;;;;;;;;;;;;;;;;;;;;;;;;;;;;;
3;Sudeste;31;MG;Minas Gerais;3103009;Antônio Dias;535451.082;58081.25;500279.639;54266.15;894601.229;96891.72;32326.856;596936.829;179494.039;58827.166;867584.891;27016.338;Indústrias extrativas;Demais serviços;Administração, defesa, educação e saúde públicas e seguridade social;6;True;93.8;0.944517;280.41;277.78;4.78624;4.5;;93.8;0.944517;280.41;277.78;4.78624;4.5;;92.6;0.921518;248.72;252.22;5.015667;4.6;;92.6;0.921518;248.72;252.22;5.015667;4.6;;;;;;;;;99.4;0.994378;242.01;231.09;6.784201;6.7;;;;;;;;;98.9;0.988918;242.01;231.09;6.784201;6.7;;;;;;;;;;;;;;;;;;;;;;;;;;;;;
3;Sudeste;31;MG;Minas Gerais;3103108;Antônio Prado de Minas;35792.157;23271.88;32949.311;21423.48;28555.65;18107.58;4350.345;921.072;7509.987;14979.911;27761.315;794.335;Administração, defesa, educação e saúde públicas e seguridade social;Demais serviços;Pecuária, inclusive apoio à pecuária;6;True;98.6;0.99187;295.92;302.31;5.371293;5.3;;98.6;0.99187;295.92;302.31;5.371293;5.3;;95.7;0.9535;261.53;263.41;5.415667;5.2;;95.7;0.9535;261.53;263.41;5.415667;5.2;;100.0;1.0;253.31;255.03;7.435122;7.4;;100.0;1.0;253.31;255.03;7.435122;7.4;;;;;;;;;;;;;;;;;;;;;;;;;;;;;;;;;;;;;;;;;;;
3;Sudeste;31;MG;Minas Gerais;3103207;Araçaí;75709.061;34713.0;69331.142;31788.69;60662.309;25704.37;11726.002;15465.306;11390.835;17456.668;56038.811;4623.497;Administração, defesa, educação e saúde públicas e seguridade social;Indústrias de transformação;Demais serviços;6;True;89.4;0.898657;276.48;277.82;4.731642;4.3;;89.4;0.898657;276.48;277.82;4.731642;4.3;;;;;;;;;98.2;0.982917;251.59;260.69;5.204667;5.1;;100.0;1.0;226.67;201.04;5.945089;5.9;;100.0;1.0;226.67;201.04;5.945089;5.9;;98.2;0.982917;251.59;260.69;5.204667;5.1;;;;;;;;;;;;;;;;;;;;;;;;;;;;;;;;;;;;
3;Sudeste;31;MG;Minas Gerais;3103306;Aracitaba;40166.056;19602.76;35111.069;17135.71;31370.762;15258.15;4674.734;2210.093;8461.212;14931.463;30277.501;1093.26;Administração, defesa, educação e saúde públicas e seguridade social;Demais serviços;Pecuária, inclusive apoio à pecuária;6;True;100.0;1.0;256.18;242.98;3.924973;3.9;;100.0;1.0;256.18;242.98;3.924973;3.9;;90.1;0.89724;261.03;252.82;5.230833;4.7;;90.1;0.89724;261.03;252.82;5.230833;4.7;;93.4;0.948359;215.05;189.29;5.509697;5.2;;93.4;0.948359;215.05;189.29;5.509697;5.2;;;;;;;;;;;;;;;;;;;;;;;;;;;;;;;;;;;;;;;;;;;
3;Sudeste;31;MG;Minas Gerais;3103405;Araçuaí;1081893.247;31544.84;744397.862;21704.46;519973.761;14162.43;24700.695;53306.157;242994.277;162561.35;483562.479;36411.282;Demais serviços;Administração, defesa, educação e saúde públicas e seguridade social;Comércio e reparação de veículos automotores e motocicletas;7;True;91.7;0.921101;263.83;268.23;4.410411;4.1;;92.5;0.926785;278.07;283.17;4.834064;4.5;;93.9;0.937982;238.73;239.64;4.6395;4.4;;93.7;0.936939;238.73;239.64;4.6395;4.3;;99.5;0.995155;204.05;192.9;5.365409;5.3;;99.8;0.997595;211.7;201.49;5.667584;5.7;;;;;;;;;99.9;0.999197;213.98;204.04;5.757459;5.8;;;;;;;;;;;;;;;;;;;;;;;;;;;;;
3;Sudeste;31;MG;Minas Gerais;3103504;Araguari;6858533.812;58217.9;6767656.191;57446.49;5836329.304;49309.56;539102.186;1882310.947;2144315.694;597310.126;5163038.952;673290.352;Demais serviços;Indústrias de transformação;Eletricidade e gás, água, esgoto, atividades de gestão de resíduos e descontaminação;8;True;91.3;0.914443;268.85;279.54;4.650228;4.3;;91.3;0.914443;268.85;279.54;4.650228;4.3;;96.0;0.959788;252.84;261.77;5.2435;5.0;;96.3;0.962614;255.9;264.03;5.332167;5.1;;98.3;0.982608;228.8;225.56;6.431556;6.3;;98.8;0.988127;225.51;222.0;6.304042;6.2;;97.0;0.972757;267.73;272.77;5.675;5.5;;99.7;0.997198;221.54;217.7;6.150097;6.1;;;;;;;;;;;;;;;;;;;;;;;;;;;;;
3;Sudeste;31;MG;Minas Gerais;3103603;Arantina;77722.691;26663.02;79151.843;27153.29;88536.227;31859.02;45681.031;4305.877;17762.975;18779.587;86529.47;2006.757;Agricultura, inclusive apoio à agricultura e a pós colheita;Administração, defesa, educação e saúde públicas e seguridade social;Demais serviços;6;True;95.7;0.956082;255.88;273.14;4.372257;4.2;;95.7;0.956082;255.88;273.14;4.372257;4.2;;;;;;;;;97.4;0.974617;265.4;265.32;5.512;5.4;;96.1;0.962691;209.2;199.72;5.587692;5.4;;96.1;0.962691;209.2;199.72;5.587692;5.4;;97.4;0.974617;265.4;265.32;5.512;5.4;;;;;;;;;;;;;;;;;;;;;;;;;;;;;;;;;;;;
3;Sudeste;31;MG;Minas Gerais;3103702;Araponga;143377.299;17815.27;164341.126;20420.12;122267.339;14440.46;47884.889;3935.06;25524.717;41222.985;118567.652;3699.688;Agricultura, inclusive apoio à agricultura e a pós colheita;Administração, defesa, educação e saúde públicas e seguridade social;Demais serviços;6;True;97.0;0.971256;272.51;275.0;4.633668;4.5;;97.0;0.971256;272.51;275.0;4.633668;4.5;;97.5;0.975373;259.0;261.56;5.342667;5.2;;97.5;0.975373;259.0;261.56;5.342667;5.2;;;;;;;;;95.1;0.952265;243.09;226.11;6.714266;6.4;;;;;;;;;99.1;0.992586;243.09;226.11;6.714266;6.7;;;;;;;;;;;;;;;;;;;;;;;;;;;;;
3;Sudeste;31;MG;Minas Gerais;3103751;Araporã;1209045.34;142592.92;1345479.39;158683.74;1294623.562;185157.83;60753.349;916759.501;196117.228;64994.021;1238624.098;55999.464;Eletricidade e gás, água, esgoto, atividades de gestão de resíduos e descontaminação;Demais serviços;Construção;4;True;;;;;;;;;;;;;;;;;;;;;;92.7;0.928746;261.98;257.62;5.326667;4.9;;92.2;0.922757;227.79;210.88;6.145372;5.7;;92.2;0.922757;227.79;210.88;6.145372;5.7;;92.7;0.928746;261.98;257.62;5.326667;4.9;;;;;;;;;;;;;;;;;;;;;;;;;;;;;;;;;;;;
3;Sudeste;31;MG;Minas Gerais;3103801;Arapuá;249487.352;94826.06;219252.34;83334.22;172745.24;60911.58;30299.562;43587.937;53981.646;18143.659;146012.804;26732.436;Indústrias de transformação;Demais serviços;Pecuária, inclusive apoio à pecuária;6;True;100.0;1.0;299.81;305.58;5.47488;5.5;;100.0;1.0;299.81;305.58;5.47488;5.5;;100.0;1.0;285.26;291.29;6.275833;6.3;;100.0;1.0;285.26;291.29;6.275833;6.3;;100.0;1.0;251.92;249.31;7.304595;7.3;;100.0;1.0;251.92;249.31;7.304595;7.3;;;;;;;;;;;;;;;;;;;;;;;;;;;;;;;;;;;;;;;;;;;
3;Sudeste;31;MG;Minas Gerais;3103900;Araújos;464947.328;50543.25;414182.292;45024.71;474403.537;49816.61;239754.716;45754.006;116649.496;47774.653;449932.871;24470.666;Agricultura, inclusive apoio à agricultura e a pós colheita;Demais serviços;Administração, defesa, educação e saúde públicas e seguridade social;6;True;96.4;0.963882;270.87;278.09;4.656892;4.5;;96.4;0.963882;270.87;278.09;4.656892;4.5;;98.1;0.98111;253.68;245.46;4.985667;4.9;;98.1;0.98111;253.68;245.46;4.985667;4.9;;99.8;0.99839;232.56;218.24;6.370221;6.4;;99.8;0.99839;232.56;218.24;6.370221;6.4;;;;;;;;;;;;;;;;;;;;;;;;;;;;;;;;;;;;;;;;;;;
3;Sudeste;31;MG;Minas Gerais;3104007;Araxá;8847239.614;79211.75;8637092.254;77330.24;8950199.701;82564.13;190764.578;4272471.185;2704357.583;604091.433;7771684.779;1178514.922;Indústrias de transformação;Demais serviços;Comércio e reparação de veículos automotores e motocicletas;8;True;78.1;0.788628;279.95;289.04;4.948342;3.9;;78.6;0.794953;288.42;295.11;5.158171;4.1;;90.1;0.901439;262.77;266.28;5.484167;4.9;;89.6;0.896583;261.25;265.14;5.439833;4.9;;96.2;0.96259;243.47;232.48;6.837336;6.6;;96.2;0.962983;243.51;232.6;6.840281;6.6;;87.7;0.883726;251.57;257.9;5.157833;4.6;;100.0;1.0;244.17;234.35;6.884695;6.9;;;;;;;;;;;;;;;;;;;;;;;;;;;;;
3;Sudeste;31;MG;Minas Gerais;3104106;Arceburgo;460319.032;50160.08;402855.057;43898.34;346405.109;31520.03;29866.684;85997.272;120869.619;55719.294;292452.869;53952.241;Demais serviços;Indústrias de transformação;Administração, defesa, educação e saúde públicas e seguridade social;7;True;76.5;0.7813;247.68;240.03;3.761429;2.9;;76.5;0.7813;247.68;240.03;3.761429;2.9;;89.6;0.89607;227.51;231.19;4.311667;3.9;;91.1;0.910484;248.2;249.58;4.963;4.5;;96.8;0.968918;238.38;219.92;6.511835;6.3;;96.8;0.968918;238.38;219.92;6.511835;6.3;;92.5;0.919586;264.67;264.22;5.4815;5.0;;;;;;;;;;;;;;;;;;;;;;;;;;;;;;;;;;;;
3;Sudeste;31;MG;Minas Gerais;3104205;Arcos;3058033.013;73837.0;2735328.504;66043.62;2345874.338;57697.73;112414.618;1000376.093;712440.13;199692.05;2024922.89;320951.448;Indústrias de transformação;Demais serviços;Indústrias extrativas;6;True;94.0;0.940563;271.02;276.62;4.636993;4.4;;94.3;0.94424;279.27;281.64;4.828013;4.6;;98.5;0.985205;250.84;256.05;5.114833;5.0;;98.5;0.985708;250.84;256.05;5.114833;5.0;;99.9;0.998396;252.15;230.55;6.967894;7.0;;99.9;0.998396;252.15;230.55;6.967894;7.0;;;;;;;;;;;;;;;;;;;;;;;;;;;;;;;;;;;;;;;;;;;
3;Sudeste;31;MG;Minas Gerais;3104304;Areado;380055.761;27379.57;336757.526;24260.32;309330.041;20233.52;57214.292;28287.129;129329.746;72381.903;287213.069;22116.972;Demais serviços;Administração, defesa, educação e saúde públicas e seguridade social;Agricultura, inclusive apoio à agricultura e a pós colheita;4;True;88.5;0.89178;279.88;279.86;4.809934;4.3;;88.5;0.89178;279.88;279.86;4.809934;4.3;;;;;;;;;;;;;;;;100.0;1.0;243.67;223.04;6.669516;6.7;;100.0;1.0;243.67;223.04;6.669516;6.7;;;;;;;;;;;;;;;;;;;;;;;;;;;;;;;;;;;;;;;;;;;
3;Sudeste;31;MG;Minas Gerais;3104403;Argirita;51371.89;19111.57;44690.182;16625.81;40066.896;14944.76;6579.867;985.058;12092.866;18517.668;38175.46;1891.437;Administração, defesa, educação e saúde públicas e seguridade social;Demais serviços;Pecuária, inclusive apoio à pecuária;6;True;92.7;0.928092;249.55;245.47;3.869131;3.6;;92.7;0.928092;249.55;245.47;3.869131;3.6;;;;;;;;;94.3;0.946295;260.13;250.64;5.1795;4.9;;89.5;0.892824;237.58;211.13;6.336749;5.7;;89.5;0.892824;237.58;211.13;6.336749;5.7;;94.3;0.946295;260.13;250.64;5.1795;4.9;;;;;;;;;;;;;;;;;;;;;;;;;;;;;;;;;;;;
3;Sudeste;31;MG;Minas Gerais;3104452;Aricanduva;86409.861;18311.05;80185.07;16991.96;67088.495;12646.28;22170.097;1201.179;13605.5;28506.369;65483.145;1605.351;Administração, defesa, educação e saúde públicas e seguridade social;Demais serviços;Produção florestal, pesca e aquicultura;7;True;98.6;0.987582;283.71;290.47;5.022559;5.0;;98.6;0.987582;283.71;290.47;5.022559;5.0;;98.1;0.983019;250.13;256.21;5.105667;5.0;;98.1;0.983019;250.13;256.21;5.105667;5.0;;100.0;1.0;226.58;211.63;6.135917;6.1;;100.0;1.0;237.0;219.49;6.477681;6.5;;;;;;;;;100.0;1.0;250.02;229.32;6.904881;6.9;;;;;;;;;;;;;;;;;;;;;;;;;;;;;
3;Sudeste;31;MG;Minas Gerais;3104502;Arinos;544568.075;31528.95;384516.105;22262.4;318814.801;17860.77;96701.733;11585.508;101995.957;90999.355;301282.553;17532.247;Administração, defesa, educação e saúde públicas e seguridade social;Demais serviços;Agricultura, inclusive apoio à agricultura e a pós colheita;8;True;98.2;0.982979;258.85;261.92;4.246006;4.2;;95.7;0.959174;273.75;279.05;4.711713;4.5;;99.5;0.995726;246.8;251.88;4.978;5.0;;99.7;0.996736;246.8;251.88;4.978;5.0;;100.0;1.0;207.39;207.01;5.685695;5.7;;100.0;1.0;208.32;202.49;5.621262;5.6;;;;;;;;;100.0;1.0;209.4;197.24;5.546418;5.5;;92.3;0.927491;297.72;306.58;5.460496;5.1;;;;;;;;;;;;;;;;;;;;;;
3;Sudeste;31;MG;Minas Gerais;3104601;Astolfo Dutra;453515.717;32077.78;352823.47;24955.68;291865.542;20327.73;24131.594;74116.297;96537.401;71204.226;265989.518;25876.024;Demais serviços;Administração, defesa, educação e saúde públicas e seguridade social;Indústrias de transformação;6;True;86.4;0.868348;264.09;258.65;4.270649;3.7;;86.4;0.868348;264.09;258.65;4.270649;3.7;;93.2;0.930501;253.4;261.42;5.247;4.9;;93.2;0.930501;253.4;261.42;5.247;4.9;;99.7;0.997373;236.4;226.69;6.597139;6.6;;99.7;0.997373;236.4;226.69;6.597139;6.6;;;;;;;;;;;;;;;;;;;;;;;;;;;;;;;;;;;;;;;;;;;
3;Sudeste;31;MG;Minas Gerais;3104700;Ataléia;259695.786;18906.22;202342.795;14730.84;198960.488;15921.93;50287.058;23594.954;53861.599;59394.658;187138.27;11822.219;Administração, defesa, educação e saúde públicas e seguridade social;Demais serviços;Pecuária, inclusive apoio à pecuária;8;True;86.3;0.873244;259.13;261.44;4.242753;3.7;;86.3;0.873244;259.13;261.44;4.242753;3.7;;91.7;0.912158;228.67;231.52;4.3365;4.0;;92.2;0.916534;226.88;229.68;4.276;3.9;;100.0;1.0;198.98;196.8;5.339563;5.3;;99.9;0.998794;194.38;188.81;5.106504;5.1;;97.8;0.972973;212.43;214.86;3.788167;3.7;;99.5;0.994898;191.58;183.95;4.964705;4.9;;;;;;;;;;;;;;;;;;;;;;;;;;;;;
3;Sudeste;31;MG;Minas Gerais;3104809;Augusto de Lima;113861.695;25090.72;86684.669;19101.95;89054.488;18426.34;17997.272;3205.739;33761.268;26924.298;81888.577;7165.911;Administração, defesa, educação e saúde públicas e seguridade social;Demais serviços;Pecuária, inclusive apoio à pecuária;6;True;92.3;0.929701;260.72;264.84;4.315983;4.0;;92.3;0.929701;260.72;264.84;4.315983;4.0;;;;;;;;;89.0;0.877632;243.32;243.38;4.778333;4.2;;96.7;0.963828;210.84;196.65;5.563171;5.4;;96.7;0.963828;210.84;196.65;5.563171;5.4;;89.7;0.88047;252.04;252.58;5.077;4.5;;;;;;;;;;;;;;;;;;;;;;;;;;;;;;;;;;;;
3;Sudeste;31;MG;Minas Gerais;3104908;Baependi;451939.764;24607.41;399929.504;21775.54;380866.399;19786.3;45768.671;35982.705;178526.824;95020.889;355299.09;25567.309;Demais serviços;Administração, defesa, educação e saúde públicas e seguridade social;Comércio e reparação de veículos automotores e motocicletas;7;True;93.9;0.941169;265.17;266.83;4.408273;4.1;;93.9;0.941169;265.17;266.83;4.408273;4.1;;97.5;0.97615;252.54;249.16;5.028333;4.9;;98.6;0.986185;260.95;260.25;5.353333;5.3;;97.3;0.967625;242.81;226.29;6.712195;6.5;;97.6;0.971569;242.81;226.29;6.712195;6.5;;99.4;0.994217;266.56;267.64;5.57;5.5;;;;;;;;;;;;;;;;;;;;;;;;;;;;;;;;;;;;
3;Sudeste;31;MG;Minas Gerais;3105004;Baldim;132125.412;17635.53;113009.505;15084.02;201271.578;25870.38;24132.935;92321.555;39331.635;38912.563;194698.687;6572.89;Construção;Administração, defesa, educação e saúde públicas e seguridade social;Demais serviços;6;True;90.8;0.910195;264.69;261.88;4.32743;3.9;;90.8;0.910195;264.69;261.88;4.32743;3.9;;94.5;0.944738;247.92;241.46;4.823;4.6;;94.5;0.944738;247.92;241.46;4.823;4.6;;100.0;1.0;241.19;219.48;6.557461;6.6;;100.0;1.0;241.19;219.48;6.557461;6.6;;;;;;;;;;;;;;;;;;;;;;;;;;;;;;;;;;;;;;;;;;;
3;Sudeste;31;MG;Minas Gerais;3105103;Bambuí;861015.624;36567.38;849035.556;36058.59;779906.39;32544.92;245778.343;86400.601;273900.463;109160.853;715240.26;64666.13;Demais serviços;Agricultura, inclusive apoio à agricultura e a pós colheita;Administração, defesa, educação e saúde públicas e seguridade social;6;True;89.7;0.89846;263.91;273.76;4.494319;4.0;;83.8;0.846416;276.09;277.05;4.714638;4.0;;95.3;0.954855;252.37;256.09;5.141;4.9;;95.8;0.959188;252.37;256.09;5.141;4.9;;99.9;0.998794;242.77;233.29;6.838704;6.8;;99.9;0.998794;242.77;233.29;6.838704;6.8;;;;;;;;;;;;;;;;;;;;;;;;;;;;;;;;;;;;;;;;;;;
3;Sudeste;31;MG;Minas Gerais;3105202;Bandeira;66317.142;13988.01;60502.299;12761.51;59093.101;12472.16;12900.71;2670.67;14218.142;27735.332;57524.853;1568.248;Administração, defesa, educação e saúde públicas e seguridade social;Demais serviços;Pecuária, inclusive apoio à pecuária;6;True;96.1;0.963969;267.42;260.38;4.343317;4.2;;96.1;0.963969;267.42;260.38;4.343317;4.2;;97.1;0.972092;247.18;244.21;4.8565;4.7;;97.7;0.977492;247.18;244.21;4.8565;4.7;;100.0;1.0;223.46;211.02;6.065284;6.1;;100.0;1.0;223.46;211.02;6.065284;6.1;;;;;;;;;;;;;;;;;;;;;;;;;;;;;;;;;;;;;;;;;;;
3;Sudeste;31;MG;Minas Gerais;3105301;Bandeira do Sul;113862.262;19159.05;98245.017;16531.22;86571.538;14905.57;7068.165;7846.416;34848.521;30455.308;80218.41;6353.128;Administração, defesa, educação e saúde públicas e seguridade social;Demais serviços;Comércio e reparação de veículos automotores e motocicletas;6;True;87.1;0.879333;282.21;295.38;5.074994;4.5;;87.1;0.879333;282.21;295.38;5.074994;4.5;;91.9;0.91382;233.79;240.36;4.569167;4.2;;91.9;0.91382;233.79;240.36;4.569167;4.2;;96.2;0.963347;240.58;230.59;6.74782;6.5;;96.2;0.963347;240.58;230.59;6.74782;6.5;;;;;;;;;;;;;;;;;;;;;;;;;;;;;;;;;;;;;;;;;;;
3;Sudeste;31;MG;Minas Gerais;3105400;Barão de Cocais;1547169.755;50268.69;1727167.208;56116.94;2438852.091;73388.66;19329.223;1486715.264;595487.991;180131.308;2281663.786;157188.305;Indústrias extrativas;Demais serviços;Indústrias de transformação;7;True;88.9;0.895975;276.97;278.4;4.747207;4.3;;88.9;0.895975;276.97;278.4;4.747207;4.3;;86.9;0.868343;242.91;246.95;4.831;4.2;;87.3;0.872592;252.04;259.06;5.185;4.5;;94.4;0.94365;228.06;218.09;6.281616;5.9;;94.4;0.94365;228.06;218.09;6.281616;5.9;;87.9;0.878251;263.74;274.57;5.6385;5.0;;;;;;;;;;;;;;;;;;;;;;;;;;;;;;;;;;;;
3;Sudeste;31;MG;Minas Gerais;3105509;Barão do Monte Alto;73841.49;14875.4;64635.492;13020.85;63070.684;11875.48;12414.992;3565.541;17455.397;27689.343;61125.273;1945.411;Administração, defesa, educação e saúde públicas e seguridade social;Demais serviços;Pecuária, inclusive apoio à pecuária;6;True;95.8;0.962495;262.37;259.77;4.263259;4.1;;95.8;0.962495;262.37;259.77;4.263259;4.1;;;;;;;;;100.0;1.0;255.82;247.11;5.048833;5.0;;100.0;1.0;213.51;211.74;5.888489;5.9;;100.0;1.0;213.51;211.74;5.888489;5.9;;100.0;1.0;255.82;247.11;5.048833;5.0;;;;;;;;;;;;;;;;;;;;;;;;;;;;;;;;;;;;
3;Sudeste;31;MG;Minas Gerais;3105608;Barbacena;4108617.172;32785.79;3873292.712;30907.96;3521229.065;25321.47;158243.841;588299.877;1713016.584;605835.741;3065396.042;455833.024;Demais serviços;Administração, defesa, educação e saúde públicas e seguridade social;Comércio e reparação de veículos automotores e motocicletas;9;True;86.8;0.872547;282.49;282.52;4.886412;4.3;;89.1;0.894055;307.87;298.43;5.481046;4.9;;90.5;0.905208;265.44;268.31;5.5625;5.0;;90.2;0.90206;260.11;261.93;5.367333;4.8;;95.4;0.9532;232.22;222.48;6.440823;6.1;;97.2;0.972057;241.64;230.57;6.767685;6.6;;89.5;0.893998;246.87;246.09;4.882667;4.4;;99.6;0.996191;250.26;237.98;7.066916;7.0;;97.3;0.972227;375.31;340.68;7.060722;6.9;;;;;;;;;;;;;;;;;;;;;;
3;Sudeste;31;MG;Minas Gerais;3105707;Barra Longa;101736.25;17955.57;91642.243;16174.06;81928.238;16703.0;15598.811;4258.265;26510.016;29077.975;75445.067;6483.171;Administração, defesa, educação e saúde públicas e seguridade social;Demais serviços;Pecuária, inclusive apoio à pecuária;6;True;95.6;0.954038;259.47;263.58;4.279564;4.1;;95.6;0.954038;259.47;263.58;4.279564;4.1;;81.9;0.818748;248.24;243.49;4.862167;4.0;;81.9;0.818748;248.24;243.49;4.862167;4.0;;;;;;;;;99.0;0.989205;225.4;211.33;6.107943;6.0;;;;;;;;;99.5;0.994062;225.4;211.33;6.107943;6.1;;;;;;;;;;;;;;;;;;;;;;;;;;;;;
3;Sudeste;31;MG;Minas Gerais;3105905;Barroso;801809.897;39930.77;759640.758;37830.72;608479.713;29001.46;5469.114;239843.8;178709.876;100830.269;524853.059;83626.654;Indústrias de transformação;Demais serviços;Administração, defesa, educação e saúde públicas e seguridade social;6;True;79.7;0.807978;278.86;281.62;4.821956;3.9;;79.7;0.807978;278.86;281.62;4.821956;3.9;;86.2;0.861105;254.58;250.52;5.085;4.4;;86.2;0.861105;254.58;250.52;5.085;4.4;;99.9;0.998996;248.02;226.07;6.807622;6.8;;99.9;0.998996;248.02;226.07;6.807622;6.8;;;;;;;;;;;;;;;;;;;;;;;;;;;;;;;;;;;;;;;;;;;
3;Sudeste;31;MG;Minas Gerais;3106002;Bela Vista de Minas;407734.406;40103.71;395453.331;38895.77;568233.696;55334.86;5728.924;371455.994;124407.987;56236.43;557829.334;10404.361;Indústrias extrativas;Demais serviços;Administração, defesa, educação e saúde públicas e seguridade social;7;True;86.8;0.876473;269.35;262.19;4.39752;3.9;;86.8;0.876473;269.35;262.19;4.39752;3.9;;97.3;0.972931;242.23;241.08;4.721833;4.6;;97.3;0.972931;242.23;241.08;4.721833;4.6;;99.7;0.997168;224.31;215.23;6.158051;6.1;;99.8;0.997984;221.4;209.6;6.000153;6.0;;;;;;;;;100.0;1.0;215.23;197.65;5.665132;5.7;;;;;;;;;;;;;;;;;;;;;;;;;;;;;
3;Sudeste;31;MG;Minas Gerais;3106101;Belmiro Braga;79257.657;24432.08;67229.338;20724.21;61557.352;17988.71;15436.305;6261.014;16418.503;20404.126;58519.948;3037.404;Administração, defesa, educação e saúde públicas e seguridade social;Demais serviços;Pecuária, inclusive apoio à pecuária;4;True;88.1;0.880356;261.16;263.09;4.295965;3.8;;88.1;0.880356;261.16;263.09;4.295965;3.8;;89.9;0.900856;236.43;240.04;4.607833;4.2;;90.0;0.904705;236.43;240.04;4.607833;4.2;;;;;;;;;;;;;;;;;;;;;;;;;;;;;;;;;;;;;;;;;;;;;;;;;;;;;;;;;
3;Sudeste;31;MG;Minas Gerais;3106200;Belo Horizonte;130197670.721;56227.29;115381697.805;49828.85;105920858.653;41854.36;4387.98;16146070.064;63270426.932;12743033.425;92163918.4;13756940.253;Demais serviços;Administração, defesa, educação e saúde públicas e seguridade social;Comércio e reparação de veículos automotores e motocicletas;10;True;81.8;0.826933;267.68;273.63;4.545322;3.8;;82.1;0.866122;272.12;276.55;4.651394;4.0;;88.4;0.884092;246.98;252.05;4.983833;4.4;;90.3;0.903773;249.08;252.69;5.0295;4.5;;97.2;0.972527;219.97;208.71;5.956681;5.8;;98.0;0.979882;222.22;212.41;6.066892;5.9;;92.3;0.924242;250.08;252.5;5.043;4.7;;99.5;0.994599;225.47;217.81;6.227097;6.2;;;;;;;;;94.0;0.939813;336.12;312.72;7.480667;7.0;;100.0;1.0;255.04;252.1;7.414865;7.4;;;;;;;;
3;Sudeste;31;MG;Minas Gerais;3106309;Belo Oriente;2329753.724;97365.17;2547424.817;106462.09;2089749.896;76612.16;16550.353;1411066.188;338514.54;145410.954;1911542.034;178207.862;Indústrias de transformação;Demais serviços;Administração, defesa, educação e saúde públicas e seguridade social;7;True;81.9;0.83612;275.57;274.54;4.66976;3.9;;81.9;0.83612;275.57;274.54;4.66976;3.9;;88.6;0.882938;256.03;254.66;5.178167;4.6;;90.0;0.900514;259.19;256.62;5.2635;4.7;;99.9;0.999399;229.3;211.77;6.190371;6.2;;99.9;0.999399;229.3;211.77;6.190371;6.2;;91.0;0.910335;262.31;258.55;5.347667;4.9;;;;;;;;;;;;;;;;;;;;;;;;;;;;;;;;;;;;
3;Sudeste;31;MG;Minas Gerais;3106408;Belo Vale;268616.399;31136.71;234548.437;27187.72;279867.823;36238.23;30221.271;114665.061;66037.177;59049.942;269973.45;9894.373;Indústrias extrativas;Demais serviços;Administração, defesa, educação e saúde públicas e seguridade social;6;True;74.0;0.746779;245.11;229.65;3.569945;2.7;;74.0;0.746779;245.11;229.65;3.569945;2.7;;83.7;0.833395;243.67;239.64;4.721833;3.9;;83.7;0.833395;243.67;239.64;4.721833;3.9;;99.0;0.989755;234.19;219.92;6.431873;6.4;;99.0;0.989755;234.19;219.92;6.431873;6.4;;;;;;;;;;;;;;;;;;;;;;;;;;;;;;;;;;;;;;;;;;;
3;Sudeste;31;MG;Minas Gerais;3106507;Berilo;139373.005;14184.1;123979.261;12617.47;112833.282;9551.62;7940.344;2904.866;41005.161;55913.392;107763.763;5069.519;Administração, defesa, educação e saúde públicas e seguridade social;Demais serviços;Comércio e reparação de veículos automotores e motocicletas;6;True;96.0;0.958985;267.31;265.86;4.423808;4.2;;96.0;0.958985;267.31;265.86;4.423808;4.2;;99.3;0.994408;243.92;249.46;4.889667;4.9;;99.4;0.994924;243.92;249.46;4.889667;4.9;;;;;;;;;100.0;1.0;240.24;223.99;6.621331;6.6;;;;;;;;;100.0;1.0;240.24;223.99;6.621331;6.6;;;;;;;;;;;;;;;;;;;;;;;;;;;;;
3;Sudeste;31;MG;Minas Gerais;3106606;Bertópolis;62779.568;14104.6;54639.569;12275.8;53770.091;11666.32;12086.781;1027.375;13264.041;26155.439;52533.636;1236.455;Administração, defesa, educação e saúde públicas e seguridade social;Demais serviços;Pecuária, inclusive apoio à pecuária;6;True;90.9;0.910586;258.42;263.17;4.258679;3.9;;90.9;0.910586;258.42;263.17;4.258679;3.9;;97.4;0.966144;228.97;240.1;4.4845;4.3;;97.4;0.966144;228.97;240.1;4.4845;4.3;;100.0;1.0;212.32;207.88;5.795598;5.8;;100.0;1.0;212.32;207.88;5.795598;5.8;;;;;;;;;;;;;;;;;;;;;;;;;;;;;;;;;;;;;;;;;;;
3;Sudeste;31;MG;Minas Gerais;3106655;Berizal;70040.781;16672.41;69610.835;16570.06;61006.299;12730.86;15011.5;3290.145;14130.711;26362.705;58795.062;2211.237;Administração, defesa, educação e saúde públicas e seguridade social;Demais serviços;Agricultura, inclusive apoio à agricultura e a pós colheita;6;True;89.6;0.901469;257.85;265.17;4.280614;3.9;;89.6;0.901469;257.85;265.17;4.280614;3.9;;96.5;0.966496;235.27;237.18;4.540833;4.4;;96.5;0.966496;235.27;237.18;4.540833;4.4;;100.0;1.0;222.82;202.6;5.899979;5.9;;100.0;1.0;222.82;202.6;5.899979;5.9;;;;;;;;;;;;;;;;;;;;;;;;;;;;;;;;;;;;;;;;;;;
3;Sudeste;31;MG;Minas Gerais;3106705;Betim;52614325.377;127752.43;47777093.753;116003.52;33125377.767;73608.02;18120.087;14547207.512;10568799.066;2305733.828;27439860.493;5685517.273;Indústrias de transformação;Demais serviços;Comércio e reparação de veículos automotores e motocicletas;8;True;84.1;0.84948;271.53;277.28;4.654036;4.0;;84.4;0.851778;275.36;280.34;4.753637;4.0;;89.4;0.894204;248.48;254.68;5.052667;4.5;;94.2;0.941702;252.92;259.73;5.210833;4.9;;96.0;0.961439;217.87;210.23;5.944241;5.7;;96.0;0.961688;218.5;210.81;5.966809;5.7;;95.4;0.954466;254.23;261.22;5.2575;5.0;;99.0;0.987615;264.18;253.14;7.608201;7.5;;;;;;;;;;;;;;;;;;;;;;;;;;;;;
3;Sudeste;31;MG;Minas Gerais;3106804;Bias Fortes;51304.979;15264.8;44847.977;13343.64;41582.589;12669.89;9902.897;730.463;10424.208;19080.817;40138.384;1444.205;Administração, defesa, educação e saúde públicas e seguridade social;Demais serviços;Pecuária, inclusive apoio à pecuária;6;True;88.3;0.862094;282.67;273.23;4.749868;4.1;;88.3;0.862094;282.67;273.23;4.749868;4.1;;97.9;0.975811;257.87;248.0;5.097833;5.0;;97.9;0.975811;257.87;248.0;5.097833;5.0;;98.8;0.987759;220.94;200.2;5.820465;5.7;;98.8;0.987759;220.94;200.2;5.820465;5.7;;;;;;;;;;;;;;;;;;;;;;;;;;;;;;;;;;;;;;;;;;;
3;Sudeste;31;MG;Minas Gerais;3106903;Bicas;357490.741;25575.24;324334.497;23203.21;277715.129;19005.96;7276.363;28992.22;149119.076;68588.817;253976.476;23738.652;Demais serviços;Administração, defesa, educação e saúde públicas e seguridade social;Comércio e reparação de veículos automotores e motocicletas;4;True;;;;;;;;;;;;;;;;;;;;;;81.4;0.809549;245.4;251.08;4.941333;4.0;;98.7;0.988099;210.14;199.3;5.597994;5.5;;98.7;0.988099;210.14;199.3;5.597994;5.5;;85.6;0.848232;242.47;256.82;4.988167;4.2;;;;;;;;;;;;;;;;;;;;;;;;;;;;;;;;;;;;
3;Sudeste;31;MG;Minas Gerais;3107000;Biquinhas;75633.74;31738.88;72270.877;30327.69;64472.888;25976.18;23743.555;1888.441;17238.609;18360.58;61231.186;3241.702;Administração, defesa, educação e saúde públicas e seguridade social;Pecuária, inclusive apoio à pecuária;Demais serviços;4;True;83.3;0.869076;295.1;314.56;5.543159;4.8;;83.3;0.869076;295.1;314.56;5.543159;4.8;;;;;;;;;;;;;;;;100.0;1.0;241.87;227.23;6.711347;6.7;;100.0;1.0;241.87;227.23;6.711347;6.7;;;;;;;;;;;;;;;;;;;;;;;;;;;;;;;;;;;;;;;;;;;
3;Sudeste;31;MG;Minas Gerais;3107109;Boa Esperança;1413663.549;35476.4;1317318.945;33058.6;1058479.721;26259.79;253236.648;86813.516;435466.53;191404.062;966920.757;91558.964;Demais serviços;Agricultura, inclusive apoio à agricultura e a pós colheita;Administração, defesa, educação e saúde públicas e seguridade social;7;True;87.4;0.877932;271.37;271.82;4.570052;4.0;;87.4;0.877932;271.37;271.82;4.570052;4.0;;90.5;0.904118;260.18;262.59;5.3795;4.9;;91.2;0.91141;260.18;262.59;5.3795;4.9;;99.9;0.999197;237.44;218.64;6.470623;6.5;;99.9;0.998998;239.03;221.23;6.548058;6.5;;;;;;;;;99.8;0.998592;241.61;225.44;6.67384;6.7;;;;;;;;;;;;;;;;;;;;;;;;;;;;;
3;Sudeste;31;MG;Minas Gerais;3107208;Bocaina de Minas;105938.037;19808.91;90620.557;16944.76;80210.574;15764.66;18011.899;4744.848;25665.037;27870.945;76292.728;3917.845;Administração, defesa, educação e saúde públicas e seguridade social;Demais serviços;Pecuária, inclusive apoio à pecuária;4;True;;;;;;;;;;;;;;;;;;;;;;79.4;0.765471;269.88;284.6;5.908;4.5;;96.1;0.957311;229.09;218.49;6.308545;6.0;;96.1;0.957311;229.09;218.49;6.308545;6.0;;79.4;0.765471;269.88;284.6;5.908;4.5;;;;;;;;;;;;;;;;;;;;;;;;;;;;;;;;;;;;
3;Sudeste;31;MG;Minas Gerais;3107307;Bocaiúva;1435951.111;29895.72;1462198.585;30442.18;1224913.798;24245.64;97988.592;318493.245;407070.711;238283.497;1061836.045;163077.753;Demais serviços;Indústrias de transformação;Administração, defesa, educação e saúde públicas e seguridade social;8;True;89.2;0.89648;261.94;267.07;4.366501;3.9;;89.2;0.89648;261.94;267.07;4.366501;3.9;;95.0;0.95035;241.73;248.29;4.833667;4.6;;95.2;0.952378;239.14;245.91;4.750833;4.5;;99.8;0.997984;198.61;187.9;5.170684;5.2;;100.0;0.999599;223.19;213.43;6.103949;6.1;;96.1;0.960718;214.34;223.06;3.956667;3.8;;100.0;1.0;227.08;217.46;6.251459;6.3;;;;;;;;;;;;;;;;;;;;;;;;;;;;;
3;Sudeste;31;MG;Minas Gerais;3107406;Bom Despacho;2193212.185;42391.56;2041159.4;39452.6;1814549.771;35277.82;205852.764;300936.851;863458.496;239097.479;1609345.59;205204.181;Demais serviços;Administração, defesa, educação e saúde públicas e seguridade social;Comércio e reparação de veículos automotores e motocicletas;7;True;87.1;0.877786;279.11;280.73;4.812143;4.2;;87.1;0.877786;279.11;280.73;4.812143;4.2;;92.7;0.926796;257.64;261.8;5.324;4.9;;92.8;0.927541;257.64;261.8;5.324;4.9;;99.8;0.997984;223.26;211.0;6.061103;6.0;;99.6;0.995596;230.91;218.05;6.335278;6.3;;;;;;;;;99.2;0.991793;241.47;227.79;6.713895;6.7;;;;;;;;;;;;;;;;;;;;;;;;;;;;;
3;Sudeste;31;MG;Minas Gerais;3107505;Bom Jardim de Minas;152444.959;22474.56;136882.763;20180.27;127743.333;19823.61;25773.139;9545.903;46149.528;36216.889;117685.459;10057.875;Administração, defesa, educação e saúde públicas e seguridade social;Demais serviços;Produção florestal, pesca e aquicultura;6;True;93.4;0.934319;269.46;271.46;4.537837;4.2;;93.4;0.934319;269.46;271.46;4.537837;4.2;;86.8;0.865892;260.5;262.83;5.388833;4.7;;87.5;0.872296;260.5;262.83;5.388833;4.7;;98.6;0.986118;213.74;210.29;5.866515;5.8;;98.6;0.986118;213.74;210.29;5.866515;5.8;;;;;;;;;;;;;;;;;;;;;;;;;;;;;;;;;;;;;;;;;;;
3;Sudeste;31;MG;Minas Gerais;3107604;Bom Jesus da Penha;203053.43;45385.21;230719.958;51569.06;196073.807;45918.92;84223.382;13587.88;56608.862;25676.668;180096.792;15977.015;Agricultura, inclusive apoio à agricultura e a pós colheita;Demais serviços;Administração, defesa, educação e saúde públicas e seguridade social;6;True;94.5;0.946344;295.23;290.2;5.180314;4.9;;94.5;0.946344;295.23;290.2;5.180314;4.9;;100.0;1.0;270.15;281.54;5.8615;5.9;;100.0;1.0;270.15;281.54;5.8615;5.9;;100.0;1.0;247.5;229.64;6.862608;6.9;;100.0;1.0;247.5;229.64;6.862608;6.9;;;;;;;;;;;;;;;;;;;;;;;;;;;;;;;;;;;;;;;;;;;
3;Sudeste;31;MG;Minas Gerais;3107703;Bom Jesus do Amparo;178433.21;31687.66;180460.127;32047.62;160390.079;25944.69;10695.658;4894.318;90161.081;33224.132;138975.19;21414.889;Demais serviços;Comércio e reparação de veículos automotores e motocicletas;Administração, defesa, educação e saúde públicas e seguridade social;6;True;82.8;0.846881;276.84;288.75;4.900321;4.1;;82.8;0.846881;276.84;288.75;4.900321;4.1;;95.1;0.951674;245.81;253.66;4.991167;4.7;;95.1;0.951674;245.81;253.66;4.991167;4.7;;89.1;0.882171;226.65;216.43;6.224525;5.5;;91.1;0.904583;226.65;216.43;6.224525;5.6;;;;;;;;;;;;;;;;;;;;;;;;;;;;;;;;;;;;;;;;;;;
3;Sudeste;31;MG;Minas Gerais;3107802;Bom Jesus do Galho;221367.799;15228.93;200948.842;13823.27;171083.507;11565.95;31963.253;7870.123;57638.889;65511.224;162983.489;8100.018;Administração, defesa, educação e saúde públicas e seguridade social;Demais serviços;Pecuária, inclusive apoio à pecuária;8;True;97.9;0.980099;277.87;275.39;4.714788;4.6;;97.9;0.980099;277.87;275.39;4.714788;4.6;;96.9;0.969186;259.3;257.59;5.2815;5.1;;96.3;0.962157;255.68;255.07;5.179167;5.0;;100.0;1.0;221.16;211.46;6.029391;6.0;;100.0;1.0;224.87;218.19;6.222556;6.2;;94.7;0.940829;241.43;245.13;4.776;4.5;;100.0;1.0;226.14;220.49;6.288611;6.3;;;;;;;;;;;;;;;;;;;;;;;;;;;;;
3;Sudeste;31;MG;Minas Gerais;3107901;Bom Repouso;209756.748;16582.87;185409.6;14658.04;160231.832;15221.03;35441.479;7964.453;54471.311;52598.042;150475.285;9756.546;Administração, defesa, educação e saúde públicas e seguridade social;Demais serviços;Agricultura, inclusive apoio à agricultura e a pós colheita;6;True;91.1;0.914571;268.59;271.57;4.527265;4.1;;91.1;0.914571;268.59;271.57;4.527265;4.1;;92.1;0.918887;241.9;235.41;4.621833;4.2;;92.1;0.918887;241.9;235.41;4.621833;4.2;;100.0;1.0;215.92;209.22;5.888663;5.9;;100.0;1.0;215.92;209.22;5.888663;5.9;;;;;;;;;;;;;;;;;;;;;;;;;;;;;;;;;;;;;;;;;;;
3;Sudeste;31;MG;Minas Gerais;3108008;Bom Sucesso;468362.537;27308.18;460604.6;26855.85;445214.281;25279.03;85114.337;35757.46;200577.807;79660.073;401109.677;44104.604;Demais serviços;Administração, defesa, educação e saúde públicas e seguridade social;Comércio e reparação de veículos automotores e motocicletas;6;True;96.6;0.968022;273.52;283.16;4.770009;4.6;;96.6;0.968022;273.52;283.16;4.770009;4.6;;99.4;0.99447;243.43;244.03;4.791;4.8;;99.4;0.99447;243.43;244.03;4.791;4.8;;98.3;0.982755;226.64;219.55;6.281062;6.2;;98.3;0.982755;226.64;219.55;6.281062;6.2;;;;;;;;;;;;;;;;;;;;;;;;;;;;;;;;;;;;;;;;;;;
3;Sudeste;31;MG;Minas Gerais;3108107;Bonfim;142868.422;19218.24;173878.442;23389.62;135421.514;19763.79;25976.927;17746.322;47355.33;34988.076;126066.655;9354.859;Demais serviços;Administração, defesa, educação e saúde públicas e seguridade social;Agricultura, inclusive apoio à agricultura e a pós colheita;6;True;85.0;0.862694;295.55;288.33;5.156815;4.4;;85.0;0.862694;295.55;288.33;5.156815;4.4;;63.3;0.630986;267.48;271.21;5.644833;3.6;;63.3;0.630986;267.48;271.21;5.644833;3.6;;95.5;0.956058;225.61;211.71;6.11886;5.8;;95.5;0.956058;225.61;211.71;6.11886;5.8;;;;;;;;;;;;;;;;;;;;;;;;;;;;;;;;;;;;;;;;;;;
3;Sudeste;31;MG;Minas Gerais;3108206;Bonfinópolis de Minas;473315.719;85621.51;481770.844;87151.02;458898.263;85028.4;308153.543;17675.228;83275.997;33940.444;443045.212;15853.051;Agricultura, inclusive apoio à agricultura e a pós colheita;Demais serviços;Administração, defesa, educação e saúde públicas e seguridade social;8;True;91.1;0.91675;274.91;280.89;4.75555;4.4;;91.1;0.91675;274.91;280.89;4.75555;4.4;;95.5;0.968012;250.0;239.78;4.829667;4.7;;92.4;0.923972;267.91;265.69;5.56;5.1;;100.0;1.0;215.33;210.08;5.89304;5.9;;100.0;1.0;217.06;206.25;5.856419;5.9;;90.5;0.900323;274.58;275.34;5.832;5.3;;100.0;1.0;220.71;198.22;5.780076;5.8;;;;;;;;;;;;;;;;;;;;;;;;;;;;;
3;Sudeste;31;MG;Minas Gerais;3108255;Bonito de Minas;127474.18;12492.57;107762.252;10560.79;101045.218;8785.01;12066.777;2495.683;24144.305;58373.951;97080.717;3964.501;Administração, defesa, educação e saúde públicas e seguridade social;Demais serviços;Comércio e reparação de veículos automotores e motocicletas;4;True;87.8;0.884174;245.08;239.94;3.723565;3.3;;87.8;0.884174;245.08;239.94;3.723565;3.3;;;;;;;;;;;;;;;;99.0;0.98779;201.7;198.67;5.425471;5.4;;99.2;0.991715;202.06;196.15;5.386523;5.3;;;;;;;;;;;;;;;;;;;;;;;;;;;;;;;;;;;;;;;;;;;
3;Sudeste;31;MG;Minas Gerais;3108305;Borda da Mata;465206.3;26729.85;407585.417;23419.07;374715.963;18916.45;25753.741;57542.943;163090.797;92968.662;339356.142;35359.821;Demais serviços;Administração, defesa, educação e saúde públicas e seguridade social;Indústrias de transformação;8;True;91.7;0.920036;287.78;280.19;4.925829;4.5;;91.7;0.920036;287.78;280.19;4.925829;4.5;;97.5;0.978799;262.22;263.2;5.423667;5.3;;97.1;0.972682;258.29;251.61;5.165;5.0;;99.5;0.99536;236.94;221.99;6.52199;6.5;;99.5;0.994977;233.62;218.59;6.396813;6.4;;96.7;0.967923;256.57;246.56;5.052167;4.9;;99.4;0.993221;216.64;201.19;5.756404;5.7;;;;;;;;;;;;;;;;;;;;;;;;;;;;;
3;Sudeste;31;MG;Minas Gerais;3108404;Botelhos;346226.599;23349.51;342299.683;23084.68;325977.531;21838.11;90172.433;21049.391;116047.261;70305.13;297574.216;28403.315;Demais serviços;Agricultura, inclusive apoio à agricultura e a pós colheita;Administração, defesa, educação e saúde públicas e seguridade social;8;True;88.4;0.887821;274.93;280.04;4.743106;4.2;;88.4;0.887821;274.93;280.04;4.743106;4.2;;94.0;0.94072;261.83;267.44;5.487833;5.2;;93.6;0.933973;259.93;265.03;5.416;5.1;;100.0;1.0;246.52;234.23;6.92736;6.9;;100.0;1.0;239.02;232.05;6.744594;6.7;;93.3;0.930398;257.88;262.41;5.338167;5.0;;100.0;1.0;231.14;229.77;6.552758;6.6;;;;;;;;;;;;;;;;;;;;;;;;;;;;;
3;Sudeste;31;MG;Minas Gerais;3108503;Botumirim;85707.159;14802.62;76590.394;13228.05;75744.453;12101.69;11420.577;12351.052;16149.358;33021.964;72942.95;2801.503;Administração, defesa, educação e saúde públicas e seguridade social;Demais serviços;Indústrias extrativas;6;True;91.7;0.920165;253.24;253.79;4.045507;3.7;;91.7;0.920165;253.24;253.79;4.045507;3.7;;92.6;0.921075;242.07;247.94;4.8335;4.5;;93.5;0.929989;242.07;247.94;4.8335;4.5;;;;;;;;;99.7;0.997577;223.79;211.63;6.082672;6.1;;;;;;;;;100.0;1.0;223.79;211.63;6.082672;6.1;;;;;;;;;;;;;;;;;;;;;;;;;;;;;
3;Sudeste;31;MG;Minas Gerais;3108552;Brasilândia de Minas;466968.877;31089.81;424706.83;28276.09;415060.833;24487.36;152849.974;20581.831;130324.53;80083.957;383840.291;31220.542;Agricultura, inclusive apoio à agricultura e a pós colheita;Demais serviços;Administração, defesa, educação e saúde públicas e seguridade social;6;True;86.0;0.866149;265.32;260.15;4.31038;3.7;;86.0;0.866149;265.32;260.15;4.31038;3.7;;85.2;0.852407;251.84;256.55;5.139833;4.4;;85.2;0.852407;251.84;256.55;5.139833;4.4;;98.9;0.989883;230.25;211.82;6.209409;6.1;;98.9;0.989883;230.25;211.82;6.209409;6.1;;;;;;;;;;;;;;;;;;;;;;;;;;;;;;;;;;;;;;;;;;;
3;Sudeste;31;MG;Minas Gerais;3108602;Brasília de Minas;510727.719;15947.78;443175.632;13838.43;377410.41;11626.94;18527.121;24300.244;151043.109;160688.393;354558.868;22851.542;Administração, defesa, educação e saúde públicas e seguridade social;Demais serviços;Comércio e reparação de veículos automotores e motocicletas;8;True;92.3;0.92387;264.19;268.36;4.417413;4.1;;92.3;0.92387;264.19;268.36;4.417413;4.1;;96.0;0.960489;248.86;253.53;5.039833;4.8;;96.2;0.962248;247.76;251.86;4.993667;4.8;;100.0;1.0;198.9;201.99;5.4324;5.4;;99.9;0.998996;220.62;216.26;6.106358;6.1;;97.6;0.973873;237.56;236.28;4.564;4.4;;99.9;0.998794;222.56;217.53;6.166472;6.2;;;;;;;;;;;;;;;;;;;;;;;;;;;;;
3;Sudeste;31;MG;Minas Gerais;3108701;Brás Pires;60375.527;14172.66;53895.81;12651.6;50031.931;11758.39;7155.943;1751.144;15082.132;23865.557;47854.775;2177.157;Administração, defesa, educação e saúde públicas e seguridade social;Demais serviços;Pecuária, inclusive apoio à pecuária;6;True;99.2;0.989101;294.56;293.55;5.221054;5.2;;99.2;0.989101;294.56;293.55;5.221054;5.2;;97.2;0.971641;277.43;282.76;6.003167;5.8;;97.2;0.971641;277.43;282.76;6.003167;5.8;;100.0;1.0;242.51;228.54;6.747379;6.7;;100.0;1.0;242.51;228.54;6.747379;6.7;;;;;;;;;;;;;;;;;;;;;;;;;;;;;;;;;;;;;;;;;;;
3;Sudeste;31;MG;Minas Gerais;3108800;Braúnas;224250.483;50495.49;157987.494;35574.76;213072.155;44980.4;16829.622;146910.035;17303.037;29555.629;210598.323;2473.833;Eletricidade e gás, água, esgoto, atividades de gestão de resíduos e descontaminação;Administração, defesa, educação e saúde públicas e seguridade social;Demais serviços;6;True;89.6;0.907367;249.37;272.69;4.274087;3.9;;89.6;0.907367;249.37;272.69;4.274087;3.9;;90.1;0.901443;252.94;256.0;5.149;4.6;;90.9;0.908284;252.94;256.0;5.149;4.7;;97.0;0.97441;209.42;197.6;5.553345;5.4;;97.5;0.977791;209.42;197.6;5.553345;5.4;;;;;;;;;;;;;;;;;;;;;;;;;;;;;;;;;;;;;;;;;;;
3;Sudeste;31;MG;Minas Gerais;3108909;Brazópolis;277925.932;19509.05;235936.583;16561.6;198123.272;13793.04;29318.693;13958.469;73671.181;63786.53;180734.873;17388.4;Administração, defesa, educação e saúde públicas e seguridade social;Demais serviços;Comércio e reparação de veículos automotores e motocicletas;6;True;92.8;0.934287;300.35;294.69;5.31944;5.0;;92.8;0.934287;300.35;294.69;5.31944;5.0;;89.9;0.897918;238.76;228.43;4.453167;4.0;;89.9;0.897918;238.76;228.43;4.453167;4.0;;96.8;0.96756;228.9;207.85;6.111464;5.9;;96.8;0.96756;228.9;207.85;6.111464;5.9;;;;;;;;;;;;;;;;;;;;;;;;;;;;;;;;;;;;;;;;;;;
3;Sudeste;31;MG;Minas Gerais;3109006;Brumadinho;2845329.902;73116.53;2704306.756;69492.66;4624729.058;112228.91;31031.82;2875422.352;1035487.597;310555.397;4252497.167;372231.891;Indústrias extrativas;Demais serviços;Administração, defesa, educação e saúde públicas e seguridade social;6;True;83.0;0.836216;280.64;282.8;4.86462;4.1;;83.0;0.836216;280.64;282.8;4.86462;4.1;;;;;;;;;97.3;0.973195;268.73;268.22;5.615833;5.5;;98.4;0.984498;251.28;228.46;6.913291;6.8;;98.4;0.984498;251.28;228.46;6.913291;6.8;;97.3;0.973195;268.73;268.22;5.615833;5.5;;;;;;;;;;;;;;;;;;;;;;;;;;;;;;;;;;;;
3;Sudeste;31;MG;Minas Gerais;3109105;Bueno Brandão;256721.226;23528.66;240323.525;22025.8;240684.045;21916.23;50018.336;8819.45;104549.064;51356.795;214743.644;25940.402;Demais serviços;Administração, defesa, educação e saúde públicas e seguridade social;Comércio e reparação de veículos automotores e motocicletas;6;True;94.1;0.942999;288.39;290.02;5.081552;4.8;;94.1;0.942999;288.39;290.02;5.081552;4.8;;90.5;0.900247;275.29;271.63;5.782;5.2;;90.5;0.900247;275.29;271.63;5.782;5.2;;100.0;1.0;240.06;228.9;6.707169;6.7;;100.0;1.0;240.06;228.9;6.707169;6.7;;;;;;;;;;;;;;;;;;;;;;;;;;;;;;;;;;;;;;;;;;;
3;Sudeste;31;MG;Minas Gerais;3109204;Buenópolis;191748.182;20956.09;184692.309;20184.95;180714.345;17473.83;56678.331;6805.248;55680.606;52990.324;172154.508;8559.837;Administração, defesa, educação e saúde públicas e seguridade social;Demais serviços;Produção florestal, pesca e aquicultura;6;True;94.6;0.948465;262.76;261.08;4.288347;4.1;;94.6;0.948465;262.76;261.08;4.288347;4.1;;94.3;0.943668;239.93;239.23;4.652667;4.4;;94.3;0.943668;239.93;239.23;4.652667;4.4;;98.6;0.985588;217.84;210.49;5.948396;5.9;;98.6;0.985588;217.84;210.49;5.948396;5.9;;;;;;;;;;;;;;;;;;;;;;;;;;;;;;;;;;;;;;;;;;;
3;Sudeste;31;MG;Minas Gerais;3109253;Bugre;56472.007;13974.76;47893.298;11851.84;47547.535;11934.62;10169.421;2487.727;11352.954;22121.936;46132.038;1415.497;Administração, defesa, educação e saúde públicas e seguridade social;Demais serviços;Pecuária, inclusive apoio à pecuária;6;True;93.2;0.928268;268.67;269.53;4.49785;4.2;;93.2;0.928268;268.67;269.53;4.49785;4.2;;96.2;0.958247;255.13;260.34;5.257833;5.0;;96.2;0.958247;255.13;260.34;5.257833;5.0;;100.0;1.0;229.37;223.37;6.402616;6.4;;100.0;1.0;229.37;223.37;6.402616;6.4;;;;;;;;;;;;;;;;;;;;;;;;;;;;;;;;;;;;;;;;;;;
3;Sudeste;31;MG;Minas Gerais;3109303;Buritis;1446138.643;60180.55;1440540.483;59937.61;1163750.487;46219.09;625333.434;69489.667;283058.697;131625.362;1109507.161;54243.327;Agricultura, inclusive apoio à agricultura e a pós colheita;Demais serviços;Administração, defesa, educação e saúde públicas e seguridade social;8;True;90.4;0.907298;253.71;256.24;4.088785;3.7;;90.4;0.907298;253.71;256.24;4.088785;3.7;;97.8;0.980065;237.32;248.16;4.758;4.7;;97.0;0.969735;235.97;243.94;4.665167;4.5;;99.9;0.998597;212.43;203.27;5.713879;5.7;;99.8;0.998194;214.16;204.84;5.775439;5.8;;96.6;0.963809;234.49;239.34;4.563833;4.4;;99.2;0.99301;223.26;213.05;6.098376;6.1;;;;;;;;;;;;;;;;;;;;;;;;;;;;;
3;Sudeste;31;MG;Minas Gerais;3109402;Buritizeiro;852046.429;35635.57;796395.256;33308.04;735993.917;26113.89;347004.53;24823.449;178882.634;144488.123;695198.737;40795.18;Agricultura, inclusive apoio à agricultura e a pós colheita;Administração, defesa, educação e saúde públicas e seguridade social;Demais serviços;6;True;87.0;0.878362;252.0;252.68;4.011475;3.5;;87.0;0.878362;252.0;252.68;4.011475;3.5;;91.3;0.910719;220.41;226.36;4.112833;3.7;;91.3;0.910719;220.41;226.36;4.112833;3.7;;99.9;0.998798;196.2;191.62;5.192328;5.2;;99.9;0.998798;196.2;191.62;5.192328;5.2;;;;;;;;;;;;;;;;;;;;;;;;;;;;;;;;;;;;;;;;;;;
3;Sudeste;31;MG;Minas Gerais;3109451;Cabeceira Grande;529789.018;79944.02;399518.003;60286.4;477331.539;67947.55;225232.058;130285.322;62552.876;48162.292;466232.549;11098.991;Agricultura, inclusive apoio à agricultura e a pós colheita;Eletricidade e gás, água, esgoto, atividades de gestão de resíduos e descontaminação;Demais serviços;7;True;94.0;0.94261;253.3;270.35;4.294254;4.0;;94.0;0.94261;253.3;270.35;4.294254;4.0;;97.9;0.97541;275.57;277.8;5.8895;5.7;;89.1;0.892973;261.61;258.16;5.3295;4.8;;93.2;0.929752;219.24;207.02;5.912022;5.5;;93.2;0.929752;219.24;207.02;5.912022;5.5;;86.2;0.860665;249.23;240.75;4.833;4.2;;;;;;;;;;;;;;;;;;;;;;;;;;;;;;;;;;;;
3;Sudeste;31;MG;Minas Gerais;3109501;Cabo Verde;320279.696;28070.09;383533.18;33613.78;290817.45;20663.45;102849.794;21573.367;85770.609;65700.465;275894.235;14923.215;Agricultura, inclusive apoio à agricultura e a pós colheita;Administração, defesa, educação e saúde públicas e seguridade social;Demais serviços;6;True;89.9;0.9076;266.19;265.54;4.403288;4.0;;89.9;0.9076;266.19;265.54;4.403288;4.0;;94.8;0.947871;256.57;256.17;5.212333;4.9;;94.8;0.947871;256.57;256.17;5.212333;4.9;;100.0;1.0;233.72;224.3;6.50254;6.5;;100.0;1.0;233.72;224.3;6.50254;6.5;;;;;;;;;;;;;;;;;;;;;;;;;;;;;;;;;;;;;;;;;;;
3;Sudeste;31;MG;Minas Gerais;3109600;Cachoeira da Prata;68104.771;18441.58;59241.152;16041.47;51886.001;14493.3;2452.27;3524.442;20677.181;21531.305;48185.198;3700.803;Administração, defesa, educação e saúde públicas e seguridade social;Demais serviços;Comércio e reparação de veículos automotores e motocicletas;6;True;90.8;0.911141;285.76;285.82;4.98174;4.5;;90.8;0.911141;285.76;285.82;4.98174;4.5;;;;;;;;;98.8;0.989425;244.86;260.65;5.091833;5.0;;100.0;1.0;231.35;234.95;6.650947;6.7;;100.0;1.0;231.35;234.95;6.650947;6.7;;98.8;0.989425;244.86;260.65;5.091833;5.0;;;;;;;;;;;;;;;;;;;;;;;;;;;;;;;;;;;;
3;Sudeste;31;MG;Minas Gerais;3109709;Cachoeira de Minas;609744.952;51312.38;562165.946;47304.44;536511.93;46215.17;46309.001;252817.06;117850.04;58041.822;475017.922;61494.008;Indústrias de transformação;Demais serviços;Administração, defesa, educação e saúde públicas e seguridade social;6;True;92.4;0.93533;279.4;283.05;4.850947;4.5;;92.4;0.93533;279.4;283.05;4.850947;4.5;;97.6;0.975402;268.9;269.19;5.634833;5.5;;97.6;0.975402;268.9;269.19;5.634833;5.5;;99.1;0.991199;252.48;233.26;7.023464;7.0;;99.1;0.991199;252.48;233.26;7.023464;7.0;;;;;;;;;;;;;;;;;;;;;;;;;;;;;;;;;;;;;;;;;;;
3;Sudeste;31;MG;Minas Gerais;3109808;Cachoeira Dourada;156899.526;67775.17;158178.689;68327.73;131487.17;48340.87;67604.068;4096.368;25181.597;30774.634;127656.668;3830.502;Agricultura, inclusive apoio à agricultura e a pós colheita;Administração, defesa, educação e saúde públicas e seguridade social;Demais serviços;6;True;96.5;0.968839;267.73;286.53;4.739138;4.6;;96.5;0.968839;267.73;286.53;4.739138;4.6;;;;;;;;;92.4;0.923791;258.31;253.27;5.193;4.8;;100.0;1.0;214.44;209.37;5.863146;5.9;;100.0;1.0;214.44;209.37;5.863146;5.9;;92.4;0.923791;258.31;253.27;5.193;4.8;;;;;;;;;;;;;;;;;;;;;;;;;;;;;;;;;;;;
3;Sudeste;31;MG;Minas Gerais;3109907;Caetanópolis;361893.796;31647.91;364668.968;31890.6;315208.237;26557.27;34268.433;89381.341;103505.93;59323.035;286478.739;28729.497;Demais serviços;Indústrias de transformação;Administração, defesa, educação e saúde públicas e seguridade social;7;True;78.6;0.795362;269.17;259.09;4.348585;3.5;;78.6;0.795362;269.17;259.09;4.348585;3.5;;88.9;0.88809;226.25;211.29;3.959;3.5;;92.6;0.925665;247.62;241.31;4.8155;4.5;;100.0;1.0;228.62;215.26;6.240848;6.2;;100.0;1.0;228.62;215.26;6.240848;6.2;;95.1;0.950934;265.99;267.13;5.552;5.3;;;;;;;;;;;;;;;;;;;;;;;;;;;;;;;;;;;;
3;Sudeste;31;MG;Minas Gerais;3110004;Caeté;1004130.96;25895.68;981110.751;25302.01;1074947.112;23696.04;28647.39;288272.681;457283.934;212203.595;986407.6;88539.512;Demais serviços;Indústrias extrativas;Administração, defesa, educação e saúde públicas e seguridade social;6;True;91.1;0.910562;267.59;271.65;4.514418;4.1;;91.1;0.910562;267.59;271.65;4.514418;4.1;;96.4;0.964202;266.89;267.52;5.5735;5.4;;96.4;0.964202;266.89;267.52;5.5735;5.4;;97.1;0.970165;226.82;214.77;6.197588;6.0;;97.1;0.970165;226.82;214.77;6.197588;6.0;;;;;;;;;;;;;;;;;;;;;;;;;;;;;;;;;;;;;;;;;;;
3;Sudeste;31;MG;Minas Gerais;3110103;Caiana;103763.571;19563.27;110448.482;20823.62;88660.684;15877.63;28005.176;3063.193;24721.646;28688.442;84478.457;4182.227;Administração, defesa, educação e saúde públicas e seguridade social;Agricultura, inclusive apoio à agricultura e a pós colheita;Demais serviços;6;True;78.9;0.787346;249.54;239.98;3.786804;3.0;;78.9;0.787346;249.54;239.98;3.786804;3.0;;95.0;0.9486;236.98;236.44;4.557;4.3;;95.0;0.9486;236.98;236.44;4.557;4.3;;96.1;0.960111;219.69;211.76;6.006792;5.8;;96.1;0.960111;219.69;211.76;6.006792;5.8;;;;;;;;;;;;;;;;;;;;;;;;;;;;;;;;;;;;;;;;;;;
3;Sudeste;31;MG;Minas Gerais;3110202;Cajuri;128295.673;31383.48;116040.22;28385.57;97287.292;24561.3;17232.604;19175.252;27774.822;24144.484;88327.162;8960.13;Administração, defesa, educação e saúde públicas e seguridade social;Demais serviços;Indústrias de transformação;6;True;86.7;0.896908;289.99;293.17;5.15118;4.6;;86.7;0.896908;289.99;293.17;5.15118;4.6;;;;;;;;;86.3;0.854931;253.34;259.48;5.213667;4.5;;95.0;0.949642;255.19;235.61;7.117909;6.8;;95.0;0.949642;255.19;235.61;7.117909;6.8;;86.3;0.854931;253.34;259.48;5.213667;4.5;;;;;;;;;;;;;;;;;;;;;;;;;;;;;;;;;;;;
3;Sudeste;31;MG;Minas Gerais;3110301;Caldas;372573.576;26206.2;350443.422;24649.6;337630.432;23125.37;70050.617;52566.544;121056.479;68526.1;312199.739;25430.693;Demais serviços;Administração, defesa, educação e saúde públicas e seguridade social;Agricultura, inclusive apoio à agricultura e a pós colheita;6;True;;;;;;;;87.2;0.869452;282.76;285.37;4.932869;4.3;;95.2;0.95229;269.42;268.58;5.633333;5.4;;95.2;0.95229;269.42;268.58;5.633333;5.4;;99.6;0.995989;241.78;233.77;6.828539;6.8;;99.6;0.995989;241.78;233.77;6.828539;6.8;;;;;;;;;;;;;;;;;;;;;;;;;;;;;;;;;;;;;65.1;0.544253;269.18;267.56;4.475521;2.4;
3;Sudeste;31;MG;Minas Gerais;3110400;Camacho;89250.729;31448.46;87991.951;31004.92;70858.411;24958.93;33931.869;2596.695;14281.297;18152.91;68962.77;1895.641;Agricultura, inclusive apoio à agricultura e a pós colheita;Administração, defesa, educação e saúde públicas e seguridade social;Demais serviços;6;True;96.9;0.964286;284.52;281.26;4.896061;4.7;;96.9;0.964286;284.52;281.26;4.896061;4.7;;98.0;0.972973;247.48;245.95;4.8905;4.8;;98.0;0.972973;247.48;245.95;4.8905;4.8;;100.0;1.0;238.31;226.97;6.638681;6.6;;100.0;1.0;238.31;226.97;6.638681;6.6;;;;;;;;;;;;;;;;;;;;;;;;;;;;;;;;;;;;;;;;;;;
3;Sudeste;31;MG;Minas Gerais;3110509;Camanducaia;1318309.628;50515.75;1203932.7;46132.99;987747.099;45245.16;18711.018;311300.123;380153.222;116115.071;826279.434;161467.665;Demais serviços;Indústrias de transformação;Administração, defesa, educação e saúde públicas e seguridade social;7;True;75.4;0.761862;264.76;268.07;4.421078;3.4;;75.4;0.761862;264.76;268.07;4.421078;3.4;;75.9;0.719608;237.39;244.51;4.698333;3.4;;85.2;0.84812;235.19;241.98;4.6195;3.9;;98.6;0.985907;215.22;205.94;5.815668;5.7;;98.6;0.985907;215.22;205.94;5.815668;5.7;;94.2;0.938799;207.69;210.47;3.636;3.4;;;;;;;;;;;;;;;;;;;;;;;;;;;;;;;;;;;;
3;Sudeste;31;MG;Minas Gerais;3110608;Cambuí;2451442.898;82998.47;2137683.143;72375.51;1864549.399;62011.09;37785.401;723524.136;597713.335;145938.704;1504961.575;359587.824;Indústrias de transformação;Demais serviços;Comércio e reparação de veículos automotores e motocicletas;6;True;94.2;0.942265;250.42;253.43;4.000511;3.8;;94.2;0.942265;250.42;253.43;4.000511;3.8;;97.9;0.978856;257.38;260.33;5.295167;5.2;;98.1;0.980622;257.38;260.33;5.295167;5.2;;99.9;0.999399;232.35;218.76;6.375668;6.4;;99.9;0.999399;232.35;218.76;6.375668;6.4;;;;;;;;;;;;;;;;;;;;;;;;;;;;;;;;;;;;;;;;;;;
3;Sudeste;31;MG;Minas Gerais;3110707;Cambuquira;455158.505;36965.69;377194.915;30633.88;370830.035;28948.48;177702.841;12646.34;105640.007;60222.948;356212.135;14617.899;Agricultura, inclusive apoio à agricultura e a pós colheita;Demais serviços;Administração, defesa, educação e saúde públicas e seguridade social;7;True;89.8;0.901336;255.7;264.74;4.24398;3.8;;89.8;0.901336;255.7;264.74;4.24398;3.8;;92.8;0.928292;231.75;233.61;4.422667;4.1;;92.8;0.928292;231.75;233.61;4.422667;4.1;;98.5;0.984188;227.11;214.65;6.20094;6.1;;98.8;0.987963;221.7;209.82;6.009878;5.9;;;;;;;;;100.0;1.0;195.58;186.45;5.086495;5.1;;;;;;;;;;;;;;;;;;;;;;;;;;;;;
3;Sudeste;31;MG;Minas Gerais;3110806;Campanário;61166.633;20925.98;52824.637;18072.06;53457.815;14297.36;6982.226;1858.495;18931.903;23141.669;50914.294;2543.521;Administração, defesa, educação e saúde públicas e seguridade social;Demais serviços;Pecuária, inclusive apoio à pecuária;6;True;88.1;0.88372;248.55;245.84;3.860625;3.4;;88.1;0.88372;248.55;245.84;3.860625;3.4;;90.6;0.896483;236.47;244.67;4.685667;4.2;;90.6;0.896483;236.47;244.67;4.685667;4.2;;92.4;0.917102;197.77;195.0;5.283744;4.8;;92.4;0.917102;197.77;195.0;5.283744;4.8;;;;;;;;;;;;;;;;;;;;;;;;;;;;;;;;;;;;;;;;;;;
3;Sudeste;31;MG;Minas Gerais;3110905;Campanha;561946.528;35264.92;503353.006;31587.89;439921.353;26100.35;89039.904;41508.836;187157.956;80427.548;398134.244;41787.109;Demais serviços;Agricultura, inclusive apoio à agricultura e a pós colheita;Administração, defesa, educação e saúde públicas e seguridade social;4;True;;;;;;;;;;;;;;;93.4;0.933054;258.33;253.85;5.203;4.9;;93.4;0.933054;258.33;253.85;5.203;4.9;;99.1;0.991724;204.12;201.79;5.528382;5.5;;99.1;0.991724;204.12;201.79;5.528382;5.5;;;;;;;;;;;;;;;;;;;;;;;;;;;;;;;;;;;;;;;;;;;
3;Sudeste;31;MG;Minas Gerais;3111002;Campestre;564549.397;27278.19;548000.841;26478.59;486409.555;23105.15;144884.383;24462.072;182490.982;101379.47;453216.907;33192.648;Demais serviços;Agricultura, inclusive apoio à agricultura e a pós colheita;Administração, defesa, educação e saúde públicas e seguridade social;6;True;78.6;0.804693;285.55;292.1;5.072802;4.1;;78.6;0.804693;285.55;292.1;5.072802;4.1;;;;;;;;;86.9;0.871121;268.53;270.82;5.655833;4.9;;94.9;0.948362;249.62;242.16;7.130702;6.8;;94.9;0.948362;249.62;242.16;7.130702;6.8;;87.6;0.874391;277.46;275.32;5.879667;5.1;;;;;;;;;;;;;;;;;;;;;;;;;;;;;;;;;;;;
3;Sudeste;31;MG;Minas Gerais;3111101;Campina Verde;677668.025;37625.23;589743.17;32743.5;536761.379;27165.41;176587.522;31233.238;196153.127;96570.669;500544.555;36216.823;Demais serviços;Pecuária, inclusive apoio à pecuária;Administração, defesa, educação e saúde públicas e seguridade social;6;True;87.2;0.8732;267.23;262.59;4.373733;3.8;;87.8;0.877405;267.23;262.59;4.373733;3.8;;99.2;0.992475;250.9;258.78;5.161333;5.1;;99.3;0.992979;250.9;258.78;5.161333;5.1;;99.9;0.998592;215.19;201.83;5.740368;5.7;;99.9;0.998592;215.19;201.83;5.740368;5.7;;;;;;;;;;;;;;;;;;;;;;;;;;;;;;;;;;;;;;;;;;;
3;Sudeste;31;MG;Minas Gerais;3111150;Campo Azul;52497.209;14134.95;46710.972;12577.0;40651.172;10613.88;5503.989;1196.604;9901.739;22831.281;39433.613;1217.559;Administração, defesa, educação e saúde públicas e seguridade social;Demais serviços;Pecuária, inclusive apoio à pecuária;2;True;;;;;;;;;;;;;;;;;;;;;;;;;;;;;99.5;0.995314;214.14;200.17;5.690149;5.7;;99.5;0.995314;214.14;200.17;5.690149;5.7;;;;;;;;;;;;;;;;;;;;;;;;;;;;;;;;;;;;;;;;;;;
3;Sudeste;31;MG;Minas Gerais;3111200;Campo Belo;1458095.82;27891.73;1406838.448;26911.23;1242918.006;22873.83;83676.67;172027.431;597180.737;263549.18;1116434.018;126483.988;Demais serviços;Administração, defesa, educação e saúde públicas e seguridade social;Comércio e reparação de veículos automotores e motocicletas;6;True;92.5;0.929989;283.59;287.3;4.973418;4.6;;92.5;0.929989;283.59;287.3;4.973418;4.6;;94.5;0.944777;256.05;262.3;5.305833;5.0;;94.5;0.944777;256.05;262.3;5.305833;5.0;;100.0;0.999599;239.83;226.64;6.661688;6.7;;100.0;0.999599;239.83;226.64;6.661688;6.7;;;;;;;;;;;;;;;;;;;;;;;;;;;;;;;;;;;;;;;;;;;
3;Sudeste;31;MG;Minas Gerais;3111309;Campo do Meio;244375.088;21479.75;262698.72;23090.33;231123.873;19842.37;68689.894;9918.854;78444.917;60604.755;217658.42;13465.453;Administração, defesa, educação e saúde públicas e seguridade social;Agricultura, inclusive apoio à agricultura e a pós colheita;Demais serviços;6;True;82.8;0.834919;278.8;282.74;4.837879;4.0;;82.8;0.834919;278.8;282.74;4.837879;4.0;;88.4;0.880926;260.7;261.04;5.362333;4.7;;88.4;0.880926;260.7;261.04;5.362333;4.7;;99.8;0.998187;233.24;218.6;6.389743;6.4;;99.8;0.998187;233.24;218.6;6.389743;6.4;;;;;;;;;;;;;;;;;;;;;;;;;;;;;;;;;;;;;;;;;;;
3;Sudeste;31;MG;Minas Gerais;3111408;Campo Florido;1054872.158;124601.01;810468.941;95732.22;710761.859;84786.1;316157.202;126995.301;159104.935;52504.659;654762.098;55999.761;Agricultura, inclusive apoio à agricultura e a pós colheita;Demais serviços;Indústrias de transformação;6;True;75.5;0.760558;259.54;260.72;4.237733;3.2;;75.5;0.760558;259.54;260.72;4.237733;3.2;;83.8;0.835509;234.25;235.52;4.496167;3.8;;83.8;0.835509;234.25;235.52;4.496167;3.8;;98.5;0.985507;218.93;201.74;5.810106;5.7;;98.5;0.985507;218.93;201.74;5.810106;5.7;;;;;;;;;;;;;;;;;;;;;;;;;;;;;;;;;;;;;;;;;;;
3;Sudeste;31;MG;Minas Gerais;3111507;Campos Altos;524859.21;40439.11;583445.596;44953.05;434229.067;27726.78;161757.97;15884.169;146887.417;78850.73;403380.286;30848.781;Agricultura, inclusive apoio à agricultura e a pós colheita;Demais serviços;Administração, defesa, educação e saúde públicas e seguridade social;7;True;82.8;0.83601;271.96;280.78;4.712471;3.9;;82.8;0.83601;271.96;280.78;4.712471;3.9;;92.3;0.91803;257.16;262.36;5.325333;4.9;;80.3;0.795978;247.52;255.27;5.0465;4.0;;98.6;0.984949;222.3;210.72;6.037692;5.9;;98.6;0.984949;222.3;210.72;6.037692;5.9;;67.6;0.664729;235.25;246.24;4.6915;3.1;;;;;;;;;;;;;;;;;;;;;;;;;;;;;;;;;;;;
3;Sudeste;31;MG;Minas Gerais;3111606;Campos Gerais;841149.655;32221.78;924910.369;35430.39;704524.7;24371.27;272058.254;32998.192;232207.928;130321.821;667586.194;36938.506;Agricultura, inclusive apoio à agricultura e a pós colheita;Demais serviços;Administração, defesa, educação e saúde públicas e seguridade social;7;True;87.3;0.876199;277.56;274.7;4.700104;4.1;;87.3;0.876199;277.56;274.7;4.700104;4.1;;91.0;0.910564;243.35;245.99;4.822333;4.4;;89.4;0.894341;243.97;246.12;4.834833;4.3;;100.0;1.0;231.93;219.89;6.388198;6.4;;100.0;1.0;231.93;219.89;6.388198;6.4;;85.4;0.851257;246.36;246.61;4.882833;4.2;;;;;;;;;;;;;;;;;;;;;;;;;;;;;;;;;;;;
3;Sudeste;31;MG;Minas Gerais;3111705;Canaã;102038.527;21641.26;86362.762;18316.6;77436.816;17082.91;30614.632;2229.784;15746.309;26306.953;74897.679;2539.137;Administração, defesa, educação e saúde públicas e seguridade social;Demais serviços;Agricultura, inclusive apoio à agricultura e a pós colheita;6;True;85.5;0.85897;283.76;292.73;5.057093;4.3;;85.5;0.85897;283.76;292.73;5.057093;4.3;;91.2;0.905619;263.73;257.26;5.349833;4.8;;91.2;0.905619;263.73;257.26;5.349833;4.8;;;;;;;;;99.3;0.993221;213.33;209.31;5.840872;5.8;;;;;;;;;100.0;1.0;213.33;209.31;5.840872;5.8;;;;;;;;;;;;;;;;;;;;;;;;;;;;;
3;Sudeste;31;MG;Minas Gerais;3111804;Canápolis;937761.455;88401.34;853757.751;80482.44;677858.345;55330.86;203270.458;176479.708;160607.541;60186.179;600543.886;77314.458;Agricultura, inclusive apoio à agricultura e a pós colheita;Indústrias de transformação;Demais serviços;7;True;80.1;0.819878;274.36;279.74;4.73061;3.9;;80.1;0.819878;274.36;279.74;4.73061;3.9;;87.0;0.870467;263.17;272.26;5.5905;4.9;;87.0;0.870467;263.17;272.26;5.5905;4.9;;99.8;0.997577;222.44;218.63;6.184182;6.2;;99.8;0.998187;228.73;223.47;6.39222;6.4;;;;;;;;;100.0;1.0;237.07;229.9;6.668289;6.7;;;;;;;;;;;;;;;;;;;;;;;;;;;;;
3;Sudeste;31;MG;Minas Gerais;3111903;Cana Verde;95423.162;18099.99;87296.33;16558.48;80057.324;14334.35;16528.229;4023.717;25763.171;29549.188;75864.304;4193.02;Administração, defesa, educação e saúde públicas e seguridade social;Demais serviços;Agricultura, inclusive apoio à agricultura e a pós colheita;6;True;94.6;0.95104;284.7;287.66;4.994397;4.7;;94.6;0.95104;284.7;287.66;4.994397;4.7;;93.0;0.929056;242.09;246.46;4.809167;4.5;;93.0;0.929056;242.09;246.46;4.809167;4.5;;100.0;1.0;217.69;208.39;5.907351;5.9;;100.0;1.0;217.69;208.39;5.907351;5.9;;;;;;;;;;;;;;;;;;;;;;;;;;;;;;;;;;;;;;;;;;;
3;Sudeste;31;MG;Minas Gerais;3112000;Candeias;442692.446;31618.63;440351.227;31451.41;371166.103;24927.21;111262.081;38950.969;123596.246;71962.375;345771.672;25394.431;Demais serviços;Agricultura, inclusive apoio à agricultura e a pós colheita;Administração, defesa, educação e saúde públicas e seguridade social;6;True;90.4;0.905804;270.05;277.29;4.633399;4.2;;90.4;0.905804;270.05;277.29;4.633399;4.2;;98.8;0.988113;255.67;259.79;5.257667;5.2;;98.8;0.988113;255.67;259.79;5.257667;5.2;;99.3;0.993333;241.05;227.93;6.708425;6.7;;99.3;0.993333;241.05;227.93;6.708425;6.7;;;;;;;;;;;;;;;;;;;;;;;;;;;;;;;;;;;;;;;;;;;
3;Sudeste;31;MG;Minas Gerais;3112059;Cantagalo;63289.423;15925.87;60320.118;15178.69;56752.368;12404.89;10127.733;5994.49;13391.478;25368.687;54882.388;1869.98;Administração, defesa, educação e saúde públicas e seguridade social;Demais serviços;Pecuária, inclusive apoio à pecuária;4;True;;;;;;;;;;;;;;;98.0;0.981206;229.96;233.09;4.384167;4.3;;98.0;0.981206;229.96;233.09;4.384167;4.3;;99.6;0.995521;219.23;193.89;5.673104;5.6;;99.6;0.995521;219.23;193.89;5.673104;5.6;;;;;;;;;;;;;;;;;;;;;;;;;;;;;;;;;;;;;;;;;;;
3;Sudeste;31;MG;Minas Gerais;3112109;Caparaó;129595.914;25672.72;157695.984;31239.3;97643.19;17870.28;31825.889;3496.798;30137.345;26722.382;92182.414;5460.776;Agricultura, inclusive apoio à agricultura e a pós colheita;Administração, defesa, educação e saúde públicas e seguridade social;Demais serviços;4;True;;;;;;;;;;;;;;;92.5;0.92077;235.43;239.76;4.5865;4.2;;92.5;0.92077;235.43;239.76;4.5865;4.2;;97.4;0.971058;198.95;186.7;5.155354;5.0;;97.4;0.971058;198.95;186.7;5.155354;5.0;;;;;;;;;;;;;;;;;;;;;;;;;;;;;;;;;;;;;;;;;;;
3;Sudeste;31;MG;Minas Gerais;3112208;Capela Nova;70184.031;16089.87;69779.46;15997.13;62458.118;13530.79;9941.526;2034.823;21289.41;26072.509;59338.269;3119.85;Administração, defesa, educação e saúde públicas e seguridade social;Demais serviços;Agricultura, inclusive apoio à agricultura e a pós colheita;6;True;87.2;0.87205;281.52;264.48;4.602728;4.0;;87.2;0.87205;281.52;264.48;4.602728;4.0;;97.2;0.97218;254.56;254.54;5.151667;5.0;;97.2;0.97218;254.56;254.54;5.151667;5.0;;98.9;0.988712;223.18;233.81;6.474304;6.4;;98.9;0.988712;223.18;233.81;6.474304;6.4;;;;;;;;;;;;;;;;;;;;;;;;;;;;;;;;;;;;;;;;;;;
3;Sudeste;31;MG;Minas Gerais;3112307;Capelinha;1111827.021;28058.02;1025592.041;25883.1;887590.26;23161.98;178060.367;92507.999;362086.373;177523.951;810178.69;77411.571;Demais serviços;Administração, defesa, educação e saúde públicas e seguridade social;Comércio e reparação de veículos automotores e motocicletas;7;True;84.6;0.852073;274.8;277.67;4.705801;4.0;;84.6;0.852073;274.8;277.67;4.705801;4.0;;97.6;0.975937;255.37;251.95;5.122;5.0;;97.6;0.975937;255.37;251.95;5.122;5.0;;100.0;1.0;238.78;221.51;6.548378;6.5;;100.0;1.0;238.93;223.23;6.582513;6.6;;;;;;;;;100.0;1.0;238.98;223.89;6.595467;6.6;;;;;;;;;;;;;;;;;;;;;;;;;;;;;
3;Sudeste;31;MG;Minas Gerais;3112406;Capetinga;233337.821;35558.95;228950.08;34890.29;207247.831;30211.05;90840.931;15335.143;53391.154;36350.212;195917.439;11330.391;Agricultura, inclusive apoio à agricultura e a pós colheita;Demais serviços;Administração, defesa, educação e saúde públicas e seguridade social;6;True;89.2;0.894917;280.47;286.83;4.922562;4.4;;89.2;0.894917;280.47;286.83;4.922562;4.4;;95.0;0.947617;275.97;275.98;5.865833;5.6;;95.0;0.947617;275.97;275.98;5.865833;5.6;;99.8;0.998187;229.19;218.86;6.31718;6.3;;99.8;0.998187;229.19;218.86;6.31718;6.3;;;;;;;;;;;;;;;;;;;;;;;;;;;;;;;;;;;;;;;;;;;
3;Sudeste;31;MG;Minas Gerais;3112505;Capim Branco;179521.31;16835.91;139813.094;13111.98;123368.567;12466.51;3774.489;19507.669;48783.835;43607.816;115673.81;7694.757;Administração, defesa, educação e saúde públicas e seguridade social;Demais serviços;Indústrias extrativas;6;True;88.4;0.889154;246.57;237.63;3.709911;3.3;;88.4;0.889154;246.57;237.63;3.709911;3.3;;90.8;0.905131;233.04;237.05;4.5015;4.1;;90.8;0.905131;233.04;237.05;4.5015;4.1;;99.8;0.998592;225.98;216.03;6.204466;6.2;;99.8;0.998592;225.98;216.03;6.204466;6.2;;;;;;;;;;;;;;;;;;;;;;;;;;;;;;;;;;;;;;;;;;;
3;Sudeste;31;MG;Minas Gerais;3112604;Capinópolis;861973.729;58817.72;821467.012;56053.7;666436.501;40900.73;279994.257;51279.868;206932.359;81236.396;619442.881;46993.62;Agricultura, inclusive apoio à agricultura e a pós colheita;Demais serviços;Administração, defesa, educação e saúde públicas e seguridade social;6;True;65.4;0.687446;264.44;270.11;4.447122;3.1;;65.4;0.687446;264.44;270.11;4.447122;3.1;;98.1;0.981632;252.18;263.29;5.257833;5.2;;98.1;0.981632;252.18;263.29;5.257833;5.2;;99.9;0.998794;223.11;213.06;6.095695;6.1;;99.9;0.998794;223.11;213.06;6.095695;6.1;;;;;;;;;;;;;;;;;;;;;;;;;;;;;;;;;;;;;;;;;;;
3;Sudeste;31;MG;Minas Gerais;3112653;Capitão Andrade;71144.447;15516.78;63863.259;13928.74;60791.774;10935.74;8380.581;3338.592;16602.485;30412.844;58734.502;2057.273;Administração, defesa, educação e saúde públicas e seguridade social;Demais serviços;Pecuária, inclusive apoio à pecuária;4;True;84.3;0.861907;285.79;292.54;5.08276;4.4;;84.3;0.861907;285.79;292.54;5.08276;4.4;;87.6;0.880948;260.75;248.03;5.146333;4.5;;87.6;0.880948;260.75;248.03;5.146333;4.5;;;;;;;;;;;;;;;;;;;;;;;;;;;;;;;;;;;;;;;;;;;;;;;;;;;;;;;;;
3;Sudeste;31;MG;Minas Gerais;3112703;Capitão Enéas;580397.935;41139.63;624275.416;44249.75;501415.48;32584.84;34685.264;239445.026;108565.212;74979.688;457675.19;43740.29;Indústrias de transformação;Demais serviços;Administração, defesa, educação e saúde públicas e seguridade social;7;True;83.8;0.842509;245.04;247.32;3.833482;3.2;;83.8;0.842509;245.04;247.32;3.833482;3.2;;92.8;0.928639;232.74;237.61;4.505833;4.2;;93.2;0.93253;225.74;229.64;4.256333;4.0;;99.3;0.993173;193.87;190.63;5.129862;5.1;;99.3;0.993173;193.87;190.63;5.129862;5.1;;94.5;0.942361;205.05;206.12;3.5195;3.3;;;;;;;;;;;;;;;;;;;;;;;;;;;;;;;;;;;;
3;Sudeste;31;MG;Minas Gerais;3112802;Capitólio;443828.847;42758.08;406754.834;39186.4;328593.834;37799.82;48235.768;25816.248;166821.008;53770.136;294643.16;33950.674;Demais serviços;Administração, defesa, educação e saúde públicas e seguridade social;Comércio e reparação de veículos automotores e motocicletas;7;True;77.3;0.789144;276.61;282.03;4.796492;3.8;;77.3;0.789144;276.61;282.03;4.796492;3.8;;91.2;0.911249;268.04;259.6;5.460667;5.0;;91.2;0.911249;268.04;259.6;5.460667;5.0;;100.0;1.0;245.56;226.28;6.764494;6.8;;100.0;1.0;249.14;226.43;6.835542;6.8;;;;;;;;;100.0;1.0;254.07;226.65;6.933626;6.9;;;;;;;;;;;;;;;;;;;;;;;;;;;;;
3;Sudeste;31;MG;Minas Gerais;3112901;Caputira;196871.684;22031.3;184180.913;20611.11;143709.109;15422.74;50931.428;5062.201;35861.499;45107.414;136962.542;6746.567;Agricultura, inclusive apoio à agricultura e a pós colheita;Administração, defesa, educação e saúde públicas e seguridade social;Demais serviços;6;True;83.6;0.846736;268.16;275.48;4.579758;3.9;;83.6;0.846736;268.16;275.48;4.579758;3.9;;84.2;0.841369;255.86;269.45;5.421833;4.6;;85.9;0.857531;255.86;269.45;5.421833;4.6;;96.2;0.963566;205.9;192.21;5.388169;5.2;;96.2;0.963566;205.9;192.21;5.388169;5.2;;;;;;;;;;;;;;;;;;;;;;;;;;;;;;;;;;;;;;;;;;;
3;Sudeste;31;MG;Minas Gerais;3113008;Caraí;273822.674;14007.71;224636.593;11491.54;210367.062;8812.29;22223.454;22098.152;51314.401;103732.462;199368.469;10998.593;Administração, defesa, educação e saúde públicas e seguridade social;Demais serviços;Indústrias de transformação;8;True;84.4;0.848842;261.47;261.85;4.281756;3.6;;84.4;0.848842;261.47;261.85;4.281756;3.6;;82.5;0.824668;237.31;242.99;4.671667;3.9;;85.1;0.850841;236.14;241.78;4.632;3.9;;99.6;0.995773;196.14;188.58;5.13591;5.1;;99.8;0.998195;204.83;192.8;5.378477;5.4;;90.8;0.907653;227.23;232.62;4.330833;3.9;;100.0;1.0;205.97;193.36;5.410414;5.4;;;;;;;;;;;;;;;;;;;;;;;;;;;;;
3;Sudeste;31;MG;Minas Gerais;3113107;Caranaíba;49306.416;16810.92;45883.589;15643.91;41464.6;13163.36;9041.347;1261.878;9489.772;20710.765;40503.762;960.838;Administração, defesa, educação e saúde públicas e seguridade social;Demais serviços;Pecuária, inclusive apoio à pecuária;6;True;91.5;0.90444;274.24;286.17;4.825182;4.4;;91.5;0.90444;274.24;286.17;4.825182;4.4;;93.4;0.934155;259.05;264.21;5.387667;5.0;;93.4;0.934155;259.05;264.21;5.387667;5.0;;97.0;0.968629;236.87;239.03;6.830473;6.6;;97.0;0.968629;236.87;239.03;6.830473;6.6;;;;;;;;;;;;;;;;;;;;;;;;;;;;;;;;;;;;;;;;;;;
3;Sudeste;31;MG;Minas Gerais;3113206;Carandaí;883368.72;37097.63;885252.397;37176.73;751464.877;29091.59;134522.672;173881.191;231825.599;127095.458;667324.921;84139.957;Demais serviços;Indústrias de transformação;Administração, defesa, educação e saúde públicas e seguridade social;8;True;95.7;0.964517;268.4;270.41;4.507231;4.3;;95.7;0.964517;268.4;270.41;4.507231;4.3;;98.2;0.981465;263.04;252.34;5.256333;5.2;;94.0;0.938543;262.24;257.03;5.321167;5.0;;100.0;1.0;234.3;225.52;6.53579;6.5;;99.9;0.999197;232.87;225.07;6.500319;6.5;;92.7;0.92384;262.02;258.31;5.338833;4.9;;99.6;0.995106;228.97;223.83;6.403346;6.4;;;;;;;;;;;;;;;;;;;;;;;;;;;;;
3;Sudeste;31;MG;Minas Gerais;3113305;Carangola;780302.918;24977.69;700417.017;22420.52;639119.4;19354.35;42749.474;64493.459;336033.016;155698.845;598974.793;40144.607;Demais serviços;Administração, defesa, educação e saúde públicas e seguridade social;Comércio e reparação de veículos automotores e motocicletas;7;True;79.7;0.810793;262.2;273.45;4.465661;3.6;;79.7;0.810793;262.2;273.45;4.465661;3.6;;78.0;0.780206;241.88;244.58;4.774333;3.7;;78.6;0.786474;241.88;244.58;4.774333;3.8;;95.5;0.954013;200.0;192.62;5.283028;5.0;;97.8;0.978316;198.86;195.61;5.315636;5.2;;;;;;;;;99.4;0.994898;198.32;197.02;5.330967;5.3;;;;;;;;;;;;;;;;;;;;;;;;;;;;;
3;Sudeste;31;MG;Minas Gerais;3113404;Caratinga;2871549.04;32870.3;2647811.935;30309.2;2283105.29;24516.83;104000.531;296532.34;1186097.187;421633.425;2008263.483;274841.807;Demais serviços;Administração, defesa, educação e saúde públicas e seguridade social;Comércio e reparação de veículos automotores e motocicletas;6;True;92.7;0.931062;271.03;282.76;4.729049;4.4;;92.7;0.931062;271.03;282.76;4.729049;4.4;;95.4;0.954439;250.76;257.12;5.131333;4.9;;95.4;0.954439;250.76;257.12;5.131333;4.9;;96.4;0.966183;240.86;225.24;6.65589;6.4;;96.4;0.966183;240.86;225.24;6.65589;6.4;;;;;;;;;;;;;;;;;;;;;;;;;;;;;;;;;;;;;;;;;;;
3;Sudeste;31;MG;Minas Gerais;3113503;Carbonita;199921.931;23487.07;178673.077;20990.73;220651.953;23416.32;102942.077;9269.749;54080.059;44846.58;211138.465;9513.488;Produção florestal, pesca e aquicultura;Administração, defesa, educação e saúde públicas e seguridade social;Demais serviços;6;True;87.7;0.887734;280.86;281.44;4.847351;4.3;;87.7;0.887734;280.86;281.44;4.847351;4.3;;98.6;0.985901;244.83;250.54;4.922833;4.9;;98.7;0.986914;244.83;250.54;4.922833;4.9;;100.0;1.0;203.19;192.29;5.337906;5.3;;100.0;1.0;203.19;192.29;5.337906;5.3;;;;;;;;;;;;;;;;;;;;;;;;;;;;;;;;;;;;;;;;;;;
3;Sudeste;31;MG;Minas Gerais;3113602;Careaçu;199576.245;29280.55;252765.616;37084.16;174237.688;25525.59;29068.986;9929.709;81613.19;34981.769;155593.655;18644.033;Demais serviços;Comércio e reparação de veículos automotores e motocicletas;Administração, defesa, educação e saúde públicas e seguridade social;6;True;93.2;0.928235;259.45;253.02;4.121199;3.8;;93.2;0.928235;259.45;253.02;4.121199;3.8;;98.6;0.985615;252.66;249.92;5.043;5.0;;98.6;0.985615;252.66;249.92;5.043;5.0;;96.9;0.970293;223.51;208.5;6.02042;5.8;;96.9;0.970293;223.51;208.5;6.02042;5.8;;;;;;;;;;;;;;;;;;;;;;;;;;;;;;;;;;;;;;;;;;;
3;Sudeste;31;MG;Minas Gerais;3113701;Carlos Chagas;629831.916;33834.64;503873.002;27068.12;474668.638;25635.59;96101.691;79357.204;156400.431;99217.14;431076.466;43592.172;Demais serviços;Administração, defesa, educação e saúde públicas e seguridade social;Pecuária, inclusive apoio à pecuária;7;True;89.7;0.905418;261.51;258.16;4.227078;3.8;;89.7;0.905418;261.51;258.16;4.227078;3.8;;89.8;0.897089;242.42;246.09;4.8085;4.3;;89.9;0.899122;241.01;241.98;4.7165;4.2;;96.0;0.958353;198.88;197.11;5.343291;5.1;;96.0;0.958353;198.88;197.11;5.343291;5.1;;90.0;0.904272;236.82;229.8;4.443667;4.0;;;;;;;;;;;;;;;;;;;;;;;;;;;;;;;;;;;;
3;Sudeste;31;MG;Minas Gerais;3113800;Carmésia;45529.016;17477.55;38251.709;14683.96;39784.623;14956.63;7740.779;741.394;11234.337;18622.545;38339.055;1445.568;Administração, defesa, educação e saúde públicas e seguridade social;Demais serviços;Produção florestal, pesca e aquicultura;6;True;95.3;0.947135;276.15;274.3;4.674313;4.4;;95.3;0.947135;276.15;274.3;4.674313;4.4;;;;;;;;;98.4;0.984416;261.9;262.81;5.411833;5.3;;100.0;1.0;219.7;203.75;5.861346;5.9;;100.0;1.0;219.7;203.75;5.861346;5.9;;100.0;1.0;261.9;262.81;5.411833;5.4;;;;;;;;;;;;;;;;;;;;;;;;;;;;;;;;;;;;
3;Sudeste;31;MG;Minas Gerais;3113909;Carmo da Cachoeira;367737.882;31847.05;363858.929;31511.12;321614.48;26376.98;131351.205;16448.983;93962.139;63987.859;305750.186;15864.294;Agricultura, inclusive apoio à agricultura e a pós colheita;Demais serviços;Administração, defesa, educação e saúde públicas e seguridade social;6;True;75.8;0.77708;268.18;279.35;4.637973;3.6;;75.8;0.77708;268.18;279.35;4.637973;3.6;;94.6;0.94526;255.1;260.79;5.264833;5.0;;94.6;0.94526;255.1;260.79;5.264833;5.0;;99.9;0.998592;223.87;207.56;6.010199;6.0;;99.9;0.998592;223.87;207.56;6.010199;6.0;;;;;;;;;;;;;;;;;;;;;;;;;;;;;;;;;;;;;;;;;;;
3;Sudeste;31;MG;Minas Gerais;3114006;Carmo da Mata;315081.702;28594.4;286356.67;25987.54;265586.209;23002.44;28206.188;70658.254;80345.598;58352.81;237562.85;28023.359;Demais serviços;Indústrias de transformação;Administração, defesa, educação e saúde públicas e seguridade social;6;True;92.3;0.924605;268.05;272.6;4.5351;4.2;;92.3;0.924605;268.05;272.6;4.5351;4.2;;98.6;0.985906;241.85;246.25;4.801667;4.7;;98.7;0.986669;241.85;246.25;4.801667;4.7;;100.0;1.0;239.51;228.86;6.695945;6.7;;100.0;1.0;239.51;228.86;6.695945;6.7;;;;;;;;;;;;;;;;;;;;;;;;;;;;;;;;;;;;;;;;;;;
3;Sudeste;31;MG;Minas Gerais;3114105;Carmo de Minas;330268.118;23937.68;325942.412;23624.15;290552.709;19330.23;65775.67;9721.433;113443.415;74986.251;263926.77;26625.939;Administração, defesa, educação e saúde públicas e seguridade social;Demais serviços;Agricultura, inclusive apoio à agricultura e a pós colheita;8;True;89.8;0.904127;273.09;274.37;4.632383;4.2;;92.2;0.925805;297.39;295.26;5.2864;4.9;;94.8;0.948659;242.6;238.43;4.683833;4.4;;94.8;0.948659;242.6;238.43;4.683833;4.4;;92.8;0.929968;197.87;183.79;5.081834;4.7;;94.6;0.948605;214.67;201.33;5.721354;5.4;;;;;;;;;100.0;1.0;232.05;219.49;6.383215;6.4;;97.7;0.976936;341.49;333.17;6.473297;6.3;;;;;;;;;;;;;;;;;;;;;;
3;Sudeste;31;MG;Minas Gerais;3114204;Carmo do Cajuru;779792.824;33212.35;677622.069;28860.77;627198.732;27388.59;84364.293;133000.421;213543.969;120319.445;551228.129;75970.603;Demais serviços;Administração, defesa, educação e saúde públicas e seguridade social;Indústrias de transformação;6;True;89.7;0.90198;279.22;279.01;4.78794;4.3;;89.7;0.90198;279.22;279.01;4.78794;4.3;;90.1;0.900385;253.44;249.56;5.05;4.5;;90.1;0.900385;253.44;249.56;5.05;4.5;;99.6;0.995987;227.78;217.37;6.263181;6.2;;99.6;0.995987;227.78;217.37;6.263181;6.2;;;;;;;;;;;;;;;;;;;;;;;;;;;;;;;;;;;;;;;;;;;
3;Sudeste;31;MG;Minas Gerais;3114303;Carmo do Paranaíba;1195268.635;41200.53;1178412.467;40619.51;1060015.283;34939.03;268998.802;115656.542;412065.703;160570.439;957291.485;102723.798;Demais serviços;Administração, defesa, educação e saúde públicas e seguridade social;Agricultura, inclusive apoio à agricultura e a pós colheita;7;True;92.0;0.924598;281.5;282.64;4.874304;4.5;;92.0;0.924598;281.5;282.64;4.874304;4.5;;96.5;0.965463;257.46;265.21;5.377833;5.2;;96.5;0.965463;257.46;265.21;5.377833;5.2;;99.9;0.999399;243.5;233.4;6.854636;6.9;;99.9;0.999399;243.19;232.56;6.833447;6.8;;;;;;;;;100.0;1.0;238.47;219.9;6.513189;6.5;;;;;;;;;;;;;;;;;;;;;;;;;;;;;
3;Sudeste;31;MG;Minas Gerais;3114402;Carmo do Rio Claro;843686.622;40263.75;919850.955;43898.59;694496.823;32590.18;239318.224;96409.622;213444.583;102746.939;651919.367;42577.456;Agricultura, inclusive apoio à agricultura e a pós colheita;Demais serviços;Administração, defesa, educação e saúde públicas e seguridade social;4;True;;;;;;;;;;;;;;;92.1;0.921396;252.74;253.5;5.104;4.7;;93.9;0.939547;252.74;253.5;5.104;4.8;;100.0;1.0;227.69;212.13;6.166191;6.2;;100.0;1.0;227.69;212.13;6.166191;6.2;;;;;;;;;;;;;;;;;;;;;;;;;;;;;;;;;;;;;;;;;;;
3;Sudeste;31;MG;Minas Gerais;3114501;Carmópolis de Minas;541381.493;30071.74;484160.214;27081.34;461514.728;23360.74;46689.361;78527.333;185391.555;100944.635;411552.884;49961.845;Demais serviços;Administração, defesa, educação e saúde públicas e seguridade social;Indústrias de transformação;7;True;87.3;0.88055;268.71;265.9;4.44407;3.9;;87.3;0.88055;268.71;265.9;4.44407;3.9;;89.4;0.892977;263.86;267.43;5.5215;4.9;;91.7;0.916706;259.47;257.99;5.291;4.9;;99.0;0.99032;242.99;222.24;6.641994;6.6;;99.0;0.99032;242.99;222.24;6.641994;6.6;;95.8;0.959851;251.38;240.6;4.866333;4.7;;;;;;;;;;;;;;;;;;;;;;;;;;;;;;;;;;;;
3;Sudeste;31;MG;Minas Gerais;3114550;Carneirinho;684511.571;72650.35;450482.593;47811.78;406710.011;40256.36;145993.566;64168.523;101791.717;66442.083;378395.889;28314.122;Agricultura, inclusive apoio à agricultura e a pós colheita;Demais serviços;Administração, defesa, educação e saúde públicas e seguridade social;6;True;90.7;0.914516;271.26;275.71;4.626741;4.2;;90.7;0.914516;271.26;275.71;4.626741;4.2;;88.3;0.885335;253.4;261.52;5.248667;4.6;;88.3;0.885335;253.4;261.52;5.248667;4.6;;100.0;1.0;217.11;208.32;5.89501;5.9;;100.0;1.0;217.11;208.32;5.89501;5.9;;;;;;;;;;;;;;;;;;;;;;;;;;;;;;;;;;;;;;;;;;;
3;Sudeste;31;MG;Minas Gerais;3114600;Carrancas;174306.657;43049.31;165827.812;40955.25;177635.925;43839.07;101935.699;6057.64;38559.758;24295.605;170848.702;6787.223;Agricultura, inclusive apoio à agricultura e a pós colheita;Demais serviços;Administração, defesa, educação e saúde públicas e seguridade social;6;True;89.5;0.900697;267.08;259.66;4.327764;3.9;;89.5;0.900697;267.08;259.66;4.327764;3.9;;94.0;0.939078;247.94;256.64;5.076333;4.8;;94.0;0.939078;247.94;256.64;5.076333;4.8;;97.5;0.973957;219.48;199.7;5.783511;5.6;;97.5;0.973957;219.48;199.7;5.783511;5.6;;;;;;;;;;;;;;;;;;;;;;;;;;;;;;;;;;;;;;;;;;;
3;Sudeste;31;MG;Minas Gerais;3114709;Carvalhópolis;86223.977;25807.84;90885.43;27203.06;71383.976;19752.07;27209.186;3843.624;16305.316;21744.144;69102.27;2281.705;Agricultura, inclusive apoio à agricultura e a pós colheita;Administração, defesa, educação e saúde públicas e seguridade social;Demais serviços;4;True;;;;;;;;;;;;;;;;;;;;;;86.4;0.859315;269.66;264.04;5.561667;4.8;;96.2;0.960289;240.15;209.38;6.353977;6.1;;96.2;0.960289;240.15;209.38;6.353977;6.1;;86.4;0.859315;269.66;264.04;5.561667;4.8;;;;;;;;;;;;;;;;;;;;;;;;;;;;;;;;;;;;
3;Sudeste;31;MG;Minas Gerais;3114808;Carvalhos;103815.761;23477.11;92014.573;20808.36;80681.819;18151.14;23841.093;4493.927;23305.223;24719.404;76359.646;4322.173;Administração, defesa, educação e saúde públicas e seguridade social;Pecuária, inclusive apoio à pecuária;Demais serviços;6;True;80.6;0.795845;269.35;268.02;4.484795;3.6;;80.6;0.795845;269.35;268.02;4.484795;3.6;;93.8;0.938824;244.37;254.71;4.984667;4.7;;93.8;0.938824;244.37;254.71;4.984667;4.7;;100.0;1.0;241.46;219.5;6.562977;6.6;;100.0;1.0;241.46;219.5;6.562977;6.6;;;;;;;;;;;;;;;;;;;;;;;;;;;;;;;;;;;;;;;;;;;
3;Sudeste;31;MG;Minas Gerais;3114907;Casa Grande;81954.28;37016.39;70928.084;32036.17;69227.776;30754.23;37939.696;1750.519;11960.402;16278.376;67928.993;1298.783;Agricultura, inclusive apoio à agricultura e a pós colheita;Administração, defesa, educação e saúde públicas e seguridade social;Demais serviços;6;True;88.7;0.896089;279.98;294.24;5.026608;4.5;;88.7;0.896089;279.98;294.24;5.026608;4.5;;;;;;;;;94.6;0.950071;270.48;263.8;5.571333;5.3;;95.5;0.958304;265.73;250.59;7.591418;7.3;;95.5;0.958304;265.73;250.59;7.591418;7.3;;94.6;0.950071;270.48;263.8;5.571333;5.3;;;;;;;;;;;;;;;;;;;;;;;;;;;;;;;;;;;;
3;Sudeste;31;MG;Minas Gerais;3115003;Cascalho Rico;101297.044;37351.42;94876.289;34983.88;79984.125;25734.92;35711.081;2843.66;16354.339;22686.734;77595.814;2388.31;Agricultura, inclusive apoio à agricultura e a pós colheita;Administração, defesa, educação e saúde públicas e seguridade social;Demais serviços;6;True;96.9;0.970658;261.14;264.76;4.320684;4.2;;96.9;0.970658;261.14;264.76;4.320684;4.2;;;;;;;;;100.0;1.0;263.87;265.24;5.485167;5.5;;100.0;1.0;245.88;224.27;6.734056;6.7;;100.0;1.0;245.88;224.27;6.734056;6.7;;100.0;1.0;263.87;265.24;5.485167;5.5;;;;;;;;;;;;;;;;;;;;;;;;;;;;;;;;;;;;
3;Sudeste;31;MG;Minas Gerais;3115102;Cássia;519892.094;30305.57;497327.064;28990.21;436340.926;24595.06;108634.81;26671.041;174014.19;95578.322;404898.362;31442.563;Demais serviços;Administração, defesa, educação e saúde públicas e seguridade social;Agricultura, inclusive apoio à agricultura e a pós colheita;7;True;85.6;0.861807;262.56;260.67;4.2794;3.7;;85.6;0.861807;262.56;260.67;4.2794;3.7;;95.3;0.952781;258.89;255.06;5.2325;5.0;;95.3;0.952781;258.89;255.06;5.2325;5.0;;99.9;0.998794;221.39;207.62;5.963962;6.0;;99.9;0.998996;221.81;207.43;5.968523;6.0;;;;;;;;;100.0;1.0;225.86;205.64;6.013267;6.0;;;;;;;;;;;;;;;;;;;;;;;;;;;;;
3;Sudeste;31;MG;Minas Gerais;3115201;Conceição da Barra de Minas;87501.098;24578.96;70759.31;19876.21;68717.423;17445.4;26902.269;2320.768;15065.383;22222.446;66510.865;2206.558;Administração, defesa, educação e saúde públicas e seguridade social;Pecuária, inclusive apoio à pecuária;Demais serviços;6;True;95.0;0.950726;265.82;256.89;4.2686;4.1;;95.0;0.950726;265.82;256.89;4.2686;4.1;;97.0;0.970337;249.93;259.25;5.153;5.0;;97.0;0.970337;249.93;259.25;5.153;5.0;;97.6;0.97755;239.17;209.68;6.340729;6.2;;97.6;0.97755;239.17;209.68;6.340729;6.2;;;;;;;;;;;;;;;;;;;;;;;;;;;;;;;;;;;;;;;;;;;
3;Sudeste;31;MG;Minas Gerais;3115300;Cataguases;2139615.681;32290.72;1821409.036;27488.4;1650830.841;21738.05;18175.748;308926.001;742839.833;339664.667;1409606.249;241224.592;Demais serviços;Administração, defesa, educação e saúde públicas e seguridade social;Indústrias de transformação;8;True;90.5;0.906013;265.45;270.08;4.460858;4.0;;90.5;0.906013;265.45;270.08;4.460858;4.0;;93.1;0.93053;249.01;257.52;5.108833;4.8;;92.2;0.921361;245.82;252.98;4.98;4.6;;97.4;0.972511;214.49;203.41;5.755737;5.6;;98.7;0.987475;219.24;210.27;5.971113;5.9;;88.4;0.883274;230.26;230.82;4.351333;3.8;;99.9;0.998597;222.2;214.55;6.10542;6.1;;;;;;;;;;;;;;;;;;;;;;;;;;;;;
3;Sudeste;31;MG;Minas Gerais;3115359;Catas Altas;1779684.141;325175.25;2139892.535;390990.78;5032326.985;920828.36;7502.002;4069095.452;874596.042;41799.95;4992993.446;39333.539;Indústrias extrativas;Demais serviços;Administração, defesa, educação e saúde públicas e seguridade social;6;True;94.7;0.947048;286.4;288.77;5.03489;4.8;;94.7;0.947048;286.4;288.77;5.03489;4.8;;;;;;;;;90.5;0.904421;247.48;255.09;5.042833;4.6;;100.0;1.0;234.13;224.24;6.509273;6.5;;100.0;1.0;234.13;224.24;6.509273;6.5;;91.8;0.920952;246.46;251.3;4.962667;4.6;;;;;;;;;;;;;;;;;;;;;;;;;;;;;;;;;;;;
3;Sudeste;31;MG;Minas Gerais;3115409;Catas Altas da Noruega;51640.222;16604.57;43876.248;14108.12;40784.593;11128.13;7976.485;1561.76;10231.243;19634.837;39404.324;1380.269;Administração, defesa, educação e saúde públicas e seguridade social;Demais serviços;Produção florestal, pesca e aquicultura;6;True;96.4;0.964937;268.03;276.94;4.599789;4.4;;96.4;0.964937;268.03;276.94;4.599789;4.4;;96.3;0.96051;254.65;250.95;5.093333;4.9;;96.3;0.96051;254.65;250.95;5.093333;4.9;;;;;;;;;100.0;1.0;207.73;209.82;5.743275;5.7;;;;;;;;;100.0;1.0;207.73;209.82;5.743275;5.7;;;;;;;;;;;;;;;;;;;;;;;;;;;;;
3;Sudeste;31;MG;Minas Gerais;3115458;Catuji;109879.753;15630.12;106417.719;15137.66;83308.243;13423.82;5941.277;1973.977;32998.783;36113.22;77027.257;6280.985;Administração, defesa, educação e saúde públicas e seguridade social;Demais serviços;Comércio e reparação de veículos automotores e motocicletas;7;True;89.0;0.89506;262.03;254.49;4.179441;3.7;;89.0;0.89506;262.03;254.49;4.179441;3.7;;77.8;0.777292;232.53;233.79;4.438667;3.5;;77.8;0.777292;232.53;233.79;4.438667;3.5;;100.0;1.0;198.79;198.89;5.373937;5.4;;100.0;1.0;206.43;201.69;5.570647;5.6;;;;;;;;;100.0;1.0;210.72;203.27;5.681245;5.7;;;;;;;;;;;;;;;;;;;;;;;;;;;;;
3;Sudeste;31;MG;Minas Gerais;3115474;Catuti;70828.424;14945.86;63502.878;13400.06;56837.881;11496.34;8850.972;2102.864;14254.245;29902.574;55110.654;1727.227;Administração, defesa, educação e saúde públicas e seguridade social;Demais serviços;Agricultura, inclusive apoio à agricultura e a pós colheita;6;True;93.4;0.939038;252.98;256.43;4.081377;3.8;;93.4;0.939038;252.98;256.43;4.081377;3.8;;100.0;1.0;251.37;257.47;5.147333;5.1;;100.0;1.0;251.37;257.47;5.147333;5.1;;100.0;1.0;226.73;206.41;6.04387;6.0;;100.0;1.0;226.73;206.41;6.04387;6.0;;;;;;;;;;;;;;;;;;;;;;;;;;;;;;;;;;;;;;;;;;;
3;Sudeste;31;MG;Minas Gerais;3115508;Caxambu;464910.514;22079.72;403602.655;19168.06;371251.642;17214.67;4114.692;26170.004;210935.791;102847.147;344067.635;27184.007;Demais serviços;Administração, defesa, educação e saúde públicas e seguridade social;Comércio e reparação de veículos automotores e motocicletas;7;True;90.2;0.906168;258.65;262.97;4.258916;3.9;;90.2;0.906168;258.65;262.97;4.258916;3.9;;93.2;0.931336;247.84;257.17;5.0835;4.7;;93.2;0.931336;247.84;257.17;5.0835;4.7;;97.2;0.970892;228.39;218.28;6.291368;6.1;;97.4;0.973884;222.94;214.11;6.111542;6.0;;;;;;;;;98.5;0.986526;199.53;196.2;5.33915;5.3;;;;;;;;;;;;;;;;;;;;;;;;;;;;;
3;Sudeste;31;MG;Minas Gerais;3115607;Cedro do Abaeté;27974.963;25878.78;24732.525;22879.3;22396.128;19474.89;4871.435;768.933;5408.999;10687.128;21736.496;659.632;Administração, defesa, educação e saúde públicas e seguridade social;Demais serviços;Pecuária, inclusive apoio à pecuária;2;True;;;;;;;;;;;;;;;;;;;;;;;;;;;;;100.0;1.0;232.39;209.7;6.211704;6.2;;100.0;1.0;232.39;209.7;6.211704;6.2;;;;;;;;;;;;;;;;;;;;;;;;;;;;;;;;;;;;;;;;;;;
3;Sudeste;31;MG;Minas Gerais;3115706;Central de Minas;100033.962;16210.33;90002.815;14584.8;87042.746;12330.75;7154.954;3502.731;36061.379;34462.449;81181.512;5861.233;Administração, defesa, educação e saúde públicas e seguridade social;Demais serviços;Comércio e reparação de veículos automotores e motocicletas;7;True;93.8;0.947707;262.75;273.25;4.470392;4.2;;93.8;0.947707;262.75;273.25;4.470392;4.2;;98.1;0.980966;239.21;241.0;4.670167;4.6;;98.1;0.980966;239.21;241.0;4.670167;4.6;;100.0;1.0;234.6;220.76;6.45497;6.5;;100.0;1.0;228.46;216.76;6.265067;6.3;;;;;;;;;100.0;1.0;209.65;204.54;5.683916;5.7;;;;;;;;;;;;;;;;;;;;;;;;;;;;;
3;Sudeste;31;MG;Minas Gerais;3115805;Centralina;448883.432;43978.0;435047.79;42622.49;351125.237;33948.1;112549.865;13009.926;145931.419;50200.34;321691.55;29433.687;Agricultura, inclusive apoio à agricultura e a pós colheita;Demais serviços;Comércio e reparação de veículos automotores e motocicletas;8;True;82.2;0.822263;260.38;273.89;4.446686;3.7;;82.2;0.822263;260.38;273.89;4.446686;3.7;;91.7;0.917681;245.19;245.32;4.841833;4.4;;86.9;0.871137;242.25;244.26;4.775167;4.2;;99.8;0.997577;227.68;211.51;6.154727;6.1;;99.8;0.998187;228.16;208.63;6.111524;6.1;;82.7;0.831219;239.94;243.43;4.722833;3.9;;100.0;1.0;229.16;202.61;6.021153;6.0;;;;;;;;;;;;;;;;;;;;;;;;;;;;;
3;Sudeste;31;MG;Minas Gerais;3115904;Chácara;62303.794;20261.4;53962.412;17548.75;47144.785;14659.45;5965.613;2792.578;15890.277;20703.233;45351.702;1793.083;Administração, defesa, educação e saúde públicas e seguridade social;Demais serviços;Pecuária, inclusive apoio à pecuária;4;True;82.8;0.838949;252.74;252.45;4.018425;3.4;;82.8;0.838949;252.74;252.45;4.018425;3.4;;;;;;;;;92.8;0.931567;245.04;250.75;4.929833;4.6;;;;;;;;;;;;;;;;92.8;0.931567;245.04;250.75;4.929833;4.6;;;;;;;;;;;;;;;;;;;;;;;;;;;;;;;;;;;;
3;Sudeste;31;MG;Minas Gerais;3116001;Chalé;139735.953;23001.8;139717.017;22998.69;114190.871;20051.07;24671.602;20141.476;32967.276;29456.608;107236.962;6953.908;Administração, defesa, educação e saúde públicas e seguridade social;Demais serviços;Eletricidade e gás, água, esgoto, atividades de gestão de resíduos e descontaminação;7;True;89.4;0.891848;271.67;277.79;4.663637;4.2;;89.4;0.891848;271.67;277.79;4.663637;4.2;;99.3;0.992066;258.87;253.21;5.201333;5.2;;99.4;0.99389;258.87;253.21;5.201333;5.2;;100.0;1.0;200.22;202.56;5.467954;5.5;;100.0;1.0;207.32;206.42;5.673632;5.7;;;;;;;;;100.0;1.0;214.43;210.29;5.879683;5.9;;;;;;;;;;;;;;;;;;;;;;;;;;;;;
3;Sudeste;31;MG;Minas Gerais;3116100;Chapada do Norte;121416.36;11745.8;107816.533;10430.16;111106.167;7245.74;9747.358;2798.551;28007.703;67398.157;107951.77;3154.398;Administração, defesa, educação e saúde públicas e seguridade social;Demais serviços;Pecuária, inclusive apoio à pecuária;6;True;96.9;0.969905;265.7;252.49;4.201046;4.1;;96.9;0.969905;265.7;252.49;4.201046;4.1;;96.6;0.967004;256.54;252.91;5.1575;5.0;;96.6;0.967004;256.54;252.91;5.1575;5.0;;100.0;1.0;210.89;194.9;5.532307;5.5;;100.0;1.0;210.89;194.9;5.532307;5.5;;;;;;;;;;;;;;;;;;;;;;;;;;;;;;;;;;;;;;;;;;;
3;Sudeste;31;MG;Minas Gerais;3116159;Chapada Gaúcha;581136.991;47036.58;408892.107;33095.27;403132.561;28355.67;167954.306;12310.249;119277.55;71358.422;370900.527;32232.034;Agricultura, inclusive apoio à agricultura e a pós colheita;Administração, defesa, educação e saúde públicas e seguridade social;Demais serviços;8;True;90.8;0.908301;253.62;256.55;4.092162;3.7;;90.8;0.908301;253.62;256.55;4.092162;3.7;;95.3;0.950406;240.9;240.4;4.688333;4.5;;96.6;0.965115;245.25;246.77;4.867;4.7;;99.8;0.997168;206.84;191.64;5.395745;5.4;;99.5;0.99517;206.96;192.1;5.406398;5.4;;98.8;0.988177;265.74;276.73;5.707833;5.6;;98.3;0.981942;207.14;192.86;5.423652;5.3;;;;;;;;;;;;;;;;;;;;;;;;;;;;;
3;Sudeste;31;MG;Minas Gerais;3116209;Chiador;47110.405;16825.14;43149.683;15410.6;37246.518;14018.26;5728.675;1219.895;11501.668;17371.927;35822.164;1424.354;Administração, defesa, educação e saúde públicas e seguridade social;Demais serviços;Pecuária, inclusive apoio à pecuária;2;True;;;;;;;;;;;;;;;;;;;;;;93.8;0.94025;233.65;240.66;4.571833;4.3;;;;;;;;;;;;;;;;93.8;0.94025;233.65;240.66;4.571833;4.3;;;;;;;;;;;;;;;;;;;;;;;;;;;;;;;;;;;;
3;Sudeste;31;MG;Minas Gerais;3116308;Cipotânea;80891.274;14494.05;73126.387;13102.74;73286.98;10760.09;9276.877;4925.841;23672.516;32354.955;70230.189;3056.79;Administração, defesa, educação e saúde públicas e seguridade social;Demais serviços;Comércio e reparação de veículos automotores e motocicletas;6;True;86.9;0.871361;258.44;260.56;4.219888;3.7;;86.9;0.871361;258.44;260.56;4.219888;3.7;;91.1;0.911008;245.8;234.48;4.671333;4.3;;91.1;0.911008;245.8;234.48;4.671333;4.3;;;;;;;;;100.0;1.0;250.45;232.89;6.977997;7.0;;;;;;;;;100.0;1.0;250.45;232.89;6.977997;7.0;;;;;;;;;;;;;;;;;;;;;;;;;;;;;
3;Sudeste;31;MG;Minas Gerais;3116407;Claraval;261983.45;56243.76;222237.225;47710.87;181971.492;37342.81;40499.048;52485.658;44195.448;27345.802;164525.956;17445.536;Indústrias de transformação;Agricultura, inclusive apoio à agricultura e a pós colheita;Demais serviços;6;True;89.9;0.901505;251.01;248.74;3.938588;3.6;;89.9;0.901505;251.01;248.74;3.938588;3.6;;96.9;0.967371;265.1;271.23;5.6055;5.4;;96.9;0.967371;265.1;271.23;5.6055;5.4;;99.7;0.996141;224.27;215.89;6.169287;6.1;;99.7;0.996141;224.27;215.89;6.169287;6.1;;;;;;;;;;;;;;;;;;;;;;;;;;;;;;;;;;;;;;;;;;;
3;Sudeste;31;MG;Minas Gerais;3116506;Claro dos Poções;113053.412;15776.36;103826.524;14488.77;83711.607;11194.38;16941.823;3968.339;21610.689;37788.255;80309.105;3402.502;Administração, defesa, educação e saúde públicas e seguridade social;Demais serviços;Pecuária, inclusive apoio à pecuária;6;True;85.7;0.863454;257.05;266.27;4.285845;3.7;;85.7;0.863454;257.05;266.27;4.285845;3.7;;89.9;0.90048;239.98;239.97;4.665833;4.2;;89.9;0.90048;239.98;239.97;4.665833;4.2;;100.0;1.0;217.56;212.62;5.981779;6.0;;100.0;1.0;217.56;212.62;5.981779;6.0;;;;;;;;;;;;;;;;;;;;;;;;;;;;;;;;;;;;;;;;;;;
3;Sudeste;31;MG;Minas Gerais;3116605;Cláudio;1426309.747;47293.01;1275084.483;42278.74;1117593.155;38414.5;63594.446;344830.648;397074.35;142788.71;948288.154;169305.001;Indústrias de transformação;Demais serviços;Administração, defesa, educação e saúde públicas e seguridade social;7;True;93.5;0.939729;281.29;287.42;4.942911;4.6;;93.5;0.939729;281.29;287.42;4.942911;4.6;;96.7;0.967174;265.13;258.15;5.388;5.2;;97.7;0.977712;260.49;254.03;5.242;5.1;;100.0;1.0;236.11;221.35;6.494514;6.5;;100.0;1.0;236.11;221.35;6.494514;6.5;;100.0;1.0;246.36;241.49;4.7975;4.8;;;;;;;;;;;;;;;;;;;;;;;;;;;;;;;;;;;;
3;Sudeste;31;MG;Minas Gerais;3116704;Coimbra;149609.32;21021.4;151928.285;21347.24;139786.795;18318.28;30316.332;9817.797;51562.858;35801.435;127498.422;12288.373;Demais serviços;Administração, defesa, educação e saúde públicas e seguridade social;Agricultura, inclusive apoio à agricultura e a pós colheita;6;True;91.2;0.913471;284.04;288.56;4.998601;4.6;;91.2;0.913471;284.04;288.56;4.998601;4.6;;94.4;0.938953;269.67;270.66;5.672167;5.3;;94.4;0.938953;269.67;270.66;5.672167;5.3;;100.0;1.0;239.29;217.65;6.487929;6.5;;100.0;1.0;239.29;217.65;6.487929;6.5;;;;;;;;;;;;;;;;;;;;;;;;;;;;;;;;;;;;;;;;;;;
3;Sudeste;31;MG;Minas Gerais;3116803;Coluna;134747.624;16507.12;129330.222;15843.47;121199.153;13757.0;19687.388;5164.635;45747.556;41676.418;112275.997;8923.156;Administração, defesa, educação e saúde públicas e seguridade social;Demais serviços;Comércio e reparação de veículos automotores e motocicletas;7;True;81.5;0.807419;271.51;258.21;4.368276;3.5;;81.5;0.807419;271.51;258.21;4.368276;3.5;;89.9;0.899993;241.74;246.37;4.801833;4.3;;89.9;0.899993;241.74;246.37;4.801833;4.3;;100.0;1.0;196.65;183.06;5.045279;5.0;;100.0;1.0;224.82;220.25;6.259056;6.3;;;;;;;;;100.0;1.0;236.09;235.13;6.744678;6.7;;;;;;;;;;;;;;;;;;;;;;;;;;;;;
3;Sudeste;31;MG;Minas Gerais;3116902;Comendador Gomes;225389.957;81280.19;170475.429;61476.89;154777.439;49481.28;91934.066;5376.9;27966.132;22891.74;148168.838;6608.601;Agricultura, inclusive apoio à agricultura e a pós colheita;Pecuária, inclusive apoio à pecuária;Demais serviços;6;True;93.1;0.929069;282.15;289.49;4.985978;4.6;;93.1;0.929069;282.15;289.49;4.985978;4.6;;;;;;;;;97.9;0.975193;262.13;258.54;5.3445;5.2;;100.0;1.0;210.82;200.65;5.635517;5.6;;100.0;1.0;210.82;200.65;5.635517;5.6;;97.9;0.975193;262.13;258.54;5.3445;5.2;;;;;;;;;;;;;;;;;;;;;;;;;;;;;;;;;;;;
3;Sudeste;31;MG;Minas Gerais;3117009;Comercinho;84176.078;12639.05;77172.227;11587.42;68103.583;10281.34;6389.46;2185.374;20096.449;36711.611;65382.894;2720.689;Administração, defesa, educação e saúde públicas e seguridade social;Demais serviços;Pecuária, inclusive apoio à pecuária;6;True;87.5;0.881505;269.25;256.81;4.315576;3.8;;87.5;0.881505;269.25;256.81;4.315576;3.8;;84.2;0.841745;234.67;232.39;4.451;3.7;;87.4;0.872401;234.67;232.39;4.451;3.9;;100.0;1.0;185.01;184.27;4.845142;4.8;;100.0;1.0;185.01;184.27;4.845142;4.8;;;;;;;;;;;;;;;;;;;;;;;;;;;;;;;;;;;;;;;;;;;
3;Sudeste;31;MG;Minas Gerais;3117108;Conceição da Aparecida;325806.067;31415.11;340024.864;32786.12;274187.309;26488.97;106234.989;11048.721;88947.559;51505.719;257736.988;16450.322;Agricultura, inclusive apoio à agricultura e a pós colheita;Demais serviços;Administração, defesa, educação e saúde públicas e seguridade social;4;True;;;;;;;;;;;;;;;93.4;0.934781;260.5;267.41;5.465167;5.1;;93.4;0.934781;260.5;267.41;5.465167;5.1;;99.7;0.996759;242.21;231.0;6.786381;6.8;;99.7;0.996759;242.21;231.0;6.786381;6.8;;;;;;;;;;;;;;;;;;;;;;;;;;;;;;;;;;;;;;;;;;;
3;Sudeste;31;MG;Minas Gerais;3117207;Conceição das Pedras;78789.51;28423.34;78460.543;28304.67;61046.91;21694.0;23760.534;2036.71;15332.758;17632.359;58762.361;2284.549;Agricultura, inclusive apoio à agricultura e a pós colheita;Administração, defesa, educação e saúde públicas e seguridade social;Demais serviços;2;True;;;;;;;;;;;;;;;;;;;;;;;;;;;;;100.0;1.0;232.67;210.87;6.23832;6.2;;100.0;1.0;232.67;210.87;6.23832;6.2;;;;;;;;;;;;;;;;;;;;;;;;;;;;;;;;;;;;;;;;;;;
3;Sudeste;31;MG;Minas Gerais;3117306;Conceição das Alagoas;1782238.407;62796.89;1363980.435;48059.63;1318008.968;45792.82;415017.269;208096.323;425582.154;143709.033;1192404.778;125604.19;Agricultura, inclusive apoio à agricultura e a pós colheita;Demais serviços;Indústrias de transformação;8;True;87.4;0.87872;258.46;260.09;4.213133;3.7;;87.4;0.87872;258.46;260.09;4.213133;3.7;;96.2;0.963172;229.65;225.92;4.2595;4.1;;98.4;0.983984;237.17;235.33;4.541667;4.5;;99.8;0.997588;206.17;201.69;5.565686;5.6;;99.8;0.99779;206.43;201.3;5.563557;5.6;;100.0;1.0;243.61;243.38;4.783167;4.8;;100.0;1.0;209.54;196.57;5.536908;5.5;;;;;;;;;;;;;;;;;;;;;;;;;;;;;
3;Sudeste;31;MG;Minas Gerais;3117405;Conceição de Ipanema;91447.329;20741.06;92884.445;21067.01;81006.463;17683.14;21268.578;19791.228;12935.407;25230.824;79226.037;1780.425;Administração, defesa, educação e saúde públicas e seguridade social;Eletricidade e gás, água, esgoto, atividades de gestão de resíduos e descontaminação;Demais serviços;4;True;97.5;0.976357;246.15;247.14;3.846378;3.8;;97.5;0.976357;246.15;247.14;3.846378;3.8;;100.0;1.0;258.34;260.84;5.319667;5.3;;98.5;0.984166;258.34;260.84;5.319667;5.2;;;;;;;;;;;;;;;;;;;;;;;;;;;;;;;;;;;;;;;;;;;;;;;;;;;;;;;;;
3;Sudeste;31;MG;Minas Gerais;3117504;Conceição do Mato Dentro;3194400.721;137909.63;3542338.082;152937.49;9050952.928;519036.18;21947.374;7129218.984;1669366.47;139581.257;8960114.085;90838.843;Indústrias extrativas;Demais serviços;Administração, defesa, educação e saúde públicas e seguridade social;8;True;81.1;0.820942;256.57;263.16;4.232546;3.5;;81.1;0.820942;256.57;263.16;4.232546;3.5;;83.0;0.824284;246.97;247.67;4.910667;4.0;;84.2;0.837304;247.18;247.76;4.915667;4.1;;99.9;0.999197;220.56;205.65;5.912304;5.9;;99.9;0.999399;216.77;202.97;5.791248;5.8;;97.2;0.972232;249.7;248.79;4.974833;4.8;;100.0;1.0;203.13;193.32;5.355489;5.4;;;;;;;;;;;;;;;;;;;;;;;;;;;;;
3;Sudeste;31;MG;Minas Gerais;3117603;Conceição do Pará;313543.484;57902.77;373924.556;69053.47;493948.377;88871.6;23387.055;285849.412;108489.489;36038.729;453764.685;40183.692;Indústrias extrativas;Indústrias de transformação;Demais serviços;6;True;83.5;0.838552;262.97;275.43;4.506117;3.8;;83.5;0.838552;262.97;275.43;4.506117;3.8;;92.7;0.921143;263.02;261.44;5.407667;5.0;;93.7;0.932107;263.02;261.44;5.407667;5.0;;;;;;;;;100.0;1.0;235.97;226.86;6.592024;6.6;;;;;;;;;100.0;1.0;235.97;226.86;6.592024;6.6;;;;;;;;;;;;;;;;;;;;;;;;;;;;;
3;Sudeste;31;MG;Minas Gerais;3117702;Conceição do Rio Verde;352054.354;28072.27;366160.513;29197.07;343556.228;25024.13;140658.35;17578.217;106290.3;62912.794;327439.66;16116.567;Agricultura, inclusive apoio à agricultura e a pós colheita;Demais serviços;Administração, defesa, educação e saúde públicas e seguridade social;4;True;;;;;;;;;;;;;;;92.8;0.926715;242.34;246.86;4.82;4.5;;92.8;0.926715;242.34;246.86;4.82;4.5;;97.2;0.972549;220.54;209.53;5.982468;5.8;;97.2;0.972549;220.54;209.53;5.982468;5.8;;;;;;;;;;;;;;;;;;;;;;;;;;;;;;;;;;;;;;;;;;;
3;Sudeste;31;MG;Minas Gerais;3117801;Conceição dos Ouros;308533.225;28357.83;259018.363;23806.83;224989.825;18983.28;11345.178;55826.079;77972.359;55436.435;200580.05;24409.774;Demais serviços;Administração, defesa, educação e saúde públicas e seguridade social;Indústrias de transformação;6;True;93.5;0.938797;299.88;287.38;5.203408;4.9;;93.5;0.938797;299.88;287.38;5.203408;4.9;;95.4;0.954729;257.57;252.21;5.163;4.9;;95.9;0.960105;257.57;252.21;5.163;5.0;;100.0;1.0;253.12;228.19;6.943496;6.9;;100.0;1.0;253.12;228.19;6.943496;6.9;;;;;;;;;;;;;;;;;;;;;;;;;;;;;;;;;;;;;;;;;;;
3;Sudeste;31;MG;Minas Gerais;3117836;Cônego Marinho;78704.701;10875.32;69322.849;9578.95;63477.594;8211.85;5853.874;1520.652;15136.001;39378.316;61888.843;1588.751;Administração, defesa, educação e saúde públicas e seguridade social;Demais serviços;Pecuária, inclusive apoio à pecuária;6;True;94.9;0.948145;259.13;257.58;4.184969;4.0;;94.9;0.948145;259.13;257.58;4.184969;4.0;;95.5;0.956415;238.56;243.87;4.707167;4.5;;96.2;0.961487;238.56;243.87;4.707167;4.5;;;;;;;;;100.0;1.0;218.55;206.21;5.884127;5.9;;;;;;;;;100.0;1.0;218.55;206.21;5.884127;5.9;;;;;;;;;;;;;;;;;;;;;;;;;;;;;
3;Sudeste;31;MG;Minas Gerais;3117876;Confins;1617016.921;220002.3;780843.114;106237.16;485672.189;70725.53;387.016;38059.236;334716.102;50324.921;423487.275;62184.913;Demais serviços;Administração, defesa, educação e saúde públicas e seguridade social;Comércio e reparação de veículos automotores e motocicletas;7;True;93.5;0.946816;253.81;253.03;4.042136;3.8;;93.5;0.946816;253.81;253.03;4.042136;3.8;;89.2;0.897052;248.46;262.88;5.189;4.7;;92.3;0.91833;254.29;266.16;5.340833;4.9;;99.8;0.997577;215.08;216.6;6.006815;6.0;;99.8;0.997577;215.08;216.6;6.006815;6.0;;97.0;0.964617;262.51;270.78;5.554833;5.4;;;;;;;;;;;;;;;;;;;;;;;;;;;;;;;;;;;;
3;Sudeste;31;MG;Minas Gerais;3117900;Congonhal;274057.13;24727.7;241164.372;21759.85;220463.772;18057.48;18052.251;22203.509;98212.968;59284.133;197752.86;22710.912;Demais serviços;Administração, defesa, educação e saúde públicas e seguridade social;Comércio e reparação de veículos automotores e motocicletas;6;True;94.1;0.943692;270.89;271.46;4.557922;4.3;;94.1;0.943692;270.89;271.46;4.557922;4.3;;98.1;0.981189;245.02;244.93;4.8325;4.7;;98.1;0.981189;245.02;244.93;4.8325;4.7;;95.1;0.951986;227.57;222.73;6.356628;6.1;;95.1;0.951986;227.57;222.73;6.356628;6.1;;;;;;;;;;;;;;;;;;;;;;;;;;;;;;;;;;;;;;;;;;;
3;Sudeste;31;MG;Minas Gerais;3118007;Congonhas;7693793.903;145467.84;8477571.439;160286.85;7677447.326;137499.95;3825.322;5068164.234;1535347.456;413530.806;7020867.818;656579.508;Indústrias de transformação;Indústrias extrativas;Demais serviços;8;True;89.0;0.895689;266.81;267.5;4.441337;4.0;;89.8;0.902732;280.8;278.37;4.80055;4.3;;88.9;0.887224;257.93;265.21;5.385667;4.8;;86.2;0.86315;255.18;258.65;5.2305;4.5;;95.9;0.961088;225.82;214.15;6.167231;5.9;;95.9;0.961088;225.82;214.15;6.167231;5.9;;85.9;0.860908;254.74;257.61;5.205833;4.5;;;;;;;;;93.4;0.935677;342.36;326.21;6.381324;6.0;;;;;;;;;;;;;;;;;;;;;;
3;Sudeste;31;MG;Minas Gerais;3118106;Congonhas do Norte;63888.712;13224.74;55202.556;11426.73;49287.97;9765.8;5423.29;1370.542;15021.516;25380.974;47196.322;2091.647;Administração, defesa, educação e saúde públicas e seguridade social;Demais serviços;Pecuária, inclusive apoio à pecuária;4;True;;;;;;;;;;;;;;;97.3;0.974272;230.18;227.36;4.292333;4.2;;97.3;0.974272;230.18;227.36;4.292333;4.2;;99.6;0.995935;233.27;210.12;6.236134;6.2;;99.6;0.995935;233.27;210.12;6.236134;6.2;;;;;;;;;;;;;;;;;;;;;;;;;;;;;;;;;;;;;;;;;;;
3;Sudeste;31;MG;Minas Gerais;3118205;Conquista;671619.125;100331.51;534105.287;79788.66;490051.082;70037.31;158527.457;179927.081;85273.468;45563.479;469291.484;20759.598;Agricultura, inclusive apoio à agricultura e a pós colheita;Eletricidade e gás, água, esgoto, atividades de gestão de resíduos e descontaminação;Demais serviços;6;True;76.5;0.779254;247.12;255.18;3.980361;3.1;;76.5;0.779254;247.12;255.18;3.980361;3.1;;87.6;0.879563;251.79;252.66;5.074167;4.5;;87.6;0.879563;251.79;252.66;5.074167;4.5;;95.2;0.94707;209.04;202.35;5.632457;5.3;;95.2;0.94707;209.04;202.35;5.632457;5.3;;;;;;;;;;;;;;;;;;;;;;;;;;;;;;;;;;;;;;;;;;;
3;Sudeste;31;MG;Minas Gerais;3118304;Conselheiro Lafaiete;3482647.959;26459.67;2998868.601;22784.12;3117736.194;23875.33;21354.446;641933.792;1555477.435;619394.042;2838159.715;279576.479;Demais serviços;Administração, defesa, educação e saúde públicas e seguridade social;Comércio e reparação de veículos automotores e motocicletas;10;True;89.0;0.894843;282.82;292.91;5.046585;4.5;;89.6;0.900469;289.29;297.83;5.211109;4.7;;87.4;0.873261;260.96;264.65;5.426833;4.7;;86.3;0.862505;274.09;276.12;5.836833;5.0;;96.6;0.965842;243.09;230.05;6.785902;6.6;;97.4;0.974616;244.87;232.53;6.864963;6.7;;85.1;0.852109;288.86;289.01;6.297833;5.4;;99.8;0.997992;248.25;237.24;7.015103;7.0;;91.1;0.904871;342.71;330.61;6.452108;5.8;;;;;;;;;;;;;;;;93.2;0.930682;298.86;311.31;5.547315;5.2;
3;Sudeste;31;MG;Minas Gerais;3118403;Conselheiro Pena;500870.997;24052.58;549039.159;26365.69;383757.235;16703.25;62904.029;20427.297;157850.581;117795.605;358977.512;24779.722;Demais serviços;Administração, defesa, educação e saúde públicas e seguridade social;Pecuária, inclusive apoio à pecuária;7;True;81.0;0.816506;286.38;285.06;4.979071;4.1;;81.0;0.816506;286.38;285.06;4.979071;4.1;;87.0;0.869779;238.3;245.37;4.727833;4.1;;88.6;0.886075;238.3;245.37;4.727833;4.2;;99.8;0.997577;212.51;197.6;5.612314;5.6;;99.8;0.99759;211.23;198.47;5.603705;5.6;;;;;;;;;99.7;0.997168;208.15;200.57;5.583108;5.6;;;;;;;;;;;;;;;;;;;;;;;;;;;;;
3;Sudeste;31;MG;Minas Gerais;3118502;Consolação;36259.032;23198.36;32082.48;20526.22;31441.493;17604.42;9810.677;783.109;6962.736;12458.452;30014.974;1426.52;Administração, defesa, educação e saúde públicas e seguridade social;Demais serviços;Agricultura, inclusive apoio à agricultura e a pós colheita;6;True;96.4;0.969537;271.13;280.31;4.693777;4.6;;96.4;0.969537;271.13;280.31;4.693777;4.6;;94.2;0.944595;254.77;263.18;5.299167;5.0;;94.2;0.944595;254.77;263.18;5.299167;5.0;;98.9;0.983589;247.23;222.69;6.731092;6.6;;98.9;0.983589;247.23;222.69;6.731092;6.6;;;;;;;;;;;;;;;;;;;;;;;;;;;;;;;;;;;;;;;;;;;
3;Sudeste;31;MG;Minas Gerais;3118601;Contagem;45092392.887;72511.78;42596067.422;68497.29;36478510.812;54134.55;3052.747;9128034.834;17512659.222;2984614.419;29628361.222;6850149.59;Demais serviços;Comércio e reparação de veículos automotores e motocicletas;Indústrias de transformação;9;True;80.3;0.814177;266.56;272.95;4.519412;3.7;;82.9;0.873589;271.54;278.24;4.668548;4.1;;88.2;0.88224;246.26;251.13;4.9565;4.4;;93.0;0.929378;248.02;252.17;5.003167;4.6;;97.9;0.979038;210.98;203.79;5.695661;5.6;;98.0;0.981085;212.52;205.54;5.756869;5.6;;95.3;0.951756;248.98;252.73;5.0285;4.8;;99.1;0.990989;220.21;214.32;6.063261;6.0;;;;;;;;;;;;;;;;;;;;;;;95.1;0.964143;284.39;294.57;5.093486;4.9;
3;Sudeste;31;MG;Minas Gerais;3118700;Coqueiral;279819.69;31011.82;274206.028;30389.67;234159.016;25734.59;98529.841;8097.671;70352.335;44987.9;221967.746;12191.27;Agricultura, inclusive apoio à agricultura e a pós colheita;Demais serviços;Administração, defesa, educação e saúde públicas e seguridade social;6;True;83.5;0.84667;285.87;301.49;5.217866;4.4;;83.5;0.84667;285.87;301.49;5.217866;4.4;;84.1;0.840816;260.98;263.32;5.405;4.5;;84.1;0.840816;260.98;263.32;5.405;4.5;;99.6;0.996141;235.86;221.88;6.49938;6.5;;99.6;0.996141;235.86;221.88;6.49938;6.5;;;;;;;;;;;;;;;;;;;;;;;;;;;;;;;;;;;;;;;;;;;
3;Sudeste;31;MG;Minas Gerais;3118809;Coração de Jesus;357956.467;14105.55;300866.462;11855.87;272831.598;10249.12;47025.978;12304.227;77463.756;120524.082;257318.043;15513.554;Administração, defesa, educação e saúde públicas e seguridade social;Demais serviços;Pecuária, inclusive apoio à pecuária;7;True;90.8;0.911277;258.48;259.47;4.204133;3.8;;90.8;0.911277;258.48;259.47;4.204133;3.8;;98.4;0.983708;239.33;243.59;4.715333;4.6;;98.3;0.982443;239.62;239.97;4.659833;4.6;;100.0;1.0;213.22;197.38;5.621864;5.6;;100.0;1.0;212.46;206.59;5.774815;5.8;;;;;;;;;100.0;1.0;212.36;207.81;5.795088;5.8;;;;;;;;;;;;;;;;;;;;;;;;;;;;;
3;Sudeste;31;MG;Minas Gerais;3118908;Cordisburgo;164132.156;21748.0;147036.282;19482.75;146188.136;16420.1;41492.996;12070.761;44486.136;39498.309;137548.202;8639.934;Administração, defesa, educação e saúde públicas e seguridade social;Demais serviços;Pecuária, inclusive apoio à pecuária;7;True;94.8;0.949609;266.31;264.89;4.395242;4.2;;94.8;0.949609;266.31;264.89;4.395242;4.2;;97.5;0.974566;243.85;243.96;4.796833;4.7;;97.5;0.974566;243.85;243.96;4.796833;4.7;;100.0;1.0;223.8;213.46;6.116136;6.1;;100.0;1.0;224.36;213.68;6.130823;6.1;;;;;;;;;100.0;1.0;225.32;214.06;6.156053;6.2;;;;;;;;;;;;;;;;;;;;;;;;;;;;;
3;Sudeste;31;MG;Minas Gerais;3119005;Cordislândia;131187.282;40996.03;135392.875;42310.27;113743.073;32076.44;57601.668;9490.112;21813.26;20503.395;109408.435;4334.638;Agricultura, inclusive apoio à agricultura e a pós colheita;Administração, defesa, educação e saúde públicas e seguridade social;Demais serviços;6;True;90.4;0.912398;281.7;277.65;4.802412;4.4;;90.4;0.912398;281.7;277.65;4.802412;4.4;;92.1;0.920385;234.07;232.14;4.436833;4.1;;92.1;0.920385;234.07;232.14;4.436833;4.1;;98.2;0.982356;247.79;213.21;6.569415;6.5;;98.2;0.982356;247.79;213.21;6.569415;6.5;;;;;;;;;;;;;;;;;;;;;;;;;;;;;;;;;;;;;;;;;;;
3;Sudeste;31;MG;Minas Gerais;3119104;Corinto;546843.801;23238.31;563276.462;23936.62;608967.047;25796.04;62455.655;208676.538;177180.793;113056.813;561369.798;47597.249;Indústrias de transformação;Demais serviços;Administração, defesa, educação e saúde públicas e seguridade social;7;True;89.4;0.900506;262.89;252.83;4.16667;3.8;;89.4;0.900506;262.89;252.83;4.16667;3.8;;97.8;0.977706;236.91;239.93;4.614;4.5;;97.0;0.97009;243.3;242.38;4.761333;4.6;;99.3;0.99339;213.1;198.26;5.635574;5.6;;99.3;0.99339;213.1;198.26;5.635574;5.6;;95.4;0.952923;260.29;248.9;5.153167;4.9;;;;;;;;;;;;;;;;;;;;;;;;;;;;;;;;;;;;
3;Sudeste;31;MG;Minas Gerais;3119203;Coroaci;160041.242;14704.27;135644.998;12462.79;125595.771;12690.29;20282.566;13046.513;36100.64;52547.393;121977.112;3618.659;Administração, defesa, educação e saúde públicas e seguridade social;Demais serviços;Eletricidade e gás, água, esgoto, atividades de gestão de resíduos e descontaminação;7;True;87.7;0.888382;270.83;276.87;4.638067;4.1;;87.7;0.888382;270.83;276.87;4.638067;4.1;;83.5;0.834209;258.76;260.36;5.318667;4.4;;86.8;0.867709;260.27;259.5;5.3295;4.6;;100.0;1.0;213.21;206.07;5.779673;5.8;;100.0;1.0;213.21;206.07;5.779673;5.8;;94.8;0.947365;269.36;254.31;5.3945;5.1;;;;;;;;;;;;;;;;;;;;;;;;;;;;;;;;;;;;
3;Sudeste;31;MG;Minas Gerais;3119302;Coromandel;2051785.006;71010.76;1876644.558;64949.28;1535202.818;54911.04;709975.262;127828.425;450088.392;145686.099;1433578.177;101624.641;Agricultura, inclusive apoio à agricultura e a pós colheita;Demais serviços;Administração, defesa, educação e saúde públicas e seguridade social;8;True;96.0;0.961731;271.1;274.11;4.600542;4.4;;96.0;0.961731;271.1;274.11;4.600542;4.4;;98.9;0.989465;262.11;265.72;5.463833;5.4;;98.8;0.988719;257.06;260.76;5.297;5.2;;99.8;0.998187;227.69;213.49;6.190918;6.2;;99.9;0.999197;240.16;226.35;6.662713;6.7;;98.6;0.986682;244.31;248.25;4.876;4.8;;100.0;1.0;246.56;232.95;6.904851;6.9;;;;;;;;;;;;;;;;;;;;;;;;;;;;;
3;Sudeste;31;MG;Minas Gerais;3119401;Coronel Fabriciano;2387845.824;22798.71;2164490.137;20666.15;1995524.656;18024.95;4186.646;182863.32;1107898.952;498339.715;1793288.633;202236.023;Demais serviços;Administração, defesa, educação e saúde públicas e seguridade social;Comércio e reparação de veículos automotores e motocicletas;7;True;83.1;0.83786;279.79;282.12;4.842502;4.1;;83.1;0.83786;279.79;282.12;4.842502;4.1;;91.9;0.919579;260.9;258.77;5.327833;4.9;;94.3;0.943171;260.6;257.79;5.3065;5.0;;99.7;0.997597;232.1;222.64;6.441442;6.4;;99.7;0.997597;232.1;222.64;6.441442;6.4;;99.9;0.998997;259.8;255.18;5.249667;5.2;;;;;;;;;;;;;;;;;;;;;;;;;;;;;;;;;;;;
3;Sudeste;31;MG;Minas Gerais;3119500;Coronel Murta;116044.225;14151.73;113329.195;13820.63;119826.419;13011.88;8369.803;21634.466;31867.415;53953.019;115824.704;4001.715;Administração, defesa, educação e saúde públicas e seguridade social;Demais serviços;Indústrias extrativas;7;True;90.9;0.911091;250.96;244.73;3.877856;3.5;;90.9;0.911091;250.96;244.73;3.877856;3.5;;98.0;0.982154;232.29;238.56;4.514167;4.4;;98.4;0.985632;241.63;233.23;4.581;4.5;;100.0;1.0;207.19;195.28;5.468606;5.5;;100.0;1.0;207.19;195.28;5.468606;5.5;;98.7;0.98811;246.74;230.31;4.6175;4.6;;;;;;;;;;;;;;;;;;;;;;;;;;;;;;;;;;;;
3;Sudeste;31;MG;Minas Gerais;3119609;Coronel Pacheco;72440.323;26227.49;65349.657;23660.27;60101.018;19418.75;13597.907;2486.619;20529.73;19829.28;56443.536;3657.483;Administração, defesa, educação e saúde públicas e seguridade social;Demais serviços;Pecuária, inclusive apoio à pecuária;4;True;96.4;0.966572;284.17;292.13;5.05387;4.9;;96.4;0.966572;284.17;292.13;5.05387;4.9;;;;;;;;;84.5;0.836021;241.34;254.34;4.928;4.1;;;;;;;;;;;;;;;;84.5;0.836021;241.34;254.34;4.928;4.1;;;;;;;;;;;;;;;;;;;;;;;;;;;;;;;;;;;;
3;Sudeste;31;MG;Minas Gerais;3119708;Coronel Xavier Chaves;89841.008;25771.95;75935.895;21783.1;90931.942;26372.37;28174.585;14852.88;21275.612;20825.096;85128.173;5803.769;Administração, defesa, educação e saúde públicas e seguridade social;Demais serviços;Agricultura, inclusive apoio à agricultura e a pós colheita;6;True;96.8;0.968209;298.42;302.47;5.4088;5.2;;96.8;0.968209;298.42;302.47;5.4088;5.2;;90.2;0.898708;273.59;266.23;5.663667;5.1;;90.2;0.898708;273.59;266.23;5.663667;5.1;;90.6;0.90693;264.78;247.02;7.508379;6.8;;90.6;0.90693;264.78;247.02;7.508379;6.8;;;;;;;;;;;;;;;;;;;;;;;;;;;;;;;;;;;;;;;;;;;
3;Sudeste;31;MG;Minas Gerais;3119807;Córrego Danta;181309.701;61253.28;199342.803;67345.54;165719.08;52310.32;37657.062;5350.1;81982.64;19902.475;144892.276;20826.804;Comércio e reparação de veículos automotores e motocicletas;Demais serviços;Administração, defesa, educação e saúde públicas e seguridade social;6;True;91.8;0.929658;266.09;253.86;4.227033;3.9;;91.8;0.929658;266.09;253.86;4.227033;3.9;;99.1;0.989691;268.77;261.0;5.496167;5.4;;99.1;0.989691;268.77;261.0;5.496167;5.4;;100.0;1.0;247.16;221.56;6.70921;6.7;;100.0;1.0;247.16;221.56;6.70921;6.7;;;;;;;;;;;;;;;;;;;;;;;;;;;;;;;;;;;;;;;;;;;
3;Sudeste;31;MG;Minas Gerais;3119906;Córrego do Bom Jesus;65482.796;15328.37;53635.342;12555.09;45602.563;12375.19;6999.061;1739.464;14763.664;20409.363;43911.553;1691.011;Administração, defesa, educação e saúde públicas e seguridade social;Demais serviços;Agricultura, inclusive apoio à agricultura e a pós colheita;6;True;100.0;1.0;298.85;298.22;5.351217;5.4;;100.0;1.0;298.85;298.22;5.351217;5.4;;100.0;1.0;278.25;283.52;6.0295;6.0;;100.0;1.0;278.25;283.52;6.0295;6.0;;100.0;1.0;243.89;224.89;6.707351;6.7;;100.0;1.0;243.89;224.89;6.707351;6.7;;;;;;;;;;;;;;;;;;;;;;;;;;;;;;;;;;;;;;;;;;;
3;Sudeste;31;MG;Minas Gerais;3119955;Córrego Fundo;508107.647;82848.14;460308.146;75054.32;320483.227;49880.66;20935.355;151260.755;69671.344;35957.391;277824.845;42658.382;Indústrias de transformação;Demais serviços;Administração, defesa, educação e saúde públicas e seguridade social;6;True;86.4;0.884588;283.27;269.07;4.696019;4.2;;86.4;0.884588;283.27;269.07;4.696019;4.2;;97.1;0.975143;246.7;245.59;4.8715;4.8;;98.1;0.979602;246.7;245.59;4.8715;4.8;;99.7;0.997168;254.81;233.76;7.077021;7.1;;99.7;0.997168;254.81;233.76;7.077021;7.1;;;;;;;;;;;;;;;;;;;;;;;;;;;;;;;;;;;;;;;;;;;
3;Sudeste;31;MG;Minas Gerais;3120003;Córrego Novo;63742.211;22171.2;45589.515;15857.22;38520.81;14330.66;6586.302;3114.107;9845.523;17862.431;37408.364;1112.447;Administração, defesa, educação e saúde públicas e seguridade social;Demais serviços;Pecuária, inclusive apoio à pecuária;6;True;94.3;0.942322;266.82;260.45;4.335938;4.1;;94.3;0.942322;266.82;260.45;4.335938;4.1;;95.3;0.954399;250.58;255.41;5.099833;4.9;;95.3;0.954399;250.58;255.41;5.099833;4.9;;98.9;0.989641;217.86;212.74;5.989686;5.9;;98.9;0.989641;217.86;212.74;5.989686;5.9;;;;;;;;;;;;;;;;;;;;;;;;;;;;;;;;;;;;;;;;;;;
3;Sudeste;31;MG;Minas Gerais;3120102;Couto de Magalhães de Minas;76758.203;18082.03;68415.405;16116.7;63266.102;14261.97;7369.235;1953.329;23600.745;25228.888;58152.196;5113.906;Administração, defesa, educação e saúde públicas e seguridade social;Demais serviços;Comércio e reparação de veículos automotores e motocicletas;6;True;92.9;0.942133;260.95;259.38;4.237476;4.0;;92.9;0.942133;260.95;259.38;4.237476;4.0;;98.7;0.986502;239.24;237.42;4.611;4.5;;98.7;0.986502;239.24;237.42;4.611;4.5;;99.6;0.996759;207.02;188.24;5.337362;5.3;;99.6;0.996759;207.02;188.24;5.337362;5.3;;;;;;;;;;;;;;;;;;;;;;;;;;;;;;;;;;;;;;;;;;;
3;Sudeste;31;MG;Minas Gerais;3120151;Crisólita;92301.657;17531.18;78615.155;14931.65;76402.74;11212.61;24758.04;1447.323;13640.023;34915.749;74761.135;1641.605;Administração, defesa, educação e saúde públicas e seguridade social;Pecuária, inclusive apoio à pecuária;Demais serviços;4;True;;;;;;;;;;;;;;;;;;;;;;94.1;0.939176;234.08;233.02;4.451667;4.2;;100.0;1.0;192.55;183.25;4.970489;5.0;;100.0;1.0;192.55;183.25;4.970489;5.0;;95.8;0.955786;221.47;230.89;4.206;4.0;;;;;;;;;;;;;;;;;;;;;;;;;;;;;;;;;;;;
3;Sudeste;31;MG;Minas Gerais;3120201;Cristais;343069.406;28127.36;320609.188;26285.91;295629.763;22636.28;105734.216;14686.8;90761.911;67645.151;278828.079;16801.684;Agricultura, inclusive apoio à agricultura e a pós colheita;Demais serviços;Administração, defesa, educação e saúde públicas e seguridade social;6;True;91.4;0.914654;280.83;280.15;4.827618;4.4;;91.4;0.914654;280.83;280.15;4.827618;4.4;;96.9;0.966603;251.96;249.87;5.0305;4.9;;97.2;0.970617;251.96;249.87;5.0305;4.9;;99.5;0.995155;255.14;236.94;7.141137;7.1;;99.5;0.995155;255.14;236.94;7.141137;7.1;;;;;;;;;;;;;;;;;;;;;;;;;;;;;;;;;;;;;;;;;;;
3;Sudeste;31;MG;Minas Gerais;3120300;Cristália;74446.623;14537.52;59248.071;11569.63;59160.155;9873.19;7702.865;2049.394;14864.773;32511.258;57128.29;2031.866;Administração, defesa, educação e saúde públicas e seguridade social;Demais serviços;Produção florestal, pesca e aquicultura;4;True;;;;;;;;;;;;;;;94.7;0.942416;208.37;212.94;3.6885;3.5;;94.7;0.942416;208.37;212.94;3.6885;3.5;;100.0;1.0;206.6;202.14;5.582074;5.6;;100.0;1.0;206.6;202.14;5.582074;5.6;;;;;;;;;;;;;;;;;;;;;;;;;;;;;;;;;;;;;;;;;;;
3;Sudeste;31;MG;Minas Gerais;3120409;Cristiano Otoni;168667.765;36140.51;165311.744;35421.42;123677.587;23963.88;33701.262;12540.703;38444.731;30764.501;115451.197;8226.389;Administração, defesa, educação e saúde públicas e seguridade social;Demais serviços;Agricultura, inclusive apoio à agricultura e a pós colheita;6;True;86.8;0.87073;288.74;295.66;5.170899;4.5;;86.8;0.87073;288.74;295.66;5.170899;4.5;;69.4;0.651471;265.15;267.53;5.544667;3.6;;81.4;0.809611;263.67;262.55;5.437;4.4;;96.8;0.964896;244.93;231.36;6.844835;6.6;;96.8;0.964896;244.93;231.36;6.844835;6.6;;;;;;;;;;;;;;;;;;;;;;;;;;;;;;;;;;;;;;;;;;;
3;Sudeste;31;MG;Minas Gerais;3120508;Cristina;316772.643;30535.25;274252.385;26436.51;233176.654;22835.83;59544.347;47014.643;63267.897;50370.735;220197.621;12979.033;Demais serviços;Administração, defesa, educação e saúde públicas e seguridade social;Agricultura, inclusive apoio à agricultura e a pós colheita;6;True;88.0;0.884416;272.32;275.88;4.644173;4.1;;88.0;0.884416;272.32;275.88;4.644173;4.1;;87.4;0.869173;234.52;238.52;4.550667;4.0;;89.6;0.891353;234.52;238.52;4.550667;4.1;;99.8;0.99778;246.38;234.45;6.928688;6.9;;99.8;0.99778;246.38;234.45;6.928688;6.9;;;;;;;;;;;;;;;;;;;;;;;;;;;;;;;;;;;;;;;;;;;
3;Sudeste;31;MG;Minas Gerais;3120607;Crucilândia;100691.886;18529.98;91382.019;16816.71;83063.591;16376.89;14633.208;8536.354;26438.27;28850.688;78458.521;4605.071;Administração, defesa, educação e saúde públicas e seguridade social;Demais serviços;Agricultura, inclusive apoio à agricultura e a pós colheita;4;True;;;;;;;;;;;;;;;95.9;0.958438;256.77;254.93;5.195;5.0;;95.9;0.958438;256.77;254.93;5.195;5.0;;99.6;0.996964;235.52;226.37;6.574527;6.6;;99.6;0.996964;235.52;226.37;6.574527;6.6;;;;;;;;;;;;;;;;;;;;;;;;;;;;;;;;;;;;;;;;;;;
3;Sudeste;31;MG;Minas Gerais;3120706;Cruzeiro da Fortaleza;183246.046;52043.75;193461.854;54945.14;184033.369;50406.29;103808.957;8074.222;39326.235;24979.731;176189.145;7844.224;Agricultura, inclusive apoio à agricultura e a pós colheita;Pecuária, inclusive apoio à pecuária;Demais serviços;6;True;96.3;0.964031;284.13;286.82;4.973817;4.8;;96.3;0.964031;284.13;286.82;4.973817;4.8;;;;;;;;;96.7;0.96759;268.88;254.22;5.385;5.2;;99.7;0.997373;231.59;210.53;6.211527;6.2;;99.7;0.997373;231.59;210.53;6.211527;6.2;;96.7;0.96759;268.88;254.22;5.385;5.2;;;;;;;;;;;;;;;;;;;;;;;;;;;;;;;;;;;;
3;Sudeste;31;MG;Minas Gerais;3120805;Cruzília;421201.298;27418.39;374479.735;24377.02;317648.567;20455.18;64922.972;27782.018;125266.728;79693.843;297665.561;19983.006;Demais serviços;Administração, defesa, educação e saúde públicas e seguridade social;Agricultura, inclusive apoio à agricultura e a pós colheita;8;True;88.3;0.882129;285.22;280.18;4.889724;4.3;;88.3;0.882129;285.22;280.18;4.889724;4.3;;97.0;0.970422;256.58;256.78;5.222667;5.1;;97.3;0.973586;253.61;256.18;5.163167;5.0;;99.3;0.993737;217.77;209.97;5.937605;5.9;;99.6;0.99658;229.39;220.08;6.343179;6.3;;98.0;0.979047;247.14;254.85;5.033167;4.9;;100.0;1.0;243.66;232.5;6.841325;6.8;;;;;;;;;;;;;;;;;;;;;;;;;;;;;
3;Sudeste;31;MG;Minas Gerais;3120839;Cuparaque;83623.306;20995.06;76948.761;19319.3;74036.886;14730.78;12701.223;3699.999;24968.536;28459.257;69829.015;4207.872;Administração, defesa, educação e saúde públicas e seguridade social;Demais serviços;Pecuária, inclusive apoio à pecuária;6;True;93.1;0.943092;274.45;281.33;4.755676;4.5;;93.1;0.943092;274.45;281.33;4.755676;4.5;;94.8;0.946535;257.32;256.84;5.236;5.0;;94.8;0.946535;257.32;256.84;5.236;5.0;;99.2;0.990017;244.66;244.13;7.071864;7.0;;99.2;0.990017;244.66;244.13;7.071864;7.0;;;;;;;;;;;;;;;;;;;;;;;;;;;;;;;;;;;;;;;;;;;
3;Sudeste;31;MG;Minas Gerais;3120870;Curral de Dentro;94746.856;12793.26;84251.47;11376.11;80420.022;10222.45;10329.345;4652.813;22117.166;39993.202;77092.526;3327.496;Administração, defesa, educação e saúde públicas e seguridade social;Demais serviços;Produção florestal, pesca e aquicultura;6;True;89.2;0.902834;257.49;259.99;4.198013;3.8;;89.2;0.902834;257.49;259.99;4.198013;3.8;;94.1;0.938616;232.93;233.76;4.444833;4.2;;94.1;0.938616;232.93;233.76;4.444833;4.2;;99.8;0.998187;243.2;220.4;6.612547;6.6;;99.8;0.998187;243.2;220.4;6.612547;6.6;;;;;;;;;;;;;;;;;;;;;;;;;;;;;;;;;;;;;;;;;;;
3;Sudeste;31;MG;Minas Gerais;3120904;Curvelo;2706326.327;33550.19;2352584.648;29278.48;2228065.903;27478.15;224572.218;433029.456;980234.79;365026.241;2002862.706;225203.198;Demais serviços;Administração, defesa, educação e saúde públicas e seguridade social;Indústrias de transformação;7;True;87.1;0.874577;267.96;272.94;4.538926;4.0;;87.2;0.875828;277.25;280.14;4.777187;4.2;;91.7;0.915045;253.71;256.06;5.162833;4.7;;91.7;0.915045;253.71;256.06;5.162833;4.7;;97.2;0.973348;226.69;214.38;6.188016;6.0;;97.2;0.973639;228.43;216.02;6.25104;6.1;;;;;;;;;97.5;0.97467;281.18;265.84;8.163538;8.0;;;;;;;;;;;;;;;;;;;;;;;;;;;;;
3;Sudeste;31;MG;Minas Gerais;3121001;Datas;88055.274;16112.58;79589.825;14563.55;73978.2;13621.47;16493.762;2907.384;21343.562;30030.118;70774.827;3203.373;Administração, defesa, educação e saúde públicas e seguridade social;Demais serviços;Agricultura, inclusive apoio à agricultura e a pós colheita;6;True;93.3;0.933165;265.51;261.46;4.332659;4.0;;93.3;0.933165;265.51;261.46;4.332659;4.0;;96.9;0.968783;255.29;250.89;5.103;4.9;;96.9;0.968783;255.29;250.89;5.103;4.9;;99.8;0.997168;229.31;225.26;6.435834;6.4;;99.8;0.997168;229.31;225.26;6.435834;6.4;;;;;;;;;;;;;;;;;;;;;;;;;;;;;;;;;;;;;;;;;;;
3;Sudeste;31;MG;Minas Gerais;3121100;Delfim Moreira;141823.929;17835.0;126342.837;15888.18;125697.353;15698.43;29905.008;16138.386;33951.698;39490.722;119485.814;6211.539;Administração, defesa, educação e saúde públicas e seguridade social;Demais serviços;Produção florestal, pesca e aquicultura;6;True;95.3;0.950458;270.17;270.21;4.529097;4.3;;95.3;0.950458;270.17;270.21;4.529097;4.3;;99.1;0.994408;267.31;262.94;5.504167;5.5;;99.5;0.994408;267.31;262.94;5.504167;5.5;;100.0;1.0;234.53;213.46;6.320907;6.3;;100.0;1.0;234.53;213.46;6.320907;6.3;;;;;;;;;;;;;;;;;;;;;;;;;;;;;;;;;;;;;;;;;;;
3;Sudeste;31;MG;Minas Gerais;3121209;Delfinópolis;355640.31;42373.44;297581.503;35439.03;247288.997;34605.23;112478.947;10266.916;65563.868;48058.802;236368.533;10920.464;Agricultura, inclusive apoio à agricultura e a pós colheita;Demais serviços;Administração, defesa, educação e saúde públicas e seguridade social;6;True;81.0;0.818364;264.56;264.97;4.371861;3.6;;81.0;0.818364;264.56;264.97;4.371861;3.6;;90.3;0.906354;234.53;234.3;4.4805;4.1;;92.3;0.924621;236.7;233.6;4.505;4.2;;100.0;1.0;215.13;203.39;5.767587;5.8;;100.0;1.0;215.13;203.39;5.767587;5.8;;;;;;;;;;;;;;;;;;;;;;;;;;;;;;;;;;;;;;;;;;;
3;Sudeste;31;MG;Minas Gerais;3121258;Delta;708459.476;67510.91;528670.934;50378.4;466554.697;42437.21;24286.148;169661.051;141423.708;62424.965;397795.871;68758.826;Indústrias de transformação;Demais serviços;Administração, defesa, educação e saúde públicas e seguridade social;6;True;83.0;0.840027;256.63;254.93;4.110186;3.5;;83.0;0.840027;256.63;254.93;4.110186;3.5;;;;;;;;;89.7;0.896404;250.21;251.71;5.032;4.5;;90.2;0.903288;205.13;188.93;5.313838;4.8;;90.2;0.903288;205.13;188.93;5.313838;4.8;;89.7;0.896404;250.21;251.71;5.032;4.5;;;;;;;;;;;;;;;;;;;;;;;;;;;;;;;;;;;;
3;Sudeste;31;MG;Minas Gerais;3121308;Descoberto;116297.582;23599.35;102136.724;20725.8;81649.305;16187.41;8993.139;17808.71;22637.352;26682.298;76121.499;5527.806;Administração, defesa, educação e saúde públicas e seguridade social;Demais serviços;Indústrias de transformação;4;True;;;;;;;;;;;;;;;88.5;0.886092;270.01;267.91;5.632;5.0;;88.5;0.886092;270.01;267.91;5.632;5.0;;96.8;0.967175;256.1;232.62;7.080912;6.8;;96.8;0.967175;256.1;232.62;7.080912;6.8;;;;;;;;;;;;;;;;;;;;;;;;;;;;;;;;;;;;;;;;;;;
3;Sudeste;31;MG;Minas Gerais;3121407;Desterro de Entre Rios;249744.801;32633.58;298080.773;38949.53;261189.174;35946.76;31096.918;108464.777;67991.414;37894.778;245447.887;15741.287;Indústrias extrativas;Demais serviços;Administração, defesa, educação e saúde públicas e seguridade social;6;True;87.0;0.880884;291.42;293.85;5.181444;4.6;;87.0;0.880884;291.42;293.85;5.181444;4.6;;87.5;0.874315;260.77;266.66;5.457167;4.8;;87.5;0.874315;260.77;266.66;5.457167;4.8;;100.0;1.0;225.66;215.42;6.187269;6.2;;100.0;1.0;225.66;215.42;6.187269;6.2;;;;;;;;;;;;;;;;;;;;;;;;;;;;;;;;;;;;;;;;;;;
3;Sudeste;31;MG;Minas Gerais;3121506;Desterro do Melo;62040.964;20721.76;58246.969;19454.57;50610.46;17652.76;14227.404;2036.041;12605.19;20075.991;48944.626;1665.835;Administração, defesa, educação e saúde públicas e seguridade social;Demais serviços;Agricultura, inclusive apoio à agricultura e a pós colheita;6;True;87.1;0.871421;309.35;295.43;5.456922;4.8;;87.1;0.871421;309.35;295.43;5.456922;4.8;;;;;;;;;81.6;0.808101;287.23;277.62;6.080833;4.9;;92.4;0.917081;261.95;245.9;7.434008;6.8;;92.4;0.917081;261.95;245.9;7.434008;6.8;;81.6;0.808101;287.23;277.62;6.080833;4.9;;;;;;;;;;;;;;;;;;;;;;;;;;;;;;;;;;;;
3;Sudeste;31;MG;Minas Gerais;3121605;Diamantina;1201220.973;25181.77;1037925.19;21758.53;984231.313;20537.34;64944.702;100763.264;522256.564;220330.389;908294.919;75936.394;Demais serviços;Administração, defesa, educação e saúde públicas e seguridade social;Comércio e reparação de veículos automotores e motocicletas;8;True;84.7;0.850172;271.96;269.78;4.5478;3.9;;85.7;0.859152;279.82;279.24;4.79981;4.1;;91.9;0.91934;236.71;239.47;4.603;4.2;;92.3;0.922935;236.83;239.74;4.6095;4.3;;99.9;0.998996;225.74;223.2;6.33025;6.3;;99.9;0.998797;226.86;219.69;6.287806;6.3;;99.1;0.989691;241.14;249.58;4.845333;4.8;;99.9;0.998798;227.32;218.26;6.270584;6.3;;;;;;;;;;;;;;;;;;;;;;;;;;;;;
3;Sudeste;31;MG;Minas Gerais;3121704;Diogo de Vasconcelos;55354.946;15597.34;49388.201;13916.09;42932.392;11360.78;5609.8;1050.614;12599.768;21553.533;40813.715;2118.677;Administração, defesa, educação e saúde públicas e seguridade social;Demais serviços;Pecuária, inclusive apoio à pecuária;6;True;93.6;0.945703;264.43;271.89;4.473628;4.2;;93.6;0.945703;264.43;271.89;4.473628;4.2;;93.3;0.92812;250.21;239.95;4.836;4.5;;93.3;0.92812;250.21;239.95;4.836;4.5;;99.5;0.993852;228.01;205.53;6.052298;6.0;;99.5;0.993852;228.01;205.53;6.052298;6.0;;;;;;;;;;;;;;;;;;;;;;;;;;;;;;;;;;;;;;;;;;;
3;Sudeste;31;MG;Minas Gerais;3121803;Dionísio;104802.973;15306.41;95506.932;13948.73;90864.556;12126.59;18141.636;4822.664;27556.61;37372.823;87893.733;2970.823;Administração, defesa, educação e saúde públicas e seguridade social;Demais serviços;Produção florestal, pesca e aquicultura;7;True;99.1;0.992558;273.53;280.19;4.725689;4.7;;99.1;0.992558;273.53;280.19;4.725689;4.7;;97.1;0.970258;258.92;264.3;5.387;5.2;;97.1;0.970258;258.92;264.3;5.387;5.2;;100.0;1.0;221.24;199.88;5.820372;5.8;;100.0;1.0;216.41;195.45;5.647651;5.6;;;;;;;;;100.0;1.0;204.72;184.74;5.229832;5.2;;;;;;;;;;;;;;;;;;;;;;;;;;;;;
3;Sudeste;31;MG;Minas Gerais;3121902;Divinésia;87003.442;20587.66;79771.935;18876.46;63670.837;18562.93;8388.171;7106.798;21313.202;23110.722;59918.893;3751.945;Administração, defesa, educação e saúde públicas e seguridade social;Demais serviços;Pecuária, inclusive apoio à pecuária;6;True;83.1;0.806911;299.99;291.52;5.266929;4.2;;83.1;0.806911;299.99;291.52;5.266929;4.2;;94.7;0.946591;275.26;258.18;5.557333;5.3;;94.7;0.946591;275.26;258.18;5.557333;5.3;;99.6;0.996141;235.49;224.46;6.539228;6.5;;99.6;0.996141;235.49;224.46;6.539228;6.5;;;;;;;;;;;;;;;;;;;;;;;;;;;;;;;;;;;;;;;;;;;
3;Sudeste;31;MG;Minas Gerais;3122009;Divino;442809.827;21385.58;462607.426;22341.71;319452.715;15956.68;58633.998;14762.737;133844.708;87332.582;294574.024;24878.691;Demais serviços;Administração, defesa, educação e saúde públicas e seguridade social;Agricultura, inclusive apoio à agricultura e a pós colheita;7;True;84.4;0.853821;257.35;262.73;4.237064;3.6;;84.4;0.853821;257.35;262.73;4.237064;3.6;;89.6;0.892468;235.74;237.13;4.547833;4.1;;89.9;0.895573;235.74;237.13;4.547833;4.1;;99.8;0.997793;225.57;219.27;6.255551;6.2;;99.7;0.997395;222.25;215.24;6.11892;6.1;;;;;;;;;99.6;0.996141;213.8;204.99;5.771296;5.7;;;;;;;;;;;;;;;;;;;;;;;;;;;;;
3;Sudeste;31;MG;Minas Gerais;3122108;Divino das Laranjeiras;70321.234;16831.32;63796.789;15269.7;61679.62;12412.88;8552.725;2548.076;20062.291;27575.026;58738.118;2941.502;Administração, defesa, educação e saúde públicas e seguridade social;Demais serviços;Pecuária, inclusive apoio à pecuária;6;True;93.4;0.941358;270.79;268.17;4.507266;4.2;;93.4;0.941358;270.79;268.17;4.507266;4.2;;97.0;0.969528;249.53;252.22;5.029167;4.9;;97.0;0.969528;249.53;252.22;5.029167;4.9;;100.0;1.0;202.17;209.95;5.639532;5.6;;100.0;1.0;202.17;209.95;5.639532;5.6;;;;;;;;;;;;;;;;;;;;;;;;;;;;;;;;;;;;;;;;;;;
3;Sudeste;31;MG;Minas Gerais;3122207;Divinolândia de Minas;91614.435;14059.92;82946.967;12729.74;82271.854;10747.47;12790.935;1707.256;26564.333;37719.123;78781.647;3490.207;Administração, defesa, educação e saúde públicas e seguridade social;Demais serviços;Produção florestal, pesca e aquicultura;4;True;77.6;0.79585;275.24;281.75;4.773059;3.8;;77.6;0.79585;275.24;281.75;4.773059;3.8;;;;;;;;;;;;;;;;99.1;0.98914;235.42;217.33;6.408255;6.3;;99.1;0.98914;235.42;217.33;6.408255;6.3;;;;;;;;;;;;;;;;;;;;;;;;;;;;;;;;;;;;;;;;;;;
3;Sudeste;31;MG;Minas Gerais;3122306;Divinópolis;9339332.264;40414.09;8791427.418;38043.14;8328419.738;34343.29;109939.818;2214343.474;3802888.144;1088599.643;7215771.079;1112648.659;Demais serviços;Indústrias de transformação;Administração, defesa, educação e saúde públicas e seguridade social;9;True;91.1;0.915028;279.15;284.97;4.876178;4.5;;91.4;0.917694;284.67;288.82;5.011341;4.6;;97.3;0.972736;265.69;267.48;5.552833;5.4;;97.0;0.970217;261.86;264.69;5.4425;5.3;;98.5;0.984697;224.35;216.02;6.173178;6.1;;99.2;0.992734;237.27;227.15;6.622106;6.6;;96.3;0.964221;250.45;256.38;5.113833;4.9;;99.9;0.999399;246.58;235.16;6.945414;6.9;;96.5;0.964667;363.0;343.36;6.927949;6.7;;;;;;;;;;;;;;;;;;;;;;
3;Sudeste;31;MG;Minas Gerais;3122355;Divisa Alegre;216685.656;34280.28;221542.701;35048.68;178201.595;25655.28;2845.721;35775.735;72726.648;39502.817;150850.922;27350.673;Demais serviços;Administração, defesa, educação e saúde públicas e seguridade social;Indústrias de transformação;5;True;84.7;0.852515;253.08;253.8;4.04341;3.4;;84.7;0.852515;253.08;253.8;4.04341;3.4;;89.2;0.900298;251.3;249.93;5.0205;4.5;;94.3;0.944872;237.15;239.69;4.614;4.4;;;;;;;;;;;;;;;;97.2;0.975222;217.76;225.66;4.057;4.0;;;;;;;;;;;;;;;;;;;;;;;;;;;;;;;;;;;;
3;Sudeste;31;MG;Minas Gerais;3122405;Divisa Nova;157089.428;26848.3;147395.861;25191.57;129920.755;21513.62;50118.424;5259.654;38742.245;29775.377;123895.7;6025.055;Agricultura, inclusive apoio à agricultura e a pós colheita;Administração, defesa, educação e saúde públicas e seguridade social;Demais serviços;6;True;84.5;0.8545;266.36;258.67;4.302831;3.7;;84.5;0.8545;266.36;258.67;4.302831;3.7;;97.4;0.974362;251.86;264.66;5.275333;5.1;;97.4;0.974362;251.86;264.66;5.275333;5.1;;99.7;0.997373;224.73;208.42;6.042248;6.0;;99.7;0.997373;224.73;208.42;6.042248;6.0;;;;;;;;;;;;;;;;;;;;;;;;;;;;;;;;;;;;;;;;;;;
3;Sudeste;31;MG;Minas Gerais;3122454;Divisópolis;118503.144;11603.17;103450.68;10129.31;93183.437;8176.85;11999.446;3363.171;23701.296;51534.953;90598.866;2584.571;Administração, defesa, educação e saúde públicas e seguridade social;Demais serviços;Agricultura, inclusive apoio à agricultura e a pós colheita;6;True;89.7;0.895623;266.11;255.24;4.247972;3.8;;89.7;0.895623;266.11;255.24;4.247972;3.8;;90.6;0.903679;251.92;243.94;4.931;4.5;;90.6;0.903679;251.92;243.94;4.931;4.5;;99.2;0.991984;231.54;223.03;6.437846;6.4;;99.2;0.991984;231.54;223.03;6.437846;6.4;;;;;;;;;;;;;;;;;;;;;;;;;;;;;;;;;;;;;;;;;;;
3;Sudeste;31;MG;Minas Gerais;3122470;Dom Bosco;85437.158;23109.86;74216.233;20074.72;69488.079;19116.39;24978.91;2173.593;17886.787;20296.102;65335.392;4152.687;Administração, defesa, educação e saúde públicas e seguridade social;Demais serviços;Pecuária, inclusive apoio à pecuária;8;True;90.6;0.907795;256.51;257.25;4.143231;3.8;;90.6;0.907795;256.51;257.25;4.143231;3.8;;97.2;0.973225;242.72;247.56;4.838;4.7;;97.3;0.972797;241.63;245.66;4.788167;4.7;;100.0;1.0;223.52;206.21;5.978974;6.0;;100.0;1.0;213.32;198.89;5.6512270000000004;5.7;;97.4;0.972973;237.1;237.72;4.580333;4.5;;100.0;1.0;204.82;192.79;5.378104;5.4;;;;;;;;;;;;;;;;;;;;;;;;;;;;;
3;Sudeste;31;MG;Minas Gerais;3122504;Dom Cavati;85390.944;17412.51;76125.838;15523.21;69617.629;13854.25;2305.13;3760.854;30900.232;28581.707;65547.923;4069.707;Administração, defesa, educação e saúde públicas e seguridade social;Demais serviços;Comércio e reparação de veículos automotores e motocicletas;6;True;88.0;0.888719;279.07;287.39;4.911282;4.4;;88.0;0.888719;279.07;287.39;4.911282;4.4;;88.5;0.864859;237.01;249.43;4.774;4.1;;88.5;0.864859;237.01;249.43;4.774;4.1;;99.6;0.996759;238.93;227.24;6.655422;6.6;;99.6;0.996759;238.93;227.24;6.655422;6.6;;;;;;;;;;;;;;;;;;;;;;;;;;;;;;;;;;;;;;;;;;;
3;Sudeste;31;MG;Minas Gerais;3122603;Dom Joaquim;81864.373;16710.43;67270.258;13731.43;67800.082;15284.06;8537.988;9524.818;21256.31;25486.568;64805.684;2994.398;Administração, defesa, educação e saúde públicas e seguridade social;Demais serviços;Indústrias extrativas;6;True;91.7;0.918152;268.56;265.63;4.437921;4.1;;91.7;0.918152;268.56;265.63;4.437921;4.1;;93.1;0.931155;242.13;247.14;4.821167;4.5;;93.1;0.931155;242.13;247.14;4.821167;4.5;;;;;;;;;100.0;1.0;237.13;219.63;6.482707;6.5;;;;;;;;;100.0;1.0;237.13;219.63;6.482707;6.5;;;;;;;;;;;;;;;;;;;;;;;;;;;;;
3;Sudeste;31;MG;Minas Gerais;3122702;Dom Silvério;128825.538;24641.46;115466.367;22086.15;108260.435;20711.77;7669.9;18276.411;42455.294;27559.44;95961.046;12299.389;Demais serviços;Administração, defesa, educação e saúde públicas e seguridade social;Indústrias de transformação;6;True;85.5;0.863789;290.21;285.2;5.034958;4.3;;85.5;0.863789;290.21;285.2;5.034958;4.3;;92.9;0.928201;274.49;270.96;5.7575;5.3;;92.9;0.928201;274.49;270.96;5.7575;5.3;;100.0;1.0;278.64;247.09;7.774155;7.8;;100.0;1.0;278.64;247.09;7.774155;7.8;;;;;;;;;;;;;;;;;;;;;;;;;;;;;;;;;;;;;;;;;;;
3;Sudeste;31;MG;Minas Gerais;3122801;Dom Viçoso;50704.475;16382.71;46944.778;15167.94;39045.971;13050.12;8851.287;865.796;10413.921;17902.087;38033.092;1012.88;Administração, defesa, educação e saúde públicas e seguridade social;Demais serviços;Pecuária, inclusive apoio à pecuária;6;True;95.0;0.958484;298.15;299.2;5.356056;5.1;;95.0;0.958484;298.15;299.2;5.356056;5.1;;96.9;0.966435;272.3;274.64;5.782333;5.6;;96.9;0.966435;272.3;274.64;5.782333;5.6;;100.0;1.0;271.77;241.01;7.532503;7.5;;100.0;1.0;271.77;241.01;7.532503;7.5;;;;;;;;;;;;;;;;;;;;;;;;;;;;;;;;;;;;;;;;;;;
3;Sudeste;31;MG;Minas Gerais;3122900;Dona Euzébia;126626.913;20782.36;108142.242;17748.6;109853.981;16484.69;31826.718;5455.049;32871.664;34343.069;104496.499;5357.482;Administração, defesa, educação e saúde públicas e seguridade social;Agricultura, inclusive apoio à agricultura e a pós colheita;Demais serviços;6;True;91.4;0.914664;274.08;275.77;4.667246;4.3;;91.4;0.914664;274.08;275.77;4.667246;4.3;;94.5;0.945967;269.21;270.6;5.6635;5.4;;94.5;0.945967;269.21;270.6;5.6635;5.4;;95.3;0.948712;241.26;224.23;6.64516;6.3;;95.3;0.948712;241.26;224.23;6.64516;6.3;;;;;;;;;;;;;;;;;;;;;;;;;;;;;;;;;;;;;;;;;;;
3;Sudeste;31;MG;Minas Gerais;3123007;Dores de Campos;485976.956;48563.7;370654.717;37039.54;320072.006;31102.13;6287.261;132146.83;80632.832;49941.273;269008.197;51063.809;Indústrias de transformação;Demais serviços;Administração, defesa, educação e saúde públicas e seguridade social;6;True;79.6;0.802672;272.49;295.39;4.938627;4.0;;79.6;0.802672;272.49;295.39;4.938627;4.0;;80.1;0.798284;236.6;252.19;4.813167;3.8;;80.1;0.798284;236.6;252.19;4.813167;3.8;;99.6;0.995975;253.34;236.45;7.097876;7.1;;99.6;0.995975;253.34;236.45;7.097876;7.1;;;;;;;;;;;;;;;;;;;;;;;;;;;;;;;;;;;;;;;;;;;
3;Sudeste;31;MG;Minas Gerais;3123106;Dores de Guanhães;190470.271;37874.38;178040.421;35402.75;190688.686;37106.19;10060.014;111012.661;31360.552;29355.427;181788.654;8900.032;Eletricidade e gás, água, esgoto, atividades de gestão de resíduos e descontaminação;Administração, defesa, educação e saúde públicas e seguridade social;Demais serviços;6;True;93.3;0.93078;271.43;269.18;4.531374;4.2;;93.3;0.93078;271.43;269.18;4.531374;4.2;;96.2;0.962771;233.18;236.67;4.4975;4.3;;96.2;0.962771;233.18;236.67;4.4975;4.3;;99.4;0.994147;222.03;208.92;5.999812;6.0;;99.4;0.994147;222.03;208.92;5.999812;6.0;;;;;;;;;;;;;;;;;;;;;;;;;;;;;;;;;;;;;;;;;;;
3;Sudeste;31;MG;Minas Gerais;3123205;Dores do Indaiá;398845.159;31579.19;341842.53;27065.92;352243.163;26339.88;56003.237;36418.768;157746.48;65275.603;315444.088;36799.075;Demais serviços;Administração, defesa, educação e saúde públicas e seguridade social;Comércio e reparação de veículos automotores e motocicletas;8;True;90.3;0.90891;265.02;280.96;4.617693;4.2;;91.1;0.915509;264.06;277.79;4.556755;4.2;;85.7;0.857;235.87;230.57;4.440667;3.8;;89.8;0.895273;255.81;252.84;5.144167;4.6;;97.6;0.976519;224.96;206.94;6.019728;5.9;;97.6;0.976519;224.96;206.94;6.019728;5.9;;90.0;0.896727;258.25;255.57;5.230333;4.7;;;;;;;;;;;;;;;;;;;;;;;;;;;;;;93.9;0.933284;259.32;262.17;4.25635;4.0;
3;Sudeste;31;MG;Minas Gerais;3123304;Dores do Turvo;76798.359;15399.71;68801.787;13796.23;67068.986;15961.21;19967.837;2189.238;18801.288;23288.382;64246.746;2822.24;Administração, defesa, educação e saúde públicas e seguridade social;Demais serviços;Pecuária, inclusive apoio à pecuária;6;True;98.1;0.982481;275.31;274.43;4.664461;4.6;;98.1;0.982481;275.31;274.43;4.664461;4.6;;95.2;0.953334;271.26;263.98;5.587333;5.3;;95.2;0.953334;271.26;263.98;5.587333;5.3;;100.0;1.0;247.41;226.45;6.80289;6.8;;100.0;1.0;247.41;226.45;6.80289;6.8;;;;;;;;;;;;;;;;;;;;;;;;;;;;;;;;;;;;;;;;;;;
3;Sudeste;31;MG;Minas Gerais;3123403;Doresópolis;134727.115;92215.68;123362.019;84436.7;84085.291;54636.32;13217.269;32899.48;14729.483;14595.642;75441.874;8643.417;Indústrias de transformação;Demais serviços;Administração, defesa, educação e saúde públicas e seguridade social;6;True;96.3;0.967708;251.27;249.5;3.953617;3.8;;96.3;0.967708;251.27;249.5;3.953617;3.8;;;;;;;;;98.7;0.988357;241.94;245.49;4.7905;4.7;;100.0;1.0;223.01;218.89;6.199787;6.2;;100.0;1.0;223.01;218.89;6.199787;6.2;;98.7;0.988357;241.94;245.49;4.7905;4.7;;;;;;;;;;;;;;;;;;;;;;;;;;;;;;;;;;;;
3;Sudeste;31;MG;Minas Gerais;3123502;Douradoquara;88740.75;48518.73;84277.709;46078.57;79306.236;41413.18;28396.134;12364.157;16337.362;17425.507;74523.16;4783.076;Administração, defesa, educação e saúde públicas e seguridade social;Demais serviços;Agricultura, inclusive apoio à agricultura e a pós colheita;6;True;96.6;0.975891;288.79;285.63;5.021452;4.9;;96.6;0.975891;288.79;285.63;5.021452;4.9;;100.0;1.0;259.04;258.67;5.295167;5.3;;100.0;1.0;259.04;258.67;5.295167;5.3;;;;;;;;;100.0;1.0;244.64;231.17;6.835846;6.8;;;;;;;;;100.0;1.0;244.64;231.17;6.835846;6.8;;;;;;;;;;;;;;;;;;;;;;;;;;;;;
3;Sudeste;31;MG;Minas Gerais;3123528;Durandé;154213.27;19727.94;195042.317;24951.04;122872.75;15557.45;40049.592;4395.848;35665.596;36323.631;116434.667;6438.083;Agricultura, inclusive apoio à agricultura e a pós colheita;Administração, defesa, educação e saúde públicas e seguridade social;Demais serviços;7;True;92.1;0.919993;260.18;273.08;4.431752;4.1;;92.1;0.919993;260.18;273.08;4.431752;4.1;;96.2;0.960713;244.44;253.17;4.960167;4.8;;96.2;0.960713;244.44;253.17;4.960167;4.8;;100.0;1.0;220.11;204.44;5.881716;5.9;;100.0;1.0;217.47;201.24;5.773153;5.8;;;;;;;;;100.0;1.0;213.77;196.75;5.620906;5.6;;;;;;;;;;;;;;;;;;;;;;;;;;;;;
3;Sudeste;31;MG;Minas Gerais;3123601;Elói Mendes;948341.686;36009.33;924298.108;35096.37;705287.929;24698.41;143199.625;104156.751;247562.644;132967.972;627886.991;77400.937;Demais serviços;Administração, defesa, educação e saúde públicas e seguridade social;Agricultura, inclusive apoio à agricultura e a pós colheita;6;True;88.6;0.891834;272.28;282.71;4.745857;4.2;;88.6;0.891834;272.28;282.71;4.745857;4.2;;83.9;0.838612;252.15;258.77;5.182;4.3;;85.8;0.858162;252.15;258.77;5.182;4.4;;98.7;0.986904;215.99;209.38;5.892908;5.8;;98.7;0.986904;215.99;209.38;5.892908;5.8;;;;;;;;;;;;;;;;;;;;;;;;;;;;;;;;;;;;;;;;;;;
3;Sudeste;31;MG;Minas Gerais;3123700;Engenheiro Caldas;188885.396;13866.2;167574.156;12301.73;157011.752;13934.31;15036.109;6272.295;63876.059;60720.848;145905.311;11106.441;Administração, defesa, educação e saúde públicas e seguridade social;Demais serviços;Comércio e reparação de veículos automotores e motocicletas;7;True;83.9;0.856175;277.67;270.17;4.633835;4.0;;83.9;0.856175;277.67;270.17;4.633835;4.0;;85.8;0.856803;243.13;241.64;4.746167;4.1;;85.3;0.852155;246.9;243.65;4.8425;4.1;;99.8;0.99839;216.85;206.44;5.855866;5.8;;99.8;0.99839;216.85;206.44;5.855866;5.8;;83.6;0.836306;258.2;249.67;5.131167;4.3;;;;;;;;;;;;;;;;;;;;;;;;;;;;;;;;;;;;
3;Sudeste;31;MG;Minas Gerais;3123809;Engenheiro Navarro;116459.38;18328.51;104272.329;16410.5;92057.378;12715.11;13876.897;4152.898;28291.12;38743.079;85063.994;6993.384;Administração, defesa, educação e saúde públicas e seguridade social;Demais serviços;Comércio e reparação de veículos automotores e motocicletas;6;True;86.7;0.871991;254.86;256.52;4.109128;3.6;;86.7;0.871991;254.86;256.52;4.109128;3.6;;87.7;0.870927;229.63;234.75;4.406333;3.8;;87.7;0.870927;229.63;234.75;4.406333;3.8;;100.0;1.0;220.66;204.12;5.886394;5.9;;100.0;1.0;220.66;204.12;5.886394;5.9;;;;;;;;;;;;;;;;;;;;;;;;;;;;;;;;;;;;;;;;;;;
3;Sudeste;31;MG;Minas Gerais;3123858;Entre Folhas;82275.065;15886.28;74684.499;14420.64;64894.89;12055.52;5264.704;2992.336;23327.667;30105.234;61689.941;3204.948;Administração, defesa, educação e saúde públicas e seguridade social;Demais serviços;Comércio e reparação de veículos automotores e motocicletas;6;True;95.3;0.94895;326.49;311.58;5.939419;5.6;;95.3;0.94895;326.49;311.58;5.939419;5.6;;91.8;0.92086;284.4;278.3;6.045;5.6;;91.8;0.92086;284.4;278.3;6.045;5.6;;98.8;0.988702;233.17;225.33;6.510771;6.4;;98.8;0.988702;233.17;225.33;6.510771;6.4;;;;;;;;;;;;;;;;;;;;;;;;;;;;;;;;;;;;;;;;;;;
3;Sudeste;31;MG;Minas Gerais;3123908;Entre Rios de Minas;417306.732;28299.66;364593.726;24724.92;270169.703;17477.66;35763.663;23111.5;115702.45;74303.47;248881.084;21288.619;Demais serviços;Administração, defesa, educação e saúde públicas e seguridade social;Comércio e reparação de veículos automotores e motocicletas;7;True;91.3;0.913593;286.07;282.68;4.939088;4.5;;91.3;0.913593;286.07;282.68;4.939088;4.5;;92.6;0.926973;274.79;276.68;5.857833;5.4;;92.6;0.926973;274.79;276.68;5.857833;5.4;;95.4;0.951935;265.71;247.12;7.527945;7.2;;96.8;0.967758;255.24;238.84;7.177591;6.9;;;;;;;;;100.0;1.0;230.97;219.65;6.365514;6.4;;;;;;;;;;;;;;;;;;;;;;;;;;;;;
3;Sudeste;31;MG;Minas Gerais;3124005;Ervália;576909.131;28482.31;523466.037;25843.79;409382.613;21524.93;138568.552;21210.646;134957.048;94087.14;388823.387;20559.226;Agricultura, inclusive apoio à agricultura e a pós colheita;Demais serviços;Administração, defesa, educação e saúde públicas e seguridade social;6;True;92.1;0.923149;288.98;282.87;4.982803;4.6;;92.1;0.923149;288.98;282.87;4.982803;4.6;;98.0;0.979483;254.11;255.99;5.168333;5.1;;98.0;0.979483;254.11;255.99;5.168333;5.1;;99.9;0.998996;222.81;214.23;6.111243;6.1;;99.9;0.998996;222.81;214.23;6.111243;6.1;;;;;;;;;;;;;;;;;;;;;;;;;;;;;;;;;;;;;;;;;;;
3;Sudeste;31;MG;Minas Gerais;3124104;Esmeraldas;1314690.511;15358.89;1207162.541;14103.35;973278.234;13422.31;49666.806;94673.351;425556.792;328050.002;897946.951;75331.283;Administração, defesa, educação e saúde públicas e seguridade social;Demais serviços;Comércio e reparação de veículos automotores e motocicletas;8;True;83.8;0.84875;261.71;271.94;4.436175;3.8;;83.8;0.84875;261.71;271.94;4.436175;3.8;;92.0;0.920167;239.1;244.99;4.734833;4.4;;91.0;0.910037;237.62;244.33;4.699167;4.3;;99.3;0.993389;197.55;192.37;5.231727;5.2;;99.5;0.994794;207.0;200.05;5.551707;5.5;;89.6;0.897169;230.24;241.05;4.5215;4.1;;99.9;0.998798;224.92;214.61;6.158419;6.2;;;;;;;;;;;;;;;;;;;;;;;;;;;;;
3;Sudeste;31;MG;Minas Gerais;3124203;Espera Feliz;570798.994;23682.64;830714.285;34466.61;411015.827;16254.04;60691.758;19986.493;181545.062;117513.661;379736.973;31278.854;Demais serviços;Administração, defesa, educação e saúde públicas e seguridade social;Agricultura, inclusive apoio à agricultura e a pós colheita;7;True;88.1;0.884244;261.03;266.14;4.339798;3.8;;88.1;0.884244;261.03;266.14;4.339798;3.8;;83.5;0.83002;250.0;263.55;5.225833;4.3;;84.9;0.845176;250.0;263.55;5.225833;4.4;;98.7;0.987089;236.2;229.14;6.637868;6.6;;99.2;0.991973;222.29;211.54;6.05241;6.0;;;;;;;;;99.7;0.99739;212.6;199.28;5.644577;5.6;;;;;;;;;;;;;;;;;;;;;;;;;;;;;
3;Sudeste;31;MG;Minas Gerais;3124302;Espinosa;472196.909;15510.85;405307.456;13313.65;364023.403;11518.63;18565.509;31371.232;139835.187;147316.088;337088.016;26935.387;Administração, defesa, educação e saúde públicas e seguridade social;Demais serviços;Comércio e reparação de veículos automotores e motocicletas;7;True;89.5;0.900832;263.11;256.17;4.21976;3.8;;89.5;0.900832;263.11;256.17;4.21976;3.8;;99.3;0.992222;259.9;260.57;5.341167;5.3;;99.3;0.992222;259.9;260.57;5.341167;5.3;;100.0;1.0;242.02;225.44;6.681664;6.7;;99.8;0.998198;230.12;213.74;6.241838;6.2;;;;;;;;;99.7;0.997195;226.26;209.95;6.099264;6.1;;;;;;;;;;;;;;;;;;;;;;;;;;;;;
3;Sudeste;31;MG;Minas Gerais;3124401;Espírito Santo do Dourado;151055.758;22849.15;121181.115;18330.22;122219.331;25850.11;28825.552;18540.768;37162.009;26388.417;110916.746;11302.585;Demais serviços;Administração, defesa, educação e saúde públicas e seguridade social;Agricultura, inclusive apoio à agricultura e a pós colheita;6;True;92.3;0.920657;265.69;270.5;4.470517;4.1;;92.3;0.920657;265.69;270.5;4.470517;4.1;;99.3;0.993457;235.52;239.56;4.584667;4.6;;99.3;0.993457;235.52;239.56;4.584667;4.6;;99.8;0.99778;233.25;220.24;6.419752;6.4;;99.8;0.99778;233.25;220.24;6.419752;6.4;;;;;;;;;;;;;;;;;;;;;;;;;;;;;;;;;;;;;;;;;;;
3;Sudeste;31;MG;Minas Gerais;3124500;Estiva;572583.861;49781.24;602366.103;52370.55;601828.708;52718.0;78906.745;199724.978;196804.273;54826.316;530262.311;71566.397;Indústrias de transformação;Demais serviços;Agricultura, inclusive apoio à agricultura e a pós colheita;6;True;96.7;0.97056;270.98;282.9;4.730443;4.6;;96.7;0.97056;270.98;282.9;4.730443;4.6;;95.8;0.957614;254.76;257.68;5.207333;5.0;;95.8;0.957614;254.76;257.68;5.207333;5.0;;;;;;;;;99.3;0.993311;229.22;221.4;6.363935;6.3;;;;;;;;;99.7;0.996759;229.22;221.4;6.363935;6.3;;;;;;;;;;;;;;;;;;;;;;;;;;;;;
3;Sudeste;31;MG;Minas Gerais;3124609;Estrela Dalva;51735.89;23666.92;48358.435;22121.88;42891.357;18583.78;10642.466;1538.366;12553.887;16527.696;41262.415;1628.942;Administração, defesa, educação e saúde públicas e seguridade social;Demais serviços;Pecuária, inclusive apoio à pecuária;6;True;93.8;0.937359;247.34;260.17;4.058151;3.8;;93.8;0.937359;247.34;260.17;4.058151;3.8;;92.9;0.928258;244.11;239.34;4.724167;4.4;;92.9;0.928258;244.11;239.34;4.724167;4.4;;97.9;0.981067;215.32;192.71;5.577031;5.5;;97.9;0.981067;215.32;192.71;5.577031;5.5;;;;;;;;;;;;;;;;;;;;;;;;;;;;;;;;;;;;;;;;;;;
3;Sudeste;31;MG;Minas Gerais;3124708;Estrela do Indaiá;163895.665;59125.42;140290.917;50610.0;165337.982;47469.99;102756.328;5758.226;30964.237;21028.302;160507.094;4830.889;Agricultura, inclusive apoio à agricultura e a pós colheita;Demais serviços;Pecuária, inclusive apoio à pecuária;6;True;88.9;0.904399;288.65;293.97;5.144336;4.7;;88.9;0.904399;288.65;293.97;5.144336;4.7;;94.6;0.937222;237.73;244.42;4.7025;4.4;;94.6;0.937222;237.73;244.42;4.7025;4.4;;100.0;1.0;217.59;201.77;5.785079;5.8;;100.0;1.0;217.59;201.77;5.785079;5.8;;;;;;;;;;;;;;;;;;;;;;;;;;;;;;;;;;;;;;;;;;;
3;Sudeste;31;MG;Minas Gerais;3124807;Estrela do Sul;458303.039;67003.37;415826.747;60793.38;351210.713;43590.76;184656.199;45396.673;61553.22;44504.268;336110.359;15100.354;Agricultura, inclusive apoio à agricultura e a pós colheita;Produção florestal, pesca e aquicultura;Demais serviços;7;True;99.0;0.988753;262.51;257.42;4.230045;4.2;;99.0;0.988753;262.51;257.42;4.230045;4.2;;99.6;0.996207;250.65;253.5;5.069167;5.0;;99.6;0.996207;250.65;253.5;5.069167;5.0;;100.0;1.0;226.65;205.97;6.034344;6.0;;100.0;1.0;225.44;208.03;6.048706;6.0;;;;;;;;;100.0;1.0;223.52;211.28;6.071156;6.1;;;;;;;;;;;;;;;;;;;;;;;;;;;;;
3;Sudeste;31;MG;Minas Gerais;3124906;Eugenópolis;243154.7;22512.24;242516.725;22453.17;221740.94;19480.01;48701.543;32092.307;72546.021;53770.771;207110.642;14630.298;Demais serviços;Administração, defesa, educação e saúde públicas e seguridade social;Agricultura, inclusive apoio à agricultura e a pós colheita;6;True;84.4;0.853652;269.13;288.7;4.791286;4.1;;84.4;0.853652;269.13;288.7;4.791286;4.1;;93.3;0.93256;234.19;244.55;4.645667;4.3;;93.7;0.937453;234.19;244.55;4.645667;4.4;;98.3;0.984019;198.88;178.95;5.013109;4.9;;98.4;0.985068;198.88;178.95;5.013109;4.9;;;;;;;;;;;;;;;;;;;;;;;;;;;;;;;;;;;;;;;;;;;
3;Sudeste;31;MG;Minas Gerais;3125002;Ewbank da Câmara;71575.592;18471.12;60943.446;15727.34;54345.122;13821.24;4012.745;4959.418;18888.285;22684.443;50544.892;3800.23;Administração, defesa, educação e saúde públicas e seguridade social;Demais serviços;Comércio e reparação de veículos automotores e motocicletas;6;True;83.6;0.829314;259.01;260.21;4.222654;3.5;;83.6;0.829314;259.01;260.21;4.222654;3.5;;87.4;0.86717;242.91;250.93;4.897333;4.2;;87.4;0.86717;242.91;250.93;4.897333;4.2;;98.3;0.983665;196.96;197.7;5.317377;5.2;;98.3;0.983665;196.96;197.7;5.317377;5.2;;;;;;;;;;;;;;;;;;;;;;;;;;;;;;;;;;;;;;;;;;;
3;Sudeste;31;MG;Minas Gerais;3125101;Extrema;20204998.576;377790.63;17506036.486;327325.76;13653880.394;362662.5;11357.222;2418815.272;6469966.824;302984.858;9203124.175;4450756.219;Comércio e reparação de veículos automotores e motocicletas;Demais serviços;Indústrias de transformação;6;True;87.4;0.87259;280.22;280.66;4.826685;4.2;;87.4;0.87259;280.22;280.66;4.826685;4.2;;;;;;;;;95.3;0.954095;261.85;256.52;5.306167;5.1;;98.6;0.986092;231.28;218.6;6.352339;6.3;;98.6;0.986092;231.28;218.6;6.352339;6.3;;95.3;0.954095;261.85;256.52;5.306167;5.1;;;;;;;;;;;;;;;;;;;;;;;;;;;;;;;;;;;;
3;Sudeste;31;MG;Minas Gerais;3125200;Fama;68125.526;26425.73;62722.161;24329.78;58616.647;24691.09;20908.699;3168.93;17106.351;15854.243;57038.223;1578.424;Agricultura, inclusive apoio à agricultura e a pós colheita;Demais serviços;Administração, defesa, educação e saúde públicas e seguridade social;4;True;;;;;;;;;;;;;;;89.1;0.890597;249.92;267.55;5.291167;4.7;;89.1;0.890597;249.92;267.55;5.291167;4.7;;97.9;0.978276;246.03;231.37;6.866009;6.7;;97.9;0.978276;246.03;231.37;6.866009;6.7;;;;;;;;;;;;;;;;;;;;;;;;;;;;;;;;;;;;;;;;;;;
3;Sudeste;31;MG;Minas Gerais;3125309;Faria Lemos;79465.644;24926.49;74154.566;23260.53;64355.137;20098.42;24145.737;5250.296;13589.575;19035.837;62021.445;2333.692;Administração, defesa, educação e saúde públicas e seguridade social;Agricultura, inclusive apoio à agricultura e a pós colheita;Demais serviços;6;True;90.4;0.908203;270.78;274.03;4.59485;4.2;;90.4;0.908203;270.78;274.03;4.59485;4.2;;81.7;0.807025;230.73;234.89;4.427;3.6;;81.7;0.807025;230.73;234.89;4.427;3.6;;99.5;0.993852;180.98;193.43;4.934779;4.9;;99.5;0.993852;180.98;193.43;4.934779;4.9;;;;;;;;;;;;;;;;;;;;;;;;;;;;;;;;;;;;;;;;;;;
3;Sudeste;31;MG;Minas Gerais;3125408;Felício dos Santos;90314.498;17594.88;81601.309;15897.39;73737.51;15837.09;21635.649;1865.489;19911.864;27608.991;71021.992;2715.518;Administração, defesa, educação e saúde públicas e seguridade social;Demais serviços;Agricultura, inclusive apoio à agricultura e a pós colheita;2;True;;;;;;;;;;;;;;;86.7;0.861826;238.16;240.02;4.636333;4.0;;86.7;0.861826;238.16;240.02;4.636333;4.0;;;;;;;;;;;;;;;;;;;;;;;;;;;;;;;;;;;;;;;;;;;;;;;;;;;;;;;;;
3;Sudeste;31;MG;Minas Gerais;3125507;São Gonçalo do Rio Preto;59521.522;19631.11;49661.382;16379.08;48741.79;15337.25;8621.1;2879.777;14036.002;20965.839;46502.718;2239.072;Administração, defesa, educação e saúde públicas e seguridade social;Demais serviços;Produção florestal, pesca e aquicultura;6;True;96.7;0.966605;269.3;277.84;4.631099;4.5;;96.7;0.966605;269.3;277.84;4.631099;4.5;;95.5;0.952549;269.02;255.71;5.412167;5.2;;95.5;0.952549;269.02;255.71;5.412167;5.2;;100.0;1.0;254.48;241.94;7.21945;7.2;;100.0;1.0;254.48;241.94;7.21945;7.2;;;;;;;;;;;;;;;;;;;;;;;;;;;;;;;;;;;;;;;;;;;
3;Sudeste;31;MG;Minas Gerais;3125606;Felisburgo;91368.427;14080.51;77332.939;11917.54;75698.782;10028.99;9273.228;1370.906;23249.812;39338.831;73232.778;2466.004;Administração, defesa, educação e saúde públicas e seguridade social;Demais serviços;Pecuária, inclusive apoio à pecuária;6;True;83.3;0.846747;250.89;251.41;3.976873;3.4;;83.3;0.846747;250.89;251.41;3.976873;3.4;;90.3;0.901662;235.12;235.99;4.5185;4.1;;90.9;0.907724;235.12;235.99;4.5185;4.1;;99.8;0.997984;207.11;201.69;5.583625;5.6;;99.8;0.997984;207.11;201.69;5.583625;5.6;;;;;;;;;;;;;;;;;;;;;;;;;;;;;;;;;;;;;;;;;;;
3;Sudeste;31;MG;Minas Gerais;3125705;Felixlândia;315867.475;22597.47;284405.326;20346.64;281135.599;18105.07;66003.439;9319.129;99953.108;81220.226;256495.902;24639.697;Administração, defesa, educação e saúde públicas e seguridade social;Demais serviços;Produção florestal, pesca e aquicultura;8;True;77.3;0.79105;276.92;276.5;4.718062;3.7;;77.3;0.79105;276.92;276.5;4.718062;3.7;;86.1;0.861844;263.79;256.08;5.331167;4.6;;80.4;0.80051;253.27;248.25;5.025333;4.0;;94.2;0.94244;221.2;210.62;6.014881;5.7;;94.6;0.946954;222.3;212.4;6.068237;5.7;;76.6;0.758824;246.96;243.55;4.841833;3.7;;100.0;1.0;231.39;227.16;6.510074;6.5;;;;;;;;;;;;;;;;;;;;;;;;;;;;;
3;Sudeste;31;MG;Minas Gerais;3125804;Fernandes Tourinho;55720.249;19978.58;47683.991;17097.16;45852.472;13100.71;6668.027;1666.659;13784.107;21775.78;43894.572;1957.9;Administração, defesa, educação e saúde públicas e seguridade social;Demais serviços;Pecuária, inclusive apoio à pecuária;2;True;;;;;;;;;;;;;;;;;;;;;;;;;;;;;99.3;0.992162;216.97;210.01;5.923065;5.9;;99.3;0.992162;216.97;210.01;5.923065;5.9;;;;;;;;;;;;;;;;;;;;;;;;;;;;;;;;;;;;;;;;;;;
3;Sudeste;31;MG;Minas Gerais;3125903;Ferros;163549.232;17054.14;151696.836;15818.23;147934.904;15448.51;29183.484;5438.661;57187.576;46652.892;138462.612;9472.291;Administração, defesa, educação e saúde públicas e seguridade social;Demais serviços;Comércio e reparação de veículos automotores e motocicletas;6;True;97.2;0.973285;254.78;262.09;4.191388;4.1;;97.2;0.973285;254.78;262.09;4.191388;4.1;;98.4;0.984871;225.95;227.22;4.2195;4.2;;98.4;0.984871;225.95;227.22;4.2195;4.2;;;;;;;;;100.0;1.0;238.38;225.9;6.620562;6.6;;;;;;;;;100.0;1.0;238.38;225.9;6.620562;6.6;;;;;;;;;;;;;;;;;;;;;;;;;;;;;
3;Sudeste;31;MG;Minas Gerais;3125952;Fervedouro;184762.184;17689.06;222412.965;21293.73;156871.962;14132.61;45368.31;5556.346;46172.537;52230.347;149327.54;7544.422;Administração, defesa, educação e saúde públicas e seguridade social;Agricultura, inclusive apoio à agricultura e a pós colheita;Demais serviços;6;True;83.9;0.845138;266.4;283.73;4.678542;4.0;;83.9;0.845138;266.4;283.73;4.678542;4.0;;84.2;0.842347;255.14;257.02;5.202667;4.4;;84.2;0.842347;255.14;257.02;5.202667;4.4;;99.7;0.997188;221.99;209.37;6.00723;6.0;;99.7;0.997188;221.99;209.37;6.00723;6.0;;;;;;;;;;;;;;;;;;;;;;;;;;;;;;;;;;;;;;;;;;;
3;Sudeste;31;MG;Minas Gerais;3126000;Florestal;182908.897;22735.72;155554.07;19335.5;142774.991;18781.24;16937.577;13307.387;60932.853;39737.934;130915.75;11859.24;Demais serviços;Administração, defesa, educação e saúde públicas e seguridade social;Comércio e reparação de veículos automotores e motocicletas;6;True;94.0;0.942479;299.34;295.69;5.320225;5.0;;95.6;0.942479;299.34;295.69;5.320225;5.0;;94.1;0.938937;265.91;258.89;5.413333;5.1;;94.1;0.938937;265.91;258.89;5.413333;5.1;;100.0;1.0;248.34;222.38;6.746638;6.7;;100.0;1.0;248.34;222.38;6.746638;6.7;;;;;;;;;;;;;;;;;;;;;;;;;;;;;;;;;;;;;;;;;;;
3;Sudeste;31;MG;Minas Gerais;3126109;Formiga;2969264.149;43506.98;2661730.497;39000.86;2212488.597;32557.66;258239.996;352434.092;1055898.158;327638.644;1994210.891;218277.706;Demais serviços;Administração, defesa, educação e saúde públicas e seguridade social;Comércio e reparação de veículos automotores e motocicletas;8;True;92.8;0.929118;279.31;286.44;4.900431;4.6;;92.6;0.927212;287.52;292.29;5.103315;4.7;;96.8;0.968216;272.88;276.89;5.8295;5.6;;97.0;0.969486;269.07;273.1;5.702833;5.5;;99.8;0.997793;239.87;227.9;6.685361;6.7;;99.8;0.997793;239.56;227.4;6.670354;6.7;;97.3;0.97368;257.34;261.43;5.312833;5.2;;100.0;1.0;236.15;221.9;6.505278;6.5;;;;;;;;;;;;;;;;;;;;;;;;;;;;;
3;Sudeste;31;MG;Minas Gerais;3126208;Formoso;536208.05;67456.04;507507.801;63845.49;314877.224;32097.58;156601.286;11619.411;74452.614;52635.442;295308.753;19568.471;Agricultura, inclusive apoio à agricultura e a pós colheita;Administração, defesa, educação e saúde públicas e seguridade social;Demais serviços;8;True;93.3;0.933336;268.27;274.17;4.561693;4.3;;93.3;0.933336;268.27;274.17;4.561693;4.3;;95.0;0.949822;254.7;250.13;5.0805;4.8;;96.2;0.961246;258.16;253.14;5.188333;5.0;;100.0;1.0;215.5;197.59;5.669194;5.7;;100.0;1.0;219.57;202.76;5.840865;5.8;;99.4;0.992066;280.01;272.22;5.8705;5.8;;100.0;1.0;232.55;219.23;6.38803;6.4;;;;;;;;;;;;;;;;;;;;;;;;;;;;;
3;Sudeste;31;MG;Minas Gerais;3126307;Fortaleza de Minas;98574.541;28350.46;101509.174;29194.47;111240.628;24941.84;28624.625;26400.413;24287.187;25731.928;105044.153;6196.475;Administração, defesa, educação e saúde públicas e seguridade social;Agricultura, inclusive apoio à agricultura e a pós colheita;Demais serviços;6;True;92.3;0.941133;307.15;297.83;5.461952;5.1;;92.3;0.941133;307.15;297.83;5.461952;5.1;;96.2;0.963424;246.63;247.73;4.906;4.7;;96.2;0.963424;246.63;247.73;4.906;4.7;;98.9;0.989022;248.76;240.05;7.075926;7.0;;98.9;0.989022;248.76;240.05;7.075926;7.0;;;;;;;;;;;;;;;;;;;;;;;;;;;;;;;;;;;;;;;;;;;
3;Sudeste;31;MG;Minas Gerais;3126406;Fortuna de Minas;70961.247;22942.53;59803.41;19335.08;51258.553;17166.29;11100.571;3801.649;14350.537;19988.21;49240.968;2017.585;Administração, defesa, educação e saúde públicas e seguridade social;Demais serviços;Pecuária, inclusive apoio à pecuária;6;True;93.1;0.927411;271.76;255.22;4.327027;4.0;;93.1;0.927411;271.76;255.22;4.327027;4.0;;;;;;;;;95.1;0.947538;259.98;263.54;5.392;5.1;;100.0;1.0;227.1;216.5;6.234386;6.2;;100.0;1.0;227.1;216.5;6.234386;6.2;;95.1;0.947538;259.98;263.54;5.392;5.1;;;;;;;;;;;;;;;;;;;;;;;;;;;;;;;;;;;;
3;Sudeste;31;MG;Minas Gerais;3126505;Francisco Badaró;91211.621;12382.79;78956.681;10719.07;77801.215;7545.46;6873.006;1307.55;22315.962;44794.655;75291.174;2510.041;Administração, defesa, educação e saúde públicas e seguridade social;Demais serviços;Pecuária, inclusive apoio à pecuária;6;True;92.1;0.932394;270.63;271.19;4.550228;4.2;;92.1;0.932394;270.63;271.19;4.550228;4.2;;88.8;0.88682;279.38;280.58;5.999333;5.3;;89.1;0.889536;279.38;280.58;5.999333;5.3;;;;;;;;;100.0;1.0;257.44;231.85;7.092484;7.1;;;;;;;;;100.0;1.0;257.44;231.85;7.092484;7.1;;;;;;;;;;;;;;;;;;;;;;;;;;;;;
3;Sudeste;31;MG;Minas Gerais;3126604;Francisco Dumont;106412.427;23631.45;79709.022;17701.32;75589.243;14348.76;22578.523;2661.729;16808.867;29570.988;71620.108;3969.135;Administração, defesa, educação e saúde públicas e seguridade social;Produção florestal, pesca e aquicultura;Demais serviços;6;True;92.5;0.929155;250.16;252.98;3.990123;3.7;;92.5;0.929155;250.16;252.98;3.990123;3.7;;95.2;0.958451;218.57;226.27;4.080667;3.9;;96.0;0.964673;218.57;226.27;4.080667;3.9;;100.0;1.0;214.91;196.5;5.638116;5.6;;100.0;1.0;214.91;196.5;5.638116;5.6;;;;;;;;;;;;;;;;;;;;;;;;;;;;;;;;;;;;;;;;;;;
3;Sudeste;31;MG;Minas Gerais;3126703;Francisco Sá;532917.976;22700.54;499307.288;21268.84;452039.744;17084.54;44167.178;15791.409;214235.46;122379.336;396573.383;55466.362;Administração, defesa, educação e saúde públicas e seguridade social;Demais serviços;Comércio e reparação de veículos automotores e motocicletas;8;True;86.3;0.873153;259.58;256.45;4.174373;3.6;;86.3;0.873153;259.58;256.45;4.174373;3.6;;95.6;0.956084;233.51;231.47;4.416333;4.2;;96.2;0.962954;233.72;234.01;4.462167;4.3;;99.9;0.998794;210.81;200.09;5.625144;5.6;;99.9;0.999197;211.18;201.8;5.663296;5.7;;100.0;1.0;235.33;253.88;4.820167;4.8;;100.0;1.0;211.76;204.47;5.72291;5.7;;;;;;;;;;;;;;;;;;;;;;;;;;;;;
3;Sudeste;31;MG;Minas Gerais;3126752;Franciscópolis;95098.13;18891.17;92468.63;18368.82;101190.431;19139.48;16439.486;29606.786;21026.885;31038.389;98111.546;3078.886;Administração, defesa, educação e saúde públicas e seguridade social;Indústrias extrativas;Demais serviços;6;True;81.3;0.84092;277.83;286.64;4.882639;4.1;;81.3;0.84092;277.83;286.64;4.882639;4.1;;89.9;0.900656;230.9;237.59;4.474833;4.0;;89.9;0.900656;230.9;237.59;4.474833;4.0;;99.5;0.995935;208.9;191.58;5.433967;5.4;;99.6;0.996759;208.9;191.58;5.433967;5.4;;;;;;;;;;;;;;;;;;;;;;;;;;;;;;;;;;;;;;;;;;;
3;Sudeste;31;MG;Minas Gerais;3126802;Frei Gaspar;91083.395;16149.54;77422.614;13727.41;80089.325;13671.79;23887.096;2450.859;18620.726;32379.315;77337.997;2751.327;Administração, defesa, educação e saúde públicas e seguridade social;Demais serviços;Pecuária, inclusive apoio à pecuária;6;True;94.0;0.94299;259.69;264.68;4.299121;4.1;;94.0;0.94299;259.69;264.68;4.299121;4.1;;79.4;0.794548;237.04;238.92;4.599333;3.7;;80.5;0.801133;237.04;238.92;4.599333;3.7;;99.1;0.992297;203.24;190.24;5.301588;5.3;;99.1;0.992297;203.24;190.24;5.301588;5.3;;;;;;;;;;;;;;;;;;;;;;;;;;;;;;;;;;;;;;;;;;;
3;Sudeste;31;MG;Minas Gerais;3126901;Frei Inocêncio;173509.214;21092.78;168192.094;20446.4;150514.469;15491.4;12081.31;23500.264;58643.043;45352.592;139577.208;10937.261;Administração, defesa, educação e saúde públicas e seguridade social;Demais serviços;Eletricidade e gás, água, esgoto, atividades de gestão de resíduos e descontaminação;4;True;;;;;;;;;;;;;;;81.0;0.808163;238.71;242.07;4.679667;3.8;;81.0;0.808163;238.71;242.07;4.679667;3.8;;98.4;0.983778;196.69;190.41;5.179679;5.1;;98.4;0.983778;196.69;190.41;5.179679;5.1;;;;;;;;;;;;;;;;;;;;;;;;;;;;;;;;;;;;;;;;;;;
3;Sudeste;31;MG;Minas Gerais;3126950;Frei Lagonegro;50932.766;15019.98;42805.746;12623.34;35557.969;10171.04;7655.799;605.574;8073.412;18231.94;34566.726;991.243;Administração, defesa, educação e saúde públicas e seguridade social;Demais serviços;Pecuária, inclusive apoio à pecuária;6;True;97.2;0.975709;252.09;237.15;3.780254;3.7;;97.2;0.975709;252.09;237.15;3.780254;3.7;;95.5;0.945676;253.28;255.66;5.149;4.9;;97.3;0.969375;253.28;255.66;5.149;5.0;;;;;;;;;100.0;1.0;251.08;233.22;6.996019;7.0;;;;;;;;;100.0;1.0;251.08;233.22;6.996019;7.0;;;;;;;;;;;;;;;;;;;;;;;;;;;;;
3;Sudeste;31;MG;Minas Gerais;3127008;Fronteira;1090434.189;74995.47;748730.384;51519.33;935386.424;49580.54;14944.126;667519.205;117626.441;118381.62;918471.392;16915.032;Eletricidade e gás, água, esgoto, atividades de gestão de resíduos e descontaminação;Administração, defesa, educação e saúde públicas e seguridade social;Demais serviços;6;True;82.0;0.836407;265.35;273.18;4.505861;3.8;;82.0;0.836407;265.35;273.18;4.505861;3.8;;95.7;0.957404;240.43;240.63;4.684333;4.5;;95.7;0.957404;240.43;240.63;4.684333;4.5;;100.0;1.0;227.98;218.6;6.289362;6.3;;100.0;1.0;227.98;218.6;6.289362;6.3;;;;;;;;;;;;;;;;;;;;;;;;;;;;;;;;;;;;;;;;;;;
3;Sudeste;31;MG;Minas Gerais;3127057;Fronteira dos Vales;57796.324;13301.8;53194.46;12242.68;48923.593;10771.38;7919.177;829.478;12542.33;26447.337;47738.321;1185.272;Administração, defesa, educação e saúde públicas e seguridade social;Demais serviços;Pecuária, inclusive apoio à pecuária;3;True;;;;;;;;;;;;;;;;;;;;;;;;;;;;;100.0;1.0;166.13;160.32;4.049382;4.0;;100.0;1.0;182.6;175.86;4.64624;4.6;;;;;;;;;100.0;1.0;200.64;192.88;5.299969;5.3;;;;;;;;;;;;;;;;;;;;;;;;;;;;;
3;Sudeste;31;MG;Minas Gerais;3127073;Fruta de Leite;57436.617;12359.93;50424.792;10851.04;47074.935;8997.5;3577.059;1956.618;11413.683;28613.664;45561.024;1513.911;Administração, defesa, educação e saúde públicas e seguridade social;Demais serviços;Construção;7;True;95.0;0.951827;257.09;247.51;4.005568;3.8;;95.0;0.951827;257.09;247.51;4.005568;3.8;;96.9;0.969823;234.63;236.33;4.516;4.4;;96.9;0.969823;234.63;236.33;4.516;4.4;;100.0;1.0;182.37;175.44;4.634214;4.6;;100.0;1.0;189.89;182.82;4.911908;4.9;;;;;;;;;100.0;1.0;203.64;196.29;5.419221;5.4;;;;;;;;;;;;;;;;;;;;;;;;;;;;;
3;Sudeste;31;MG;Minas Gerais;3127107;Frutal;4026768.689;68730.26;3084987.27;52655.62;2472972.017;40870.17;413665.469;358143.91;1007364.148;310607.557;2089781.084;383190.933;Demais serviços;Agricultura, inclusive apoio à agricultura e a pós colheita;Administração, defesa, educação e saúde públicas e seguridade social;6;True;84.4;0.851202;259.55;261.02;4.242364;3.6;;84.4;0.851202;259.55;261.02;4.242364;3.6;;93.6;0.936388;239.57;242.93;4.708333;4.4;;94.0;0.940218;239.57;242.93;4.708333;4.4;;99.1;0.991496;225.22;212.4;6.123963;6.1;;99.1;0.991496;225.22;212.4;6.123963;6.1;;;;;;;;;;;;;;;;;;;;;;;;;;;;;;;;;;;;;;;;;;;
3;Sudeste;31;MG;Minas Gerais;3127206;Funilândia;111147.827;23719.13;96696.6;20635.21;83299.85;18786.61;15040.685;11772.903;21972.192;29375.243;78161.022;5138.828;Administração, defesa, educação e saúde públicas e seguridade social;Demais serviços;Construção;7;True;92.1;0.931901;276.72;270.52;4.625732;4.3;;92.1;0.931901;276.72;270.52;4.625732;4.3;;98.0;0.980143;257.96;255.48;5.224;5.1;;98.0;0.980143;257.96;255.48;5.224;5.1;;99.6;0.996141;222.48;214.64;6.1124;6.1;;99.7;0.996964;221.97;212.36;6.061212;6.0;;;;;;;;;100.0;1.0;219.94;203.41;5.859745;5.9;;;;;;;;;;;;;;;;;;;;;;;;;;;;;
3;Sudeste;31;MG;Minas Gerais;3127305;Galiléia;126802.223;20379.66;110317.975;17730.31;113698.807;16809.4;17937.383;23055.266;33368.807;34611.301;108972.756;4726.051;Administração, defesa, educação e saúde públicas e seguridade social;Demais serviços;Indústrias extrativas;2;True;;;;;;;;;;;;;;;;;;;;;;;;;;;;;100.0;1.0;214.45;209.79;5.870974;5.9;;100.0;1.0;214.45;209.79;5.870974;5.9;;;;;;;;;;;;;;;;;;;;;;;;;;;;;;;;;;;;;;;;;;;
3;Sudeste;31;MG;Minas Gerais;3127339;Gameleiras;74869.089;15620.51;65812.885;13731.04;57342.391;11278.99;8595.365;1189.06;14402.548;30731.848;54918.821;2423.57;Administração, defesa, educação e saúde públicas e seguridade social;Demais serviços;Pecuária, inclusive apoio à pecuária;6;True;98.3;0.982628;258.12;251.72;4.083059;4.0;;98.3;0.982628;258.12;251.72;4.083059;4.0;;99.0;0.988357;219.68;226.12;4.096667;4.0;;99.3;0.992066;219.68;226.12;4.096667;4.1;;;;;;;;;100.0;1.0;254.44;226.05;6.929778;6.9;;;;;;;;;100.0;1.0;254.44;226.05;6.929778;6.9;;;;;;;;;;;;;;;;;;;;;;;;;;;;;
3;Sudeste;31;MG;Minas Gerais;3127354;Glaucilândia;55389.691;18917.24;47510.603;16226.3;41125.695;12944.82;4822.327;4140.426;9656.749;20672.988;39292.49;1833.205;Administração, defesa, educação e saúde públicas e seguridade social;Demais serviços;Pecuária, inclusive apoio à pecuária;6;True;90.8;0.917728;263.87;252.32;4.172799;3.8;;90.8;0.917728;263.87;252.32;4.172799;3.8;;97.0;0.966082;245.24;249.4;4.910667;4.7;;97.0;0.966082;245.24;249.4;4.910667;4.7;;100.0;1.0;223.97;213.82;6.125926;6.1;;100.0;1.0;223.97;213.82;6.125926;6.1;;;;;;;;;;;;;;;;;;;;;;;;;;;;;;;;;;;;;;;;;;;
3;Sudeste;31;MG;Minas Gerais;3127370;Goiabeira;57041.944;20156.16;51302.089;18127.95;49897.749;14667.18;6545.291;1377.927;17406.367;21677.377;47006.961;2890.787;Administração, defesa, educação e saúde públicas e seguridade social;Demais serviços;Comércio e reparação de veículos automotores e motocicletas;2;True;;;;;;;;;;;;;;;;;;;;;;;;;;;;;99.5;0.995314;227.1;197.73;5.893113;5.9;;99.5;0.995314;227.1;197.73;5.893113;5.9;;;;;;;;;;;;;;;;;;;;;;;;;;;;;;;;;;;;;;;;;;;
3;Sudeste;31;MG;Minas Gerais;3127388;Goianá;104453.506;25771.9;75115.308;18533.26;62242.302;15506.3;4712.534;3262.197;25822.764;24416.47;58213.965;4028.338;Administração, defesa, educação e saúde públicas e seguridade social;Demais serviços;Comércio e reparação de veículos automotores e motocicletas;6;True;91.4;0.902663;252.71;254.38;4.046896;3.7;;91.4;0.902663;252.71;254.38;4.046896;3.7;;97.7;0.976812;250.26;270.34;5.343333;5.2;;97.7;0.976812;250.26;270.34;5.343333;5.2;;95.7;0.954002;230.11;219.6;6.348192;6.1;;96.0;0.959588;230.11;219.6;6.348192;6.1;;;;;;;;;;;;;;;;;;;;;;;;;;;;;;;;;;;;;;;;;;;
3;Sudeste;31;MG;Minas Gerais;3127404;Gonçalves;124200.379;26274.67;106374.522;22460.84;94304.714;21629.52;11314.496;6490.177;42941.117;24950.442;85696.232;8608.483;Demais serviços;Administração, defesa, educação e saúde públicas e seguridade social;Comércio e reparação de veículos automotores e motocicletas;4;True;;;;;;;;;;;;;;;83.1;0.827516;256.75;266.71;5.391;4.5;;83.1;0.827516;256.75;266.71;5.391;4.5;;98.0;0.98041;258.02;240.9;7.268099;7.1;;98.0;0.98041;258.02;240.9;7.268099;7.1;;;;;;;;;;;;;;;;;;;;;;;;;;;;;;;;;;;;;;;;;;;
3;Sudeste;31;MG;Minas Gerais;3127503;Gonzaga;92850.186;17753.38;77889.348;14892.8;68965.001;11152.17;7613.899;3555.766;21518.64;32912.463;65600.768;3364.233;Administração, defesa, educação e saúde públicas e seguridade social;Demais serviços;Comércio e reparação de veículos automotores e motocicletas;6;True;90.9;0.914086;261.53;275.71;4.490084;4.1;;90.9;0.914086;261.53;275.71;4.490084;4.1;;94.3;0.942631;235.12;226.58;4.361667;4.1;;94.3;0.942631;235.12;226.58;4.361667;4.1;;99.7;0.997168;234.33;226.78;6.559272;6.5;;99.7;0.997168;234.33;226.78;6.559272;6.5;;;;;;;;;;;;;;;;;;;;;;;;;;;;;;;;;;;;;;;;;;;
3;Sudeste;31;MG;Minas Gerais;3127602;Gouveia;205956.861;18176.41;188430.794;16629.67;198843.315;16835.43;9034.075;44915.395;71577.365;59375.122;184901.957;13941.358;Administração, defesa, educação e saúde públicas e seguridade social;Demais serviços;Indústrias extrativas;6;True;92.8;0.928587;267.03;273.28;4.530954;4.2;;92.8;0.928587;267.03;273.28;4.530954;4.2;;95.8;0.958389;268.35;268.4;5.6125;5.4;;96.1;0.960888;268.35;268.4;5.6125;5.4;;100.0;1.0;256.21;234.03;7.108647;7.1;;100.0;1.0;256.21;234.03;7.108647;7.1;;;;;;;;;;;;;;;;;;;;;;;;;;;;;;;;;;;;;;;;;;;
3;Sudeste;31;MG;Minas Gerais;3127701;Governador Valadares;8612265.515;33488.48;8028768.762;31219.45;7382103.923;26162.46;65862.532;848298.149;4130148.099;1481769.877;6526078.656;856025.267;Demais serviços;Administração, defesa, educação e saúde públicas e seguridade social;Comércio e reparação de veículos automotores e motocicletas;8;True;85.6;0.862667;270.82;280.97;4.699304;4.1;;85.9;0.865636;275.39;283.83;4.806303;4.2;;90.1;0.901134;252.71;259.79;5.208333;4.7;;91.5;0.915289;252.69;259.6;5.204833;4.8;;99.2;0.991797;222.55;210.62;6.040645;6.0;;99.4;0.994199;226.94;217.83;6.255514;6.2;;97.6;0.972025;252.55;258.16;5.1785;5.0;;99.7;0.996799;230.6;223.85;6.434816;6.4;;;;;;;;;;;;;;;;;;;;;;;;;;;;;
3;Sudeste;31;MG;Minas Gerais;3127800;Grão Mogol;817459.322;58805.79;525199.394;37781.41;770835.526;48349.47;184815.8;437027.997;56573.9;81710.935;760128.632;10706.893;Eletricidade e gás, água, esgoto, atividades de gestão de resíduos e descontaminação;Produção florestal, pesca e aquicultura;Administração, defesa, educação e saúde públicas e seguridade social;7;True;93.1;0.929112;258.02;265.59;4.289289;4.0;;93.1;0.929112;258.02;265.59;4.289289;4.0;;94.7;0.947636;242.87;250.92;4.8965;4.6;;95.8;0.958436;234.95;235.87;4.513667;4.3;;99.6;0.996377;216.5;203.15;5.789368;5.8;;99.6;0.996377;216.5;203.15;5.789368;5.8;;96.9;0.969344;218.98;205.53;3.741833;3.6;;;;;;;;;;;;;;;;;;;;;;;;;;;;;;;;;;;;
3;Sudeste;31;MG;Minas Gerais;3127909;Grupiara;51558.24;37038.97;49746.321;35737.3;44192.988;31885.27;12477.119;1529.679;10358.201;18718.74;43083.738;1109.25;Administração, defesa, educação e saúde públicas e seguridade social;Demais serviços;Agricultura, inclusive apoio à agricultura e a pós colheita;2;True;;;;;;;;;;;;;;;;;;;;;;;;;;;;;;;;;;;;100.0;1.0;245.81;229.6;6.829629;6.8;;;;;;;;;100.0;1.0;245.81;229.6;6.829629;6.8;;;;;;;;;;;;;;;;;;;;;;;;;;;;;
3;Sudeste;31;MG;Minas Gerais;3128006;Guanhães;1284431.621;39834.75;1087755.107;33735.12;996792.245;28628.65;48640.831;229837.297;451476.694;164680.795;894635.617;102156.628;Demais serviços;Administração, defesa, educação e saúde públicas e seguridade social;Comércio e reparação de veículos automotores e motocicletas;7;True;81.6;0.821288;257.02;252.66;4.081681;3.4;;81.6;0.821288;257.02;252.66;4.081681;3.4;;95.8;0.956919;249.14;252.18;5.022;4.8;;95.8;0.956919;249.14;252.18;5.022;4.8;;99.6;0.995994;226.58;215.13;6.199553;6.2;;99.7;0.996996;227.64;215.97;6.235055;6.2;;;;;;;;;100.0;1.0;230.36;218.11;6.325872;6.3;;;;;;;;;;;;;;;;;;;;;;;;;;;;;
3;Sudeste;31;MG;Minas Gerais;3128105;Guapé;499821.825;36292.61;459855.157;33390.59;390740.979;27383.91;167531.854;14947.179;109738.297;79613.908;371831.237;18909.742;Agricultura, inclusive apoio à agricultura e a pós colheita;Demais serviços;Administração, defesa, educação e saúde públicas e seguridade social;6;True;87.8;0.881773;288.08;279.62;4.92151;4.3;;87.8;0.881773;288.08;279.62;4.92151;4.3;;91.0;0.90878;259.99;269.0;5.483167;5.0;;93.1;0.930807;259.99;269.0;5.483167;5.1;;99.4;0.994119;235.56;220.57;6.469836;6.4;;99.4;0.994119;235.56;220.57;6.469836;6.4;;;;;;;;;;;;;;;;;;;;;;;;;;;;;;;;;;;;;;;;;;;
3;Sudeste;31;MG;Minas Gerais;3128204;Guaraciaba;132453.764;13580.82;118989.693;12200.32;115210.781;11177.92;21988.44;5991.317;34461.383;48625.512;111066.652;4144.129;Administração, defesa, educação e saúde públicas e seguridade social;Demais serviços;Agricultura, inclusive apoio à agricultura e a pós colheita;6;True;99.6;0.996306;276.31;272.62;4.65141;4.6;;99.6;0.996306;276.31;272.62;4.65141;4.6;;96.8;0.967166;251.06;250.45;5.025167;4.9;;96.2;0.961678;251.06;250.45;5.025167;4.8;;;;;;;;;99.8;0.997577;214.35;207.12;5.82052;5.8;;;;;;;;;100.0;1.0;214.35;207.12;5.82052;5.8;;;;;;;;;;;;;;;;;;;;;;;;;;;;;
3;Sudeste;31;MG;Minas Gerais;3128253;Guaraciama;83745.323;16579.95;67716.361;13406.53;78006.391;15585.69;30401.476;1973.076;14199.15;29253.174;75826.875;2179.515;Administração, defesa, educação e saúde públicas e seguridade social;Produção florestal, pesca e aquicultura;Demais serviços;6;True;97.8;0.981;257.32;245.93;3.985146;3.9;;97.8;0.981;257.32;245.93;3.985146;3.9;;99.6;0.996718;246.76;245.48;4.870667;4.9;;99.6;0.996718;246.76;245.48;4.870667;4.9;;100.0;1.0;207.4;203.49;5.621886;5.6;;100.0;1.0;207.4;203.49;5.621886;5.6;;;;;;;;;;;;;;;;;;;;;;;;;;;;;;;;;;;;;;;;;;;
3;Sudeste;31;MG;Minas Gerais;3128303;Guaranésia;811249.322;42362.89;744283.763;38865.99;549497.746;28899.64;41992.478;171371.147;160456.89;95427.553;469248.068;80249.678;Indústrias de transformação;Demais serviços;Administração, defesa, educação e saúde públicas e seguridade social;8;True;81.4;0.823804;251.08;260.35;4.113374;3.4;;81.4;0.823804;251.08;260.35;4.113374;3.4;;96.3;0.961967;248.27;250.48;4.979167;4.8;;94.6;0.944714;251.61;252.43;5.067333;4.8;;97.2;0.971128;239.15;222.2;6.567984;6.4;;98.1;0.980296;233.48;220.24;6.424142;6.3;;90.5;0.902542;263.27;259.24;5.375167;4.9;;100.0;1.0;223.26;216.69;6.164558;6.2;;;;;;;;;;;;;;;;;;;;;;;;;;;;;
3;Sudeste;31;MG;Minas Gerais;3128402;Guarani;226179.735;29320.68;190852.469;24741.05;173382.665;19424.45;22761.505;34235.312;56701.934;43683.838;157382.589;16000.076;Demais serviços;Administração, defesa, educação e saúde públicas e seguridade social;Indústrias de transformação;6;True;80.6;0.836536;291.99;298.8;5.263551;4.4;;80.6;0.836536;291.99;298.8;5.263551;4.4;;96.9;0.968941;262.23;264.8;5.4505;5.3;;96.9;0.968941;262.23;264.8;5.4505;5.3;;99.3;0.992896;211.38;196.68;5.574022;5.5;;99.3;0.992896;211.38;196.68;5.574022;5.5;;;;;;;;;;;;;;;;;;;;;;;;;;;;;;;;;;;;;;;;;;;
3;Sudeste;31;MG;Minas Gerais;3128501;Guarará;72282.659;22954.16;63807.363;20262.74;57624.309;15346.02;5500.26;6785.584;18297.972;23230.777;53814.594;3809.715;Administração, defesa, educação e saúde públicas e seguridade social;Demais serviços;Indústrias de transformação;6;True;91.3;0.913714;288.36;271.3;4.800891;4.4;;91.3;0.913714;288.36;271.3;4.800891;4.4;;;;;;;;;97.0;0.96938;246.3;240.63;4.782167;4.6;;95.9;0.96184;205.76;194.77;5.432043;5.2;;95.9;0.96184;205.76;194.77;5.432043;5.2;;97.0;0.96938;246.3;240.63;4.782167;4.6;;;;;;;;;;;;;;;;;;;;;;;;;;;;;;;;;;;;
3;Sudeste;31;MG;Minas Gerais;3128600;Guarda-Mor;889875.319;136087.37;918639.315;140486.21;750764.846;114480.76;521503.995;32409.58;124374.111;46872.734;725160.42;25604.426;Agricultura, inclusive apoio à agricultura e a pós colheita;Demais serviços;Administração, defesa, educação e saúde públicas e seguridade social;6;True;86.9;0.862825;254.15;256.57;4.099905;3.5;;86.9;0.862825;254.15;256.57;4.099905;3.5;;93.3;0.929401;246.75;242.72;4.8245;4.5;;93.3;0.929401;246.75;242.72;4.8245;4.5;;100.0;1.0;217.27;200.95;5.764063;5.8;;100.0;1.0;217.27;200.95;5.764063;5.8;;;;;;;;;;;;;;;;;;;;;;;;;;;;;;;;;;;;;;;;;;;
3;Sudeste;31;MG;Minas Gerais;3128709;Guaxupé;2431559.589;47760.99;3912373.159;76847.31;2806751.376;53734.18;51222.313;553485.627;1424652.709;254996.034;2284356.682;522394.694;Demais serviços;Comércio e reparação de veículos automotores e motocicletas;Indústrias de transformação;6;True;85.2;0.858377;270.11;279.51;4.667475;4.0;;85.2;0.858377;270.11;279.51;4.667475;4.0;;93.5;0.934216;246.65;249.28;4.932167;4.6;;93.5;0.934216;246.65;249.28;4.932167;4.6;;100.0;0.999599;232.11;219.52;6.384906;6.4;;100.0;0.999599;232.11;219.52;6.384906;6.4;;;;;;;;;;;;;;;;;;;;;;;;;;;;;;;;;;;;;;;;;;;
3;Sudeste;31;MG;Minas Gerais;3128808;Guidoval;134343.372;18839.35;131187.329;18396.76;123261.67;17543.65;14081.76;24273.495;39225.603;36896.864;114477.723;8783.947;Administração, defesa, educação e saúde públicas e seguridade social;Demais serviços;Indústrias de transformação;6;True;81.3;0.814455;292.62;291.4;5.161621;4.2;;81.3;0.814455;292.62;291.4;5.161621;4.2;;92.6;0.925348;271.9;276.21;5.801833;5.4;;92.6;0.925348;271.9;276.21;5.801833;5.4;;100.0;1.0;224.38;207.77;6.02375;6.0;;100.0;1.0;224.38;207.77;6.02375;6.0;;;;;;;;;;;;;;;;;;;;;;;;;;;;;;;;;;;;;;;;;;;
3;Sudeste;31;MG;Minas Gerais;3128907;Guimarânia;359323.698;42383.07;333130.726;39293.55;327591.513;40106.7;124602.755;79590.515;66832.969;42384.975;313411.215;14180.299;Agricultura, inclusive apoio à agricultura e a pós colheita;Eletricidade e gás, água, esgoto, atividades de gestão de resíduos e descontaminação;Demais serviços;6;True;87.2;0.88466;272.2;281.28;4.723326;4.2;;87.2;0.88466;272.2;281.28;4.723326;4.2;;96.3;0.962791;249.54;265.48;5.250333;5.1;;96.3;0.962791;249.54;265.48;5.250333;5.1;;100.0;1.0;224.13;214.93;6.149161;6.1;;100.0;1.0;224.13;214.93;6.149161;6.1;;;;;;;;;;;;;;;;;;;;;;;;;;;;;;;;;;;;;;;;;;;
3;Sudeste;31;MG;Minas Gerais;3129004;Guiricema;135879.587;17469.73;120001.097;15428.27;114327.227;13781.01;23317.129;8509.397;35549.153;38791.065;106166.745;8160.482;Administração, defesa, educação e saúde públicas e seguridade social;Demais serviços;Pecuária, inclusive apoio à pecuária;6;True;94.9;0.951667;287.48;290.14;5.070568;4.8;;94.9;0.951667;287.48;290.14;5.070568;4.8;;96.7;0.966458;258.17;258.76;5.282167;5.1;;96.7;0.966458;258.17;258.76;5.282167;5.1;;100.0;1.0;236.92;222.03;6.522336;6.5;;100.0;1.0;236.92;222.03;6.522336;6.5;;;;;;;;;;;;;;;;;;;;;;;;;;;;;;;;;;;;;;;;;;;
3;Sudeste;31;MG;Minas Gerais;3129103;Gurinhatã;238367.948;45910.62;217168.319;41827.49;180788.045;32775.21;109750.438;4036.466;29838.664;31293.689;174919.257;5868.787;Pecuária, inclusive apoio à pecuária;Agricultura, inclusive apoio à agricultura e a pós colheita;Administração, defesa, educação e saúde públicas e seguridade social;4;True;;;;;;;;;;;;;;;97.2;0.967587;240.91;243.07;4.733;4.6;;97.2;0.967587;240.91;243.07;4.733;4.6;;99.2;0.992312;224.23;215.62;6.163615;6.1;;99.2;0.992312;224.23;215.62;6.163615;6.1;;;;;;;;;;;;;;;;;;;;;;;;;;;;;;;;;;;;;;;;;;;
3;Sudeste;31;MG;Minas Gerais;3129202;Heliodora;156943.337;25585.81;146293.797;23849.66;133434.54;20147.14;41483.098;5568.025;47605.493;30957.548;125614.165;7820.375;Demais serviços;Agricultura, inclusive apoio à agricultura e a pós colheita;Administração, defesa, educação e saúde públicas e seguridade social;6;True;96.5;0.965862;279.18;279.65;4.796959;4.6;;96.5;0.965862;279.18;279.65;4.796959;4.6;;92.3;0.923571;245.3;239.91;4.7535;4.4;;92.3;0.923571;245.3;239.91;4.7535;4.4;;97.3;0.971669;227.86;204.41;6.029071;5.9;;97.3;0.971669;227.86;204.41;6.029071;5.9;;;;;;;;;;;;;;;;;;;;;;;;;;;;;;;;;;;;;;;;;;;
3;Sudeste;31;MG;Minas Gerais;3129301;Iapu;206568.559;17171.12;215368.764;17902.64;176379.627;15911.56;17272.154;29068.115;61727.725;53852.926;161920.919;14458.708;Administração, defesa, educação e saúde públicas e seguridade social;Demais serviços;Indústrias de transformação;6;True;95.2;0.952618;277.22;280.67;4.7847;4.6;;95.2;0.952618;277.22;280.67;4.7847;4.6;;96.4;0.963239;243.02;241.66;4.744667;4.6;;96.4;0.963239;243.02;241.66;4.744667;4.6;;100.0;1.0;232.17;210.52;6.222414;6.2;;100.0;1.0;232.17;210.52;6.222414;6.2;;;;;;;;;;;;;;;;;;;;;;;;;;;;;;;;;;;;;;;;;;;
3;Sudeste;31;MG;Minas Gerais;3129400;Ibertioga;120874.777;23254.09;110483.649;21255.03;103540.03;20712.15;41620.57;3505.492;25635.256;29391.34;100152.658;3387.372;Administração, defesa, educação e saúde públicas e seguridade social;Agricultura, inclusive apoio à agricultura e a pós colheita;Demais serviços;4;True;;;;;;;;;;;;;;;84.2;0.838384;234.45;237.1;4.525833;3.8;;84.2;0.838384;234.45;237.1;4.525833;3.8;;99.7;0.996553;223.12;198.87;5.837886;5.8;;99.7;0.996553;223.12;198.87;5.837886;5.8;;;;;;;;;;;;;;;;;;;;;;;;;;;;;;;;;;;;;;;;;;;
3;Sudeste;31;MG;Minas Gerais;3129509;Ibiá;1701475.145;76543.04;1641283.913;73835.26;1534623.779;60155.38;479992.761;273327.876;481802.645;133072.413;1368195.695;166428.084;Agricultura, inclusive apoio à agricultura e a pós colheita;Demais serviços;Indústrias de transformação;6;True;84.5;0.856565;275.19;282.09;4.777447;4.1;;85.2;0.863164;275.19;282.09;4.777447;4.1;;83.8;0.83345;256.71;264.69;5.356667;4.5;;84.3;0.840154;256.71;264.69;5.356667;4.5;;99.7;0.997373;229.57;212.48;6.208432;6.2;;99.7;0.997373;229.57;212.48;6.208432;6.2;;;;;;;;;;;;;;;;;;;;;;;;;;;;;;;;;;;;;;;;;;;
3;Sudeste;31;MG;Minas Gerais;3129608;Ibiaí;123723.762;19682.43;134720.011;21431.75;114948.035;13558.39;34060.457;4731.061;27461.471;42265.234;108518.223;6429.811;Administração, defesa, educação e saúde públicas e seguridade social;Agricultura, inclusive apoio à agricultura e a pós colheita;Demais serviços;7;True;87.6;0.885413;262.36;273.96;4.475543;4.0;;87.6;0.885413;262.36;273.96;4.475543;4.0;;87.7;0.874763;224.76;225.8;4.176;3.7;;87.7;0.874763;224.76;225.8;4.176;3.7;;100.0;1.0;217.75;215.49;6.037587;6.0;;100.0;1.0;213.57;210.14;5.860543;5.9;;;;;;;;;100.0;1.0;189.23;178.97;4.829312;4.8;;;;;;;;;;;;;;;;;;;;;;;;;;;;;
3;Sudeste;31;MG;Minas Gerais;3129657;Ibiracatu;62187.813;12239.29;54817.92;10788.81;51252.323;9597.81;3828.998;1689.083;13441.54;30826.537;49786.158;1466.165;Administração, defesa, educação e saúde públicas e seguridade social;Demais serviços;Pecuária, inclusive apoio à pecuária;8;True;96.5;0.968144;257.69;252.19;4.084055;4.0;;96.5;0.968144;257.69;252.19;4.084055;4.0;;99.1;0.990408;261.43;261.25;5.378;5.3;;99.1;0.990973;257.54;258.76;5.271667;5.2;;100.0;1.0;176.08;172.68;4.463994;4.5;;100.0;1.0;212.26;201.42;5.676998;5.7;;99.2;0.991803;245.2;250.86;4.934333;4.9;;100.0;1.0;228.23;214.1;6.212314;6.2;;;;;;;;;;;;;;;;;;;;;;;;;;;;;
3;Sudeste;31;MG;Minas Gerais;3129707;Ibiraci;895829.172;81825.83;728550.208;66546.42;728232.156;51545.31;138202.605;344484.936;137367.148;74326.754;694381.443;33850.713;Eletricidade e gás, água, esgoto, atividades de gestão de resíduos e descontaminação;Agricultura, inclusive apoio à agricultura e a pós colheita;Demais serviços;7;True;87.0;0.878381;276.02;281.69;4.783116;4.2;;87.0;0.878381;276.02;281.69;4.783116;4.2;;92.6;0.925385;249.56;262.61;5.202833;4.8;;92.6;0.925385;249.56;262.61;5.202833;4.8;;99.2;0.992139;222.17;212.52;6.067938;6.0;;99.5;0.994977;228.41;218.67;6.29884;6.3;;;;;;;;;100.0;1.0;235.18;225.32;6.548948;6.5;;;;;;;;;;;;;;;;;;;;;;;;;;;;;
3;Sudeste;31;MG;Minas Gerais;3129806;Ibirité;3235632.471;18973.2;3073444.819;18038.02;3202480.113;17401.95;2938.069;1180375.745;894575.79;846005.158;2923894.762;278585.351;Administração, defesa, educação e saúde públicas e seguridade social;Demais serviços;Eletricidade e gás, água, esgoto, atividades de gestão de resíduos e descontaminação;9;True;83.5;0.843462;253.03;257.68;4.100791;3.5;;84.3;0.850483;273.79;274.29;4.641017;3.9;;88.7;0.886313;237.76;244.76;4.708667;4.2;;92.5;0.924904;241.34;248.74;4.834667;4.5;;99.6;0.996197;215.64;205.76;5.820411;5.8;;99.6;0.995799;216.05;207.21;5.854599;5.8;;96.7;0.966747;246.02;253.94;4.999333;4.8;;99.5;0.994596;217.23;211.49;5.954936;5.9;;95.8;0.958354;343.14;329.75;6.445273;6.2;;;;;;;;;;;;;;;;;;;;;;
3;Sudeste;31;MG;Minas Gerais;3129905;Ibitiúra de Minas;75923.924;22562.83;80149.221;23818.49;77622.484;22196.88;26006.213;3964.436;23113.839;20278.072;73362.56;4259.924;Agricultura, inclusive apoio à agricultura e a pós colheita;Administração, defesa, educação e saúde públicas e seguridade social;Demais serviços;6;True;91.7;0.919984;251.55;256.9;4.068328;3.7;;91.7;0.919984;251.55;256.9;4.068328;3.7;;99.4;0.994408;237.91;236.68;4.5765;4.6;;99.4;0.994408;237.91;236.68;4.5765;4.6;;100.0;1.0;218.57;214.37;6.032872;6.0;;100.0;1.0;218.57;214.37;6.032872;6.0;;;;;;;;;;;;;;;;;;;;;;;;;;;;;;;;;;;;;;;;;;;
3;Sudeste;31;MG;Minas Gerais;3130002;Ibituruna;72846.42;27000.16;62721.819;23247.52;59365.491;19768.73;21001.229;2082.154;15259.164;18378.964;56721.511;2643.98;Administração, defesa, educação e saúde públicas e seguridade social;Demais serviços;Agricultura, inclusive apoio à agricultura e a pós colheita;6;True;98.9;0.982759;269.05;278.71;4.640612;4.6;;98.9;0.982759;269.05;278.71;4.640612;4.6;;94.2;0.936724;258.42;262.82;5.354;5.0;;94.2;0.936724;258.42;262.82;5.354;5.0;;100.0;1.0;242.74;219.94;6.595405;6.6;;100.0;1.0;242.74;219.94;6.595405;6.6;;;;;;;;;;;;;;;;;;;;;;;;;;;;;;;;;;;;;;;;;;;
3;Sudeste;31;MG;Minas Gerais;3130051;Icaraí de Minas;126584.47;11855.81;114602.785;10733.61;111419.448;9132.74;24440.74;4044.416;24395.745;55172.544;108053.445;3366.003;Administração, defesa, educação e saúde públicas e seguridade social;Demais serviços;Pecuária, inclusive apoio à pecuária;6;True;91.5;0.912487;258.3;260.09;4.210886;3.8;;91.5;0.912487;258.3;260.09;4.210886;3.8;;97.3;0.973236;232.46;245.3;4.629333;4.5;;97.3;0.973236;232.46;245.3;4.629333;4.5;;100.0;1.0;226.68;216.69;6.229825;6.2;;100.0;1.0;226.68;216.69;6.229825;6.2;;;;;;;;;;;;;;;;;;;;;;;;;;;;;;;;;;;;;;;;;;;
3;Sudeste;31;MG;Minas Gerais;3130101;Igarapé;1401823.85;30576.13;1206081.766;26306.67;966978.336;21700.1;88040.239;176874.591;385291.394;223262.25;873468.473;93509.863;Demais serviços;Administração, defesa, educação e saúde públicas e seguridade social;Indústrias de transformação;6;True;86.6;0.877782;267.65;265.15;4.417955;3.9;;86.6;0.877782;267.65;265.15;4.417955;3.9;;92.6;0.925705;246.54;251.74;4.971333;4.6;;92.6;0.925705;246.54;251.74;4.971333;4.6;;99.0;0.990779;218.72;205.5;5.874462;5.8;;99.0;0.990779;218.72;205.5;5.874462;5.8;;;;;;;;;;;;;;;;;;;;;;;;;;;;;;;;;;;;;;;;;;;
3;Sudeste;31;MG;Minas Gerais;3130200;Igaratinga;831526.667;76779.93;762874.301;70440.84;577884.474;51846.8;49856.585;206563.242;176310.348;55046.632;487776.808;90107.666;Indústrias de transformação;Demais serviços;Administração, defesa, educação e saúde públicas e seguridade social;6;True;89.2;0.905639;280.93;284.68;4.896837;4.4;;89.2;0.905639;280.93;284.68;4.896837;4.4;;94.1;0.941785;261.18;264.03;5.420167;5.1;;94.1;0.941785;261.18;264.03;5.420167;5.1;;99.7;0.996784;245.64;221.89;6.686203;6.7;;99.7;0.996784;245.64;221.89;6.686203;6.7;;;;;;;;;;;;;;;;;;;;;;;;;;;;;;;;;;;;;;;;;;;
3;Sudeste;31;MG;Minas Gerais;3130309;Iguatama;569668.718;83455.72;556687.807;81554.03;586931.284;74285.7;131645.366;209144.436;125768.008;37045.2;503603.01;83328.274;Indústrias de transformação;Agricultura, inclusive apoio à agricultura e a pós colheita;Demais serviços;4;True;;;;;;;;;;;;;;;90.5;0.902615;239.64;245.88;4.758667;4.3;;90.5;0.902615;239.64;245.88;4.758667;4.3;;100.0;1.0;227.9;210.6;6.14238;6.1;;100.0;1.0;227.9;210.6;6.14238;6.1;;;;;;;;;;;;;;;;;;;;;;;;;;;;;;;;;;;;;;;;;;;
3;Sudeste;31;MG;Minas Gerais;3130408;Ijaci;601865.287;85943.92;564038.916;80542.47;494349.183;74148.67;15808.559;273620.605;82616.707;38073.937;410119.809;84229.374;Indústrias de transformação;Demais serviços;Administração, defesa, educação e saúde públicas e seguridade social;6;True;95.9;0.964201;257.22;268.96;4.328502;4.2;;95.9;0.964201;257.22;268.96;4.328502;4.2;;94.3;0.94313;250.18;253.46;5.060667;4.8;;94.3;0.94313;250.18;253.46;5.060667;4.8;;100.0;1.0;214.86;206.64;5.821525;5.8;;100.0;1.0;214.86;206.64;5.821525;5.8;;;;;;;;;;;;;;;;;;;;;;;;;;;;;;;;;;;;;;;;;;;
3;Sudeste;31;MG;Minas Gerais;3130507;Ilicínea;314564.988;24689.19;292707.843;22973.69;265457.276;21217.91;90096.307;12022.116;85826.457;62149.627;250094.508;15362.768;Agricultura, inclusive apoio à agricultura e a pós colheita;Administração, defesa, educação e saúde públicas e seguridade social;Demais serviços;7;True;92.8;0.931245;283.2;278.4;4.834707;4.5;;92.8;0.931245;283.2;278.4;4.834707;4.5;;92.8;0.926997;288.11;276.86;6.082833;5.6;;94.7;0.946901;277.33;277.6;5.9155;5.6;;100.0;1.0;234.61;221.92;6.476252;6.5;;100.0;1.0;234.61;221.92;6.476252;6.5;;96.5;0.965004;265.35;278.42;5.7295;5.5;;;;;;;;;;;;;;;;;;;;;;;;;;;;;;;;;;;;
3;Sudeste;31;MG;Minas Gerais;3130556;Imbé de Minas;129944.598;18600.72;139946.71;20032.45;101195.736;14506.27;38535.054;3330.324;21425.599;35318.558;98609.536;2586.2;Administração, defesa, educação e saúde públicas e seguridade social;Agricultura, inclusive apoio à agricultura e a pós colheita;Demais serviços;6;True;94.7;0.95116;274.84;271.85;4.619237;4.4;;94.7;0.95116;274.84;271.85;4.619237;4.4;;95.3;0.952674;243.27;245.37;4.810667;4.6;;95.3;0.952674;243.27;245.37;4.810667;4.6;;99.2;0.990664;213.07;212.39;5.89191;5.8;;99.2;0.990664;213.07;212.39;5.89191;5.8;;;;;;;;;;;;;;;;;;;;;;;;;;;;;;;;;;;;;;;;;;;
3;Sudeste;31;MG;Minas Gerais;3130606;Inconfidentes;175312.803;24012.16;176008.154;24107.4;132560.09;17945.05;36173.057;10767.392;39984.173;36818.905;123743.527;8816.563;Administração, defesa, educação e saúde públicas e seguridade social;Agricultura, inclusive apoio à agricultura e a pós colheita;Demais serviços;6;True;93.2;0.952865;283.15;289.24;4.99628;4.8;;94.6;0.951932;292.83;287.36;5.104092;4.9;;96.2;0.959102;258.33;257.59;5.265333;5.0;;96.2;0.959102;258.33;257.59;5.265333;5.0;;100.0;1.0;260.82;246.41;7.421715;7.4;;100.0;1.0;260.82;246.41;7.421715;7.4;;;;;;;;;;;;;;;;;;;;;;;;;;;;;;;;;;;;;;;;;;;
3;Sudeste;31;MG;Minas Gerais;3130655;Indaiabira;96825.456;15257.71;87898.785;13851.05;87299.551;11913.15;24823.051;7343.249;16252.42;36450.853;84869.573;2429.978;Administração, defesa, educação e saúde públicas e seguridade social;Demais serviços;Agricultura, inclusive apoio à agricultura e a pós colheita;6;True;97.7;0.976664;265.67;267.96;4.432212;4.3;;97.7;0.976664;265.67;267.96;4.432212;4.3;;98.4;0.984205;254.69;253.93;5.143667;5.1;;98.4;0.98372;254.69;253.93;5.143667;5.1;;100.0;1.0;234.86;225.42;6.544659;6.5;;100.0;1.0;234.86;225.42;6.544659;6.5;;;;;;;;;;;;;;;;;;;;;;;;;;;;;;;;;;;;;;;;;;;
3;Sudeste;31;MG;Minas Gerais;3130705;Indianópolis;2150116.581;348422.72;861720.469;139640.33;875623.444;124928.44;255033.681;411412.695;99290.435;49073.514;814810.326;60813.118;Construção;Agricultura, inclusive apoio à agricultura e a pós colheita;Eletricidade e gás, água, esgoto, atividades de gestão de resíduos e descontaminação;6;True;87.9;0.899527;277.39;274.65;4.696968;4.2;;87.9;0.899527;277.39;274.65;4.696968;4.2;;;;;;;;;84.4;0.859097;255.74;279.02;5.579333;4.8;;86.6;0.864493;223.53;209.24;6.034256;5.2;;86.6;0.864493;223.53;209.24;6.034256;5.2;;84.4;0.859097;255.74;279.02;5.579333;4.8;;;;;;;;;;;;;;;;;;;;;;;;;;;;;;;;;;;;
3;Sudeste;31;MG;Minas Gerais;3130804;Ingaí;163203.396;63257.13;135273.033;52431.41;115688.894;41540.0;55695.984;13266.174;21370.667;19329.451;109662.277;6026.617;Agricultura, inclusive apoio à agricultura e a pós colheita;Demais serviços;Administração, defesa, educação e saúde públicas e seguridade social;6;True;90.8;0.911471;273.33;271.11;4.586952;4.2;;90.8;0.911471;273.33;271.11;4.586952;4.2;;81.1;0.803734;251.1;259.24;5.172333;4.2;;81.1;0.803734;251.1;259.24;5.172333;4.2;;94.1;0.945849;236.1;240.89;6.849596;6.5;;94.1;0.945849;236.1;240.89;6.849596;6.5;;;;;;;;;;;;;;;;;;;;;;;;;;;;;;;;;;;;;;;;;;;
3;Sudeste;31;MG;Minas Gerais;3130903;Inhapim;543259.654;23940.58;501842.95;22115.41;404765.944;16851.2;66999.607;20168.834;178550.931;114096.184;379815.556;24950.388;Demais serviços;Administração, defesa, educação e saúde públicas e seguridade social;Agricultura, inclusive apoio à agricultura e a pós colheita;6;True;95.4;0.955384;279.85;287.23;4.919842;4.7;;95.4;0.955384;279.85;287.23;4.919842;4.7;;97.2;0.971265;255.56;259.47;5.2505;5.1;;97.4;0.973096;255.56;259.47;5.2505;5.1;;100.0;1.0;235.34;228.1;6.602547;6.6;;100.0;1.0;235.34;228.1;6.602547;6.6;;;;;;;;;;;;;;;;;;;;;;;;;;;;;;;;;;;;;;;;;;;
3;Sudeste;31;MG;Minas Gerais;3131000;Inhaúma;157760.257;25286.14;147426.201;23629.78;145760.514;22947.18;22827.382;28988.672;44108.527;37050.142;132974.723;12785.791;Demais serviços;Administração, defesa, educação e saúde públicas e seguridade social;Pecuária, inclusive apoio à pecuária;6;True;88.0;0.888605;264.01;261.05;4.305454;3.8;;88.0;0.888605;264.01;261.05;4.305454;3.8;;83.0;0.830622;222.57;227.66;4.1705;3.5;;83.0;0.830622;222.57;227.66;4.1705;3.5;;99.7;0.997577;233.1;214.15;6.306162;6.3;;99.7;0.997577;233.1;214.15;6.306162;6.3;;;;;;;;;;;;;;;;;;;;;;;;;;;;;;;;;;;;;;;;;;;
3;Sudeste;31;MG;Minas Gerais;3131109;Inimutaba;109322.158;14831.39;104620.765;14193.56;90714.035;11928.21;13001.288;8264.099;27345.459;36333.415;84944.262;5769.773;Administração, defesa, educação e saúde públicas e seguridade social;Demais serviços;Pecuária, inclusive apoio à pecuária;6;True;94.5;0.946702;242.88;244.57;3.761978;3.6;;94.5;0.946702;242.88;244.57;3.761978;3.6;;84.2;0.843148;228.99;228.22;4.286833;3.6;;84.2;0.843148;228.99;228.22;4.286833;3.6;;98.8;0.98741;210.45;205.15;5.710274;5.6;;98.8;0.98741;210.45;205.15;5.710274;5.6;;;;;;;;;;;;;;;;;;;;;;;;;;;;;;;;;;;;;;;;;;;
3;Sudeste;31;MG;Minas Gerais;3131158;Ipaba;225484.82;13158.54;191442.709;11171.96;180272.402;9525.12;1868.701;9320.446;69445.576;89471.174;170105.896;10166.506;Administração, defesa, educação e saúde públicas e seguridade social;Demais serviços;Comércio e reparação de veículos automotores e motocicletas;6;True;86.7;0.870033;272.43;278.01;4.677605;4.1;;86.7;0.870033;272.43;278.01;4.677605;4.1;;96.4;0.963545;242.4;252.97;4.922833;4.7;;96.4;0.963545;242.4;252.97;4.922833;4.7;;100.0;1.0;229.47;216.53;6.28016;6.3;;100.0;1.0;229.47;216.53;6.28016;6.3;;;;;;;;;;;;;;;;;;;;;;;;;;;;;;;;;;;;;;;;;;;
3;Sudeste;31;MG;Minas Gerais;3131208;Ipanema;423411.376;21688.93;397402.303;20356.64;344482.084;17110.32;27228.082;32175.774;154290.201;99034.813;312728.871;31753.214;Demais serviços;Administração, defesa, educação e saúde públicas e seguridade social;Comércio e reparação de veículos automotores e motocicletas;7;True;99.7;0.996306;276.38;269.43;4.604639;4.6;;99.7;0.996306;276.38;269.43;4.604639;4.6;;99.8;0.997735;262.25;259.07;5.355333;5.3;;99.9;0.998997;256.0;253.21;5.1535;5.1;;99.9;0.998996;225.88;212.01;6.129467;6.1;;99.9;0.998996;225.88;212.01;6.129467;6.1;;100.0;1.0;250.01;247.6;4.960167;5.0;;;;;;;;;;;;;;;;;;;;;;;;;;;;;;;;;;;;
3;Sudeste;31;MG;Minas Gerais;3131307;Ipatinga;16870238.851;74079.68;18957034.814;83243.1;17607739.764;65864.45;3358.034;9194725.071;5139848.316;1302407.61;15640339.03;1967400.733;Indústrias de transformação;Demais serviços;Administração, defesa, educação e saúde públicas e seguridade social;8;True;85.0;0.855294;277.32;281.47;4.798081;4.1;;85.4;0.858296;280.72;283.84;4.881313;4.2;;93.4;0.933967;264.74;265.89;5.5105;5.1;;94.5;0.944192;265.53;268.06;5.559833;5.2;;99.2;0.99176;228.04;223.29;6.375779;6.3;;99.3;0.993174;234.53;226.96;6.566362;6.5;;95.5;0.954392;266.31;270.23;5.609;5.4;;99.7;0.996591;248.76;234.99;6.983926;7.0;;;;;;;;;;;;;;;;;;;;;;;;;;;;;
3;Sudeste;31;MG;Minas Gerais;3131406;Ipiaçu;230520.968;61065.16;217351.953;57576.68;183042.644;43282.73;105370.268;8095.739;35663.812;28552.538;177682.357;5360.287;Agricultura, inclusive apoio à agricultura e a pós colheita;Demais serviços;Administração, defesa, educação e saúde públicas e seguridade social;4;True;;;;;;;;;;;;;;;;;;;;;;98.9;0.990221;230.58;244.06;4.577333;4.5;;100.0;1.0;304.24;245.3;8.23016;8.2;;100.0;1.0;304.24;245.3;8.23016;8.2;;98.9;0.990221;230.58;244.06;4.577333;4.5;;;;;;;;;;;;;;;;;;;;;;;;;;;;;;;;;;;;
3;Sudeste;31;MG;Minas Gerais;3131505;Ipuiúna;223413.372;24456.86;198705.324;21752.09;188546.522;18565.04;36810.467;10289.082;78664.259;48625.657;174389.465;14157.057;Demais serviços;Administração, defesa, educação e saúde públicas e seguridade social;Agricultura, inclusive apoio à agricultura e a pós colheita;4;True;;;;;;;;;;;;;;;92.2;0.919646;251.5;262.24;5.229;4.8;;92.2;0.919646;251.5;262.24;5.229;4.8;;99.8;0.997577;222.92;217.26;6.168433;6.2;;99.8;0.997577;222.92;217.26;6.168433;6.2;;;;;;;;;;;;;;;;;;;;;;;;;;;;;;;;;;;;;;;;;;;
3;Sudeste;31;MG;Minas Gerais;3131604;Iraí de Minas;455213.734;63400.24;344281.142;47950.02;301449.639;42655.96;93423.697;49350.326;92322.055;37007.173;272103.251;29346.387;Demais serviços;Agricultura, inclusive apoio à agricultura e a pós colheita;Indústrias de transformação;4;True;90.6;0.910893;274.2;273.67;4.637494;4.2;;90.6;0.910893;274.2;273.67;4.637494;4.2;;93.3;0.929511;250.47;255.59;5.101;4.7;;93.3;0.929511;250.47;255.59;5.101;4.7;;;;;;;;;;;;;;;;;;;;;;;;;;;;;;;;;;;;;;;;;;;;;;;;;;;;;;;;;
3;Sudeste;31;MG;Minas Gerais;3131703;Itabira;7434200.081;65590.29;7361373.416;64947.76;14971550.437;123002.95;24520.366;10408560.785;3474565.121;601371.222;14509017.494;462532.942;Indústrias extrativas;Demais serviços;Administração, defesa, educação e saúde públicas e seguridade social;8;True;86.1;0.866854;277.92;285.49;4.866687;4.2;;86.1;0.866854;277.92;285.49;4.866687;4.2;;88.9;0.88811;256.82;260.83;5.294167;4.7;;89.1;0.890271;259.33;262.88;5.370167;4.8;;97.4;0.975517;209.93;202.83;5.658169;5.5;;97.7;0.977985;215.81;209.77;5.896564;5.8;;89.6;0.895441;265.79;268.19;5.566333;5.0;;99.0;0.990954;235.03;232.47;6.676085;6.6;;;;;;;;;;;;;;;;;;;;;;;;;;;;;
3;Sudeste;31;MG;Minas Gerais;3131802;Itabirinha;182486.722;17611.15;161417.558;15577.84;136366.42;11718.35;11006.281;11794.139;53970.73;52402.203;129173.353;7193.067;Administração, defesa, educação e saúde públicas e seguridade social;Demais serviços;Comércio e reparação de veículos automotores e motocicletas;6;True;91.0;0.913675;273.84;274.16;4.639773;4.2;;91.0;0.913675;273.84;274.16;4.639773;4.2;;89.3;0.892524;253.23;251.65;5.081333;4.5;;89.3;0.892524;253.23;251.65;5.081333;4.5;;99.1;0.990463;218.1;211.97;5.980266;5.9;;99.2;0.991285;218.1;211.97;5.980266;5.9;;;;;;;;;;;;;;;;;;;;;;;;;;;;;;;;;;;;;;;;;;;
3;Sudeste;31;MG;Minas Gerais;3131901;Itabirito;7160444.102;134178.66;7258818.69;136233.98;13139281.552;247929.68;8516.846;9350839.4;2818662.335;422544.622;12600563.203;538718.349;Indústrias extrativas;Demais serviços;Administração, defesa, educação e saúde públicas e seguridade social;8;True;87.8;0.88607;283.93;290.43;5.02505;4.5;;88.1;0.889245;294.33;298.89;5.297764;4.7;;89.7;0.898291;258.28;259.89;5.302833;4.8;;91.2;0.913482;271.78;272.81;5.743167;5.2;;95.5;0.953485;241.74;226.99;6.704502;6.4;;95.9;0.957706;239.22;225.22;6.624229;6.3;;92.0;0.921423;279.89;280.58;6.007833;5.5;;98.0;0.983745;230.71;219.27;6.353643;6.3;;;;;;;;;;;;;;;;;;;;;;;;;;;;;
3;Sudeste;31;MG;Minas Gerais;3132008;Itacambira;72423.371;17032.78;62076.964;14599.47;61709.441;11329.07;21653.643;999.101;9153.552;28212.041;60018.337;1691.104;Administração, defesa, educação e saúde públicas e seguridade social;Produção florestal, pesca e aquicultura;Demais serviços;6;True;99.3;0.993243;282.54;270.26;4.703581;4.7;;99.3;0.993243;282.54;270.26;4.703581;4.7;;99.5;0.994408;263.41;254.19;5.293333;5.3;;99.5;0.994924;263.41;254.19;5.293333;5.3;;97.6;0.977074;229.39;216.48;6.277724;6.1;;98.2;0.984269;229.39;216.48;6.277724;6.2;;;;;;;;;;;;;;;;;;;;;;;;;;;;;;;;;;;;;;;;;;;
3;Sudeste;31;MG;Minas Gerais;3132107;Itacarambi;292850.107;17018.25;244991.7;14237.08;226687.431;12472.49;31303.287;13425.264;73883.969;92757.27;211369.79;15317.641;Administração, defesa, educação e saúde públicas e seguridade social;Demais serviços;Agricultura, inclusive apoio à agricultura e a pós colheita;8;True;88.1;0.8857;257.53;261.3;4.218185;3.7;;88.1;0.8857;257.53;261.3;4.218185;3.7;;89.6;0.892128;223.41;227.95;4.189333;3.7;;91.7;0.91627;240.84;242.6;4.724;4.3;;99.9;0.998794;235.44;221.78;6.489546;6.5;;99.5;0.994585;234.58;219.87;6.438407;6.4;;92.5;0.924611;245.95;246.89;4.880667;4.5;;97.7;0.978274;229.37;208.18;6.126434;6.0;;;;;;;;;;;;;;;;;;;;;;;;;;;;;
3;Sudeste;31;MG;Minas Gerais;3132206;Itaguara;466010.107;33656.66;447167.594;32295.8;402203.951;29770.83;31078.474;87517.931;167037.706;69964.263;355598.373;46605.578;Demais serviços;Indústrias de transformação;Administração, defesa, educação e saúde públicas e seguridade social;6;True;89.7;0.90513;291.91;286.59;5.079643;4.6;;89.7;0.90513;291.91;286.59;5.079643;4.6;;97.3;0.973466;263.99;264.08;5.467833;5.3;;97.3;0.973466;263.99;264.08;5.467833;5.3;;99.7;0.997373;232.5;214.01;6.292167;6.3;;99.7;0.997373;232.5;214.01;6.292167;6.3;;;;;;;;;;;;;;;;;;;;;;;;;;;;;;;;;;;;;;;;;;;
3;Sudeste;31;MG;Minas Gerais;3132305;Itaipé;143638.883;13728.27;125234.068;11969.23;121610.639;9419.88;10471.406;2935.033;38095.981;65342.926;116845.346;4765.292;Administração, defesa, educação e saúde públicas e seguridade social;Demais serviços;Comércio e reparação de veículos automotores e motocicletas;8;True;75.1;0.790274;270.67;277.63;4.647197;3.7;;75.1;0.790274;270.67;277.63;4.647197;3.7;;66.3;0.654799;223.1;229.67;4.212833;2.8;;64.8;0.645979;224.63;228.53;4.219333;2.7;;99.0;0.989509;201.9;191.1;5.291652;5.2;;99.4;0.993568;207.15;195.87;5.47857;5.4;;62.6;0.627427;227.73;226.19;4.232;2.7;;100.0;1.0;210.16;198.62;5.586012;5.6;;;;;;;;;;;;;;;;;;;;;;;;;;;;;
3;Sudeste;31;MG;Minas Gerais;3132404;Itajubá;4497959.389;48327.22;4121333.696;44280.66;3611716.284;36936.41;16018.643;1069961.267;1458480.747;452169.27;2996629.927;615086.357;Demais serviços;Indústrias de transformação;Administração, defesa, educação e saúde públicas e seguridade social;6;True;88.1;0.885254;282.81;287.66;4.967852;4.4;;88.1;0.885254;282.81;287.66;4.967852;4.4;;93.3;0.932576;256.29;259.19;5.258;4.9;;93.3;0.932576;256.29;259.19;5.258;4.9;;98.2;0.980542;242.21;226.07;6.696745;6.6;;98.2;0.980542;242.21;226.07;6.696745;6.6;;;;;;;;;;;;;;;;;;;;;;;;;;;;;;;;;;;;;;;;;;;
3;Sudeste;31;MG;Minas Gerais;3132503;Itamarandiba;669899.563;20332.03;636219.161;19309.8;647442.593;18429.91;223822.15;46227.927;181736.947;163286.166;615073.189;32369.404;Produção florestal, pesca e aquicultura;Administração, defesa, educação e saúde públicas e seguridade social;Demais serviços;8;True;89.3;0.896573;282.59;283.16;4.897397;4.4;;89.3;0.896573;282.59;283.16;4.897397;4.4;;93.6;0.936166;263.88;263.38;5.454333;5.1;;94.4;0.944491;263.33;262.38;5.4285;5.1;;99.9;0.999399;240.76;225.58;6.660164;6.7;;100.0;0.999599;246.21;228.73;6.821444;6.8;;99.6;0.996463;258.93;254.47;5.223333;5.2;;100.0;1.0;258.74;235.96;7.192021;7.2;;;;;;;;;;;;;;;;;;;;;;;;;;;;;
3;Sudeste;31;MG;Minas Gerais;3132602;Itamarati de Minas;73660.005;19962.06;65478.43;17744.83;67305.096;15314.02;16730.781;3335.006;18303.894;25925.807;64295.488;3009.608;Administração, defesa, educação e saúde públicas e seguridade social;Demais serviços;Agricultura, inclusive apoio à agricultura e a pós colheita;6;True;93.3;0.935846;280.66;287.16;4.930171;4.6;;93.3;0.935846;280.66;287.16;4.930171;4.6;;;;;;;;;74.5;0.757041;246.87;253.86;5.012167;3.8;;100.0;1.0;217.72;206.04;5.865196;5.9;;100.0;1.0;217.72;206.04;5.865196;5.9;;74.5;0.757041;246.87;253.86;5.012167;3.8;;;;;;;;;;;;;;;;;;;;;;;;;;;;;;;;;;;;
3;Sudeste;31;MG;Minas Gerais;3132701;Itambacuri;415054.966;19725.07;370460.166;17605.75;341003.497;14693.99;42929.163;23653.736;141212.149;107633.138;315428.186;25575.311;Demais serviços;Administração, defesa, educação e saúde públicas e seguridade social;Pecuária, inclusive apoio à pecuária;8;True;77.3;0.778687;251.04;251.1;3.974339;3.1;;77.3;0.778687;251.04;251.1;3.974339;3.1;;82.1;0.820274;225.33;229.37;4.245;3.5;;81.6;0.816133;225.62;229.29;4.2485;3.5;;99.5;0.993773;200.51;190.39;5.252216;5.2;;98.9;0.989733;204.12;194.72;5.399836;5.3;;80.3;0.80166;228.39;228.48;4.281167;3.4;;98.6;0.987838;204.75;195.47;5.425495;5.4;;;;;;;;;;;;;;;;;;;;;;;;;;;;;
3;Sudeste;31;MG;Minas Gerais;3132800;Itambé do Mato Dentro;43137.654;20138.96;40712.623;19006.83;35862.511;17648.87;6428.49;760.577;11049.774;15816.424;34055.265;1807.245;Administração, defesa, educação e saúde públicas e seguridade social;Demais serviços;Pecuária, inclusive apoio à pecuária;6;True;89.8;0.896852;269.69;275.75;4.605289;4.1;;89.8;0.896852;269.69;275.75;4.605289;4.1;;91.6;0.913088;253.54;250.99;5.0755;4.6;;91.6;0.913088;253.54;250.99;5.0755;4.6;;100.0;1.0;218.98;203.89;5.850151;5.9;;100.0;1.0;218.98;203.89;5.850151;5.9;;;;;;;;;;;;;;;;;;;;;;;;;;;;;;;;;;;;;;;;;;;
3;Sudeste;31;MG;Minas Gerais;3132909;Itamogi;348466.857;32355.33;346912.607;32211.01;236282.895;23343.5;74592.502;8825.702;82840.056;53474.906;219733.165;16549.73;Agricultura, inclusive apoio à agricultura e a pós colheita;Demais serviços;Administração, defesa, educação e saúde públicas e seguridade social;6;True;84.4;0.854878;267.0;271.53;4.504335;3.9;;84.4;0.854878;267.0;271.53;4.504335;3.9;;99.0;0.989622;255.93;259.71;5.260667;5.2;;99.0;0.989622;255.93;259.71;5.260667;5.2;;99.5;0.994781;248.15;218.7;6.676103;6.6;;99.5;0.994781;248.15;218.7;6.676103;6.6;;;;;;;;;;;;;;;;;;;;;;;;;;;;;;;;;;;;;;;;;;;
3;Sudeste;31;MG;Minas Gerais;3133006;Itamonte;1087902.966;73576.56;805016.39;54444.5;1181670.936;74581.6;19960.593;593763.0;290540.31;72644.075;976907.977;204762.958;Indústrias de transformação;Demais serviços;Administração, defesa, educação e saúde públicas e seguridade social;6;True;84.0;0.848821;276.55;277.8;4.732326;4.0;;84.0;0.848821;276.55;277.8;4.732326;4.0;;88.7;0.88799;248.09;244.41;4.875;4.3;;88.7;0.88799;248.09;244.41;4.875;4.3;;98.2;0.982929;229.01;224.65;6.419018;6.3;;98.2;0.982929;229.01;224.65;6.419018;6.3;;;;;;;;;;;;;;;;;;;;;;;;;;;;;;;;;;;;;;;;;;;
3;Sudeste;31;MG;Minas Gerais;3133105;Itanhandu;649276.352;42614.62;557979.799;36622.46;470089.292;30306.83;175470.0;35447.762;153182.014;77925.671;442025.447;28063.845;Pecuária, inclusive apoio à pecuária;Demais serviços;Administração, defesa, educação e saúde públicas e seguridade social;7;True;95.0;0.950573;283.93;283.36;4.919211;4.7;;95.0;0.950573;283.93;283.36;4.919211;4.7;;97.9;0.97916;260.04;263.85;5.398167;5.3;;97.9;0.97916;260.04;263.85;5.398167;5.3;;99.4;0.993935;247.17;236.3;6.977401;6.9;;99.4;0.99356;243.55;233.59;6.859044;6.8;;;;;;;;;99.1;0.989583;225.46;220.05;6.267634;6.2;;;;;;;;;;;;;;;;;;;;;;;;;;;;;
3;Sudeste;31;MG;Minas Gerais;3133204;Itanhomi;178778.4;16065.64;159556.071;14338.25;151255.998;12338.36;17312.22;9877.371;57758.536;59887.443;144835.569;6420.428;Administração, defesa, educação e saúde públicas e seguridade social;Demais serviços;Pecuária, inclusive apoio à pecuária;6;True;76.6;0.782118;277.88;271.5;4.656694;3.6;;76.6;0.782118;277.88;271.5;4.656694;3.6;;87.5;0.873853;247.72;246.31;4.9005;4.3;;87.5;0.873853;247.72;246.31;4.9005;4.3;;98.4;0.982869;233.06;221.72;6.443035;6.3;;98.5;0.983683;233.06;221.72;6.443035;6.3;;;;;;;;;;;;;;;;;;;;;;;;;;;;;;;;;;;;;;;;;;;
3;Sudeste;31;MG;Minas Gerais;3133303;Itaobim;375951.855;19630.93;355199.139;18547.29;308689.765;14701.61;8640.798;15744.541;154032.853;102688.855;281107.047;27582.718;Demais serviços;Administração, defesa, educação e saúde públicas e seguridade social;Comércio e reparação de veículos automotores e motocicletas;7;True;82.2;0.830663;267.27;274.82;4.557378;3.8;;82.2;0.830663;267.27;274.82;4.557378;3.8;;90.4;0.900485;232.54;239.14;4.528;4.1;;88.7;0.884615;229.96;237.14;4.451667;3.9;;99.9;0.998794;187.97;177.81;4.784176;4.8;;99.9;0.998996;200.78;191.62;5.279732;5.3;;;;;;;;;100.0;1.0;223.53;216.13;6.159529;6.2;;;;;;;;;;;;;;;;;;;;;;;;;;;;;
3;Sudeste;31;MG;Minas Gerais;3133402;Itapagipe;714871.685;52218.53;550663.466;40223.77;514170.0;33148.73;158473.125;85924.845;142754.943;79549.463;466702.376;47467.623;Demais serviços;Agricultura, inclusive apoio à agricultura e a pós colheita;Administração, defesa, educação e saúde públicas e seguridade social;6;True;89.0;0.897663;282.42;273.73;4.753842;4.3;;89.0;0.897663;282.42;273.73;4.753842;4.3;;91.4;0.913796;248.13;252.82;5.015833;4.6;;91.4;0.913796;248.13;252.82;5.015833;4.6;;99.7;0.996582;252.51;235.23;7.059855;7.0;;99.7;0.996582;252.51;235.23;7.059855;7.0;;;;;;;;;;;;;;;;;;;;;;;;;;;;;;;;;;;;;;;;;;;
3;Sudeste;31;MG;Minas Gerais;3133501;Itapecerica;665952.349;31642.7;641893.699;30589.67;628984.71;28905.55;90091.163;168657.825;209718.607;100949.622;569417.216;59567.494;Demais serviços;Administração, defesa, educação e saúde públicas e seguridade social;Indústrias extrativas;7;True;98.3;0.984545;273.01;275.35;4.64593;4.6;;98.3;0.984545;273.01;275.35;4.64593;4.6;;98.9;0.989165;258.1;256.65;5.245833;5.2;;98.9;0.989165;258.1;256.65;5.245833;5.2;;99.2;0.992158;232.61;225.15;6.496811;6.4;;99.4;0.994365;237.2;225.5;6.59077;6.6;;;;;;;;;99.6;0.996141;240.11;225.73;6.650486;6.6;;;;;;;;;;;;;;;;;;;;;;;;;;;;;
3;Sudeste;31;MG;Minas Gerais;3133600;Itapeva;1698907.149;134876.72;1275556.456;100500.82;849148.449;85119.13;11335.001;38582.444;551966.933;54357.922;656242.3;192906.149;Comércio e reparação de veículos automotores e motocicletas;Demais serviços;Administração, defesa, educação e saúde públicas e seguridade social;6;True;79.6;0.803828;256.3;249.98;4.031449;3.2;;79.6;0.803828;256.3;249.98;4.031449;3.2;;;;;;;;;89.7;0.897194;251.64;246.34;4.966333;4.5;;95.4;0.954713;236.68;222.09;6.518847;6.2;;95.4;0.954713;236.68;222.09;6.518847;6.2;;89.7;0.897194;251.64;246.34;4.966333;4.5;;;;;;;;;;;;;;;;;;;;;;;;;;;;;;;;;;;;
3;Sudeste;31;MG;Minas Gerais;3133709;Itatiaiuçu;2434575.301;187766.1;3079751.753;237525.2;6934361.709;610741.74;34263.73;5451781.517;1247245.458;79177.089;6812467.794;121893.915;Indústrias extrativas;Demais serviços;Administração, defesa, educação e saúde públicas e seguridade social;8;True;96.3;0.968867;269.81;271.45;4.542603;4.4;;96.3;0.968867;269.81;271.45;4.542603;4.4;;98.3;0.982329;255.45;251.62;5.117833;5.0;;98.4;0.98365;254.96;252.43;5.123167;5.0;;99.8;0.997373;225.6;207.8;6.047578;6.0;;99.8;0.99778;226.52;208.95;6.086044;6.1;;98.6;0.986795;254.05;253.9;5.1325;5.1;;100.0;1.0;231.36;214.96;6.287684;6.3;;;;;;;;;;;;;;;;;;;;;;;;;;;;;
3;Sudeste;31;MG;Minas Gerais;3133758;Itaú de Minas;899162.734;62415.85;831717.888;57734.13;724062.181;44459.18;26986.053;349621.361;172414.014;87701.776;636723.204;87338.977;Indústrias de transformação;Demais serviços;Administração, defesa, educação e saúde públicas e seguridade social;6;True;79.3;0.802136;274.96;279.57;4.736492;3.8;;79.3;0.802136;274.96;279.57;4.736492;3.8;;;;;;;;;97.8;0.978338;277.71;270.39;5.801667;5.7;;99.7;0.996964;258.87;236.64;7.206865;7.2;;99.7;0.996964;258.87;236.64;7.206865;7.2;;97.8;0.978338;277.71;270.39;5.801667;5.7;;;;;;;;;;;;;;;;;;;;;;;;;;;;;;;;;;;;
3;Sudeste;31;MG;Minas Gerais;3133808;Itaúna;4975969.03;50947.27;5324954.914;54520.42;5082301.98;53806.6;43730.793;2165844.882;1536307.956;461406.601;4207290.233;875011.747;Indústrias de transformação;Demais serviços;Administração, defesa, educação e saúde públicas e seguridade social;8;True;90.7;0.910538;284.55;289.5;5.019835;4.6;;90.7;0.910538;284.55;289.5;5.019835;4.6;;97.0;0.970418;269.62;273.12;5.712333;5.5;;96.0;0.960869;269.05;270.26;5.655167;5.4;;99.5;0.994591;239.36;225.91;6.639446;6.6;;99.6;0.995793;239.41;225.88;6.639855;6.6;;90.1;0.900419;265.0;249.88;5.248;4.7;;100.0;1.0;239.63;225.76;6.641872;6.6;;;;;;;;;;;;;;;;;;;;;;;;;;;;;
3;Sudeste;31;MG;Minas Gerais;3133907;Itaverava;83986.058;14885.87;76310.103;13525.36;71363.054;13411.59;11330.333;6040.156;20429.438;30217.754;68017.68;3345.374;Administração, defesa, educação e saúde públicas e seguridade social;Demais serviços;Agricultura, inclusive apoio à agricultura e a pós colheita;6;True;84.3;0.851643;267.97;272.05;4.525743;3.9;;84.3;0.851643;267.97;272.05;4.525743;3.9;;91.7;0.914924;256.63;250.38;5.116833;4.7;;91.7;0.914924;256.63;250.38;5.116833;4.7;;;;;;;;;100.0;1.0;234.55;229.08;6.605289;6.6;;;;;;;;;100.0;1.0;234.55;229.08;6.605289;6.6;;;;;;;;;;;;;;;;;;;;;;;;;;;;;
3;Sudeste;31;MG;Minas Gerais;3134004;Itinga;283613.085;20633.91;143975.998;10474.79;148251.202;9848.62;14207.474;18519.815;39952.843;66791.391;139471.523;8779.679;Administração, defesa, educação e saúde públicas e seguridade social;Demais serviços;Indústrias extrativas;7;True;81.0;0.821291;249.59;248.74;3.918644;3.2;;81.0;0.821291;249.59;248.74;3.918644;3.2;;83.8;0.832588;226.2;228.8;4.25;3.5;;89.0;0.887711;226.2;228.8;4.25;3.8;;99.8;0.99778;206.19;188.3;5.322613;5.3;;99.9;0.998592;199.55;182.79;5.095713;5.1;;;;;;;;;100.0;1.0;195.06;179.06;4.942208;4.9;;;;;;;;;;;;;;;;;;;;;;;;;;;;;
3;Sudeste;31;MG;Minas Gerais;3134103;Itueta;163923.406;27072.4;141201.812;23331.43;122237.522;20124.72;27188.906;5184.873;42122.899;34945.04;109441.719;12795.802;Administração, defesa, educação e saúde públicas e seguridade social;Demais serviços;Comércio e reparação de veículos automotores e motocicletas;8;True;85.9;0.868074;264.7;277.59;4.56275;4.0;;85.9;0.868074;264.7;277.59;4.56275;4.0;;90.7;0.904702;265.16;265.95;5.5185;5.0;;93.6;0.938078;257.37;263.29;5.344333;5.0;;100.0;1.0;180.06;195.92;4.962494;5.0;;100.0;1.0;214.18;205.06;5.779821;5.8;;96.1;0.962585;242.69;258.29;5.016333;4.8;;100.0;1.0;245.05;213.32;6.519125;6.5;;;;;;;;;;;;;;;;;;;;;;;;;;;;;
3;Sudeste;31;MG;Minas Gerais;3134202;Ituiutaba;4975265.394;48673.56;4387179.82;42920.26;3797167.358;35883.95;400381.968;762865.192;1644494.753;508477.529;3316219.442;480947.915;Demais serviços;Indústrias de transformação;Administração, defesa, educação e saúde públicas e seguridade social;8;True;74.7;0.755241;270.94;277.48;4.648744;3.5;;77.6;0.783401;279.52;284.09;4.868201;3.8;;93.0;0.930156;241.98;245.15;4.7855;4.5;;94.5;0.944869;245.83;250.86;4.944833;4.7;;99.7;0.996991;220.48;215.31;6.086414;6.1;;99.7;0.996793;217.41;212.25;5.972189;6.0;;96.7;0.966202;251.95;259.94;5.198167;5.0;;99.6;0.996191;213.36;208.23;5.821808;5.8;;;;;;;;;;;;;;;;;;;;;;;;;;;;;
3;Sudeste;31;MG;Minas Gerais;3134301;Itumirim;110967.147;16716.96;102914.751;15510.89;91595.651;15322.12;30313.354;3633.422;23419.25;31408.488;88774.514;2821.137;Administração, defesa, educação e saúde públicas e seguridade social;Demais serviços;Pecuária, inclusive apoio à pecuária;7;True;86.9;0.874124;258.86;251.79;4.0945;3.6;;86.9;0.874124;258.86;251.79;4.0945;3.6;;88.3;0.882521;258.2;257.36;5.259333;4.6;;88.3;0.882521;258.2;257.36;5.259333;4.6;;98.5;0.985618;223.11;212.73;6.089695;6.0;;99.1;0.992374;226.3;211.69;6.131664;6.1;;;;;;;;;100.0;1.0;232.82;209.54;6.217001;6.2;;;;;;;;;;;;;;;;;;;;;;;;;;;;;
3;Sudeste;31;MG;Minas Gerais;3134400;Iturama;2864935.043;74812.25;2403673.134;62767.28;2016961.901;50297.05;163572.895;791645.772;660404.728;206578.204;1822201.599;194760.302;Demais serviços;Eletricidade e gás, água, esgoto, atividades de gestão de resíduos e descontaminação;Indústrias de transformação;7;True;83.3;0.84651;277.2;280.34;4.779479;4.0;;83.3;0.84651;277.2;280.34;4.779479;4.0;;91.5;0.915171;260.8;258.79;5.3265;4.9;;93.0;0.929674;258.76;257.8;5.276;4.9;;99.1;0.991082;220.79;212.07;6.033421;6.0;;99.1;0.991082;220.79;212.07;6.033421;6.0;;98.1;0.983747;249.57;253.37;5.049;5.0;;;;;;;;;;;;;;;;;;;;;;;;;;;;;;;;;;;;
3;Sudeste;31;MG;Minas Gerais;3134509;Itutinga;221742.319;52582.95;174873.746;41468.76;172517.553;46016.95;55592.711;53471.56;33973.399;23248.883;166286.553;6231.0;Eletricidade e gás, água, esgoto, atividades de gestão de resíduos e descontaminação;Agricultura, inclusive apoio à agricultura e a pós colheita;Demais serviços;6;True;92.0;0.918328;289.41;287.76;5.062046;4.6;;92.0;0.918328;289.41;287.76;5.062046;4.6;;90.3;0.90031;256.02;251.25;5.121167;4.6;;90.3;0.90031;256.02;251.25;5.121167;4.6;;94.6;0.9482;217.23;208.48;5.900209;5.6;;94.6;0.9482;217.23;208.48;5.900209;5.6;;;;;;;;;;;;;;;;;;;;;;;;;;;;;;;;;;;;;;;;;;;
3;Sudeste;31;MG;Minas Gerais;3134608;Jaboticatubas;373789.243;18317.61;331471.601;16243.83;297804.467;14398.51;19438.839;16554.503;144647.563;96883.31;277524.216;20280.251;Demais serviços;Administração, defesa, educação e saúde públicas e seguridade social;Comércio e reparação de veículos automotores e motocicletas;6;True;92.9;0.933532;267.5;265.07;4.41465;4.1;;92.9;0.933532;267.5;265.07;4.41465;4.1;;97.4;0.973709;252.36;248.99;5.0225;4.9;;97.4;0.973709;252.36;248.99;5.0225;4.9;;98.2;0.982515;229.24;214.73;6.243044;6.1;;98.2;0.982515;229.24;214.73;6.243044;6.1;;;;;;;;;;;;;;;;;;;;;;;;;;;;;;;;;;;;;;;;;;;
3;Sudeste;31;MG;Minas Gerais;3134707;Jacinto;159690.215;14462.07;142291.028;12886.35;131533.509;10676.42;17445.946;6488.264;43000.655;59966.212;126901.077;4632.432;Administração, defesa, educação e saúde públicas e seguridade social;Demais serviços;Pecuária, inclusive apoio à pecuária;6;True;85.8;0.867148;242.51;247.22;3.796452;3.3;;85.8;0.867148;242.51;247.22;3.796452;3.3;;85.3;0.852692;223.86;229.21;4.217833;3.6;;85.9;0.859205;223.86;229.21;4.217833;3.6;;98.0;0.980745;192.57;189.44;5.083416;5.0;;98.0;0.980745;192.57;189.44;5.083416;5.0;;;;;;;;;;;;;;;;;;;;;;;;;;;;;;;;;;;;;;;;;;;
3;Sudeste;31;MG;Minas Gerais;3134806;Jacuí;186298.724;24856.4;183602.752;24496.7;150927.788;19613.75;52167.531;6092.26;46892.033;38514.866;143666.69;7261.098;Administração, defesa, educação e saúde públicas e seguridade social;Demais serviços;Agricultura, inclusive apoio à agricultura e a pós colheita;6;True;94.5;0.948928;277.01;282.81;4.813787;4.6;;94.5;0.948928;277.01;282.81;4.813787;4.6;;93.8;0.93775;259.63;254.77;5.24;4.9;;93.8;0.93775;259.63;254.77;5.24;4.9;;97.2;0.970796;235.22;214.84;6.359166;6.2;;97.2;0.970796;235.22;214.84;6.359166;6.2;;;;;;;;;;;;;;;;;;;;;;;;;;;;;;;;;;;;;;;;;;;
3;Sudeste;31;MG;Minas Gerais;3134905;Jacutinga;1708889.642;66949.64;1354852.4;53079.43;1143674.23;43095.72;45067.716;340740.492;394493.029;138443.157;918744.395;224929.836;Indústrias de transformação;Demais serviços;Administração, defesa, educação e saúde públicas e seguridade social;8;True;92.3;0.923637;278.33;286.19;4.882925;4.5;;92.3;0.923637;278.33;286.19;4.882925;4.5;;98.3;0.985793;255.72;253.99;5.161833;5.1;;99.5;0.994217;261.06;258.68;5.329;5.3;;100.0;1.0;231.79;217.31;6.338617;6.3;;100.0;1.0;230.86;219.04;6.352323;6.4;;99.8;0.997494;263.43;260.77;5.403333;5.4;;100.0;1.0;228.36;223.73;6.389886;6.4;;;;;;;;;;;;;;;;;;;;;;;;;;;;;
3;Sudeste;31;MG;Minas Gerais;3135001;Jaguaraçu;157329.176;50882.66;126244.412;40829.37;109803.214;34847.1;2990.39;33389.834;39728.241;20523.506;96631.971;13171.243;Demais serviços;Indústrias de transformação;Administração, defesa, educação e saúde públicas e seguridade social;6;True;94.4;0.941512;309.12;307.85;5.63962;5.3;;94.4;0.941512;309.12;307.85;5.63962;5.3;;;;;;;;;83.6;0.831915;264.5;255.14;5.327333;4.4;;99.4;0.993221;228.09;208.75;6.11237;6.1;;99.4;0.993221;228.09;208.75;6.11237;6.1;;83.6;0.831915;264.5;255.14;5.327333;4.4;;;;;;;;;;;;;;;;;;;;;;;;;;;;;;;;;;;;
3;Sudeste;31;MG;Minas Gerais;3135050;Jaíba;969913.796;25754.48;843988.158;22410.73;849077.896;21306.85;208983.103;147074.855;230800.386;188394.868;775253.213;73824.684;Agricultura, inclusive apoio à agricultura e a pós colheita;Administração, defesa, educação e saúde públicas e seguridade social;Demais serviços;7;True;85.0;0.854056;247.69;251.68;3.935971;3.4;;85.0;0.854056;247.69;251.68;3.935971;3.4;;93.8;0.937416;222.51;230.33;4.214;4.0;;93.8;0.937774;222.51;230.33;4.214;4.0;;100.0;1.0;203.36;200.68;5.493696;5.5;;99.8;0.997998;197.21;193.11;5.238693;5.2;;;;;;;;;99.7;0.997197;193.86;189.0;5.100035;5.1;;;;;;;;;;;;;;;;;;;;;;;;;;;;;
3;Sudeste;31;MG;Minas Gerais;3135076;Jampruca;84853.381;19751.72;75146.135;17492.12;82525.666;15133.99;30171.757;5190.581;16636.74;28119.167;80118.245;2407.421;Administração, defesa, educação e saúde públicas e seguridade social;Agricultura, inclusive apoio à agricultura e a pós colheita;Demais serviços;4;True;96.3;0.963611;243.3;251.21;3.867278;3.7;;96.3;0.963611;243.3;251.21;3.867278;3.7;;;;;;;;;;;;;;;;88.4;0.883721;184.45;175.56;4.676091;4.1;;90.0;0.900149;184.45;175.56;4.676091;4.2;;;;;;;;;;;;;;;;;;;;;;;;;;;;;;;;;;;;;;;;;;;
3;Sudeste;31;MG;Minas Gerais;3135100;Janaúba;1965161.025;27796.16;1666043.007;23565.3;1603604.651;22157.19;60175.478;316302.191;690152.402;352483.227;1419113.3;184491.352;Demais serviços;Administração, defesa, educação e saúde públicas e seguridade social;Comércio e reparação de veículos automotores e motocicletas;9;True;88.1;0.882867;266.23;268.71;4.451304;3.9;;89.0;0.891849;272.45;275.52;4.64061;4.1;;94.3;0.942837;244.56;244.21;4.812833;4.5;;94.3;0.943424;245.11;243.17;4.804667;4.5;;99.7;0.997588;206.66;195.08;5.454855;5.4;;99.7;0.996996;213.91;203.43;5.745032;5.7;;94.7;0.94604;248.38;236.92;4.755;4.5;;99.6;0.996395;217.69;207.78;5.89626;5.9;;99.0;0.990623;332.45;341.27;6.467588;6.4;;;;;;;;;;;;;;;;;;;;;;
3;Sudeste;31;MG;Minas Gerais;3135209;Januária;1040488.653;15970.66;903261.885;13868.6;824553.286;12133.28;54588.202;36249.597;376166.272;295473.443;762477.514;62075.772;Administração, defesa, educação e saúde públicas e seguridade social;Demais serviços;Comércio e reparação de veículos automotores e motocicletas;8;True;89.8;0.900455;251.99;255.89;4.059388;3.7;;90.2;0.904567;264.23;268.76;4.423963;4.0;;93.5;0.934998;235.31;244.61;4.665333;4.4;;93.4;0.933674;235.25;244.21;4.657667;4.3;;98.4;0.984075;182.97;181.13;4.749119;4.7;;99.3;0.992977;199.77;195.41;5.329366;5.3;;92.7;0.927304;234.42;239.22;4.560667;4.2;;99.6;0.996391;203.6;198.66;5.461549;5.4;;;;;;;;;;;;;;;;;;;;;;;;;;;;;
3;Sudeste;31;MG;Minas Gerais;3135308;Japaraíba;126374.759;28045.89;103026.516;22854.15;101344.906;22939.09;36438.763;5126.707;28490.265;26213.679;96269.413;5075.493;Administração, defesa, educação e saúde públicas e seguridade social;Agricultura, inclusive apoio à agricultura e a pós colheita;Demais serviços;5;True;;;;;;;;;;;;;;;94.8;0.944123;278.2;273.11;5.855167;5.5;;97.0;0.969167;280.71;268.33;5.817333;5.6;;100.0;1.0;246.9;229.4;6.846794;6.8;;100.0;1.0;246.3;226.55;6.783525;6.8;;99.3;0.99285;287.06;256.23;5.7215;5.7;;;;;;;;;;;;;;;;;;;;;;;;;;;;;;;;;;;;
3;Sudeste;31;MG;Minas Gerais;3135357;Japonvar;100135.576;12321.35;90085.876;11084.76;77418.326;9688.19;5882.751;3167.007;24514.902;40264.622;73829.281;3589.045;Administração, defesa, educação e saúde públicas e seguridade social;Demais serviços;Comércio e reparação de veículos automotores e motocicletas;8;True;95.6;0.956164;258.55;260.51;4.220685;4.0;;95.6;0.956164;258.55;260.51;4.220685;4.0;;98.4;0.984682;241.0;245.4;4.773333;4.7;;98.3;0.983343;238.59;242.43;4.683667;4.6;;100.0;1.0;227.53;213.32;6.184774;6.2;;100.0;1.0;226.79;218.0;6.255743;6.3;;98.3;0.981113;235.75;238.93;4.578;4.5;;100.0;1.0;226.54;219.54;6.278972;6.3;;;;;;;;;;;;;;;;;;;;;;;;;;;;;
3;Sudeste;31;MG;Minas Gerais;3135407;Jeceaba;1689755.212;272673.1;1773263.054;286148.63;1952716.357;407240.12;10476.505;1315048.34;293404.358;60195.334;1679124.537;273591.82;Indústrias de transformação;Demais serviços;Administração, defesa, educação e saúde públicas e seguridade social;6;True;77.7;0.799999;295.22;298.01;5.29709;4.2;;77.7;0.799999;295.22;298.01;5.29709;4.2;;;;;;;;;93.6;0.938544;287.61;280.29;6.131667;5.8;;99.7;0.997373;236.19;226.17;6.583677;6.6;;99.7;0.997373;236.19;226.17;6.583677;6.6;;93.6;0.938544;287.61;280.29;6.131667;5.8;;;;;;;;;;;;;;;;;;;;;;;;;;;;;;;;;;;;
3;Sudeste;31;MG;Minas Gerais;3135456;Jenipapo de Minas;87873.846;14405.55;79506.524;13033.86;79485.599;10215.34;13510.392;1561.911;21598.9;37183.68;73854.883;5630.717;Administração, defesa, educação e saúde públicas e seguridade social;Demais serviços;Produção florestal, pesca e aquicultura;6;True;85.0;0.854152;257.11;262.19;4.22561;3.6;;85.0;0.854152;257.11;262.19;4.22561;3.6;;99.2;0.992183;232.08;222.43;4.241833;4.2;;99.2;0.992183;232.08;222.43;4.241833;4.2;;;;;;;;;100.0;1.0;209.78;206.47;5.721488;5.7;;;;;;;;;100.0;1.0;209.78;206.47;5.721488;5.7;;;;;;;;;;;;;;;;;;;;;;;;;;;;;
3;Sudeste;31;MG;Minas Gerais;3135506;Jequeri;245642.081;19779.54;257952.302;20770.78;193976.079;15839.95;56906.106;8921.073;57211.283;61225.479;184263.941;9712.138;Administração, defesa, educação e saúde públicas e seguridade social;Demais serviços;Agricultura, inclusive apoio à agricultura e a pós colheita;7;True;88.2;0.883798;258.01;249.0;4.040795;3.6;;88.2;0.883798;258.01;249.0;4.040795;3.6;;92.8;0.92759;233.45;233.1;4.4425;4.1;;93.2;0.929513;233.45;233.1;4.4425;4.1;;99.5;0.995571;216.97;202.79;5.791793;5.8;;99.7;0.996986;212.02;199.03;5.628963;5.6;;;;;;;;;100.0;1.0;207.0;195.21;5.463707;5.5;;;;;;;;;;;;;;;;;;;;;;;;;;;;;
3;Sudeste;31;MG;Minas Gerais;3135605;Jequitaí;157283.874;24257.23;148744.349;22940.21;130435.841;17609.81;33021.621;14025.927;35480.264;37887.819;120415.63;10020.21;Administração, defesa, educação e saúde públicas e seguridade social;Demais serviços;Pecuária, inclusive apoio à pecuária;6;True;93.8;0.944625;260.01;273.44;4.434753;4.2;;93.8;0.944625;260.01;273.44;4.434753;4.2;;92.8;0.926375;243.56;259.03;5.043167;4.7;;92.8;0.926375;243.56;259.03;5.043167;4.7;;100.0;1.0;209.88;205.7;5.709396;5.7;;100.0;1.0;209.88;205.7;5.709396;5.7;;;;;;;;;;;;;;;;;;;;;;;;;;;;;;;;;;;;;;;;;;;
3;Sudeste;31;MG;Minas Gerais;3135704;Jequitibá;161753.013;27494.99;140200.062;23831.39;126107.62;24237.48;45431.362;7611.309;36969.578;29269.789;119282.037;6825.582;Demais serviços;Administração, defesa, educação e saúde públicas e seguridade social;Agricultura, inclusive apoio à agricultura e a pós colheita;6;True;97.1;0.975014;285.73;282.72;4.934911;4.8;;97.1;0.975014;285.73;282.72;4.934911;4.8;;96.5;0.968022;256.31;257.62;5.232167;5.1;;95.6;0.958139;256.31;257.62;5.232167;5.0;;100.0;1.0;211.27;194.82;5.538105;5.5;;100.0;1.0;211.27;194.82;5.538105;5.5;;;;;;;;;;;;;;;;;;;;;;;;;;;;;;;;;;;;;;;;;;;
3;Sudeste;31;MG;Minas Gerais;3135803;Jequitinhonha;383947.895;15993.16;313074.587;13043.69;274884.619;10756.59;26487.528;12044.994;105137.707;116907.011;260577.239;14307.379;Administração, defesa, educação e saúde públicas e seguridade social;Demais serviços;Comércio e reparação de veículos automotores e motocicletas;7;True;84.2;0.845598;248.76;248.15;3.898155;3.3;;84.2;0.845598;248.76;248.15;3.898155;3.3;;93.4;0.935017;230.84;238.11;4.4825;4.2;;93.7;0.93824;230.84;238.11;4.4825;4.2;;99.6;0.99619;189.56;183.11;4.910883;4.9;;99.7;0.997195;202.1;195.32;5.372196;5.4;;;;;;;;;100.0;1.0;236.2;228.5;6.626232;6.6;;;;;;;;;;;;;;;;;;;;;;;;;;;;;
3;Sudeste;31;MG;Minas Gerais;3135902;Jesuânia;113092.975;22011.09;113437.486;22078.14;104191.61;21824.8;44000.667;2826.264;26498.576;26587.51;99913.017;4278.594;Agricultura, inclusive apoio à agricultura e a pós colheita;Administração, defesa, educação e saúde públicas e seguridade social;Demais serviços;6;True;93.5;0.935247;284.19;300.83;5.18439;4.8;;93.5;0.935247;284.19;300.83;5.18439;4.8;;90.8;0.903761;283.18;286.41;6.159833;5.6;;90.8;0.903761;283.18;286.41;6.159833;5.6;;95.9;0.946039;253.17;227.71;6.935723;6.6;;95.9;0.946039;253.17;227.71;6.935723;6.6;;;;;;;;;;;;;;;;;;;;;;;;;;;;;;;;;;;;;;;;;;;
3;Sudeste;31;MG;Minas Gerais;3136009;Joaíma;211126.178;15202.06;180592.324;13003.48;162645.132;10509.51;23803.399;6680.326;49477.088;76019.822;155980.635;6664.496;Administração, defesa, educação e saúde públicas e seguridade social;Demais serviços;Pecuária, inclusive apoio à pecuária;8;True;85.2;0.854721;254.64;254.69;4.078643;3.5;;85.2;0.854721;254.64;254.69;4.078643;3.5;;90.9;0.90902;236.07;241.47;4.625667;4.2;;94.4;0.94288;241.66;246.5;4.802667;4.5;;99.7;0.99739;205.84;196.32;5.461752;5.4;;99.8;0.997793;206.77;196.5;5.482772;5.5;;97.8;0.976223;250.8;254.75;5.0925;5.0;;100.0;1.0;215.42;198.23;5.679303;5.7;;;;;;;;;;;;;;;;;;;;;;;;;;;;;
3;Sudeste;31;MG;Minas Gerais;3136108;Joanésia;120063.635;27734.73;113406.658;26196.96;110201.459;25148.67;6735.968;57647.548;16894.635;27079.619;108357.77;1843.689;Eletricidade e gás, água, esgoto, atividades de gestão de resíduos e descontaminação;Administração, defesa, educação e saúde públicas e seguridade social;Demais serviços;6;True;92.4;0.930144;251.43;260.0;4.11305;3.8;;92.4;0.930144;251.43;260.0;4.11305;3.8;;96.9;0.971184;247.0;240.42;4.790333;4.7;;96.9;0.971184;247.0;240.42;4.790333;4.7;;100.0;1.0;231.15;237.39;6.691494;6.7;;100.0;1.0;231.15;237.39;6.691494;6.7;;;;;;;;;;;;;;;;;;;;;;;;;;;;;;;;;;;;;;;;;;;
3;Sudeste;31;MG;Minas Gerais;3136207;João Monlevade;4286349.25;53454.42;5011364.54;62495.97;4852509.786;59979.36;3795.476;2435701.85;1443266.981;408266.189;4291030.495;561479.291;Indústrias de transformação;Demais serviços;Administração, defesa, educação e saúde públicas e seguridade social;8;True;90.9;0.916967;281.85;285.53;4.922483;4.5;;90.9;0.916967;281.85;285.53;4.922483;4.5;;96.8;0.967924;262.5;262.36;5.414333;5.2;;94.3;0.943719;255.04;258.62;5.227667;4.9;;99.5;0.995183;229.57;220.33;6.35116;6.3;;99.7;0.996589;237.62;228.05;6.645149;6.6;;92.6;0.927584;251.1;256.65;5.129167;4.8;;99.9;0.998794;248.06;238.06;7.026386;7.0;;;;;;;;;;;;;;;;;;;;;;;;;;;;;
3;Sudeste;31;MG;Minas Gerais;3136306;João Pinheiro;2562731.629;54758.05;2254280.376;48167.35;2156345.263;44933.22;594331.863;429356.306;675478.716;245101.177;1944268.063;212077.2;Demais serviços;Indústrias de transformação;Agricultura, inclusive apoio à agricultura e a pós colheita;8;True;93.2;0.933045;258.84;261.93;4.246015;4.0;;93.2;0.933045;258.84;261.93;4.246015;4.0;;95.0;0.949374;242.09;245.8;4.798167;4.6;;95.0;0.950347;241.27;244.93;4.77;4.5;;100.0;1.0;201.57;190.31;5.27099;5.3;;100.0;0.999599;217.23;211.15;5.948754;5.9;;95.5;0.952995;227.5;230.39;4.298167;4.1;;99.9;0.999399;220.18;215.08;6.076507;6.1;;;;;;;;;;;;;;;;;;;;;;;;;;;;;
3;Sudeste;31;MG;Minas Gerais;3136405;Joaquim Felício;83619.696;21696.86;71970.745;18674.3;72279.075;15194.26;14782.879;5231.943;17597.669;29508.797;67121.287;5157.788;Administração, defesa, educação e saúde públicas e seguridade social;Demais serviços;Pecuária, inclusive apoio à pecuária;6;True;89.4;0.90277;282.78;282.5;4.890185;4.4;;89.4;0.90277;282.78;282.5;4.890185;4.4;;;;;;;;;75.9;0.746333;240.46;241.41;4.697833;3.5;;99.6;0.995521;227.92;219.09;6.297126;6.3;;99.6;0.995521;227.92;219.09;6.297126;6.3;;75.9;0.746333;240.46;241.41;4.697833;3.5;;;;;;;;;;;;;;;;;;;;;;;;;;;;;;;;;;;;
3;Sudeste;31;MG;Minas Gerais;3136504;Jordânia;129428.687;12561.01;120966.637;11739.77;107126.746;9853.45;15303.893;3268.86;32438.95;52123.686;103135.389;3991.357;Administração, defesa, educação e saúde públicas e seguridade social;Demais serviços;Pecuária, inclusive apoio à pecuária;5;True;;;;;;;;;;;;;;;92.2;0.920226;221.24;224.99;4.103833;3.8;;92.8;0.926519;220.0;224.48;4.074667;3.8;;;;;;;;;99.4;0.99458;200.33;195.71;5.345508;5.3;;98.1;0.975584;208.93;219.99;3.815333;3.7;;99.4;0.993774;200.33;195.71;5.345508;5.3;;;;;;;;;;;;;;;;;;;;;;;;;;;;;
3;Sudeste;31;MG;Minas Gerais;3136520;José Gonçalves de Minas;62251.278;15684.37;55890.823;14081.84;51739.301;11564.44;10671.765;1598.819;12435.903;25507.387;50213.874;1525.427;Administração, defesa, educação e saúde públicas e seguridade social;Demais serviços;Produção florestal, pesca e aquicultura;6;True;98.8;0.988055;271.78;277.27;4.657398;4.6;;98.8;0.988055;271.78;277.27;4.657398;4.6;;95.5;0.952778;245.68;234.27;4.665833;4.4;;95.5;0.952778;245.68;234.27;4.665833;4.4;;100.0;1.0;221.28;202.06;5.860772;5.9;;100.0;1.0;221.28;202.06;5.860772;5.9;;;;;;;;;;;;;;;;;;;;;;;;;;;;;;;;;;;;;;;;;;;
3;Sudeste;31;MG;Minas Gerais;3136553;José Raydan;113810.435;26665.99;83717.005;19615.04;72329.52;14171.14;10208.982;8210.263;20287.227;28730.654;67437.126;4892.394;Administração, defesa, educação e saúde públicas e seguridade social;Demais serviços;Pecuária, inclusive apoio à pecuária;6;True;90.2;0.906123;257.93;265.36;4.284582;3.9;;90.2;0.906123;257.93;265.36;4.284582;3.9;;99.1;0.992327;254.53;249.42;5.065833;5.0;;99.1;0.992327;254.53;249.42;5.065833;5.0;;100.0;1.0;241.04;216.69;6.503871;6.5;;100.0;1.0;241.04;216.69;6.503871;6.5;;;;;;;;;;;;;;;;;;;;;;;;;;;;;;;;;;;;;;;;;;;
3;Sudeste;31;MG;Minas Gerais;3136579;Josenópolis;59635.327;16428.46;52055.463;14340.35;58016.757;11813.63;15879.224;2115.394;10421.199;27406.031;55821.847;2194.91;Administração, defesa, educação e saúde públicas e seguridade social;Produção florestal, pesca e aquicultura;Demais serviços;6;True;94.3;0.942615;248.13;257.91;4.035414;3.8;;94.3;0.942615;248.13;257.91;4.035414;3.8;;90.0;0.899837;226.11;230.09;4.27;3.8;;90.0;0.899837;226.11;230.09;4.27;3.8;;99.5;0.995935;212.89;207.91;5.807021;5.8;;99.5;0.995935;212.89;207.91;5.807021;5.8;;;;;;;;;;;;;;;;;;;;;;;;;;;;;;;;;;;;;;;;;;;
3;Sudeste;31;MG;Minas Gerais;3136603;Nova União;147089.479;24892.45;134151.928;22702.98;107483.41;18728.6;18939.326;8320.663;41007.625;31324.838;99592.452;7890.958;Administração, defesa, educação e saúde públicas e seguridade social;Demais serviços;Agricultura, inclusive apoio à agricultura e a pós colheita;6;True;96.0;0.952049;274.15;280.16;4.733948;4.5;;96.0;0.952049;274.15;280.16;4.733948;4.5;;91.5;0.915348;258.18;262.6;5.346333;4.9;;91.5;0.915348;258.18;262.6;5.346333;4.9;;97.2;0.97187;229.46;208.68;6.137242;6.0;;97.2;0.97187;229.46;208.68;6.137242;6.0;;;;;;;;;;;;;;;;;;;;;;;;;;;;;;;;;;;;;;;;;;;
3;Sudeste;31;MG;Minas Gerais;3136652;Juatuba;2124349.302;69161.0;1767832.462;57554.12;1436347.194;51624.45;4004.906;564161.912;427999.614;168329.688;1164496.12;271851.073;Indústrias de transformação;Demais serviços;Administração, defesa, educação e saúde públicas e seguridade social;7;True;77.3;0.783157;271.17;271.89;4.568291;3.6;;77.3;0.783157;271.17;271.89;4.568291;3.6;;97.4;0.978624;252.26;256.4;5.144333;5.0;;98.2;0.982655;249.22;251.71;5.0155;4.9;;96.7;0.968357;214.4;209.67;5.867838;5.7;;96.7;0.968357;214.4;209.67;5.867838;5.7;;98.3;0.98383;248.82;251.1;4.998667;4.9;;;;;;;;;;;;;;;;;;;;;;;;;;;;;;;;;;;;
3;Sudeste;31;MG;Minas Gerais;3136702;Juiz de Fora;23271627.261;43035.36;21817612.741;40346.5;20281698.377;35117.88;55013.692;4526246.047;10190643.136;2668122.525;17440025.4;2841672.976;Demais serviços;Indústrias de transformação;Administração, defesa, educação e saúde públicas e seguridade social;11;True;79.9;0.807055;266.28;272.78;4.512935;3.6;;80.8;0.815746;275.12;279.69;4.740535;3.9;;86.0;0.860308;244.38;251.06;4.924;4.2;;86.2;0.862748;246.93;252.72;4.994167;4.3;;94.7;0.946563;198.24;189.65;5.195441;4.9;;96.2;0.963388;205.69;198.46;5.497798;5.3;;85.8;0.859657;242.29;249.37;4.861;4.2;;99.6;0.996595;216.6;211.9;5.950368;5.9;;88.9;0.891184;341.43;331.55;6.448203;5.7;;93.8;0.937884;323.38;305.6;7.149667;6.7;;96.1;0.961674;249.65;240.21;7.09582;6.8;;;;;;;;
3;Sudeste;31;MG;Minas Gerais;3136801;Juramento;63718.855;16910.52;56559.202;15010.4;51590.583;11835.42;10851.056;2068.536;12674.916;24296.785;49891.293;1699.29;Administração, defesa, educação e saúde públicas e seguridade social;Demais serviços;Pecuária, inclusive apoio à pecuária;6;True;82.5;0.835984;260.02;267.62;4.347768;3.6;;82.5;0.835984;260.02;267.62;4.347768;3.6;;87.3;0.87186;232.6;235.01;4.460167;3.9;;87.3;0.87186;232.6;235.01;4.460167;3.9;;100.0;1.0;197.71;182.58;5.056781;5.1;;100.0;1.0;197.71;182.58;5.056781;5.1;;;;;;;;;;;;;;;;;;;;;;;;;;;;;;;;;;;;;;;;;;;
3;Sudeste;31;MG;Minas Gerais;3136900;Juruaia;303328.157;27366.31;317184.005;28616.38;274079.031;25389.44;76533.438;46394.623;76461.772;53485.353;252875.187;21203.844;Agricultura, inclusive apoio à agricultura e a pós colheita;Demais serviços;Administração, defesa, educação e saúde públicas e seguridade social;6;True;88.4;0.889817;289.23;289.29;5.082422;4.5;;88.4;0.889817;289.23;289.29;5.082422;4.5;;94.2;0.943351;293.08;281.26;6.239;5.9;;94.2;0.943351;293.08;281.26;6.239;5.9;;100.0;1.0;253.81;224.68;6.892846;6.9;;100.0;1.0;253.81;224.68;6.892846;6.9;;;;;;;;;;;;;;;;;;;;;;;;;;;;;;;;;;;;;;;;;;;
3;Sudeste;31;MG;Minas Gerais;3136959;Juvenília;89870.794;15524.41;71183.994;12296.42;65619.107;11500.02;11593.471;2831.977;16409.309;32758.022;63592.779;2026.328;Administração, defesa, educação e saúde públicas e seguridade social;Demais serviços;Pecuária, inclusive apoio à pecuária;8;True;94.4;0.944612;262.02;262.77;4.303253;4.1;;94.4;0.944612;262.02;262.77;4.303253;4.1;;94.3;0.942191;238.01;248.17;4.769667;4.5;;95.8;0.956664;230.27;239.27;4.492333;4.3;;100.0;1.0;188.86;178.06;4.805706;4.8;;100.0;1.0;210.5;193.72;5.50341;5.5;;99.1;0.991278;209.05;214.88;3.732167;3.7;;100.0;1.0;235.77;212.01;6.318207;6.3;;;;;;;;;;;;;;;;;;;;;;;;;;;;;
3;Sudeste;31;MG;Minas Gerais;3137007;Ladainha;168094.058;11687.0;149544.968;10403.13;147335.314;8063.45;24142.171;2443.271;35208.303;81763.056;143556.8;3778.514;Administração, defesa, educação e saúde públicas e seguridade social;Demais serviços;Pecuária, inclusive apoio à pecuária;4;True;80.3;0.803621;251.09;256.73;4.059323;3.3;;80.3;0.803621;251.09;256.73;4.059323;3.3;;79.5;0.792976;218.43;220.48;3.981833;3.2;;78.9;0.787468;218.43;220.48;3.981833;3.1;;;;;;;;;;;;;;;;;;;;;;;;;;;;;;;;;;;;;;;;;;;;;;;;;;;;;;;;;
3;Sudeste;31;MG;Minas Gerais;3137106;Lagamar;265408.931;40025.48;249903.063;37687.09;242478.231;31955.49;117110.476;22148.01;54458.619;38499.679;232216.783;10261.447;Agricultura, inclusive apoio à agricultura e a pós colheita;Demais serviços;Pecuária, inclusive apoio à pecuária;6;True;94.0;0.943001;272.33;274.07;4.617218;4.4;;94.0;0.943001;272.33;274.07;4.617218;4.4;;95.3;0.955737;256.99;245.32;5.0385;4.8;;95.3;0.955737;256.99;245.32;5.0385;4.8;;94.3;0.94338;236.4;217.65;6.432776;6.1;;95.8;0.959176;236.4;217.65;6.432776;6.2;;;;;;;;;;;;;;;;;;;;;;;;;;;;;;;;;;;;;;;;;;;
3;Sudeste;31;MG;Minas Gerais;3137205;Lagoa da Prata;2471545.415;48073.32;2587184.912;50322.59;1984774.207;37282.56;57576.202;567330.848;842915.38;242783.735;1710606.164;274168.043;Demais serviços;Indústrias de transformação;Administração, defesa, educação e saúde públicas e seguridade social;7;True;92.7;0.928916;275.15;284.38;4.811166;4.5;;92.7;0.928916;275.15;284.38;4.811166;4.5;;96.0;0.959897;263.5;261.94;5.424;5.2;;96.0;0.959897;263.5;261.94;5.424;5.2;;99.9;0.998996;255.71;241.71;7.238742;7.2;;99.8;0.998395;250.29;236.43;7.039307;7.0;;;;;;;;;99.8;0.997792;245.96;232.21;6.879946;6.9;;;;;;;;;;;;;;;;;;;;;;;;;;;;;
3;Sudeste;31;MG;Minas Gerais;3137304;Lagoa dos Patos;65868.175;19881.73;57187.304;17261.49;59595.164;14671.38;18973.77;2120.361;12643.388;24366.455;58103.974;1491.19;Administração, defesa, educação e saúde públicas e seguridade social;Demais serviços;Agricultura, inclusive apoio à agricultura e a pós colheita;6;True;91.4;0.921711;239.26;234.58;3.561584;3.3;;91.4;0.921711;239.26;234.58;3.561584;3.3;;95.0;0.948587;230.38;223.52;4.231667;4.0;;95.0;0.948587;230.38;223.52;4.231667;4.0;;99.6;0.995935;210.47;202.5;5.662474;5.6;;99.6;0.995935;210.47;202.5;5.662474;5.6;;;;;;;;;;;;;;;;;;;;;;;;;;;;;;;;;;;;;;;;;;;
3;Sudeste;31;MG;Minas Gerais;3137403;Lagoa Dourada;376999.258;29524.57;354139.24;27734.3;345374.295;26334.3;137383.126;12007.69;106472.435;69224.459;325087.71;20286.586;Agricultura, inclusive apoio à agricultura e a pós colheita;Demais serviços;Administração, defesa, educação e saúde públicas e seguridade social;6;True;95.8;0.958467;300.59;296.83;5.354847;5.1;;95.8;0.958467;300.59;296.83;5.354847;5.1;;;;;;;;;93.8;0.937055;275.57;269.4;5.7495;5.4;;96.0;0.959022;247.53;223.66;6.754453;6.5;;96.0;0.959022;247.53;223.66;6.754453;6.5;;93.8;0.937055;275.57;269.4;5.7495;5.4;;;;;;;;;;;;;;;;;;;;;;;;;;;;;;;;;;;;
3;Sudeste;31;MG;Minas Gerais;3137502;Lagoa Formosa;713683.216;37753.03;671391.321;35515.83;565538.929;31128.3;218860.969;53376.514;162994.006;95526.346;530757.835;34781.094;Demais serviços;Pecuária, inclusive apoio à pecuária;Agricultura, inclusive apoio à agricultura e a pós colheita;6;True;88.5;0.890602;287.16;289.34;5.054097;4.5;;88.5;0.890602;287.16;289.34;5.054097;4.5;;91.5;0.915537;270.81;268.4;5.6535;5.2;;91.5;0.915537;270.81;268.4;5.6535;5.2;;99.9;0.998996;242.18;222.5;6.631263;6.6;;99.9;0.998996;242.18;222.5;6.631263;6.6;;;;;;;;;;;;;;;;;;;;;;;;;;;;;;;;;;;;;;;;;;;
3;Sudeste;31;MG;Minas Gerais;3137536;Lagoa Grande;312254.152;34814.82;317817.871;35435.15;292472.298;30210.96;121018.962;13821.615;83845.099;49547.227;268232.904;24239.394;Agricultura, inclusive apoio à agricultura e a pós colheita;Pecuária, inclusive apoio à pecuária;Demais serviços;6;True;96.5;0.963607;271.92;272.34;4.585561;4.4;;96.5;0.963607;271.92;272.34;4.585561;4.4;;95.3;0.95384;266.11;270.23;5.605667;5.3;;95.3;0.95384;266.11;270.23;5.605667;5.3;;100.0;1.0;219.5;206.67;5.91062;5.9;;100.0;1.0;219.5;206.67;5.91062;5.9;;;;;;;;;;;;;;;;;;;;;;;;;;;;;;;;;;;;;;;;;;;
3;Sudeste;31;MG;Minas Gerais;3137601;Lagoa Santa;2825380.37;37599.05;2613051.936;34773.46;2187874.863;32780.1;4775.699;454768.515;1036079.186;343540.273;1839163.673;348711.189;Demais serviços;Administração, defesa, educação e saúde públicas e seguridade social;Indústrias de transformação;8;True;86.9;0.876307;266.55;274.17;4.537535;4.0;;86.9;0.876307;266.55;274.17;4.537535;4.0;;94.1;0.940118;258.98;261.02;5.333333;5.0;;88.0;0.879242;256.07;258.28;5.239167;4.6;;99.6;0.99639;217.35;211.87;5.964135;5.9;;99.6;0.99639;221.05;214.8;6.088019;6.1;;85.1;0.850936;254.3;256.61;5.181833;4.4;;99.5;0.99778;251.0;238.52;7.090856;7.1;;;;;;;;;;;;;;;;;;;;;;;;;;;;;
3;Sudeste;31;MG;Minas Gerais;3137700;Lajinha;508139.191;24388.73;557866.875;26775.47;399767.038;20074.67;80200.958;17151.034;168245.638;97149.252;362746.883;37020.156;Demais serviços;Administração, defesa, educação e saúde públicas e seguridade social;Comércio e reparação de veículos automotores e motocicletas;7;True;90.1;0.903284;266.06;265.51;4.401013;4.0;;90.1;0.903284;266.06;265.51;4.401013;4.0;;94.7;0.948301;251.46;256.17;5.127167;4.9;;92.7;0.927241;251.88;254.16;5.100667;4.7;;98.7;0.986312;193.9;179.72;4.932071;4.9;;98.7;0.986312;193.9;179.72;4.932071;4.9;;89.4;0.892803;252.98;248.84;5.030333;4.5;;;;;;;;;;;;;;;;;;;;;;;;;;;;;;;;;;;;
3;Sudeste;31;MG;Minas Gerais;3137809;Lambari;538927.795;26399.91;490868.771;24045.69;405228.682;19301.2;44908.468;39245.12;185366.53;98511.949;368032.067;37196.616;Demais serviços;Administração, defesa, educação e saúde públicas e seguridade social;Comércio e reparação de veículos automotores e motocicletas;7;True;84.2;0.848191;290.17;287.96;5.075714;4.3;;84.2;0.848191;290.17;287.96;5.075714;4.3;;93.7;0.935533;272.12;275.46;5.793;5.4;;93.7;0.935533;272.12;275.46;5.793;5.4;;99.2;0.992562;234.61;225.46;6.540616;6.5;;99.4;0.994177;232.43;224.39;6.479558;6.4;;;;;;;;;100.0;1.0;226.22;221.33;6.30541;6.3;;;;;;;;;;;;;;;;;;;;;;;;;;;;;
3;Sudeste;31;MG;Minas Gerais;3137908;Lamim;66917.653;21016.85;55310.991;17371.54;52121.453;15484.69;8636.093;3217.355;16439.389;20931.172;49224.01;2897.444;Administração, defesa, educação e saúde públicas e seguridade social;Demais serviços;Produção florestal, pesca e aquicultura;6;True;91.5;0.916599;294.83;299.8;5.318409;4.9;;91.5;0.916599;294.83;299.8;5.318409;4.9;;92.1;0.922328;265.65;273.33;5.649667;5.2;;92.1;0.922328;265.65;273.33;5.649667;5.2;;;;;;;;;100.0;1.0;231.65;241.35;6.773036;6.8;;;;;;;;;100.0;1.0;231.65;241.35;6.773036;6.8;;;;;;;;;;;;;;;;;;;;;;;;;;;;;
3;Sudeste;31;MG;Minas Gerais;3138005;Laranjal;116195.241;19486.04;98942.185;16592.69;95736.447;13963.89;20735.698;6374.857;29118.431;35129.109;91358.096;4378.351;Administração, defesa, educação e saúde públicas e seguridade social;Demais serviços;Pecuária, inclusive apoio à pecuária;4;True;93.5;0.935192;256.08;262.51;4.215934;3.9;;93.5;0.935192;256.08;262.51;4.215934;3.9;;;;;;;;;;;;;;;;100.0;1.0;228.63;215.33;6.242312;6.2;;100.0;1.0;228.63;215.33;6.242312;6.2;;;;;;;;;;;;;;;;;;;;;;;;;;;;;;;;;;;;;;;;;;;
3;Sudeste;31;MG;Minas Gerais;3138104;Lassance;231341.775;32473.58;200672.648;28168.54;192531.083;29647.53;103639.18;4217.159;34765.945;41281.216;183903.5;8627.583;Produção florestal, pesca e aquicultura;Administração, defesa, educação e saúde públicas e seguridade social;Demais serviços;6;True;83.4;0.838605;254.68;267.73;4.274415;3.6;;83.4;0.838605;254.68;267.73;4.274415;3.6;;90.8;0.905256;218.59;225.01;4.06;3.7;;91.9;0.917096;218.59;225.01;4.06;3.7;;99.7;0.997168;205.26;176.51;5.090501;5.1;;99.7;0.997168;205.26;176.51;5.090501;5.1;;;;;;;;;;;;;;;;;;;;;;;;;;;;;;;;;;;;;;;;;;;
3;Sudeste;31;MG;Minas Gerais;3138203;Lavras;3916681.627;37386.83;3348002.734;31958.48;2941307.978;27812.21;145241.103;447001.804;1474978.296;504552.256;2571773.458;369534.52;Demais serviços;Administração, defesa, educação e saúde públicas e seguridade social;Comércio e reparação de veículos automotores e motocicletas;8;True;86.9;0.874445;273.8;273.72;4.632625;4.1;;86.9;0.874445;273.8;273.72;4.632625;4.1;;92.7;0.925269;249.9;249.09;4.983167;4.6;;93.8;0.938635;250.71;248.41;4.985333;4.7;;98.2;0.980332;227.93;216.41;6.248589;6.1;;98.3;0.981761;229.31;219.42;6.329652;6.2;;95.1;0.953088;252.61;246.84;4.990833;4.8;;99.4;0.991698;235.3;232.43;6.680511;6.6;;;;;;;;;;;;;;;;;;;;;;;;;;;;;
3;Sudeste;31;MG;Minas Gerais;3138302;Leandro Ferreira;67066.463;20964.82;57948.506;18114.57;55488.241;17221.68;15933.839;3001.776;15008.213;19752.231;53696.059;1792.183;Administração, defesa, educação e saúde públicas e seguridade social;Pecuária, inclusive apoio à pecuária;Demais serviços;6;True;100.0;1.0;298.34;299.96;5.370102;5.4;;100.0;1.0;298.34;299.96;5.370102;5.4;;100.0;1.0;249.18;242.53;4.861833;4.9;;100.0;1.0;249.18;242.53;4.861833;4.9;;;;;;;;;100.0;1.0;222.36;222.16;6.246837;6.2;;;;;;;;;100.0;1.0;222.36;222.16;6.246837;6.2;;;;;;;;;;;;;;;;;;;;;;;;;;;;;
3;Sudeste;31;MG;Minas Gerais;3138351;Leme do Prado;73646.075;16965.23;72571.124;16717.61;66185.206;13444.08;11521.475;2765.658;19273.304;29587.91;63148.347;3036.86;Administração, defesa, educação e saúde públicas e seguridade social;Demais serviços;Produção florestal, pesca e aquicultura;6;True;94.4;0.941839;292.05;289.61;5.126819;4.8;;94.4;0.941839;292.05;289.61;5.126819;4.8;;97.0;0.969914;258.4;256.33;5.2455;5.1;;96.8;0.967761;258.4;256.33;5.2455;5.1;;;;;;;;;100.0;1.0;260.27;226.87;7.055947;7.1;;;;;;;;;100.0;1.0;260.27;226.87;7.055947;7.1;;;;;;;;;;;;;;;;;;;;;;;;;;;;;
3;Sudeste;31;MG;Minas Gerais;3138401;Leopoldina;1344583.254;26289.63;1180538.862;23082.19;1112638.912;21116.7;74611.312;82101.598;600660.921;241364.673;998738.505;113900.407;Demais serviços;Administração, defesa, educação e saúde públicas e seguridade social;Comércio e reparação de veículos automotores e motocicletas;8;True;83.6;0.844514;257.6;267.36;4.309887;3.6;;82.0;0.831496;267.44;273.79;4.544347;3.8;;88.8;0.88809;238.53;243.19;4.695333;4.2;;92.1;0.92039;240.7;246.91;4.7935;4.4;;99.9;0.999399;214.96;207.31;5.835616;5.8;;100.0;0.999599;214.52;206.38;5.81031;5.8;;95.4;0.953208;243.01;250.87;4.898;4.7;;100.0;1.0;213.47;204.21;5.750817;5.8;;;;;;;;;;;;;;;;;;;;;;;;;;;;;
3;Sudeste;31;MG;Minas Gerais;3138500;Liberdade;117802.921;24868.68;105711.989;22316.23;107623.129;21550.49;35742.533;4996.889;35075.791;26322.981;102138.193;5484.936;Demais serviços;Administração, defesa, educação e saúde públicas e seguridade social;Agricultura, inclusive apoio à agricultura e a pós colheita;6;True;93.6;0.933028;262.27;265.46;4.347034;4.1;;93.6;0.933028;262.27;265.46;4.347034;4.1;;93.6;0.93564;266.89;261.2;5.468167;5.1;;93.6;0.93564;266.89;261.2;5.468167;5.1;;100.0;1.0;228.6;216.67;6.266103;6.3;;100.0;1.0;228.6;216.67;6.266103;6.3;;;;;;;;;;;;;;;;;;;;;;;;;;;;;;;;;;;;;;;;;;;
3;Sudeste;31;MG;Minas Gerais;3138609;Lima Duarte;432496.512;25114.48;360157.983;20913.88;339218.657;20253.07;54052.013;33698.568;142559.257;80858.809;311168.648;28050.009;Demais serviços;Administração, defesa, educação e saúde públicas e seguridade social;Comércio e reparação de veículos automotores e motocicletas;6;True;87.7;0.87627;269.98;267.23;4.481817;3.9;;87.7;0.87627;269.98;267.23;4.481817;3.9;;83.9;0.837754;245.94;252.91;4.980833;4.2;;85.1;0.850556;245.94;252.91;4.980833;4.2;;100.0;1.0;210.4;201.42;5.641502;5.6;;100.0;1.0;210.4;201.42;5.641502;5.6;;;;;;;;;;;;;;;;;;;;;;;;;;;;;;;;;;;;;;;;;;;
3;Sudeste;31;MG;Minas Gerais;3138625;Limeira do Oeste;775260.818;89243.79;406146.178;46753.33;462720.443;60565.5;131396.473;136949.213;106584.334;49000.355;423930.375;38790.068;Indústrias de transformação;Agricultura, inclusive apoio à agricultura e a pós colheita;Demais serviços;6;True;83.1;0.854928;275.73;276.26;4.697755;4.0;;83.1;0.854928;275.73;276.26;4.697755;4.0;;90.6;0.906087;253.48;253.1;5.109667;4.6;;90.6;0.906087;253.48;253.1;5.109667;4.6;;100.0;1.0;228.29;212.76;6.189096;6.2;;100.0;1.0;228.29;212.76;6.189096;6.2;;;;;;;;;;;;;;;;;;;;;;;;;;;;;;;;;;;;;;;;;;;
3;Sudeste;31;MG;Minas Gerais;3138658;Lontra;110763.133;12601.04;98904.993;11251.99;93829.353;9607.76;3420.362;3640.421;30226.207;52521.763;89808.754;4020.599;Administração, defesa, educação e saúde públicas e seguridade social;Demais serviços;Comércio e reparação de veículos automotores e motocicletas;7;True;86.8;0.878248;262.67;270.71;4.431245;3.9;;86.8;0.878248;262.67;270.71;4.431245;3.9;;93.3;0.927689;251.01;255.63;5.110667;4.7;;93.2;0.928234;250.75;254.62;5.0895;4.7;;100.0;1.0;228.84;217.41;6.284137;6.3;;100.0;1.0;228.84;217.41;6.284137;6.3;;93.1;0.930912;250.19;252.41;5.043333;4.7;;;;;;;;;;;;;;;;;;;;;;;;;;;;;;;;;;;;
3;Sudeste;31;MG;Minas Gerais;3138674;Luisburgo;155369.855;22336.09;191968.099;27597.48;132764.781;21245.76;68198.319;4087.873;23563.877;33782.991;129633.06;3131.721;Agricultura, inclusive apoio à agricultura e a pós colheita;Administração, defesa, educação e saúde públicas e seguridade social;Demais serviços;6;True;94.2;0.941803;283.08;293.77;5.063111;4.8;;94.2;0.941803;283.08;293.77;5.063111;4.8;;86.2;0.863125;265.3;269.86;5.586;4.8;;86.2;0.863125;265.3;269.86;5.586;4.8;;99.6;0.996759;218.36;201.08;5.787228;5.8;;99.6;0.996759;218.36;201.08;5.787228;5.8;;;;;;;;;;;;;;;;;;;;;;;;;;;;;;;;;;;;;;;;;;;
3;Sudeste;31;MG;Minas Gerais;3138682;Luislândia;82467.838;13279.85;72962.704;11749.23;65469.093;9720.73;6593.07;1822.526;19445.736;34905.28;62766.611;2702.482;Administração, defesa, educação e saúde públicas e seguridade social;Demais serviços;Pecuária, inclusive apoio à pecuária;7;True;94.4;0.944144;257.24;258.24;4.168304;3.9;;94.4;0.944144;257.24;258.24;4.168304;3.9;;94.2;0.940783;233.15;237.18;4.5055;4.2;;94.8;0.946714;233.15;237.18;4.5055;4.3;;100.0;1.0;207.28;202.24;5.596869;5.6;;100.0;1.0;214.13;205.76;5.791594;5.8;;;;;;;;;100.0;1.0;223.77;210.73;6.065927;6.1;;;;;;;;;;;;;;;;;;;;;;;;;;;;;
3;Sudeste;31;MG;Minas Gerais;3138708;Luminárias;166134.31;29741.19;168807.613;30219.77;149049.071;27444.13;71844.669;8406.993;33554.354;30276.278;144082.293;4966.777;Agricultura, inclusive apoio à agricultura e a pós colheita;Administração, defesa, educação e saúde públicas e seguridade social;Demais serviços;6;True;89.1;0.90193;304.71;310.23;5.613311;5.1;;89.1;0.90193;304.71;310.23;5.613311;5.1;;92.0;0.91365;268.65;270.73;5.656333;5.2;;92.0;0.91365;268.65;270.73;5.656333;5.2;;99.7;0.995935;239.42;218.51;6.506046;6.5;;99.7;0.995935;239.42;218.51;6.506046;6.5;;;;;;;;;;;;;;;;;;;;;;;;;;;;;;;;;;;;;;;;;;;
3;Sudeste;31;MG;Minas Gerais;3138807;Luz;863686.116;48318.1;730134.772;40846.7;657535.006;35936.77;160849.896;55342.66;287865.336;91495.898;595553.79;61981.216;Demais serviços;Agricultura, inclusive apoio à agricultura e a pós colheita;Administração, defesa, educação e saúde públicas e seguridade social;8;True;98.7;0.98677;242.82;251.57;3.865925;3.8;;98.7;0.98677;242.82;251.57;3.865925;3.8;;99.7;0.996463;227.82;237.09;4.415167;4.4;;99.8;0.998493;231.37;241.85;4.553667;4.5;;100.0;1.0;225.25;215.79;6.186171;6.2;;99.9;0.998592;219.73;209.6;5.968282;6.0;;100.0;1.0;236.56;248.82;4.756333;4.8;;99.7;0.996964;208.79;197.35;5.536777;5.5;;;;;;;;;;;;;;;;;;;;;;;;;;;;;
3;Sudeste;31;MG;Minas Gerais;3138906;Machacalis;136850.056;21096.05;117258.494;18075.92;112414.488;15806.31;14645.919;13373.594;38222.09;38231.249;104472.852;7941.636;Administração, defesa, educação e saúde públicas e seguridade social;Demais serviços;Pecuária, inclusive apoio à pecuária;6;True;87.5;0.878;245.63;252.06;3.912727;3.4;;87.5;0.878;245.63;252.06;3.912727;3.4;;95.7;0.957478;232.92;246.61;4.658833;4.5;;95.7;0.957478;232.92;246.61;4.658833;4.5;;100.0;1.0;214.05;208.06;5.831885;5.8;;100.0;1.0;214.05;208.06;5.831885;5.8;;;;;;;;;;;;;;;;;;;;;;;;;;;;;;;;;;;;;;;;;;;
3;Sudeste;31;MG;Minas Gerais;3139003;Machado;1406358.331;37319.77;1478209.998;39226.46;1373895.592;32189.11;201085.0;173113.423;611715.009;198167.324;1184080.756;189814.836;Demais serviços;Comércio e reparação de veículos automotores e motocicletas;Administração, defesa, educação e saúde públicas e seguridade social;8;True;86.6;0.872725;270.58;272.25;4.565394;4.0;;86.8;0.873218;290.63;287.93;5.081726;4.4;;88.0;0.878967;257.89;258.01;5.265;4.6;;88.0;0.878967;257.89;258.01;5.265;4.6;;99.8;0.998396;242.1;227.63;6.723009;6.7;;99.8;0.998198;242.95;227.82;6.742685;6.7;;;;;;;;;99.8;0.998187;244.07;228.07;6.768604;6.8;;87.1;0.871957;313.07;305.47;5.659469;4.9;;;;;;;;;;;;;;;;;;;;;;
3;Sudeste;31;MG;Minas Gerais;3139102;Madre de Deus de Minas;408511.106;78696.03;380444.959;73289.34;301964.566;58988.98;174758.072;28918.162;57712.321;28643.47;290032.025;11932.541;Agricultura, inclusive apoio à agricultura e a pós colheita;Demais serviços;Administração, defesa, educação e saúde públicas e seguridade social;6;True;91.6;0.927299;264.49;275.6;4.53001;4.2;;91.6;0.927299;264.49;275.6;4.53001;4.2;;93.8;0.938842;240.6;247.23;4.797167;4.5;;93.8;0.938842;240.6;247.23;4.797167;4.5;;100.0;1.0;232.77;222.82;6.457501;6.5;;100.0;1.0;232.77;222.82;6.457501;6.5;;;;;;;;;;;;;;;;;;;;;;;;;;;;;;;;;;;;;;;;;;;
3;Sudeste;31;MG;Minas Gerais;3139201;Malacacheta;272762.39;15572.18;259316.333;14804.54;235786.341;12706.74;24647.055;23473.088;88458.614;84056.272;220635.029;15151.312;Administração, defesa, educação e saúde públicas e seguridade social;Demais serviços;Comércio e reparação de veículos automotores e motocicletas;7;True;88.2;0.88671;269.1;269.33;4.500895;4.0;;88.2;0.88671;269.1;269.33;4.500895;4.0;;84.8;0.848824;249.53;244.54;4.901167;4.2;;86.1;0.861329;249.53;244.54;4.901167;4.2;;99.1;0.991146;216.09;204.19;5.800453;5.7;;99.3;0.992383;222.77;209.79;6.029752;6.0;;;;;;;;;99.3;0.992754;225.17;211.81;6.112281;6.1;;;;;;;;;;;;;;;;;;;;;;;;;;;;;
3;Sudeste;31;MG;Minas Gerais;3139250;Mamonas;79982.589;13337.1;68239.888;11379.0;60080.494;9151.64;4495.873;2084.448;16609.79;34453.878;57643.988;2436.506;Administração, defesa, educação e saúde públicas e seguridade social;Demais serviços;Pecuária, inclusive apoio à pecuária;6;True;94.8;0.949469;259.79;259.09;4.216843;4.0;;94.8;0.949469;259.79;259.09;4.216843;4.0;;99.6;0.996207;255.13;261.52;5.2775;5.3;;99.6;0.996207;255.13;261.52;5.2775;5.3;;100.0;1.0;215.42;198.12;5.677303;5.7;;100.0;1.0;215.42;198.12;5.677303;5.7;;;;;;;;;;;;;;;;;;;;;;;;;;;;;;;;;;;;;;;;;;;
3;Sudeste;31;MG;Minas Gerais;3139300;Manga;315779.368;16720.29;271190.935;14359.36;243335.8;13480.46;37041.8;10546.3;88071.342;94187.638;229847.081;13488.719;Administração, defesa, educação e saúde públicas e seguridade social;Demais serviços;Agricultura, inclusive apoio à agricultura e a pós colheita;8;True;85.3;0.855186;246.92;249.85;3.897761;3.3;;85.3;0.855186;246.92;249.85;3.897761;3.3;;93.1;0.928067;228.2;235.02;4.387;4.1;;89.4;0.889829;223.64;229.68;4.222;3.8;;99.7;0.997373;177.44;171.76;4.473221;4.5;;99.8;0.99839;187.83;176.99;4.766595;4.8;;79.7;0.792955;202.34;204.71;3.450833;2.7;;100.0;1.0;197.21;181.72;5.031602;5.0;;;;;;;;;;;;;;;;;;;;;;;;;;;;;
3;Sudeste;31;MG;Minas Gerais;3139409;Manhuaçu;3710638.12;40383.06;4127694.412;44921.91;3277777.545;35599.38;176179.217;692273.308;1538206.199;429829.571;2836488.296;441289.25;Demais serviços;Comércio e reparação de veículos automotores e motocicletas;Administração, defesa, educação e saúde públicas e seguridade social;8;True;83.6;0.844887;279.64;281.4;4.829617;4.1;;83.6;0.844887;279.64;281.4;4.829617;4.1;;89.1;0.889741;251.39;252.3;5.0615;4.5;;89.0;0.888878;250.73;251.74;5.041167;4.5;;99.2;0.991975;214.5;202.5;5.739382;5.7;;99.4;0.993388;223.36;208.49;6.017375;6.0;;88.2;0.880571;245.69;247.47;4.886;4.3;;99.5;0.995788;228.02;211.65;6.163761;6.1;;;;;;;;;;;;;;;;;;;;;;;;;;;;;
3;Sudeste;31;MG;Minas Gerais;3139508;Manhumirim;587887.014;28520.21;557244.489;27037.58;563358.125;24607.24;43008.288;13095.674;309526.321;113710.935;479341.218;84016.907;Demais serviços;Comércio e reparação de veículos automotores e motocicletas;Administração, defesa, educação e saúde públicas e seguridade social;7;True;82.6;0.831578;275.89;278.41;4.732188;3.9;;82.6;0.831578;275.89;278.41;4.732188;3.9;;90.7;0.907687;246.02;248.62;4.910667;4.5;;89.6;0.895413;247.32;248.94;4.937667;4.4;;99.5;0.995367;218.67;203.49;5.836963;5.8;;99.5;0.995367;218.67;203.49;5.836963;5.8;;88.1;0.8824;248.78;249.3;4.968;4.4;;;;;;;;;;;;;;;;;;;;;;;;;;;;;;;;;;;;
3;Sudeste;31;MG;Minas Gerais;3139607;Mantena;610896.883;23022.31;551720.268;20792.17;476839.118;17244.91;38391.627;25391.144;237065.426;140344.402;441192.599;35646.519;Demais serviços;Administração, defesa, educação e saúde públicas e seguridade social;Comércio e reparação de veículos automotores e motocicletas;7;True;94.3;0.946127;277.93;283.87;4.842576;4.6;;94.3;0.946127;277.93;283.87;4.842576;4.6;;94.6;0.946007;245.9;248.81;4.911833;4.6;;96.7;0.967568;251.38;253.94;5.088667;4.9;;99.8;0.998396;226.51;220.22;6.290763;6.3;;99.8;0.998396;226.51;220.22;6.290763;6.3;;100.0;1.0;264.03;265.78;5.496833;5.5;;;;;;;;;;;;;;;;;;;;;;;;;;;;;;;;;;;;
3;Sudeste;31;MG;Minas Gerais;3139706;Maravilhas;243501.96;33206.32;263344.94;35912.31;233073.196;28728.36;21317.862;78368.101;66636.0;38662.235;204984.198;28088.998;Indústrias de transformação;Demais serviços;Administração, defesa, educação e saúde públicas e seguridade social;8;True;86.1;0.863791;266.67;262.62;4.366317;3.8;;86.1;0.863791;266.67;262.62;4.366317;3.8;;89.9;0.896388;262.53;256.46;5.3165;4.8;;83.2;0.831652;239.17;235.89;4.584333;3.8;;100.0;1.0;213.72;205.47;5.778497;5.8;;100.0;1.0;221.27;209.5;5.995854;6.0;;80.0;0.7974;225.47;223.84;4.155167;3.3;;100.0;1.0;238.8;218.85;6.500396;6.5;;;;;;;;;;;;;;;;;;;;;;;;;;;;;
3;Sudeste;31;MG;Minas Gerais;3139805;Mar de Espanha;288911.31;22711.37;232414.464;18270.14;227481.603;17518.8;20708.263;37578.579;92993.41;57362.718;208642.969;18838.634;Demais serviços;Administração, defesa, educação e saúde públicas e seguridade social;Indústrias de transformação;7;True;78.6;0.804372;273.28;282.89;4.762597;3.8;;78.6;0.804372;273.28;282.89;4.762597;3.8;;96.2;0.962591;257.3;258.85;5.269167;5.1;;95.2;0.952452;256.78;259.95;5.278833;5.0;;100.0;1.0;159.87;151.24;3.764825;3.8;;99.9;0.998592;216.97;206.77;5.864156;5.9;;;;;;;;;99.8;0.99839;225.2;214.76;6.16649;6.2;;;;;;;;;;;;;;;;;;;;;;;;;;;;;
3;Sudeste;31;MG;Minas Gerais;3139904;Maria da Fé;273429.689;19192.09;230037.296;16146.37;203119.33;14488.86;19526.778;14410.324;83991.486;69049.25;186977.838;16141.492;Administração, defesa, educação e saúde públicas e seguridade social;Demais serviços;Comércio e reparação de veículos automotores e motocicletas;6;True;93.8;0.942637;280.6;279.76;4.818549;4.5;;93.8;0.942637;280.6;279.76;4.818549;4.5;;;;;;;;;96.1;0.960559;273.61;270.06;5.727833;5.5;;99.1;0.989282;253.56;228.2;6.952075;6.9;;99.1;0.989282;253.56;228.2;6.952075;6.9;;96.1;0.960559;273.61;270.06;5.727833;5.5;;;;;;;;;;;;;;;;;;;;;;;;;;;;;;;;;;;;
3;Sudeste;31;MG;Minas Gerais;3140001;Mariana;4656946.097;75862.09;5090283.312;82921.19;7367033.318;119149.82;18555.704;5066961.07;1648598.652;433645.136;7167760.563;199272.755;Indústrias extrativas;Demais serviços;Administração, defesa, educação e saúde públicas e seguridade social;8;True;86.3;0.874058;278.79;281.08;4.812889;4.2;;86.3;0.874058;278.79;281.08;4.812889;4.2;;82.9;0.829801;248.95;254.73;5.061333;4.2;;81.1;0.811122;245.09;247.96;4.884167;4.0;;99.3;0.992499;210.27;200.48;5.62193;5.6;;99.3;0.99333;215.35;207.88;5.853422;5.8;;79.9;0.799359;241.05;240.86;4.6985;3.8;;99.5;0.994961;226.98;224.8;6.383005;6.4;;;;;;;;;;;;;;;;;;;;;;;;;;;;;
3;Sudeste;31;MG;Minas Gerais;3140100;Marilac;75214.247;17806.4;63670.472;15073.5;57772.34;14163.36;11690.514;2171.387;16604.912;25001.865;55468.678;2303.662;Administração, defesa, educação e saúde públicas e seguridade social;Demais serviços;Pecuária, inclusive apoio à pecuária;6;True;90.3;0.901266;273.5;258.26;4.396974;4.0;;90.3;0.901266;273.5;258.26;4.396974;4.0;;94.6;0.949011;243.52;246.93;4.840833;4.6;;94.6;0.949011;243.52;246.93;4.840833;4.6;;100.0;1.0;222.3;207.31;5.975692;6.0;;100.0;1.0;222.3;207.31;5.975692;6.0;;;;;;;;;;;;;;;;;;;;;;;;;;;;;;;;;;;;;;;;;;;
3;Sudeste;31;MG;Minas Gerais;3140159;Mário Campos;240476.761;15124.32;210846.136;13293.37;197956.538;12517.8;15263.048;13907.199;82748.151;70993.616;182912.014;15044.524;Administração, defesa, educação e saúde públicas e seguridade social;Demais serviços;Comércio e reparação de veículos automotores e motocicletas;6;True;75.2;0.762891;259.82;268.51;4.358282;3.3;;75.2;0.762891;259.82;268.51;4.358282;3.3;;82.9;0.829386;244.76;250.3;4.917667;4.1;;82.9;0.829386;244.76;250.3;4.917667;4.1;;99.4;0.994144;232.08;220.73;6.406333;6.4;;99.4;0.994144;232.08;220.73;6.406333;6.4;;;;;;;;;;;;;;;;;;;;;;;;;;;;;;;;;;;;;;;;;;;
3;Sudeste;31;MG;Minas Gerais;3140209;Maripá de Minas;111014.879;32776.76;86161.825;25438.98;74901.505;24967.17;12088.348;12780.499;24738.667;18996.408;68603.922;6297.583;Demais serviços;Administração, defesa, educação e saúde públicas e seguridade social;Indústrias de transformação;6;True;89.3;0.889304;278.19;285.76;4.874521;4.3;;89.3;0.889304;278.19;285.76;4.874521;4.3;;;;;;;;;91.8;0.918558;278.78;276.83;5.926833;5.4;;97.1;0.969479;228.81;201.07;5.986474;5.8;;97.1;0.969479;228.81;201.07;5.986474;5.8;;91.8;0.918558;278.78;276.83;5.926833;5.4;;;;;;;;;;;;;;;;;;;;;;;;;;;;;;;;;;;;
3;Sudeste;31;MG;Minas Gerais;3140308;Marliéria;67778.906;14760.21;60875.669;13256.9;60417.198;14991.86;7317.935;2143.782;18002.165;30163.619;57627.501;2789.697;Administração, defesa, educação e saúde públicas e seguridade social;Demais serviços;Pecuária, inclusive apoio à pecuária;6;True;75.0;0.743045;266.74;274.61;4.546791;3.4;;75.0;0.743045;266.74;274.61;4.546791;3.4;;80.1;0.800479;261.06;264.5;5.426;4.3;;80.1;0.800479;261.06;264.5;5.426;4.3;;100.0;1.0;214.55;201.67;5.725246;5.7;;100.0;1.0;214.55;201.67;5.725246;5.7;;;;;;;;;;;;;;;;;;;;;;;;;;;;;;;;;;;;;;;;;;;
3;Sudeste;31;MG;Minas Gerais;3140407;Marmelópolis;61730.152;19290.67;48873.214;15272.88;42789.614;15842.14;9709.303;979.883;12956.562;17705.239;41350.987;1438.627;Administração, defesa, educação e saúde públicas e seguridade social;Demais serviços;Produção florestal, pesca e aquicultura;6;True;90.1;0.902718;309.99;294.34;5.449594;4.9;;90.1;0.902718;309.99;294.34;5.449594;4.9;;98.8;0.984752;269.0;254.52;5.392;5.3;;98.8;0.984752;269.0;254.52;5.392;5.3;;100.0;1.0;241.23;232.94;6.802951;6.8;;100.0;1.0;241.23;232.94;6.802951;6.8;;;;;;;;;;;;;;;;;;;;;;;;;;;;;;;;;;;;;;;;;;;
3;Sudeste;31;MG;Minas Gerais;3140506;Martinho Campos;584257.694;41723.75;528224.42;37722.23;474366.573;35146.07;130381.831;71087.62;161285.066;67590.714;430345.23;44021.343;Demais serviços;Pecuária, inclusive apoio à pecuária;Administração, defesa, educação e saúde públicas e seguridade social;9;True;87.4;0.869513;279.61;279.41;4.799405;4.2;;86.1;0.859339;277.85;276.45;4.730375;4.1;;94.9;0.949532;259.07;267.09;5.436;5.2;;90.2;0.903149;255.35;263.41;5.312667;4.8;;98.9;0.989846;233.37;223.13;6.474588;6.4;;98.6;0.986741;236.19;223.34;6.532223;6.4;;79.1;0.790649;245.27;253.45;4.978667;3.9;;98.2;0.982762;238.72;223.53;6.58396;6.5;;;;;;;;;;;;;;;;;;;;;;;79.2;0.794697;266.59;257.53;4.288995;3.4;
3;Sudeste;31;MG;Minas Gerais;3140530;Martins Soares;298804.815;35588.95;422170.644;50282.35;215620.66;24956.09;26413.472;55290.686;68355.353;41102.334;191161.845;24458.815;Indústrias de transformação;Demais serviços;Administração, defesa, educação e saúde públicas e seguridade social;6;True;91.0;0.906717;281.78;285.92;4.927338;4.5;;91.0;0.906717;281.78;285.92;4.927338;4.5;;;;;;;;;97.2;0.972625;252.28;263.03;5.255167;5.1;;96.7;0.967303;231.39;214.64;6.282438;6.1;;96.7;0.967303;231.39;214.64;6.282438;6.1;;97.2;0.972625;252.28;263.03;5.255167;5.1;;;;;;;;;;;;;;;;;;;;;;;;;;;;;;;;;;;;
3;Sudeste;31;MG;Minas Gerais;3140555;Mata Verde;112643.542;12362.11;107836.132;11833.22;91547.003;10522.64;8018.968;11730.062;25854.905;42992.753;88596.688;2950.316;Administração, defesa, educação e saúde públicas e seguridade social;Demais serviços;Indústrias extrativas;8;True;88.5;0.899858;262.04;263.05;4.307726;3.9;;88.5;0.899858;262.04;263.05;4.307726;3.9;;93.4;0.929297;231.34;237.63;4.482833;4.2;;88.9;0.885096;239.97;243.98;4.7325;4.2;;96.8;0.966096;213.05;209.25;5.834438;5.6;;97.9;0.9793;216.13;210.19;5.910307;5.8;;83.3;0.843485;262.26;260.38;5.377333;4.5;;100.0;1.0;220.06;211.39;6.007126;6.0;;;;;;;;;;;;;;;;;;;;;;;;;;;;;
3;Sudeste;31;MG;Minas Gerais;3140605;Materlândia;76739.742;19364.05;65361.193;16492.86;60525.84;13709.14;16089.983;1852.606;15210.812;25334.976;58488.377;2037.463;Administração, defesa, educação e saúde públicas e seguridade social;Pecuária, inclusive apoio à pecuária;Demais serviços;6;True;94.4;0.953808;265.37;268.96;4.442968;4.2;;94.4;0.953808;265.37;268.96;4.442968;4.2;;97.8;0.975163;247.68;242.87;4.8425;4.7;;98.1;0.978764;247.68;242.87;4.8425;4.7;;99.6;0.996141;218.22;210.21;5.950557;5.9;;99.6;0.996141;218.22;210.21;5.950557;5.9;;;;;;;;;;;;;;;;;;;;;;;;;;;;;;;;;;;;;;;;;;;
3;Sudeste;31;MG;Minas Gerais;3140704;Mateus Leme;1095993.715;28963.13;1076291.439;28442.47;1078989.225;34111.76;32710.852;437424.531;352360.001;158621.413;981116.797;97872.429;Demais serviços;Indústrias extrativas;Administração, defesa, educação e saúde públicas e seguridade social;6;True;81.4;0.81571;272.15;278.08;4.67472;3.8;;81.4;0.81571;272.15;278.08;4.67472;3.8;;;;;;;;;90.2;0.900604;247.95;249.46;4.956833;4.5;;99.6;0.996395;219.22;211.56;5.994186;6.0;;99.6;0.996395;219.22;211.56;5.994186;6.0;;90.2;0.900604;247.95;249.46;4.956833;4.5;;;;;;;;;;;;;;;;;;;;;;;;;;;;;;;;;;;;
3;Sudeste;31;MG;Minas Gerais;3140803;Matias Barbosa;879158.745;62258.96;725963.313;51410.19;627997.327;42937.05;4083.173;154225.142;254895.792;75121.012;488325.119;139672.208;Demais serviços;Construção;Comércio e reparação de veículos automotores e motocicletas;2;True;;;;;;;;;;;;;;;;;;;;;;;;;;;;;95.3;0.958258;209.18;196.71;5.532583;5.3;;95.3;0.958258;209.18;196.71;5.532583;5.3;;;;;;;;;;;;;;;;;;;;;;;;;;;;;;;;;;;;;;;;;;;
3;Sudeste;31;MG;Minas Gerais;3140852;Matias Cardoso;200578.992;22549.63;172456.308;19388.01;158429.103;13946.22;53956.667;6267.591;30457.683;60715.984;151397.924;7031.178;Administração, defesa, educação e saúde públicas e seguridade social;Agricultura, inclusive apoio à agricultura e a pós colheita;Demais serviços;7;True;90.9;0.915098;248.83;242.4;3.81306;3.5;;90.9;0.915098;248.83;242.4;3.81306;3.5;;92.0;0.91989;229.18;235.94;4.418667;4.1;;92.9;0.928373;225.54;227.2;4.212333;3.9;;100.0;1.0;190.86;177.54;4.834419;4.8;;100.0;1.0;190.86;177.54;4.834419;4.8;;93.9;0.938197;223.03;221.16;4.069833;3.8;;;;;;;;;;;;;;;;;;;;;;;;;;;;;;;;;;;;
3;Sudeste;31;MG;Minas Gerais;3140902;Matipó;482096.182;25986.21;664476.342;35816.97;425174.495;22262.78;46003.793;20333.29;220387.073;81478.456;368202.612;56971.884;Demais serviços;Administração, defesa, educação e saúde públicas e seguridade social;Comércio e reparação de veículos automotores e motocicletas;7;True;88.6;0.889172;261.01;258.92;4.231433;3.8;;88.6;0.889172;261.01;258.92;4.231433;3.8;;93.7;0.936195;241.04;241.75;4.713167;4.4;;94.4;0.943532;238.46;239.39;4.630833;4.4;;100.0;1.0;187.21;174.87;4.716217;4.7;;99.6;0.996582;209.57;199.37;5.588389;5.6;;;;;;;;;99.4;0.994555;215.16;205.49;5.806341;5.8;;;;;;;;;;;;;;;;;;;;;;;;;;;;;
3;Sudeste;31;MG;Minas Gerais;3141009;Mato Verde;229089.451;19030.52;187463.309;15572.63;157529.823;12737.92;11282.492;8399.657;72004.078;57636.352;149322.578;8207.245;Demais serviços;Administração, defesa, educação e saúde públicas e seguridade social;Comércio e reparação de veículos automotores e motocicletas;7;True;94.2;0.94139;256.49;245.56;3.96795;3.7;;94.2;0.94139;256.49;245.56;3.96795;3.7;;100.0;1.0;262.95;256.29;5.320667;5.3;;100.0;1.0;262.95;256.29;5.320667;5.3;;99.7;0.997373;216.63;198.64;5.709849;5.7;;99.7;0.99739;231.17;210.98;6.211694;6.2;;;;;;;;;99.7;0.997373;244.67;222.45;6.677873;6.7;;;;;;;;;;;;;;;;;;;;;;;;;;;;;
3;Sudeste;31;MG;Minas Gerais;3141108;Matozinhos;1895425.771;50386.14;1800386.686;47859.71;1505457.589;39134.31;13236.704;702601.617;413468.991;180215.52;1309522.832;195934.758;Indústrias de transformação;Demais serviços;Administração, defesa, educação e saúde públicas e seguridade social;8;True;90.5;0.912348;262.0;269.69;4.406565;4.0;;90.5;0.912348;262.0;269.69;4.406565;4.0;;91.2;0.910903;246.66;252.56;4.987;4.5;;89.2;0.891302;248.83;251.63;5.007667;4.5;;99.9;0.998597;211.1;200.41;5.636497;5.6;;99.8;0.997792;217.68;208.44;5.908069;5.9;;84.4;0.848681;256.17;248.5;5.077833;4.3;;99.5;0.995567;230.93;224.6;6.45475;6.4;;;;;;;;;;;;;;;;;;;;;;;;;;;;;
3;Sudeste;31;MG;Minas Gerais;3141207;Matutina;128622.612;33723.81;99497.892;26087.54;97184.289;26033.83;33027.249;13102.391;22433.488;22889.396;91452.524;5731.765;Administração, defesa, educação e saúde públicas e seguridade social;Demais serviços;Pecuária, inclusive apoio à pecuária;6;True;90.2;0.908315;261.59;273.67;4.460387;4.1;;90.2;0.908315;261.59;273.67;4.460387;4.1;;88.5;0.876854;259.4;252.2;5.193333;4.6;;89.6;0.89507;259.4;252.2;5.193333;4.6;;100.0;1.0;237.15;228.91;6.651816;6.7;;100.0;1.0;237.15;228.91;6.651816;6.7;;;;;;;;;;;;;;;;;;;;;;;;;;;;;;;;;;;;;;;;;;;
3;Sudeste;31;MG;Minas Gerais;3141306;Medeiros;273184.894;70047.41;273655.265;70168.02;247287.544;64047.54;162645.244;9879.335;41692.034;25292.639;239509.252;7778.292;Agricultura, inclusive apoio à agricultura e a pós colheita;Pecuária, inclusive apoio à pecuária;Demais serviços;6;True;92.4;0.912977;260.31;255.59;4.171751;3.8;;92.4;0.912977;260.31;255.59;4.171751;3.8;;;;;;;;;98.0;0.981264;247.28;244.36;4.860667;4.8;;99.6;0.996141;215.77;221.22;6.103983;6.1;;99.6;0.996141;215.77;221.22;6.103983;6.1;;98.0;0.981264;247.28;244.36;4.860667;4.8;;;;;;;;;;;;;;;;;;;;;;;;;;;;;;;;;;;;
3;Sudeste;31;MG;Minas Gerais;3141405;Medina;330715.354;16407.79;276313.841;13708.76;252979.46;12220.64;15763.244;28655.057;97836.395;96274.686;238529.382;14450.078;Administração, defesa, educação e saúde públicas e seguridade social;Demais serviços;Comércio e reparação de veículos automotores e motocicletas;7;True;82.5;0.83022;248.77;246.26;3.870002;3.2;;82.5;0.83022;248.77;246.26;3.870002;3.2;;92.4;0.923599;235.7;232.84;4.475667;4.1;;92.4;0.923599;235.7;232.84;4.475667;4.1;;99.9;0.998794;211.96;200.04;5.646182;5.6;;99.9;0.998996;208.56;196.58;5.518387;5.5;;;;;;;;;100.0;1.0;193.34;181.07;4.945929;4.9;;;;;;;;;;;;;;;;;;;;;;;;;;;;;
3;Sudeste;31;MG;Minas Gerais;3141504;Mendes Pimentel;98140.772;17506.38;81971.097;14622.03;77406.829;12008.51;9915.485;5726.76;25909.204;32093.843;73645.293;3761.537;Administração, defesa, educação e saúde públicas e seguridade social;Demais serviços;Pecuária, inclusive apoio à pecuária;6;True;96.5;0.965554;264.4;262.22;4.328446;4.2;;96.5;0.965554;264.4;262.22;4.328446;4.2;;98.8;0.986776;256.34;264.86;5.353333;5.3;;98.8;0.986776;256.34;264.86;5.353333;5.3;;100.0;1.0;238.71;221.95;6.555042;6.6;;100.0;1.0;238.71;221.95;6.555042;6.6;;;;;;;;;;;;;;;;;;;;;;;;;;;;;;;;;;;;;;;;;;;
3;Sudeste;31;MG;Minas Gerais;3141603;Mercês;189388.298;18257.81;170733.571;16459.42;151704.978;14079.35;18406.061;14047.022;58331.474;49173.684;139958.242;11746.736;Administração, defesa, educação e saúde públicas e seguridade social;Demais serviços;Comércio e reparação de veículos automotores e motocicletas;4;True;;;;;;;;;;;;;;;84.5;0.842628;246.78;248.11;4.914833;4.1;;84.5;0.842628;246.78;248.11;4.914833;4.1;;99.8;0.997577;238.32;219.74;6.507417;6.5;;99.8;0.997577;238.32;219.74;6.507417;6.5;;;;;;;;;;;;;;;;;;;;;;;;;;;;;;;;;;;;;;;;;;;
3;Sudeste;31;MG;Minas Gerais;3141702;Mesquita;73562.303;14595.69;67257.575;13344.76;59432.646;10827.59;7585.44;1468.089;18416.33;29897.854;57367.713;2064.933;Administração, defesa, educação e saúde públicas e seguridade social;Demais serviços;Pecuária, inclusive apoio à pecuária;6;True;92.0;0.925197;278.08;280.06;4.787647;4.4;;92.0;0.925197;278.08;280.06;4.787647;4.4;;95.9;0.956837;237.29;242.52;4.6635;4.5;;96.2;0.959659;237.29;242.52;4.6635;4.5;;100.0;1.0;229.25;219.45;6.329053;6.3;;100.0;1.0;229.25;219.45;6.329053;6.3;;;;;;;;;;;;;;;;;;;;;;;;;;;;;;;;;;;;;;;;;;;
3;Sudeste;31;MG;Minas Gerais;3141801;Minas Novas;412127.792;16887.02;346058.976;14179.84;350037.855;11109.14;88147.43;14162.451;98168.652;137528.974;338007.507;12030.348;Administração, defesa, educação e saúde públicas e seguridade social;Demais serviços;Produção florestal, pesca e aquicultura;7;True;90.8;0.910579;269.45;269.52;4.508655;4.1;;90.8;0.910579;269.45;269.52;4.508655;4.1;;93.9;0.93862;259.3;257.44;5.279;5.0;;94.7;0.946835;257.09;253.93;5.183667;4.9;;99.8;0.997997;234.56;226.34;6.555661;6.5;;99.8;0.997997;234.56;226.34;6.555661;6.5;;97.2;0.971314;247.2;238.23;4.757167;4.6;;;;;;;;;;;;;;;;;;;;;;;;;;;;;;;;;;;;
3;Sudeste;31;MG;Minas Gerais;3141900;Minduri;199019.102;53199.44;168911.531;45151.44;163759.848;42086.83;74264.707;22671.658;35982.573;20987.575;153906.513;9853.335;Agricultura, inclusive apoio à agricultura e a pós colheita;Demais serviços;Administração, defesa, educação e saúde públicas e seguridade social;6;True;93.5;0.922996;272.7;282.23;4.74457;4.4;;93.5;0.922996;272.7;282.23;4.74457;4.4;;99.5;0.99389;256.39;271.25;5.460667;5.4;;99.5;0.99389;256.39;271.25;5.460667;5.4;;98.6;0.984144;233.23;231.75;6.628643;6.5;;98.6;0.984144;233.23;231.75;6.628643;6.5;;;;;;;;;;;;;;;;;;;;;;;;;;;;;;;;;;;;;;;;;;;
3;Sudeste;31;MG;Minas Gerais;3142007;Mirabela;193762.204;14193.99;165955.691;12157.04;162986.776;11939.55;13888.982;7071.199;61805.772;68459.639;151225.592;11761.184;Administração, defesa, educação e saúde públicas e seguridade social;Demais serviços;Comércio e reparação de veículos automotores e motocicletas;7;True;94.1;0.937808;252.55;254.32;4.04375;3.8;;94.1;0.937808;252.55;254.32;4.04375;3.8;;96.9;0.968871;234.92;245.33;4.670833;4.5;;96.9;0.969128;234.92;245.33;4.670833;4.5;;100.0;1.0;207.9;201.03;5.586701;5.6;;100.0;1.0;205.73;199.43;5.516198;5.5;;;;;;;;;100.0;1.0;200.87;195.87;5.358722;5.4;;;;;;;;;;;;;;;;;;;;;;;;;;;;;
3;Sudeste;31;MG;Minas Gerais;3142106;Miradouro;206069.01;22978.26;182413.415;20340.48;173968.075;16081.35;38361.562;10752.227;60417.344;53350.957;162882.089;11085.986;Administração, defesa, educação e saúde públicas e seguridade social;Demais serviços;Agricultura, inclusive apoio à agricultura e a pós colheita;6;True;94.1;0.944505;281.12;284.73;4.900254;4.6;;94.1;0.944505;281.12;284.73;4.900254;4.6;;94.4;0.94709;268.4;265.34;5.562333;5.3;;95.7;0.95863;268.4;265.34;5.562333;5.3;;98.0;0.981623;220.84;201.69;5.845647;5.7;;98.0;0.981623;220.84;201.69;5.845647;5.7;;;;;;;;;;;;;;;;;;;;;;;;;;;;;;;;;;;;;;;;;;;
3;Sudeste;31;MG;Minas Gerais;3142205;Miraí;368816.523;27053.22;289982.312;21270.62;333953.148;21963.38;13923.109;124375.789;101157.231;67706.942;307163.072;26790.077;Demais serviços;Administração, defesa, educação e saúde públicas e seguridade social;Indústrias extrativas;5;True;;;;;;;;;;;;;;;94.4;0.944426;252.95;250.15;5.051667;4.8;;94.8;0.948292;252.95;250.15;5.051667;4.8;;99.3;0.992706;229.94;219.35;6.340402;6.3;;99.3;0.992517;230.83;219.57;6.361387;6.3;;;;;;;;;99.0;0.992374;233.0;220.1;6.412436;6.4;;;;;;;;;;;;;;;;;;;;;;;;;;;;;
3;Sudeste;31;MG;Minas Gerais;3142254;Miravânia;57919.312;14534.33;50387.162;12644.21;46796.388;9474.87;3915.631;1214.586;12221.916;28015.381;45367.514;1428.875;Administração, defesa, educação e saúde públicas e seguridade social;Demais serviços;Pecuária, inclusive apoio à pecuária;4;True;;;;;;;;;;;;;;;87.2;0.866422;241.72;249.45;4.852833;4.2;;90.4;0.899815;241.72;249.45;4.852833;4.4;;;;;;;;;100.0;1.0;195.37;172.27;4.82467;4.8;;;;;;;;;100.0;1.0;195.37;172.27;4.82467;4.8;;;;;;;;;;;;;;;;;;;;;;;;;;;;;
3;Sudeste;31;MG;Minas Gerais;3142304;Moeda;104132.227;20318.48;89883.41;17538.23;76858.736;15533.29;3906.177;4503.111;34856.218;26964.878;70230.383;6628.353;Demais serviços;Administração, defesa, educação e saúde públicas e seguridade social;Comércio e reparação de veículos automotores e motocicletas;6;True;90.9;0.918001;279.83;283.64;4.865819;4.5;;90.9;0.918001;279.83;283.64;4.865819;4.5;;87.8;0.857156;235.0;238.83;4.563833;3.9;;87.8;0.857156;235.0;238.83;4.563833;3.9;;94.4;0.94688;242.87;211.85;6.450795;6.1;;94.4;0.94688;242.87;211.85;6.450795;6.1;;;;;;;;;;;;;;;;;;;;;;;;;;;;;;;;;;;;;;;;;;;
3;Sudeste;31;MG;Minas Gerais;3142403;Moema;160124.318;21214.14;149686.493;19831.28;152625.764;20111.45;21404.844;6486.074;71870.194;38431.696;138192.808;14432.957;Demais serviços;Administração, defesa, educação e saúde públicas e seguridade social;Comércio e reparação de veículos automotores e motocicletas;6;True;92.5;0.929147;272.2;273.33;4.604314;4.3;;92.5;0.929147;272.2;273.33;4.604314;4.3;;96.8;0.965487;274.38;274.47;5.814167;5.6;;96.8;0.965487;274.38;274.47;5.814167;5.6;;99.8;0.99778;226.66;218.54;6.26308;6.2;;99.8;0.99778;226.66;218.54;6.26308;6.2;;;;;;;;;;;;;;;;;;;;;;;;;;;;;;;;;;;;;;;;;;;
3;Sudeste;31;MG;Minas Gerais;3142502;Monjolos;41814.661;19278.31;42478.584;19584.41;46800.992;21429.03;7520.693;12953.652;10030.015;15106.171;45610.53;1190.461;Administração, defesa, educação e saúde públicas e seguridade social;Indústrias extrativas;Demais serviços;6;True;98.8;0.989101;273.28;270.34;4.574722;4.5;;98.8;0.989101;273.28;270.34;4.574722;4.5;;100.0;1.0;239.85;233.82;4.561167;4.6;;100.0;1.0;239.85;233.82;4.561167;4.6;;100.0;1.0;249.09;229.21;6.885133;6.9;;100.0;1.0;249.09;229.21;6.885133;6.9;;;;;;;;;;;;;;;;;;;;;;;;;;;;;;;;;;;;;;;;;;;
3;Sudeste;31;MG;Minas Gerais;3142601;Monsenhor Paulo;280174.615;33594.08;268788.588;32228.85;228126.02;26029.9;60773.5;42334.712;67534.639;40894.387;211537.237;16588.783;Demais serviços;Agricultura, inclusive apoio à agricultura e a pós colheita;Administração, defesa, educação e saúde públicas e seguridade social;7;True;93.2;0.935109;270.49;273.58;4.58404;4.3;;93.2;0.935109;270.49;273.58;4.58404;4.3;;97.6;0.978644;251.89;256.56;5.140833;5.0;;98.3;0.982932;256.05;265.11;5.352667;5.3;;100.0;1.0;247.19;227.82;6.823601;6.8;;100.0;1.0;247.19;227.82;6.823601;6.8;;98.6;0.986639;259.11;271.4;5.5085;5.4;;;;;;;;;;;;;;;;;;;;;;;;;;;;;;;;;;;;
3;Sudeste;31;MG;Minas Gerais;3142700;Montalvânia;206964.135;14720.07;179715.345;12782.03;165406.313;11312.93;19856.882;6466.675;60270.095;69904.053;156497.705;8908.608;Administração, defesa, educação e saúde públicas e seguridade social;Demais serviços;Comércio e reparação de veículos automotores e motocicletas;8;True;92.1;0.921941;263.18;266.7;4.378378;4.0;;92.1;0.921941;263.18;266.7;4.378378;4.0;;96.2;0.961238;238.42;243.33;4.695833;4.5;;95.7;0.956458;239.09;244.04;4.718833;4.5;;100.0;1.0;204.58;195.32;5.419524;5.4;;99.9;0.998996;223.41;211.5;6.073057;6.1;;90.9;0.900726;249.56;255.12;5.078;4.6;;99.8;0.99778;234.38;220.92;6.453681;6.4;;;;;;;;;;;;;;;;;;;;;;;;;;;;;
3;Sudeste;31;MG;Minas Gerais;3142809;Monte Alegre de Minas;903721.125;44805.21;830858.579;41192.79;758376.257;35522.8;375995.042;34809.173;204485.527;104222.583;719512.325;38863.932;Agricultura, inclusive apoio à agricultura e a pós colheita;Demais serviços;Pecuária, inclusive apoio à pecuária;8;True;82.9;0.837049;276.92;278.61;4.749648;4.0;;83.6;0.844102;276.92;278.61;4.749648;4.0;;92.6;0.925205;239.07;240.47;4.659;4.3;;93.0;0.930931;245.65;249.46;4.9185;4.6;;94.0;0.938949;208.92;211.62;5.798712;5.4;;94.5;0.946082;203.8;205.86;5.596275;5.3;;93.6;0.940009;260.62;269.91;5.508833;5.2;;100.0;1.0;185.21;184.94;4.86114;4.9;;;;;;;;;;;;;;;;;;;;;;;;;;;;;
3;Sudeste;31;MG;Minas Gerais;3142908;Monte Azul;325957.625;16034.91;281700.244;13857.75;256072.177;12464.57;20745.124;10953.774;109337.687;100017.77;241054.355;15017.822;Administração, defesa, educação e saúde públicas e seguridade social;Demais serviços;Comércio e reparação de veículos automotores e motocicletas;6;True;99.2;0.991987;266.23;260.72;4.331694;4.3;;99.2;0.991987;266.23;260.72;4.331694;4.3;;99.8;0.998493;246.06;245.8;4.864333;4.9;;99.9;0.998745;246.06;245.8;4.864333;4.9;;;;;;;;;100.0;1.0;224.28;209.95;6.061478;6.1;;;;;;;;;100.0;1.0;224.28;209.95;6.061478;6.1;;;;;;;;;;;;;;;;;;;;;;;;;;;;;
3;Sudeste;31;MG;Minas Gerais;3143005;Monte Belo;486080.874;37259.0;403025.065;30892.62;366218.446;27872.63;81143.54;42783.197;137062.471;64271.725;325260.933;40957.513;Demais serviços;Agricultura, inclusive apoio à agricultura e a pós colheita;Administração, defesa, educação e saúde públicas e seguridade social;6;True;84.1;0.834313;279.76;282.27;4.844327;4.0;;84.1;0.834313;279.76;282.27;4.844327;4.0;;89.1;0.892703;257.29;266.19;5.391333;4.8;;89.1;0.892703;257.29;266.19;5.391333;4.8;;99.8;0.998592;223.39;214.75;6.131766;6.1;;99.8;0.998592;223.39;214.75;6.131766;6.1;;;;;;;;;;;;;;;;;;;;;;;;;;;;;;;;;;;;;;;;;;;
3;Sudeste;31;MG;Minas Gerais;3143104;Monte Carmelo;1957160.563;41037.5;2116369.046;44378.56;1559201.81;32450.24;392909.114;88506.827;679458.309;241886.543;1402760.793;156441.017;Demais serviços;Agricultura, inclusive apoio à agricultura e a pós colheita;Administração, defesa, educação e saúde públicas e seguridade social;8;True;88.4;0.884201;281.36;291.47;5.004523;4.4;;88.4;0.884201;281.36;291.47;5.004523;4.4;;97.3;0.973074;262.01;263.78;5.429833;5.3;;97.1;0.970885;261.08;262.28;5.389333;5.2;;100.0;1.0;235.44;218.01;6.421001;6.4;;100.0;0.999599;238.93;227.65;6.662876;6.7;;96.4;0.964695;255.2;252.78;5.133;5.0;;99.9;0.999399;239.91;230.35;6.73067;6.7;;;;;;;;;;;;;;;;;;;;;;;;;;;;;
3;Sudeste;31;MG;Minas Gerais;3143153;Monte Formoso;52678.142;12024.23;45536.678;10394.13;44092.997;8927.52;4634.043;806.939;10200.358;27232.628;42873.968;1219.029;Administração, defesa, educação e saúde públicas e seguridade social;Demais serviços;Pecuária, inclusive apoio à pecuária;6;True;83.7;0.841331;259.58;268.17;4.349822;3.7;;83.7;0.841331;259.58;268.17;4.349822;3.7;;93.5;0.933376;232.97;225.6;4.3095;4.0;;93.5;0.933376;232.97;225.6;4.3095;4.0;;99.6;0.995521;226.85;212.71;6.160706;6.1;;99.6;0.995521;226.85;212.71;6.160706;6.1;;;;;;;;;;;;;;;;;;;;;;;;;;;;;;;;;;;;;;;;;;;
3;Sudeste;31;MG;Minas Gerais;3143203;Monte Santo de Minas;632534.984;30279.32;627072.163;30017.82;483171.922;22468.93;115704.171;33124.572;193144.035;108281.532;450254.31;32917.612;Demais serviços;Administração, defesa, educação e saúde públicas e seguridade social;Agricultura, inclusive apoio à agricultura e a pós colheita;6;True;93.8;0.938762;268.73;280.14;4.657525;4.4;;93.8;0.938762;268.73;280.14;4.657525;4.4;;93.5;0.935081;254.14;257.55;5.194833;4.9;;93.5;0.935081;254.14;257.55;5.194833;4.9;;99.8;0.998195;224.98;213.62;6.141564;6.1;;99.8;0.998195;224.98;213.62;6.141564;6.1;;;;;;;;;;;;;;;;;;;;;;;;;;;;;;;;;;;;;;;;;;;
3;Sudeste;31;MG;Minas Gerais;3143302;Montes Claros;13326238.602;32170.33;12351982.916;29818.42;10799485.803;25868.39;156030.836;1961020.907;5465743.037;1879776.235;9462571.015;1336914.788;Demais serviços;Administração, defesa, educação e saúde públicas e seguridade social;Comércio e reparação de veículos automotores e motocicletas;8;True;88.0;0.886229;272.28;280.56;4.713672;4.2;;88.2;0.887906;272.28;280.56;4.713672;4.2;;93.8;0.938721;252.43;259.52;5.199167;4.9;;95.8;0.958234;253.09;259.03;5.202;5.0;;99.9;0.999199;235.78;221.25;6.486398;6.5;;99.8;0.997799;234.76;223.99;6.516751;6.5;;99.2;0.992249;254.23;258.17;5.206667;5.2;;99.7;0.996795;233.86;226.44;6.544121;6.5;;;;;;;;;;;;;;;;;;;;;;;;;;;;;
3;Sudeste;31;MG;Minas Gerais;3143401;Monte Sião;723677.875;30041.84;657402.322;27290.56;605891.629;24988.31;41811.75;94850.608;271750.831;127707.859;536121.048;69770.581;Demais serviços;Administração, defesa, educação e saúde públicas e seguridade social;Indústrias de transformação;4;True;;;;;;;;;;;;;;;;;;;;;;91.4;0.906801;260.46;255.13;5.259833;4.8;;99.9;0.999197;239.76;223.29;6.599443;6.6;;99.9;0.999197;239.76;223.29;6.599443;6.6;;91.4;0.906801;260.46;255.13;5.259833;4.8;;;;;;;;;;;;;;;;;;;;;;;;;;;;;;;;;;;;
3;Sudeste;31;MG;Minas Gerais;3143450;Montezuma;104692.052;15199.19;86876.854;12612.78;91045.991;10865.97;21063.115;2486.792;21333.029;43892.763;88775.699;2270.291;Administração, defesa, educação e saúde públicas e seguridade social;Demais serviços;Produção florestal, pesca e aquicultura;6;True;92.0;0.909605;267.62;278.35;4.615138;4.2;;92.0;0.909605;267.62;278.35;4.615138;4.2;;93.8;0.936016;253.81;254.79;5.143333;4.8;;93.8;0.936016;253.81;254.79;5.143333;4.8;;100.0;1.0;233.63;218.1;6.388095;6.4;;100.0;1.0;233.63;218.1;6.388095;6.4;;;;;;;;;;;;;;;;;;;;;;;;;;;;;;;;;;;;;;;;;;;
3;Sudeste;31;MG;Minas Gerais;3143500;Morada Nova de Minas;570682.925;62940.66;481820.883;53145.92;541501.521;60469.18;334820.152;28917.377;99991.352;57055.179;520784.06;20717.461;Agricultura, inclusive apoio à agricultura e a pós colheita;Demais serviços;Produção florestal, pesca e aquicultura;7;True;90.1;0.903569;279.67;278.73;4.790068;4.3;;90.1;0.903569;279.67;278.73;4.790068;4.3;;95.1;0.947617;277.87;279.97;5.964;5.7;;87.5;0.875759;252.94;256.4;5.155667;4.5;;99.8;0.997984;236.5;217.77;6.436866;6.4;;99.8;0.997984;236.5;217.77;6.436866;6.4;;85.2;0.853099;243.1;247.11;4.836833;4.1;;;;;;;;;;;;;;;;;;;;;;;;;;;;;;;;;;;;
3;Sudeste;31;MG;Minas Gerais;3143609;Morro da Garça;62850.192;26068.1;54493.315;22601.96;51051.917;21157.03;19694.126;1424.356;9344.656;19157.664;49620.802;1431.115;Administração, defesa, educação e saúde públicas e seguridade social;Pecuária, inclusive apoio à pecuária;Demais serviços;6;True;85.6;0.844747;283.9;277.31;4.828221;4.1;;85.6;0.844747;283.9;277.31;4.828221;4.1;;;;;;;;;92.3;0.922185;242.69;238.87;4.692667;4.3;;97.9;0.981067;214.32;200.67;5.702675;5.6;;97.9;0.981067;214.32;200.67;5.702675;5.6;;92.3;0.922185;242.69;238.87;4.692667;4.3;;;;;;;;;;;;;;;;;;;;;;;;;;;;;;;;;;;;
3;Sudeste;31;MG;Minas Gerais;3143708;Morro do Pilar;56082.571;17900.6;48345.896;15431.18;44096.986;14106.52;6471.002;1212.831;13399.726;21298.73;42382.29;1714.697;Administração, defesa, educação e saúde públicas e seguridade social;Demais serviços;Pecuária, inclusive apoio à pecuária;4;True;;;;;;;;;;;;;;;97.8;0.976474;226.01;220.65;4.111;4.0;;97.8;0.976474;226.01;220.65;4.111;4.0;;;;;;;;;100.0;1.0;204.84;188.05;5.292304;5.3;;;;;;;;;100.0;1.0;204.84;188.05;5.292304;5.3;;;;;;;;;;;;;;;;;;;;;;;;;;;;;
3;Sudeste;31;MG;Minas Gerais;3143807;Munhoz;159929.258;21191.1;138957.632;18649.53;128214.848;21512.56;18439.91;19075.712;48513.814;31277.826;117307.262;10907.586;Demais serviços;Administração, defesa, educação e saúde públicas e seguridade social;Indústrias de transformação;6;True;88.0;0.879954;275.9;272.57;4.644903;4.1;;88.0;0.879954;275.9;272.57;4.644903;4.1;;89.7;0.896291;241.62;241.6;4.720333;4.2;;89.7;0.896291;241.62;241.6;4.720333;4.2;;98.8;0.988075;213.19;209.76;5.846382;5.8;;98.8;0.988075;213.19;209.76;5.846382;5.8;;;;;;;;;;;;;;;;;;;;;;;;;;;;;;;;;;;;;;;;;;;
3;Sudeste;31;MG;Minas Gerais;3143906;Muriaé;3211391.402;30846.73;2832646.424;27208.73;2654177.047;24129.54;59852.294;241880.898;1530224.213;571495.423;2403452.828;250724.219;Demais serviços;Administração, defesa, educação e saúde públicas e seguridade social;Comércio e reparação de veículos automotores e motocicletas;8;True;91.8;0.923142;271.71;271.04;4.563151;4.2;;91.4;0.920146;283.72;280.97;4.880483;4.5;;95.9;0.958709;259.17;263.56;5.378833;5.2;;96.0;0.959432;262.98;266.15;5.4855;5.3;;97.9;0.980436;238.44;226.16;6.626434;6.5;;98.3;0.983615;238.28;226.59;6.631199;6.5;;96.2;0.960279;269.74;270.75;5.674833;5.4;;99.5;0.995161;237.76;227.97;6.646366;6.6;;;;;;;;;;;;;;;;;;;;;;;;;;;;;
3;Sudeste;31;MG;Minas Gerais;3144003;Mutum;662868.668;23986.56;635552.02;22998.08;508860.402;18885.15;118792.24;67877.575;159846.437;123096.032;469612.284;39248.118;Demais serviços;Administração, defesa, educação e saúde públicas e seguridade social;Agricultura, inclusive apoio à agricultura e a pós colheita;7;True;87.1;0.875998;275.25;279.32;4.736822;4.1;;87.1;0.875998;275.25;279.32;4.736822;4.1;;97.0;0.969996;262.87;265.43;5.471667;5.3;;97.3;0.972748;262.87;265.43;5.471667;5.3;;100.0;1.0;244.97;227.43;6.774144;6.8;;99.8;0.997797;238.57;226.06;6.627097;6.6;;;;;;;;;99.6;0.99619;235.64;225.44;6.559908;6.5;;;;;;;;;;;;;;;;;;;;;;;;;;;;;
3;Sudeste;31;MG;Minas Gerais;3144102;Muzambinho;742833.043;33933.26;678498.298;30994.39;535415.379;26089.82;77612.573;76687.822;230877.781;101258.668;486436.844;48978.535;Demais serviços;Administração, defesa, educação e saúde públicas e seguridade social;Agricultura, inclusive apoio à agricultura e a pós colheita;7;True;78.3;0.795725;272.8;277.37;4.67322;3.7;;86.4;0.869084;300.59;299.09;5.388679;4.7;;91.2;0.910605;263.52;261.02;5.409;4.9;;91.2;0.910605;263.52;261.02;5.409;4.9;;99.8;0.997984;232.91;218.54;6.3823550000000004;6.4;;99.8;0.997984;232.91;218.54;6.3823550000000004;6.4;;;;;;;;;;;;;;;;92.9;0.928241;317.04;311.94;5.812084;5.4;;;;;;;;;;;;;;;;;;;;;;
3;Sudeste;31;MG;Minas Gerais;3144201;Nacip Raydan;40636.373;16525.57;36977.799;15037.74;37373.303;11603.01;6570.005;1067.142;9206.389;19615.784;36459.319;913.984;Administração, defesa, educação e saúde públicas e seguridade social;Demais serviços;Pecuária, inclusive apoio à pecuária;6;True;100.0;1.0;256.08;260.91;4.191982;4.2;;100.0;1.0;256.08;260.91;4.191982;4.2;;97.5;0.973436;260.66;253.41;5.2345;5.1;;97.5;0.973436;260.66;253.41;5.2345;5.1;;99.3;0.99469;231.83;210.03;6.207017;6.2;;99.3;0.99469;231.83;210.03;6.207017;6.2;;;;;;;;;;;;;;;;;;;;;;;;;;;;;;;;;;;;;;;;;;;
3;Sudeste;31;MG;Minas Gerais;3144300;Nanuque;1074888.835;30677.8;1019998.866;29111.22;808450.077;19920.9;45108.232;127499.141;381592.412;169711.641;723911.427;84538.65;Demais serviços;Administração, defesa, educação e saúde públicas e seguridade social;Comércio e reparação de veículos automotores e motocicletas;8;True;76.3;0.772994;275.97;279.87;4.755168;3.7;;76.3;0.772994;275.97;279.87;4.755168;3.7;;86.0;0.859358;246.22;251.14;4.956;4.3;;86.5;0.864067;243.1;248.08;4.853;4.2;;99.3;0.991308;183.86;176.83;4.687922;4.6;;99.8;0.997984;209.74;205.3;5.699452;5.7;;88.8;0.876291;217.36;222.75;4.001833;3.5;;100.0;1.0;217.92;214.3;6.019195;6.0;;;;;;;;;;;;;;;;;;;;;;;;;;;;;
3;Sudeste;31;MG;Minas Gerais;3144359;Naque;108081.133;17147.57;96650.472;15334.04;90146.9;12689.6;4458.01;4222.724;38485.592;37133.296;84299.623;5847.277;Administração, defesa, educação e saúde públicas e seguridade social;Demais serviços;Comércio e reparação de veículos automotores e motocicletas;6;True;94.4;0.949737;250.9;261.06;4.121474;3.9;;94.4;0.949737;250.9;261.06;4.121474;3.9;;96.8;0.969091;234.89;243.05;4.632333;4.5;;96.8;0.969091;234.89;243.05;4.632333;4.5;;99.8;0.997984;207.62;199.53;5.554085;5.5;;99.8;0.997984;207.62;199.53;5.554085;5.5;;;;;;;;;;;;;;;;;;;;;;;;;;;;;;;;;;;;;;;;;;;
3;Sudeste;31;MG;Minas Gerais;3144375;Natalândia;92799.301;26363.44;73642.463;20921.15;75162.643;22735.22;16415.552;2940.745;28587.874;22652.393;70596.564;4566.079;Demais serviços;Administração, defesa, educação e saúde públicas e seguridade social;Agricultura, inclusive apoio à agricultura e a pós colheita;6;True;96.3;0.963686;273.48;286.06;4.812861;4.6;;96.3;0.963686;273.48;286.06;4.812861;4.6;;99.5;0.995695;234.88;234.55;4.4905;4.5;;99.5;0.995695;234.88;234.55;4.4905;4.5;;100.0;1.0;218.05;204.77;5.848403;5.8;;100.0;1.0;218.05;204.77;5.848403;5.8;;;;;;;;;;;;;;;;;;;;;;;;;;;;;;;;;;;;;;;;;;;
3;Sudeste;31;MG;Minas Gerais;3144409;Natércia;133965.14;28557.91;143676.618;30628.14;115391.503;24411.15;37919.619;6448.547;36626.045;25526.13;106520.342;8871.161;Agricultura, inclusive apoio à agricultura e a pós colheita;Administração, defesa, educação e saúde públicas e seguridade social;Demais serviços;6;True;98.1;0.986653;293.62;290.24;5.158301;5.1;;98.1;0.986653;293.62;290.24;5.158301;5.1;;97.5;0.978771;253.8;254.35;5.135833;5.0;;97.5;0.978771;253.8;254.35;5.135833;5.0;;98.4;0.981067;231.6;212.1;6.240264;6.1;;98.4;0.981067;231.6;212.1;6.240264;6.1;;;;;;;;;;;;;;;;;;;;;;;;;;;;;;;;;;;;;;;;;;;
3;Sudeste;31;MG;Minas Gerais;3144508;Nazareno;826959.213;101107.62;1019641.767;124665.82;668803.532;76785.71;69390.252;405186.42;125935.844;46359.969;646872.485;21931.047;Indústrias extrativas;Demais serviços;Eletricidade e gás, água, esgoto, atividades de gestão de resíduos e descontaminação;6;True;84.7;0.848459;273.57;257.89;4.392418;3.7;;84.7;0.848459;273.57;257.89;4.392418;3.7;;93.5;0.935189;230.19;237.73;4.465333;4.2;;93.5;0.935189;230.19;237.73;4.465333;4.2;;98.6;0.986448;244.44;221.24;6.651484;6.6;;98.6;0.986448;244.44;221.24;6.651484;6.6;;;;;;;;;;;;;;;;;;;;;;;;;;;;;;;;;;;;;;;;;;;
3;Sudeste;31;MG;Minas Gerais;3144607;Nepomuceno;757417.466;30274.9;631103.758;25225.99;618030.81;22990.51;195586.323;23525.842;226262.019;128714.162;574088.345;43942.466;Demais serviços;Agricultura, inclusive apoio à agricultura e a pós colheita;Administração, defesa, educação e saúde públicas e seguridade social;6;True;;;;;;;;75.0;0.760486;266.02;269.15;4.454942;3.4;;90.9;0.909109;234.34;234.83;4.486167;4.1;;90.9;0.909109;234.34;234.83;4.486167;4.1;;100.0;1.0;227.93;212.77;6.182407;6.2;;100.0;1.0;227.93;212.77;6.182407;6.2;;;;;;;;;;;;;;;;69.2;0.697674;326.71;326.68;6.168557;4.3;;;;;;;;;;;;;;;;;;;;;;
3;Sudeste;31;MG;Minas Gerais;3144656;Ninheira;166816.364;15755.23;175807.602;16604.42;126348.884;12201.73;40080.55;5046.718;25430.657;50473.97;121031.894;5316.99;Administração, defesa, educação e saúde públicas e seguridade social;Agricultura, inclusive apoio à agricultura e a pós colheita;Demais serviços;6;True;86.3;0.867311;258.95;264.24;4.282141;3.7;;86.3;0.867311;258.95;264.24;4.282141;3.7;;85.3;0.854671;251.12;254.03;5.085833;4.3;;85.3;0.854671;251.12;254.03;5.085833;4.3;;98.8;0.986429;213.94;211.28;5.888332;5.8;;98.8;0.986429;213.94;211.28;5.888332;5.8;;;;;;;;;;;;;;;;;;;;;;;;;;;;;;;;;;;;;;;;;;;
3;Sudeste;31;MG;Minas Gerais;3144672;Nova Belém;133537.753;42379.48;159949.756;50761.59;83433.719;27203.69;43469.478;2500.954;14950.359;20852.605;81773.396;1660.323;Agricultura, inclusive apoio à agricultura e a pós colheita;Administração, defesa, educação e saúde públicas e seguridade social;Demais serviços;6;True;96.6;0.963603;269.04;264.15;4.422507;4.3;;96.6;0.963603;269.04;264.15;4.422507;4.3;;91.4;0.91555;241.3;244.62;4.765333;4.4;;91.4;0.91555;241.3;244.62;4.765333;4.4;;99.0;0.989012;206.91;199.35;5.537262;5.5;;99.0;0.989012;206.91;199.35;5.537262;5.5;;;;;;;;;;;;;;;;;;;;;;;;;;;;;;;;;;;;;;;;;;;
3;Sudeste;31;MG;Minas Gerais;3144706;Nova Era;480775.333;27570.55;485383.749;27834.83;432758.087;24695.17;15747.59;105610.017;177338.149;92036.025;390731.782;42026.305;Demais serviços;Indústrias de transformação;Administração, defesa, educação e saúde públicas e seguridade social;6;True;90.3;0.905453;270.6;269.18;4.519717;4.1;;90.3;0.905453;270.6;269.18;4.519717;4.1;;97.9;0.978947;240.93;243.21;4.735667;4.6;;97.9;0.978947;240.93;243.21;4.735667;4.6;;100.0;1.0;224.2;210.51;6.070133;6.1;;100.0;1.0;224.2;210.51;6.070133;6.1;;;;;;;;;;;;;;;;;;;;;;;;;;;;;;;;;;;;;;;;;;;
3;Sudeste;31;MG;Minas Gerais;3144805;Nova Lima;12447551.06;111440.33;12119428.95;108502.73;21040765.73;216073.09;3335.46;13942745.194;5223937.539;736535.201;19906553.394;1134212.336;Indústrias extrativas;Demais serviços;Administração, defesa, educação e saúde públicas e seguridade social;7;True;79.2;0.804916;271.72;278.03;4.667932;3.8;;79.2;0.804916;271.72;278.03;4.667932;3.8;;83.1;0.833308;245.37;245.19;4.842667;4.0;;85.8;0.859497;248.43;248.19;4.943667;4.2;;99.4;0.994365;237.53;223.05;6.552523;6.5;;99.4;0.994365;237.53;223.05;6.552523;6.5;;95.5;0.956086;257.96;257.55;5.2585;5.0;;;;;;;;;;;;;;;;;;;;;;;;;;;;;;;;;;;;
3;Sudeste;31;MG;Minas Gerais;3144904;Nova Módica;71915.763;19633.02;61884.734;16894.55;58648.721;16530.08;12501.273;3707.771;16026.94;24228.096;56464.082;2184.639;Administração, defesa, educação e saúde públicas e seguridade social;Demais serviços;Pecuária, inclusive apoio à pecuária;4;True;;;;;;;;;;;;;;;90.3;0.905806;241.63;250.88;4.875167;4.4;;90.3;0.905806;241.63;250.88;4.875167;4.4;;100.0;1.0;224.82;201.53;5.918693;5.9;;100.0;1.0;224.82;201.53;5.918693;5.9;;;;;;;;;;;;;;;;;;;;;;;;;;;;;;;;;;;;;;;;;;;
3;Sudeste;31;MG;Minas Gerais;3145000;Nova Ponte;1581647.938;108346.89;1181374.656;80927.16;1115948.816;69546.85;372826.349;350468.176;242592.787;94799.153;1060686.465;55262.351;Eletricidade e gás, água, esgoto, atividades de gestão de resíduos e descontaminação;Agricultura, inclusive apoio à agricultura e a pós colheita;Demais serviços;7;True;93.2;0.937786;299.02;292.83;5.272916;4.9;;93.2;0.937786;299.02;292.83;5.272916;4.9;;96.5;0.964774;272.32;273.79;5.7685;5.6;;99.0;0.989681;274.66;274.62;5.821333;5.8;;100.0;1.0;257.48;237.32;7.192702;7.2;;100.0;1.0;257.48;237.32;7.192702;7.2;;100.0;1.0;275.69;274.99;5.844667;5.8;;;;;;;;;;;;;;;;;;;;;;;;;;;;;;;;;;;;
3;Sudeste;31;MG;Minas Gerais;3145059;Nova Porteirinha;158901.01;23695.35;125544.645;18721.24;116345.919;15527.28;24828.447;9190.751;37231.864;40307.763;111558.825;4787.094;Administração, defesa, educação e saúde públicas e seguridade social;Demais serviços;Agricultura, inclusive apoio à agricultura e a pós colheita;6;True;92.3;0.924976;256.96;264.47;4.257635;3.9;;92.3;0.924976;256.96;264.47;4.257635;3.9;;92.5;0.924831;230.1;216.83;4.1155;3.8;;94.2;0.94145;235.95;239.45;4.59;4.3;;100.0;1.0;181.6;181.9;4.736974;4.7;;100.0;1.0;181.6;181.9;4.736974;4.7;;;;;;;;;;;;;;;;;;;;;;;;;;;;;;;;;;;;;;;;;;;
3;Sudeste;31;MG;Minas Gerais;3145109;Nova Resende;492956.115;30082.15;569124.299;34730.23;385621.702;22768.01;144473.147;19021.865;122376.405;76454.4;362325.817;23295.886;Agricultura, inclusive apoio à agricultura e a pós colheita;Demais serviços;Administração, defesa, educação e saúde públicas e seguridade social;5;True;;;;;;;;;;;;;;;91.9;0.919407;266.67;262.79;5.491;5.0;;92.3;0.923502;269.35;264.56;5.565167;5.1;;98.7;0.986955;237.69;220.79;6.514485;6.4;;98.7;0.986955;237.69;220.79;6.514485;6.4;;95.2;0.951761;287.23;276.41;6.060667;5.8;;;;;;;;;;;;;;;;;;;;;;;;;;;;;;;;;;;;
3;Sudeste;31;MG;Minas Gerais;3145208;Nova Serrana;3936357.77;37293.07;3307358.509;31333.93;2634272.394;24337.1;16001.867;739958.88;1075885.938;527910.733;2359757.418;274514.976;Demais serviços;Indústrias de transformação;Administração, defesa, educação e saúde públicas e seguridade social;7;True;93.5;0.935315;267.73;272.91;4.535246;4.2;;93.5;0.935315;267.73;272.91;4.535246;4.2;;98.7;0.986153;257.13;261.38;5.3085;5.2;;98.8;0.987483;254.8;257.25;5.200833;5.1;;99.9;0.998599;228.56;213.41;6.206067;6.2;;99.9;0.998599;228.56;213.41;6.206067;6.2;;98.8;0.988717;252.73;253.58;5.105167;5.0;;;;;;;;;;;;;;;;;;;;;;;;;;;;;;;;;;;;
3;Sudeste;31;MG;Minas Gerais;3145307;Novo Cruzeiro;416700.311;15447.65;372037.96;13791.95;330389.681;10542.44;33813.25;15565.463;121563.603;135824.152;306766.468;23623.213;Administração, defesa, educação e saúde públicas e seguridade social;Demais serviços;Comércio e reparação de veículos automotores e motocicletas;8;True;87.3;0.878233;260.79;260.44;4.251098;3.7;;87.3;0.878233;260.79;260.44;4.251098;3.7;;89.2;0.892306;230.44;235.14;4.426333;3.9;;91.1;0.910858;235.55;239.61;4.586;4.2;;99.6;0.996553;230.1;226.88;6.480365;6.5;;99.5;0.995385;224.1;212.6;6.106225;6.1;;99.1;0.990885;257.17;258.56;5.262167;5.2;;99.5;0.995165;221.21;205.7;5.925618;5.9;;;;;;;;;;;;;;;;;;;;;;;;;;;;;
3;Sudeste;31;MG;Minas Gerais;3145356;Novo Oriente de Minas;150988.959;14694.79;121180.601;11793.73;121559.971;11255.55;20027.673;7017.624;36343.162;52180.598;115569.057;5990.914;Administração, defesa, educação e saúde públicas e seguridade social;Demais serviços;Pecuária, inclusive apoio à pecuária;7;True;77.8;0.78624;265.71;263.97;4.373043;3.4;;77.8;0.78624;265.71;263.97;4.373043;3.4;;83.6;0.835282;253.6;259.0;5.21;4.4;;85.0;0.849135;253.6;259.0;5.21;4.4;;96.7;0.962556;186.72;184.67;4.885048;4.7;;97.4;0.971456;201.51;190.38;5.271118;5.1;;;;;;;;;100.0;1.0;219.0;197.14;5.727806;5.7;;;;;;;;;;;;;;;;;;;;;;;;;;;;;
3;Sudeste;31;MG;Minas Gerais;3145372;Novorizonte;92593.548;20256.74;86202.015;18858.46;70395.077;13162.88;2932.388;11901.349;17508.265;30316.264;62658.266;7736.811;Administração, defesa, educação e saúde públicas e seguridade social;Demais serviços;Construção;4;True;86.3;0.871715;270.23;258.16;4.34955;3.8;;86.3;0.871715;270.23;258.16;4.34955;3.8;;94.1;0.939707;244.54;244.12;4.811;4.5;;94.9;0.949338;244.54;244.12;4.811;4.6;;;;;;;;;;;;;;;;;;;;;;;;;;;;;;;;;;;;;;;;;;;;;;;;;;;;;;;;;
3;Sudeste;31;MG;Minas Gerais;3145406;Olaria;44676.357;22969.85;37442.273;19250.53;31904.411;18833.77;5694.548;809.051;9215.283;15368.914;31087.796;816.615;Administração, defesa, educação e saúde públicas e seguridade social;Demais serviços;Pecuária, inclusive apoio à pecuária;6;True;81.3;0.81106;260.26;254.62;4.156528;3.4;;81.3;0.81106;260.26;254.62;4.156528;3.4;;;;;;;;;81.4;0.807421;272.22;254.4;5.443667;4.4;;95.4;0.955234;231.4;227.52;6.516811;6.2;;95.4;0.955234;231.4;227.52;6.516811;6.2;;81.4;0.807421;272.22;254.4;5.443667;4.4;;;;;;;;;;;;;;;;;;;;;;;;;;;;;;;;;;;;
3;Sudeste;31;MG;Minas Gerais;3145455;Olhos-d'Água;204856.974;38042.15;161673.612;30022.95;211917.383;33944.8;139218.777;6940.808;23319.949;36432.439;205911.973;6005.41;Produção florestal, pesca e aquicultura;Administração, defesa, educação e saúde públicas e seguridade social;Demais serviços;4;True;;;;;;;;;;;;;;;91.7;0.915576;246.43;234.69;4.685333;4.3;;91.7;0.915576;246.43;234.69;4.685333;4.3;;99.7;0.997168;194.67;184.27;5.029493;5.0;;99.7;0.997168;194.67;184.27;5.029493;5.0;;;;;;;;;;;;;;;;;;;;;;;;;;;;;;;;;;;;;;;;;;;
3;Sudeste;31;MG;Minas Gerais;3145505;Olímpio Noronha;55155.846;21587.42;53646.932;20996.84;43923.538;15526.17;9461.572;1187.399;13249.281;18130.082;42028.334;1895.205;Administração, defesa, educação e saúde públicas e seguridade social;Demais serviços;Agricultura, inclusive apoio à agricultura e a pós colheita;6;True;100.0;1.0;301.51;296.15;5.357588;5.4;;100.0;1.0;301.51;296.15;5.357588;5.4;;;;;;;;;90.6;0.905109;276.73;269.83;5.776;5.2;;93.9;0.936311;238.02;225.83;6.612419;6.2;;93.9;0.936311;238.02;225.83;6.612419;6.2;;90.6;0.905109;276.73;269.83;5.776;5.2;;;;;;;;;;;;;;;;;;;;;;;;;;;;;;;;;;;;
3;Sudeste;31;MG;Minas Gerais;3145604;Oliveira;1463236.82;37268.52;1296254.921;33015.51;1108062.858;26390.62;121510.946;189983.895;506133.082;187459.836;1005087.759;102975.1;Demais serviços;Administração, defesa, educação e saúde públicas e seguridade social;Comércio e reparação de veículos automotores e motocicletas;8;True;85.3;0.857741;264.14;263.6;4.345453;3.7;;85.3;0.857741;264.14;263.6;4.345453;3.7;;97.3;0.97321;229.16;226.19;4.255833;4.1;;97.7;0.976981;233.02;229.11;4.368833;4.3;;96.7;0.965382;217.29;201.59;5.776081;5.6;;97.7;0.976192;229.73;213.52;6.230395;6.1;;99.6;0.994924;249.81;241.77;4.859667;4.8;;100.0;1.0;256.26;238.96;7.199238;7.2;;;;;;;;;;;;;;;;;;;;;;;;;;;;;
3;Sudeste;31;MG;Minas Gerais;3145703;Oliveira Fortes;44411.957;21910.19;37446.019;18473.62;40519.19;19040.97;14659.782;1324.497;8665.45;14772.904;39422.633;1096.557;Administração, defesa, educação e saúde públicas e seguridade social;Agricultura, inclusive apoio à agricultura e a pós colheita;Demais serviços;6;True;100.0;1.0;272.2;269.55;4.547728;4.5;;100.0;1.0;272.2;269.55;4.547728;4.5;;;;;;;;;100.0;1.0;271.45;260.36;5.530167;5.5;;100.0;1.0;212.23;203.68;5.717516;5.7;;100.0;1.0;212.23;203.68;5.717516;5.7;;100.0;1.0;271.45;260.36;5.530167;5.5;;;;;;;;;;;;;;;;;;;;;;;;;;;;;;;;;;;;
3;Sudeste;31;MG;Minas Gerais;3145802;Onça de Pitangui;82367.437;27742.48;62671.432;21108.6;64912.868;20574.6;27542.7;3808.674;12312.647;19258.233;62922.254;1990.614;Administração, defesa, educação e saúde públicas e seguridade social;Pecuária, inclusive apoio à pecuária;Demais serviços;6;True;87.1;0.876656;273.77;272.95;4.620676;4.1;;87.1;0.876656;273.77;272.95;4.620676;4.1;;97.8;0.977667;240.99;257.91;4.981667;4.9;;97.8;0.977667;240.99;257.91;4.981667;4.9;;;;;;;;;100.0;1.0;203.21;205.65;5.581197;5.6;;;;;;;;;100.0;1.0;203.21;205.65;5.581197;5.6;;;;;;;;;;;;;;;;;;;;;;;;;;;;;
3;Sudeste;31;MG;Minas Gerais;3145851;Oratórios;84109.064;17105.77;72550.89;14755.11;70840.54;15166.03;9564.623;7922.538;21184.029;28559.918;67231.108;3609.433;Administração, defesa, educação e saúde públicas e seguridade social;Demais serviços;Pecuária, inclusive apoio à pecuária;6;True;91.6;0.903333;271.79;265.82;4.486131;4.1;;91.6;0.903333;271.79;265.82;4.486131;4.1;;;;;;;;;81.9;0.822453;255.08;263.09;5.302833;4.4;;94.9;0.953236;207.95;203.2;5.62711;5.4;;94.9;0.953236;207.95;203.2;5.62711;5.4;;81.9;0.822453;255.08;263.09;5.302833;4.4;;;;;;;;;;;;;;;;;;;;;;;;;;;;;;;;;;;;
3;Sudeste;31;MG;Minas Gerais;3145877;Orizânia;146987.657;17421.79;164147.343;19455.65;122067.504;14999.69;34135.649;4565.882;33604.205;42763.648;115069.384;6998.12;Administração, defesa, educação e saúde públicas e seguridade social;Agricultura, inclusive apoio à agricultura e a pós colheita;Demais serviços;2;True;;;;;;;;;;;;;;;;;;;;;;;;;;;;;99.8;0.998592;230.28;225.54;6.459437;6.5;;99.8;0.998592;230.28;225.54;6.459437;6.5;;;;;;;;;;;;;;;;;;;;;;;;;;;;;;;;;;;;;;;;;;;
3;Sudeste;31;MG;Minas Gerais;3145901;Ouro Branco;4310767.094;111320.29;4988928.574;128832.99;5276139.182;131181.98;9791.61;2937280.849;919776.359;227412.276;4094261.094;1181878.088;Indústrias de transformação;Demais serviços;Administração, defesa, educação e saúde públicas e seguridade social;7;True;81.9;0.821558;280.81;293.47;5.026738;4.1;;85.9;0.861785;305.49;307.65;5.585643;4.8;;83.7;0.835057;256.77;260.45;5.287;4.4;;80.6;0.806796;280.0;281.16;6.019333;4.9;;94.7;0.946415;244.98;233.83;6.890698;6.5;;94.7;0.946415;244.98;233.83;6.890698;6.5;;79.9;0.799712;284.78;285.42;6.17;4.9;;;;;;;;;;;;;;;;;;;;;;;;;;;;;;;;;;;;
3;Sudeste;31;MG;Minas Gerais;3146008;Ouro Fino;1223791.087;38131.46;1142948.765;35612.54;934049.144;27522.22;58972.643;156240.911;434952.983;152584.207;802750.743;131298.401;Demais serviços;Comércio e reparação de veículos automotores e motocicletas;Administração, defesa, educação e saúde públicas e seguridade social;7;True;92.0;0.920591;255.56;259.45;4.162822;3.8;;92.0;0.920591;255.56;259.45;4.162822;3.8;;98.7;0.987941;260.95;265.55;5.441667;5.4;;98.7;0.987941;260.95;265.55;5.441667;5.4;;100.0;1.0;234.72;212.33;6.303988;6.3;;100.0;1.0;237.06;220.54;6.497917;6.5;;;;;;;;;100.0;1.0;237.68;222.71;6.549203;6.5;;;;;;;;;;;;;;;;;;;;;;;;;;;;;
3;Sudeste;31;MG;Minas Gerais;3146107;Ouro Preto;6765810.317;90426.62;7305998.845;97642.45;9518796.768;127215.82;30549.358;6362932.736;2260337.154;462530.891;9116350.139;402446.629;Indústrias extrativas;Demais serviços;Administração, defesa, educação e saúde públicas e seguridade social;8;True;83.3;0.846872;255.85;262.88;4.218242;3.6;;83.1;0.837951;288.74;284.9;5.009821;4.2;;90.9;0.909426;247.37;252.56;4.998833;4.5;;90.4;0.903244;250.98;253.19;5.0695;4.6;;97.0;0.969612;211.59;201.64;5.668212;5.5;;98.1;0.980716;216.61;208.28;5.88474;5.8;;89.8;0.898467;255.18;253.93;5.151833;4.6;;99.9;0.999197;223.43;217.28;6.178529;6.2;;;;;;;;;;;;;;;;;;;;;;;;;;;;;
3;Sudeste;31;MG;Minas Gerais;3146206;Ouro Verde de Minas;87363.263;15175.14;74690.227;12973.81;67791.642;11499.85;12764.96;2758.238;18791.921;31350.764;65665.883;2125.759;Administração, defesa, educação e saúde públicas e seguridade social;Demais serviços;Agricultura, inclusive apoio à agricultura e a pós colheita;6;True;78.8;0.798302;255.59;267.42;4.282555;3.4;;78.8;0.798302;255.59;267.42;4.282555;3.4;;88.4;0.884275;241.61;246.38;4.799833;4.2;;88.4;0.883748;241.61;246.38;4.799833;4.2;;100.0;1.0;210.35;201.78;5.647093;5.6;;100.0;1.0;210.35;201.78;5.647093;5.6;;;;;;;;;;;;;;;;;;;;;;;;;;;;;;;;;;;;;;;;;;;
3;Sudeste;31;MG;Minas Gerais;3146255;Padre Carvalho;68448.346;13532.69;62090.928;12275.79;58182.877;8998.28;1181.657;1599.638;19492.125;32659.926;54933.346;3249.532;Administração, defesa, educação e saúde públicas e seguridade social;Demais serviços;Comércio e reparação de veículos automotores e motocicletas;6;True;92.3;0.920336;256.27;247.13;3.988363;3.7;;92.3;0.920336;256.27;247.13;3.988363;3.7;;93.4;0.935888;229.33;236.5;4.4305;4.1;;93.4;0.935888;229.33;236.5;4.4305;4.1;;100.0;1.0;198.35;190.42;5.21154;5.2;;100.0;1.0;198.35;190.42;5.21154;5.2;;;;;;;;;;;;;;;;;;;;;;;;;;;;;;;;;;;;;;;;;;;
3;Sudeste;31;MG;Minas Gerais;3146305;Padre Paraíso;254680.841;14692.56;223908.183;12917.28;213888.145;10512.54;7323.528;13429.014;86282.697;94611.777;201647.016;12241.129;Administração, defesa, educação e saúde públicas e seguridade social;Demais serviços;Comércio e reparação de veículos automotores e motocicletas;7;True;78.4;0.78507;265.45;270.68;4.46984;3.5;;78.4;0.78507;265.45;270.68;4.46984;3.5;;82.6;0.825189;246.33;253.74;5.001167;4.1;;84.3;0.84329;246.33;253.74;5.001167;4.2;;99.7;0.996553;200.56;192.03;5.282988;5.3;;99.8;0.997984;199.83;194.0;5.304875;5.3;;;;;;;;;100.0;1.0;199.21;195.64;5.322861;5.3;;;;;;;;;;;;;;;;;;;;;;;;;;;;;
3;Sudeste;31;MG;Minas Gerais;3146404;Paineiras;98947.338;23425.03;88763.552;21014.1;82804.356;18649.63;25694.728;2600.712;24842.6;25079.092;78217.131;4587.225;Administração, defesa, educação e saúde públicas e seguridade social;Demais serviços;Pecuária, inclusive apoio à pecuária;6;True;90.7;0.907443;293.68;298.46;5.282197;4.8;;90.7;0.907443;293.68;298.46;5.282197;4.8;;82.8;0.817107;272.98;278.99;5.866167;4.8;;82.8;0.817107;272.98;278.99;5.866167;4.8;;99.5;0.994481;258.91;229.67;7.080901;7.0;;99.5;0.994481;258.91;229.67;7.080901;7.0;;;;;;;;;;;;;;;;;;;;;;;;;;;;;;;;;;;;;;;;;;;
3;Sudeste;31;MG;Minas Gerais;3146503;Pains;676495.679;83087.16;628905.442;77242.13;531120.331;63928.78;43262.549;267710.008;110491.12;50068.114;471531.792;59588.539;Indústrias de transformação;Demais serviços;Indústrias extrativas;6;True;98.6;0.987589;266.62;271.71;4.501692;4.4;;98.6;0.987589;266.62;271.71;4.501692;4.4;;99.1;0.99047;254.98;261.07;5.2675;5.2;;99.1;0.99047;254.98;261.07;5.2675;5.2;;100.0;1.0;259.1;242.61;7.3198;7.3;;100.0;1.0;259.1;242.61;7.3198;7.3;;;;;;;;;;;;;;;;;;;;;;;;;;;;;;;;;;;;;;;;;;;
3;Sudeste;31;MG;Minas Gerais;3146552;Pai Pedro;73623.066;13263.03;64104.93;11548.36;58641.87;9616.57;10511.69;2029.625;11312.831;33209.253;57063.399;1578.471;Administração, defesa, educação e saúde públicas e seguridade social;Demais serviços;Pecuária, inclusive apoio à pecuária;6;True;96.7;0.967022;258.12;260.98;4.221681;4.1;;96.7;0.967022;258.12;260.98;4.221681;4.1;;94.1;0.942798;256.47;256.65;5.218667;4.9;;95.6;0.955757;256.47;256.65;5.218667;5.0;;99.7;0.997577;240.53;232.81;6.787229;6.8;;99.7;0.997577;240.53;232.81;6.787229;6.8;;;;;;;;;;;;;;;;;;;;;;;;;;;;;;;;;;;;;;;;;;;
3;Sudeste;31;MG;Minas Gerais;3146602;Paiva;33858.892;22970.75;29894.029;20280.89;27292.181;17990.89;4677.017;1238.942;7633.624;12756.104;26305.687;986.494;Administração, defesa, educação e saúde públicas e seguridade social;Demais serviços;Pecuária, inclusive apoio à pecuária;6;True;95.5;0.953447;299.54;287.17;5.195489;5.0;;95.5;0.953447;299.54;287.17;5.195489;5.0;;;;;;;;;100.0;1.0;254.12;250.6;5.078667;5.1;;100.0;1.0;258.62;238.77;7.240822;7.2;;100.0;1.0;258.62;238.77;7.240822;7.2;;100.0;1.0;254.12;250.6;5.078667;5.1;;;;;;;;;;;;;;;;;;;;;;;;;;;;;;;;;;;;
3;Sudeste;31;MG;Minas Gerais;3146701;Palma;114459.219;20055.93;105285.872;18448.55;103635.903;15688.15;21199.027;4113.121;38491.614;33645.825;97449.587;6186.316;Administração, defesa, educação e saúde públicas e seguridade social;Demais serviços;Pecuária, inclusive apoio à pecuária;6;True;97.3;0.974307;236.51;246.11;3.695565;3.6;;97.3;0.974307;236.51;246.11;3.695565;3.6;;95.7;0.958105;217.62;232.25;4.1645;4.0;;95.7;0.958105;217.62;232.25;4.1645;4.0;;100.0;1.0;217.97;218.1;6.08924;6.1;;100.0;1.0;217.97;218.1;6.08924;6.1;;;;;;;;;;;;;;;;;;;;;;;;;;;;;;;;;;;;;;;;;;;
3;Sudeste;31;MG;Minas Gerais;3146750;Palmópolis;82987.718;13170.56;73448.877;11656.7;63836.925;12285.78;8498.181;3469.724;19683.509;30001.097;61652.511;2184.414;Administração, defesa, educação e saúde públicas e seguridade social;Demais serviços;Pecuária, inclusive apoio à pecuária;7;True;91.2;0.911954;255.35;254.31;4.082927;3.7;;91.2;0.911954;255.35;254.31;4.082927;3.7;;94.6;0.942859;237.35;247.27;4.743667;4.5;;95.1;0.948567;237.35;247.27;4.743667;4.5;;96.2;0.956421;212.35;200.6;5.663806;5.4;;97.1;0.968987;220.63;208.26;5.961094;5.8;;;;;;;;;100.0;1.0;239.38;225.6;6.634192;6.6;;;;;;;;;;;;;;;;;;;;;;;;;;;;;
3;Sudeste;31;MG;Minas Gerais;3146909;Papagaios;378420.878;27185.41;374008.741;26868.44;374384.057;23513.63;36205.978;105390.947;125697.281;74346.192;341640.399;32743.658;Demais serviços;Administração, defesa, educação e saúde públicas e seguridade social;Indústrias de transformação;6;True;77.1;0.778064;245.3;230.5;3.585338;2.8;;77.1;0.778064;245.3;230.5;3.585338;2.8;;93.5;0.936424;240.99;234.49;4.591333;4.3;;93.5;0.936424;240.99;234.49;4.591333;4.3;;99.7;0.997373;234.53;218.04;6.40418;6.4;;99.8;0.997577;234.53;218.04;6.40418;6.4;;;;;;;;;;;;;;;;;;;;;;;;;;;;;;;;;;;;;;;;;;;
3;Sudeste;31;MG;Minas Gerais;3147006;Paracatu;6798922.469;72311.27;6489208.406;69021.65;7198750.924;76145.83;1133352.171;3309471.457;1867899.316;526010.6;6836733.545;362017.379;Indústrias extrativas;Demais serviços;Agricultura, inclusive apoio à agricultura e a pós colheita;8;True;83.9;0.84593;259.37;259.86;4.222471;3.6;;85.7;0.861566;266.41;269.2;4.461168;3.8;;93.7;0.937428;240.09;244.6;4.744833;4.4;;93.2;0.932084;239.62;243.73;4.7225;4.4;;99.8;0.998393;207.45;200.07;5.560659;5.6;;99.8;0.998197;216.6;207.78;5.875459;5.9;;92.4;0.925569;237.83;240.41;4.637333;4.3;;99.8;0.998198;228.48;217.79;6.284176;6.3;;;;;;;;;;;;;;;;;;;;;;;;;;;;;
3;Sudeste;31;MG;Minas Gerais;3147105;Pará de Minas;5161430.074;53134.48;4578580.683;47134.32;4024573.632;42091.01;128982.28;1134016.925;1660637.924;463938.753;3387575.882;636997.75;Demais serviços;Indústrias de transformação;Comércio e reparação de veículos automotores e motocicletas;8;True;85.7;0.862115;272.38;270.78;4.568669;3.9;;85.7;0.862115;272.38;270.78;4.568669;3.9;;95.4;0.954122;260.58;261.02;5.36;5.1;;94.8;0.948165;260.7;259.26;5.332667;5.1;;99.6;0.99618;222.63;210.96;6.048353;6.0;;99.6;0.99618;231.8;220.06;6.388808;6.4;;93.6;0.935233;261.04;254.31;5.255833;4.9;;99.6;0.995976;241.22;229.41;6.738579;6.7;;;;;;;;;;;;;;;;;;;;;;;;;;;;;
3;Sudeste;31;MG;Minas Gerais;3147204;Paraguaçu;801200.209;36882.58;790514.022;36390.65;650844.451;30002.51;137444.787;123431.193;229204.362;97963.711;588044.054;62800.398;Demais serviços;Agricultura, inclusive apoio à agricultura e a pós colheita;Administração, defesa, educação e saúde públicas e seguridade social;7;True;78.0;0.801158;275.1;279.89;4.743248;3.8;;78.0;0.801158;275.1;279.89;4.743248;3.8;;95.7;0.95523;242.43;239.31;4.695667;4.5;;96.1;0.959596;243.63;241.08;4.745167;4.6;;100.0;1.0;215.81;204.06;5.792746;5.8;;100.0;1.0;215.81;204.06;5.792746;5.8;;100.0;1.0;258.13;262.4;5.342167;5.3;;;;;;;;;;;;;;;;;;;;;;;;;;;;;;;;;;;;
3;Sudeste;31;MG;Minas Gerais;3147303;Paraisópolis;769515.649;37638.33;659482.654;32256.43;592506.172;27748.15;18499.549;140135.583;222963.981;101607.823;483206.936;109299.236;Demais serviços;Indústrias de transformação;Administração, defesa, educação e saúde públicas e seguridade social;6;True;78.9;0.795909;277.22;279.82;4.771976;3.8;;78.9;0.795909;277.22;279.82;4.771976;3.8;;94.2;0.940563;260.39;257.93;5.305333;5.0;;94.0;0.939353;260.39;257.93;5.305333;5.0;;98.6;0.984791;255.53;231.81;7.055307;6.9;;98.6;0.984791;255.53;231.81;7.055307;6.9;;;;;;;;;;;;;;;;;;;;;;;;;;;;;;;;;;;;;;;;;;;
3;Sudeste;31;MG;Minas Gerais;3147402;Paraopeba;1108133.444;45967.29;1011879.013;41974.49;918654.955;36962.06;47060.551;149840.338;522545.226;121829.25;841275.365;77379.59;Demais serviços;Administração, defesa, educação e saúde públicas e seguridade social;Indústrias de transformação;8;True;81.9;0.827948;266.56;268.42;4.451598;3.7;;81.9;0.827948;266.56;268.42;4.451598;3.7;;91.7;0.916479;253.57;250.92;5.074833;4.7;;93.6;0.934829;251.21;251.74;5.049167;4.7;;99.8;0.997994;228.14;217.7;6.276051;6.3;;99.5;0.995587;224.06;212.73;6.107825;6.1;;98.5;0.985148;237.03;256.73;4.896;4.8;;98.5;0.985836;212.76;198.97;5.641994;5.6;;;;;;;;;;;;;;;;;;;;;;;;;;;;;
3;Sudeste;31;MG;Minas Gerais;3147501;Passabém;30001.89;18751.18;26234.684;16396.68;23587.941;14569.45;3014.396;824.404;6255.335;12627.56;22721.694;866.247;Administração, defesa, educação e saúde públicas e seguridade social;Demais serviços;Pecuária, inclusive apoio à pecuária;4;True;100.0;1.0;285.2;271.93;4.765941;4.8;;100.0;1.0;285.2;271.93;4.765941;4.8;;93.8;0.950748;262.42;270.21;5.543833;5.3;;93.8;0.950748;262.42;270.21;5.543833;5.3;;;;;;;;;;;;;;;;;;;;;;;;;;;;;;;;;;;;;;;;;;;;;;;;;;;;;;;;;
3;Sudeste;31;MG;Minas Gerais;3147600;Passa Quatro;739446.951;47660.13;663760.275;42781.84;471565.482;28685.78;97796.179;87476.335;162540.128;77909.882;425722.523;45842.959;Demais serviços;Pecuária, inclusive apoio à pecuária;Administração, defesa, educação e saúde públicas e seguridade social;7;True;84.0;0.844945;273.87;278.0;4.69768;4.0;;84.0;0.844945;273.87;278.0;4.69768;4.0;;93.4;0.935571;249.16;255.91;5.0845;4.8;;93.4;0.935571;249.16;255.91;5.0845;4.8;;100.0;1.0;245.52;228.32;6.800822;6.8;;100.0;1.0;245.22;230.91;6.842187;6.8;;;;;;;;;100.0;1.0;245.1;231.93;6.858443;6.9;;;;;;;;;;;;;;;;;;;;;;;;;;;;;
3;Sudeste;31;MG;Minas Gerais;3147709;Passa Tempo;310555.252;36652.34;377005.66;44494.94;481059.485;59900.32;28793.143;249888.594;102714.435;42257.494;423653.666;57405.82;Indústrias extrativas;Demais serviços;Indústrias de transformação;7;True;96.9;0.97305;267.57;258.84;4.32237;4.2;;96.9;0.97305;267.57;258.84;4.32237;4.2;;93.6;0.933997;240.66;239.95;4.676833;4.4;;93.9;0.93646;245.17;247.66;4.8805;4.6;;99.5;0.993852;247.5;230.92;6.885881;6.8;;99.5;0.993852;247.5;230.92;6.885881;6.8;;94.6;0.951417;262.95;278.05;5.683333;5.4;;;;;;;;;;;;;;;;;;;;;;;;;;;;;;;;;;;;
3;Sudeste;31;MG;Minas Gerais;3147808;Passa Vinte;47564.508;21300.72;48725.835;21820.8;42075.257;20788.17;10587.938;1225.542;12081.375;16751.045;40645.901;1429.357;Administração, defesa, educação e saúde públicas e seguridade social;Demais serviços;Pecuária, inclusive apoio à pecuária;6;True;96.2;0.957291;295.22;302.54;5.364904;5.1;;96.2;0.957291;295.22;302.54;5.364904;5.1;;;;;;;;;85.4;0.857143;281.37;284.75;6.102;5.2;;92.6;0.915467;234.54;202.72;6.125825;5.6;;92.6;0.915467;234.54;202.72;6.125825;5.6;;85.4;0.857143;281.37;284.75;6.102;5.2;;;;;;;;;;;;;;;;;;;;;;;;;;;;;;;;;;;;
3;Sudeste;31;MG;Minas Gerais;3147907;Passos;4080105.786;36449.37;3534527.226;31575.48;3023765.638;26073.69;310025.769;304921.072;1580293.761;522616.143;2717856.746;305908.892;Demais serviços;Administração, defesa, educação e saúde públicas e seguridade social;Comércio e reparação de veículos automotores e motocicletas;8;True;89.3;0.897571;269.23;271.61;4.536852;4.1;;89.8;0.902103;275.73;278.49;4.731139;4.3;;93.5;0.93522;253.57;254.13;5.128333;4.8;;94.3;0.942978;254.59;254.91;5.158333;4.9;;99.8;0.998399;241.74;223.04;6.632684;6.6;;99.8;0.997599;238.08;220.49;6.516473;6.5;;97.9;0.980766;261.32;260.05;5.356167;5.3;;99.7;0.997194;230.84;215.44;6.286487;6.3;;;;;;;;;;;;;;;;;;;;;;;;;;;;;
3;Sudeste;31;MG;Minas Gerais;3147956;Patis;61642.258;12743.9;56688.78;11719.82;55024.658;9123.64;5498.674;1555.869;13464.678;32931.466;53450.686;1573.972;Administração, defesa, educação e saúde públicas e seguridade social;Demais serviços;Pecuária, inclusive apoio à pecuária;8;True;95.3;0.955336;250.86;252.89;3.998607;3.8;;95.3;0.955336;250.86;252.89;3.998607;3.8;;94.2;0.939551;261.65;264.44;5.434833;5.1;;98.0;0.98079;263.02;265.54;5.476;5.4;;100.0;1.0;218.09;210.84;5.95953;6.0;;99.7;0.996553;225.19;215.2;6.174299;6.2;;100.0;1.0;263.94;266.28;5.503667;5.5;;98.8;0.986953;241.27;225.09;6.660988;6.6;;;;;;;;;;;;;;;;;;;;;;;;;;;;;
3;Sudeste;31;MG;Minas Gerais;3148004;Patos de Minas;8151368.621;51190.81;7149201.68;44897.18;6146246.831;39745.26;671617.253;1012131.214;2997020.776;776245.108;5457014.352;689232.479;Demais serviços;Comércio e reparação de veículos automotores e motocicletas;Administração, defesa, educação e saúde públicas e seguridade social;8;True;87.4;0.878798;274.33;274.67;4.65429;4.1;;88.2;0.885966;280.65;280.44;4.829431;4.3;;92.6;0.926221;257.91;260.69;5.31;4.9;;93.3;0.932757;260.15;262.29;5.374;5.0;;99.1;0.990705;226.75;216.34;6.224797;6.2;;99.5;0.994787;228.26;219.56;6.31216;6.3;;95.6;0.956312;269.69;269.1;5.6465;5.4;;99.7;0.9974;228.95;221.03;6.352055;6.3;;;;;;;;;;;;;;;;;;;;;;;;;;;;;
3;Sudeste;31;MG;Minas Gerais;3148103;Patrocínio;4895785.022;54502.98;4419874.976;49204.85;3679638.131;39945.7;884670.0;392164.359;1565881.833;467665.302;3310381.495;369256.636;Demais serviços;Agricultura, inclusive apoio à agricultura e a pós colheita;Comércio e reparação de veículos automotores e motocicletas;9;True;88.9;0.893862;269.64;271.43;4.539916;4.1;;90.1;0.904824;279.41;281.79;4.832225;4.4;;94.2;0.942366;255.7;256.62;5.205333;4.9;;93.9;0.93861;260.4;262.34;5.379;5.0;;100.0;1.0;238.12;227.71;6.648509;6.6;;99.9;0.999399;234.23;223.09;6.490273;6.5;;93.1;0.93163;276.23;281.61;5.964;5.6;;99.7;0.997591;222.93;209.63;6.029897;6.0;;97.7;0.976273;326.65;331.9;6.245858;6.1;;;;;;;;;;;;;;;;;;;;;;
3;Sudeste;31;MG;Minas Gerais;3148202;Patrocínio do Muriaé;152117.819;27280.81;134240.431;24074.68;116017.332;20198.0;6522.24;20881.576;44408.46;32067.468;103879.744;12137.587;Demais serviços;Administração, defesa, educação e saúde públicas e seguridade social;Indústrias de transformação;6;True;83.0;0.824402;268.18;268.46;4.47495;3.7;;83.0;0.824402;268.18;268.46;4.47495;3.7;;92.7;0.926037;258.14;255.68;5.230333;4.8;;92.7;0.926037;258.14;255.68;5.230333;4.8;;100.0;1.0;228.16;214.49;6.218069;6.2;;100.0;1.0;228.16;214.49;6.218069;6.2;;;;;;;;;;;;;;;;;;;;;;;;;;;;;;;;;;;;;;;;;;;
3;Sudeste;31;MG;Minas Gerais;3148301;Paula Cândido;143373.108;16557.7;142148.475;16416.27;136789.909;14253.4;35606.883;5133.85;43710.651;44272.722;128724.106;8065.803;Administração, defesa, educação e saúde públicas e seguridade social;Demais serviços;Agricultura, inclusive apoio à agricultura e a pós colheita;7;True;93.8;0.937997;270.26;265.54;4.46045;4.2;;93.8;0.937997;270.26;265.54;4.46045;4.2;;94.6;0.947472;254.55;254.41;5.149333;4.9;;94.6;0.947472;254.55;254.41;5.149333;4.9;;99.7;0.997168;243.47;232.43;6.836427;6.8;;99.8;0.997373;237.36;226.46;6.611278;6.6;;;;;;;;;100.0;1.0;209.15;198.9;5.571829;5.6;;;;;;;;;;;;;;;;;;;;;;;;;;;;;
3;Sudeste;31;MG;Minas Gerais;3148400;Paulistas;80480.686;18336.91;73650.847;16780.78;67345.922;14047.96;16197.584;5629.819;17196.411;24866.327;63890.141;3455.781;Administração, defesa, educação e saúde públicas e seguridade social;Demais serviços;Pecuária, inclusive apoio à pecuária;7;True;90.9;0.906881;248.39;259.47;4.062419;3.7;;90.9;0.906881;248.39;259.47;4.062419;3.7;;87.0;0.869986;220.33;228.01;4.139;3.6;;91.7;0.918864;229.34;237.72;4.451;4.1;;99.6;0.995935;201.28;199.14;5.426001;5.4;;99.6;0.995935;201.28;199.14;5.426001;5.4;;96.5;0.964654;238.58;247.67;4.770833;4.6;;;;;;;;;;;;;;;;;;;;;;;;;;;;;;;;;;;;
3;Sudeste;31;MG;Minas Gerais;3148509;Pavão;111033.234;13798.09;98286.39;12214.04;93054.393;11091.11;18871.577;2878.372;26835.365;40845.654;89430.967;3623.426;Administração, defesa, educação e saúde públicas e seguridade social;Demais serviços;Pecuária, inclusive apoio à pecuária;7;True;89.0;0.893457;248.81;256.65;4.026103;3.6;;89.0;0.893457;248.81;256.65;4.026103;3.6;;88.8;0.889332;223.13;229.05;4.203;3.7;;88.8;0.889332;223.13;229.05;4.203;3.7;;97.6;0.97186;202.92;202.06;5.51039;5.4;;97.7;0.97636;202.11;202.45;5.502023;5.4;;;;;;;;;97.9;0.982475;200.76;203.1;5.488078;5.4;;;;;;;;;;;;;;;;;;;;;;;;;;;;;
3;Sudeste;31;MG;Minas Gerais;3148608;Peçanha;293484.921;16822.48;261343.251;14980.12;270117.525;15405.36;81989.314;6133.158;83270.008;86361.134;257753.613;12363.911;Administração, defesa, educação e saúde públicas e seguridade social;Demais serviços;Produção florestal, pesca e aquicultura;4;True;;;;;;;;;;;;;;;97.8;0.978615;242.64;250.33;4.882833;4.8;;98.1;0.980935;242.64;250.33;4.882833;4.8;;;;;;;;;99.9;0.998592;204.62;195.2;5.418105;5.4;;;;;;;;;100.0;1.0;204.62;195.2;5.418105;5.4;;;;;;;;;;;;;;;;;;;;;;;;;;;;;
3;Sudeste;31;MG;Minas Gerais;3148707;Pedra Azul;428870.193;17569.45;407860.311;16708.74;401335.187;16493.45;14186.543;108936.95;136675.201;121361.357;381160.051;20175.136;Administração, defesa, educação e saúde públicas e seguridade social;Demais serviços;Indústrias extrativas;7;True;88.6;0.89561;247.11;249.17;3.89025;3.5;;88.6;0.89561;247.11;249.17;3.89025;3.5;;95.3;0.951892;234.86;235.66;4.508667;4.3;;95.7;0.956459;234.37;235.55;4.498667;4.3;;99.5;0.994772;213.32;201.12;5.691772;5.7;;99.5;0.994772;213.32;201.12;5.691772;5.7;;100.0;1.0;229.99;234.66;4.410833;4.4;;;;;;;;;;;;;;;;;;;;;;;;;;;;;;;;;;;;
3;Sudeste;31;MG;Minas Gerais;3148756;Pedra Bonita;124988.239;17074.9;164906.69;22528.24;96487.748;13481.59;32598.537;2757.197;19839.613;38674.044;93869.392;2618.356;Administração, defesa, educação e saúde públicas e seguridade social;Agricultura, inclusive apoio à agricultura e a pós colheita;Demais serviços;6;True;86.8;0.870694;262.67;257.03;4.226454;3.7;;86.8;0.870694;262.67;257.03;4.226454;3.7;;93.3;0.933806;220.25;220.48;4.012167;3.7;;92.5;0.924028;220.25;220.48;4.012167;3.7;;;;;;;;;99.6;0.99557;210.57;196.55;5.556201;5.5;;;;;;;;;99.4;0.993432;210.57;196.55;5.556201;5.5;;;;;;;;;;;;;;;;;;;;;;;;;;;;;
3;Sudeste;31;MG;Minas Gerais;3148806;Pedra do Anta;65218.353;19697.48;63370.484;19139.38;57703.173;19494.32;12268.775;6684.917;14195.856;22343.74;55493.288;2209.886;Administração, defesa, educação e saúde públicas e seguridade social;Demais serviços;Pecuária, inclusive apoio à pecuária;4;True;91.0;0.91013;295.09;293.31;5.224905;4.8;;91.0;0.91013;295.09;293.31;5.224905;4.8;;;;;;;;;;;;;;;;97.3;0.977003;250.76;234.09;7.005731;6.8;;97.3;0.977003;250.76;234.09;7.005731;6.8;;;;;;;;;;;;;;;;;;;;;;;;;;;;;;;;;;;;;;;;;;;
3;Sudeste;31;MG;Minas Gerais;3148905;Pedra do Indaiá;133810.483;32541.46;130405.063;31713.29;116111.77;29195.82;35465.647;19331.096;27163.499;24221.582;106181.824;9929.946;Pecuária, inclusive apoio à pecuária;Administração, defesa, educação e saúde públicas e seguridade social;Demais serviços;6;True;97.8;0.977716;284.58;261.3;4.598101;4.5;;97.8;0.977716;284.58;261.3;4.598101;4.5;;;;;;;;;94.7;0.944824;261.93;260.87;5.38;5.1;;96.5;0.963154;267.53;248.98;7.596496;7.3;;96.5;0.963154;267.53;248.98;7.596496;7.3;;92.4;0.921497;261.93;260.87;5.38;5.0;;;;;;;;;;;;;;;;;;;;;;;;;;;;;;;;;;;;
3;Sudeste;31;MG;Minas Gerais;3149002;Pedra Dourada;65491.72;23754.7;57946.371;21017.91;42272.782;16519.26;8649.089;1280.19;11844.554;19212.613;40986.446;1286.336;Administração, defesa, educação e saúde públicas e seguridade social;Demais serviços;Agricultura, inclusive apoio à agricultura e a pós colheita;6;True;92.6;0.929107;271.43;296.29;4.937212;4.6;;92.6;0.929107;271.43;296.29;4.937212;4.6;;;;;;;;;95.9;0.957214;267.89;266.95;5.580667;5.3;;100.0;1.0;234.69;218.24;6.41087;6.4;;100.0;1.0;234.69;218.24;6.41087;6.4;;95.9;0.957214;267.89;266.95;5.580667;5.3;;;;;;;;;;;;;;;;;;;;;;;;;;;;;;;;;;;;
3;Sudeste;31;MG;Minas Gerais;3149101;Pedralva;221496.736;20585.2;202575.082;18826.68;182673.322;16460.02;52015.853;8713.184;61049.079;52562.97;174341.086;8332.236;Administração, defesa, educação e saúde públicas e seguridade social;Demais serviços;Agricultura, inclusive apoio à agricultura e a pós colheita;6;True;86.2;0.863382;282.15;279.85;4.841666;4.2;;86.2;0.863382;282.15;279.85;4.841666;4.2;;98.9;0.989824;259.57;247.59;5.119333;5.1;;98.9;0.989824;259.57;247.59;5.119333;5.1;;99.0;0.989018;235.91;218.63;6.441243;6.4;;99.0;0.989018;235.91;218.63;6.441243;6.4;;;;;;;;;;;;;;;;;;;;;;;;;;;;;;;;;;;;;;;;;;;
3;Sudeste;31;MG;Minas Gerais;3149150;Pedras de Maria da Cruz;132256.152;12676.71;112339.892;10748.17;109623.575;8903.08;17602.214;3271.322;26137.85;58814.907;105826.293;3797.282;Administração, defesa, educação e saúde públicas e seguridade social;Demais serviços;Pecuária, inclusive apoio à pecuária;6;True;91.3;0.913746;248.71;261.06;4.090716;3.7;;91.3;0.913746;248.71;261.06;4.090716;3.7;;93.7;0.93817;231.23;232.29;4.392;4.1;;93.7;0.93817;231.23;232.29;4.392;4.1;;100.0;1.0;198.14;192.43;5.244078;5.2;;100.0;1.0;198.14;192.43;5.244078;5.2;;;;;;;;;;;;;;;;;;;;;;;;;;;;;;;;;;;;;;;;;;;
3;Sudeste;31;MG;Minas Gerais;3149200;Pedrinópolis;333526.702;99738.85;271186.852;81096.55;204095.37;55901.22;92550.359;6369.224;59967.515;27322.678;186209.775;17885.595;Agricultura, inclusive apoio à agricultura e a pós colheita;Demais serviços;Administração, defesa, educação e saúde públicas e seguridade social;6;True;90.4;0.910646;274.01;254.04;4.340963;4.0;;90.4;0.910646;274.01;254.04;4.340963;4.0;;92.5;0.925078;262.32;259.38;5.361667;5.0;;92.5;0.925078;262.32;259.38;5.361667;5.0;;99.5;0.995521;238.28;220.11;6.513381;6.5;;99.5;0.995521;238.28;220.11;6.513381;6.5;;;;;;;;;;;;;;;;;;;;;;;;;;;;;;;;;;;;;;;;;;;
3;Sudeste;31;MG;Minas Gerais;3149309;Pedro Leopoldo;2514376.518;40178.6;2221404.317;35497.03;1938133.871;29749.25;12335.183;681070.491;684518.827;321037.521;1698962.023;239171.848;Demais serviços;Indústrias de transformação;Administração, defesa, educação e saúde públicas e seguridade social;8;True;91.0;0.916442;265.45;263.77;4.366397;4.0;;91.0;0.916442;265.45;263.77;4.366397;4.0;;98.3;0.982321;256.87;261.88;5.3125;5.2;;92.1;0.921508;246.79;251.12;4.965167;4.6;;99.8;0.997593;221.9;213.95;6.088786;6.1;;99.8;0.997796;224.22;217.3;6.193969;6.2;;86.9;0.871264;238.27;242.02;4.6715;4.1;;99.9;0.998996;229.6;225.08;6.438096;6.4;;;;;;;;;;;;;;;;;;;;;;;;;;;;;
3;Sudeste;31;MG;Minas Gerais;3149408;Pedro Teixeira;37357.277;20639.38;32642.806;18034.7;30258.636;16773.08;6931.575;750.485;7494.625;14190.43;29367.115;891.521;Administração, defesa, educação e saúde públicas e seguridade social;Demais serviços;Pecuária, inclusive apoio à pecuária;4;True;100.0;1.0;291.34;291.53;5.14559;5.1;;100.0;1.0;291.34;291.53;5.14559;5.1;;;;;;;;;93.5;0.937055;267.26;266.58;5.564;5.2;;;;;;;;;;;;;;;;93.5;0.937055;267.26;266.58;5.564;5.2;;;;;;;;;;;;;;;;;;;;;;;;;;;;;;;;;;;;
3;Sudeste;31;MG;Minas Gerais;3149507;Pequeri;78666.131;23475.42;65340.039;19498.67;62510.15;18715.61;4283.365;14609.702;17036.704;22485.399;58415.169;4094.981;Administração, defesa, educação e saúde públicas e seguridade social;Demais serviços;Indústrias de transformação;4;True;;;;;;;;;;;;;;;;;;;;;;92.3;0.923508;265.05;270.43;5.591333;5.2;;95.5;0.949996;232.12;213.05;6.26746;6.0;;95.5;0.949996;232.12;213.05;6.26746;6.0;;92.3;0.923508;265.05;270.43;5.591333;5.2;;;;;;;;;;;;;;;;;;;;;;;;;;;;;;;;;;;;
3;Sudeste;31;MG;Minas Gerais;3149606;Pequi;103925.031;25012.04;132279.73;31836.28;85499.627;19183.22;29328.409;4739.31;23165.457;23815.312;81048.488;4451.139;Administração, defesa, educação e saúde públicas e seguridade social;Pecuária, inclusive apoio à pecuária;Demais serviços;6;True;95.9;0.961899;265.82;275.74;4.550786;4.4;;95.9;0.961899;265.82;275.74;4.550786;4.4;;90.8;0.908146;232.95;238.77;4.528667;4.1;;90.8;0.908146;232.95;238.77;4.528667;4.1;;99.6;0.995106;217.16;201.72;5.775964;5.7;;99.6;0.995106;217.16;201.72;5.775964;5.7;;;;;;;;;;;;;;;;;;;;;;;;;;;;;;;;;;;;;;;;;;;
3;Sudeste;31;MG;Minas Gerais;3149705;Perdigão;378765.823;30874.29;317551.457;25884.53;234679.931;19566.44;14889.746;63795.749;74533.587;60012.353;213231.435;21448.496;Demais serviços;Administração, defesa, educação e saúde públicas e seguridade social;Indústrias de transformação;6;True;89.8;0.897229;275.17;268.83;4.578663;4.1;;89.8;0.897229;275.17;268.83;4.578663;4.1;;94.4;0.942103;258.78;260.96;5.329;5.0;;94.4;0.942103;258.78;260.96;5.329;5.0;;100.0;1.0;248.0;228.85;6.857786;6.9;;100.0;1.0;248.0;228.85;6.857786;6.9;;;;;;;;;;;;;;;;;;;;;;;;;;;;;;;;;;;;;;;;;;;
3;Sudeste;31;MG;Minas Gerais;3149804;Perdizes;2577883.513;150305.14;2086047.272;121628.32;1629149.392;98922.18;864212.365;219556.231;320164.112;92423.28;1496355.988;132793.404;Agricultura, inclusive apoio à agricultura e a pós colheita;Demais serviços;Indústrias de transformação;6;True;89.2;0.900359;278.94;282.75;4.839995;4.4;;89.2;0.900359;278.94;282.75;4.839995;4.4;;97.2;0.971692;259.84;264.16;5.4;5.2;;97.2;0.971692;259.84;264.16;5.4;5.2;;99.9;0.999197;242.82;224.47;6.679295;6.7;;99.9;0.999197;242.82;224.47;6.679295;6.7;;;;;;;;;;;;;;;;;;;;;;;;;;;;;;;;;;;;;;;;;;;
3;Sudeste;31;MG;Minas Gerais;3149903;Perdões;811684.117;37957.54;715579.863;33463.33;626987.288;29058.13;59683.226;150755.477;255308.941;99826.867;565574.511;61412.777;Demais serviços;Eletricidade e gás, água, esgoto, atividades de gestão de resíduos e descontaminação;Administração, defesa, educação e saúde públicas e seguridade social;7;True;95.3;0.955212;275.0;280.29;4.747832;4.5;;95.3;0.955212;275.0;280.29;4.747832;4.5;;96.6;0.965903;256.25;261.08;5.288833;5.1;;96.6;0.965903;256.25;261.08;5.288833;5.1;;99.4;0.994137;233.98;229.7;6.605684;6.6;;99.4;0.994342;232.86;228.43;6.561219;6.5;;;;;;;;;100.0;1.0;222.72;216.83;6.156798;6.2;;;;;;;;;;;;;;;;;;;;;;;;;;;;;
3;Sudeste;31;MG;Minas Gerais;3149952;Periquito;119988.023;18310.4;118620.024;18101.64;111676.559;16574.14;9510.653;9346.249;43917.267;38405.824;101179.994;10496.565;Administração, defesa, educação e saúde públicas e seguridade social;Demais serviços;Comércio e reparação de veículos automotores e motocicletas;4;True;;;;;;;;;;;;;;;;;;;;;;92.3;0.927924;230.03;241.41;4.524;4.2;;99.6;0.995975;204.97;198.72;5.488785;5.5;;99.6;0.995975;204.97;198.72;5.488785;5.5;;92.3;0.927924;230.03;241.41;4.524;4.2;;;;;;;;;;;;;;;;;;;;;;;;;;;;;;;;;;;;
3;Sudeste;31;MG;Minas Gerais;3150000;Pescador;57196.612;16021.46;48573.742;13606.09;47074.727;11047.81;6928.638;978.34;14044.435;23824.945;45776.358;1298.369;Administração, defesa, educação e saúde públicas e seguridade social;Demais serviços;Pecuária, inclusive apoio à pecuária;6;True;95.2;0.956669;283.52;275.87;4.801327;4.6;;95.2;0.956669;283.52;275.87;4.801327;4.6;;92.2;0.918702;239.04;249.91;4.815833;4.4;;92.2;0.918702;239.04;249.91;4.815833;4.4;;100.0;1.0;201.12;194.91;5.346039;5.3;;100.0;1.0;201.12;194.91;5.346039;5.3;;;;;;;;;;;;;;;;;;;;;;;;;;;;;;;;;;;;;;;;;;;
3;Sudeste;31;MG;Minas Gerais;3150109;Piau;114475.297;40942.52;84235.944;30127.3;92644.52;34073.01;14863.235;42136.982;14180.46;18921.25;90101.927;2542.593;Eletricidade e gás, água, esgoto, atividades de gestão de resíduos e descontaminação;Administração, defesa, educação e saúde públicas e seguridade social;Demais serviços;4;True;76.8;0.772798;294.9;302.46;5.359212;4.1;;76.8;0.772798;294.9;302.46;5.359212;4.1;;;;;;;;;;;;;;;;95.0;0.954515;233.47;224.27;6.497223;6.2;;95.0;0.954515;233.47;224.27;6.497223;6.2;;;;;;;;;;;;;;;;;;;;;;;;;;;;;;;;;;;;;;;;;;;
3;Sudeste;31;MG;Minas Gerais;3150158;Piedade de Caratinga;214395.41;25137.23;196871.943;23082.65;140805.478;15942.65;39253.178;6917.234;42762.285;44276.143;133208.84;7596.638;Administração, defesa, educação e saúde públicas e seguridade social;Agricultura, inclusive apoio à agricultura e a pós colheita;Demais serviços;6;True;91.3;0.917102;262.61;261.25;4.288785;3.9;;91.3;0.917102;262.61;261.25;4.288785;3.9;;92.6;0.924016;250.59;257.07;5.127667;4.7;;92.6;0.924016;250.59;257.07;5.127667;4.7;;98.7;0.987104;213.96;197.63;5.640532;5.6;;98.7;0.987104;213.96;197.63;5.640532;5.6;;;;;;;;;;;;;;;;;;;;;;;;;;;;;;;;;;;;;;;;;;;
3;Sudeste;31;MG;Minas Gerais;3150208;Piedade de Ponte Nova;76206.839;19166.71;66897.339;16825.29;62725.465;15147.42;11911.765;2138.169;19940.21;25371.128;59361.272;3364.193;Administração, defesa, educação e saúde públicas e seguridade social;Demais serviços;Pecuária, inclusive apoio à pecuária;6;True;94.2;0.942298;248.61;256.68;4.023743;3.8;;94.2;0.942298;248.61;256.68;4.023743;3.8;;97.1;0.950696;227.88;228.73;4.276833;4.1;;96.4;0.963514;227.88;228.73;4.276833;4.1;;95.0;0.948883;220.35;198.53;5.778842;5.5;;95.0;0.948883;220.35;198.53;5.778842;5.5;;;;;;;;;;;;;;;;;;;;;;;;;;;;;;;;;;;;;;;;;;;
3;Sudeste;31;MG;Minas Gerais;3150307;Piedade do Rio Grande;135157.704;29356.58;118841.454;25812.65;110390.303;24885.1;43675.403;8528.69;29214.213;24101.632;105519.938;4870.365;Agricultura, inclusive apoio à agricultura e a pós colheita;Administração, defesa, educação e saúde públicas e seguridade social;Demais serviços;6;True;94.3;0.956915;265.58;273.17;4.508942;4.3;;94.3;0.956915;265.58;273.17;4.508942;4.3;;95.4;0.954081;256.21;241.42;4.9605;4.7;;95.4;0.954081;256.21;241.42;4.9605;4.7;;100.0;1.0;228.19;209.33;6.124824;6.1;;100.0;1.0;228.19;209.33;6.124824;6.1;;;;;;;;;;;;;;;;;;;;;;;;;;;;;;;;;;;;;;;;;;;
3;Sudeste;31;MG;Minas Gerais;3150406;Piedade dos Gerais;128442.059;25591.17;108715.221;21660.73;89788.642;17836.44;23567.172;10095.691;24223.868;26383.052;84269.783;5518.858;Administração, defesa, educação e saúde públicas e seguridade social;Demais serviços;Agricultura, inclusive apoio à agricultura e a pós colheita;4;True;;;;;;;;;;;;;;;76.5;0.755967;274.68;274.39;5.817833;4.4;;76.5;0.755967;274.68;274.39;5.817833;4.4;;100.0;1.0;235.65;223.44;6.523736;6.5;;100.0;1.0;235.65;223.44;6.523736;6.5;;;;;;;;;;;;;;;;;;;;;;;;;;;;;;;;;;;;;;;;;;;
3;Sudeste;31;MG;Minas Gerais;3150505;Pimenta;314466.294;36723.85;341255.392;39852.32;281707.248;32324.41;86455.443;6781.444;109153.914;46050.783;248441.583;33265.665;Agricultura, inclusive apoio à agricultura e a pós colheita;Demais serviços;Administração, defesa, educação e saúde públicas e seguridade social;6;True;75.9;0.764894;270.16;271.38;4.546471;3.5;;75.9;0.764894;270.16;271.38;4.546471;3.5;;89.4;0.892606;251.82;240.74;4.876;4.4;;89.4;0.892606;251.82;240.74;4.876;4.4;;100.0;1.0;254.86;221.44;6.853975;6.9;;100.0;1.0;254.86;221.44;6.853975;6.9;;;;;;;;;;;;;;;;;;;;;;;;;;;;;;;;;;;;;;;;;;;
3;Sudeste;31;MG;Minas Gerais;3150539;Pingo-d'Água;70142.25;14904.86;57657.544;12251.92;52693.461;10477.92;2499.084;2809.375;17344.784;28085.031;50738.274;1955.188;Administração, defesa, educação e saúde públicas e seguridade social;Demais serviços;Comércio e reparação de veículos automotores e motocicletas;6;True;99.5;0.995968;276.83;263.5;4.522187;4.5;;99.5;0.995968;276.83;263.5;4.522187;4.5;;95.3;0.952871;258.92;255.91;5.247167;5.0;;95.3;0.952871;258.92;255.91;5.247167;5.0;;100.0;1.0;225.7;214.23;6.166396;6.2;;100.0;1.0;225.7;214.23;6.166396;6.2;;;;;;;;;;;;;;;;;;;;;;;;;;;;;;;;;;;;;;;;;;;
3;Sudeste;31;MG;Minas Gerais;3150570;Pintópolis;94229.61;13301.75;80535.87;11368.7;71109.03;9430.91;10491.128;2328.01;18791.601;37031.504;68642.242;2466.787;Administração, defesa, educação e saúde públicas e seguridade social;Demais serviços;Pecuária, inclusive apoio à pecuária;6;True;86.3;0.861338;265.69;269.51;4.455696;3.8;;86.3;0.861338;265.69;269.51;4.455696;3.8;;87.1;0.871393;231.15;244.91;4.601;4.0;;87.1;0.871393;231.15;244.91;4.601;4.0;;99.0;0.989776;203.18;185.29;5.210443;5.2;;99.2;0.99207;203.18;185.29;5.210443;5.2;;;;;;;;;;;;;;;;;;;;;;;;;;;;;;;;;;;;;;;;;;;
3;Sudeste;31;MG;Minas Gerais;3150604;Piracema;248564.985;37099.25;248221.424;37047.97;303140.414;47469.53;26164.71;160904.695;72572.775;34737.45;294379.631;8760.783;Indústrias extrativas;Demais serviços;Administração, defesa, educação e saúde públicas e seguridade social;6;True;94.3;0.952916;278.11;267.48;4.599745;4.4;;94.3;0.952916;278.11;267.48;4.599745;4.4;;97.6;0.975597;222.02;228.99;4.1835;4.1;;97.6;0.975597;222.02;228.99;4.1835;4.1;;99.7;0.996553;225.64;215.55;6.189251;6.2;;99.7;0.996553;225.64;215.55;6.189251;6.2;;;;;;;;;;;;;;;;;;;;;;;;;;;;;;;;;;;;;;;;;;;
3;Sudeste;31;MG;Minas Gerais;3150703;Pirajuba;639002.677;115405.94;501603.127;90591.14;403701.585;62194.05;104948.893;106764.236;105765.683;38556.571;356035.383;47666.203;Agricultura, inclusive apoio à agricultura e a pós colheita;Indústrias de transformação;Demais serviços;6;True;84.2;0.842864;249.53;249.49;3.929029;3.3;;84.2;0.842864;249.53;249.49;3.929029;3.3;;92.4;0.921551;255.28;259.68;5.249333;4.8;;92.4;0.921551;255.28;259.68;5.249333;4.8;;99.6;0.995165;220.85;209.45;5.986929;6.0;;99.6;0.995165;220.85;209.45;5.986929;6.0;;;;;;;;;;;;;;;;;;;;;;;;;;;;;;;;;;;;;;;;;;;
3;Sudeste;31;MG;Minas Gerais;3150802;Piranga;253176.297;14876.97;218219.798;12822.88;200152.082;11345.85;35574.067;8100.747;68417.053;78642.573;190734.439;9417.643;Administração, defesa, educação e saúde públicas e seguridade social;Demais serviços;Pecuária, inclusive apoio à pecuária;7;True;89.3;0.900375;285.24;282.54;4.925335;4.4;;89.3;0.900375;285.24;282.54;4.925335;4.4;;92.7;0.926132;266.18;261.85;5.467167;5.1;;92.7;0.926132;266.18;261.85;5.467167;5.1;;99.8;0.998187;239.21;229.13;6.695129;6.7;;99.9;0.998592;235.9;229.54;6.639416;6.6;;;;;;;;;100.0;1.0;226.52;230.73;6.482044;6.5;;;;;;;;;;;;;;;;;;;;;;;;;;;;;
3;Sudeste;31;MG;Minas Gerais;3150901;Piranguçu;118615.379;19635.06;88611.758;14668.39;78363.453;14237.55;9423.024;12796.383;23090.587;28010.759;73320.754;5042.699;Administração, defesa, educação e saúde públicas e seguridade social;Demais serviços;Eletricidade e gás, água, esgoto, atividades de gestão de resíduos e descontaminação;6;True;92.0;0.932654;296.53;301.74;5.371327;5.0;;92.0;0.932654;296.53;301.74;5.371327;5.0;;84.7;0.847618;276.81;276.56;5.8895;5.0;;84.7;0.847618;276.81;276.56;5.8895;5.0;;97.9;0.977221;230.43;214.93;6.26939;6.1;;97.9;0.977221;230.43;214.93;6.26939;6.1;;;;;;;;;;;;;;;;;;;;;;;;;;;;;;;;;;;;;;;;;;;
3;Sudeste;31;MG;Minas Gerais;3151008;Piranguinho;171573.339;18812.87;157970.688;17321.35;136133.485;15678.16;13967.519;15520.017;55811.144;40654.523;125953.203;10180.283;Demais serviços;Administração, defesa, educação e saúde públicas e seguridade social;Comércio e reparação de veículos automotores e motocicletas;6;True;86.9;0.875197;280.91;277.75;4.792814;4.2;;86.9;0.875197;280.91;277.75;4.792814;4.2;;88.5;0.885258;242.27;243.31;4.759667;4.2;;88.5;0.885258;242.27;243.31;4.759667;4.2;;100.0;1.0;242.13;226.02;6.694309;6.7;;100.0;1.0;242.13;226.02;6.694309;6.7;;;;;;;;;;;;;;;;;;;;;;;;;;;;;;;;;;;;;;;;;;;
3;Sudeste;31;MG;Minas Gerais;3151107;Pirapetinga;707927.765;63909.7;612887.409;55329.73;633595.034;58715.14;10549.707;286584.747;152231.762;58971.402;508337.617;125257.417;Indústrias de transformação;Demais serviços;Administração, defesa, educação e saúde públicas e seguridade social;7;True;83.8;0.839759;255.86;240.1;3.877365;3.3;;83.8;0.839759;255.86;240.1;3.877365;3.3;;92.7;0.933012;228.45;232.13;4.343;4.1;;86.7;0.865377;240.75;242.63;4.723;4.1;;99.4;0.993935;210.15;196.45;5.546367;5.5;;99.4;0.993935;210.15;196.45;5.546367;5.5;;85.4;0.84481;246.34;247.41;4.895833;4.1;;;;;;;;;;;;;;;;;;;;;;;;;;;;;;;;;;;;
3;Sudeste;31;MG;Minas Gerais;3151206;Pirapora;3361259.131;60447.78;3368912.252;60585.41;2871585.438;50516.06;63679.114;1202634.739;775507.913;288030.276;2329852.042;541733.396;Indústrias de transformação;Demais serviços;Administração, defesa, educação e saúde públicas e seguridade social;8;True;90.5;0.90991;260.07;268.72;4.364937;4.0;;91.1;0.915117;275.46;280.9;4.763424;4.4;;94.2;0.94121;235.23;238.19;4.557;4.3;;93.9;0.938223;235.24;238.36;4.56;4.3;;99.7;0.997397;202.73;189.18;5.272582;5.3;;99.8;0.997597;208.25;195.41;5.491198;5.5;;81.7;0.833054;235.74;250.86;4.776667;4.0;;100.0;1.0;232.98;223.35;6.471145;6.5;;;;;;;;;;;;;;;;;;;;;;;;;;;;;
3;Sudeste;31;MG;Minas Gerais;3151305;Piraúba;246400.803;21223.15;209328.753;18030.04;200320.535;18665.72;22041.96;33463.91;75152.896;52589.803;183248.57;17071.966;Demais serviços;Administração, defesa, educação e saúde públicas e seguridade social;Indústrias de transformação;6;True;90.6;0.914088;288.88;291.88;5.116279;4.7;;90.6;0.914088;288.88;291.88;5.116279;4.7;;94.8;0.94886;261.09;260.78;5.3645;5.1;;94.8;0.94886;261.09;260.78;5.3645;5.1;;99.0;0.989704;244.29;223.89;6.696803;6.6;;99.1;0.990517;244.29;223.89;6.696803;6.6;;;;;;;;;;;;;;;;;;;;;;;;;;;;;;;;;;;;;;;;;;;
3;Sudeste;31;MG;Minas Gerais;3151404;Pitangui;702867.367;26339.42;736006.118;27581.27;741272.741;26070.86;88239.899;131344.683;339473.438;123008.838;682066.858;59205.883;Demais serviços;Administração, defesa, educação e saúde públicas e seguridade social;Indústrias de transformação;8;True;85.6;0.858756;263.29;260.97;4.294144;3.7;;85.6;0.858756;263.29;260.97;4.294144;3.7;;92.0;0.920525;249.44;247.43;4.947833;4.6;;90.9;0.908742;249.64;248.53;4.9695;4.5;;99.3;0.993852;230.84;215.48;6.287214;6.2;;99.3;0.992964;231.18;216.84;6.31843;6.3;;87.7;0.875836;250.48;253.11;5.059833;4.4;;99.3;0.992563;231.3;217.28;6.32872;6.3;;;;;;;;;;;;;;;;;;;;;;;;;;;;;
3;Sudeste;31;MG;Minas Gerais;3151503;Piumhi;1568574.297;43496.6;1496840.291;41507.41;1280616.626;36446.38;296352.823;125502.963;548769.245;176697.746;1147322.777;133293.849;Demais serviços;Agricultura, inclusive apoio à agricultura e a pós colheita;Administração, defesa, educação e saúde públicas e seguridade social;8;True;85.6;0.855906;260.27;257.07;4.193345;3.6;;87.6;0.876917;272.11;266.34;4.49841;3.9;;95.7;0.956657;232.82;229.21;4.367167;4.2;;95.7;0.956657;232.82;229.21;4.367167;4.2;;99.5;0.995187;231.98;217.09;6.338243;6.3;;99.5;0.995389;231.84;217.24;6.338298;6.3;;;;;;;;;100.0;1.0;229.61;219.73;6.341014;6.3;;96.5;0.966829;311.88;297.47;5.522995;5.3;;;;;;;;;;;;;;;;;;;;;;
3;Sudeste;31;MG;Minas Gerais;3151602;Planura;843200.535;75657.29;517704.377;46451.72;574229.731;46141.4;123719.436;273508.94;92229.865;70113.345;559571.585;14658.146;Eletricidade e gás, água, esgoto, atividades de gestão de resíduos e descontaminação;Agricultura, inclusive apoio à agricultura e a pós colheita;Demais serviços;4;True;80.8;0.824141;256.05;255.0;4.103087;3.4;;80.8;0.824141;256.05;255.0;4.103087;3.4;;88.0;0.880815;236.56;235.42;4.533;4.0;;88.0;0.880815;236.56;235.42;4.533;4.0;;;;;;;;;;;;;;;;;;;;;;;;;;;;;;;;;;;;;;;;;;;;;;;;;;;;;;;;;
3;Sudeste;31;MG;Minas Gerais;3151701;Poço Fundo;548879.382;33488.67;488910.565;29833.45;403831.57;23895.36;106017.926;33728.234;154693.262;74363.557;368802.978;35028.592;Demais serviços;Agricultura, inclusive apoio à agricultura e a pós colheita;Administração, defesa, educação e saúde públicas e seguridade social;6;True;90.6;0.909846;287.93;288.26;5.048744;4.6;;90.6;0.909846;287.93;288.26;5.048744;4.6;;96.8;0.968507;267.93;265.06;5.549833;5.4;;96.8;0.968507;267.93;265.06;5.549833;5.4;;99.7;0.997373;232.66;226.23;6.517402;6.5;;99.7;0.997373;232.66;226.23;6.517402;6.5;;;;;;;;;;;;;;;;;;;;;;;;;;;;;;;;;;;;;;;;;;;
3;Sudeste;31;MG;Minas Gerais;3151800;Poços de Caldas;10732908.121;65547.68;9792526.335;59804.61;8526941.834;50206.33;78107.711;2045872.007;3824796.552;1073208.384;7021984.655;1504957.179;Demais serviços;Indústrias de transformação;Comércio e reparação de veículos automotores e motocicletas;8;True;83.7;0.842643;274.8;277.35;4.701011;4.0;;85.9;0.86344;283.15;286.5;4.955262;4.3;;89.6;0.894725;263.37;266.54;5.4985;4.9;;90.8;0.908748;264.13;268.23;5.539333;5.0;;95.4;0.954571;229.82;219.25;6.336294;6.0;;95.9;0.959609;228.89;218.16;6.298728;6.0;;91.1;0.911271;264.33;268.67;5.55;5.1;;99.7;0.996986;223.19;211.45;6.067949;6.0;;;;;;;;;;;;;;;;;;;;;;;;;;;;;
3;Sudeste;31;MG;Minas Gerais;3151909;Pocrane;151973.798;18200.45;145591.823;17436.15;121700.531;14683.94;32372.43;2762.299;39026.973;39306.146;113467.848;8232.682;Administração, defesa, educação e saúde públicas e seguridade social;Demais serviços;Pecuária, inclusive apoio à pecuária;6;True;93.1;0.931073;266.81;270.14;4.480858;4.2;;93.1;0.931073;266.81;270.14;4.480858;4.2;;94.3;0.937034;252.12;257.33;5.1575;4.8;;94.8;0.942817;252.12;257.33;5.1575;4.9;;;;;;;;;100.0;1.0;246.0;233.45;6.903255;6.9;;;;;;;;;100.0;1.0;246.0;233.45;6.903255;6.9;;;;;;;;;;;;;;;;;;;;;;;;;;;;;
3;Sudeste;31;MG;Minas Gerais;3152006;Pompéu;1229908.179;39614.4;1172244.44;37757.09;1170319.055;36291.21;266487.898;200156.928;428996.379;157213.685;1052854.89;117464.165;Demais serviços;Comércio e reparação de veículos automotores e motocicletas;Administração, defesa, educação e saúde públicas e seguridade social;8;True;83.0;0.837222;259.35;261.33;4.244196;3.6;;83.0;0.837222;259.35;261.33;4.244196;3.6;;93.5;0.933975;252.25;251.67;5.065333;4.7;;93.0;0.929232;249.78;250.14;4.998667;4.6;;99.8;0.997596;207.38;189.21;5.361868;5.3;;99.8;0.997599;221.1;201.86;5.8537;5.8;;90.5;0.902095;227.2;236.11;4.3885;4.0;;99.8;0.997168;243.68;222.66;6.662798;6.6;;;;;;;;;;;;;;;;;;;;;;;;;;;;;
3;Sudeste;31;MG;Minas Gerais;3152105;Ponte Nova;2594058.94;44898.56;2245067.129;38858.13;2142078.158;35699.52;41427.61;446309.015;1036389.929;306538.546;1830665.1;311413.058;Demais serviços;Indústrias de transformação;Administração, defesa, educação e saúde públicas e seguridade social;8;True;81.1;0.821053;272.41;276.73;4.658162;3.8;;83.9;0.847731;288.89;288.92;5.072108;4.3;;84.4;0.845574;235.11;242.34;4.624167;3.9;;81.5;0.815003;249.8;256.39;5.103167;4.2;;95.1;0.95027;227.02;223.66;6.363041;6.0;;96.3;0.963684;225.31;218.98;6.245316;6.0;;78.7;0.789801;268.04;273.83;5.697833;4.5;;99.4;0.993346;221.46;208.48;5.980934;5.9;;;;;;;;;;;;;;;;;;;;;;;;;;;;;
3;Sudeste;31;MG;Minas Gerais;3152131;Ponto Chique;63930.732;17061.84;53623.245;14310.98;52084.361;12098.57;6198.369;3149.215;14455.535;26263.709;50066.828;2017.533;Administração, defesa, educação e saúde públicas e seguridade social;Demais serviços;Pecuária, inclusive apoio à pecuária;4;True;;;;;;;;;;;;;;;85.2;0.856793;232.02;235.2;4.453667;3.8;;85.2;0.856793;232.02;235.2;4.453667;3.8;;100.0;1.0;207.41;206.81;5.682441;5.7;;100.0;1.0;207.41;206.81;5.682441;5.7;;;;;;;;;;;;;;;;;;;;;;;;;;;;;;;;;;;;;;;;;;;
3;Sudeste;31;MG;Minas Gerais;3152170;Ponto dos Volantes;149416.361;13729.34;129538.461;11902.83;122519.626;10013.86;9882.455;4674.395;40364.353;60478.333;115399.535;7120.091;Administração, defesa, educação e saúde públicas e seguridade social;Demais serviços;Comércio e reparação de veículos automotores e motocicletas;7;True;82.7;0.826232;264.47;262.22;4.32943;3.6;;82.7;0.826232;264.47;262.22;4.32943;3.6;;92.4;0.926446;244.46;247.01;4.857833;4.5;;98.3;0.983958;244.1;243.4;4.791667;4.7;;100.0;1.0;215.17;203.15;5.763987;5.8;;100.0;1.0;215.17;203.15;5.763987;5.8;;100.0;1.0;243.87;241.1;4.7495;4.7;;;;;;;;;;;;;;;;;;;;;;;;;;;;;;;;;;;;
3;Sudeste;31;MG;Minas Gerais;3152204;Porteirinha;625525.222;16708.3;526275.352;14057.25;526973.227;13932.61;94114.197;34201.004;190441.433;173947.087;492703.721;34269.506;Administração, defesa, educação e saúde públicas e seguridade social;Demais serviços;Agricultura, inclusive apoio à agricultura e a pós colheita;7;True;93.8;0.942092;258.31;258.37;4.185278;3.9;;94.7;0.949558;269.08;268.49;4.488039;4.3;;96.9;0.969126;261.48;265.7;5.453;5.3;;97.2;0.971431;261.48;265.7;5.453;5.3;;100.0;1.0;202.84;189.33;5.277409;5.3;;99.9;0.998596;228.75;219.83;6.32642;6.3;;;;;;;;;99.8;0.998194;230.04;221.35;6.378675;6.4;;;;;;;;;;;;;;;;;;;;;;;;;;;;;
3;Sudeste;31;MG;Minas Gerais;3152303;Porto Firme;151758.568;14358.84;143929.849;13618.11;130225.729;11409.3;24225.49;10997.361;37686.66;50896.451;123805.961;6419.768;Administração, defesa, educação e saúde públicas e seguridade social;Demais serviços;Agricultura, inclusive apoio à agricultura e a pós colheita;6;True;90.8;0.918664;270.43;267.09;4.486042;4.1;;90.8;0.918664;270.43;267.09;4.486042;4.1;;91.2;0.912153;242.21;241.36;4.726167;4.3;;91.2;0.912153;242.21;241.36;4.726167;4.3;;;;;;;;;100.0;1.0;236.93;222.49;6.53089;6.5;;;;;;;;;100.0;1.0;236.93;222.49;6.53089;6.5;;;;;;;;;;;;;;;;;;;;;;;;;;;;;
3;Sudeste;31;MG;Minas Gerais;3152402;Poté;213765.729;15642.16;175768.085;12861.71;168767.017;10120.96;18692.205;13362.613;55497.947;72679.571;160232.335;8534.682;Administração, defesa, educação e saúde públicas e seguridade social;Demais serviços;Pecuária, inclusive apoio à pecuária;8;True;90.3;0.905552;255.26;261.75;4.19304;3.8;;90.3;0.905552;255.26;261.75;4.19304;3.8;;90.8;0.909688;226.14;234.32;4.341;3.9;;92.5;0.924602;228.5;237.63;4.4355;4.1;;98.1;0.984506;201.72;196.45;5.385489;5.3;;98.9;0.989977;198.32;191.28;5.226604;5.2;;95.4;0.955546;235.63;247.65;4.721333;4.5;;100.0;1.0;191.37;180.74;4.902334;4.9;;;;;;;;;;;;;;;;;;;;;;;;;;;;;
3;Sudeste;31;MG;Minas Gerais;3152501;Pouso Alegre;14201205.978;93295.79;12476110.708;81965.36;10718150.481;69466.21;109543.122;2434994.973;5153858.548;807222.413;8505619.057;2212531.424;Demais serviços;Comércio e reparação de veículos automotores e motocicletas;Indústrias de transformação;8;True;88.6;0.892254;271.65;276.26;4.640452;4.1;;89.2;0.897243;278.56;281.99;4.823281;4.3;;89.9;0.899683;252.6;256.01;5.1435;4.6;;92.9;0.928786;256.48;256.27;5.2125;4.8;;98.1;0.981662;239.49;223.55;6.599018;6.5;;98.6;0.98593;236.1;220.25;6.474323;6.4;;94.5;0.945904;259.24;256.46;5.261667;5.0;;99.6;0.996391;229.29;213.62;6.223816;6.2;;;;;;;;;;;;;;;;;;;;;;;;;;;;;
3;Sudeste;31;MG;Minas Gerais;3152600;Pouso Alto;542608.928;82639.19;438624.077;66802.33;277394.563;47320.81;91199.29;42036.426;78790.644;34041.467;246067.827;31326.736;Pecuária, inclusive apoio à pecuária;Demais serviços;Indústrias de transformação;6;True;84.9;0.853639;277.63;276.01;4.720698;4.0;;84.9;0.853639;277.63;276.01;4.720698;4.0;;85.9;0.854226;253.26;262.24;5.258333;4.5;;85.9;0.854226;253.26;262.24;5.258333;4.5;;96.3;0.959954;232.42;214.34;6.29664;6.0;;96.3;0.959954;232.42;214.34;6.29664;6.0;;;;;;;;;;;;;;;;;;;;;;;;;;;;;;;;;;;;;;;;;;;
3;Sudeste;31;MG;Minas Gerais;3152709;Prados;257819.322;28494.62;225722.129;24947.18;229055.251;25093.7;44642.526;61141.832;64475.575;41840.213;212100.146;16955.105;Demais serviços;Administração, defesa, educação e saúde públicas e seguridade social;Indústrias de transformação;6;True;94.5;0.941588;300.73;290.61;5.263699;5.0;;94.5;0.941588;300.73;290.61;5.263699;5.0;;94.7;0.945577;276.72;269.36;5.768;5.5;;94.7;0.945577;276.72;269.36;5.768;5.5;;97.5;0.968586;248.49;233.62;6.953865;6.7;;97.5;0.968586;248.49;233.62;6.953865;6.7;;;;;;;;;;;;;;;;;;;;;;;;;;;;;;;;;;;;;;;;;;;
3;Sudeste;31;MG;Minas Gerais;3152808;Prata;1702674.77;60076.03;1565416.338;55233.09;1292807.344;45888.17;416406.323;168165.501;440463.114;147211.012;1172245.95;120561.394;Demais serviços;Agricultura, inclusive apoio à agricultura e a pós colheita;Pecuária, inclusive apoio à pecuária;6;True;84.5;0.853728;266.96;270.56;4.489252;3.8;;84.5;0.853728;266.96;270.56;4.489252;3.8;;97.7;0.975652;240.77;248.44;4.820167;4.7;;98.0;0.978993;241.48;249.42;4.848333;4.7;;99.8;0.998194;204.81;196.78;5.450459;5.4;;99.8;0.998194;204.81;196.78;5.450459;5.4;;;;;;;;;;;;;;;;;;;;;;;;;;;;;;;;;;;;;;;;;;;
3;Sudeste;31;MG;Minas Gerais;3152907;Pratápolis;249603.521;29693.5;246349.887;29306.43;228619.457;26801.81;59912.003;42671.583;70324.149;44749.446;217657.181;10962.276;Demais serviços;Agricultura, inclusive apoio à agricultura e a pós colheita;Administração, defesa, educação e saúde públicas e seguridade social;7;True;88.3;0.888922;266.21;274.17;4.53276;4.0;;88.3;0.888922;266.21;274.17;4.53276;4.0;;92.9;0.927837;262.2;261.53;5.3955;5.0;;92.9;0.927837;262.2;261.53;5.3955;5.0;;99.7;0.997168;221.3;210.88;6.021517;6.0;;99.8;0.99778;215.32;207.57;5.847213;5.8;;;;;;;;;100.0;1.0;191.71;194.46;5.158277;5.2;;;;;;;;;;;;;;;;;;;;;;;;;;;;;
3;Sudeste;31;MG;Minas Gerais;3153004;Pratinha;230172.432;64673.34;225218.409;63281.37;154717.678;42295.7;91852.344;6051.609;27035.721;22459.297;147398.971;7318.707;Agricultura, inclusive apoio à agricultura e a pós colheita;Pecuária, inclusive apoio à pecuária;Demais serviços;6;True;94.1;0.932428;275.18;265.55;4.529701;4.2;;94.1;0.932428;275.18;265.55;4.529701;4.2;;94.4;0.937839;245.38;250.65;4.933833;4.6;;94.4;0.937839;245.38;250.65;4.933833;4.6;;98.7;0.988931;220.58;209.43;5.981413;5.9;;98.7;0.988931;220.58;209.43;5.981413;5.9;;;;;;;;;;;;;;;;;;;;;;;;;;;;;;;;;;;;;;;;;;;
3;Sudeste;31;MG;Minas Gerais;3153103;Presidente Bernardes;80595.987;16617.73;78080.471;16099.07;67749.052;12746.76;16730.168;2958.902;18006.811;27628.034;65323.915;2425.137;Administração, defesa, educação e saúde públicas e seguridade social;Demais serviços;Agricultura, inclusive apoio à agricultura e a pós colheita;6;True;94.9;0.949715;283.88;277.49;4.830635;4.6;;94.9;0.949715;283.88;277.49;4.830635;4.6;;96.5;0.967077;261.23;254.77;5.266667;5.1;;96.5;0.967077;261.23;254.77;5.266667;5.1;;;;;;;;;99.1;0.988195;261.42;242.7;7.365711;7.3;;;;;;;;;98.6;0.981922;261.42;242.7;7.365711;7.2;;;;;;;;;;;;;;;;;;;;;;;;;;;;;
3;Sudeste;31;MG;Minas Gerais;3153202;Presidente Juscelino;62646.785;18079.88;54975.99;15866.09;49103.72;13746.84;12285.547;2011.97;10269.856;22217.713;46785.085;2318.634;Administração, defesa, educação e saúde públicas e seguridade social;Pecuária, inclusive apoio à pecuária;Demais serviços;4;True;;;;;;;;;;;;;;;89.7;0.904006;236.37;230.07;4.440667;4.0;;90.8;0.913436;236.37;230.07;4.440667;4.1;;100.0;1.0;228.89;211.84;6.183819;6.2;;100.0;1.0;228.89;211.84;6.183819;6.2;;;;;;;;;;;;;;;;;;;;;;;;;;;;;;;;;;;;;;;;;;;
3;Sudeste;31;MG;Minas Gerais;3153301;Presidente Kubitschek;45372.896;14774.63;40084.235;13052.5;36192.761;12064.25;2047.867;1008.198;10361.241;21608.421;35025.728;1167.033;Administração, defesa, educação e saúde públicas e seguridade social;Demais serviços;Comércio e reparação de veículos automotores e motocicletas;6;True;90.7;0.904197;257.6;255.42;4.131144;3.7;;90.7;0.904197;257.6;255.42;4.131144;3.7;;98.4;0.984902;249.41;254.34;5.0625;5.0;;98.4;0.984902;249.41;254.34;5.0625;5.0;;100.0;1.0;228.69;201.36;5.989457;6.0;;100.0;1.0;228.69;201.36;5.989457;6.0;;;;;;;;;;;;;;;;;;;;;;;;;;;;;;;;;;;;;;;;;;;
3;Sudeste;31;MG;Minas Gerais;3153400;Presidente Olegário;904882.533;48221.82;907953.001;48385.45;731424.966;37165.9;382699.221;30405.156;178403.648;103855.254;695363.279;36061.688;Agricultura, inclusive apoio à agricultura e a pós colheita;Demais serviços;Administração, defesa, educação e saúde públicas e seguridade social;7;True;87.0;0.873735;281.07;282.95;4.872905;4.3;;87.0;0.873735;281.07;282.95;4.872905;4.3;;95.4;0.954753;266.98;269.17;5.6025;5.3;;93.9;0.938795;279.22;279.24;5.974333;5.6;;100.0;1.0;232.24;217.28;6.346659;6.3;;100.0;1.0;232.24;217.28;6.346659;6.3;;93.2;0.934964;289.08;287.36;6.274;5.9;;;;;;;;;;;;;;;;;;;;;;;;;;;;;;;;;;;;
3;Sudeste;31;MG;Minas Gerais;3153509;Alto Jequitibá;160652.947;19132.18;163818.425;19509.16;125572.56;15154.79;33627.178;6015.67;39857.417;39276.562;118776.827;6795.733;Administração, defesa, educação e saúde públicas e seguridade social;Agricultura, inclusive apoio à agricultura e a pós colheita;Demais serviços;4;True;82.5;0.838444;263.53;268.14;4.40485;3.7;;82.5;0.838444;263.53;268.14;4.40485;3.7;;91.3;0.913063;237.68;243.36;4.684;4.3;;91.3;0.913063;237.68;243.36;4.684;4.3;;;;;;;;;;;;;;;;;;;;;;;;;;;;;;;;;;;;;;;;;;;;;;;;;;;;;;;;;
3;Sudeste;31;MG;Minas Gerais;3153608;Prudente de Morais;333022.234;29044.33;265396.175;23146.36;203095.72;18579.79;3364.552;50817.881;70161.036;51889.195;176232.664;26863.056;Administração, defesa, educação e saúde públicas e seguridade social;Demais serviços;Indústrias de transformação;8;True;82.5;0.836281;257.37;257.47;4.158603;3.5;;82.5;0.836281;257.37;257.47;4.158603;3.5;;87.7;0.877692;234.92;236.58;4.525;4.0;;88.3;0.881696;236.08;242.12;4.636667;4.1;;98.4;0.985035;207.21;198.53;5.528078;5.4;;98.9;0.989927;206.58;194.91;5.450237;5.4;;89.6;0.901426;240.85;264.99;5.097333;4.6;;100.0;1.0;205.32;187.74;5.295828;5.3;;;;;;;;;;;;;;;;;;;;;;;;;;;;;
3;Sudeste;31;MG;Minas Gerais;3153707;Quartel Geral;89894.292;28277.54;81850.272;25747.18;77606.466;21539.4;30618.251;2700.882;18085.319;22615.602;74020.053;3586.413;Administração, defesa, educação e saúde públicas e seguridade social;Pecuária, inclusive apoio à pecuária;Demais serviços;6;True;93.9;0.947892;261.0;263.48;4.299556;4.1;;93.9;0.947892;261.0;263.48;4.299556;4.1;;;;;;;;;97.0;0.972237;269.33;279.65;5.816333;5.7;;100.0;1.0;240.44;232.28;6.775875;6.8;;100.0;1.0;240.44;232.28;6.775875;6.8;;97.0;0.972237;269.33;279.65;5.816333;5.7;;;;;;;;;;;;;;;;;;;;;;;;;;;;;;;;;;;;
3;Sudeste;31;MG;Minas Gerais;3153806;Queluzito;51169.239;28909.17;46584.721;26319.05;40046.217;20557.61;13224.366;1025.185;9453.852;15172.645;38876.048;1170.17;Administração, defesa, educação e saúde públicas e seguridade social;Demais serviços;Pecuária, inclusive apoio à pecuária;4;True;;;;;;;;;;;;;;;95.5;0.953009;261.33;273.0;5.572167;5.3;;95.5;0.953009;261.33;273.0;5.572167;5.3;;100.0;1.0;247.34;244.99;7.138645;7.1;;100.0;1.0;247.34;244.99;7.138645;7.1;;;;;;;;;;;;;;;;;;;;;;;;;;;;;;;;;;;;;;;;;;;
3;Sudeste;31;MG;Minas Gerais;3153905;Raposos;232669.301;14292.6;293689.144;18040.98;193683.706;11737.7;325.747;43354.47;64536.141;75336.925;183553.282;10130.424;Administração, defesa, educação e saúde públicas e seguridade social;Demais serviços;Indústrias extrativas;6;True;87.0;0.873644;271.3;272.0;4.571764;4.0;;87.0;0.873644;271.3;272.0;4.571764;4.0;;94.3;0.941887;244.16;258.15;5.0385;4.7;;94.3;0.941887;244.16;258.15;5.0385;4.7;;98.5;0.984851;224.27;210.86;6.077833;6.0;;98.5;0.984851;224.27;210.86;6.077833;6.0;;;;;;;;;;;;;;;;;;;;;;;;;;;;;;;;;;;;;;;;;;;
3;Sudeste;31;MG;Minas Gerais;3154002;Raul Soares;497923.077;21257.87;455337.113;19439.74;423329.981;17889.95;93729.329;26842.283;161702.667;114701.465;396975.745;26354.236;Demais serviços;Administração, defesa, educação e saúde públicas e seguridade social;Agricultura, inclusive apoio à agricultura e a pós colheita;8;True;95.3;0.954883;274.45;275.81;4.673041;4.5;;95.3;0.954883;274.45;275.81;4.673041;4.5;;97.1;0.970714;245.19;245.23;4.840333;4.7;;96.5;0.964354;260.16;259.29;5.324167;5.1;;93.3;0.933109;249.67;229.1;6.894202;6.4;;96.0;0.959895;239.66;222.64;6.585717;6.3;;94.9;0.949197;296.26;293.19;6.490833;6.2;;99.8;0.998187;231.2;217.18;6.324994;6.3;;;;;;;;;;;;;;;;;;;;;;;;;;;;;
3;Sudeste;31;MG;Minas Gerais;3154101;Recreio;152511.38;13855.85;128928.463;11713.32;123246.546;11713.22;12692.77;2613.682;47093.498;54351.137;116751.087;6495.459;Administração, defesa, educação e saúde públicas e seguridade social;Demais serviços;Pecuária, inclusive apoio à pecuária;7;True;93.9;0.935342;263.12;266.99;4.381876;4.1;;93.9;0.935342;263.12;266.99;4.381876;4.1;;77.5;0.793819;228.63;236.15;4.413;3.5;;96.6;0.968893;241.79;238.89;4.678;4.5;;96.6;0.969374;207.14;195.6;5.47347;5.3;;97.2;0.972836;207.14;195.6;5.47347;5.3;;99.0;0.991541;243.96;239.35;4.721833;4.7;;;;;;;;;;;;;;;;;;;;;;;;;;;;;;;;;;;;
3;Sudeste;31;MG;Minas Gerais;3154150;Reduto;131257.13;16724.91;155354.533;19795.43;121181.924;16721.67;30321.775;8841.02;39041.16;37101.31;115305.265;5876.659;Administração, defesa, educação e saúde públicas e seguridade social;Demais serviços;Agricultura, inclusive apoio à agricultura e a pós colheita;4;True;;;;;;;;;;;;;;;93.3;0.932936;245.64;252.96;4.976667;4.6;;93.3;0.932936;245.64;252.96;4.976667;4.6;;96.6;0.965343;223.63;209.4;6.039074;5.8;;97.0;0.969683;223.63;209.4;6.039074;5.9;;;;;;;;;;;;;;;;;;;;;;;;;;;;;;;;;;;;;;;;;;;
3;Sudeste;31;MG;Minas Gerais;3154200;Resende Costa;243888.248;21717.56;214697.517;19118.21;207472.971;17919.59;48273.303;18122.792;76477.26;51802.856;194676.211;12796.761;Demais serviços;Administração, defesa, educação e saúde públicas e seguridade social;Pecuária, inclusive apoio à pecuária;6;True;82.0;0.832118;279.88;276.48;4.759335;4.0;;84.8;0.857807;282.81;278.24;4.826834;4.1;;81.0;0.788421;249.96;253.29;5.054167;4.0;;80.9;0.798712;249.96;253.29;5.054167;4.0;;97.6;0.977114;236.73;223.02;6.53671;6.4;;97.6;0.977114;236.73;223.02;6.53671;6.4;;;;;;;;;;;;;;;;;;;;;;;;;;;;;;;;;;;;;;;;;;;
3;Sudeste;31;MG;Minas Gerais;3154309;Resplendor;376309.281;21845.42;360256.182;20913.51;277790.153;15968.62;27867.675;16686.116;124566.195;90894.821;260014.807;17775.346;Demais serviços;Administração, defesa, educação e saúde públicas e seguridade social;Comércio e reparação de veículos automotores e motocicletas;7;True;85.9;0.863564;259.53;260.57;4.235347;3.7;;85.9;0.863564;259.53;260.57;4.235347;3.7;;90.9;0.908541;241.74;243.88;4.760333;4.3;;88.8;0.88734;244.43;251.75;4.936333;4.4;;95.2;0.949303;217.01;205.66;5.844738;5.5;;95.5;0.953099;217.01;205.66;5.844738;5.6;;87.8;0.877357;246.04;256.44;5.041333;4.4;;;;;;;;;;;;;;;;;;;;;;;;;;;;;;;;;;;;
3;Sudeste;31;MG;Minas Gerais;3154408;Ressaquinha;507031.621;111484.53;451721.135;99323.03;372865.782;77261.87;31408.538;160670.572;95180.481;32512.232;319771.823;53093.959;Indústrias de transformação;Demais serviços;Administração, defesa, educação e saúde públicas e seguridade social;4;True;;;;;;;;;;;;;;;;;;;;;;98.0;0.976159;242.66;245.11;4.796167;4.7;;100.0;1.0;221.76;209.97;6.01375;6.0;;100.0;1.0;221.76;209.97;6.01375;6.0;;98.0;0.976159;242.66;245.11;4.796167;4.7;;;;;;;;;;;;;;;;;;;;;;;;;;;;;;;;;;;;
3;Sudeste;31;MG;Minas Gerais;3154457;Riachinho;187878.471;27375.56;166414.668;24248.09;157241.596;19336.15;66588.68;4471.475;40149.34;40534.978;151744.472;5497.124;Agricultura, inclusive apoio à agricultura e a pós colheita;Administração, defesa, educação e saúde públicas e seguridade social;Demais serviços;6;True;98.1;0.979365;253.88;249.18;3.985484;3.9;;98.1;0.979365;253.88;249.18;3.985484;3.9;;97.7;0.973526;227.05;217.83;4.081333;4.0;;97.7;0.973526;227.05;217.83;4.081333;4.0;;98.5;0.984088;205.34;200.28;5.52421;5.4;;98.7;0.986115;205.34;200.28;5.52421;5.4;;;;;;;;;;;;;;;;;;;;;;;;;;;;;;;;;;;;;;;;;;;
3;Sudeste;31;MG;Minas Gerais;3154507;Riacho dos Machados;301729.817;34459.78;247901.619;28312.2;532552.056;56229.76;47609.484;322182.498;84269.729;53552.674;507614.384;24937.672;Indústrias extrativas;Demais serviços;Administração, defesa, educação e saúde públicas e seguridade social;7;True;95.7;0.95901;254.69;255.25;4.087729;3.9;;95.7;0.95901;254.69;255.25;4.087729;3.9;;98.8;0.987552;251.53;248.0;4.992167;4.9;;99.4;0.99389;249.43;245.15;4.909667;4.9;;100.0;1.0;219.28;216.95;6.093331;6.1;;100.0;1.0;219.28;216.95;6.093331;6.1;;99.5;0.995181;248.76;244.24;4.883333;4.9;;;;;;;;;;;;;;;;;;;;;;;;;;;;;;;;;;;;
3;Sudeste;31;MG;Minas Gerais;3154606;Ribeirão das Neves;6336695.364;19214.1;5754238.506;17447.98;5180189.078;15172.71;4917.692;647329.987;2325895.829;1460099.218;4438242.726;741946.352;Administração, defesa, educação e saúde públicas e seguridade social;Demais serviços;Comércio e reparação de veículos automotores e motocicletas;8;True;83.7;0.844661;259.68;266.93;4.332663;3.7;;84.1;0.848376;262.09;269.07;4.398548;3.7;;88.8;0.888029;234.42;240.63;4.584167;4.1;;90.3;0.902819;234.16;240.03;4.569833;4.1;;100.0;1.0;203.39;197.48;5.436087;5.4;;99.9;0.9994;205.81;199.4;5.517179;5.5;;100.0;1.0;232.32;235.86;4.469667;4.5;;99.7;0.996593;215.11;206.76;5.828478;5.8;;;;;;;;;;;;;;;;;;;;;;;;;;;;;
3;Sudeste;31;MG;Minas Gerais;3154705;Ribeirão Vermelho;132863.042;32564.47;127369.81;31218.09;105345.881;25940.87;9974.223;6150.499;55581.659;23884.533;95590.915;9754.966;Demais serviços;Administração, defesa, educação e saúde públicas e seguridade social;Comércio e reparação de veículos automotores e motocicletas;4;True;;;;;;;;;;;;;;;86.7;0.863263;249.33;250.9;5.003833;4.3;;86.7;0.863263;249.33;250.9;5.003833;4.3;;98.6;0.984587;239.15;219.83;6.524893;6.4;;98.6;0.984587;239.15;219.83;6.524893;6.4;;;;;;;;;;;;;;;;;;;;;;;;;;;;;;;;;;;;;;;;;;;
3;Sudeste;31;MG;Minas Gerais;3154804;Rio Acima;260362.073;25373.95;262637.074;25595.66;472402.325;44888.1;771.925;270310.038;119147.288;70854.778;461084.029;11318.296;Indústrias extrativas;Demais serviços;Administração, defesa, educação e saúde públicas e seguridade social;6;True;78.0;0.799916;252.72;264.47;4.198084;3.4;;78.0;0.799916;252.72;264.47;4.198084;3.4;;;;;;;;;87.7;0.882438;226.32;229.32;4.260667;3.8;;95.5;0.953274;215.78;212.32;5.942355;5.7;;95.5;0.953274;215.78;212.32;5.942355;5.7;;86.2;0.867894;229.21;230.57;4.329667;3.8;;;;;;;;;;;;;;;;;;;;;;;;;;;;;;;;;;;;
3;Sudeste;31;MG;Minas Gerais;3154903;Rio Casca;277814.295;21722.91;256593.07;20063.58;237323.754;17731.9;32761.013;11512.374;106749.712;70246.009;221269.107;16054.647;Demais serviços;Administração, defesa, educação e saúde públicas e seguridade social;Comércio e reparação de veículos automotores e motocicletas;7;True;79.7;0.801471;271.55;282.64;4.734556;3.8;;79.7;0.801471;271.55;282.64;4.734556;3.8;;87.5;0.873452;221.19;222.79;4.066333;3.6;;74.7;0.748458;250.26;247.71;4.966167;3.7;;93.5;0.935882;218.26;196.53;5.702593;5.3;;93.5;0.935882;218.26;196.53;5.702593;5.3;;73.7;0.740689;258.1;254.43;5.208833;3.9;;;;;;;;;;;;;;;;;;;;;;;;;;;;;;;;;;;;
3;Sudeste;31;MG;Minas Gerais;3155009;Rio Doce;107640.771;43333.64;61822.027;24888.09;51851.31;19715.33;4416.975;7239.594;12926.962;21955.816;46539.347;5311.962;Administração, defesa, educação e saúde públicas e seguridade social;Demais serviços;Construção;6;True;97.6;0.974339;259.86;275.87;4.469024;4.4;;97.6;0.974339;259.86;275.87;4.469024;4.4;;97.7;0.975584;248.95;245.17;4.902;4.8;;97.7;0.975584;248.95;245.17;4.902;4.8;;96.1;0.958784;253.4;222.37;6.843022;6.6;;96.1;0.958784;253.4;222.37;6.843022;6.6;;;;;;;;;;;;;;;;;;;;;;;;;;;;;;;;;;;;;;;;;;;
3;Sudeste;31;MG;Minas Gerais;3155108;Rio do Prado;68107.378;14681.48;59990.592;12931.79;52654.169;10290.05;6248.56;896.009;16135.879;27177.451;50457.899;2196.27;Administração, defesa, educação e saúde públicas e seguridade social;Demais serviços;Pecuária, inclusive apoio à pecuária;6;True;85.4;0.857913;257.56;257.42;4.160523;3.6;;85.4;0.857913;257.56;257.42;4.160523;3.6;;92.8;0.933064;229.84;234.14;4.399667;4.1;;91.3;0.90709;229.84;234.14;4.399667;4.0;;;;;;;;;100.0;1.0;219.85;184.15;5.507845;5.5;;;;;;;;;100.0;1.0;219.85;184.15;5.507845;5.5;;;;;;;;;;;;;;;;;;;;;;;;;;;;;
3;Sudeste;31;MG;Minas Gerais;3155207;Rio Espera;75489.424;13904.85;64423.438;11866.54;59583.143;11174.63;13513.708;1646.939;16404.589;26055.226;57620.461;1962.682;Administração, defesa, educação e saúde públicas e seguridade social;Demais serviços;Pecuária, inclusive apoio à pecuária;6;True;95.2;0.934389;282.4;275.91;4.786196;4.5;;95.2;0.934389;282.4;275.91;4.786196;4.5;;97.8;0.977962;265.17;265.24;5.506833;5.4;;97.8;0.977962;265.17;265.24;5.506833;5.4;;;;;;;;;100.0;1.0;260.63;232.54;7.165908;7.2;;;;;;;;;100.0;1.0;260.63;232.54;7.165908;7.2;;;;;;;;;;;;;;;;;;;;;;;;;;;;;
3;Sudeste;31;MG;Minas Gerais;3155306;Rio Manso;138278.888;24834.57;124134.049;22294.19;113750.292;19201.6;20079.406;7795.319;46168.816;29971.698;104015.239;9735.053;Administração, defesa, educação e saúde públicas e seguridade social;Demais serviços;Comércio e reparação de veículos automotores e motocicletas;6;True;88.4;0.898219;278.09;277.1;4.743476;4.3;;88.4;0.898219;278.09;277.1;4.743476;4.3;;91.1;0.90875;255.59;252.74;5.138833;4.7;;91.1;0.90875;255.59;252.74;5.138833;4.7;;98.5;0.985326;235.55;223.48;6.522554;6.4;;98.5;0.985326;235.55;223.48;6.522554;6.4;;;;;;;;;;;;;;;;;;;;;;;;;;;;;;;;;;;;;;;;;;;
3;Sudeste;31;MG;Minas Gerais;3155405;Rio Novo;143555.841;16853.23;129338.037;15184.09;120045.415;13391.95;9881.58;7898.052;51007.259;43714.644;112501.536;7543.879;Administração, defesa, educação e saúde públicas e seguridade social;Demais serviços;Comércio e reparação de veículos automotores e motocicletas;6;True;71.3;0.710323;295.26;268.03;4.848849;3.4;;71.3;0.710323;295.26;268.03;4.848849;3.4;;84.4;0.841407;235.29;233.58;4.481167;3.8;;84.4;0.841407;235.29;233.58;4.481167;3.8;;97.1;0.968246;197.91;184.31;5.092052;4.9;;97.1;0.968246;197.91;184.31;5.092052;4.9;;;;;;;;;;;;;;;;;;;;;;;;;;;;;;;;;;;;;;;;;;;
3;Sudeste;31;MG;Minas Gerais;3155504;Rio Paranaíba;1148100.508;79004.99;1106499.39;76142.26;906411.869;73358.03;539565.013;41461.315;210705.887;70697.753;862429.967;43981.901;Agricultura, inclusive apoio à agricultura e a pós colheita;Demais serviços;Pecuária, inclusive apoio à pecuária;7;True;80.0;0.812318;275.2;280.2;4.749294;3.9;;80.0;0.812318;275.2;280.2;4.749294;3.9;;96.1;0.961849;267.55;271.22;5.646167;5.4;;97.3;0.972554;265.33;272.33;5.627667;5.5;;99.4;0.993594;215.91;199.07;5.703927;5.7;;99.4;0.993594;215.91;199.07;5.703927;5.7;;97.9;0.976376;263.94;273.03;5.616167;5.5;;;;;;;;;;;;;;;;;;;;;;;;;;;;;;;;;;;;
3;Sudeste;31;MG;Minas Gerais;3155603;Rio Pardo de Minas;404312.283;14301.31;358041.278;12664.61;345428.279;11081.72;84507.478;10191.831;90688.327;145903.031;331290.667;14137.612;Administração, defesa, educação e saúde públicas e seguridade social;Demais serviços;Produção florestal, pesca e aquicultura;8;True;92.2;0.92233;264.82;269.7;4.446321;4.1;;92.2;0.92233;264.82;269.7;4.446321;4.1;;97.4;0.973936;258.2;265.66;5.397667;5.3;;97.7;0.977432;248.87;255.61;5.074667;5.0;;99.9;0.999197;224.93;208.82;6.053337;6.0;;99.8;0.998194;233.33;218.76;6.39437;6.4;;98.3;0.983055;222.37;227.09;4.157667;4.1;;99.6;0.995771;254.52;243.83;7.254577;7.2;;;;;;;;;;;;;;;;;;;;;;;;;;;;;
3;Sudeste;31;MG;Minas Gerais;3155702;Rio Piracicaba;270260.63;18471.78;270392.958;18480.83;1339655.886;93518.74;22346.52;937159.26;274220.306;77880.04;1311606.126;28049.76;Indústrias extrativas;Demais serviços;Administração, defesa, educação e saúde públicas e seguridade social;8;True;94.3;0.948551;279.35;282.49;4.841862;4.6;;94.3;0.948551;279.35;282.49;4.841862;4.6;;98.1;0.979585;266.46;262.25;5.4785;5.4;;97.4;0.973023;269.46;267.98;5.624;5.5;;99.8;0.998187;248.45;236.62;7.007647;7.0;;99.9;0.998794;246.41;233.73;6.91617;6.9;;97.0;0.964189;272.21;273.22;5.757167;5.6;;100.0;1.0;239.6;224.08;6.610754;6.6;;;;;;;;;;;;;;;;;;;;;;;;;;;;;
3;Sudeste;31;MG;Minas Gerais;3155801;Rio Pomba;574081.312;32911.85;468545.114;26861.5;417244.335;23171.23;19884.285;74435.73;193787.226;82251.171;370358.413;46885.923;Demais serviços;Administração, defesa, educação e saúde públicas e seguridade social;Indústrias de transformação;3;True;;;;;;;;80.8;0.812274;299.04;301.61;5.404634;4.4;;;;;;;;;;;;;;;;98.4;0.985169;241.19;221.04;6.585824;6.5;;98.4;0.985169;241.19;221.04;6.585824;6.5;;;;;;;;;;;;;;;;;;;;;;;;;;;;;;;;;;;;;;;;;;;
3;Sudeste;31;MG;Minas Gerais;3155900;Rio Preto;82690.003;16084.42;75066.121;14601.46;69135.36;12586.08;6727.35;3615.253;27183.317;28338.18;65864.1;3271.26;Administração, defesa, educação e saúde públicas e seguridade social;Demais serviços;Pecuária, inclusive apoio à pecuária;6;True;84.8;0.83204;278.83;299.69;5.092043;4.2;;84.8;0.83204;278.83;299.69;5.092043;4.2;;;;;;;;;80.6;0.785373;255.26;255.35;5.176833;4.1;;87.3;0.875415;219.34;212.74;6.017931;5.3;;87.3;0.875415;219.34;212.74;6.017931;5.3;;80.6;0.785373;255.26;255.35;5.176833;4.1;;;;;;;;;;;;;;;;;;;;;;;;;;;;;;;;;;;;
3;Sudeste;31;MG;Minas Gerais;3156007;Rio Vermelho;177449.682;14037.63;153615.549;12155.05;140756.775;11140.23;30867.471;3283.607;44392.551;56352.934;134896.563;5860.213;Administração, defesa, educação e saúde públicas e seguridade social;Demais serviços;Pecuária, inclusive apoio à pecuária;6;True;92.9;0.931506;255.59;253.29;4.071028;3.8;;92.9;0.931506;255.59;253.29;4.071028;3.8;;89.8;0.897068;237.34;231.85;4.4865;4.0;;91.4;0.914776;237.34;231.85;4.4865;4.1;;;;;;;;;100.0;1.0;232.62;216.8;6.345184;6.3;;;;;;;;;100.0;1.0;232.62;216.8;6.345184;6.3;;;;;;;;;;;;;;;;;;;;;;;;;;;;;
3;Sudeste;31;MG;Minas Gerais;3156106;Ritápolis;124811.296;24992.25;97197.453;19462.85;90330.223;19980.14;24709.415;12533.985;25579.478;23622.661;86445.539;3884.684;Administração, defesa, educação e saúde públicas e seguridade social;Demais serviços;Pecuária, inclusive apoio à pecuária;6;True;94.4;0.947614;288.32;291.96;5.109611;4.8;;94.4;0.947614;288.32;291.96;5.109611;4.8;;92.5;0.926625;262.99;267.5;5.508167;5.1;;92.5;0.926625;262.99;267.5;5.508167;5.1;;98.7;0.986471;255.26;233.35;7.078154;7.0;;98.7;0.986471;255.26;233.35;7.078154;7.0;;;;;;;;;;;;;;;;;;;;;;;;;;;;;;;;;;;;;;;;;;;
3;Sudeste;31;MG;Minas Gerais;3156205;Rochedo de Minas;187590.866;81881.65;144754.206;63183.85;114660.416;49105.1;3476.338;47709.759;31543.575;15914.288;98643.959;16016.457;Indústrias de transformação;Demais serviços;Administração, defesa, educação e saúde públicas e seguridade social;6;True;84.1;0.847246;253.07;265.63;4.220365;3.6;;84.1;0.847246;253.07;265.63;4.220365;3.6;;;;;;;;;86.3;0.858455;270.4;276.66;5.784333;5.0;;93.0;0.918241;215.31;201.62;5.73884;5.3;;93.0;0.918241;215.31;201.62;5.73884;5.3;;86.3;0.858455;270.4;276.66;5.784333;5.0;;;;;;;;;;;;;;;;;;;;;;;;;;;;;;;;;;;;
3;Sudeste;31;MG;Minas Gerais;3156304;Rodeiro;704898.148;81359.44;545499.33;62961.6;544656.187;65361.36;40904.01;291994.886;105533.027;41187.124;479619.046;65037.141;Indústrias de transformação;Demais serviços;Administração, defesa, educação e saúde públicas e seguridade social;6;True;86.2;0.867043;283.44;285.01;4.93703;4.3;;86.2;0.867043;283.44;285.01;4.93703;4.3;;90.4;0.904673;254.84;256.0;5.180667;4.7;;90.4;0.904673;254.84;256.0;5.180667;4.7;;99.3;0.992798;241.16;224.5;6.648161;6.6;;99.3;0.992798;241.16;224.5;6.648161;6.6;;;;;;;;;;;;;;;;;;;;;;;;;;;;;;;;;;;;;;;;;;;
3;Sudeste;31;MG;Minas Gerais;3156403;Romaria;288148.365;85099.93;364666.752;107698.39;271626.759;77452.74;182797.404;16075.333;43065.666;22042.789;263981.192;7645.567;Agricultura, inclusive apoio à agricultura e a pós colheita;Demais serviços;Administração, defesa, educação e saúde públicas e seguridade social;6;True;100.0;1.0;263.9;274.76;4.509149;4.5;;100.0;1.0;263.9;274.76;4.509149;4.5;;99.4;0.993371;255.46;246.99;5.040833;5.0;;99.4;0.993371;255.46;246.99;5.040833;5.0;;98.9;0.988191;227.66;205.9;6.052346;6.0;;98.9;0.988191;227.66;205.9;6.052346;6.0;;;;;;;;;;;;;;;;;;;;;;;;;;;;;;;;;;;;;;;;;;;
3;Sudeste;31;MG;Minas Gerais;3156452;Rosário da Limeira;90798.137;19180.0;85498.01;18060.42;67723.314;14570.42;8742.273;3181.781;22387.316;29169.524;63480.892;4242.422;Administração, defesa, educação e saúde públicas e seguridade social;Demais serviços;Comércio e reparação de veículos automotores e motocicletas;6;True;85.0;0.846515;268.6;269.96;4.503304;3.8;;85.0;0.846515;268.6;269.96;4.503304;3.8;;;;;;;;;95.6;0.957823;265.91;262.05;5.466;5.2;;100.0;1.0;239.31;230.74;6.72631;6.7;;100.0;1.0;239.31;230.74;6.72631;6.7;;95.6;0.957823;265.91;262.05;5.466;5.2;;;;;;;;;;;;;;;;;;;;;;;;;;;;;;;;;;;;
3;Sudeste;31;MG;Minas Gerais;3156502;Rubelita;85774.927;15103.88;73491.933;12941.0;80083.742;14277.72;10701.716;15602.703;17740.777;33630.229;77675.424;2408.318;Administração, defesa, educação e saúde públicas e seguridade social;Demais serviços;Indústrias extrativas;6;True;94.4;0.936951;245.96;230.5;3.594607;3.4;;94.4;0.936951;245.96;230.5;3.594607;3.4;;96.2;0.96366;227.27;224.52;4.1965;4.0;;96.2;0.96366;227.27;224.52;4.1965;4.0;;100.0;1.0;213.29;199.84;5.667927;5.7;;100.0;1.0;213.29;199.84;5.667927;5.7;;;;;;;;;;;;;;;;;;;;;;;;;;;;;;;;;;;;;;;;;;;
3;Sudeste;31;MG;Minas Gerais;3156601;Rubim;139214.136;13518.56;123943.681;12035.7;111693.119;10876.73;12999.427;3582.813;35584.351;55781.457;107948.048;3745.071;Administração, defesa, educação e saúde públicas e seguridade social;Demais serviços;Pecuária, inclusive apoio à pecuária;7;True;86.7;0.868088;245.5;241.45;3.752069;3.3;;86.7;0.868088;245.5;241.45;3.752069;3.3;;98.4;0.972973;261.49;261.19;5.378;5.2;;95.9;0.960107;250.39;247.92;4.971833;4.8;;98.1;0.982678;199.19;181.02;5.056661;5.0;;98.1;0.982678;199.19;181.02;5.056661;5.0;;95.5;0.956453;247.96;245.02;4.883;4.7;;;;;;;;;;;;;;;;;;;;;;;;;;;;;;;;;;;;
3;Sudeste;31;MG;Minas Gerais;3156700;Sabará;3837192.206;29658.31;3934173.849;30409.78;4201931.68;30475.94;3156.002;1845745.119;1400549.748;602782.961;3852233.829;349697.851;Demais serviços;Indústrias extrativas;Indústrias de transformação;7;True;86.2;0.867059;258.5;270.15;4.364294;3.8;;86.9;0.873972;270.58;278.47;4.658508;4.1;;89.7;0.896591;241.1;243.89;4.749833;4.3;;93.1;0.930679;245.65;249.85;4.925;4.6;;98.9;0.988688;221.56;214.66;6.095206;6.0;;98.9;0.988688;221.56;214.66;6.095206;6.0;;97.8;0.978215;252.54;258.9;5.190667;5.1;;;;;;;;;;;;;;;;;;;;;;;;;;;;;;;;;;;;
3;Sudeste;31;MG;Minas Gerais;3156809;Sabinópolis;415038.365;29145.95;309137.166;21709.07;334726.643;21786.43;42775.98;107386.69;101974.637;69796.966;321934.273;12792.369;Indústrias extrativas;Demais serviços;Administração, defesa, educação e saúde públicas e seguridade social;7;True;84.2;0.846573;253.47;259.37;4.132271;3.5;;84.2;0.846573;253.47;259.37;4.132271;3.5;;91.7;0.916021;234.2;234.15;4.4725;4.1;;91.7;0.916021;234.2;234.15;4.4725;4.1;;100.0;1.0;190.08;189.43;5.035715;5.0;;100.0;1.0;225.4;213.66;6.150307;6.2;;;;;;;;;100.0;1.0;236.34;221.16;6.495449;6.5;;;;;;;;;;;;;;;;;;;;;;;;;;;;;
3;Sudeste;31;MG;Minas Gerais;3156908;Sacramento;2387149.527;89506.92;2139747.753;80230.51;2090841.083;78733.28;687267.02;436638.984;615035.212;175197.677;1914138.893;176702.19;Agricultura, inclusive apoio à agricultura e a pós colheita;Demais serviços;Eletricidade e gás, água, esgoto, atividades de gestão de resíduos e descontaminação;8;True;80.4;0.809563;280.74;274.04;4.734887;3.8;;80.4;0.809563;280.74;274.04;4.734887;3.8;;88.8;0.888941;254.36;252.7;5.117667;4.5;;89.9;0.899306;254.57;253.7;5.137833;4.6;;99.4;0.994555;220.51;207.1;5.937713;5.9;;99.5;0.995368;223.85;208.17;6.020908;6.0;;92.6;0.925738;255.43;257.93;5.222667;4.8;;100.0;1.0;234.59;211.59;6.288052;6.3;;;;;;;;;;;;;;;;;;;;;;;;;;;;;
3;Sudeste;31;MG;Minas Gerais;3157005;Salinas;903694.482;22492.27;791733.845;19705.66;667282.456;15939.29;27608.563;62009.728;317353.958;197668.723;604640.973;62641.483;Demais serviços;Administração, defesa, educação e saúde públicas e seguridade social;Comércio e reparação de veículos automotores e motocicletas;7;True;89.2;0.899027;260.19;253.57;4.139826;3.7;;91.9;0.922952;272.43;272.64;4.597215;4.2;;97.7;0.977926;247.72;248.04;4.929333;4.8;;97.8;0.978434;247.72;248.04;4.929333;4.8;;100.0;1.0;221.88;209.58;6.008949;6.0;;100.0;0.999599;223.32;209.77;6.039885;6.0;;;;;;;;;99.3;0.993221;245.9;212.74;6.524801;6.5;;;;;;;;;;;;;;;;;;;;;;;;;;;;;
3;Sudeste;31;MG;Minas Gerais;3157104;Salto da Divisa;118710.428;19428.88;117452.295;19222.96;132014.548;18821.58;14582.795;38657.785;33563.83;40453.35;127257.76;4756.788;Administração, defesa, educação e saúde públicas e seguridade social;Indústrias extrativas;Demais serviços;6;True;71.7;0.730611;254.9;254.82;4.084241;3.0;;71.7;0.730611;254.9;254.82;4.084241;3.0;;87.4;0.876116;239.19;243.12;4.705167;4.1;;87.4;0.876116;239.19;243.12;4.705167;4.1;;98.1;0.97994;191.95;181.04;4.918857;4.8;;98.1;0.97994;191.95;181.04;4.918857;4.8;;;;;;;;;;;;;;;;;;;;;;;;;;;;;;;;;;;;;;;;;;;
3;Sudeste;31;MG;Minas Gerais;3157203;Santa Bárbara;1019088.443;33450.02;1152729.889;37836.6;1628347.376;51088.61;21230.143;923356.962;450543.066;162690.875;1557821.045;70526.331;Indústrias extrativas;Demais serviços;Administração, defesa, educação e saúde públicas e seguridade social;7;True;81.7;0.830503;274.99;278.99;4.72823;3.9;;81.7;0.830503;274.99;278.99;4.72823;3.9;;92.4;0.924375;240.44;249.6;4.834;4.5;;95.7;0.955787;254.82;257.72;5.209;5.0;;98.6;0.985487;234.56;221.65;6.470389;6.4;;98.6;0.985487;234.56;221.65;6.470389;6.4;;97.3;0.971309;261.45;261.47;5.382;5.2;;;;;;;;;;;;;;;;;;;;;;;;;;;;;;;;;;;;
3;Sudeste;31;MG;Minas Gerais;3157252;Santa Bárbara do Leste;153222.004;18115.63;149128.833;17631.69;111674.055;13598.89;24989.466;5141.261;36127.275;39220.735;105478.737;6195.318;Administração, defesa, educação e saúde públicas e seguridade social;Demais serviços;Agricultura, inclusive apoio à agricultura e a pós colheita;6;True;89.7;0.902377;306.67;301.08;5.503863;5.0;;89.7;0.902377;306.67;301.08;5.503863;5.0;;94.2;0.938892;274.69;273.69;5.806333;5.5;;91.7;0.91641;268.0;269.89;5.6315;5.2;;97.7;0.97455;224.53;214.97;6.157522;6.0;;97.7;0.97455;224.53;214.97;6.157522;6.0;;;;;;;;;;;;;;;;;;;;;;;;;;;;;;;;;;;;;;;;;;;
3;Sudeste;31;MG;Minas Gerais;3157278;Santa Bárbara do Monte Verde;71438.159;23081.8;58847.484;19013.73;56260.636;17515.76;21440.74;1548.007;11599.961;19992.368;54581.075;1679.562;Administração, defesa, educação e saúde públicas e seguridade social;Produção florestal, pesca e aquicultura;Demais serviços;4;True;;;;;;;;;;;;;;;;;;;;;;78.0;0.785524;268.12;263.68;5.53;4.3;;92.7;0.930452;205.31;199.43;5.508183;5.1;;92.7;0.930452;205.31;199.43;5.508183;5.1;;78.0;0.785524;268.12;263.68;5.53;4.3;;;;;;;;;;;;;;;;;;;;;;;;;;;;;;;;;;;;
3;Sudeste;31;MG;Minas Gerais;3157302;Santa Bárbara do Tugúrio;78007.352;18537.87;72570.764;17245.9;70602.427;16100.9;10688.962;2718.564;27822.371;24179.199;65409.095;5193.332;Administração, defesa, educação e saúde públicas e seguridade social;Demais serviços;Comércio e reparação de veículos automotores e motocicletas;6;True;76.3;0.782589;289.58;286.43;5.044523;3.9;;76.3;0.782589;289.58;286.43;5.044523;3.9;;;;;;;;;88.9;0.884161;258.01;253.57;5.193;4.6;;96.4;0.968975;236.53;231.49;6.686893;6.5;;96.4;0.968975;236.53;231.49;6.686893;6.5;;88.9;0.884161;258.01;253.57;5.193;4.6;;;;;;;;;;;;;;;;;;;;;;;;;;;;;;;;;;;;
3;Sudeste;31;MG;Minas Gerais;3157336;Santa Cruz de Minas;154995.253;19113.98;121163.116;14941.81;103452.892;11859.78;56.758;7136.276;47121.824;39942.247;94257.104;9195.788;Administração, defesa, educação e saúde públicas e seguridade social;Demais serviços;Comércio e reparação de veículos automotores e motocicletas;4;True;;;;;;;;;;;;;;;;;;;;;;75.6;0.757138;239.12;257.24;4.939333;3.7;;94.2;0.942523;218.78;195.05;5.685607;5.4;;94.2;0.942523;218.78;195.05;5.685607;5.4;;79.3;0.800637;264.46;279.71;5.736167;4.6;;;;;;;;;;;;;;;;;;;;;;;;;;;;;;;;;;;;
3;Sudeste;31;MG;Minas Gerais;3157377;Santa Cruz de Salinas;59169.054;15132.75;53726.638;13740.83;48998.011;12027.0;4873.597;1057.09;15787.668;24646.659;46365.015;2632.996;Administração, defesa, educação e saúde públicas e seguridade social;Demais serviços;Comércio e reparação de veículos automotores e motocicletas;6;True;96.0;0.963888;260.44;258.87;4.222679;4.1;;96.0;0.963888;260.44;258.87;4.222679;4.1;;98.2;0.981745;248.62;240.34;4.816;4.7;;98.4;0.984386;248.62;240.34;4.816;4.7;;100.0;1.0;203.72;203.32;5.548566;5.5;;100.0;1.0;203.72;203.32;5.548566;5.5;;;;;;;;;;;;;;;;;;;;;;;;;;;;;;;;;;;;;;;;;;;
3;Sudeste;31;MG;Minas Gerais;3157401;Santa Cruz do Escalvado;90331.28;19330.47;109625.171;23459.27;76982.243;16403.63;12234.325;19989.727;15014.994;26126.647;73365.693;3616.55;Administração, defesa, educação e saúde públicas e seguridade social;Construção;Demais serviços;6;True;;;;;;;;;;;;;;;92.4;0.944949;257.06;266.66;5.395333;5.1;;95.7;0.960694;249.64;251.79;5.023833;4.8;;93.1;0.928785;203.54;191.65;5.332949;5.0;;95.0;0.950589;205.98;195.72;5.453514;5.2;;97.5;0.97529;242.21;236.92;4.652167;4.5;;100.0;1.0;213.11;207.61;5.805765;5.8;;;;;;;;;;;;;;;;;;;;;;;;;;;;;
3;Sudeste;31;MG;Minas Gerais;3157500;Santa Efigênia de Minas;58652.137;14521.45;55391.142;13714.07;51007.865;11715.17;6492.163;1810.661;15601.097;25062.5;48966.422;2041.443;Administração, defesa, educação e saúde públicas e seguridade social;Demais serviços;Produção florestal, pesca e aquicultura;6;True;87.3;0.876167;275.87;261.19;4.474123;3.9;;87.3;0.876167;275.87;261.19;4.474123;3.9;;89.9;0.898047;238.46;240.11;4.642833;4.2;;89.9;0.898047;238.46;240.11;4.642833;4.2;;100.0;1.0;201.85;189.28;5.257607;5.3;;100.0;1.0;201.85;189.28;5.257607;5.3;;;;;;;;;;;;;;;;;;;;;;;;;;;;;;;;;;;;;;;;;;;
3;Sudeste;31;MG;Minas Gerais;3157609;Santa Fé de Minas;70866.744;20121.17;60999.88;17319.67;59926.411;15745.25;18605.647;1906.74;13245.703;23491.127;57249.216;2677.195;Administração, defesa, educação e saúde públicas e seguridade social;Demais serviços;Pecuária, inclusive apoio à pecuária;2;True;;;;;;;;;;;;;;;98.9;0.990486;229.55;238.08;4.4605;4.4;;98.9;0.990486;229.55;238.08;4.4605;4.4;;;;;;;;;;;;;;;;;;;;;;;;;;;;;;;;;;;;;;;;;;;;;;;;;;;;;;;;;
3;Sudeste;31;MG;Minas Gerais;3157658;Santa Helena de Minas;69029.27;11625.0;59908.851;10089.06;57927.071;9042.63;8448.59;1051.722;15266.36;31482.304;56248.975;1678.096;Administração, defesa, educação e saúde públicas e seguridade social;Demais serviços;Pecuária, inclusive apoio à pecuária;8;True;87.7;0.874911;265.03;268.0;4.423822;3.9;;87.7;0.874911;265.03;268.0;4.423822;3.9;;90.8;0.907537;245.62;253.02;4.977333;4.5;;91.3;0.9126;249.44;257.17;5.110167;4.7;;100.0;1.0;234.6;225.15;6.534788;6.5;;99.6;0.995975;225.59;212.88;6.139751;6.1;;95.7;0.948028;268.79;278.17;5.782667;5.5;;99.4;0.992921;210.88;192.87;5.495207;5.5;;;;;;;;;;;;;;;;;;;;;;;;;;;;;
3;Sudeste;31;MG;Minas Gerais;3157708;Santa Juliana;912073.167;57968.3;924579.909;58763.18;860296.319;59343.06;230710.087;216675.786;254207.358;77568.609;779161.84;81134.479;Demais serviços;Indústrias de transformação;Agricultura, inclusive apoio à agricultura e a pós colheita;4;True;;;;;;;;;;;;;;;87.5;0.873754;249.91;262.62;5.208833;4.6;;87.5;0.873754;249.91;262.62;5.208833;4.6;;100.0;1.0;260.08;239.94;7.289957;7.3;;100.0;1.0;260.08;239.94;7.289957;7.3;;;;;;;;;;;;;;;;;;;;;;;;;;;;;;;;;;;;;;;;;;;
3;Sudeste;31;MG;Minas Gerais;3157807;Santa Luzia;6608096.77;30155.78;5758336.5;26317.21;5287596.733;23849.7;4235.837;1729157.044;1844630.038;1018986.259;4597009.179;690587.555;Indústrias de transformação;Demais serviços;Administração, defesa, educação e saúde públicas e seguridade social;9;True;86.5;0.870078;261.46;266.57;4.352274;3.8;;86.8;0.873415;264.47;268.86;4.428831;3.9;;91.0;0.910309;237.11;244.66;4.696167;4.3;;90.4;0.904131;240.41;244.76;4.752833;4.3;;97.4;0.973057;212.5;204.06;5.729578;5.6;;97.7;0.977497;210.89;202.88;5.677398;5.5;;89.2;0.890856;246.71;244.96;4.861167;4.3;;99.5;0.994995;205.29;198.79;5.496164;5.5;;98.2;0.982727;349.42;333.42;6.588416;6.5;;;;;;;;;;;;;;;;;;;;;;
3;Sudeste;31;MG;Minas Gerais;3157906;Santa Margarida;497578.478;30349.4;545006.763;33242.25;353994.896;21594.27;172774.971;11679.779;78951.492;79369.51;342775.752;11219.143;Agricultura, inclusive apoio à agricultura e a pós colheita;Administração, defesa, educação e saúde públicas e seguridade social;Demais serviços;6;True;87.0;0.875673;268.48;260.31;4.357157;3.8;;87.0;0.875673;268.48;260.31;4.357157;3.8;;86.0;0.856797;241.36;230.92;4.538;3.9;;87.4;0.871525;241.36;230.92;4.538;4.0;;97.7;0.977664;212.72;201.39;5.685231;5.6;;97.7;0.977664;212.72;201.39;5.685231;5.6;;;;;;;;;;;;;;;;;;;;;;;;;;;;;;;;;;;;;;;;;;;
3;Sudeste;31;MG;Minas Gerais;3158003;Santa Maria de Itabira;327050.191;31192.2;272757.813;25999.22;269093.836;24762.48;18931.033;65044.865;105347.537;54711.55;244034.985;25058.851;Demais serviços;Administração, defesa, educação e saúde públicas e seguridade social;Indústrias extrativas;6;True;83.4;0.832728;255.66;248.03;3.993269;3.3;;83.4;0.832728;255.66;248.03;3.993269;3.3;;96.9;0.971327;245.17;248.17;4.889;4.7;;96.9;0.971327;245.17;248.17;4.889;4.7;;100.0;1.0;216.26;204.57;5.810607;5.8;;100.0;1.0;216.26;204.57;5.810607;5.8;;;;;;;;;;;;;;;;;;;;;;;;;;;;;;;;;;;;;;;;;;;
3;Sudeste;31;MG;Minas Gerais;3158102;Santa Maria do Salto;60852.325;12797.54;50815.171;10686.68;49982.525;9606.48;4730.147;1167.315;14111.723;28553.691;48562.876;1419.65;Administração, defesa, educação e saúde públicas e seguridade social;Demais serviços;Pecuária, inclusive apoio à pecuária;5;True;;;;;;;;;;;;;;;87.6;0.874585;222.22;223.16;4.089667;3.6;;89.8;0.895664;222.22;223.16;4.089667;3.7;;99.5;0.993852;231.54;211.85;6.234573;6.2;;99.6;0.995935;236.08;220.62;6.480669;6.5;;;;;;;;;100.0;1.0;241.09;230.27;6.751734;6.8;;;;;;;;;;;;;;;;;;;;;;;;;;;;;
3;Sudeste;31;MG;Minas Gerais;3158201;Santa Maria do Suaçuí;223266.132;17459.03;178799.319;13981.8;170803.166;11693.24;21489.515;6336.689;67150.841;67376.794;162353.839;8449.327;Administração, defesa, educação e saúde públicas e seguridade social;Demais serviços;Pecuária, inclusive apoio à pecuária;7;True;88.1;0.885485;261.19;256.1;4.191745;3.7;;88.1;0.885485;261.19;256.1;4.191745;3.7;;94.3;0.942738;245.99;252.49;4.974667;4.7;;94.4;0.943494;245.99;252.49;4.974667;4.7;;99.7;0.997168;213.38;194.96;5.580917;5.6;;99.9;0.998592;221.99;205.36;5.934321;5.9;;;;;;;;;100.0;1.0;226.99;211.4;6.139559;6.1;;;;;;;;;;;;;;;;;;;;;;;;;;;;;
3;Sudeste;31;MG;Minas Gerais;3158300;Santana da Vargem;258302.543;38604.48;214152.116;32256.68;243281.986;34522.77;71337.569;38807.497;70892.543;37264.679;218302.289;24979.697;Agricultura, inclusive apoio à agricultura e a pós colheita;Demais serviços;Administração, defesa, educação e saúde públicas e seguridade social;7;True;93.8;0.939148;279.02;288.86;4.932586;4.6;;93.8;0.939148;279.02;288.86;4.932586;4.6;;96.1;0.960181;246.95;254.15;5.018333;4.8;;96.1;0.960181;246.95;254.15;5.018333;4.8;;100.0;1.0;217.49;203.74;5.818989;5.8;;100.0;1.0;232.51;221.1;6.421266;6.4;;;;;;;;;100.0;1.0;241.81;231.85;6.794202;6.8;;;;;;;;;;;;;;;;;;;;;;;;;;;;;
3;Sudeste;31;MG;Minas Gerais;3158409;Santana de Cataguases;61152.633;17527.27;51898.483;14874.89;49901.016;12765.67;6824.337;2192.589;15378.671;23492.074;47887.671;2013.345;Administração, defesa, educação e saúde públicas e seguridade social;Demais serviços;Pecuária, inclusive apoio à pecuária;6;True;98.1;0.976622;266.52;271.44;4.496246;4.4;;98.1;0.976622;266.52;271.44;4.496246;4.4;;;;;;;;;97.9;0.978987;249.62;252.59;5.036833;4.9;;100.0;1.0;241.28;227.98;6.713724;6.7;;100.0;1.0;241.28;227.98;6.713724;6.7;;97.9;0.978987;249.62;252.59;5.036833;4.9;;;;;;;;;;;;;;;;;;;;;;;;;;;;;;;;;;;;
3;Sudeste;31;MG;Minas Gerais;3158508;Santana de Pirapama;135532.542;19279.17;125203.421;17809.88;116826.219;15498.3;45963.034;4846.73;25570.355;35364.244;111744.364;5081.855;Administração, defesa, educação e saúde públicas e seguridade social;Agricultura, inclusive apoio à agricultura e a pós colheita;Demais serviços;8;True;93.3;0.936113;281.19;287.65;4.94495;4.6;;93.3;0.936113;281.19;287.65;4.94495;4.6;;99.2;0.99311;253.49;251.21;5.078333;5.0;;95.2;0.95251;241.95;238.59;4.675667;4.5;;99.6;0.996141;239.01;225.83;6.631312;6.6;;99.7;0.996347;254.82;235.74;7.113212;7.1;;92.7;0.928639;235.42;231.45;4.447833;4.1;;100.0;1.0;269.87;245.17;7.57188;7.6;;;;;;;;;;;;;;;;;;;;;;;;;;;;;
3;Sudeste;31;MG;Minas Gerais;3158607;Santana do Deserto;84573.749;22571.06;50988.084;13607.71;47354.938;11883.3;4367.346;1566.306;15171.871;24416.144;45521.668;1833.27;Administração, defesa, educação e saúde públicas e seguridade social;Demais serviços;Pecuária, inclusive apoio à pecuária;6;True;95.2;0.96112;284.18;287.9;4.990687;4.8;;95.2;0.96112;284.18;287.9;4.990687;4.8;;;;;;;;;64.3;0.628061;249.79;255.64;5.0905;3.2;;91.3;0.911347;218.95;213.36;6.021761;5.5;;91.3;0.911347;218.95;213.36;6.021761;5.5;;64.3;0.628061;249.79;255.64;5.0905;3.2;;;;;;;;;;;;;;;;;;;;;;;;;;;;;;;;;;;;
3;Sudeste;31;MG;Minas Gerais;3158706;Santana do Garambéu;48321.597;22611.88;40761.263;19074.06;39151.502;15698.28;9191.5;751.697;10124.77;17653.109;37721.076;1430.426;Administração, defesa, educação e saúde públicas e seguridade social;Demais serviços;Pecuária, inclusive apoio à pecuária;6;True;91.4;0.926331;274.55;273.72;4.643158;4.3;;91.4;0.926331;274.55;273.72;4.643158;4.3;;;;;;;;;93.8;0.935002;221.39;232.51;4.231667;4.0;;100.0;1.0;207.86;195.47;5.484847;5.5;;100.0;1.0;207.86;195.47;5.484847;5.5;;93.8;0.935002;221.39;232.51;4.231667;4.0;;;;;;;;;;;;;;;;;;;;;;;;;;;;;;;;;;;;
3;Sudeste;31;MG;Minas Gerais;3158805;Santana do Jacaré;129242.426;30669.77;119141.56;28272.8;105811.533;21830.31;10902.496;24113.69;35807.659;26017.228;96841.073;8970.459;Demais serviços;Administração, defesa, educação e saúde públicas e seguridade social;Indústrias de transformação;6;True;92.8;0.930586;272.08;275.25;4.631372;4.3;;92.8;0.930586;272.08;275.25;4.631372;4.3;;97.7;0.97544;257.75;262.21;5.332667;5.2;;97.7;0.97544;257.75;262.21;5.332667;5.2;;100.0;1.0;229.55;208.97;6.144232;6.1;;100.0;1.0;229.55;208.97;6.144232;6.1;;;;;;;;;;;;;;;;;;;;;;;;;;;;;;;;;;;;;;;;;;;
3;Sudeste;31;MG;Minas Gerais;3158904;Santana do Manhuaçu;227887.497;25357.46;245127.562;27275.79;189821.927;21919.39;79542.853;7938.88;50610.386;40644.042;178736.161;11085.767;Agricultura, inclusive apoio à agricultura e a pós colheita;Administração, defesa, educação e saúde públicas e seguridade social;Demais serviços;6;True;80.6;0.814159;264.67;269.34;4.438825;3.6;;80.6;0.814159;264.67;269.34;4.438825;3.6;;85.1;0.851967;245.68;248.15;4.897167;4.2;;85.1;0.851967;245.68;248.15;4.897167;4.2;;99.6;0.996582;226.4;202.57;5.967754;5.9;;99.6;0.996582;226.4;202.57;5.967754;5.9;;;;;;;;;;;;;;;;;;;;;;;;;;;;;;;;;;;;;;;;;;;
3;Sudeste;31;MG;Minas Gerais;3158953;Santana do Paraíso;1250977.727;27923.61;1187338.179;26503.08;749701.607;20797.31;12578.835;181962.25;298701.217;170469.558;663711.86;85989.748;Demais serviços;Administração, defesa, educação e saúde públicas e seguridade social;Indústrias de transformação;6;True;87.6;0.878635;273.27;272.43;4.605869;4.0;;87.6;0.878635;273.27;272.43;4.605869;4.0;;92.1;0.920974;239.45;242.75;4.703333;4.3;;92.1;0.920974;239.45;242.75;4.703333;4.3;;99.4;0.99358;225.2;218.26;6.230126;6.2;;99.4;0.99358;225.2;218.26;6.230126;6.2;;;;;;;;;;;;;;;;;;;;;;;;;;;;;;;;;;;;;;;;;;;
3;Sudeste;31;MG;Minas Gerais;3159001;Santana do Riacho;139840.897;26320.52;122253.16;23010.19;103769.993;23943.24;3138.547;8074.534;58238.669;25766.116;95217.865;8552.128;Demais serviços;Administração, defesa, educação e saúde públicas e seguridade social;Comércio e reparação de veículos automotores e motocicletas;7;True;88.9;0.898596;258.85;256.47;4.164419;3.7;;88.9;0.898596;258.85;256.47;4.164419;3.7;;94.7;0.946845;229.17;235.22;4.4065;4.2;;97.1;0.969856;233.8;238.19;4.533167;4.4;;99.4;0.99301;218.54;216.82;6.076845;6.0;;99.4;0.99301;218.54;216.82;6.076845;6.0;;99.4;0.993371;239.36;241.75;4.685167;4.7;;;;;;;;;;;;;;;;;;;;;;;;;;;;;;;;;;;;
3;Sudeste;31;MG;Minas Gerais;3159100;Santana dos Montes;64537.388;18604.03;53371.474;15385.26;49866.757;13287.17;7191.459;2230.764;14796.07;23837.792;48056.085;1810.672;Administração, defesa, educação e saúde públicas e seguridade social;Demais serviços;Pecuária, inclusive apoio à pecuária;6;True;92.6;0.930481;264.71;266.62;4.398669;4.1;;92.6;0.930481;264.71;266.62;4.398669;4.1;;;;;;;;;93.8;0.938912;253.9;256.23;5.168833;4.9;;99.0;0.989583;239.36;239.1;6.879264;6.8;;99.0;0.989583;239.36;239.1;6.879264;6.8;;93.8;0.938912;253.9;256.23;5.168833;4.9;;;;;;;;;;;;;;;;;;;;;;;;;;;;;;;;;;;;
3;Sudeste;31;MG;Minas Gerais;3159209;Santa Rita de Caldas;249061.006;29439.84;239954.591;28363.43;227927.742;25609.86;62553.679;37452.254;68687.108;43973.838;212666.879;15260.862;Demais serviços;Administração, defesa, educação e saúde públicas e seguridade social;Agricultura, inclusive apoio à agricultura e a pós colheita;6;True;88.8;0.890688;296.83;296.94;5.303684;4.7;;88.8;0.890688;296.83;296.94;5.303684;4.7;;93.4;0.933723;262.81;262.09;5.415;5.1;;93.4;0.933723;262.81;262.09;5.415;5.1;;98.7;0.98674;246.9;231.48;6.884612;6.8;;98.6;0.985429;246.9;231.48;6.884612;6.8;;;;;;;;;;;;;;;;;;;;;;;;;;;;;;;;;;;;;;;;;;;
3;Sudeste;31;MG;Minas Gerais;3159308;Santa Rita de Jacutinga;87242.025;18347.43;80379.845;16904.28;74797.746;15444.51;14375.973;2043.237;26899.605;27619.995;70938.811;3858.936;Administração, defesa, educação e saúde públicas e seguridade social;Demais serviços;Pecuária, inclusive apoio à pecuária;6;True;86.6;0.867144;283.38;275.76;4.797714;4.2;;86.6;0.867144;283.38;275.76;4.797714;4.2;;;;;;;;;79.2;0.775722;253.49;254.35;5.130667;4.0;;94.4;0.950123;202.62;189.17;5.270301;5.0;;94.4;0.950123;202.62;189.17;5.270301;5.0;;79.2;0.775722;253.49;254.35;5.130667;4.0;;;;;;;;;;;;;;;;;;;;;;;;;;;;;;;;;;;;
3;Sudeste;31;MG;Minas Gerais;3159357;Santa Rita de Minas;208455.674;30777.45;188093.27;27771.04;151780.901;20729.43;22990.289;30230.093;46276.951;37210.059;136707.391;15073.51;Administração, defesa, educação e saúde públicas e seguridade social;Demais serviços;Indústrias de transformação;6;True;92.1;0.927627;288.28;283.77;4.986445;4.6;;92.1;0.927627;288.28;283.77;4.986445;4.6;;87.0;0.866483;254.3;254.94;5.154;4.5;;87.0;0.866483;254.3;254.94;5.154;4.5;;99.8;0.99778;226.75;215.39;6.207525;6.2;;99.8;0.99778;226.75;215.39;6.207525;6.2;;;;;;;;;;;;;;;;;;;;;;;;;;;;;;;;;;;;;;;;;;;
3;Sudeste;31;MG;Minas Gerais;3159407;Santa Rita de Ibitipoca;72264.345;21891.65;66533.964;20155.7;61997.751;18342.53;22112.333;2237.868;13526.338;21748.605;59625.143;2372.608;Administração, defesa, educação e saúde públicas e seguridade social;Pecuária, inclusive apoio à pecuária;Demais serviços;4;True;86.3;0.874117;283.63;284.97;4.9391;4.3;;86.3;0.874117;283.63;284.97;4.9391;4.3;;85.9;0.846336;268.34;283.05;5.8565;5.0;;90.1;0.896273;268.34;283.05;5.8565;5.2;;;;;;;;;;;;;;;;;;;;;;;;;;;;;;;;;;;;;;;;;;;;;;;;;;;;;;;;;
3;Sudeste;31;MG;Minas Gerais;3159506;Santa Rita do Itueto;233545.096;40086.7;294767.276;50595.14;179106.862;33009.01;83411.429;27181.155;31826.179;31426.566;173845.329;5261.533;Agricultura, inclusive apoio à agricultura e a pós colheita;Administração, defesa, educação e saúde públicas e seguridade social;Demais serviços;6;True;94.0;0.934293;254.11;255.16;4.078235;3.8;;94.0;0.934293;254.11;255.16;4.078235;3.8;;97.8;0.978819;237.46;231.12;4.476333;4.4;;98.1;0.981297;237.46;231.12;4.476333;4.4;;99.7;0.997168;222.97;203.17;5.913205;5.9;;99.7;0.997168;222.97;203.17;5.913205;5.9;;;;;;;;;;;;;;;;;;;;;;;;;;;;;;;;;;;;;;;;;;;
3;Sudeste;31;MG;Minas Gerais;3159605;Santa Rita do Sapucaí;2514297.658;61875.17;2187943.31;53843.81;1944044.507;43957.05;72423.95;602209.812;625973.487;211605.752;1512213.001;431831.506;Indústrias de transformação;Demais serviços;Administração, defesa, educação e saúde públicas e seguridade social;7;True;94.4;0.947961;275.3;282.64;4.787225;4.5;;94.4;0.947961;275.3;282.64;4.787225;4.5;;98.7;0.986698;271.57;274.19;5.762667;5.7;;98.0;0.980169;268.71;270.86;5.6595;5.5;;98.3;0.982723;239.06;221.81;6.559176;6.4;;98.7;0.987041;247.67;231.85;6.906034;6.8;;;;;;;;;100.0;1.0;265.78;252.96;7.635463;7.6;;;;;;;;;;;;;;;;;;;;;;;;;;;;;
3;Sudeste;31;MG;Minas Gerais;3159704;Santa Rosa da Serra;119335.757;35285.56;182790.984;54048.19;102017.101;30326.13;49636.338;6345.317;21184.094;22057.003;99222.752;2794.348;Agricultura, inclusive apoio à agricultura e a pós colheita;Administração, defesa, educação e saúde públicas e seguridade social;Demais serviços;6;True;94.5;0.944318;287.94;294.03;5.135262;4.8;;94.5;0.944318;287.94;294.03;5.135262;4.8;;91.8;0.913348;241.64;231.96;4.56;4.2;;93.5;0.932953;241.64;231.96;4.56;4.3;;99.5;0.995521;230.3;210.39;6.184364;6.2;;99.5;0.995521;230.3;210.39;6.184364;6.2;;;;;;;;;;;;;;;;;;;;;;;;;;;;;;;;;;;;;;;;;;;
3;Sudeste;31;MG;Minas Gerais;3159803;Santa Vitória;1006615.07;47995.76;1128792.845;53821.24;802576.263;40134.83;219824.009;131295.015;244082.139;142410.231;737611.395;64964.868;Demais serviços;Administração, defesa, educação e saúde públicas e seguridade social;Agricultura, inclusive apoio à agricultura e a pós colheita;7;True;91.3;0.918375;249.36;248.55;3.91257;3.6;;91.3;0.918375;249.36;248.55;3.91257;3.6;;99.0;0.991409;235.92;242.55;4.641167;4.6;;99.0;0.989452;235.92;242.55;4.641167;4.6;;100.0;1.0;213.7;202.85;5.730479;5.7;;100.0;1.0;221.85;209.05;5.99874;6.0;;;;;;;;;100.0;1.0;234.36;218.57;6.410572;6.4;;;;;;;;;;;;;;;;;;;;;;;;;;;;;
3;Sudeste;31;MG;Minas Gerais;3159902;Santo Antônio do Amparo;477371.676;27617.68;413731.124;23935.85;354377.976;18953.73;86895.887;19168.972;133759.08;88761.836;328585.775;25792.201;Demais serviços;Administração, defesa, educação e saúde públicas e seguridade social;Agricultura, inclusive apoio à agricultura e a pós colheita;6;True;92.3;0.925086;252.03;261.36;4.141836;3.8;;92.3;0.925086;252.03;261.36;4.141836;3.8;;99.7;0.997494;238.98;246.57;4.759167;4.7;;99.7;0.997494;238.98;246.57;4.759167;4.7;;96.6;0.966583;220.25;209.41;5.974752;5.8;;96.6;0.966583;220.25;209.41;5.974752;5.8;;;;;;;;;;;;;;;;;;;;;;;;;;;;;;;;;;;;;;;;;;;
3;Sudeste;31;MG;Minas Gerais;3160009;Santo Antônio do Aventureiro;79244.936;21025.45;68079.846;18063.11;67888.308;18847.39;20031.979;2609.456;20033.395;23136.743;65811.573;2076.736;Administração, defesa, educação e saúde públicas e seguridade social;Demais serviços;Agricultura, inclusive apoio à agricultura e a pós colheita;7;True;85.0;0.874683;265.9;263.01;4.36134;3.8;;85.0;0.874683;265.9;263.01;4.36134;3.8;;95.1;0.946694;238.55;234.68;4.553833;4.3;;94.9;0.944384;246.58;245.46;4.867333;4.6;;100.0;1.0;228.92;197.54;5.924391;5.9;;100.0;1.0;228.92;197.54;5.924391;5.9;;94.5;0.936272;271.9;279.43;5.8555;5.5;;;;;;;;;;;;;;;;;;;;;;;;;;;;;;;;;;;;
3;Sudeste;31;MG;Minas Gerais;3160108;Santo Antônio do Grama;102566.311;24253.09;90008.398;21283.61;85507.708;22146.52;10803.012;12373.232;20617.027;24894.386;68687.658;16820.05;Administração, defesa, educação e saúde públicas e seguridade social;Demais serviços;Eletricidade e gás, água, esgoto, atividades de gestão de resíduos e descontaminação;6;True;85.2;0.872228;286.55;277.23;4.864243;4.2;;85.2;0.872228;286.55;277.23;4.864243;4.2;;88.3;0.87224;262.36;258.42;5.346333;4.7;;88.3;0.87224;262.36;258.42;5.346333;4.7;;97.2;0.972495;247.91;231.26;6.899887;6.7;;97.2;0.972495;247.91;231.26;6.899887;6.7;;;;;;;;;;;;;;;;;;;;;;;;;;;;;;;;;;;;;;;;;;;
3;Sudeste;31;MG;Minas Gerais;3160207;Santo Antônio do Itambé;59342.92;15157.83;50463.705;12889.84;44719.814;11884.09;7810.546;1175.352;11340.292;23081.974;43408.165;1311.648;Administração, defesa, educação e saúde públicas e seguridade social;Demais serviços;Pecuária, inclusive apoio à pecuária;6;True;95.1;0.951666;245.72;250.92;3.896925;3.7;;95.1;0.951666;245.72;250.92;3.896925;3.7;;91.3;0.909776;220.48;222.25;4.0455;3.7;;91.3;0.909776;220.48;222.25;4.0455;3.7;;99.5;0.995935;201.75;188.43;5.240244;5.2;;99.5;0.995935;201.75;188.43;5.240244;5.2;;;;;;;;;;;;;;;;;;;;;;;;;;;;;;;;;;;;;;;;;;;
3;Sudeste;31;MG;Minas Gerais;3160306;Santo Antônio do Jacinto;131043.645;12689.42;123552.084;11963.99;114521.804;9898.17;11056.557;4741.218;35961.288;58280.82;110039.883;4481.921;Administração, defesa, educação e saúde públicas e seguridade social;Demais serviços;Pecuária, inclusive apoio à pecuária;6;True;91.6;0.918669;247.38;243.29;3.806018;3.5;;91.6;0.918669;247.38;243.29;3.806018;3.5;;94.5;0.944688;231.61;228.91;4.342;4.1;;94.5;0.944688;231.61;228.91;4.342;4.1;;100.0;1.0;206.7;196.16;5.475255;5.5;;100.0;1.0;206.7;196.16;5.475255;5.5;;;;;;;;;;;;;;;;;;;;;;;;;;;;;;;;;;;;;;;;;;;
3;Sudeste;31;MG;Minas Gerais;3160405;Santo Antônio do Monte;942155.374;34517.51;828153.509;30340.85;842861.705;29467.6;352781.411;47291.034;262954.945;134148.734;797176.124;45685.581;Agricultura, inclusive apoio à agricultura e a pós colheita;Demais serviços;Administração, defesa, educação e saúde públicas e seguridade social;6;True;93.6;0.938886;279.42;286.86;4.908264;4.6;;93.6;0.938886;279.42;286.86;4.908264;4.6;;95.2;0.95194;257.92;261.13;5.3175;5.1;;95.2;0.95194;257.92;261.13;5.3175;5.1;;100.0;1.0;245.31;223.99;6.718087;6.7;;100.0;1.0;245.31;223.99;6.718087;6.7;;;;;;;;;;;;;;;;;;;;;;;;;;;;;;;;;;;;;;;;;;;
3;Sudeste;31;MG;Minas Gerais;3160454;Santo Antônio do Retiro;84684.187;12774.81;76799.687;11585.41;70751.759;9670.83;6215.722;3796.293;18230.347;40268.258;68510.619;2241.14;Administração, defesa, educação e saúde públicas e seguridade social;Demais serviços;Agricultura, inclusive apoio à agricultura e a pós colheita;7;True;91.9;0.92497;259.11;251.11;4.087831;3.8;;91.9;0.92497;259.11;251.11;4.087831;3.8;;99.0;0.992066;279.5;288.1;6.126667;6.1;;99.3;0.992938;251.22;257.95;5.152833;5.1;;99.7;0.99778;210.58;193.14;5.494391;5.5;;99.7;0.99778;210.58;193.14;5.494391;5.5;;99.4;0.994149;229.3;234.57;4.397833;4.4;;;;;;;;;;;;;;;;;;;;;;;;;;;;;;;;;;;;
3;Sudeste;31;MG;Minas Gerais;3160504;Santo Antônio do Rio Abaixo;38141.635;21096.04;32402.538;17921.76;28487.364;16222.87;5043.972;628.257;8228.45;13563.346;27464.025;1023.339;Administração, defesa, educação e saúde públicas e seguridade social;Demais serviços;Pecuária, inclusive apoio à pecuária;4;True;;;;;;;;;;;;;;;100.0;1.0;280.74;278.63;5.9895;6.0;;100.0;1.0;280.74;278.63;5.9895;6.0;;100.0;1.0;259.05;238.62;7.2463;7.2;;100.0;1.0;259.05;238.62;7.2463;7.2;;;;;;;;;;;;;;;;;;;;;;;;;;;;;;;;;;;;;;;;;;;
3;Sudeste;31;MG;Minas Gerais;3160603;Santo Hipólito;71684.849;26383.82;49465.95;18206.09;50190.473;16488.33;14833.615;1879.799;12063.015;19936.53;48712.959;1477.514;Administração, defesa, educação e saúde públicas e seguridade social;Demais serviços;Pecuária, inclusive apoio à pecuária;6;True;83.5;0.846478;260.8;278.56;4.522495;3.8;;83.5;0.846478;260.8;278.56;4.522495;3.8;;100.0;1.0;251.66;251.06;5.045333;5.0;;100.0;1.0;251.66;251.06;5.045333;5.0;;100.0;1.0;220.02;201.92;5.83418;5.8;;100.0;1.0;220.02;201.92;5.83418;5.8;;;;;;;;;;;;;;;;;;;;;;;;;;;;;;;;;;;;;;;;;;;
3;Sudeste;31;MG;Minas Gerais;3160702;Santos Dumont;1259405.745;29698.76;1208059.416;28487.94;1101637.428;23764.21;21028.397;290588.304;406013.551;211659.804;929290.055;172347.373;Demais serviços;Administração, defesa, educação e saúde públicas e seguridade social;Indústrias de transformação;8;True;85.8;0.860855;264.48;269.24;4.43466;3.8;;87.4;0.877777;270.88;276.99;4.640565;4.1;;87.9;0.878762;237.46;246.35;4.730167;4.2;;92.4;0.924107;247.26;254.85;5.035167;4.7;;98.6;0.986358;196.16;185.66;5.083201;5.0;;99.3;0.992987;211.76;200.97;5.659274;5.6;;96.3;0.962419;257.52;263.75;5.3545;5.2;;99.7;0.996992;218.53;207.62;5.909382;5.9;;;;;;;;;;;;;;;;;;;;;;;;;;;;;
3;Sudeste;31;MG;Minas Gerais;3160801;São Bento Abade;96682.634;20514.03;87981.667;18667.87;89288.98;16501.38;27791.018;4036.066;24806.547;29087.767;85721.398;3567.581;Administração, defesa, educação e saúde públicas e seguridade social;Agricultura, inclusive apoio à agricultura e a pós colheita;Demais serviços;6;True;88.3;0.886156;272.53;272.28;4.593231;4.1;;88.3;0.886156;272.53;272.28;4.593231;4.1;;90.1;0.901468;256.88;265.59;5.3745;4.8;;90.1;0.901468;256.88;265.59;5.3745;4.8;;97.9;0.979742;206.39;198.44;5.510793;5.4;;97.9;0.979742;206.39;198.44;5.510793;5.4;;;;;;;;;;;;;;;;;;;;;;;;;;;;;;;;;;;;;;;;;;;
3;Sudeste;31;MG;Minas Gerais;3160900;São Brás do Suaçuí;100031.822;25076.92;90665.688;22728.93;80485.097;21348.83;3712.337;3374.914;38845.197;28242.435;74174.883;6310.214;Demais serviços;Administração, defesa, educação e saúde públicas e seguridade social;Comércio e reparação de veículos automotores e motocicletas;6;True;89.2;0.8993;288.84;283.45;4.989519;4.5;;89.2;0.8993;288.84;283.45;4.989519;4.5;;;;;;;;;98.7;0.987829;274.35;271.86;5.770167;5.7;;91.6;0.923899;249.16;235.44;6.999742;6.5;;91.6;0.923899;249.16;235.44;6.999742;6.5;;98.7;0.987829;274.35;271.86;5.770167;5.7;;;;;;;;;;;;;;;;;;;;;;;;;;;;;;;;;;;;
3;Sudeste;31;MG;Minas Gerais;3160959;São Domingos das Dores;120617.641;21439.32;120311.635;21384.93;91424.17;16118.51;16321.777;2573.213;32543.348;31785.53;83223.867;8200.303;Administração, defesa, educação e saúde públicas e seguridade social;Demais serviços;Agricultura, inclusive apoio à agricultura e a pós colheita;4;True;93.7;0.943394;290.97;287.97;5.0871;4.8;;93.7;0.943394;290.97;287.97;5.0871;4.8;;;;;;;;;;;;;;;;100.0;1.0;263.34;243.57;7.418171;7.4;;100.0;1.0;263.34;243.57;7.418171;7.4;;;;;;;;;;;;;;;;;;;;;;;;;;;;;;;;;;;;;;;;;;;
3;Sudeste;31;MG;Minas Gerais;3161007;São Domingos do Prata;402896.007;23165.59;357693.229;20566.54;313454.213;18122.93;32428.634;28746.852;133973.062;85240.661;280389.209;33065.004;Demais serviços;Administração, defesa, educação e saúde públicas e seguridade social;Comércio e reparação de veículos automotores e motocicletas;6;True;86.4;0.872781;266.9;271.8;4.506972;3.9;;86.4;0.872781;266.9;271.8;4.506972;3.9;;99.0;0.990734;271.89;266.63;5.642;5.6;;99.0;0.990734;271.89;266.63;5.642;5.6;;100.0;1.0;241.64;227.3;6.70823;6.7;;100.0;1.0;241.64;227.3;6.70823;6.7;;;;;;;;;;;;;;;;;;;;;;;;;;;;;;;;;;;;;;;;;;;
3;Sudeste;31;MG;Minas Gerais;3161056;São Félix de Minas;59107.679;18471.15;46651.965;14578.74;43890.239;13085.94;5807.537;2050.725;12789.303;21407.936;42055.501;1834.738;Administração, defesa, educação e saúde públicas e seguridade social;Demais serviços;Pecuária, inclusive apoio à pecuária;6;True;94.2;0.945802;249.89;245.74;3.877948;3.7;;94.2;0.945802;249.89;245.74;3.877948;3.7;;92.7;0.926046;228.95;240.94;4.498167;4.2;;92.7;0.926046;228.95;240.94;4.498167;4.2;;100.0;1.0;207.56;203.57;5.626394;5.6;;100.0;1.0;207.56;203.57;5.626394;5.6;;;;;;;;;;;;;;;;;;;;;;;;;;;;;;;;;;;;;;;;;;;
3;Sudeste;31;MG;Minas Gerais;3161106;São Francisco;859288.93;16286.13;725685.001;13753.93;648147.82;11446.32;75358.553;35181.805;245107.824;251665.267;607313.449;40834.371;Administração, defesa, educação e saúde públicas e seguridade social;Demais serviços;Comércio e reparação de veículos automotores e motocicletas;8;True;85.0;0.857113;255.17;253.27;4.06483;3.5;;85.0;0.857113;255.17;253.27;4.06483;3.5;;89.0;0.890462;241.7;240.62;4.705333;4.2;;91.2;0.911686;244.46;244.57;4.817167;4.4;;97.5;0.974884;217.87;205.02;5.849514;5.7;;98.6;0.985975;210.18;197.69;5.569485;5.5;;95.1;0.949726;248.24;249.98;4.970333;4.7;;99.8;0.997792;200.44;188.4;5.214698;5.2;;;;;;;;;;;;;;;;;;;;;;;;;;;;;
3;Sudeste;31;MG;Minas Gerais;3161205;São Francisco de Paula;231806.277;37466.67;218276.257;35279.82;150493.084;23110.12;44970.344;6885.683;54062.177;32585.873;138504.076;11989.008;Agricultura, inclusive apoio à agricultura e a pós colheita;Demais serviços;Administração, defesa, educação e saúde públicas e seguridade social;6;True;93.2;0.938069;281.6;289.4;4.976906;4.7;;93.2;0.938069;281.6;289.4;4.976906;4.7;;91.7;0.918455;245.3;250.53;4.9305;4.5;;91.7;0.918455;245.3;250.53;4.9305;4.5;;96.0;0.959807;221.13;213.01;6.057;5.8;;96.0;0.959807;221.13;213.01;6.057;5.8;;;;;;;;;;;;;;;;;;;;;;;;;;;;;;;;;;;;;;;;;;;
3;Sudeste;31;MG;Minas Gerais;3161304;São Francisco de Sales;249351.958;43501.74;193421.054;33744.08;193829.048;30722.63;92869.952;9534.72;45385.726;38232.239;186022.636;7806.411;Agricultura, inclusive apoio à agricultura e a pós colheita;Administração, defesa, educação e saúde públicas e seguridade social;Demais serviços;6;True;92.5;0.923608;282.71;282.31;4.886358;4.5;;92.5;0.923608;282.71;282.31;4.886358;4.5;;;;;;;;;83.2;0.811819;236.1;252.42;4.808667;3.9;;99.4;0.993945;214.33;201.84;5.724138;5.7;;99.4;0.993945;214.33;201.84;5.724138;5.7;;83.2;0.811819;236.1;252.42;4.808667;3.9;;;;;;;;;;;;;;;;;;;;;;;;;;;;;;;;;;;;
3;Sudeste;31;MG;Minas Gerais;3161403;São Francisco do Glória;89843.001;18717.29;87316.155;18190.87;72558.566;15249.8;14934.608;3890.674;22827.722;26037.422;67690.427;4868.139;Administração, defesa, educação e saúde públicas e seguridade social;Demais serviços;Agricultura, inclusive apoio à agricultura e a pós colheita;6;True;100.0;1.0;295.23;273.35;4.928069;4.9;;100.0;1.0;295.23;273.35;4.928069;4.9;;99.1;0.989388;240.95;252.45;4.89;4.8;;99.1;0.989388;240.95;252.45;4.89;4.8;;100.0;1.0;235.92;229.17;6.63307;6.6;;100.0;1.0;235.92;229.17;6.63307;6.6;;;;;;;;;;;;;;;;;;;;;;;;;;;;;;;;;;;;;;;;;;;
3;Sudeste;31;MG;Minas Gerais;3161502;São Geraldo;351896.564;34224.52;290355.937;28239.25;263232.564;20644.07;20096.078;89152.617;66876.862;57843.884;233969.441;29263.124;Indústrias de transformação;Demais serviços;Administração, defesa, educação e saúde públicas e seguridade social;7;True;96.7;0.968953;279.61;289.56;4.951352;4.8;;96.7;0.968953;279.61;289.56;4.951352;4.8;;97.0;0.970412;256.83;252.31;5.152333;5.0;;97.0;0.970412;256.83;252.31;5.152333;5.0;;100.0;1.0;225.72;216.99;6.216959;6.2;;100.0;1.0;226.44;217.62;6.242154;6.2;;;;;;;;;100.0;1.0;226.98;218.08;6.260823;6.3;;;;;;;;;;;;;;;;;;;;;;;;;;;;;
3;Sudeste;31;MG;Minas Gerais;3161601;São Geraldo da Piedade;53463.223;16176.47;46622.084;14106.53;44803.139;11607.03;6326.743;1058.363;13309.843;22527.193;43222.142;1580.997;Administração, defesa, educação e saúde públicas e seguridade social;Demais serviços;Pecuária, inclusive apoio à pecuária;6;True;93.3;0.935461;266.25;266.55;4.41925;4.1;;93.3;0.935461;266.25;266.55;4.41925;4.1;;96.3;0.968006;243.12;257.03;5.0025;4.8;;96.8;0.971963;243.12;257.03;5.0025;4.9;;100.0;1.0;229.46;224.14;6.418333;6.4;;100.0;1.0;229.46;224.14;6.418333;6.4;;;;;;;;;;;;;;;;;;;;;;;;;;;;;;;;;;;;;;;;;;;
3;Sudeste;31;MG;Minas Gerais;3161650;São Geraldo do Baixio;56810.761;18075.33;49274.063;15677.4;49928.102;12165.72;8528.226;3784.644;13481.716;22528.234;48322.82;1605.282;Administração, defesa, educação e saúde públicas e seguridade social;Demais serviços;Pecuária, inclusive apoio à pecuária;2;True;;;;;;;;;;;;;;;89.7;0.891839;225.68;241.75;4.457167;4.0;;89.7;0.891839;225.68;241.75;4.457167;4.0;;;;;;;;;;;;;;;;;;;;;;;;;;;;;;;;;;;;;;;;;;;;;;;;;;;;;;;;;
3;Sudeste;31;MG;Minas Gerais;3161700;São Gonçalo do Abaeté;376328.72;51027.62;379298.417;51430.29;325636.805;38188.91;112783.884;38065.025;102469.138;41522.06;294840.107;30796.697;Agricultura, inclusive apoio à agricultura e a pós colheita;Demais serviços;Administração, defesa, educação e saúde públicas e seguridade social;8;True;87.2;0.880291;272.47;272.87;4.60122;4.1;;87.2;0.880291;272.47;272.87;4.60122;4.1;;99.3;0.99311;257.79;264.91;5.378333;5.3;;99.0;0.991224;247.6;247.28;4.914667;4.9;;100.0;1.0;228.46;217.32;6.275249;6.3;;100.0;1.0;240.16;221.63;6.576895;6.6;;98.9;0.989386;237.42;229.64;4.451;4.4;;100.0;1.0;258.3;228.31;7.044533;7.0;;;;;;;;;;;;;;;;;;;;;;;;;;;;;
3;Sudeste;31;MG;Minas Gerais;3161809;São Gonçalo do Pará;380221.311;32304.27;328832.868;27938.22;311146.881;24354.01;27105.748;112164.534;81679.058;60651.464;281600.804;29546.077;Indústrias de transformação;Demais serviços;Administração, defesa, educação e saúde públicas e seguridade social;6;True;96.4;0.966732;263.14;258.93;4.261498;4.1;;96.4;0.966732;263.14;258.93;4.261498;4.1;;99.2;0.991963;246.76;243.64;4.84;4.8;;99.2;0.991963;246.76;243.64;4.84;4.8;;99.7;0.996986;243.29;223.82;6.676446;6.7;;99.7;0.996986;243.29;223.82;6.676446;6.7;;;;;;;;;;;;;;;;;;;;;;;;;;;;;;;;;;;;;;;;;;;
3;Sudeste;31;MG;Minas Gerais;3161908;São Gonçalo do Rio Abaixo;3766221.656;317824.61;3838429.715;323918.12;7603788.203;684163.06;12551.14;5826629.256;1415025.733;176734.622;7430940.751;172847.452;Indústrias extrativas;Demais serviços;Construção;7;True;85.8;0.871052;279.36;278.41;4.780924;4.2;;85.8;0.871052;279.36;278.41;4.780924;4.2;;86.2;0.867524;248.65;249.33;4.966333;4.3;;95.1;0.951523;256.37;255.05;5.190333;4.9;;100.0;1.0;254.68;240.81;7.202722;7.2;;100.0;1.0;254.68;240.81;7.202722;7.2;;99.4;0.994489;263.43;260.27;5.395;5.4;;;;;;;;;;;;;;;;;;;;;;;;;;;;;;;;;;;;
3;Sudeste;31;MG;Minas Gerais;3162005;São Gonçalo do Sapucaí;1189276.86;49638.0;1110720.994;46359.24;986478.332;38429.23;157543.412;202846.604;381155.775;124682.805;866228.595;120249.737;Demais serviços;Indústrias de transformação;Comércio e reparação de veículos automotores e motocicletas;8;True;89.6;0.897225;271.05;277.57;4.651636;4.2;;89.6;0.897225;271.05;277.57;4.651636;4.2;;93.1;0.931382;252.42;255.28;5.128333;4.8;;93.8;0.937659;252.55;255.36;5.131833;4.8;;99.7;0.997194;223.31;209.83;6.040785;6.0;;99.8;0.997395;218.25;205.52;5.865856;5.9;;99.1;0.99075;254.68;256.75;5.1905;5.1;;100.0;1.0;190.68;182.05;4.912984;4.9;;;;;;;;;;;;;;;;;;;;;;;;;;;;;
3;Sudeste;31;MG;Minas Gerais;3162104;São Gotardo;1555360.957;38019.09;1447958.051;35393.74;1189028.466;32951.68;130818.055;125094.25;608767.929;172445.62;1037125.854;151902.613;Demais serviços;Comércio e reparação de veículos automotores e motocicletas;Administração, defesa, educação e saúde públicas e seguridade social;7;True;78.2;0.790234;261.77;269.85;4.40573;3.5;;78.2;0.790234;261.77;269.85;4.40573;3.5;;90.4;0.901812;239.55;245.24;4.7465;4.3;;90.4;0.901812;239.55;245.24;4.7465;4.3;;99.8;0.998395;223.2;211.19;6.063413;6.1;;99.8;0.997994;225.22;211.83;6.113599;6.1;;;;;;;;;99.6;0.995521;238.63;216.11;6.447333;6.4;;;;;;;;;;;;;;;;;;;;;;;;;;;;;
3;Sudeste;31;MG;Minas Gerais;3162203;São João Batista do Glória;294819.325;38528.4;265284.627;34668.67;268081.503;35549.86;109263.28;29837.595;64762.373;49101.301;252964.549;15116.953;Agricultura, inclusive apoio à agricultura e a pós colheita;Demais serviços;Administração, defesa, educação e saúde públicas e seguridade social;6;True;91.1;0.90969;284.33;276.75;4.825877;4.4;;91.1;0.90969;284.33;276.75;4.825877;4.4;;91.0;0.907478;241.27;239.3;4.676167;4.2;;91.0;0.907478;241.27;239.3;4.676167;4.2;;99.8;0.99778;249.6;233.58;6.974321;7.0;;99.8;0.99778;249.6;233.58;6.974321;7.0;;;;;;;;;;;;;;;;;;;;;;;;;;;;;;;;;;;;;;;;;;;
3;Sudeste;31;MG;Minas Gerais;3162252;São João da Lagoa;73609.884;15265.43;65157.105;13512.46;60401.717;12204.83;14162.462;1301.246;13698.85;28452.923;57615.481;2786.236;Administração, defesa, educação e saúde públicas e seguridade social;Demais serviços;Pecuária, inclusive apoio à pecuária;6;True;88.2;0.890153;265.69;275.72;4.54866;4.0;;88.2;0.890153;265.69;275.72;4.54866;4.0;;88.8;0.889048;255.32;247.83;5.0525;4.5;;90.5;0.905183;255.32;247.83;5.0525;4.6;;99.3;0.99469;216.35;211.87;5.945051;5.9;;99.3;0.99469;216.35;211.87;5.945051;5.9;;;;;;;;;;;;;;;;;;;;;;;;;;;;;;;;;;;;;;;;;;;
3;Sudeste;31;MG;Minas Gerais;3162302;São João da Mata;65323.218;22417.03;62268.948;21368.89;55080.701;20080.46;18126.693;1488.98;15456.307;17519.619;52591.599;2489.102;Administração, defesa, educação e saúde públicas e seguridade social;Agricultura, inclusive apoio à agricultura e a pós colheita;Demais serviços;6;True;97.1;0.974053;273.38;282.32;4.755468;4.6;;97.1;0.974053;273.38;282.32;4.755468;4.6;;98.2;0.978582;259.36;269.71;5.4845;5.4;;98.2;0.978582;259.36;269.71;5.4845;5.4;;98.1;0.980754;228.55;200.18;5.96533;5.9;;98.1;0.980754;228.55;200.18;5.96533;5.9;;;;;;;;;;;;;;;;;;;;;;;;;;;;;;;;;;;;;;;;;;;
3;Sudeste;31;MG;Minas Gerais;3162401;São João da Ponte;358300.962;14972.88;294983.653;12326.94;269275.132;10756.81;37952.283;11191.423;82218.964;124761.787;256124.457;13150.676;Administração, defesa, educação e saúde públicas e seguridade social;Demais serviços;Pecuária, inclusive apoio à pecuária;6;True;95.8;0.959942;262.25;266.61;4.363968;4.2;;95.8;0.959942;262.25;266.61;4.363968;4.2;;;;;;;;;96.5;0.964942;258.47;250.32;5.1465;5.0;;99.8;0.998194;228.16;220.03;6.318797;6.3;;99.8;0.998194;228.16;220.03;6.318797;6.3;;96.5;0.964942;258.47;250.32;5.1465;5.0;;;;;;;;;;;;;;;;;;;;;;;;;;;;;;;;;;;;
3;Sudeste;31;MG;Minas Gerais;3162450;São João das Missões;119038.29;9139.92;104830.824;8049.05;92410.154;6983.84;6703.637;2196.851;20446.831;60213.266;89560.586;2849.569;Administração, defesa, educação e saúde públicas e seguridade social;Demais serviços;Pecuária, inclusive apoio à pecuária;4;True;;;;;;;;;;;;;;;;;;;;;;81.9;0.818693;256.81;253.85;5.177667;4.2;;81.6;0.810407;198.08;189.64;5.192205;4.2;;94.1;0.942925;198.08;189.64;5.192205;4.9;;56.8;0.543628;256.81;253.85;5.177667;2.8;;;;;;;;;;;;;;;;;;;;;;;;;;;;;;;;;;;;
3;Sudeste;31;MG;Minas Gerais;3162500;São João del Rei;3505345.575;38851.16;3286449.093;36425.04;3003941.6;33047.75;292263.819;590046.041;1364170.622;405919.349;2652399.83;351541.769;Demais serviços;Administração, defesa, educação e saúde públicas e seguridade social;Indústrias de transformação;8;True;86.5;0.868884;292.56;295.6;5.223653;4.5;;86.9;0.872554;296.84;298.71;5.330322;4.7;;92.2;0.921928;264.15;265.96;5.501833;5.1;;92.3;0.923121;264.87;266.15;5.517;5.1;;96.8;0.96754;230.79;213.56;6.251351;6.0;;98.2;0.982599;241.95;226.68;6.702874;6.6;;93.0;0.926916;270.07;267.48;5.625833;5.2;;99.7;0.997191;251.22;237.57;7.077782;7.1;;;;;;;;;;;;;;;;;;;;;;;;;;;;;
3;Sudeste;31;MG;Minas Gerais;3162559;São João do Manhuaçu;245231.859;21806.14;261762.535;23276.06;183076.429;15534.7;47628.701;8286.731;56613.396;59797.255;172326.082;10750.346;Administração, defesa, educação e saúde públicas e seguridade social;Agricultura, inclusive apoio à agricultura e a pós colheita;Demais serviços;7;True;81.4;0.836213;262.85;270.73;4.434072;3.7;;81.4;0.836213;262.85;270.73;4.434072;3.7;;90.4;0.899714;243.21;245.64;4.814167;4.3;;92.3;0.920907;242.1;246.72;4.813667;4.4;;98.2;0.981338;219.87;205.17;5.890409;5.8;;98.2;0.981338;219.87;205.17;5.890409;5.8;;93.3;0.928365;240.46;248.33;4.813167;4.5;;;;;;;;;;;;;;;;;;;;;;;;;;;;;;;;;;;;
3;Sudeste;31;MG;Minas Gerais;3162575;São João do Manteninha;92757.159;17399.58;86651.756;16254.32;81209.524;13591.55;7832.618;8002.949;29481.596;31214.095;76531.258;4678.266;Administração, defesa, educação e saúde públicas e seguridade social;Demais serviços;Indústrias de transformação;6;True;91.4;0.914016;253.07;268.38;4.261533;3.9;;91.4;0.914016;253.07;268.38;4.261533;3.9;;96.4;0.958368;265.4;258.43;5.397167;5.2;;96.4;0.958368;265.4;258.43;5.397167;5.2;;99.7;0.996759;222.47;196.4;5.780573;5.8;;99.7;0.996759;222.47;196.4;5.780573;5.8;;;;;;;;;;;;;;;;;;;;;;;;;;;;;;;;;;;;;;;;;;;
3;Sudeste;31;MG;Minas Gerais;3162609;São João do Oriente;129881.307;18370.76;111761.64;15807.87;101830.184;13773.87;10318.37;12851.311;35097.008;37245.137;95511.827;6318.357;Administração, defesa, educação e saúde públicas e seguridade social;Demais serviços;Pecuária, inclusive apoio à pecuária;6;True;86.6;0.868165;255.58;261.11;4.187953;3.6;;86.6;0.868165;255.58;261.11;4.187953;3.6;;90.7;0.907757;252.9;252.63;5.092167;4.6;;90.7;0.907757;252.9;252.63;5.092167;4.6;;99.7;0.997577;216.94;214.14;5.997584;6.0;;99.7;0.997577;216.94;214.14;5.997584;6.0;;;;;;;;;;;;;;;;;;;;;;;;;;;;;;;;;;;;;;;;;;;
3;Sudeste;31;MG;Minas Gerais;3162658;São João do Pacuí;52787.43;13289.89;46918.132;11815.19;44650.785;9975.6;7957.063;891.709;9462.012;25080.974;43391.759;1259.027;Administração, defesa, educação e saúde públicas e seguridade social;Demais serviços;Pecuária, inclusive apoio à pecuária;2;True;;;;;;;;;;;;;;;99.2;0.98988;233.28;235.91;4.4865;4.4;;99.2;0.98988;233.28;235.91;4.4865;4.4;;;;;;;;;;;;;;;;;;;;;;;;;;;;;;;;;;;;;;;;;;;;;;;;;;;;;;;;;
3;Sudeste;31;MG;Minas Gerais;3162708;São João do Paraíso;343636.949;14372.1;286699.321;11990.77;285026.405;11977.41;67859.614;16127.571;75784.44;110481.255;270252.879;14773.526;Administração, defesa, educação e saúde públicas e seguridade social;Demais serviços;Produção florestal, pesca e aquicultura;7;True;93.7;0.939815;276.87;280.98;4.784425;4.5;;93.7;0.939815;276.87;280.98;4.784425;4.5;;96.5;0.964822;258.0;265.27;5.387833;5.2;;96.5;0.964822;258.0;265.27;5.387833;5.2;;100.0;1.0;234.7;214.81;6.348697;6.3;;100.0;1.0;249.57;235.11;7.001566;7.0;;;;;;;;;100.0;1.0;258.72;247.6;7.403276;7.4;;;;;;;;;;;;;;;;;;;;;;;;;;;;;
3;Sudeste;31;MG;Minas Gerais;3162807;São João Evangelista;292736.468;19114.36;259717.756;16958.39;253189.474;16064.3;31799.404;13141.786;113170.507;75778.947;233890.645;19298.829;Demais serviços;Administração, defesa, educação e saúde públicas e seguridade social;Comércio e reparação de veículos automotores e motocicletas;7;True;95.5;0.962034;246.61;246.37;3.841311;3.7;;93.7;0.938792;297.38;291.61;5.231619;4.9;;97.1;0.97143;257.71;260.98;5.3115;5.2;;97.1;0.971399;257.71;260.98;5.3115;5.2;;99.9;0.998794;213.95;201.55;5.711613;5.7;;99.9;0.998996;213.95;201.55;5.711613;5.7;;;;;;;;;;;;;;;;92.3;0.922981;328.7;319.52;6.089321;5.6;;;;;;;;;;;;;;;;;;;;;;
3;Sudeste;31;MG;Minas Gerais;3162906;São João Nepomuceno;672478.433;26304.65;581987.222;22765.0;506005.125;19072.94;21060.694;105914.72;217751.774;123433.488;468160.675;37844.45;Demais serviços;Administração, defesa, educação e saúde públicas e seguridade social;Indústrias de transformação;7;True;76.7;0.774442;267.11;269.02;4.468305;3.5;;76.7;0.774442;267.11;269.02;4.468305;3.5;;82.9;0.833747;229.23;240.56;4.4965;3.7;;83.1;0.832252;240.09;251.49;4.859667;4.0;;98.5;0.983991;220.82;212.78;6.046902;6.0;;98.5;0.983991;220.82;212.78;6.046902;6.0;;83.2;0.835624;243.55;254.97;4.975333;4.2;;;;;;;;;;;;;;;;;;;;;;;;;;;;;;;;;;;;
3;Sudeste;31;MG;Minas Gerais;3162922;São Joaquim de Bicas;1065143.955;31010.36;956892.025;27858.74;1083055.953;33125.03;46947.358;432902.288;295832.412;167714.497;943396.554;139659.399;Indústrias de transformação;Demais serviços;Administração, defesa, educação e saúde públicas e seguridade social;6;True;84.1;0.849841;268.71;274.75;4.576555;3.9;;84.1;0.849841;268.71;274.75;4.576555;3.9;;;;;;;;;88.1;0.878417;250.43;249.13;4.992667;4.4;;91.5;0.914237;221.48;209.7;6.003498;5.5;;91.7;0.916052;221.48;209.7;6.003498;5.5;;88.0;0.877762;250.43;249.13;4.992667;4.4;;;;;;;;;;;;;;;;;;;;;;;;;;;;;;;;;;;;
3;Sudeste;31;MG;Minas Gerais;3162948;São José da Barra;911244.741;116931.19;668346.835;85762.46;891414.149;118350.26;87667.621;678363.777;67644.307;44335.026;878010.731;13403.418;Eletricidade e gás, água, esgoto, atividades de gestão de resíduos e descontaminação;Agricultura, inclusive apoio à agricultura e a pós colheita;Demais serviços;6;True;94.5;0.942123;282.94;273.8;4.762193;4.5;;94.5;0.942123;282.94;273.8;4.762193;4.5;;95.6;0.955773;266.48;260.4;5.448;5.2;;95.6;0.955773;266.48;260.4;5.448;5.2;;100.0;1.0;263.15;240.64;7.361272;7.4;;100.0;1.0;263.15;240.64;7.361272;7.4;;;;;;;;;;;;;;;;;;;;;;;;;;;;;;;;;;;;;;;;;;;
3;Sudeste;31;MG;Minas Gerais;3162955;São José da Lapa;1026318.769;39001.28;976279.9;37527.58;624432.332;25497.44;9299.696;198280.634;193618.475;133985.045;535183.85;89248.482;Indústrias de transformação;Demais serviços;Administração, defesa, educação e saúde públicas e seguridade social;7;True;91.8;0.917897;269.7;278.86;4.651986;4.3;;91.8;0.917897;269.7;278.86;4.651986;4.3;;97.8;0.977557;248.46;261.31;5.162833;5.0;;95.8;0.957481;249.91;262.36;5.2045;5.0;;99.6;0.996388;223.63;222.46;6.276528;6.3;;99.6;0.996388;223.63;222.46;6.276528;6.3;;92.5;0.923496;253.26;264.79;5.300833;4.9;;;;;;;;;;;;;;;;;;;;;;;;;;;;;;;;;;;;
3;Sudeste;31;MG;Minas Gerais;3163003;São José da Safira;53061.692;13941.59;48147.135;12650.32;49537.836;11544.59;3255.639;3977.496;15191.529;25153.609;47578.273;1959.563;Administração, defesa, educação e saúde públicas e seguridade social;Demais serviços;Pecuária, inclusive apoio à pecuária;6;True;94.7;0.944922;254.28;253.42;4.054575;3.8;;94.7;0.944922;254.28;253.42;4.054575;3.8;;86.5;0.863777;227.02;226.11;4.218833;3.6;;88.8;0.888528;227.02;226.11;4.218833;3.7;;99.6;0.995106;220.11;196.4;5.735534;5.7;;99.6;0.995314;220.11;196.4;5.735534;5.7;;;;;;;;;;;;;;;;;;;;;;;;;;;;;;;;;;;;;;;;;;;
3;Sudeste;31;MG;Minas Gerais;3163102;São José da Varginha;136883.647;30177.17;121945.528;26883.93;114569.087;22242.11;55240.106;2111.719;24970.075;26905.529;109227.429;5341.658;Pecuária, inclusive apoio à pecuária;Administração, defesa, educação e saúde públicas e seguridade social;Demais serviços;4;True;;;;;;;;;;;;;;;95.9;0.958402;225.57;229.54;4.251833;4.1;;95.9;0.958402;225.57;229.54;4.251833;4.1;;99.3;0.99272;202.79;202.37;5.513545;5.5;;99.3;0.99272;202.79;202.37;5.513545;5.5;;;;;;;;;;;;;;;;;;;;;;;;;;;;;;;;;;;;;;;;;;;
3;Sudeste;31;MG;Minas Gerais;3163201;São José do Alegre;78981.024;19109.85;69544.091;16826.54;57941.277;13723.66;8117.064;2696.943;20567.046;22992.728;54373.781;3567.495;Administração, defesa, educação e saúde públicas e seguridade social;Demais serviços;Comércio e reparação de veículos automotores e motocicletas;6;True;91.2;0.911428;269.03;263.42;4.411439;4.0;;91.2;0.911428;269.03;263.42;4.411439;4.0;;99.6;0.994924;266.49;257.89;5.406333;5.4;;99.6;0.994924;266.49;257.89;5.406333;5.4;;98.7;0.986032;240.66;224.24;6.633892;6.5;;98.7;0.986032;240.66;224.24;6.633892;6.5;;;;;;;;;;;;;;;;;;;;;;;;;;;;;;;;;;;;;;;;;;;
3;Sudeste;31;MG;Minas Gerais;3163300;São José do Divino;60347.69;17421.39;54219.506;15652.28;53034.752;13771.68;11331.762;1212.615;15461.771;23510.447;51516.596;1518.156;Administração, defesa, educação e saúde públicas e seguridade social;Demais serviços;Pecuária, inclusive apoio à pecuária;7;True;96.5;0.971086;282.04;275.97;4.782038;4.6;;96.5;0.971086;282.04;275.97;4.782038;4.6;;93.4;0.932107;257.22;265.29;5.375167;5.0;;93.4;0.932107;257.22;265.29;5.375167;5.0;;99.3;0.99301;199.72;192.05;5.267321;5.2;;99.6;0.995521;210.56;197.92;5.580919;5.6;;;;;;;;;100.0;1.0;228.42;207.58;6.097395;6.1;;;;;;;;;;;;;;;;;;;;;;;;;;;;;
3;Sudeste;31;MG;Minas Gerais;3163409;São José do Goiabal;87323.239;16182.96;73843.904;13684.93;67368.513;12578.14;13245.979;2489.778;19791.386;29547.023;65074.165;2294.348;Administração, defesa, educação e saúde públicas e seguridade social;Demais serviços;Pecuária, inclusive apoio à pecuária;6;True;86.4;0.872707;288.23;281.37;4.949814;4.3;;86.4;0.872707;288.23;281.37;4.949814;4.3;;84.5;0.8448;241.55;251.52;4.8845;4.1;;84.5;0.8448;241.55;251.52;4.8845;4.1;;100.0;1.0;217.45;200.33;5.756226;5.8;;100.0;1.0;217.45;200.33;5.756226;5.8;;;;;;;;;;;;;;;;;;;;;;;;;;;;;;;;;;;;;;;;;;;
3;Sudeste;31;MG;Minas Gerais;3163508;São José do Jacuri;157540.742;25422.1;116399.758;18783.24;99879.802;15584.3;22199.897;13823.646;25606.732;32033.895;93664.17;6215.632;Administração, defesa, educação e saúde públicas e seguridade social;Demais serviços;Indústrias de transformação;6;True;88.6;0.892901;255.69;258.56;4.151325;3.7;;88.6;0.892901;255.69;258.56;4.151325;3.7;;90.0;0.899181;243.33;247.24;4.842833;4.4;;91.2;0.910833;243.33;247.24;4.842833;4.4;;100.0;1.0;217.58;210.81;5.949252;5.9;;100.0;1.0;217.58;210.81;5.949252;5.9;;;;;;;;;;;;;;;;;;;;;;;;;;;;;;;;;;;;;;;;;;;
3;Sudeste;31;MG;Minas Gerais;3163607;São José do Mantimento;56991.577;20701.63;57196.408;20776.03;44164.7;15655.69;11532.373;1558.825;11034.701;18805.64;42931.539;1233.161;Administração, defesa, educação e saúde públicas e seguridade social;Demais serviços;Agricultura, inclusive apoio à agricultura e a pós colheita;6;True;93.4;0.93811;285.15;278.24;4.859699;4.6;;93.4;0.93811;285.15;278.24;4.859699;4.6;;95.2;0.951516;253.26;242.59;4.930833;4.7;;95.2;0.951516;253.26;242.59;4.930833;4.7;;99.5;0.994481;223.17;216.16;6.153204;6.1;;99.5;0.994481;223.17;216.16;6.153204;6.1;;;;;;;;;;;;;;;;;;;;;;;;;;;;;;;;;;;;;;;;;;;
3;Sudeste;31;MG;Minas Gerais;3163706;São Lourenço;1412019.982;31519.71;1249052.311;27881.88;1177794.992;25307.7;2663.637;108612.717;701404.23;252119.472;1064800.056;112994.936;Demais serviços;Administração, defesa, educação e saúde públicas e seguridade social;Comércio e reparação de veículos automotores e motocicletas;8;True;90.2;0.903781;273.93;283.94;4.787444;4.3;;90.2;0.903781;273.93;283.94;4.787444;4.3;;93.8;0.939904;256.59;257.73;5.238667;4.9;;94.9;0.94887;263.32;262.52;5.430667;5.2;;97.2;0.972104;250.2;238.91;7.08268;6.9;;97.4;0.975181;249.37;237.23;7.036295;6.9;;96.3;0.961789;270.82;267.84;5.644333;5.4;;99.6;0.996141;243.73;225.79;6.720661;6.7;;;;;;;;;;;;;;;;;;;;;;;;;;;;;
3;Sudeste;31;MG;Minas Gerais;3163805;São Miguel do Anta;129740.224;20483.14;130368.113;20582.27;105060.082;15118.73;32883.244;5596.08;25860.868;36215.98;100556.172;4503.909;Administração, defesa, educação e saúde públicas e seguridade social;Demais serviços;Agricultura, inclusive apoio à agricultura e a pós colheita;6;True;96.9;0.971234;273.26;267.9;4.537915;4.4;;96.9;0.971234;273.26;267.9;4.537915;4.4;;97.1;0.971675;254.55;255.35;5.165;5.0;;97.1;0.971675;254.55;255.35;5.165;5.0;;98.6;0.985739;228.16;221.18;6.339706;6.2;;98.6;0.985739;228.16;221.18;6.339706;6.2;;;;;;;;;;;;;;;;;;;;;;;;;;;;;;;;;;;;;;;;;;;
3;Sudeste;31;MG;Minas Gerais;3163904;São Pedro da União;157484.323;32238.35;184727.328;37815.22;148146.756;32466.96;71612.924;5631.125;37965.235;26071.39;141280.674;6866.082;Agricultura, inclusive apoio à agricultura e a pós colheita;Demais serviços;Administração, defesa, educação e saúde públicas e seguridade social;6;True;89.7;0.897758;273.02;267.39;4.526909;4.1;;89.7;0.897758;273.02;267.39;4.526909;4.1;;99.2;0.991427;272.58;259.32;5.531667;5.5;;99.2;0.991427;272.58;259.32;5.531667;5.5;;100.0;1.0;263.36;242.84;7.40528;7.4;;100.0;1.0;263.36;242.84;7.40528;7.4;;;;;;;;;;;;;;;;;;;;;;;;;;;;;;;;;;;;;;;;;;;
3;Sudeste;31;MG;Minas Gerais;3164001;São Pedro dos Ferros;160625.945;22415.01;143511.081;20026.66;134364.4;17600.79;29878.974;17141.912;42574.817;33704.203;123299.906;11064.494;Administração, defesa, educação e saúde públicas e seguridade social;Demais serviços;Indústrias de transformação;6;True;86.9;0.867063;258.16;263.65;4.262213;3.7;;86.9;0.867063;258.16;263.65;4.262213;3.7;;90.7;0.901903;239.63;256.98;4.9435;4.5;;90.7;0.901903;239.63;256.98;4.9435;4.5;;100.0;1.0;222.44;205.32;5.942182;5.9;;100.0;1.0;222.44;205.32;5.942182;5.9;;;;;;;;;;;;;;;;;;;;;;;;;;;;;;;;;;;;;;;;;;;
3;Sudeste;31;MG;Minas Gerais;3164100;São Pedro do Suaçuí;117362.439;22998.71;95276.671;18670.72;81768.753;15846.66;13279.552;9833.84;26380.362;26530.428;76024.182;5744.572;Administração, defesa, educação e saúde públicas e seguridade social;Demais serviços;Pecuária, inclusive apoio à pecuária;7;True;91.2;0.917142;256.42;258.04;4.153793;3.8;;91.2;0.917142;256.42;258.04;4.153793;3.8;;96.5;0.965639;258.77;255.88;5.244167;5.1;;96.5;0.965639;258.77;255.88;5.244167;5.1;;100.0;1.0;230.59;213.79;6.251716;6.3;;100.0;1.0;231.36;218.12;6.345138;6.3;;;;;;;;;100.0;1.0;235.62;241.92;6.859163;6.9;;;;;;;;;;;;;;;;;;;;;;;;;;;;;
3;Sudeste;31;MG;Minas Gerais;3164209;São Romão;228104.536;22113.87;268414.067;26021.72;243070.34;19119.83;121813.205;10196.073;44430.929;57417.389;233857.596;9212.744;Agricultura, inclusive apoio à agricultura e a pós colheita;Administração, defesa, educação e saúde públicas e seguridade social;Demais serviços;6;True;97.4;0.971165;252.7;261.74;4.156935;4.0;;97.4;0.971165;252.7;261.74;4.156935;4.0;;96.9;0.969115;236.18;237.21;4.5565;4.4;;96.9;0.969115;236.18;237.21;4.5565;4.4;;99.4;0.994137;220.63;209.85;5.990003;6.0;;99.4;0.994137;220.63;209.85;5.990003;6.0;;;;;;;;;;;;;;;;;;;;;;;;;;;;;;;;;;;;;;;;;;;
3;Sudeste;31;MG;Minas Gerais;3164308;São Roque de Minas;424171.787;59499.48;357530.188;50151.52;323179.269;45518.21;151224.763;24491.512;85759.962;38173.526;299649.762;23529.507;Agricultura, inclusive apoio à agricultura e a pós colheita;Demais serviços;Pecuária, inclusive apoio à pecuária;6;True;86.3;0.866663;280.32;278.07;4.789317;4.2;;86.3;0.866663;280.32;278.07;4.789317;4.2;;96.6;0.966002;262.3;261.21;5.391833;5.2;;96.6;0.966002;262.3;261.21;5.391833;5.2;;100.0;1.0;238.28;228.55;6.666836;6.7;;100.0;1.0;238.28;228.55;6.666836;6.7;;;;;;;;;;;;;;;;;;;;;;;;;;;;;;;;;;;;;;;;;;;
3;Sudeste;31;MG;Minas Gerais;3164407;São Sebastião da Bela Vista;718486.98;112492.09;618200.756;96790.47;442551.617;79055.31;24954.525;80441.173;213884.912;35965.907;355246.517;87305.1;Comércio e reparação de veículos automotores e motocicletas;Demais serviços;Indústrias de transformação;6;True;98.7;0.987917;269.88;279.0;4.65661;4.6;;98.7;0.987917;269.88;279.0;4.65661;4.6;;99.7;0.997227;247.99;256.0;5.0665;5.1;;99.7;0.997227;247.99;256.0;5.0665;5.1;;99.4;0.994272;247.47;226.25;6.800399;6.8;;99.4;0.994272;247.47;226.25;6.800399;6.8;;;;;;;;;;;;;;;;;;;;;;;;;;;;;;;;;;;;;;;;;;;
3;Sudeste;31;MG;Minas Gerais;3164431;São Sebastião da Vargem Alegre;64187.178;20619.07;74833.042;24038.88;66795.985;21979.59;9521.013;18536.039;15439.802;21448.429;64945.282;1850.703;Administração, defesa, educação e saúde públicas e seguridade social;Indústrias extrativas;Demais serviços;6;True;94.9;0.951188;286.7;290.91;5.07114;4.8;;94.9;0.951188;286.7;290.91;5.07114;4.8;;;;;;;;;94.3;0.946456;272.49;270.34;5.713833;5.4;;100.0;1.0;247.17;212.0;6.535583;6.5;;100.0;1.0;247.17;212.0;6.535583;6.5;;94.3;0.946456;272.49;270.34;5.713833;5.4;;;;;;;;;;;;;;;;;;;;;;;;;;;;;;;;;;;;
3;Sudeste;31;MG;Minas Gerais;3164472;São Sebastião do Anta;128459.975;20739.42;131729.719;21267.31;104236.016;15564.58;27810.621;4945.32;31025.688;36090.304;99871.932;4364.083;Administração, defesa, educação e saúde públicas e seguridade social;Agricultura, inclusive apoio à agricultura e a pós colheita;Demais serviços;7;True;88.8;0.879237;293.45;286.3;5.096931;4.5;;88.8;0.879237;293.45;286.3;5.096931;4.5;;95.5;0.967636;286.59;275.82;6.040167;5.8;;93.8;0.938337;265.88;262.33;5.470167;5.1;;100.0;1.0;221.86;205.67;5.937477;5.9;;100.0;1.0;221.86;205.67;5.937477;5.9;;93.3;0.928584;258.87;257.76;5.277167;4.9;;;;;;;;;;;;;;;;;;;;;;;;;;;;;;;;;;;;
3;Sudeste;31;MG;Minas Gerais;3164506;São Sebastião do Maranhão;126119.998;12513.15;107845.967;10700.07;100804.467;10198.75;20718.032;2931.961;28272.484;44494.783;96417.26;4387.207;Administração, defesa, educação e saúde públicas e seguridade social;Demais serviços;Pecuária, inclusive apoio à pecuária;6;True;96.4;0.962094;257.2;249.68;4.039598;3.9;;96.4;0.962094;257.2;249.68;4.039598;3.9;;97.3;0.972481;226.56;234.28;4.347333;4.2;;97.3;0.972481;226.56;234.28;4.347333;4.2;;;;;;;;;100.0;1.0;214.46;209.83;5.871892;5.9;;;;;;;;;100.0;1.0;214.46;209.83;5.871892;5.9;;;;;;;;;;;;;;;;;;;;;;;;;;;;;
3;Sudeste;31;MG;Minas Gerais;3164605;São Sebastião do Oeste;882568.006;100121.16;772508.056;87635.63;596666.967;85876.07;77594.596;234174.889;155067.711;40591.619;507428.814;89238.153;Indústrias de transformação;Demais serviços;Pecuária, inclusive apoio à pecuária;6;True;95.1;0.947485;269.37;281.7;4.689867;4.4;;95.1;0.947485;269.37;281.7;4.689867;4.4;;;;;;;;;93.0;0.932252;256.27;252.45;5.145333;4.8;;100.0;1.0;215.33;209.99;5.891404;5.9;;100.0;1.0;215.33;209.99;5.891404;5.9;;93.0;0.932252;256.27;252.45;5.145333;4.8;;;;;;;;;;;;;;;;;;;;;;;;;;;;;;;;;;;;
3;Sudeste;31;MG;Minas Gerais;3164704;São Sebastião do Paraíso;2834250.036;39476.43;2537934.917;35349.25;2234340.97;31069.19;186670.988;425484.918;965699.681;363181.419;1941037.007;293303.963;Demais serviços;Administração, defesa, educação e saúde públicas e seguridade social;Indústrias de transformação;7;True;89.6;0.89939;282.89;286.73;4.955054;4.5;;89.6;0.89939;282.89;286.73;4.955054;4.5;;94.6;0.946017;266.98;266.08;5.551;5.3;;95.0;0.949829;267.87;266.85;5.578667;5.3;;99.5;0.994758;234.87;219.71;6.441032;6.4;;99.5;0.994758;234.87;219.71;6.441032;6.4;;96.9;0.967443;276.31;274.07;5.839667;5.6;;;;;;;;;;;;;;;;;;;;;;;;;;;;;;;;;;;;
3;Sudeste;31;MG;Minas Gerais;3164803;São Sebastião do Rio Preto;31554.982;25063.53;27919.121;22175.63;25964.834;17567.55;4466.707;579.769;6189.388;14124.773;25360.637;604.197;Administração, defesa, educação e saúde públicas e seguridade social;Demais serviços;Pecuária, inclusive apoio à pecuária;6;True;100.0;1.0;282.09;265.56;4.626902;4.6;;100.0;1.0;282.09;265.56;4.626902;4.6;;97.0;0.971506;259.6;264.34;5.399;5.2;;97.0;0.971506;259.6;264.34;5.399;5.2;;100.0;1.0;222.66;211.96;6.067108;6.1;;100.0;1.0;222.66;211.96;6.067108;6.1;;;;;;;;;;;;;;;;;;;;;;;;;;;;;;;;;;;;;;;;;;;
3;Sudeste;31;MG;Minas Gerais;3164902;São Sebastião do Rio Verde;48144.982;20932.6;41464.12;18027.88;35674.909;15792.35;5971.537;1432.588;11160.519;15660.376;34225.019;1449.89;Administração, defesa, educação e saúde públicas e seguridade social;Demais serviços;Pecuária, inclusive apoio à pecuária;6;True;89.3;0.88946;327.32;305.73;5.863502;5.2;;89.3;0.88946;327.32;305.73;5.863502;5.2;;;;;;;;;82.6;0.82092;312.24;286.81;6.650833;5.5;;98.5;0.985394;235.81;205.86;6.207153;6.1;;98.5;0.985394;235.81;205.86;6.207153;6.1;;82.6;0.82092;312.24;286.81;6.650833;5.5;;;;;;;;;;;;;;;;;;;;;;;;;;;;;;;;;;;;
3;Sudeste;31;MG;Minas Gerais;3165008;São Tiago;280530.963;25065.31;255018.986;22785.83;246013.098;22407.61;65685.336;37327.413;75024.965;50548.571;228586.285;17426.813;Demais serviços;Administração, defesa, educação e saúde públicas e seguridade social;Pecuária, inclusive apoio à pecuária;7;True;93.4;0.938087;287.94;289.39;5.065801;4.8;;93.4;0.938087;287.94;289.39;5.065801;4.8;;93.5;0.933776;256.31;256.25;5.209333;4.9;;93.5;0.933776;256.31;256.25;5.209333;4.9;;99.7;0.996964;258.4;239.34;7.246987;7.2;;99.8;0.998187;240.95;228.25;6.712335;6.7;;;;;;;;;100.0;1.0;220.35;215.17;6.081387;6.1;;;;;;;;;;;;;;;;;;;;;;;;;;;;;
3;Sudeste;31;MG;Minas Gerais;3165107;São Tomás de Aquino;236783.513;35131.08;252855.816;37515.7;195195.791;27965.01;84032.516;14782.17;48514.925;38780.913;186110.524;9085.266;Agricultura, inclusive apoio à agricultura e a pós colheita;Demais serviços;Administração, defesa, educação e saúde públicas e seguridade social;6;True;83.6;0.833149;287.74;291.07;5.088142;4.2;;83.6;0.833149;287.74;291.07;5.088142;4.2;;76.8;0.774314;259.96;260.76;5.345333;4.1;;76.8;0.774314;259.96;260.76;5.345333;4.1;;97.6;0.975389;213.04;206.47;5.783702;5.6;;97.6;0.975389;213.04;206.47;5.783702;5.6;;;;;;;;;;;;;;;;;;;;;;;;;;;;;;;;;;;;;;;;;;;
3;Sudeste;31;MG;Minas Gerais;3165206;São Tomé das Letras;159505.662;23103.37;156679.505;22694.02;137340.844;19205.82;35981.122;11443.823;46720.718;35302.837;129448.5;7892.344;Demais serviços;Administração, defesa, educação e saúde públicas e seguridade social;Agricultura, inclusive apoio à agricultura e a pós colheita;7;True;94.6;0.947797;272.59;276.8;4.661738;4.4;;94.6;0.947797;272.59;276.8;4.661738;4.4;;95.4;0.95495;272.6;268.49;5.684833;5.4;;95.4;0.95495;272.6;268.49;5.684833;5.4;;99.4;0.993128;232.87;217.28;6.358682;6.3;;99.5;0.994148;234.63;220.13;6.444088;6.4;;;;;;;;;100.0;1.0;244.07;235.39;6.901695;6.9;;;;;;;;;;;;;;;;;;;;;;;;;;;;;
3;Sudeste;31;MG;Minas Gerais;3165305;São Vicente de Minas;248336.175;36498.56;222960.093;32768.97;206079.557;26165.51;55556.249;26957.011;65965.786;37992.988;186472.034;19607.523;Demais serviços;Administração, defesa, educação e saúde públicas e seguridade social;Agricultura, inclusive apoio à agricultura e a pós colheita;6;True;87.2;0.878398;285.86;291.65;5.07042;4.5;;87.2;0.878398;285.86;291.65;5.07042;4.5;;91.7;0.916512;263.4;270.52;5.565333;5.1;;91.7;0.916512;263.4;270.52;5.565333;5.1;;96.8;0.965543;236.98;214.51;6.386754;6.2;;96.8;0.965543;236.98;214.51;6.386754;6.2;;;;;;;;;;;;;;;;;;;;;;;;;;;;;;;;;;;;;;;;;;;
3;Sudeste;31;MG;Minas Gerais;3165404;Sapucaí-Mirim;174273.908;27614.31;137508.461;21788.7;110258.164;15650.56;14692.119;15447.571;38330.283;34393.953;102863.926;7394.239;Administração, defesa, educação e saúde públicas e seguridade social;Demais serviços;Indústrias de transformação;6;True;100.0;1.0;263.36;268.15;4.402612;4.4;;100.0;1.0;263.36;268.15;4.402612;4.4;;100.0;1.0;238.61;257.72;4.938833;4.9;;100.0;1.0;238.61;257.72;4.938833;4.9;;99.5;0.994481;237.63;218.84;6.477885;6.4;;99.5;0.994481;237.63;218.84;6.477885;6.4;;;;;;;;;;;;;;;;;;;;;;;;;;;;;;;;;;;;;;;;;;;
3;Sudeste;31;MG;Minas Gerais;3165503;Sardoá;85294.48;16711.3;71576.873;14023.68;68811.222;10716.59;6753.565;3349.948;22628.397;32586.508;65318.419;3492.804;Administração, defesa, educação e saúde públicas e seguridade social;Demais serviços;Comércio e reparação de veículos automotores e motocicletas;6;True;91.6;0.918072;285.63;274.99;4.817788;4.4;;91.6;0.918072;285.63;274.99;4.817788;4.4;;95.7;0.95553;265.69;269.93;5.593667;5.3;;96.7;0.966478;265.69;269.93;5.593667;5.4;;98.2;0.981492;241.84;226.73;6.701684;6.6;;98.2;0.981492;241.84;226.73;6.701684;6.6;;;;;;;;;;;;;;;;;;;;;;;;;;;;;;;;;;;;;;;;;;;
3;Sudeste;31;MG;Minas Gerais;3165537;Sarzedo;1642521.872;44580.44;1633539.565;44336.65;2190345.971;64327.34;2994.01;1255610.969;538214.912;185036.51;1981856.401;208489.57;Indústrias extrativas;Demais serviços;Administração, defesa, educação e saúde públicas e seguridade social;6;True;85.4;0.86175;264.49;270.38;4.451866;3.8;;85.4;0.86175;264.49;270.38;4.451866;3.8;;91.9;0.918456;253.57;257.37;5.182333;4.8;;91.9;0.918456;253.57;257.37;5.182333;4.8;;98.5;0.984646;235.66;225.13;6.554654;6.5;;98.5;0.984646;235.66;225.13;6.554654;6.5;;;;;;;;;;;;;;;;;;;;;;;;;;;;;;;;;;;;;;;;;;;
3;Sudeste;31;MG;Minas Gerais;3165552;Setubinha;135060.474;13619.09;130345.668;13143.66;122712.798;9822.52;37905.559;3019.409;24522.125;53799.755;119246.848;3465.95;Administração, defesa, educação e saúde públicas e seguridade social;Demais serviços;Agricultura, inclusive apoio à agricultura e a pós colheita;6;True;84.6;0.84733;250.12;254.02;4.00513;3.4;;84.6;0.84733;250.12;254.02;4.00513;3.4;;84.1;0.840913;230.1;234.45;4.409167;3.7;;84.3;0.843153;230.1;234.45;4.409167;3.7;;;;;;;;;100.0;1.0;209.15;203.27;5.651283;5.7;;;;;;;;;100.0;1.0;209.15;203.27;5.651283;5.7;;;;;;;;;;;;;;;;;;;;;;;;;;;;;
3;Sudeste;31;MG;Minas Gerais;3165560;Sem-Peixe;41762.745;17165.12;36775.076;15115.12;36659.681;14214.69;6345.113;2804.898;9964.264;16386.233;35500.507;1159.174;Administração, defesa, educação e saúde públicas e seguridade social;Demais serviços;Pecuária, inclusive apoio à pecuária;6;True;100.0;1.0;300.64;304.25;5.466627;5.5;;100.0;1.0;300.64;304.25;5.466627;5.5;;100.0;1.0;253.77;252.71;5.108;5.1;;100.0;1.0;253.77;252.71;5.108;5.1;;100.0;1.0;219.52;200.07;5.791002;5.8;;100.0;1.0;219.52;200.07;5.791002;5.8;;;;;;;;;;;;;;;;;;;;;;;;;;;;;;;;;;;;;;;;;;;
3;Sudeste;31;MG;Minas Gerais;3165578;Senador Amaral;115729.92;18648.07;101052.496;16283.03;89403.684;16664.25;18774.226;3396.507;31151.201;31263.765;84585.699;4817.985;Administração, defesa, educação e saúde públicas e seguridade social;Demais serviços;Agricultura, inclusive apoio à agricultura e a pós colheita;8;True;87.0;0.879024;265.36;246.85;4.11184;3.6;;87.0;0.879024;265.36;246.85;4.11184;3.6;;91.2;0.912959;248.25;246.39;4.910667;4.5;;88.8;0.887113;254.74;250.94;5.094667;4.5;;98.9;0.991094;217.2;198.88;5.725091;5.7;;99.6;0.996553;210.92;193.78;5.512516;5.5;;84.1;0.837948;268.06;260.26;5.472;4.6;;100.0;1.0;207.87;191.3;5.409219;5.4;;;;;;;;;;;;;;;;;;;;;;;;;;;;;
3;Sudeste;31;MG;Minas Gerais;3165602;Senador Cortes;48570.35;21683.19;42692.206;19059.02;38032.805;19006.9;5662.139;3720.525;11342.932;15164.085;35889.682;2143.123;Administração, defesa, educação e saúde públicas e seguridade social;Demais serviços;Pecuária, inclusive apoio à pecuária;6;True;95.0;0.952954;218.83;202.72;2.7977;2.7;;95.0;0.952954;218.83;202.72;2.7977;2.7;;;;;;;;;97.0;0.966326;246.67;238.51;4.753;4.6;;97.0;0.969931;195.72;188.83;5.13244;5.0;;97.0;0.969931;195.72;188.83;5.13244;5.0;;97.0;0.966326;246.67;238.51;4.753;4.6;;;;;;;;;;;;;;;;;;;;;;;;;;;;;;;;;;;;
3;Sudeste;31;MG;Minas Gerais;3165701;Senador Firmino;142956.376;18527.26;123408.472;15993.84;106704.397;13503.47;10240.697;7327.176;43246.007;39513.445;100327.325;6377.071;Administração, defesa, educação e saúde públicas e seguridade social;Demais serviços;Comércio e reparação de veículos automotores e motocicletas;6;True;92.3;0.924882;292.07;283.6;5.03713;4.7;;92.3;0.924882;292.07;283.6;5.03713;4.7;;99.1;0.991;263.2;258.91;5.3685;5.3;;99.1;0.991;263.2;258.91;5.3685;5.3;;99.8;0.99778;256.74;237.17;7.175853;7.2;;99.8;0.99778;256.74;237.17;7.175853;7.2;;;;;;;;;;;;;;;;;;;;;;;;;;;;;;;;;;;;;;;;;;;
3;Sudeste;31;MG;Minas Gerais;3165800;Senador José Bento;43394.782;20983.94;44947.005;21734.53;35501.088;24965.6;12155.509;1013.22;8613.417;12547.154;34329.299;1171.789;Administração, defesa, educação e saúde públicas e seguridade social;Agricultura, inclusive apoio à agricultura e a pós colheita;Demais serviços;6;True;91.8;0.918104;258.95;273.4;4.419267;4.1;;91.8;0.918104;258.95;273.4;4.419267;4.1;;;;;;;;;100.0;1.0;256.69;256.08;5.212833;5.2;;100.0;1.0;238.83;236.15;6.815514;6.8;;100.0;1.0;238.83;236.15;6.815514;6.8;;100.0;1.0;256.69;256.08;5.212833;5.2;;;;;;;;;;;;;;;;;;;;;;;;;;;;;;;;;;;;
3;Sudeste;31;MG;Minas Gerais;3165909;Senador Modestino Gonçalves;92678.688;23123.43;86654.175;21620.3;92203.567;22732.63;44693.058;7205.492;14778.22;23248.431;89925.202;2278.365;Produção florestal, pesca e aquicultura;Administração, defesa, educação e saúde públicas e seguridade social;Demais serviços;6;True;89.1;0.882367;267.22;267.95;4.453832;3.9;;89.1;0.882367;267.22;267.95;4.453832;3.9;;86.7;0.861451;262.92;248.99;5.1985;4.5;;86.7;0.861451;262.92;248.99;5.1985;4.5;;100.0;1.0;221.66;212.59;6.059478;6.1;;100.0;1.0;221.66;212.59;6.059478;6.1;;;;;;;;;;;;;;;;;;;;;;;;;;;;;;;;;;;;;;;;;;;
3;Sudeste;31;MG;Minas Gerais;3166006;Senhora de Oliveira;91127.597;16620.02;86520.609;15779.79;81065.132;14010.57;15271.633;2370.613;30171.949;29598.989;77413.185;3651.947;Administração, defesa, educação e saúde públicas e seguridade social;Demais serviços;Produção florestal, pesca e aquicultura;6;True;94.7;0.944308;290.53;292.77;5.152776;4.9;;94.7;0.944308;290.53;292.77;5.152776;4.9;;94.1;0.932716;275.07;262.9;5.632833;5.3;;94.1;0.932716;275.07;262.9;5.632833;5.3;;98.7;0.986064;246.37;230.43;6.855407;6.8;;98.7;0.986064;246.37;230.43;6.855407;6.8;;;;;;;;;;;;;;;;;;;;;;;;;;;;;;;;;;;;;;;;;;;
3;Sudeste;31;MG;Minas Gerais;3166105;Senhora do Porto;56070.04;18281.72;50946.215;16611.09;49707.906;14137.63;12440.352;4355.861;10440.533;20670.41;47907.156;1800.75;Administração, defesa, educação e saúde públicas e seguridade social;Demais serviços;Pecuária, inclusive apoio à pecuária;6;True;95.6;0.944625;264.45;258.06;4.266873;4.0;;95.6;0.944625;264.45;258.06;4.266873;4.0;;95.3;0.952469;235.52;237.0;4.542;4.3;;95.3;0.952469;235.52;237.0;4.542;4.3;;100.0;1.0;204.91;205.09;5.603458;5.6;;100.0;1.0;204.91;205.09;5.603458;5.6;;;;;;;;;;;;;;;;;;;;;;;;;;;;;;;;;;;;;;;;;;;
3;Sudeste;31;MG;Minas Gerais;3166204;Senhora dos Remédios;138814.202;13368.09;126898.207;12220.55;115730.758;11049.34;21098.215;9992.363;32379.062;48125.986;111595.625;4135.132;Administração, defesa, educação e saúde públicas e seguridade social;Demais serviços;Pecuária, inclusive apoio à pecuária;6;True;93.3;0.932304;272.88;277.15;4.671051;4.4;;93.3;0.932304;272.88;277.15;4.671051;4.4;;98.5;0.984798;261.77;260.23;5.366667;5.3;;98.5;0.984798;261.77;260.23;5.366667;5.3;;;;;;;;;100.0;1.0;249.05;231.05;6.917824;6.9;;;;;;;;;100.0;1.0;249.05;231.05;6.917824;6.9;;;;;;;;;;;;;;;;;;;;;;;;;;;;;
3;Sudeste;31;MG;Minas Gerais;3166303;Sericita;156437.638;21298.52;175838.331;23939.87;104954.255;14298.94;31449.403;6949.086;26324.508;36422.266;101145.263;3808.993;Administração, defesa, educação e saúde públicas e seguridade social;Agricultura, inclusive apoio à agricultura e a pós colheita;Demais serviços;6;True;79.9;0.80936;270.35;268.36;4.50393;3.6;;79.9;0.80936;270.35;268.36;4.50393;3.6;;85.7;0.856019;258.03;255.99;5.233667;4.5;;85.7;0.856019;258.03;255.99;5.233667;4.5;;99.8;0.997984;234.17;211.73;6.282582;6.3;;99.8;0.997984;234.17;211.73;6.282582;6.3;;;;;;;;;;;;;;;;;;;;;;;;;;;;;;;;;;;;;;;;;;;
3;Sudeste;31;MG;Minas Gerais;3166402;Seritinga;54766.412;30107.98;48147.142;26469.02;45220.542;24351.4;10423.79;3214.117;13820.305;14946.837;42405.048;2815.494;Administração, defesa, educação e saúde públicas e seguridade social;Demais serviços;Pecuária, inclusive apoio à pecuária;6;True;100.0;1.0;282.68;292.03;5.031446;5.0;;100.0;1.0;282.68;292.03;5.031446;5.0;;;;;;;;;96.6;0.96852;266.52;263.97;5.508167;5.3;;95.0;0.956545;249.26;229.42;6.892196;6.6;;95.0;0.956545;249.26;229.42;6.892196;6.6;;96.6;0.96852;266.52;263.97;5.508167;5.3;;;;;;;;;;;;;;;;;;;;;;;;;;;;;;;;;;;;
3;Sudeste;31;MG;Minas Gerais;3166501;Serra Azul de Minas;56048.56;14780.74;48541.55;12801.04;45048.177;10495.85;5920.821;1454.281;10373.545;26019.906;43768.553;1279.624;Administração, defesa, educação e saúde públicas e seguridade social;Demais serviços;Pecuária, inclusive apoio à pecuária;4;True;90.0;0.893442;265.16;266.89;4.409031;3.9;;90.0;0.893442;265.16;266.89;4.409031;3.9;;;;;;;;;;;;;;;;;;;;;;;100.0;1.0;225.18;220.58;6.271926;6.3;;;;;;;;;100.0;1.0;225.18;220.58;6.271926;6.3;;;;;;;;;;;;;;;;;;;;;;;;;;;;;
3;Sudeste;31;MG;Minas Gerais;3166600;Serra da Saudade;25561.612;30686.21;22517.661;27032.01;21916.026;28425.46;7917.936;815.731;4107.786;8459.631;21301.084;614.942;Administração, defesa, educação e saúde públicas e seguridade social;Pecuária, inclusive apoio à pecuária;Demais serviços;2;True;;;;;;;;;;;;;;;;;;;;;;;;;;;;;100.0;1.0;220.39;214.55;6.070878;6.1;;100.0;1.0;220.39;214.55;6.070878;6.1;;;;;;;;;;;;;;;;;;;;;;;;;;;;;;;;;;;;;;;;;;;
3;Sudeste;31;MG;Minas Gerais;3166709;Serra dos Aimorés;159078.68;22908.8;152030.194;21893.75;93121.949;10673.0;15706.23;3800.173;27950.186;41593.68;89050.268;4071.681;Administração, defesa, educação e saúde públicas e seguridade social;Demais serviços;Agricultura, inclusive apoio à agricultura e a pós colheita;7;True;91.3;0.915076;257.46;260.01;4.197891;3.8;;91.3;0.915076;257.46;260.01;4.197891;3.8;;91.6;0.917221;236.99;244.42;4.690167;4.3;;91.6;0.917221;236.99;244.42;4.690167;4.3;;100.0;1.0;212.94;210.81;5.860702;5.9;;99.8;0.99778;197.83;190.99;5.21198;5.2;;;;;;;;;99.1;0.995106;186.49;176.14;4.725568;4.7;;;;;;;;;;;;;;;;;;;;;;;;;;;;;
3;Sudeste;31;MG;Minas Gerais;3166808;Serra do Salitre;898489.496;76136.73;882063.9;74744.84;983425.484;83695.79;429055.852;266284.999;189779.398;72239.222;957359.471;26066.013;Agricultura, inclusive apoio à agricultura e a pós colheita;Indústrias extrativas;Demais serviços;6;True;91.9;0.923889;275.97;287.28;4.866096;4.5;;91.9;0.923889;275.97;287.28;4.866096;4.5;;98.6;0.985412;255.76;261.21;5.282833;5.2;;98.6;0.985412;255.76;261.21;5.282833;5.2;;100.0;1.0;228.58;226.18;6.43863;6.4;;100.0;1.0;228.58;226.18;6.43863;6.4;;;;;;;;;;;;;;;;;;;;;;;;;;;;;;;;;;;;;;;;;;;
3;Sudeste;31;MG;Minas Gerais;3166907;Serrania;202564.574;26579.79;200224.291;26272.71;161679.666;21087.74;43774.728;16632.346;53050.532;38186.255;151643.861;10035.805;Demais serviços;Administração, defesa, educação e saúde públicas e seguridade social;Agricultura, inclusive apoio à agricultura e a pós colheita;6;True;85.4;0.852549;268.48;260.1;4.354013;3.7;;85.4;0.852549;268.48;260.1;4.354013;3.7;;94.2;0.942638;256.92;263.19;5.335167;5.0;;94.2;0.942638;256.92;263.19;5.335167;5.0;;99.3;0.993733;236.63;212.77;6.348438;6.3;;99.3;0.993733;236.63;212.77;6.348438;6.3;;;;;;;;;;;;;;;;;;;;;;;;;;;;;;;;;;;;;;;;;;;
3;Sudeste;31;MG;Minas Gerais;3166956;Serranópolis de Minas;61270.987;13928.39;53002.323;12048.72;47444.978;9810.79;6297.105;1643.017;9530.097;28681.387;46151.607;1293.372;Administração, defesa, educação e saúde públicas e seguridade social;Demais serviços;Pecuária, inclusive apoio à pecuária;6;True;92.8;0.93668;266.87;257.82;4.297269;4.0;;92.8;0.93668;266.87;257.82;4.297269;4.0;;96.5;0.969132;241.97;252.56;4.908833;4.8;;96.5;0.966168;241.97;252.56;4.908833;4.7;;100.0;1.0;225.17;222.98;6.315372;6.3;;100.0;1.0;225.17;222.98;6.315372;6.3;;;;;;;;;;;;;;;;;;;;;;;;;;;;;;;;;;;;;;;;;;;
3;Sudeste;31;MG;Minas Gerais;3167004;Serranos;48320.015;24281.41;43206.698;21711.91;38551.231;19780.01;13493.094;723.025;9084.046;14159.883;37460.048;1091.183;Administração, defesa, educação e saúde públicas e seguridade social;Pecuária, inclusive apoio à pecuária;Demais serviços;6;True;93.2;0.935863;304.26;292.3;5.338577;5.0;;93.2;0.935863;304.26;292.3;5.338577;5.0;;;;;;;;;98.8;0.988892;249.99;250.72;5.011833;5.0;;99.0;0.992374;225.92;204.83;5.999685;6.0;;99.0;0.992374;225.92;204.83;5.999685;6.0;;98.8;0.988892;249.99;250.72;5.011833;5.0;;;;;;;;;;;;;;;;;;;;;;;;;;;;;;;;;;;;
3;Sudeste;31;MG;Minas Gerais;3167103;Serro;386923.235;17625.88;335210.328;15270.15;292377.507;13979.32;29268.096;15126.924;131430.484;98070.465;273895.968;18481.538;Demais serviços;Administração, defesa, educação e saúde públicas e seguridade social;Comércio e reparação de veículos automotores e motocicletas;6;True;89.6;0.901359;254.74;249.38;4.000557;3.6;;89.6;0.901359;254.74;249.38;4.000557;3.6;;95.3;0.951812;233.77;235.01;4.479667;4.3;;95.3;0.951812;233.77;235.01;4.479667;4.3;;;;;;;;;99.8;0.998396;222.46;206.8;5.969473;6.0;;;;;;;;;99.8;0.997591;222.46;206.8;5.969473;6.0;;;;;;;;;;;;;;;;;;;;;;;;;;;;;
3;Sudeste;31;MG;Minas Gerais;3167202;Sete Lagoas;14904465.169;65543.81;14818543.883;65176.57;12655800.107;51878.66;36540.813;4824683.688;4365733.225;1241707.397;10468665.123;2187134.984;Indústrias de transformação;Demais serviços;Administração, defesa, educação e saúde públicas e seguridade social;8;True;85.5;0.862433;272.55;275.6;4.643212;4.0;;85.5;0.862433;272.55;275.6;4.643212;4.0;;91.0;0.910423;250.69;252.28;5.0495;4.6;;90.2;0.902213;247.43;249.15;4.943;4.5;;99.8;0.998195;202.7;195.26;5.382555;5.4;;99.7;0.997196;216.51;207.54;5.869378;5.9;;88.2;0.882913;236.14;238.29;4.573833;4.0;;99.6;0.996194;227.31;217.14;6.25003;6.2;;;;;;;;;;;;;;;;;;;;;;;;;;;;;
3;Sudeste;31;MG;Minas Gerais;3167301;Silveirânia;45006.943;19374.49;39513.264;17009.58;35130.65;15496.54;7446.983;1339.447;9250.274;15989.587;34026.29;1104.36;Administração, defesa, educação e saúde públicas e seguridade social;Demais serviços;Pecuária, inclusive apoio à pecuária;6;True;95.3;0.952389;301.91;303.57;5.474284;5.2;;95.3;0.952389;301.91;303.57;5.474284;5.2;;89.9;0.883808;264.32;260.13;5.4075;4.8;;89.9;0.883808;264.32;260.13;5.4075;4.8;;97.0;0.971375;259.47;243.91;7.350498;7.1;;97.0;0.971375;259.47;243.91;7.350498;7.1;;;;;;;;;;;;;;;;;;;;;;;;;;;;;;;;;;;;;;;;;;;
3;Sudeste;31;MG;Minas Gerais;3167400;Silvianópolis;178703.091;28921.04;158829.277;25704.69;141499.83;22611.03;46269.499;16462.241;38519.701;31657.859;132909.3;8590.53;Demais serviços;Administração, defesa, educação e saúde públicas e seguridade social;Agricultura, inclusive apoio à agricultura e a pós colheita;6;True;89.0;0.890272;265.92;269.38;4.45698;4.0;;89.0;0.890272;265.92;269.38;4.45698;4.0;;93.1;0.932698;243.46;241.86;4.755333;4.4;;93.1;0.932698;243.46;241.86;4.755333;4.4;;98.7;0.986064;238.15;224.41;6.589082;6.5;;98.7;0.986064;238.15;224.41;6.589082;6.5;;;;;;;;;;;;;;;;;;;;;;;;;;;;;;;;;;;;;;;;;;;
3;Sudeste;31;MG;Minas Gerais;3167509;Simão Pereira;116089.197;39392.33;107886.051;36608.77;103932.604;39653.8;5115.899;57551.953;16921.878;19403.889;98993.62;4938.984;Eletricidade e gás, água, esgoto, atividades de gestão de resíduos e descontaminação;Administração, defesa, educação e saúde públicas e seguridade social;Demais serviços;4;True;;;;;;;;;;;;;;;;;;;;;;82.1;0.803363;253.38;244.56;4.965667;4.0;;89.0;0.895068;192.72;187.61;5.053006;4.5;;89.0;0.895068;192.72;187.61;5.053006;4.5;;82.1;0.803363;253.38;244.56;4.965667;4.0;;;;;;;;;;;;;;;;;;;;;;;;;;;;;;;;;;;;
3;Sudeste;31;MG;Minas Gerais;3167608;Simonésia;371229.958;18796.45;494706.337;25048.42;285218.741;14380.29;89366.306;10441.813;82459.588;90283.755;272551.462;12667.279;Administração, defesa, educação e saúde públicas e seguridade social;Agricultura, inclusive apoio à agricultura e a pós colheita;Demais serviços;8;True;86.3;0.876913;270.39;270.71;4.539671;4.0;;86.3;0.876913;270.39;270.71;4.539671;4.0;;92.5;0.924065;231.1;236.4;4.458333;4.1;;92.8;0.927103;236.91;240.07;4.616333;4.3;;99.2;0.992394;222.34;207.77;5.984819;5.9;;99.4;0.993797;216.71;200.28;5.741194;5.7;;93.3;0.936828;258.32;253.6;5.198667;4.9;;99.7;0.997984;210.96;192.61;5.492007;5.5;;;;;;;;;;;;;;;;;;;;;;;;;;;;;
3;Sudeste;31;MG;Minas Gerais;3167707;Sobrália;82141.47;15990.16;72625.539;14137.73;67350.421;12299.2;10685.736;2431.587;21543.474;30350.064;65010.861;2339.561;Administração, defesa, educação e saúde públicas e seguridade social;Demais serviços;Pecuária, inclusive apoio à pecuária;6;True;84.0;0.836812;292.55;294.26;5.203452;4.4;;84.0;0.836812;292.55;294.26;5.203452;4.4;;93.8;0.938394;258.68;257.22;5.265;4.9;;93.7;0.936611;258.68;257.22;5.265;4.9;;99.6;0.996141;224.96;212.1;6.113546;6.1;;99.6;0.996141;224.96;212.1;6.113546;6.1;;;;;;;;;;;;;;;;;;;;;;;;;;;;;;;;;;;;;;;;;;;
3;Sudeste;31;MG;Minas Gerais;3167806;Soledade de Minas;104146.834;18554.58;95263.237;16971.89;81837.055;13144.4;17220.369;4340.085;26110.871;30951.368;78622.692;3214.363;Administração, defesa, educação e saúde públicas e seguridade social;Demais serviços;Pecuária, inclusive apoio à pecuária;6;True;92.6;0.930569;252.91;254.1;4.045513;3.8;;92.6;0.930569;252.91;254.1;4.045513;3.8;;97.7;0.977783;271.59;272.84;5.7405;5.6;;97.7;0.977783;271.59;272.84;5.7405;5.6;;98.7;0.985841;250.9;229.67;6.928039;6.8;;98.7;0.985841;250.9;229.67;6.928039;6.8;;;;;;;;;;;;;;;;;;;;;;;;;;;;;;;;;;;;;;;;;;;
3;Sudeste;31;MG;Minas Gerais;3167905;Tabuleiro;86584.822;21570.71;79867.627;19897.27;65696.603;17905.86;8927.684;7438.919;23220.147;21109.372;60696.123;5000.48;Administração, defesa, educação e saúde públicas e seguridade social;Demais serviços;Pecuária, inclusive apoio à pecuária;6;True;90.4;0.911951;251.3;267.83;4.22844;3.9;;90.4;0.911951;251.3;267.83;4.22844;3.9;;87.0;0.873048;245.35;244.77;4.835333;4.2;;87.0;0.873048;245.35;244.77;4.835333;4.2;;97.5;0.972632;213.86;205.02;5.772987;5.6;;97.5;0.972632;213.86;205.02;5.772987;5.6;;;;;;;;;;;;;;;;;;;;;;;;;;;;;;;;;;;;;;;;;;;
3;Sudeste;31;MG;Minas Gerais;3168002;Taiobeiras;705372.64;21342.59;618917.813;18726.71;557220.6;16080.01;59332.219;42629.54;251983.675;163118.522;517063.956;40156.644;Demais serviços;Administração, defesa, educação e saúde públicas e seguridade social;Comércio e reparação de veículos automotores e motocicletas;8;True;88.0;0.883448;270.91;275.07;4.612244;4.1;;88.0;0.883448;270.91;275.07;4.612244;4.1;;97.6;0.975684;264.71;266.73;5.524;5.4;;97.8;0.97827;264.13;265.28;5.490167;5.4;;99.9;0.999399;234.12;218.71;6.408537;6.4;;100.0;0.999399;233.63;218.99;6.404277;6.4;;99.6;0.996463;260.13;255.32;5.2575;5.2;;100.0;1.0;226.69;223.0;6.344743;6.3;;;;;;;;;;;;;;;;;;;;;;;;;;;;;
3;Sudeste;31;MG;Minas Gerais;3168051;Taparuba;59981.029;17709.19;55723.404;16452.14;49070.654;15865.07;13213.582;1818.336;11647.474;20834.641;47514.032;1556.622;Administração, defesa, educação e saúde públicas e seguridade social;Demais serviços;Pecuária, inclusive apoio à pecuária;7;True;99.2;0.993585;280.68;283.2;4.87117;4.8;;99.2;0.993585;280.68;283.2;4.87117;4.8;;100.0;1.0;263.6;260.28;5.398;5.4;;100.0;1.0;258.2;250.44;5.144;5.1;;100.0;1.0;241.33;229.98;6.751042;6.8;;100.0;1.0;241.33;229.98;6.751042;6.8;;100.0;1.0;245.06;226.54;4.526667;4.5;;;;;;;;;;;;;;;;;;;;;;;;;;;;;;;;;;;;
3;Sudeste;31;MG;Minas Gerais;3168101;Tapira;631715.634;153403.51;643070.613;156160.91;688691.867;140836.78;123205.144;366086.557;99238.505;40079.212;628609.418;60082.448;Indústrias extrativas;Demais serviços;Agricultura, inclusive apoio à agricultura e a pós colheita;6;True;85.1;0.853845;308.35;306.03;5.60156;4.8;;85.1;0.853845;308.35;306.03;5.60156;4.8;;;;;;;;;86.3;0.857911;285.56;279.79;6.089167;5.2;;90.0;0.899155;236.92;216.03;6.413245;5.8;;90.0;0.899155;236.92;216.03;6.413245;5.8;;86.3;0.857911;285.56;279.79;6.089167;5.2;;;;;;;;;;;;;;;;;;;;;;;;;;;;;;;;;;;;
3;Sudeste;31;MG;Minas Gerais;3168200;Tapiraí;70280.891;41586.33;67094.676;39700.99;56049.629;29989.1;31754.027;1586.054;8740.518;12889.62;54970.218;1079.411;Agricultura, inclusive apoio à agricultura e a pós colheita;Administração, defesa, educação e saúde públicas e seguridade social;Pecuária, inclusive apoio à pecuária;4;True;100.0;1.0;280.64;280.22;4.825997;4.8;;100.0;1.0;280.64;280.22;4.825997;4.8;;;;;;;;;;;;;;;;97.7;0.983394;211.78;210.84;5.83911;5.7;;97.7;0.983394;211.78;210.84;5.83911;5.7;;;;;;;;;;;;;;;;;;;;;;;;;;;;;;;;;;;;;;;;;;;
3;Sudeste;31;MG;Minas Gerais;3168309;Taquaraçu de Minas;84702.935;20052.78;76507.268;18112.52;65922.909;16000.71;7554.998;7523.628;21954.291;25191.426;62224.342;3698.567;Administração, defesa, educação e saúde públicas e seguridade social;Demais serviços;Pecuária, inclusive apoio à pecuária;4;True;80.0;0.817931;274.97;263.91;4.502201;3.7;;80.0;0.817931;274.97;263.91;4.502201;3.7;;;;;;;;;;;;;;;;95.9;0.955518;230.73;220.88;6.383297;6.1;;95.9;0.955518;230.73;220.88;6.383297;6.1;;;;;;;;;;;;;;;;;;;;;;;;;;;;;;;;;;;;;;;;;;;
3;Sudeste;31;MG;Minas Gerais;3168408;Tarumirim;236378.043;16070.3;195705.852;13305.18;188289.065;13185.51;27694.094;7833.511;72973.962;70875.291;179376.858;8912.207;Administração, defesa, educação e saúde públicas e seguridade social;Demais serviços;Pecuária, inclusive apoio à pecuária;7;True;91.9;0.921723;281.36;280.83;4.845242;4.5;;91.9;0.921723;281.36;280.83;4.845242;4.5;;95.2;0.951673;271.16;267.82;5.649667;5.4;;92.7;0.927503;271.16;267.82;5.649667;5.2;;100.0;1.0;254.67;229.83;7.002895;7.0;;100.0;1.0;227.92;218.38;6.284217;6.3;;;;;;;;;100.0;1.0;222.05;215.87;6.126557;6.1;;;;;;;;;;;;;;;;;;;;;;;;;;;;;
3;Sudeste;31;MG;Minas Gerais;3168507;Teixeiras;220040.203;17955.14;227664.584;18577.28;191264.35;16375.37;23938.642;27362.0;71403.333;58481.277;181185.253;10079.098;Demais serviços;Administração, defesa, educação e saúde públicas e seguridade social;Indústrias extrativas;7;True;93.8;0.940901;297.01;295.03;5.27762;5.0;;93.8;0.940901;297.01;295.03;5.27762;5.0;;93.8;0.937578;257.94;257.68;5.260333;4.9;;93.8;0.937578;257.94;257.68;5.260333;4.9;;99.3;0.993169;241.01;223.96;6.63548;6.6;;99.3;0.992385;232.95;218.0;6.3733;6.3;;;;;;;;;99.1;0.985841;210.21;201.18;5.633512;5.6;;;;;;;;;;;;;;;;;;;;;;;;;;;;;
3;Sudeste;31;MG;Minas Gerais;3168606;Teófilo Otoni;3540247.727;25762.62;3051476.014;22205.8;2952019.65;20896.44;90726.949;368265.853;1572586.047;647157.249;2678736.099;273283.551;Demais serviços;Administração, defesa, educação e saúde públicas e seguridade social;Comércio e reparação de veículos automotores e motocicletas;8;True;85.6;0.859767;270.43;279.8;4.676311;4.0;;86.5;0.868852;270.43;279.8;4.676311;4.1;;82.0;0.818988;237.08;243.04;4.668667;3.8;;82.9;0.828156;246.11;249.48;4.9265;4.1;;95.9;0.959836;221.17;213.34;6.063763;5.8;;97.8;0.978085;215.06;208.1;5.851888;5.7;;85.3;0.856363;280.13;273.75;5.898;5.1;;99.6;0.996396;209.27;203.14;5.65121;5.6;;;;;;;;;;;;;;;;;;;;;;;;;;;;;
3;Sudeste;31;MG;Minas Gerais;3168705;Timóteo;4648991.987;56987.61;5458822.244;66914.55;5609602.225;61462.97;1663.028;3162255.453;1274688.917;442652.786;4881260.185;728342.04;Indústrias de transformação;Demais serviços;Administração, defesa, educação e saúde públicas e seguridade social;9;True;79.5;0.8;279.13;282.5;4.838921;3.9;;80.5;0.810933;288.88;288.46;5.065081;4.1;;91.6;0.915295;251.67;256.9;5.142833;4.7;;90.3;0.902546;263.29;264.23;5.458667;4.9;;99.5;0.994778;227.4;215.51;6.222111;6.2;;99.5;0.995191;236.56;227.35;6.612193;6.6;;89.2;0.89216;272.28;269.9;5.703;5.1;;99.5;0.995194;246.39;240.05;7.030697;7.0;;88.4;0.896482;372.18;339.42;6.997899;6.3;;;;;;;;;;;;;;;;;;;;;;
3;Sudeste;31;MG;Minas Gerais;3168804;Tiradentes;297551.372;38423.47;253014.984;32672.39;205615.225;25197.94;7230.271;15278.95;123434.623;43724.092;189667.935;15947.29;Demais serviços;Administração, defesa, educação e saúde públicas e seguridade social;Comércio e reparação de veículos automotores e motocicletas;6;True;87.0;0.875315;268.58;263.67;4.408861;3.9;;87.0;0.875315;268.58;263.67;4.408861;3.9;;87.5;0.869646;242.72;227.54;4.504333;3.9;;87.5;0.869646;242.72;227.54;4.504333;3.9;;98.3;0.983486;225.48;208.66;6.060924;6.0;;98.3;0.983486;225.48;208.66;6.060924;6.0;;;;;;;;;;;;;;;;;;;;;;;;;;;;;;;;;;;;;;;;;;;
3;Sudeste;31;MG;Minas Gerais;3168903;Tiros;441044.389;55948.8;434588.138;55129.79;379852.3;59640.81;169944.474;38271.302;100123.883;38623.665;346963.325;32888.975;Pecuária, inclusive apoio à pecuária;Demais serviços;Agricultura, inclusive apoio à agricultura e a pós colheita;6;True;80.9;0.81632;285.43;286.27;4.983842;4.1;;80.9;0.81632;285.43;286.27;4.983842;4.1;;91.8;0.916389;264.66;260.09;5.4125;5.0;;91.8;0.916389;264.66;260.09;5.4125;5.0;;100.0;1.0;240.55;217.77;6.514156;6.5;;100.0;1.0;240.55;217.77;6.514156;6.5;;;;;;;;;;;;;;;;;;;;;;;;;;;;;;;;;;;;;;;;;;;
3;Sudeste;31;MG;Minas Gerais;3169000;Tocantins;450784.238;27851.98;387031.073;23912.95;349350.947;20833.14;40130.631;57261.407;140103.324;77606.082;315101.445;34249.502;Demais serviços;Administração, defesa, educação e saúde públicas e seguridade social;Indústrias de transformação;6;True;89.5;0.902387;281.54;272.22;4.718877;4.3;;89.5;0.902387;281.54;272.22;4.718877;4.3;;97.4;0.973609;242.5;244.48;4.783;4.7;;97.4;0.973609;242.5;244.48;4.783;4.7;;99.7;0.997577;232.52;220.12;6.403639;6.4;;99.7;0.997577;232.52;220.12;6.403639;6.4;;;;;;;;;;;;;;;;;;;;;;;;;;;;;;;;;;;;;;;;;;;
3;Sudeste;31;MG;Minas Gerais;3169059;Tocos do Moji;82673.018;21608.21;73324.889;19164.9;70715.39;17176.44;23532.427;2741.98;18254.528;23149.971;67678.907;3036.483;Administração, defesa, educação e saúde públicas e seguridade social;Agricultura, inclusive apoio à agricultura e a pós colheita;Demais serviços;6;True;97.7;0.970713;299.01;283.08;5.126817;5.0;;97.7;0.970713;299.01;283.08;5.126817;5.0;;100.0;1.0;272.01;266.28;5.638167;5.6;;100.0;1.0;272.01;266.28;5.638167;5.6;;100.0;1.0;234.25;232.81;6.667382;6.7;;100.0;1.0;234.25;232.81;6.667382;6.7;;;;;;;;;;;;;;;;;;;;;;;;;;;;;;;;;;;;;;;;;;;
3;Sudeste;31;MG;Minas Gerais;3169109;Toledo;125617.739;17413.05;115920.241;16068.79;107093.19;16902.33;13213.966;14035.49;39178.342;32624.74;99052.538;8040.652;Administração, defesa, educação e saúde públicas e seguridade social;Demais serviços;Indústrias de transformação;6;True;86.6;0.869891;270.55;282.09;4.712278;4.1;;86.6;0.869891;270.55;282.09;4.712278;4.1;;95.9;0.958574;262.15;266.88;5.483833;5.3;;95.9;0.958574;262.15;266.88;5.483833;5.3;;90.8;0.905571;242.78;229.24;6.765259;6.1;;90.8;0.905571;242.78;229.24;6.765259;6.1;;;;;;;;;;;;;;;;;;;;;;;;;;;;;;;;;;;;;;;;;;;
3;Sudeste;31;MG;Minas Gerais;3169208;Tombos;168052.386;19520.55;145318.924;16879.88;130946.218;17043.63;19242.448;5127.12;58357.587;39174.392;121901.547;9044.671;Demais serviços;Administração, defesa, educação e saúde públicas e seguridade social;Comércio e reparação de veículos automotores e motocicletas;6;True;95.3;0.962461;267.57;282.49;4.676412;4.5;;95.3;0.962461;267.57;282.49;4.676412;4.5;;93.7;0.935121;243.65;249.48;4.8855;4.6;;93.7;0.935121;243.65;249.48;4.8855;4.6;;100.0;1.0;239.53;225.62;6.637418;6.6;;100.0;1.0;239.53;225.62;6.637418;6.6;;;;;;;;;;;;;;;;;;;;;;;;;;;;;;;;;;;;;;;;;;;
3;Sudeste;31;MG;Minas Gerais;3169307;Três Corações;3568709.809;47277.07;3283951.14;43504.68;2958951.736;36729.33;338109.112;574566.746;1214229.931;387298.328;2514204.116;444747.62;Demais serviços;Indústrias de transformação;Administração, defesa, educação e saúde públicas e seguridade social;8;True;81.5;0.827083;277.17;280.05;4.774717;3.9;;82.6;0.836729;284.03;286.83;4.972562;4.2;;89.7;0.89721;250.49;257.6;5.134833;4.6;;90.8;0.908248;250.47;258.39;5.147667;4.7;;99.7;0.996996;223.07;212.63;6.087114;6.1;;99.7;0.996996;223.07;212.63;6.087114;6.1;;95.0;0.950495;250.36;261.88;5.204;4.9;;;;;;;;;90.4;0.895155;321.32;323.68;6.047945;5.4;;;;;;;;;;;;;;;;;;;;;;
3;Sudeste;31;MG;Minas Gerais;3169356;Três Marias;2582530.94;89376.4;2645024.896;91539.19;3149734.427;95267.51;88354.732;1955241.214;518394.198;187869.802;2749859.945;399874.482;Indústrias de transformação;Eletricidade e gás, água, esgoto, atividades de gestão de resíduos e descontaminação;Demais serviços;8;True;88.4;0.888378;258.15;267.73;4.323151;3.8;;88.4;0.888378;258.15;267.73;4.323151;3.8;;95.4;0.954706;252.71;260.38;5.218167;5.0;;97.4;0.974161;254.87;258.28;5.219167;5.1;;99.8;0.997994;227.24;210.36;6.125421;6.1;;99.8;0.998194;229.94;214.09;6.244766;6.2;;98.0;0.98065;255.68;257.48;5.219333;5.1;;100.0;1.0;273.44;274.19;8.167646;8.2;;;;;;;;;;;;;;;;;;;;;;;;;;;;;
3;Sudeste;31;MG;Minas Gerais;3169406;Três Pontas;2288500.376;41417.07;2173779.559;39338.02;1877754.237;32869.82;212415.253;340730.783;787808.42;289132.531;1630086.988;247667.249;Demais serviços;Administração, defesa, educação e saúde públicas e seguridade social;Indústrias de transformação;7;True;88.3;0.888162;260.56;257.89;4.209694;3.7;;88.3;0.888162;260.56;257.89;4.209694;3.7;;94.8;0.947941;244.8;247.59;4.873167;4.6;;95.1;0.951221;244.8;247.59;4.873167;4.6;;99.7;0.996793;224.29;212.71;6.111851;6.1;;99.7;0.997194;226.15;213.64;6.164256;6.1;;;;;;;;;100.0;1.0;235.24;218.17;6.420093;6.4;;;;;;;;;;;;;;;;;;;;;;;;;;;;;
3;Sudeste;31;MG;Minas Gerais;3169505;Tumiritinga;94509.95;16056.74;92082.261;15644.28;83257.787;12249.2;15728.524;3601.183;25049.405;35959.916;80339.028;2918.759;Administração, defesa, educação e saúde públicas e seguridade social;Demais serviços;Pecuária, inclusive apoio à pecuária;6;True;97.7;0.975588;305.62;258.89;4.857529;4.7;;97.7;0.975588;305.62;258.89;4.857529;4.7;;99.7;0.997481;254.51;242.61;4.952;4.9;;99.7;0.997481;254.51;242.61;4.952;4.9;;100.0;1.0;209.34;201.31;5.619273;5.6;;100.0;1.0;209.34;201.31;5.619273;5.6;;;;;;;;;;;;;;;;;;;;;;;;;;;;;;;;;;;;;;;;;;;
3;Sudeste;31;MG;Minas Gerais;3169604;Tupaciguara;1400211.47;54974.93;1182517.69;46427.86;946265.629;37158.0;281661.343;114783.928;318971.207;150621.767;866038.245;80227.384;Demais serviços;Agricultura, inclusive apoio à agricultura e a pós colheita;Administração, defesa, educação e saúde públicas e seguridade social;7;True;91.8;0.919728;262.77;270.47;4.429056;4.1;;92.1;0.922808;262.77;270.47;4.429056;4.1;;93.3;0.933181;251.15;258.06;5.1535;4.8;;93.1;0.930838;250.97;254.68;5.094167;4.7;;99.8;0.99839;210.25;205.52;5.713185;5.7;;99.8;0.99839;210.25;205.52;5.713185;5.7;;92.5;0.928468;250.34;242.61;4.8825;4.5;;;;;;;;;;;;;;;;;;;;;;;;;;;;;;;;;;;;
3;Sudeste;31;MG;Minas Gerais;3169703;Turmalina;486869.098;24343.45;455067.521;22753.38;443537.432;21870.68;148130.565;31919.026;134106.601;99697.389;413853.581;29683.85;Produção florestal, pesca e aquicultura;Demais serviços;Administração, defesa, educação e saúde públicas e seguridade social;7;True;91.2;0.9192;276.52;283.98;4.82442;4.4;;91.2;0.9192;276.52;283.98;4.82442;4.4;;89.3;0.893031;258.99;255.85;5.247333;4.7;;89.9;0.898655;258.99;255.85;5.247333;4.7;;99.8;0.99778;218.43;214.47;6.032019;6.0;;99.5;0.994726;239.56;231.26;6.740536;6.7;;;;;;;;;99.2;0.992471;248.79;238.59;7.049954;7.0;;;;;;;;;;;;;;;;;;;;;;;;;;;;;
3;Sudeste;31;MG;Minas Gerais;3169802;Turvolândia;158831.61;32184.72;149761.574;30346.82;139822.548;27421.56;63352.406;7277.446;34511.903;27771.645;132913.401;6909.147;Agricultura, inclusive apoio à agricultura e a pós colheita;Administração, defesa, educação e saúde públicas e seguridade social;Demais serviços;6;True;89.6;0.902887;294.58;277.71;4.984209;4.5;;89.6;0.902887;294.58;277.71;4.984209;4.5;;87.9;0.882337;255.92;239.87;4.929833;4.3;;87.9;0.882337;255.92;239.87;4.929833;4.3;;98.0;0.979943;218.9;210.12;5.961897;5.8;;98.0;0.979943;218.9;210.12;5.961897;5.8;;;;;;;;;;;;;;;;;;;;;;;;;;;;;;;;;;;;;;;;;;;
3;Sudeste;31;MG;Minas Gerais;3169901;Ubá;4462211.846;43169.47;3768282.742;36456.08;3557763.689;30151.82;32833.064;1147838.342;1454739.845;471427.766;3106839.017;450924.672;Demais serviços;Indústrias de transformação;Administração, defesa, educação e saúde públicas e seguridade social;7;True;88.3;0.886808;285.3;289.58;5.031567;4.5;;88.3;0.886808;285.3;289.58;5.031567;4.5;;93.9;0.936767;256.11;256.65;5.212667;4.9;;93.6;0.934284;256.11;256.65;5.212667;4.9;;99.9;0.998799;247.22;232.38;6.907083;6.9;;99.9;0.998598;246.95;232.28;6.900112;6.9;;;;;;;;;99.8;0.997984;244.71;231.45;6.842273;6.8;;;;;;;;;;;;;;;;;;;;;;;;;;;;;
3;Sudeste;31;MG;Minas Gerais;3170008;Ubaí;142057.18;12133.34;124460.757;10630.4;117186.953;9255.74;14434.09;4894.926;33248.239;60413.297;112990.552;4196.401;Administração, defesa, educação e saúde públicas e seguridade social;Demais serviços;Pecuária, inclusive apoio à pecuária;7;True;90.1;0.903461;244.52;245.22;3.794742;3.4;;90.1;0.903461;244.52;245.22;3.794742;3.4;;93.7;0.935567;228.64;233.43;4.367833;4.1;;93.7;0.935567;228.64;233.43;4.367833;4.1;;100.0;1.0;195.17;186.74;5.083944;5.1;;99.9;0.998187;198.31;188.49;5.175686;5.2;;;;;;;;;99.4;0.99301;212.06;196.18;5.577908;5.5;;;;;;;;;;;;;;;;;;;;;;;;;;;;;
3;Sudeste;31;MG;Minas Gerais;3170057;Ubaporanga;227183.641;17452.84;204269.007;15692.48;167976.02;13423.05;36452.759;9771.274;52903.021;59354.842;158481.896;9494.124;Administração, defesa, educação e saúde públicas e seguridade social;Demais serviços;Agricultura, inclusive apoio à agricultura e a pós colheita;7;True;87.5;0.878059;269.01;262.96;4.404272;3.9;;87.5;0.878059;269.01;262.96;4.404272;3.9;;93.1;0.929978;248.53;253.61;5.035667;4.7;;93.1;0.929978;248.53;253.61;5.035667;4.7;;98.9;0.990493;233.04;224.1;6.485926;6.4;;99.1;0.991161;229.79;223.68;6.416267;6.4;;;;;;;;;99.4;0.993333;223.49;222.86;6.281129;6.2;;;;;;;;;;;;;;;;;;;;;;;;;;;;;
3;Sudeste;31;MG;Minas Gerais;3170107;Uberaba;23689376.514;70120.94;23582499.815;69802.51;20384264.564;59904.91;1425496.267;6118665.149;8032967.927;1692887.145;17270016.489;3114248.075;Demais serviços;Indústrias de transformação;Comércio e reparação de veículos automotores e motocicletas;9;True;83.7;0.844064;268.06;277.14;4.603204;3.9;;84.7;0.853952;272.44;280.27;4.711577;4.0;;92.0;0.919937;249.74;258.93;5.1445;4.7;;92.7;0.926395;252.94;261.55;5.2415;4.9;;96.1;0.960465;216.41;206.51;5.848742;5.6;;97.1;0.970657;217.46;208.34;5.902053;5.7;;93.3;0.93254;256.33;264.32;5.344167;5.0;;99.4;0.993793;219.3;211.57;5.995895;6.0;;92.5;0.926755;302.27;301.57;5.4494;5.1;;;;;;;;;;;;;;;;;;;;;;
3;Sudeste;31;MG;Minas Gerais;3170206;Uberlândia;51065684.136;71598.38;47790806.728;67005.98;43030884.689;60898.77;921226.956;10480987.392;19165043.975;3263020.591;33830278.915;9200605.775;Demais serviços;Indústrias de transformação;Comércio e reparação de veículos automotores e motocicletas;11;True;84.1;0.847344;273.89;282.26;4.761733;4.0;;84.6;0.852356;276.52;284.03;4.825168;4.1;;93.0;0.930089;258.83;267.18;5.4335;5.1;;90.8;0.909359;258.98;266.12;5.418333;4.9;;96.0;0.959084;220.14;214.07;6.05738;5.8;;96.9;0.968693;224.55;217.83;6.209904;6.0;;87.6;0.880469;257.21;262.82;5.333833;4.7;;99.5;0.994997;233.43;225.73;6.523006;6.5;;95.2;0.9533;322.3;314.83;5.929224;5.7;;95.0;0.951215;327.96;308.99;7.2825;6.9;;98.0;0.979252;241.86;219.69;6.574065;6.4;;;;;;;;
3;Sudeste;31;MG;Minas Gerais;3170305;Umburatiba;54270.751;20220.1;44831.512;16703.25;44152.354;17100.06;12797.808;1665.083;10247.662;17781.657;42492.21;1660.144;Administração, defesa, educação e saúde públicas e seguridade social;Demais serviços;Pecuária, inclusive apoio à pecuária;6;True;94.1;0.944218;259.47;261.1;4.242438;4.0;;94.1;0.944218;259.47;261.1;4.242438;4.0;;97.2;0.973772;235.63;245.67;4.688333;4.6;;97.7;0.977008;235.63;245.67;4.688333;4.6;;99.4;0.993852;191.13;185.0;4.975208;4.9;;99.4;0.993852;191.13;185.0;4.975208;4.9;;;;;;;;;;;;;;;;;;;;;;;;;;;;;;;;;;;;;;;;;;;
3;Sudeste;31;MG;Minas Gerais;3170404;Unaí;5221529.413;60281.57;4864891.228;56164.25;4316723.443;50511.03;1610992.129;323430.878;1531685.217;468304.096;3934412.319;382311.123;Agricultura, inclusive apoio à agricultura e a pós colheita;Demais serviços;Comércio e reparação de veículos automotores e motocicletas;8;True;93.8;0.940691;262.64;265.76;4.356721;4.1;;93.8;0.940691;262.64;265.76;4.356721;4.1;;96.3;0.963475;249.53;255.71;5.087333;4.9;;94.1;0.940964;247.43;251.6;4.983833;4.7;;99.7;0.997192;209.59;206.08;5.710771;5.7;;99.8;0.998599;219.02;213.35;6.022915;6.0;;90.9;0.910633;243.17;243.25;4.773667;4.3;;100.0;0.999599;224.94;217.91;6.218801;6.2;;;;;;;;;;;;;;;;;;;;;;;;;;;;;
3;Sudeste;31;MG;Minas Gerais;3170438;União de Minas;187678.535;49027.83;148297.055;38740.09;130399.803;30574.4;70426.071;5611.567;25413.997;24363.882;125815.518;4584.285;Agricultura, inclusive apoio à agricultura e a pós colheita;Pecuária, inclusive apoio à pecuária;Administração, defesa, educação e saúde públicas e seguridade social;4;True;92.4;0.926069;264.36;252.12;4.176687;3.9;;92.4;0.926069;264.36;252.12;4.176687;3.9;;;;;;;;;;;;;;;;95.7;0.963471;216.4;206.87;5.855096;5.6;;95.7;0.963471;216.4;206.87;5.855096;5.6;;;;;;;;;;;;;;;;;;;;;;;;;;;;;;;;;;;;;;;;;;;
3;Sudeste;31;MG;Minas Gerais;3170479;Uruana de Minas;96142.125;29293.76;93347.513;28442.26;97089.356;29818.6;47064.763;2773.766;21731.4;21944.223;93514.153;3575.203;Agricultura, inclusive apoio à agricultura e a pós colheita;Administração, defesa, educação e saúde públicas e seguridade social;Demais serviços;6;True;95.9;0.960909;240.64;251.82;3.83905;3.7;;95.9;0.960909;240.64;251.82;3.83905;3.7;;;;;;;;;99.0;0.990408;258.4;255.02;5.223667;5.2;;99.6;0.996141;223.19;206.37;5.975586;6.0;;99.6;0.996141;223.19;206.37;5.975586;6.0;;99.0;0.990408;258.4;255.02;5.223667;5.2;;;;;;;;;;;;;;;;;;;;;;;;;;;;;;;;;;;;
3;Sudeste;31;MG;Minas Gerais;3170503;Urucânia;356137.131;33597.84;276044.492;26041.93;239903.93;23217.26;29697.451;60153.722;72463.888;52717.23;215032.291;24871.639;Demais serviços;Indústrias de transformação;Administração, defesa, educação e saúde públicas e seguridade social;4;True;;;;;;;;;;;;;;;88.5;0.882623;242.24;241.95;4.7365;4.2;;88.5;0.882623;242.24;241.95;4.7365;4.2;;;;;;;;;96.6;0.967052;203.67;190.51;5.314703;5.1;;;;;;;;;100.0;1.0;195.31;190.16;5.148797;5.1;;;;;;;;;;;;;;;;;;;;;;;;;;;;;
3;Sudeste;31;MG;Minas Gerais;3170529;Urucuia;230886.674;13209.38;204029.283;11672.82;193217.875;11059.98;51769.682;6254.286;42568.177;83900.821;184492.965;8724.91;Administração, defesa, educação e saúde públicas e seguridade social;Demais serviços;Agricultura, inclusive apoio à agricultura e a pós colheita;6;True;86.7;0.864531;254.46;252.96;4.050217;3.5;;86.7;0.864531;254.46;252.96;4.050217;3.5;;;;;;;;;93.0;0.930364;239.8;249.88;4.828;4.5;;99.7;0.997168;212.8;197.23;5.611121;5.6;;99.7;0.997168;212.8;197.23;5.611121;5.6;;93.0;0.930364;239.8;249.88;4.828;4.5;;;;;;;;;;;;;;;;;;;;;;;;;;;;;;;;;;;;
3;Sudeste;31;MG;Minas Gerais;3170578;Vargem Alegre;86774.267;15012.85;81054.176;14023.21;77359.483;11975.15;4868.037;3690.301;29931.009;33414.777;71904.123;5455.36;Administração, defesa, educação e saúde públicas e seguridade social;Demais serviços;Comércio e reparação de veículos automotores e motocicletas;6;True;96.2;0.965405;269.53;276.97;4.621305;4.5;;96.2;0.965405;269.53;276.97;4.621305;4.5;;96.2;0.961915;259.97;261.91;5.364667;5.2;;96.2;0.961915;259.97;261.91;5.364667;5.2;;100.0;1.0;216.35;207.35;5.86287;5.9;;100.0;1.0;216.35;207.35;5.86287;5.9;;;;;;;;;;;;;;;;;;;;;;;;;;;;;;;;;;;;;;;;;;;
3;Sudeste;31;MG;Minas Gerais;3170602;Vargem Bonita;92402.413;42818.54;95825.361;44404.71;87623.596;40888.29;43269.449;3672.907;18980.083;18793.381;84715.82;2907.776;Agricultura, inclusive apoio à agricultura e a pós colheita;Administração, defesa, educação e saúde públicas e seguridade social;Demais serviços;6;True;95.1;0.954545;272.71;274.78;4.633184;4.4;;95.1;0.954545;272.71;274.78;4.633184;4.4;;97.0;0.968409;241.89;251.22;4.885167;4.7;;97.0;0.968409;241.89;251.22;4.885167;4.7;;100.0;1.0;249.87;220.84;6.747837;6.7;;100.0;1.0;249.87;220.84;6.747837;6.7;;;;;;;;;;;;;;;;;;;;;;;;;;;;;;;;;;;;;;;;;;;
3;Sudeste;31;MG;Minas Gerais;3170651;Vargem Grande do Rio Pardo;77006.645;16621.34;69797.571;15065.31;68131.958;13504.85;18491.158;4547.651;14061.441;29016.715;66116.966;2014.992;Administração, defesa, educação e saúde públicas e seguridade social;Produção florestal, pesca e aquicultura;Demais serviços;6;True;98.0;0.981328;293.88;290.0;5.15836;5.1;;98.0;0.981328;293.88;290.0;5.15836;5.1;;98.8;0.986776;259.28;263.19;5.3745;5.3;;98.8;0.986776;259.28;263.19;5.3745;5.3;;100.0;1.0;254.39;230.5;7.009733;7.0;;100.0;1.0;254.39;230.5;7.009733;7.0;;;;;;;;;;;;;;;;;;;;;;;;;;;;;;;;;;;;;;;;;;;
3;Sudeste;31;MG;Minas Gerais;3170701;Varginha;10068568.198;73780.24;9925786.312;72733.97;8093503.912;58815.65;88572.386;1549368.071;3920605.765;692369.591;6250915.813;1842588.099;Demais serviços;Comércio e reparação de veículos automotores e motocicletas;Indústrias de transformação;8;True;87.7;0.882608;271.14;278.55;4.66757;4.1;;87.9;0.668874;278.88;283.75;4.854123;3.2;;90.7;0.907204;244.21;251.84;4.934167;4.5;;92.4;0.924067;251.0;255.64;5.110667;4.7;;98.2;0.981411;222.94;210.07;6.038087;5.9;;98.2;0.982018;223.57;210.32;6.054656;5.9;;97.7;0.977918;276.85;270.12;5.782833;5.7;;100.0;1.0;229.9;212.86;6.221639;6.2;;;;;;;;;;;;;;;;;;;;;;;;;;;;;
3;Sudeste;31;MG;Minas Gerais;3170750;Varjão de Minas;361877.695;51926.77;385320.393;55290.63;316497.73;43745.37;180398.239;24952.534;61326.74;40012.341;306689.854;9807.876;Agricultura, inclusive apoio à agricultura e a pós colheita;Demais serviços;Administração, defesa, educação e saúde públicas e seguridade social;6;True;81.9;0.824448;249.77;255.78;4.026562;3.3;;81.9;0.824448;249.77;255.78;4.026562;3.3;;86.8;0.867867;242.68;249.62;4.871667;4.2;;88.5;0.884842;242.68;249.62;4.871667;4.3;;100.0;1.0;225.47;209.49;6.075824;6.1;;100.0;1.0;225.47;209.49;6.075824;6.1;;;;;;;;;;;;;;;;;;;;;;;;;;;;;;;;;;;;;;;;;;;
3;Sudeste;31;MG;Minas Gerais;3170800;Várzea da Palma;1351753.57;40059.08;1265737.621;37510.01;1087380.297;27116.04;101081.775;337261.192;274962.512;194590.212;907895.691;179484.606;Indústrias de transformação;Demais serviços;Administração, defesa, educação e saúde públicas e seguridade social;6;True;80.7;0.819727;272.93;273.13;4.611573;3.8;;80.7;0.819727;272.93;273.13;4.611573;3.8;;93.9;0.937995;231.52;239.21;4.512167;4.2;;94.2;0.941018;231.52;239.21;4.512167;4.2;;99.8;0.998596;213.79;201.68;5.710924;5.7;;99.8;0.998596;213.79;201.68;5.710924;5.7;;;;;;;;;;;;;;;;;;;;;;;;;;;;;;;;;;;;;;;;;;;
3;Sudeste;31;MG;Minas Gerais;3170909;Varzelândia;235097.915;12478.66;199299.133;10578.51;187195.121;9704.26;8896.598;6773.687;66722.446;94603.138;176995.869;10199.252;Administração, defesa, educação e saúde públicas e seguridade social;Demais serviços;Comércio e reparação de veículos automotores e motocicletas;7;True;91.7;0.920979;254.01;253.02;4.044795;3.7;;91.7;0.920979;254.01;253.02;4.044795;3.7;;96.3;0.963846;245.42;247.47;4.8815;4.7;;96.7;0.966588;245.42;247.47;4.8815;4.7;;99.8;0.997577;201.03;198.07;5.401776;5.4;;99.9;0.999399;220.58;208.76;5.969231;6.0;;;;;;;;;100.0;1.0;224.58;210.94;6.085203;6.1;;;;;;;;;;;;;;;;;;;;;;;;;;;;;
3;Sudeste;31;MG;Minas Gerais;3171006;Vazante;1203158.712;60233.23;1133352.439;56738.55;1168799.631;56485.58;294441.928;367935.471;290234.437;109656.819;1062268.655;106530.976;Indústrias extrativas;Demais serviços;Agricultura, inclusive apoio à agricultura e a pós colheita;7;True;85.0;0.85339;271.49;268.51;4.522187;3.9;;85.0;0.85339;271.49;268.51;4.522187;3.9;;97.2;0.972646;252.74;254.18;5.115333;5.0;;97.7;0.976915;253.63;255.75;5.156333;5.0;;99.8;0.99839;233.34;217.52;6.372015;6.4;;99.9;0.998996;238.71;223.34;6.580314;6.6;;;;;;;;;100.0;1.0;242.5;227.46;6.727552;6.7;;;;;;;;;;;;;;;;;;;;;;;;;;;;;
3;Sudeste;31;MG;Minas Gerais;3171030;Verdelândia;136750.975;17824.68;114042.301;14864.74;115439.653;12117.1;37018.409;3989.57;22179.111;47502.18;110689.27;4750.383;Administração, defesa, educação e saúde públicas e seguridade social;Agricultura, inclusive apoio à agricultura e a pós colheita;Demais serviços;6;True;88.9;0.891462;249.42;236.06;3.726436;3.3;;88.9;0.891462;249.42;236.06;3.726436;3.3;;98.6;0.985801;219.52;228.91;4.1405;4.1;;99.0;0.989132;219.52;228.91;4.1405;4.1;;;;;;;;;100.0;1.0;192.9;196.8;5.223532;5.2;;;;;;;;;100.0;1.0;192.9;196.8;5.223532;5.2;;;;;;;;;;;;;;;;;;;;;;;;;;;;;
3;Sudeste;31;MG;Minas Gerais;3171071;Veredinha;114943.493;22185.58;123905.982;23915.46;133099.679;23216.41;55821.792;20819.504;21530.452;31254.774;129426.521;3673.157;Produção florestal, pesca e aquicultura;Administração, defesa, educação e saúde públicas e seguridade social;Demais serviços;6;True;94.6;0.949774;270.25;273.98;4.586657;4.4;;94.6;0.949774;270.25;273.98;4.586657;4.4;;95.1;0.950398;252.62;249.36;5.033;4.8;;95.1;0.950398;252.62;249.36;5.033;4.8;;100.0;1.0;238.02;228.18;6.655146;6.7;;100.0;1.0;238.02;228.18;6.655146;6.7;;;;;;;;;;;;;;;;;;;;;;;;;;;;;;;;;;;;;;;;;;;
3;Sudeste;31;MG;Minas Gerais;3171105;Veríssimo;306967.756;89993.48;179174.857;52528.54;170415.753;41666.44;101521.89;6842.057;29145.715;27857.317;165366.979;5048.774;Agricultura, inclusive apoio à agricultura e a pós colheita;Administração, defesa, educação e saúde públicas e seguridade social;Demais serviços;2;True;;;;;;;;;;;;;;;;;;;;;;;;;;;;;98.8;0.987156;213.06;198.52;5.639538;5.6;;98.8;0.987156;213.06;198.52;5.639538;5.6;;;;;;;;;;;;;;;;;;;;;;;;;;;;;;;;;;;;;;;;;;;
3;Sudeste;31;MG;Minas Gerais;3171154;Vermelho Novo;87808.636;17923.79;77630.532;15846.2;64212.469;13234.23;20749.689;1582.791;13932.861;26147.33;62412.671;1799.798;Administração, defesa, educação e saúde públicas e seguridade social;Agricultura, inclusive apoio à agricultura e a pós colheita;Demais serviços;6;True;90.3;0.907873;284.38;281.93;4.904124;4.5;;90.3;0.907873;284.38;281.93;4.904124;4.5;;90.7;0.906529;252.14;246.07;4.970167;4.5;;90.7;0.906529;252.14;246.07;4.970167;4.5;;100.0;1.0;227.12;210.4;6.123858;6.1;;100.0;1.0;227.12;210.4;6.123858;6.1;;;;;;;;;;;;;;;;;;;;;;;;;;;;;;;;;;;;;;;;;;;
3;Sudeste;31;MG;Minas Gerais;3171204;Vespasiano;3619030.727;28049.94;3368065.62;26059.34;3019113.566;22898.27;1174.034;778990.42;1058228.42;643295.152;2481688.026;537425.54;Demais serviços;Administração, defesa, educação e saúde públicas e seguridade social;Indústrias de transformação;8;True;84.0;0.846183;264.7;271.68;4.474277;3.8;;84.0;0.846183;264.7;271.68;4.474277;3.8;;89.5;0.893682;250.62;252.41;5.0505;4.5;;94.0;0.940172;248.83;251.0;4.997167;4.7;;99.5;0.994778;217.49;207.26;5.882989;5.9;;99.4;0.994173;218.64;208.49;5.927299;5.9;;97.8;0.977977;247.07;249.6;4.9445;4.8;;97.3;0.978733;281.17;275.0;8.329892;8.2;;;;;;;;;;;;;;;;;;;;;;;;;;;;;
3;Sudeste;31;MG;Minas Gerais;3171303;Viçosa;2234763.919;29239.36;2004831.52;26230.95;1811350.039;22667.38;31309.695;187266.108;1038353.66;385851.511;1642780.974;168569.066;Demais serviços;Administração, defesa, educação e saúde públicas e seguridade social;Comércio e reparação de veículos automotores e motocicletas;8;True;88.5;0.892311;281.42;292.63;5.022731;4.5;;90.5;0.910314;318.71;312.75;5.847665;5.3;;94.0;0.938971;255.73;258.83;5.242667;4.9;;92.9;0.928138;252.26;255.36;5.127;4.8;;99.2;0.992343;230.64;214.56;6.26667;6.2;;99.4;0.994564;231.25;217.39;6.329766;6.3;;91.5;0.912199;247.57;250.67;4.970667;4.5;;99.7;0.99778;231.93;220.56;6.40038;6.4;;;;;;;;;;;;;;;;;;;;;;;;;;;;;
3;Sudeste;31;MG;Minas Gerais;3171402;Vieiras;69384.765;18752.64;65686.358;17753.07;53435.529;14967.94;15002.287;1941.705;12068.629;22820.868;51833.489;1602.04;Administração, defesa, educação e saúde públicas e seguridade social;Demais serviços;Pecuária, inclusive apoio à pecuária;6;True;99.2;0.990143;282.85;285.03;4.929043;4.9;;99.2;0.990143;282.85;285.03;4.929043;4.9;;;;;;;;;95.4;0.949466;232.76;244.15;4.615167;4.4;;100.0;1.0;240.04;220.08;6.546423;6.5;;100.0;1.0;240.04;220.08;6.546423;6.5;;95.4;0.949466;232.76;244.15;4.615167;4.4;;;;;;;;;;;;;;;;;;;;;;;;;;;;;;;;;;;;
3;Sudeste;31;MG;Minas Gerais;3171501;Mathias Lobato;58002.25;19092.25;50685.784;16683.93;43983.398;13932.02;5449.615;1681.902;13791.93;20606.437;41529.884;2453.514;Administração, defesa, educação e saúde públicas e seguridade social;Demais serviços;Pecuária, inclusive apoio à pecuária;6;True;79.5;0.822558;245.63;244.11;3.793715;3.1;;79.5;0.822558;245.63;244.11;3.793715;3.1;;;;;;;;;82.8;0.814513;223.27;230.44;4.2285;3.4;;94.4;0.942391;210.47;193.24;5.49411;5.2;;94.4;0.942391;210.47;193.24;5.49411;5.2;;82.8;0.814513;223.27;230.44;4.2285;3.4;;;;;;;;;;;;;;;;;;;;;;;;;;;;;;;;;;;;
3;Sudeste;31;MG;Minas Gerais;3171600;Virgem da Lapa;162587.512;13773.93;139826.999;11845.73;131570.486;9583.4;9139.914;5391.819;45273.346;65480.796;125285.876;6284.61;Administração, defesa, educação e saúde públicas e seguridade social;Demais serviços;Comércio e reparação de veículos automotores e motocicletas;7;True;89.7;0.9014;266.12;269.81;4.466227;4.0;;89.7;0.9014;266.12;269.81;4.466227;4.0;;92.0;0.920603;249.02;256.34;5.089333;4.7;;98.1;0.981707;238.42;247.59;4.766833;4.7;;100.0;1.0;231.04;216.24;6.304849;6.3;;100.0;1.0;231.04;216.24;6.304849;6.3;;100.0;1.0;237.46;246.79;4.7375;4.7;;;;;;;;;;;;;;;;;;;;;;;;;;;;;;;;;;;;
3;Sudeste;31;MG;Minas Gerais;3171709;Virgínia;238862.597;26814.39;196221.749;22027.59;180395.822;20850.19;52052.22;5259.913;75225.112;40099.865;172637.11;7758.712;Demais serviços;Administração, defesa, educação e saúde públicas e seguridade social;Produção florestal, pesca e aquicultura;6;True;89.3;0.896956;283.68;288.77;4.996688;4.5;;89.3;0.896956;283.68;288.77;4.996688;4.5;;98.7;0.987415;256.55;243.65;5.003333;4.9;;98.7;0.987415;256.55;243.65;5.003333;4.9;;100.0;1.0;245.84;237.49;6.973656;7.0;;100.0;1.0;245.84;237.49;6.973656;7.0;;;;;;;;;;;;;;;;;;;;;;;;;;;;;;;;;;;;;;;;;;;
3;Sudeste;31;MG;Minas Gerais;3171808;Virginópolis;210992.204;20456.87;191991.919;18614.69;183971.884;17589.82;32383.096;6483.463;80290.054;52832.213;171988.826;11983.058;Demais serviços;Administração, defesa, educação e saúde públicas e seguridade social;Comércio e reparação de veículos automotores e motocicletas;6;True;89.8;0.907452;295.94;291.3;5.206753;4.7;;89.8;0.907452;295.94;291.3;5.206753;4.7;;86.6;0.865855;259.54;263.64;5.386333;4.7;;86.6;0.865855;259.54;263.64;5.386333;4.7;;94.4;0.944458;228.86;213.72;6.217428;5.9;;94.4;0.944458;228.86;213.72;6.217428;5.9;;;;;;;;;;;;;;;;;;;;;;;;;;;;;;;;;;;;;;;;;;;
3;Sudeste;31;MG;Minas Gerais;3171907;Virgolândia;67748.405;14883.22;62775.578;13790.77;62673.43;11818.49;12538.246;1957.179;16520.725;29709.818;60725.969;1947.462;Administração, defesa, educação e saúde públicas e seguridade social;Demais serviços;Pecuária, inclusive apoio à pecuária;6;True;95.4;0.956385;260.95;269.39;4.387327;4.2;;95.4;0.956385;260.95;269.39;4.387327;4.2;;100.0;1.0;235.67;251.47;4.785667;4.8;;100.0;1.0;235.67;251.47;4.785667;4.8;;100.0;1.0;224.88;222.66;6.304019;6.3;;100.0;1.0;224.88;222.66;6.304019;6.3;;;;;;;;;;;;;;;;;;;;;;;;;;;;;;;;;;;;;;;;;;;
3;Sudeste;31;MG;Minas Gerais;3172004;Visconde do Rio Branco;2052277.555;52407.5;1687802.627;43100.17;1349239.473;31123.61;16196.996;458734.18;491857.552;200483.297;1167272.025;181967.448;Demais serviços;Indústrias de transformação;Administração, defesa, educação e saúde públicas e seguridade social;7;True;;;;;;;;80.0;0.802103;286.79;291.68;5.083931;4.1;;93.0;0.927327;247.22;249.74;4.949333;4.6;;82.8;0.829397;262.8;258.19;5.349833;4.4;;99.7;0.996986;231.8;210.89;6.22208;6.2;;99.9;0.998599;239.93;223.18;6.600688;6.6;;76.1;0.762003;267.23;260.59;5.463667;4.2;;99.9;0.999399;242.17;226.55;6.704709;6.7;;;;;;;;;;;;;;;;;;;;;;;;;;;;;
3;Sudeste;31;MG;Minas Gerais;3172103;Volta Grande;146386.275;32947.62;123806.623;27865.55;139852.42;26537.46;12821.418;30384.269;43601.607;30739.844;117547.137;22305.284;Administração, defesa, educação e saúde públicas e seguridade social;Demais serviços;Indústrias de transformação;6;True;87.7;0.869415;262.02;243.69;4.017624;3.5;;87.7;0.869415;262.02;243.69;4.017624;3.5;;;;;;;;;88.4;0.878493;235.67;231.29;4.449333;3.9;;95.6;0.95456;214.04;203.55;5.749695;5.5;;95.6;0.95456;214.04;203.55;5.749695;5.5;;88.4;0.878493;235.67;231.29;4.449333;3.9;;;;;;;;;;;;;;;;;;;;;;;;;;;;;;;;;;;;
3;Sudeste;31;MG;Minas Gerais;3172202;Wenceslau Braz;43766.829;18576.75;36814.516;15625.86;33069.628;13004.18;5987.726;2510.281;7547.082;15243.75;31288.838;1780.79;Administração, defesa, educação e saúde públicas e seguridade social;Demais serviços;Pecuária, inclusive apoio à pecuária;4;True;98.9;0.987355;266.95;276.39;4.576387;4.5;;98.9;0.987355;266.95;276.39;4.576387;4.5;;97.7;0.974706;275.07;274.44;5.825167;5.7;;97.7;0.974706;275.07;274.44;5.825167;5.7;;;;;;;;;;;;;;;;;;;;;;;;;;;;;;;;;;;;;;;;;;;;;;;;;;;;;;;;;
