region_code;region_name;state_code;state_abbr;state_name;city_code;city_name;gdp_2023_current_prices_thousand_reais;gdp_per_capita_2023_current_reais;gdp_2022_current_prices_thousand_reais;gdp_per_capita_2022_current_reais;gdp_2021_current_prices_thousand_reais;gdp_per_capita_2021_current_reais;gross_value_added_agriculture_2021_current_prices_thousand_reais;gross_value_added_industry_2021_current_prices_thousand_reais;gross_value_added_services_2021_current_prices_thousand_reais;gross_value_added_public_administration_2021_current_prices_thousand_reais;gross_value_added_total_2021_current_prices_thousand_reais;taxes_less_subsidies_2021_current_prices_thousand_reais;main_economic_activity_2021;second_main_economic_activity_2021;third_main_economic_activity_2021;total_school_records;has_any_school_record;approval_rate_publica_medio_todos_1_4;performance_indicator_publica_medio_todos_1_4;saeb_math_score_publica_medio_todos_1_4;saeb_portuguese_score_publica_medio_todos_1_4;saeb_standardized_average_score_publica_medio_todos_1_4;ideb_publica_medio_todos_1_4;ideb_projection_publica_medio_todos_1_4;approval_rate_estadual_medio_todos_1_4;performance_indicator_estadual_medio_todos_1_4;saeb_math_score_estadual_medio_todos_1_4;saeb_portuguese_score_estadual_medio_todos_1_4;saeb_standardized_average_score_estadual_medio_todos_1_4;ideb_estadual_medio_todos_1_4;ideb_projection_estadual_medio_todos_1_4;approval_rate_publica_fundamental_iniciais_1_5;performance_indicator_publica_fundamental_iniciais_1_5;saeb_math_score_publica_fundamental_iniciais_1_5;saeb_portuguese_score_publica_fundamental_iniciais_1_5;saeb_standardized_average_score_publica_fundamental_iniciais_1_5;ideb_publica_fundamental_iniciais_1_5;ideb_projection_publica_fundamental_iniciais_1_5;approval_rate_municipal_fundamental_iniciais_1_5;performance_indicator_municipal_fundamental_iniciais_1_5;saeb_math_score_municipal_fundamental_iniciais_1_5;saeb_portuguese_score_municipal_fundamental_iniciais_1_5;saeb_standardized_average_score_municipal_fundamental_iniciais_1_5;ideb_municipal_fundamental_iniciais_1_5;ideb_projection_municipal_fundamental_iniciais_1_5;approval_rate_publica_fundamental_finais_6_9;performance_indicator_publica_fundamental_finais_6_9;saeb_math_score_publica_fundamental_finais_6_9;saeb_portuguese_score_publica_fundamental_finais_6_9;saeb_standardized_average_score_publica_fundamental_finais_6_9;ideb_publica_fundamental_finais_6_9;ideb_projection_publica_fundamental_finais_6_9;approval_rate_municipal_fundamental_finais_6_9;performance_indicator_municipal_fundamental_finais_6_9;saeb_math_score_municipal_fundamental_finais_6_9;saeb_portuguese_score_municipal_fundamental_finais_6_9;saeb_standardized_average_score_municipal_fundamental_finais_6_9;ideb_municipal_fundamental_finais_6_9;ideb_projection_municipal_fundamental_finais_6_9;approval_rate_estadual_fundamental_finais_6_9;performance_indicator_estadual_fundamental_finais_6_9;saeb_math_score_estadual_fundamental_finais_6_9;saeb_portuguese_score_estadual_fundamental_finais_6_9;saeb_standardized_average_score_estadual_fundamental_finais_6_9;ideb_estadual_fundamental_finais_6_9;ideb_projection_estadual_fundamental_finais_6_9;approval_rate_estadual_fundamental_iniciais_1_5;performance_indicator_estadual_fundamental_iniciais_1_5;saeb_math_score_estadual_fundamental_iniciais_1_5;saeb_portuguese_score_estadual_fundamental_iniciais_1_5;saeb_standardized_average_score_estadual_fundamental_iniciais_1_5;ideb_estadual_fundamental_iniciais_1_5;ideb_projection_estadual_fundamental_iniciais_1_5;approval_rate_federal_medio_todos_1_4;performance_indicator_federal_medio_todos_1_4;saeb_math_score_federal_medio_todos_1_4;saeb_portuguese_score_federal_medio_todos_1_4;saeb_standardized_average_score_federal_medio_todos_1_4;ideb_federal_medio_todos_1_4;ideb_projection_federal_medio_todos_1_4;approval_rate_municipal_medio_todos_1_4;performance_indicator_municipal_medio_todos_1_4;saeb_math_score_municipal_medio_todos_1_4;saeb_portuguese_score_municipal_medio_todos_1_4;saeb_standardized_average_score_municipal_medio_todos_1_4;ideb_municipal_medio_todos_1_4;ideb_projection_municipal_medio_todos_1_4
2;Nordeste;25;PB;Paraíba;2500106;Água Branca;107368.213;11501.68;95192.995;10197.43;92268.329;8893.33;6074.33;3754.809;20934.959;57405.239;88169.337;4098.992;Administração, defesa, educação e saúde públicas e seguridade social;Demais serviços;Comércio e reparação de veículos automotores e motocicletas;6;True;80.8;0.826845;282.49;277.78;4.815454;4.0;;80.8;0.826845;282.49;277.78;4.815454;4.0;;100.0;1.0;253.97;231.18;7.014081;7.0;;100.0;1.0;253.97;231.18;7.014081;7.0;;99.8;0.998241;275.84;265.76;5.693333;5.7;;99.8;0.998241;275.84;265.76;5.693333;5.7;;;;;;;;;;;;;;;;;;;;;;;;;;;;;
2;Nordeste;25;PB;Paraíba;2500205;Aguiar;68585.332;13708.84;61115.323;12215.74;60255.576;10717.82;5837.415;5973.882;12376.005;31700.426;55887.728;4367.848;Administração, defesa, educação e saúde públicas e seguridade social;Demais serviços;Pecuária, inclusive apoio à pecuária;7;True;96.6;0.968462;280.78;283.56;4.877964;4.7;;96.6;0.968462;280.78;283.56;4.877964;4.7;;100.0;1.0;227.27;204.35;6.016721;6.0;;100.0;1.0;227.27;204.35;6.016721;6.0;;94.8;0.946838;257.05;253.12;5.1695;4.9;;94.0;0.942963;260.63;253.45;5.234667;4.9;;95.8;0.96316;254.04;252.83;5.1145;4.9;;;;;;;;;;;;;;;;;;;;;;
2;Nordeste;25;PB;Paraíba;2500304;Alagoa Grande;367231.922;14090.7;320351.096;12291.88;300766.384;10596.34;29547.763;15614.498;86553.76;151077.907;282793.928;17972.456;Administração, defesa, educação e saúde públicas e seguridade social;Demais serviços;Comércio e reparação de veículos automotores e motocicletas;8;True;61.6;0.621798;246.5;257.16;4.001293;2.5;;61.6;0.621798;246.5;257.16;4.001293;2.5;;87.0;0.868818;211.26;195.56;5.551368;4.8;;86.6;0.86538;213.55;198.04;5.640162;4.9;;76.2;0.761079;232.68;232.18;4.414333;3.4;;78.3;0.784615;238.79;233.85;4.544;3.6;;73.6;0.734324;229.67;231.35;4.350333;3.2;;100.0;1.0;175.29;156.54;4.155464;4.2;;;;;;;;;;;;;;;
2;Nordeste;25;PB;Paraíba;2500403;Alagoa Nova;376825.036;17932.95;377884.689;17983.38;335568.446;15985.54;106987.3;47694.485;61155.046;102035.992;317872.824;17695.622;Administração, defesa, educação e saúde públicas e seguridade social;Agricultura, inclusive apoio à agricultura e a pós colheita;Demais serviços;6;True;;;;;;;;;;;;;;;97.9;0.979589;202.6;191.19;5.306647;5.2;;98.1;0.980632;200.04;186.97;5.181065;5.1;;81.8;0.818139;233.95;238.02;4.532833;3.7;;83.6;0.840638;239.8;235.09;4.5815;3.9;;79.6;0.797441;230.74;239.62;4.506;3.6;;94.8;0.950682;215.6;212.66;5.945102;5.7;;;;;;;;;;;;;;;
2;Nordeste;25;PB;Paraíba;2500502;Alagoinha;166686.215;12144.72;152279.608;11095.05;138844.393;9491.04;12232.541;4813.802;34654.769;80675.963;132377.075;6467.318;Administração, defesa, educação e saúde públicas e seguridade social;Demais serviços;Comércio e reparação de veículos automotores e motocicletas;6;True;83.2;0.838922;232.82;236.58;3.501075;2.9;;83.2;0.838922;232.82;236.58;3.501075;2.9;;96.6;0.965822;196.66;187.2;5.120743;4.9;;96.6;0.965822;196.66;187.2;5.120743;4.9;;97.9;0.978795;229.23;228.38;4.2935;4.2;;97.9;0.978795;229.23;228.38;4.2935;4.2;;;;;;;;;;;;;;;;;;;;;;;;;;;;;
2;Nordeste;25;PB;Paraíba;2500536;Alcantil;70347.946;12611.68;62649.179;11231.48;55221.414;9991.21;6315.517;1919.346;11031.2;34075.748;53341.811;1879.603;Administração, defesa, educação e saúde públicas e seguridade social;Demais serviços;Pecuária, inclusive apoio à pecuária;4;True;81.6;0.832005;285.01;301.62;5.207733;4.3;;81.6;0.832005;285.01;301.62;5.207733;4.3;;96.9;0.967957;217.7;195.61;5.675178;5.5;;96.9;0.967957;217.7;195.61;5.675178;5.5;;;;;;;;;;;;;;;;;;;;;;;;;;;;;;;;;;;;;;;;;;;
2;Nordeste;25;PB;Paraíba;2500577;Algodão de Jandaíra;38482.518;13031.67;33767.792;11435.08;28687.686;11084.89;1977.301;931.241;5452.437;19708.633;28069.612;618.074;Administração, defesa, educação e saúde públicas e seguridade social;Demais serviços;Pecuária, inclusive apoio à pecuária;6;True;80.3;0.809329;262.01;259.77;4.258202;3.4;;80.3;0.809329;262.01;259.77;4.258202;3.4;;98.2;0.979905;188.56;183.27;4.894708;4.8;;98.2;0.979905;188.56;183.27;4.894708;4.8;;85.6;0.858727;233.62;238.44;4.534333;3.9;;85.6;0.858727;233.62;238.44;4.534333;3.9;;;;;;;;;;;;;;;;;;;;;;;;;;;;;
2;Nordeste;25;PB;Paraíba;2500601;Alhandra;3148252.077;144880.45;3639169.052;167603.24;3391901.194;170747.61;30130.762;181909.568;2232427.0;136909.015;2581376.344;810524.85;Comércio e reparação de veículos automotores e motocicletas;Demais serviços;Administração, defesa, educação e saúde públicas e seguridade social;7;True;86.3;0.864571;246.32;250.28;3.895771;3.4;;86.3;0.864571;246.32;250.28;3.895771;3.4;;92.6;0.926934;181.28;168.37;4.484867;4.2;;92.6;0.926934;181.28;168.37;4.484867;4.2;;87.2;0.873213;233.97;240.72;4.578167;4.0;;88.0;0.884134;223.54;224.24;4.129667;3.7;;86.1;0.849658;245.39;258.76;5.069167;4.3;;;;;;;;;;;;;;;;;;;;;;
2;Nordeste;25;PB;Paraíba;2500700;São João do Rio do Peixe;286060.022;15924.07;248471.599;13831.64;226325.939;12559.71;24075.694;11447.132;71169.243;98894.551;205586.621;20739.318;Administração, defesa, educação e saúde públicas e seguridade social;Demais serviços;Comércio e reparação de veículos automotores e motocicletas;7;True;88.8;0.889561;261.22;257.7;4.216119;3.8;;88.8;0.889561;261.22;257.7;4.216119;3.8;;97.4;0.973574;191.61;178.06;4.858187;4.7;;97.4;0.973574;191.61;178.06;4.858187;4.7;;86.5;0.865079;236.82;231.58;4.473333;3.9;;88.5;0.887998;231.32;223.96;4.254667;3.8;;79.4;0.769598;245.77;243.95;4.828667;3.7;;;;;;;;;;;;;;;;;;;;;;
2;Nordeste;25;PB;Paraíba;2500734;Amparo;37039.128;16579.74;33047.789;14793.1;29514.119;13036.27;2456.023;1422.681;6615.939;17848.745;28343.388;1170.731;Administração, defesa, educação e saúde públicas e seguridade social;Demais serviços;Pecuária, inclusive apoio à pecuária;6;True;100.0;1.0;264.07;254.22;4.204051;4.2;;100.0;1.0;264.07;254.22;4.204051;4.2;;97.3;0.971721;215.91;208.68;5.878654;5.7;;97.3;0.971721;215.91;208.68;5.878654;5.7;;84.5;0.844049;235.74;227.97;4.395167;3.7;;84.5;0.844049;235.74;227.97;4.395167;3.7;;;;;;;;;;;;;;;;;;;;;;;;;;;;;
2;Nordeste;25;PB;Paraíba;2500775;Aparecida;147637.352;18547.41;125775.725;15800.97;105562.098;12445.43;8675.686;10587.582;31384.446;44699.129;95346.843;10215.255;Administração, defesa, educação e saúde públicas e seguridade social;Demais serviços;Comércio e reparação de veículos automotores e motocicletas;6;True;78.8;0.7937;277.82;284.95;4.857199;3.9;;78.8;0.7937;277.82;284.95;4.857199;3.9;;95.6;0.957363;202.39;192.94;5.334457;5.1;;95.6;0.957363;202.39;192.94;5.334457;5.1;;93.3;0.932729;246.22;253.72;4.999;4.7;;93.3;0.932729;246.22;253.72;4.999;4.7;;;;;;;;;;;;;;;;;;;;;;;;;;;;;
2;Nordeste;25;PB;Paraíba;2500809;Araçagi;233112.691;14004.13;200370.315;12037.14;186120.697;11041.15;33101.071;9281.828;39229.905;97068.353;178681.156;7439.541;Administração, defesa, educação e saúde públicas e seguridade social;Demais serviços;Agricultura, inclusive apoio à agricultura e a pós colheita;6;True;98.9;0.988986;245.1;243.38;3.775343;3.7;;98.9;0.988986;245.1;243.38;3.775343;3.7;;95.5;0.953985;181.79;175.86;4.630782;4.4;;95.5;0.953985;181.79;175.86;4.630782;4.4;;84.8;0.845911;221.96;222.43;4.073167;3.4;;84.8;0.845911;221.96;222.43;4.073167;3.4;;;;;;;;;;;;;;;;;;;;;;;;;;;;;
2;Nordeste;25;PB;Paraíba;2500908;Arara;133977.296;10970.95;119681.467;9800.32;112505.436;8264.56;5683.887;2979.121;29677.503;67609.709;105950.219;6555.216;Administração, defesa, educação e saúde públicas e seguridade social;Demais serviços;Comércio e reparação de veículos automotores e motocicletas;7;True;90.7;0.91113;256.45;260.28;4.187747;3.8;;90.7;0.91113;256.45;260.28;4.187747;3.8;;98.5;0.984528;198.42;187.83;5.165785;5.1;;98.5;0.984528;198.42;187.83;5.165785;5.1;;86.5;0.863997;231.92;237.03;4.4825;3.9;;84.0;0.837998;238.9;243.41;4.705167;3.9;;92.5;0.926078;219.09;225.29;4.073;3.8;;;;;;;;;;;;;;;;;;;;;;
2;Nordeste;25;PB;Paraíba;2501005;Araruna;244109.139;14201.47;210531.419;12248.03;204617.85;9928.09;13816.254;8887.836;55604.974;114392.833;192701.897;11915.954;Administração, defesa, educação e saúde públicas e seguridade social;Demais serviços;Comércio e reparação de veículos automotores e motocicletas;7;True;82.1;0.824131;252.98;260.34;4.13991;3.4;;82.1;0.824131;252.98;260.34;4.13991;3.4;;96.0;0.960991;205.21;196.39;5.451001;5.2;;96.0;0.960991;205.21;196.39;5.451001;5.2;;84.9;0.843787;238.79;237.92;4.611833;3.9;;84.6;0.843226;237.75;236.33;4.568;3.9;;89.7;0.903509;246.16;249.15;4.921833;4.4;;;;;;;;;;;;;;;;;;;;;;
2;Nordeste;25;PB;Paraíba;2501104;Areia;355512.333;15707.7;303548.942;13411.79;258030.317;11471.58;34024.37;19434.279;70906.386;113541.512;237906.548;20123.769;Administração, defesa, educação e saúde públicas e seguridade social;Demais serviços;Agricultura, inclusive apoio à agricultura e a pós colheita;8;True;88.0;0.880515;260.95;259.78;4.243464;3.7;;88.0;0.880515;260.95;259.78;4.243464;3.7;;99.6;0.996964;194.15;184.64;5.026296;5.0;;99.6;0.996347;197.56;186.84;5.131373;5.1;;90.8;0.908196;232.98;235.93;4.481833;4.1;;91.5;0.914639;193.09;204.21;3.288333;3.0;;89.7;0.895456;235.64;238.04;4.561333;4.1;;100.0;1.0;189.23;181.48;4.874949;4.9;;;;;;;;;;;;;;;
2;Nordeste;25;PB;Paraíba;2501153;Areia de Baraúnas;27915.935;13923.16;48609.08;24243.93;26145.736;12420.78;1341.093;1870.803;4366.654;16678.278;24256.829;1888.907;Administração, defesa, educação e saúde públicas e seguridade social;Demais serviços;Pecuária, inclusive apoio à pecuária;6;True;96.2;0.942793;264.95;244.66;4.073297;3.8;;96.2;0.942793;264.95;244.66;4.073297;3.8;;96.7;0.966744;192.42;183.38;4.970372;4.8;;96.7;0.966744;192.42;183.38;4.970372;4.8;;98.0;0.979328;230.9;242.81;4.561833;4.5;;98.0;0.979328;230.9;242.81;4.561833;4.5;;;;;;;;;;;;;;;;;;;;;;;;;;;;;
2;Nordeste;25;PB;Paraíba;2501203;Areial;81463.23;11428.62;71784.626;10070.79;62685.654;8886.54;2767.423;1790.07;15111.987;40232.04;59901.521;2784.133;Administração, defesa, educação e saúde públicas e seguridade social;Demais serviços;Comércio e reparação de veículos automotores e motocicletas;6;True;78.7;0.791996;284.76;284.93;4.954372;3.9;;78.7;0.791996;284.76;284.93;4.954372;3.9;;96.8;0.968502;234.24;215.18;6.346645;6.1;;96.8;0.968502;234.24;215.18;6.346645;6.1;;95.1;0.95211;252.68;256.4;5.151333;4.9;;95.1;0.95211;252.68;256.4;5.151333;4.9;;;;;;;;;;;;;;;;;;;;;;;;;;;;;
2;Nordeste;25;PB;Paraíba;2501302;Aroeiras;327698.839;17519.32;314453.446;16811.2;286086.029;14993.24;10750.237;17815.474;136393.551;103967.887;268927.149;17158.88;Demais serviços;Administração, defesa, educação e saúde públicas e seguridade social;Eletricidade e gás, água, esgoto, atividades de gestão de resíduos e descontaminação;7;True;92.9;0.926952;244.15;248.04;3.831761;3.6;;92.9;0.926952;244.15;248.04;3.831761;3.6;;100.0;1.0;204.84;190.58;5.338304;5.3;;100.0;1.0;204.84;190.58;5.338304;5.3;;97.3;0.973176;239.04;239.73;4.646167;4.5;;98.3;0.983408;242.66;244.37;4.783833;4.7;;89.9;0.887615;226.89;224.15;4.184;3.7;;;;;;;;;;;;;;;;;;;;;;
2;Nordeste;25;PB;Paraíba;2501351;Assunção;56279.093;13554.69;53156.437;12802.61;48604.696;11950.99;2898.715;6197.654;11061.138;25939.712;46097.218;2507.478;Administração, defesa, educação e saúde públicas e seguridade social;Demais serviços;Indústrias de transformação;6;True;88.4;0.884272;284.59;297.02;5.132972;4.5;;88.4;0.884272;284.59;297.02;5.132972;4.5;;93.0;0.927805;201.06;190.43;5.263439;4.9;;93.0;0.927805;201.06;190.43;5.263439;4.9;;82.1;0.822842;244.39;250.33;4.912;4.0;;82.1;0.822842;244.39;250.33;4.912;4.0;;;;;;;;;;;;;;;;;;;;;;;;;;;;;
2;Nordeste;25;PB;Paraíba;2501401;Baía da Traição;130461.853;14143.74;117261.962;12712.7;108130.005;11757.1;20787.235;3569.421;24692.666;54904.031;103953.352;4176.653;Administração, defesa, educação e saúde públicas e seguridade social;Demais serviços;Produção florestal, pesca e aquicultura;2;True;91.4;0.913958;242.97;246.43;3.791086;3.5;;91.4;0.913958;242.97;246.43;3.791086;3.5;;;;;;;;;;;;;;;;;;;;;;;;;;;;;;;;;;;;;;;;;;;;;;;;;;;;;;;;;
2;Nordeste;25;PB;Paraíba;2501500;Bananeiras;370979.522;16036.12;320676.568;13861.7;279646.766;13178.45;58598.762;17113.661;80356.225;110498.546;266567.195;13079.57;Administração, defesa, educação e saúde públicas e seguridade social;Demais serviços;Agricultura, inclusive apoio à agricultura e a pós colheita;8;True;74.1;0.747084;255.98;263.02;4.222164;3.2;;70.5;0.708037;255.75;262.51;4.211299;3.0;;97.1;0.971324;189.72;181.33;4.881573;4.7;;97.1;0.971324;189.72;181.33;4.881573;4.7;;81.1;0.804867;235.02;247.15;4.702833;3.8;;80.2;0.79902;228.83;243.48;4.5385;3.6;;98.2;0.979592;260.91;262.55;5.391;5.3;;;;;;;;;90.3;0.905301;258.24;267.94;4.327558;3.9;;;;;;;;
2;Nordeste;25;PB;Paraíba;2501534;Baraúna;62002.341;13020.23;54869.45;11522.35;49872.389;9909.08;1613.079;1443.745;13296.271;30985.721;47338.816;2533.573;Administração, defesa, educação e saúde públicas e seguridade social;Demais serviços;Comércio e reparação de veículos automotores e motocicletas;6;True;81.8;0.841889;269.08;276.41;4.606602;3.9;;81.8;0.841889;269.08;276.41;4.606602;3.9;;99.5;0.995367;231.28;229.48;6.550157;6.5;;99.5;0.995367;231.28;229.48;6.550157;6.5;;93.8;0.943963;249.79;252.58;5.0395;4.8;;93.8;0.943963;249.79;252.58;5.0395;4.8;;;;;;;;;;;;;;;;;;;;;;;;;;;;;
2;Nordeste;25;PB;Paraíba;2501575;Barra de Santana;115120.585;14284.72;101341.461;12574.94;90979.711;10911.45;20244.793;2378.771;16153.666;49441.367;88218.597;2761.113;Administração, defesa, educação e saúde públicas e seguridade social;Demais serviços;Pecuária, inclusive apoio à pecuária;6;True;91.0;0.912426;252.43;259.84;4.1247;3.8;;91.0;0.912426;252.43;259.84;4.1247;3.8;;97.2;0.969257;209.66;187.76;5.379016;5.2;;97.2;0.969257;209.66;187.76;5.379016;5.2;;87.9;0.883156;248.16;247.91;4.9345;4.4;;87.9;0.883156;248.16;247.91;4.9345;4.4;;;;;;;;;;;;;;;;;;;;;;;;;;;;;
2;Nordeste;25;PB;Paraíba;2501609;Barra de Santa Rosa;187974.683;14567.16;156128.695;12099.25;151139.756;9684.1;14942.19;8421.711;37231.966;81742.874;142338.74;8801.015;Administração, defesa, educação e saúde públicas e seguridade social;Demais serviços;Comércio e reparação de veículos automotores e motocicletas;4;True;97.9;0.979569;263.52;267.06;4.388542;4.3;;97.9;0.979569;263.52;267.06;4.388542;4.3;;;;;;;;;;;;;;;;95.1;0.952824;243.74;243.49;4.787167;4.6;;95.1;0.952824;243.74;243.49;4.787167;4.6;;;;;;;;;;;;;;;;;;;;;;;;;;;;;
2;Nordeste;25;PB;Paraíba;2501708;Barra de São Miguel;101523.734;17189.93;86302.789;14612.73;85061.057;13955.87;29864.797;2950.949;12300.0;37753.426;82869.172;2191.885;Administração, defesa, educação e saúde públicas e seguridade social;Produção florestal, pesca e aquicultura;Demais serviços;4;True;;;;;;;;;;;;;;;100.0;1.0;220.16;219.95;6.16467;6.2;;100.0;1.0;220.16;219.95;6.16467;6.2;;100.0;1.0;261.91;252.31;5.237;5.2;;100.0;1.0;261.91;252.31;5.237;5.2;;;;;;;;;;;;;;;;;;;;;;;;;;;;;
2;Nordeste;25;PB;Paraíba;2501807;Bayeux;1899000.35;22950.86;1492127.116;18033.49;1367699.814;14024.96;5475.306;113217.703;570475.267;487098.413;1176266.689;191433.125;Administração, defesa, educação e saúde públicas e seguridade social;Demais serviços;Comércio e reparação de veículos automotores e motocicletas;6;True;;;;;;;;;;;;;;;92.3;0.924203;195.16;185.85;5.067571;4.7;;92.5;0.92498;195.53;186.31;5.082996;4.7;;79.3;0.792682;226.02;235.74;4.362667;3.5;;79.8;0.799314;227.18;235.97;4.385833;3.5;;77.5;0.773563;222.75;235.09;4.297333;3.3;;90.4;0.912689;191.18;181.05;4.904344;4.5;;;;;;;;;;;;;;;
2;Nordeste;25;PB;Paraíba;2501906;Belém;268655.34;16380.42;241955.495;14752.48;217641.894;12273.27;9452.635;26486.746;65731.699;92071.814;193742.894;23899.0;Administração, defesa, educação e saúde públicas e seguridade social;Demais serviços;Indústrias de transformação;7;True;86.4;0.868709;252.31;264.0;4.18529;3.6;;86.4;0.868709;252.31;264.0;4.18529;3.6;;96.3;0.963192;185.8;173.8;4.669854;4.5;;96.3;0.963192;185.8;173.8;4.669854;4.5;;91.5;0.915052;231.25;242.08;4.5555;4.2;;91.9;0.924223;230.81;245.06;4.597833;4.2;;89.1;0.884398;231.83;238.15;4.499667;4.0;;;;;;;;;;;;;;;;;;;;;;
2;Nordeste;25;PB;Paraíba;2502003;Belém do Brejo do Cruz;93159.633;14862.74;82367.039;13140.88;78753.671;10706.05;8248.409;3128.753;18178.301;43610.911;73166.374;5587.296;Administração, defesa, educação e saúde públicas e seguridade social;Demais serviços;Pecuária, inclusive apoio à pecuária;7;True;86.3;0.85743;265.08;258.2;4.277817;3.7;;86.3;0.85743;265.08;258.2;4.277817;3.7;;96.4;0.968187;191.86;182.03;4.935139;4.8;;96.4;0.968187;191.86;182.03;4.935139;4.8;;83.5;0.833735;240.41;244.18;4.743167;4.0;;82.7;0.827985;234.72;239.27;4.5665;3.8;;85.6;0.852235;251.38;253.65;5.083833;4.3;;;;;;;;;;;;;;;;;;;;;;
2;Nordeste;25;PB;Paraíba;2502052;Bernardino Batista;53720.819;15331.28;45715.686;13046.71;40114.689;11233.46;2406.197;2372.333;8278.864;25638.263;38695.657;1419.032;Administração, defesa, educação e saúde públicas e seguridade social;Demais serviços;Construção;4;True;86.5;0.867876;251.18;241.66;3.834988;3.3;;86.5;0.867876;251.18;241.66;3.834988;3.3;;97.9;0.978777;214.09;197.87;5.647376;5.5;;97.9;0.978777;214.09;197.87;5.647376;5.5;;;;;;;;;;;;;;;;;;;;;;;;;;;;;;;;;;;;;;;;;;;
2;Nordeste;25;PB;Paraíba;2502102;Boa Ventura;63600.867;12214.49;56351.142;10822.19;51771.123;9864.92;5516.101;2484.441;11638.677;30273.982;49913.2;1857.923;Administração, defesa, educação e saúde públicas e seguridade social;Demais serviços;Pecuária, inclusive apoio à pecuária;7;True;91.9;0.921741;299.36;281.52;5.10838;4.7;;91.9;0.921741;299.36;281.52;5.10838;4.7;;97.9;0.977768;171.57;156.2;4.078289;4.0;;97.9;0.977768;171.57;156.2;4.078289;4.0;;90.4;0.899365;234.07;228.8;4.381167;3.9;;89.8;0.904796;208.76;209.63;3.639833;3.3;;94.4;0.944;263.6;251.18;5.246333;5.0;;;;;;;;;;;;;;;;;;;;;;
2;Nordeste;25;PB;Paraíba;2502151;Boa Vista;319446.395;50093.52;305885.498;47966.99;203601.208;28207.43;15345.063;81832.865;38411.922;43935.964;179525.814;24075.394;Indústrias de transformação;Administração, defesa, educação e saúde públicas e seguridade social;Demais serviços;6;True;93.2;0.932282;282.5;289.21;4.986702;4.6;;93.2;0.932282;282.5;289.21;4.986702;4.6;;93.6;0.937309;241.62;210.12;6.395485;6.0;;93.6;0.937309;241.62;210.12;6.395485;6.0;;85.1;0.850673;246.8;250.01;4.946833;4.2;;85.1;0.850673;246.8;250.01;4.946833;4.2;;;;;;;;;;;;;;;;;;;;;;;;;;;;;
2;Nordeste;25;PB;Paraíba;2502201;Bom Jesus;40310.002;17633.42;35756.027;15641.31;32154.436;12424.43;2551.776;1793.818;8235.578;17936.994;30518.166;1636.27;Administração, defesa, educação e saúde públicas e seguridade social;Demais serviços;Comércio e reparação de veículos automotores e motocicletas;6;True;83.9;0.845553;250.89;272.28;4.289298;3.6;;83.9;0.845553;250.89;272.28;4.289298;3.6;;97.9;0.978017;199.87;183.48;5.114366;5.0;;97.9;0.978017;199.87;183.48;5.114366;5.0;;93.6;0.931271;240.56;245.57;4.768833;4.4;;93.6;0.931271;240.56;245.57;4.768833;4.4;;;;;;;;;;;;;;;;;;;;;;;;;;;;;
2;Nordeste;25;PB;Paraíba;2502300;Bom Sucesso;66561.105;14280.43;57235.092;12279.57;54737.575;11087.21;6919.847;4722.388;11122.419;29778.91;52543.563;2194.012;Administração, defesa, educação e saúde públicas e seguridade social;Demais serviços;Pecuária, inclusive apoio à pecuária;6;True;97.5;0.975623;268.17;269.75;4.49412;4.4;;97.5;0.975623;268.17;269.75;4.49412;4.4;;95.7;0.950043;212.76;204.46;5.741813;5.5;;95.7;0.950043;212.76;204.46;5.741813;5.5;;95.5;0.95556;246.49;240.75;4.787333;4.6;;95.3;0.953856;246.49;240.75;4.787333;4.6;;;;;;;;;;;;;;;;;;;;;;;;;;;;;
2;Nordeste;25;PB;Paraíba;2502409;Bonito de Santa Fé;119585.901;11664.64;98917.581;9648.61;96759.554;7979.51;7563.545;4276.22;20271.113;61026.102;93136.98;3622.574;Administração, defesa, educação e saúde públicas e seguridade social;Demais serviços;Pecuária, inclusive apoio à pecuária;7;True;82.3;0.840166;276.8;271.13;4.635987;3.9;;82.3;0.840166;276.8;271.13;4.635987;3.9;;98.9;0.989087;205.81;193.84;5.416088;5.4;;98.9;0.989087;205.81;193.84;5.416088;5.4;;96.9;0.968834;248.62;247.64;4.937667;4.8;;97.9;0.980271;255.4;253.34;5.145667;5.0;;91.3;0.90529;232.88;234.42;4.455;4.0;;;;;;;;;;;;;;;;;;;;;;
2;Nordeste;25;PB;Paraíba;2502508;Boqueirão;302850.002;17209.34;265029.516;15060.21;260286.609;14513.58;51266.859;23098.454;62111.052;98366.323;234842.689;25443.921;Administração, defesa, educação e saúde públicas e seguridade social;Demais serviços;Produção florestal, pesca e aquicultura;7;True;78.7;0.788272;267.09;275.1;4.559042;3.6;;78.7;0.788272;267.09;275.1;4.559042;3.6;;93.1;0.9307;200.22;195.11;5.3325;5.0;;93.2;0.931876;200.22;195.11;5.3325;5.0;;75.2;0.754006;241.31;246.56;4.797833;3.6;;72.1;0.727285;240.9;245.88;4.779667;3.5;;87.4;0.876338;242.14;247.94;4.834667;4.2;;;;;;;;;;;;;;;;;;;;;;
2;Nordeste;25;PB;Paraíba;2502607;Igaracy;73095.362;12941.81;64888.786;11488.81;60876.703;9992.89;7634.504;3061.889;13524.898;34268.301;58489.592;2387.11;Administração, defesa, educação e saúde públicas e seguridade social;Demais serviços;Pecuária, inclusive apoio à pecuária;7;True;91.6;0.916167;261.1;253.25;4.147817;3.8;;91.6;0.916167;261.1;253.25;4.147817;3.8;;97.4;0.972586;194.78;177.87;4.915228;4.8;;97.4;0.972586;194.78;177.87;4.915228;4.8;;91.8;0.915816;249.34;246.86;4.936667;4.5;;90.7;0.901581;248.83;245.67;4.908333;4.4;;95.2;0.955158;251.36;251.46;5.047;4.8;;;;;;;;;;;;;;;;;;;;;;
2;Nordeste;25;PB;Paraíba;2502706;Borborema;80671.479;19143.68;73307.952;17396.29;69315.43;13051.3;20521.211;3005.073;11414.743;32761.143;67702.17;1613.26;Administração, defesa, educação e saúde públicas e seguridade social;Agricultura, inclusive apoio à agricultura e a pós colheita;Demais serviços;7;True;92.7;0.930241;254.89;263.2;4.20955;3.9;;92.7;0.930241;254.89;263.2;4.20955;3.9;;91.9;0.913503;170.37;175.78;4.411389;4.0;;91.9;0.913503;170.37;175.78;4.411389;4.0;;80.2;0.807718;215.82;219.29;3.9185;3.2;;77.7;0.781349;217.34;220.26;3.96;3.1;;86.5;0.864042;212.4;217.13;3.8255;3.3;;;;;;;;;;;;;;;;;;;;;;
2;Nordeste;25;PB;Paraíba;2502805;Brejo do Cruz;207305.21;15228.47;169245.167;12432.61;147569.408;10328.93;7228.885;8680.806;45093.064;77951.276;138954.031;8615.377;Administração, defesa, educação e saúde públicas e seguridade social;Demais serviços;Comércio e reparação de veículos automotores e motocicletas;6;True;87.2;0.877961;260.15;263.15;4.282678;3.8;;87.2;0.877961;260.15;263.15;4.282678;3.8;;99.9;0.998592;219.72;204.16;5.869183;5.9;;99.9;0.998592;219.72;204.16;5.869183;5.9;;98.9;0.989471;253.9;255.53;5.157167;5.1;;98.9;0.989471;253.9;255.53;5.157167;5.1;;;;;;;;;;;;;;;;;;;;;;;;;;;;;
2;Nordeste;25;PB;Paraíba;2502904;Brejo dos Santos;79111.285;13777.65;71212.473;12402.03;64523.189;9958.82;3311.93;3579.272;16739.924;38201.851;61832.977;2690.212;Administração, defesa, educação e saúde públicas e seguridade social;Demais serviços;Pecuária, inclusive apoio à pecuária;6;True;79.1;0.777308;264.49;278.28;4.57013;3.6;;79.1;0.777308;264.49;278.28;4.57013;3.6;;96.3;0.961095;202.18;200.59;5.469541;5.3;;96.3;0.961095;202.18;200.59;5.469541;5.3;;81.2;0.803999;238.89;248.94;4.797167;3.9;;80.4;0.799783;238.89;248.94;4.797167;3.8;;;;;;;;;;;;;;;;;;;;;;;;;;;;;
2;Nordeste;25;PB;Paraíba;2503001;Caaporã;545157.242;25723.46;456330.217;21532.12;416707.206;18873.46;21187.251;105499.167;113931.074;122796.705;363414.197;53293.009;Administração, defesa, educação e saúde públicas e seguridade social;Indústrias de transformação;Demais serviços;6;True;77.6;0.77514;240.57;240.98;3.675791;2.8;;77.6;0.77514;240.57;240.98;3.675791;2.8;;90.7;0.904236;186.95;170.8;4.637255;4.2;;90.7;0.904236;186.95;170.8;4.637255;4.2;;84.8;0.849646;221.95;225.32;4.121167;3.5;;84.8;0.849646;221.95;225.32;4.121167;3.5;;;;;;;;;;;;;;;;;;;;;;;;;;;;;
2;Nordeste;25;PB;Paraíba;2503100;Cabaceiras;171068.677;32065.36;143538.256;26905.02;116783.766;20452.5;65120.492;3413.118;13030.615;31714.071;113278.296;3505.47;Produção florestal, pesca e aquicultura;Administração, defesa, educação e saúde públicas e seguridade social;Demais serviços;6;True;95.0;0.954312;283.46;278.67;4.842401;4.6;;95.0;0.954312;283.46;278.67;4.842401;4.6;;100.0;1.0;272.37;248.45;7.679226;7.7;;100.0;1.0;272.37;248.45;7.679226;7.7;;97.9;0.979325;277.11;264.89;5.7;5.6;;100.0;1.0;277.11;264.89;5.7;5.7;;;;;;;;;;;;;;;;;;;;;;;;;;;;;
2;Nordeste;25;PB;Paraíba;2503209;Cabedelo;4092777.006;61527.94;3605029.086;54195.48;3137677.146;44969.79;4911.02;541834.824;1507457.959;432132.182;2486335.985;651341.162;Demais serviços;Comércio e reparação de veículos automotores e motocicletas;Administração, defesa, educação e saúde públicas e seguridade social;8;True;80.3;0.806444;260.55;269.15;4.378116;3.5;;74.0;0.743493;254.41;261.58;4.178557;3.1;;99.1;0.991594;211.92;206.06;5.754873;5.7;;99.3;0.992791;212.13;206.33;5.76379;5.7;;87.0;0.873789;240.03;253.47;4.891667;4.3;;89.0;0.895682;243.36;255.64;4.983333;4.5;;73.1;0.724635;218.96;239.76;4.312;3.1;;;;;;;;;95.6;0.958838;276.36;288.64;4.891933;4.7;;;;;;;;
2;Nordeste;25;PB;Paraíba;2503308;Cachoeira dos Índios;153125.239;16733.17;134515.298;14699.52;125141.305;12074.61;7338.866;4674.298;46869.594;52426.71;111309.469;13831.837;Administração, defesa, educação e saúde públicas e seguridade social;Comércio e reparação de veículos automotores e motocicletas;Demais serviços;4;True;;;;;;;;;;;;;;;97.9;0.981241;185.61;181.54;4.806956;4.7;;97.9;0.981241;185.61;181.54;4.806956;4.7;;91.4;0.912544;237.09;241.21;4.638333;4.2;;91.4;0.912544;237.09;241.21;4.638333;4.2;;;;;;;;;;;;;;;;;;;;;;;;;;;;;
2;Nordeste;25;PB;Paraíba;2503407;Cacimba de Areia;45668.953;13876.92;41057.647;12475.74;39216.719;10576.25;5835.651;2393.337;7391.256;22468.597;38088.841;1127.878;Administração, defesa, educação e saúde públicas e seguridade social;Demais serviços;Agricultura, inclusive apoio à agricultura e a pós colheita;6;True;100.0;1.0;243.89;244.57;3.776163;3.8;;100.0;1.0;243.89;244.57;3.776163;3.8;;97.2;0.969254;206.57;206.65;5.663501;5.5;;97.2;0.969254;206.57;206.65;5.663501;5.5;;96.7;0.965301;233.59;237.65;4.520667;4.4;;96.7;0.965301;233.59;237.65;4.520667;4.4;;;;;;;;;;;;;;;;;;;;;;;;;;;;;
2;Nordeste;25;PB;Paraíba;2503506;Cacimba de Dentro;179298.703;11161.52;160536.653;9993.57;154292.868;8986.71;13291.231;5200.336;36418.161;92587.986;147497.713;6795.155;Administração, defesa, educação e saúde públicas e seguridade social;Demais serviços;Agricultura, inclusive apoio à agricultura e a pós colheita;7;True;81.9;0.827031;262.68;275.21;4.49875;3.7;;81.9;0.827031;262.68;275.21;4.49875;3.7;;95.5;0.954965;210.05;200.36;5.61555;5.4;;95.5;0.954965;210.05;200.36;5.61555;5.4;;84.3;0.841756;242.39;251.45;4.897333;4.1;;83.8;0.83647;242.98;250.05;4.883833;4.1;;86.8;0.845328;240.58;255.81;4.939833;4.2;;;;;;;;;;;;;;;;;;;;;;
2;Nordeste;25;PB;Paraíba;2503555;Cacimbas;84005.404;11630.26;76001.076;10522.09;67250.752;9308.06;4919.518;2578.359;13795.455;43815.954;65109.285;2141.467;Administração, defesa, educação e saúde públicas e seguridade social;Demais serviços;Agricultura, inclusive apoio à agricultura e a pós colheita;6;True;96.2;0.963865;256.73;264.09;4.248716;4.1;;96.2;0.963865;256.73;264.09;4.248716;4.1;;93.0;0.928902;182.79;171.36;4.568048;4.2;;93.0;0.928902;182.79;171.36;4.568048;4.2;;90.8;0.908642;209.87;220.77;3.844;3.5;;90.8;0.908642;209.87;220.77;3.844;3.5;;;;;;;;;;;;;;;;;;;;;;;;;;;;;
2;Nordeste;25;PB;Paraíba;2503605;Caiçara;83427.99;12636.78;75520.96;11439.1;65797.414;9161.43;5684.612;2951.494;15554.614;38917.896;63108.615;2688.799;Administração, defesa, educação e saúde públicas e seguridade social;Demais serviços;Pecuária, inclusive apoio à pecuária;7;True;95.1;0.95731;269.53;280.93;4.680587;4.5;;95.1;0.95731;269.53;280.93;4.680587;4.5;;91.1;0.90924;202.08;182.38;5.136541;4.7;;91.1;0.90924;202.08;182.38;5.136541;4.7;;81.8;0.818556;245.81;236.64;4.7075;3.9;;81.8;0.818297;250.25;243.21;4.891;4.0;;81.8;0.830276;228.3;210.79;3.984833;3.3;;;;;;;;;;;;;;;;;;;;;;
2;Nordeste;25;PB;Paraíba;2503704;Cajazeiras;1808446.516;28597.01;1425034.486;22534.11;1231837.204;19685.46;19795.65;117304.897;604188.208;333274.696;1074563.451;157273.753;Demais serviços;Administração, defesa, educação e saúde públicas e seguridade social;Comércio e reparação de veículos automotores e motocicletas;9;True;84.5;0.845697;277.25;279.12;4.761918;4.0;;81.9;0.81975;263.9;267.52;4.400765;3.6;;99.8;0.99759;215.72;207.85;5.859938;5.8;;99.7;0.997387;212.35;203.27;5.712352;5.7;;96.0;0.959063;237.66;245.83;4.724833;4.5;;99.2;0.991489;240.98;247.72;4.811667;4.8;;86.5;0.873483;234.12;243.81;4.632167;4.0;;100.0;1.0;242.74;244.59;7.043586;7.0;;95.5;0.954675;329.73;324.69;6.181182;5.9;;;;;;;;
2;Nordeste;25;PB;Paraíba;2503753;Cajazeirinhas;51075.078;18640.54;44211.564;16135.61;42139.939;13099.14;7218.526;2348.227;7273.313;24113.975;40954.041;1185.898;Administração, defesa, educação e saúde públicas e seguridade social;Demais serviços;Pecuária, inclusive apoio à pecuária;6;True;95.6;0.956397;266.37;265.58;4.406414;4.2;;95.6;0.956397;266.37;265.58;4.406414;4.2;;95.8;0.963313;204.71;182.56;5.190005;5.0;;95.8;0.963313;204.71;182.56;5.190005;5.0;;85.6;0.85567;261.16;253.08;5.237333;4.5;;85.6;0.85567;261.16;253.08;5.237333;4.5;;;;;;;;;;;;;;;;;;;;;;;;;;;;;
2;Nordeste;25;PB;Paraíba;2503803;Caldas Brandão;92129.365;16014.14;81716.29;14204.12;74926.873;12329.58;6365.926;6095.629;21819.919;35210.131;69491.605;5435.269;Administração, defesa, educação e saúde públicas e seguridade social;Demais serviços;Comércio e reparação de veículos automotores e motocicletas;6;True;100.0;1.0;256.6;264.05;4.246291;4.2;;100.0;1.0;256.6;264.05;4.246291;4.2;;96.7;0.962712;197.01;193.56;5.243058;5.0;;96.7;0.962712;197.01;193.56;5.243058;5.0;;85.6;0.855877;236.04;237.37;4.556833;3.9;;85.6;0.856769;239.62;231.15;4.512833;3.9;;;;;;;;;;;;;;;;;;;;;;;;;;;;;
2;Nordeste;25;PB;Paraíba;2503902;Camalaú;87713.432;14414.7;76257.286;12532.01;71860.25;11881.66;6732.514;3660.743;20804.72;36370.53;67568.508;4291.743;Administração, defesa, educação e saúde públicas e seguridade social;Demais serviços;Comércio e reparação de veículos automotores e motocicletas;6;True;100.0;1.0;278.65;289.39;4.935323;4.9;;100.0;1.0;278.65;289.39;4.935323;4.9;;99.4;0.993572;218.91;203.36;5.839179;5.8;;99.4;0.993572;218.91;203.36;5.839179;5.8;;92.9;0.931053;242.63;249.18;4.8635;4.5;;92.9;0.931053;242.63;249.18;4.8635;4.5;;;;;;;;;;;;;;;;;;;;;;;;;;;;;
2;Nordeste;25;PB;Paraíba;2504009;Campina Grande;12908743.351;30780.61;11505703.722;27435.1;10349781.259;25009.74;36425.233;1953755.939;4765996.341;2081468.419;8837645.932;1512135.328;Demais serviços;Administração, defesa, educação e saúde públicas e seguridade social;Comércio e reparação de veículos automotores e motocicletas;8;True;81.3;0.81663;272.21;283.65;4.758946;3.9;;80.4;0.808915;267.24;279.6;4.628514;3.7;;97.3;0.973484;207.41;200.73;5.571895;5.4;;97.1;0.972067;207.22;200.41;5.562451;5.4;;83.9;0.839671;242.15;248.2;4.839167;4.1;;87.1;0.87474;241.9;248.05;4.8325;4.2;;81.1;0.810492;242.29;248.28;4.842833;3.9;;100.0;1.0;210.35;205.58;5.716184;5.7;;;;;;;;;;;;;;;
2;Nordeste;25;PB;Paraíba;2504033;Capim;101591.928;14575.6;87593.068;12567.15;75876.451;11299.55;10683.157;3063.264;18179.847;40307.953;72234.22;3642.231;Administração, defesa, educação e saúde públicas e seguridade social;Demais serviços;Agricultura, inclusive apoio à agricultura e a pós colheita;6;True;85.3;0.855811;271.55;277.49;4.657461;4.0;;85.3;0.855811;271.55;277.49;4.657461;4.0;;96.8;0.966407;200.47;188.65;5.219816;5.0;;96.8;0.966407;200.47;188.65;5.219816;5.0;;84.7;0.85199;237.31;244.56;4.697833;4.0;;84.7;0.85199;237.31;244.56;4.697833;4.0;;;;;;;;;;;;;;;;;;;;;;;;;;;;;
2;Nordeste;25;PB;Paraíba;2504074;Caraúbas;55068.396;13962.58;47319.853;11997.93;42316.594;10061.01;4099.195;1796.591;9243.148;25652.767;40791.701;1524.892;Administração, defesa, educação e saúde públicas e seguridade social;Demais serviços;Pecuária, inclusive apoio à pecuária;6;True;87.0;0.87458;281.29;266.93;4.636175;4.1;;87.0;0.87458;281.29;266.93;4.636175;4.1;;98.0;0.979745;220.68;219.32;6.163139;6.0;;98.0;0.979745;220.68;219.32;6.163139;6.0;;91.0;0.912303;261.75;249.3;5.184167;4.7;;90.7;0.909461;261.75;249.3;5.184167;4.7;;;;;;;;;;;;;;;;;;;;;;;;;;;;;
2;Nordeste;25;PB;Paraíba;2504108;Carrapateira;39801.594;17215.22;34001.012;14706.32;31011.398;11426.45;1847.953;1293.333;6400.24;20786.902;30328.428;682.97;Administração, defesa, educação e saúde públicas e seguridade social;Demais serviços;Pecuária, inclusive apoio à pecuária;6;True;98.7;0.985597;296.36;287.41;5.154419;5.1;;98.7;0.985597;296.36;287.41;5.154419;5.1;;97.3;0.974504;253.54;223.53;6.866784;6.7;;97.3;0.974504;253.54;223.53;6.866784;6.7;;88.5;0.879098;278.75;274.94;5.894833;5.2;;88.5;0.879098;278.75;274.94;5.894833;5.2;;;;;;;;;;;;;;;;;;;;;;;;;;;;;
2;Nordeste;25;PB;Paraíba;2504157;Casserengue;83914.327;12180.92;75140.165;10907.27;70121.843;9312.33;5409.777;2817.356;14975.404;44104.689;67307.226;2814.617;Administração, defesa, educação e saúde públicas e seguridade social;Demais serviços;Comércio e reparação de veículos automotores e motocicletas;4;True;;;;;;;;;;;;;;;98.0;0.979377;228.92;211.22;6.173119;6.0;;98.0;0.979377;228.92;211.22;6.173119;6.0;;93.1;0.931316;247.55;251.02;4.976167;4.6;;93.1;0.931316;247.55;251.02;4.976167;4.6;;;;;;;;;;;;;;;;;;;;;;;;;;;;;
2;Nordeste;25;PB;Paraíba;2504207;Catingueira;63519.478;14143.73;57035.829;12700.03;53094.909;10752.31;5471.757;3279.052;11457.424;30440.652;50648.884;2446.025;Administração, defesa, educação e saúde públicas e seguridade social;Demais serviços;Pecuária, inclusive apoio à pecuária;6;True;94.0;0.938715;263.18;259.32;4.267898;4.0;;94.0;0.938715;263.18;259.32;4.267898;4.0;;97.2;0.974517;192.73;177.67;4.87247;4.7;;97.2;0.974517;192.73;177.67;4.87247;4.7;;88.3;0.887382;235.35;229.71;4.417667;3.9;;88.3;0.887382;235.35;229.71;4.417667;3.9;;;;;;;;;;;;;;;;;;;;;;;;;;;;;
2;Nordeste;25;PB;Paraíba;2504306;Catolé do Rocha;622714.09;20309.65;568709.117;18548.29;506808.837;16444.69;14234.588;48007.531;228296.45;158141.683;448680.252;58128.585;Administração, defesa, educação e saúde públicas e seguridade social;Demais serviços;Comércio e reparação de veículos automotores e motocicletas;7;True;92.6;0.927403;283.76;285.52;4.949159;4.6;;91.4;0.916454;267.89;270.62;4.503212;4.1;;97.5;0.975961;198.43;190.58;5.215976;5.1;;97.5;0.975961;198.43;190.58;5.215976;5.1;;94.0;0.941511;244.26;246.99;4.854167;4.6;;93.6;0.937703;244.26;246.99;4.854167;4.6;;;;;;;;;;;;;;;;94.5;0.944975;309.92;310.09;5.684389;5.4;;;;;;;;
2;Nordeste;25;PB;Paraíba;2504355;Caturité;87217.458;16600.2;75914.273;14448.85;61814.279;12620.31;11730.869;4456.865;12216.792;30536.775;58941.3;2872.98;Administração, defesa, educação e saúde públicas e seguridade social;Demais serviços;Pecuária, inclusive apoio à pecuária;6;True;89.7;0.889884;267.39;275.04;4.562357;4.1;;89.7;0.889884;267.39;275.04;4.562357;4.1;;97.6;0.977273;203.81;196.49;5.426102;5.3;;97.6;0.977273;203.81;196.49;5.426102;5.3;;89.5;0.895322;224.87;240.24;4.4185;4.0;;89.5;0.895322;224.87;240.24;4.4185;4.0;;;;;;;;;;;;;;;;;;;;;;;;;;;;;
2;Nordeste;25;PB;Paraíba;2504405;Conceição;257650.7;14110.11;234852.664;12861.59;209556.099;11011.88;16114.948;10610.018;66803.083;103228.735;196756.784;12799.315;Administração, defesa, educação e saúde públicas e seguridade social;Demais serviços;Comércio e reparação de veículos automotores e motocicletas;8;True;77.6;0.780564;264.82;263.57;4.354555;3.4;;77.6;0.780564;264.82;263.57;4.354555;3.4;;98.7;0.987684;189.09;178.15;4.811731;4.8;;99.1;0.991105;188.98;175.48;4.761087;4.7;;87.9;0.878972;230.46;235.41;4.431167;3.9;;86.3;0.863888;231.17;235.44;4.4435;3.8;;91.1;0.910917;229.66;235.37;4.417167;4.0;;96.9;0.971317;189.47;186.86;4.977347;4.8;;;;;;;;;;;;;;;
2;Nordeste;25;PB;Paraíba;2504504;Condado;89036.655;13801.99;77145.862;11958.74;90622.792;13602.94;8295.525;25483.47;15983.495;37887.612;87650.102;2972.69;Administração, defesa, educação e saúde públicas e seguridade social;Eletricidade e gás, água, esgoto, atividades de gestão de resíduos e descontaminação;Demais serviços;7;True;100.0;1.0;277.08;281.24;4.791267;4.8;;100.0;1.0;277.08;281.24;4.791267;4.8;;95.5;0.966682;189.84;182.92;4.912772;4.7;;95.5;0.966682;189.84;182.92;4.912772;4.7;;84.9;0.854991;242.34;254.01;4.939167;4.2;;84.0;0.846449;238.02;248.39;4.7735;4.0;;96.3;0.969603;267.1;286.22;5.888667;5.7;;;;;;;;;;;;;;;;;;;;;;
2;Nordeste;25;PB;Paraíba;2504603;Conde;1648300.158;59710.2;1418528.766;51386.66;1274198.467;50282.09;23858.203;241363.253;523257.292;164987.155;953465.903;320732.564;Comércio e reparação de veículos automotores e motocicletas;Demais serviços;Indústrias de transformação;5;True;;;;;;;;;;;;;;;99.8;0.997598;230.72;221.91;6.401833;6.4;;99.8;0.997598;230.72;221.91;6.401833;6.4;;91.0;0.911853;242.51;249.3;4.8635;4.4;;91.0;0.912515;242.47;248.68;4.8525;4.4;;88.9;0.888452;243.48;263.53;5.116833;4.5;;;;;;;;;;;;;;;;;;;;;;
2;Nordeste;25;PB;Paraíba;2504702;Congo;85464.512;17325.06;68739.727;13934.67;61917.353;12934.48;10620.142;3930.493;15505.572;28766.915;58823.123;3094.23;Administração, defesa, educação e saúde públicas e seguridade social;Demais serviços;Agricultura, inclusive apoio à agricultura e a pós colheita;6;True;98.5;0.988055;264.46;270.61;4.454888;4.4;;98.5;0.988055;264.46;270.61;4.454888;4.4;;99.7;0.997577;236.82;221.28;6.506791;6.5;;99.7;0.997577;236.82;221.28;6.506791;6.5;;98.9;0.989628;252.66;252.88;5.092333;5.0;;98.9;0.989628;252.66;252.88;5.092333;5.0;;;;;;;;;;;;;;;;;;;;;;;;;;;;;
2;Nordeste;25;PB;Paraíba;2504801;Coremas;255021.268;17368.47;229337.843;15619.28;250138.181;16202.76;23867.226;90109.978;49130.727;70304.443;233412.375;16725.806;Administração, defesa, educação e saúde públicas e seguridade social;Eletricidade e gás, água, esgoto, atividades de gestão de resíduos e descontaminação;Demais serviços;7;True;96.5;0.968218;290.4;282.11;4.99137;4.8;;96.5;0.968218;290.4;282.11;4.99137;4.8;;99.3;0.993151;187.6;173.39;4.696751;4.7;;99.3;0.993151;187.6;173.39;4.696751;4.7;;99.4;0.993725;239.95;237.76;4.6285;4.6;;100.0;1.0;246.43;238.97;4.756667;4.8;;97.7;0.974565;230.86;236.06;4.448667;4.3;;;;;;;;;;;;;;;;;;;;;;
2;Nordeste;25;PB;Paraíba;2504850;Coxixola;30936.265;16960.67;26735.999;14657.89;24115.038;12379.38;1829.798;1199.133;5342.317;14801.247;23172.495;942.542;Administração, defesa, educação e saúde públicas e seguridade social;Demais serviços;Pecuária, inclusive apoio à pecuária;6;True;96.7;0.968481;272.85;273.43;4.614941;4.5;;96.7;0.968481;272.85;273.43;4.614941;4.5;;100.0;1.0;272.38;275.62;8.173417;8.2;;100.0;1.0;272.38;275.62;8.173417;8.2;;100.0;1.0;258.42;268.69;5.451833;5.5;;100.0;1.0;258.42;268.69;5.451833;5.5;;;;;;;;;;;;;;;;;;;;;;;;;;;;;
2;Nordeste;25;PB;Paraíba;2504900;Cruz do Espírito Santo;253013.254;14800.42;209446.964;12251.94;191763.519;10896.27;29332.307;13670.487;43195.298;96345.156;182543.247;9220.272;Administração, defesa, educação e saúde públicas e seguridade social;Demais serviços;Agricultura, inclusive apoio à agricultura e a pós colheita;7;True;92.4;0.923653;238.98;244.62;3.707951;3.4;;92.4;0.923653;238.98;244.62;3.707951;3.4;;94.0;0.940474;180.22;172.55;4.540638;4.3;;93.6;0.93558;180.22;172.55;4.540638;4.2;;82.4;0.824388;201.73;205.26;3.449833;2.8;;79.2;0.784996;202.93;199.47;3.373333;2.6;;88.6;0.871114;200.08;213.23;3.555167;3.1;;;;;;;;;;;;;;;;;;;;;;
2;Nordeste;25;PB;Paraíba;2505006;Cubati;102129.44;13473.54;86843.128;11456.88;76970.307;9785.19;8562.095;3590.674;16407.482;45666.707;74226.957;2743.35;Administração, defesa, educação e saúde públicas e seguridade social;Demais serviços;Agricultura, inclusive apoio à agricultura e a pós colheita;6;True;93.5;0.940942;271.81;273.34;4.598987;4.3;;93.5;0.940942;271.81;273.34;4.598987;4.3;;100.0;1.0;254.09;238.37;7.147099;7.1;;100.0;1.0;254.09;238.37;7.147099;7.1;;100.0;1.0;266.06;264.82;5.514667;5.5;;100.0;1.0;266.06;264.82;5.514667;5.5;;;;;;;;;;;;;;;;;;;;;;;;;;;;;
2;Nordeste;25;PB;Paraíba;2505105;Cuité;273446.913;13867.18;242714.682;12308.67;220942.764;10867.28;24375.091;7059.5;71532.085;101954.649;204921.324;16021.44;Administração, defesa, educação e saúde públicas e seguridade social;Demais serviços;Comércio e reparação de veículos automotores e motocicletas;7;True;76.4;0.772275;261.72;268.68;4.387513;3.4;;76.4;0.772275;261.72;268.68;4.387513;3.4;;100.0;1.0;234.07;215.42;6.347765;6.3;;100.0;1.0;234.07;215.42;6.347765;6.3;;95.9;0.961058;255.67;262.06;5.2955;5.1;;98.3;0.983314;256.73;264.43;5.352667;5.3;;93.0;0.938206;254.43;259.28;5.2285;4.9;;;;;;;;;;;;;;;;;;;;;;
2;Nordeste;25;PB;Paraíba;2505204;Cuitegi;87664.047;13025.86;77090.657;11454.78;66816.871;9901.73;5235.958;3781.209;14851.833;40476.484;64345.484;2471.387;Administração, defesa, educação e saúde públicas e seguridade social;Demais serviços;Agricultura, inclusive apoio à agricultura e a pós colheita;6;True;94.9;0.947487;243.47;243.69;3.757091;3.6;;94.9;0.947487;243.47;243.69;3.757091;3.6;;94.2;0.941036;196.09;191.4;5.186228;4.9;;94.2;0.941036;196.09;191.4;5.186228;4.9;;81.9;0.812396;219.97;228.2;4.136167;3.4;;81.9;0.812396;219.97;228.2;4.136167;3.4;;;;;;;;;;;;;;;;;;;;;;;;;;;;;
2;Nordeste;25;PB;Paraíba;2505238;Cuité de Mamanguape;85104.872;13614.6;78110.478;12495.68;74254.219;11675.19;9636.413;3041.754;16092.239;42301.586;71071.993;3182.226;Administração, defesa, educação e saúde públicas e seguridade social;Demais serviços;Agricultura, inclusive apoio à agricultura e a pós colheita;6;True;95.4;0.95674;249.45;252.62;3.974762;3.8;;95.4;0.95674;249.45;252.62;3.974762;3.8;;98.6;0.986523;192.48;186.42;5.02679;5.0;;98.6;0.986523;192.48;186.42;5.02679;5.0;;95.1;0.954951;236.11;233.52;4.493833;4.3;;95.1;0.954951;236.11;233.52;4.493833;4.3;;;;;;;;;;;;;;;;;;;;;;;;;;;;;
2;Nordeste;25;PB;Paraíba;2505279;Curral de Cima;74435.802;14167.45;61995.174;11799.61;55713.98;10695.72;10083.65;2022.044;9544.723;32589.599;54240.015;1473.964;Administração, defesa, educação e saúde públicas e seguridade social;Demais serviços;Agricultura, inclusive apoio à agricultura e a pós colheita;6;True;84.5;0.847636;243.01;255.02;3.920241;3.3;;84.5;0.847636;243.01;255.02;3.920241;3.3;;100.0;1.0;198.6;180.46;5.03522;5.0;;100.0;1.0;198.6;180.46;5.03522;5.0;;100.0;1.0;231.75;254.89;4.777333;4.8;;100.0;1.0;231.75;254.89;4.777333;4.8;;;;;;;;;;;;;;;;;;;;;;;;;;;;;
2;Nordeste;25;PB;Paraíba;2505303;Curral Velho;33783.253;14739.64;29807.346;13004.95;26853.33;10707.07;3785.847;866.436;4898.418;16559.301;26110.001;743.328;Administração, defesa, educação e saúde públicas e seguridade social;Demais serviços;Pecuária, inclusive apoio à pecuária;6;True;84.6;0.843797;291.64;284.28;5.04127;4.3;;84.6;0.843797;291.64;284.28;5.04127;4.3;;95.7;0.964472;210.61;191.43;5.463873;5.3;;95.7;0.964472;210.61;191.43;5.463873;5.3;;99.1;0.990486;249.31;241.81;4.852;4.8;;99.1;0.990486;249.31;241.81;4.852;4.8;;;;;;;;;;;;;;;;;;;;;;;;;;;;;
2;Nordeste;25;PB;Paraíba;2505352;Damião;62653.583;12575.99;54716.316;10982.8;50367.937;9311.88;2372.36;1415.242;11008.792;33795.728;48592.122;1775.815;Administração, defesa, educação e saúde públicas e seguridade social;Demais serviços;Pecuária, inclusive apoio à pecuária;6;True;97.2;0.972166;270.97;275.47;4.619075;4.5;;97.2;0.972166;270.97;275.47;4.619075;4.5;;94.3;0.943733;233.8;221.92;6.460794;6.1;;94.3;0.943733;233.8;221.92;6.460794;6.1;;91.0;0.912909;234.5;245.97;4.6745;4.3;;91.0;0.912909;234.5;245.97;4.6745;4.3;;;;;;;;;;;;;;;;;;;;;;;;;;;;;
2;Nordeste;25;PB;Paraíba;2505402;Desterro;94773.816;11748.33;82416.081;10216.45;72919.876;8751.79;5255.688;3604.962;19240.005;41108.761;69209.416;3710.46;Administração, defesa, educação e saúde públicas e seguridade social;Demais serviços;Comércio e reparação de veículos automotores e motocicletas;8;True;93.4;0.935791;263.55;268.65;4.412766;4.1;;93.4;0.935791;263.55;268.65;4.412766;4.1;;97.4;0.975473;190.39;180.6;4.881086;4.8;;96.9;0.968735;174.51;167.62;4.342033;4.2;;92.2;0.920669;229.12;234.11;4.387167;4.0;;91.7;0.916186;217.35;228.03;4.089667;3.7;;93.2;0.927343;237.95;238.67;4.610333;4.3;;100.0;1.0;222.68;206.99;5.977126;6.0;;;;;;;;;;;;;;;
2;Nordeste;25;PB;Paraíba;2505501;Vista Serrana;50452.087;13856.66;43723.222;12008.58;39511.31;10262.68;1549.588;1841.294;10103.977;24251.036;37745.894;1765.415;Administração, defesa, educação e saúde públicas e seguridade social;Demais serviços;Comércio e reparação de veículos automotores e motocicletas;2;True;95.9;0.965389;282.84;293.73;5.059142;4.9;;95.9;0.965389;282.84;293.73;5.059142;4.9;;;;;;;;;;;;;;;;;;;;;;;;;;;;;;;;;;;;;;;;;;;;;;;;;;;;;;;;;
2;Nordeste;25;PB;Paraíba;2505600;Diamante;75548.342;11993.7;71581.439;11363.94;59526.827;9149.53;5011.572;2977.456;14426.722;34420.897;56836.648;2690.18;Administração, defesa, educação e saúde públicas e seguridade social;Demais serviços;Pecuária, inclusive apoio à pecuária;7;True;86.8;0.876351;285.78;292.41;5.080673;4.5;;86.8;0.876351;285.78;292.41;5.080673;4.5;;95.3;0.949029;179.03;173.79;4.540474;4.3;;95.1;0.947066;179.03;173.79;4.540474;4.3;;91.0;0.905767;269.74;253.55;5.388167;4.9;;88.9;0.882215;252.11;241.54;4.894167;4.3;;93.4;0.91792;279.35;260.1;5.6575;5.2;;;;;;;;;;;;;;;;;;;;;;
2;Nordeste;25;PB;Paraíba;2505709;Dona Inês;117418.219;11311.97;104756.728;10092.17;94022.083;9062.37;8212.737;3412.166;19990.477;58715.477;90330.857;3691.226;Administração, defesa, educação e saúde públicas e seguridade social;Demais serviços;Agricultura, inclusive apoio à agricultura e a pós colheita;6;True;95.8;0.958067;240.64;240.13;3.66405;3.5;;95.8;0.958067;240.64;240.13;3.66405;3.5;;100.0;1.0;212.69;196.62;5.597931;5.6;;100.0;1.0;212.69;196.62;5.597931;5.6;;99.7;0.996991;245.74;244.8;4.842333;4.8;;99.7;0.996991;245.74;244.8;4.842333;4.8;;;;;;;;;;;;;;;;;;;;;;;;;;;;;
2;Nordeste;25;PB;Paraíba;2505808;Duas Estradas;51973.317;15621.68;52063.326;15648.73;45155.445;12652.13;6333.833;1899.66;10703.019;24256.628;43193.14;1962.306;Administração, defesa, educação e saúde públicas e seguridade social;Demais serviços;Pecuária, inclusive apoio à pecuária;7;True;82.0;0.845955;262.96;277.2;4.532473;3.8;;82.0;0.845955;262.96;277.2;4.532473;3.8;;98.3;0.981397;204.41;187.68;5.277371;5.2;;98.3;0.981397;204.41;187.68;5.277371;5.2;;89.9;0.896336;241.59;240.3;4.698167;4.2;;90.5;0.904677;250.22;251.1;5.022;4.5;;87.2;0.869942;213.54;205.2;3.645667;3.2;;;;;;;;;;;;;;;;;;;;;;
2;Nordeste;25;PB;Paraíba;2505907;Emas;46041.69;15291.16;43294.729;14378.85;41741.393;11738.3;7049.72;1906.254;7392.215;24134.511;40482.7;1258.693;Administração, defesa, educação e saúde públicas e seguridade social;Demais serviços;Pecuária, inclusive apoio à pecuária;7;True;90.3;0.902075;272.88;270.9;4.577488;4.1;;90.3;0.902075;272.88;270.9;4.577488;4.1;;95.4;0.95265;185.53;171.67;4.625974;4.4;;95.4;0.95265;185.53;171.67;4.625974;4.4;;93.7;0.9335;244.14;250.46;4.91;4.6;;92.9;0.936328;249.54;243.87;4.890167;4.6;;97.4;0.965339;238.53;257.31;4.930667;4.8;;;;;;;;;;;;;;;;;;;;;;
2;Nordeste;25;PB;Paraíba;2506004;Esperança;851650.249;27269.39;793127.052;25395.51;709828.042;21261.25;25946.784;45647.624;372667.108;183586.457;627847.973;81980.068;Demais serviços;Administração, defesa, educação e saúde públicas e seguridade social;Comércio e reparação de veículos automotores e motocicletas;7;True;75.6;0.760781;267.73;267.95;4.460995;3.4;;71.0;0.715718;256.5;256.6;4.13336;3.0;;99.9;0.999399;217.62;205.4;5.851652;5.8;;99.9;0.999399;217.62;205.4;5.851652;5.8;;94.9;0.949599;237.2;239.38;4.609667;4.4;;97.6;0.976192;241.12;242.73;4.730833;4.6;;79.3;0.796668;219.5;224.22;4.062;3.2;;;;;;;;;;;;;;;;;;;;;;
2;Nordeste;25;PB;Paraíba;2506103;Fagundes;135440.88;12258.2;120961.36;10947.72;105578.849;9443.55;8837.174;4499.875;24757.44;62613.348;100707.838;4871.01;Administração, defesa, educação e saúde públicas e seguridade social;Demais serviços;Pecuária, inclusive apoio à pecuária;6;True;82.9;0.829967;258.26;262.26;4.242809;3.5;;82.9;0.829967;258.26;262.26;4.242809;3.5;;91.8;0.918355;173.71;170.76;4.383856;4.0;;91.8;0.918355;173.71;170.76;4.383856;4.0;;81.9;0.816211;212.13;221.1;3.887167;3.2;;;;;;;;;96.5;0.963285;208.62;218.68;3.788333;3.6;;;;;;;;;;;;;;;;;;;;;;
2;Nordeste;25;PB;Paraíba;2506202;Frei Martinho;38774.331;13624.15;33078.95;11622.96;30352.454;10154.72;1942.385;1147.408;7110.187;18878.978;29078.958;1273.496;Administração, defesa, educação e saúde públicas e seguridade social;Demais serviços;Pecuária, inclusive apoio à pecuária;6;True;93.1;0.93772;276.12;274.23;4.672844;4.4;;93.1;0.93772;276.12;274.23;4.672844;4.4;;100.0;1.0;208.29;199.1;5.559053;5.6;;100.0;1.0;208.29;199.1;5.559053;5.6;;85.5;0.846236;250.7;253.2;5.065;4.3;;85.5;0.846236;250.7;253.2;5.065;4.3;;;;;;;;;;;;;;;;;;;;;;;;;;;;;
2;Nordeste;25;PB;Paraíba;2506251;Gado Bravo;101800.869;12446.62;85089.093;10403.36;76349.59;9207.62;11060.286;1991.224;13236.999;48124.679;74413.188;1936.402;Administração, defesa, educação e saúde públicas e seguridade social;Demais serviços;Pecuária, inclusive apoio à pecuária;6;True;97.9;0.978442;261.2;260.28;4.254461;4.2;;97.9;0.978442;261.2;260.28;4.254461;4.2;;100.0;1.0;238.57;225.73;6.621097;6.6;;100.0;1.0;238.57;225.73;6.621097;6.6;;99.8;0.998241;231.34;232.64;4.399667;4.4;;99.8;0.998241;231.34;232.64;4.399667;4.4;;;;;;;;;;;;;;;;;;;;;;;;;;;;;
2;Nordeste;25;PB;Paraíba;2506301;Guarabira;1489288.359;25907.88;1325438.835;23057.53;1778823.634;29952.07;31115.218;214143.156;954120.321;286374.379;1485753.074;293070.56;Demais serviços;Comércio e reparação de veículos automotores e motocicletas;Administração, defesa, educação e saúde públicas e seguridade social;7;True;90.6;0.926804;273.34;281.95;4.749368;4.4;;89.5;0.898975;262.67;272.4;4.456544;4.0;;96.5;0.964695;201.85;188.82;5.249243;5.1;;96.4;0.963883;201.85;188.82;5.249243;5.1;;91.5;0.914175;234.2;237.29;4.524833;4.1;;92.6;0.925601;235.1;240.21;4.5885;4.2;;89.3;0.892468;233.02;233.48;4.441667;4.0;;;;;;;;;;;;;;;;;;;;;;
2;Nordeste;25;PB;Paraíba;2506400;Gurinhém;201226.502;14617.65;170587.528;12391.95;151393.058;10718.09;15750.936;10458.271;39414.296;77896.168;143519.672;7873.387;Administração, defesa, educação e saúde públicas e seguridade social;Demais serviços;Pecuária, inclusive apoio à pecuária;6;True;97.0;0.97209;245.42;256.25;3.972502;3.9;;97.0;0.97209;245.42;256.25;3.972502;3.9;;100.0;1.0;178.89;173.29;4.528711;4.5;;100.0;1.0;178.89;173.29;4.528711;4.5;;96.8;0.968479;208.71;214.68;3.723167;3.6;;96.8;0.968479;208.71;214.68;3.723167;3.6;;;;;;;;;;;;;;;;;;;;;;;;;;;;;
2;Nordeste;25;PB;Paraíba;2506509;Gurjão;50412.612;15549.85;43684.307;13474.49;38416.956;11048.88;3806.113;2314.347;7856.913;23174.371;37151.744;1265.212;Administração, defesa, educação e saúde públicas e seguridade social;Demais serviços;Pecuária, inclusive apoio à pecuária;6;True;87.8;0.874146;258.42;273.91;4.419458;3.9;;87.8;0.874146;258.42;273.91;4.419458;3.9;;99.5;0.996141;217.02;206.97;5.868747;5.8;;99.5;0.996141;217.02;206.97;5.868747;5.8;;96.3;0.962473;230.65;236.32;4.4495;4.3;;96.3;0.962473;230.65;236.32;4.4495;4.3;;;;;;;;;;;;;;;;;;;;;;;;;;;;;
2;Nordeste;25;PB;Paraíba;2506608;Ibiara;63597.032;11294.09;60876.553;10810.97;58012.33;9871.08;6199.319;3113.29;12846.245;33143.034;55301.888;2710.443;Administração, defesa, educação e saúde públicas e seguridade social;Demais serviços;Pecuária, inclusive apoio à pecuária;8;True;87.8;0.883141;264.96;261.39;4.323886;3.8;;87.8;0.883141;264.96;261.39;4.323886;3.8;;97.7;0.977452;213.01;199.09;5.648947;5.5;;97.5;0.970763;228.58;216.41;6.260994;6.1;;88.3;0.883809;238.82;231.96;4.513;4.0;;85.9;0.860086;249.47;241.83;4.855;4.2;;96.1;0.96311;221.2;215.64;3.947333;3.8;;100.0;1.0;157.41;137.24;3.463333;3.5;;;;;;;;;;;;;;;
2;Nordeste;25;PB;Paraíba;2506707;Imaculada;105988.276;10199.03;102541.83;9867.38;98469.848;8290.8;7108.601;3199.322;22124.96;61464.929;93897.811;4572.037;Administração, defesa, educação e saúde públicas e seguridade social;Demais serviços;Comércio e reparação de veículos automotores e motocicletas;8;True;91.5;0.922391;265.74;263.31;4.363584;4.0;;91.5;0.922391;265.74;263.31;4.363584;4.0;;93.7;0.94118;191.3;188.42;5.040634;4.7;;94.0;0.941166;198.11;194.23;5.276232;5.0;;83.9;0.837656;245.8;250.5;4.938333;4.1;;84.4;0.843359;243.14;247.72;4.847667;4.1;;82.3;0.821494;259.12;264.41;5.392167;4.4;;92.7;0.93709;180.65;179.33;4.672117;4.4;;;;;;;;;;;;;;;
2;Nordeste;25;PB;Paraíba;2506806;Ingá;270159.36;15270.14;236604.378;13373.52;195441.872;10748.01;7092.652;16160.6;55983.672;103681.05;182917.973;12523.898;Administração, defesa, educação e saúde públicas e seguridade social;Demais serviços;Comércio e reparação de veículos automotores e motocicletas;6;True;100.0;1.0;266.38;271.9;4.501166;4.5;;100.0;1.0;266.38;271.9;4.501166;4.5;;98.4;0.984253;193.96;186.72;5.060489;5.0;;98.4;0.984253;193.96;186.72;5.060489;5.0;;94.9;0.949648;231.35;235.92;4.4545;4.2;;97.1;0.970944;232.05;241.56;4.560167;4.4;;;;;;;;;;;;;;;;;;;;;;;;;;;;;
2;Nordeste;25;PB;Paraíba;2506905;Itabaiana;417387.02;18004.79;370500.295;15982.24;336826.15;13825.32;22987.325;19307.657;137052.668;129119.331;308466.982;28359.168;Administração, defesa, educação e saúde públicas e seguridade social;Demais serviços;Comércio e reparação de veículos automotores e motocicletas;8;True;89.8;0.851967;266.24;276.34;4.565666;3.9;;91.5;0.916565;255.25;261.79;4.193498;3.8;;99.4;0.994187;197.73;188.41;5.163162;5.1;;99.3;0.993183;190.67;179.71;4.870248;4.8;;94.3;0.943241;237.98;239.12;4.618333;4.4;;97.2;0.978481;235.56;241.47;4.617167;4.5;;92.6;0.924682;238.56;238.55;4.6185;4.3;;100.0;1.0;218.7;214.25;6.033171;6.0;;;;;;;;;;;;;;;
2;Nordeste;25;PB;Paraíba;2507002;Itaporanga;445867.099;18624.36;377082.371;15751.14;342218.929;13710.69;14207.163;28756.452;136588.597;129927.724;309479.935;32738.993;Administração, defesa, educação e saúde públicas e seguridade social;Demais serviços;Comércio e reparação de veículos automotores e motocicletas;8;True;83.1;0.837125;280.02;280.57;4.822529;4.0;;78.7;0.791574;263.9;268.89;4.421274;3.5;;98.9;0.989759;187.8;177.62;4.777477;4.7;;98.9;0.989759;187.8;177.62;4.777477;4.7;;92.1;0.921744;235.04;236.42;4.524333;4.2;;93.8;0.940698;235.65;233.17;4.480333;4.2;;89.2;0.891453;234.18;240.96;4.585667;4.1;;;;;;;;;92.6;0.930182;319.54;309.21;5.806328;5.4;;;;;;;;
2;Nordeste;25;PB;Paraíba;2507101;Itapororoca;261025.283;14200.05;234764.234;12771.42;206833.518;10898.59;30028.713;7467.118;56926.371;101322.171;195744.372;11089.146;Administração, defesa, educação e saúde públicas e seguridade social;Demais serviços;Agricultura, inclusive apoio à agricultura e a pós colheita;7;True;80.1;0.809168;246.17;250.25;3.893216;3.2;;80.1;0.809168;246.17;250.25;3.893216;3.2;;98.5;0.984963;205.94;192.17;5.388205;5.3;;98.5;0.984963;205.94;192.17;5.388205;5.3;;96.7;0.966994;227.21;231.04;4.304167;4.2;;97.4;0.973993;228.72;231.94;4.344333;4.2;;86.6;0.848567;215.82;224.31;4.002167;3.4;;;;;;;;;;;;;;;;;;;;;;
2;Nordeste;25;PB;Paraíba;2507200;Itatuba;211521.807;20146.85;180344.142;17177.27;154473.656;13955.52;16870.314;33318.862;31575.977;59350.533;141115.687;13357.969;Administração, defesa, educação e saúde públicas e seguridade social;Indústrias de transformação;Demais serviços;4;True;;;;;;;;;;;;;;;98.7;0.986638;183.12;172.68;4.598346;4.5;;98.7;0.986638;183.12;172.68;4.598346;4.5;;95.7;0.958446;220.73;225.87;4.11;3.9;;95.7;0.958446;220.73;225.87;4.11;3.9;;;;;;;;;;;;;;;;;;;;;;;;;;;;;
2;Nordeste;25;PB;Paraíba;2507309;Jacaraú;217258.076;15007.12;192521.022;13461.13;165480.781;11438.5;18410.113;8340.754;41610.166;89455.044;157816.077;7664.704;Administração, defesa, educação e saúde públicas e seguridade social;Demais serviços;Agricultura, inclusive apoio à agricultura e a pós colheita;6;True;83.3;0.83151;260.89;264.9;4.319268;3.6;;83.3;0.83151;260.89;264.9;4.319268;3.6;;92.8;0.923267;194.17;188.66;5.099769;4.7;;92.8;0.923267;194.17;188.66;5.099769;4.7;;81.6;0.813135;238.96;238.56;4.625333;3.8;;81.6;0.813135;238.96;238.56;4.625333;3.8;;;;;;;;;;;;;;;;;;;;;;;;;;;;;
2;Nordeste;25;PB;Paraíba;2507408;Jericó;95978.613;12769.91;86264.332;11477.43;76561.037;9877.57;8598.037;3969.678;17934.549;42593.278;73095.542;3465.495;Administração, defesa, educação e saúde públicas e seguridade social;Demais serviços;Pecuária, inclusive apoio à pecuária;7;True;95.5;0.966951;284.94;290.61;5.04193;4.9;;95.5;0.966951;284.94;290.61;5.04193;4.9;;92.9;0.929836;210.65;194.96;5.528818;5.1;;92.9;0.929836;210.65;194.96;5.528818;5.1;;66.5;0.665144;260.52;263.96;5.408;3.6;;64.2;0.665849;263.8;261.53;5.422167;3.6;;96.0;0.96;254.97;268.09;5.384333;5.2;;;;;;;;;;;;;;;;;;;;;;
2;Nordeste;25;PB;Paraíba;2507507;João Pessoa;28442130.794;34106.06;24669918.566;29582.65;21865637.262;26478.26;43109.247;3251253.023;11135922.411;4288992.119;18719276.8;3146360.462;Demais serviços;Administração, defesa, educação e saúde públicas e seguridade social;Comércio e reparação de veículos automotores e motocicletas;8;True;80.0;0.826179;262.72;276.88;4.524312;3.7;;79.3;0.799882;262.72;276.88;4.524312;3.6;;94.0;0.940821;206.17;199.03;5.517322;5.2;;93.8;0.938458;207.23;199.98;5.554824;5.2;;84.1;0.841242;237.38;246.97;4.739167;4.0;;85.2;0.853294;237.69;247.18;4.747833;4.1;;80.8;0.805504;236.62;246.43;4.7175;3.8;;95.5;0.955463;199.11;192.55;5.264771;5.0;;;;;;;;;;;;;;;
2;Nordeste;25;PB;Paraíba;2507606;Juarez Távora;93223.035;11957.8;84468.702;10834.88;73278.783;9143.85;4306.785;3267.034;18577.141;43964.742;70115.702;3163.081;Administração, defesa, educação e saúde públicas e seguridade social;Demais serviços;Comércio e reparação de veículos automotores e motocicletas;6;True;96.3;0.962335;264.29;264.97;4.368069;4.2;;96.3;0.962335;264.29;264.97;4.368069;4.2;;99.4;0.993103;210.35;195.39;5.530911;5.5;;99.4;0.993103;210.35;195.39;5.530911;5.5;;87.3;0.864911;230.53;236.73;4.454333;3.9;;87.3;0.864911;230.53;236.73;4.454333;3.9;;;;;;;;;;;;;;;;;;;;;;;;;;;;;
2;Nordeste;25;PB;Paraíba;2507705;Juazeirinho;259621.583;15265.57;220993.173;12994.25;210737.821;11439.46;10124.002;12587.774;68900.112;101009.8;192621.688;18116.133;Administração, defesa, educação e saúde públicas e seguridade social;Demais serviços;Comércio e reparação de veículos automotores e motocicletas;7;True;92.4;0.927369;271.13;276.79;4.641083;4.3;;92.4;0.927369;271.13;276.79;4.641083;4.3;;90.1;0.905003;197.31;189.33;5.171874;4.7;;90.1;0.905003;197.31;189.33;5.171874;4.7;;75.5;0.757985;241.45;244.74;4.769833;3.6;;70.8;0.710951;247.2;248.73;4.932167;3.5;;99.4;0.993371;219.48;229.47;4.149167;4.1;;;;;;;;;;;;;;;;;;;;;;
2;Nordeste;25;PB;Paraíba;2507804;Junco do Seridó;128191.592;18871.13;105293.839;15500.34;96810.665;13375.33;6582.221;11287.067;30725.263;40774.546;89369.097;7441.568;Administração, defesa, educação e saúde públicas e seguridade social;Demais serviços;Comércio e reparação de veículos automotores e motocicletas;6;True;86.9;0.872467;267.63;260.33;4.345518;3.8;;86.9;0.872467;267.63;260.33;4.345518;3.8;;94.4;0.944033;205.66;197.03;5.471226;5.2;;94.4;0.944033;205.66;197.03;5.471226;5.2;;93.7;0.937841;241.45;254.34;4.929833;4.6;;93.7;0.937841;241.45;254.34;4.929833;4.6;;;;;;;;;;;;;;;;;;;;;;;;;;;;;
2;Nordeste;25;PB;Paraíba;2507903;Juripiranga;150460.562;15028.02;130971.465;13081.45;117630.635;10861.55;14644.555;5256.776;30129.254;61465.956;111496.541;6134.093;Administração, defesa, educação e saúde públicas e seguridade social;Demais serviços;Agricultura, inclusive apoio à agricultura e a pós colheita;8;True;97.1;0.975289;267.3;267.45;4.44747;4.3;;97.1;0.975289;267.3;267.45;4.44747;4.3;;99.9;0.998794;190.65;183.34;4.935866;4.9;;99.8;0.99839;189.88;180.6;4.871353;4.9;;95.1;0.949584;235.36;241.58;4.615667;4.4;;95.3;0.950961;237.44;248.69;4.768833;4.5;;94.1;0.940078;228.95;219.71;4.144333;3.9;;100.0;1.0;192.52;190.09;5.09428;5.1;;;;;;;;;;;;;;;
2;Nordeste;25;PB;Paraíba;2508000;Juru;111022.128;12023.19;96436.92;10443.68;87525.431;8903.0;9431.636;3967.089;18953.046;51508.923;83860.694;3664.737;Administração, defesa, educação e saúde públicas e seguridade social;Demais serviços;Pecuária, inclusive apoio à pecuária;7;True;64.8;0.661918;298.91;295.56;5.312239;3.5;;64.8;0.661918;298.91;295.56;5.312239;3.5;;99.4;0.994945;231.63;219.52;6.375745;6.3;;99.4;0.994945;231.63;219.52;6.375745;6.3;;98.5;0.985129;275.24;261.51;5.6125;5.5;;99.2;0.991974;268.61;257.26;5.431167;5.4;;96.4;0.96047;283.2;266.62;5.830333;5.6;;;;;;;;;;;;;;;;;;;;;;
2;Nordeste;25;PB;Paraíba;2508109;Lagoa;65991.205;14947.05;57360.452;12992.17;51363.875;11069.8;3141.0;2123.473;16228.013;27988.527;49481.013;1882.862;Administração, defesa, educação e saúde públicas e seguridade social;Demais serviços;Pecuária, inclusive apoio à pecuária;7;True;89.7;0.90209;243.8;245.89;3.79466;3.4;;89.7;0.90209;243.8;245.89;3.79466;3.4;;93.4;0.933816;201.92;198.37;5.424215;5.1;;93.4;0.933816;201.92;198.37;5.424215;5.1;;91.6;0.914565;244.54;240.84;4.756333;4.3;;93.7;0.935316;252.9;240.58;4.891333;4.6;;86.2;0.856843;216.48;241.7;4.303;3.7;;;;;;;;;;;;;;;;;;;;;;
2;Nordeste;25;PB;Paraíba;2508208;Lagoa de Dentro;104436.685;13356.78;93702.718;11983.98;83715.713;10796.46;9037.522;2970.336;20758.946;47194.221;79961.025;3754.689;Administração, defesa, educação e saúde públicas e seguridade social;Demais serviços;Agricultura, inclusive apoio à agricultura e a pós colheita;6;True;79.6;0.794236;265.56;266.72;4.412104;3.5;;79.6;0.794236;265.56;266.72;4.412104;3.5;;90.7;0.906115;181.04;177.49;4.646105;4.2;;90.7;0.906115;181.04;177.49;4.646105;4.2;;70.8;0.709699;224.72;222.05;4.112833;2.9;;74.2;0.745319;229.15;227.17;4.272;3.2;;;;;;;;;;;;;;;;;;;;;;;;;;;;;
2;Nordeste;25;PB;Paraíba;2508307;Lagoa Seca;416794.368;15030.45;357094.226;12877.54;310520.156;11198.79;49479.962;20496.07;78603.419;144872.127;293451.578;17068.579;Administração, defesa, educação e saúde públicas e seguridade social;Demais serviços;Agricultura, inclusive apoio à agricultura e a pós colheita;4;True;;;;;;;;;;;;;;;99.0;0.990231;206.46;197.02;5.486311;5.4;;99.0;0.990231;206.46;197.02;5.486311;5.4;;86.8;0.867201;249.41;262.27;5.194667;4.5;;86.8;0.867201;249.41;262.27;5.194667;4.5;;;;;;;;;;;;;;;;;;;;;;;;;;;;;
2;Nordeste;25;PB;Paraíba;2508406;Lastro;37247.791;11779.82;34151.03;10800.45;29567.105;10958.9;2746.666;1194.828;6606.345;17961.607;28509.445;1057.66;Administração, defesa, educação e saúde públicas e seguridade social;Demais serviços;Pecuária, inclusive apoio à pecuária;6;True;92.7;0.919667;272.07;266.68;4.502938;4.1;;92.7;0.919667;272.07;266.68;4.502938;4.1;;98.2;0.978508;215.06;200.63;5.716069;5.6;;98.2;0.978508;215.06;200.63;5.716069;5.6;;93.5;0.931547;243.14;249.92;4.884333;4.5;;93.5;0.931547;243.14;249.92;4.884333;4.5;;;;;;;;;;;;;;;;;;;;;;;;;;;;;
2;Nordeste;25;PB;Paraíba;2508505;Livramento;83601.537;12156.69;75589.026;10991.57;70181.883;9648.32;6731.925;2835.287;15127.91;42825.972;67521.093;2660.79;Administração, defesa, educação e saúde públicas e seguridade social;Demais serviços;Pecuária, inclusive apoio à pecuária;6;True;75.2;0.757203;274.34;278.89;4.717604;3.6;;75.2;0.757203;274.34;278.89;4.717604;3.6;;98.0;0.980891;218.67;205.44;5.872417;5.8;;98.0;0.980891;218.67;205.44;5.872417;5.8;;89.7;0.898618;248.9;254.51;5.056833;4.5;;89.7;0.898618;248.9;254.51;5.056833;4.5;;;;;;;;;;;;;;;;;;;;;;;;;;;;;
2;Nordeste;25;PB;Paraíba;2508554;Logradouro;65569.294;13668.81;54880.1;11440.5;48758.984;11066.5;5156.691;1889.039;12453.457;26910.121;46409.308;2349.676;Administração, defesa, educação e saúde públicas e seguridade social;Demais serviços;Comércio e reparação de veículos automotores e motocicletas;6;True;97.7;0.97741;263.78;277.05;4.541745;4.4;;97.7;0.97741;263.78;277.05;4.541745;4.4;;99.0;0.990839;245.63;230.14;6.836012;6.8;;99.0;0.990839;245.63;230.14;6.836012;6.8;;86.9;0.869398;244.17;243.14;4.7885;4.2;;87.1;0.876701;255.29;247.98;5.0545;4.4;;;;;;;;;;;;;;;;;;;;;;;;;;;;;
2;Nordeste;25;PB;Paraíba;2508604;Lucena;279943.95;22288.53;249895.642;19896.15;222861.622;16701.26;21854.278;35354.56;59598.72;89743.759;206551.317;16310.305;Administração, defesa, educação e saúde públicas e seguridade social;Demais serviços;Indústrias de transformação;6;True;84.5;0.847793;242.91;251.08;3.859854;3.3;;84.5;0.847793;242.91;251.08;3.859854;3.3;;87.8;0.879126;191.44;180.48;4.898942;4.3;;87.8;0.879126;191.44;180.48;4.898942;4.3;;78.7;0.799036;227.09;229.65;4.279;3.4;;78.7;0.799036;227.09;229.65;4.279;3.4;;;;;;;;;;;;;;;;;;;;;;;;;;;;;
2;Nordeste;25;PB;Paraíba;2508703;Mãe d'Água;45505.079;12700.27;41425.092;11561.57;38696.08;9703.13;2135.749;1363.654;8158.352;26016.013;37673.768;1022.312;Administração, defesa, educação e saúde públicas e seguridade social;Demais serviços;Pecuária, inclusive apoio à pecuária;6;True;96.0;0.959221;284.13;267.66;4.68699;4.5;;96.0;0.959221;284.13;267.66;4.68699;4.5;;100.0;1.0;218.18;188.16;5.548884;5.5;;100.0;1.0;218.18;188.16;5.548884;5.5;;99.1;0.99285;259.33;249.91;5.154;5.1;;99.1;0.99285;259.33;249.91;5.154;5.1;;;;;;;;;;;;;;;;;;;;;;;;;;;;;
2;Nordeste;25;PB;Paraíba;2508802;Malta;77515.727;12820.99;68216.087;11282.85;79950.894;13916.6;4095.382;25969.686;14479.544;32489.194;77033.806;2917.088;Administração, defesa, educação e saúde públicas e seguridade social;Eletricidade e gás, água, esgoto, atividades de gestão de resíduos e descontaminação;Demais serviços;6;True;89.1;0.901575;266.78;258.97;4.313221;3.9;;89.1;0.901575;266.78;258.97;4.313221;3.9;;100.0;1.0;215.16;204.31;5.784887;5.8;;100.0;1.0;215.16;204.31;5.784887;5.8;;82.2;0.816482;242.05;234.81;4.614333;3.8;;82.2;0.816482;242.05;234.81;4.614333;3.8;;;;;;;;;;;;;;;;;;;;;;;;;;;;;
2;Nordeste;25;PB;Paraíba;2508901;Mamanguape;1086800.044;24368.26;893543.787;20035.06;807656.62;17795.67;86079.323;107584.176;291586.99;237007.957;722258.447;85398.173;Administração, defesa, educação e saúde públicas e seguridade social;Demais serviços;Comércio e reparação de veículos automotores e motocicletas;7;True;85.1;0.854199;250.47;255.11;4.026363;3.4;;85.1;0.854199;250.47;255.11;4.026363;3.4;;99.8;0.998187;226.9;214.43;6.192933;6.2;;99.8;0.998187;226.9;214.43;6.192933;6.2;;89.2;0.893309;240.73;245.39;4.768667;4.3;;92.4;0.930328;248.99;253.48;5.041167;4.7;;81.7;0.815412;228.42;233.34;4.362667;3.6;;;;;;;;;;;;;;;;;;;;;;
2;Nordeste;25;PB;Paraíba;2509008;Manaíra;110034.241;10545.74;105530.852;10114.13;101622.726;9248.52;6748.11;10175.107;20612.388;60612.286;98147.891;3474.836;Administração, defesa, educação e saúde públicas e seguridade social;Demais serviços;Construção;7;True;84.9;0.859008;273.29;263.29;4.469324;3.8;;84.9;0.859008;273.29;263.29;4.469324;3.8;;98.7;0.986874;213.35;197.0;5.617436;5.5;;99.6;0.996784;229.32;208.53;6.131843;6.1;;97.8;0.978403;254.29;245.49;4.996333;4.9;;98.8;0.988224;255.06;244.1;4.986;4.9;;;;;;;;;96.3;0.96004;195.89;184.4;5.055139;4.9;;;;;;;;;;;;;;;
2;Nordeste;25;PB;Paraíba;2509057;Marcação;123335.931;13705.52;109424.792;12159.66;104109.603;11903.68;24251.209;7667.778;17708.852;48492.112;98119.951;5989.653;Administração, defesa, educação e saúde públicas e seguridade social;Demais serviços;Agricultura, inclusive apoio à agricultura e a pós colheita;4;True;75.9;0.753867;232.25;226.6;3.343668;2.5;;75.9;0.753867;232.25;226.6;3.343668;2.5;;86.6;0.862566;184.1;176.4;4.684684;4.0;;86.2;0.843401;184.1;176.4;4.684684;4.0;;;;;;;;;;;;;;;;;;;;;;;;;;;;;;;;;;;;;;;;;;;
2;Nordeste;25;PB;Paraíba;2509107;Mari;303051.596;14087.56;257312.119;11961.33;242495.905;11075.4;33468.249;11447.978;67689.094;115403.224;228008.544;14487.361;Administração, defesa, educação e saúde públicas e seguridade social;Demais serviços;Comércio e reparação de veículos automotores e motocicletas;7;True;76.1;0.77067;259.18;268.93;4.355581;3.4;;76.1;0.77067;259.18;268.93;4.355581;3.4;;94.4;0.943773;198.76;186.21;5.142819;4.9;;94.4;0.943773;198.76;186.21;5.142819;4.9;;71.8;0.716134;228.69;232.62;4.355167;3.1;;73.7;0.738129;227.27;225.76;4.217167;3.1;;69.7;0.690346;229.52;236.6;4.435333;3.1;;;;;;;;;;;;;;;;;;;;;;
2;Nordeste;25;PB;Paraíba;2509156;Marizópolis;97757.446;14579.78;87286.15;13018.07;82150.794;12281.48;4720.446;4817.322;28229.398;37775.77;75542.937;6607.857;Administração, defesa, educação e saúde públicas e seguridade social;Demais serviços;Comércio e reparação de veículos automotores e motocicletas;6;True;100.0;1.0;257.33;275.33;4.425406;4.4;;100.0;1.0;257.33;275.33;4.425406;4.4;;100.0;1.0;212.95;196.87;5.607439;5.6;;100.0;1.0;212.95;196.87;5.607439;5.6;;100.0;1.0;246.62;253.52;5.002333;5.0;;100.0;1.0;246.62;253.52;5.002333;5.0;;;;;;;;;;;;;;;;;;;;;;;;;;;;;
2;Nordeste;25;PB;Paraíba;2509206;Massaranduba;196172.625;13874.58;161375.886;11413.53;130597.301;9277.35;10464.205;11141.832;25190.973;76014.298;122811.308;7785.993;Administração, defesa, educação e saúde públicas e seguridade social;Demais serviços;Pecuária, inclusive apoio à pecuária;6;True;75.3;0.757214;243.3;246.61;3.798416;2.9;;75.3;0.757214;243.3;246.61;3.798416;2.9;;96.1;0.962641;198.89;182.14;5.0713;4.9;;96.1;0.962641;198.89;182.14;5.0713;4.9;;83.0;0.829596;220.68;220.49;4.0195;3.3;;83.0;0.831759;220.68;220.49;4.0195;3.3;;;;;;;;;;;;;;;;;;;;;;;;;;;;;
2;Nordeste;25;PB;Paraíba;2509305;Mataraca;231045.68;28025.92;196941.583;23889.08;229876.266;26599.89;17193.813;106723.094;36590.536;59357.854;219865.297;10010.969;Eletricidade e gás, água, esgoto, atividades de gestão de resíduos e descontaminação;Administração, defesa, educação e saúde públicas e seguridade social;Demais serviços;6;True;83.6;0.835557;265.96;260.74;4.328201;3.6;;83.6;0.835557;265.96;260.74;4.328201;3.6;;97.3;0.970492;208.04;198.63;5.545736;5.4;;97.3;0.970492;208.04;198.63;5.545736;5.4;;92.7;0.928531;245.77;255.12;5.014833;4.7;;92.7;0.928531;245.77;255.12;5.014833;4.7;;;;;;;;;;;;;;;;;;;;;;;;;;;;;
2;Nordeste;25;PB;Paraíba;2509339;Matinhas;80820.674;17681.18;64161.517;14036.65;54111.17;11950.35;15962.084;1769.334;7880.673;27425.444;53037.535;1073.635;Administração, defesa, educação e saúde públicas e seguridade social;Agricultura, inclusive apoio à agricultura e a pós colheita;Demais serviços;7;True;85.1;0.852187;244.38;249.12;3.851159;3.3;;85.1;0.852187;244.38;249.12;3.851159;3.3;;97.3;0.971963;205.51;191.1;5.360545;5.2;;97.3;0.971963;205.51;191.1;5.360545;5.2;;84.8;0.843975;233.11;237.71;4.513667;3.8;;90.7;0.910188;249.23;243.09;4.872;4.4;;79.3;0.780738;221.12;233.71;4.247167;3.3;;;;;;;;;;;;;;;;;;;;;;
2;Nordeste;25;PB;Paraíba;2509370;Mato Grosso;38899.586;15296.73;34675.51;13635.67;31916.145;10841.08;2106.488;1519.067;7611.07;19439.818;30676.443;1239.702;Administração, defesa, educação e saúde públicas e seguridade social;Demais serviços;Pecuária, inclusive apoio à pecuária;6;True;95.1;0.950087;278.23;282.49;4.826131;4.6;;95.1;0.950087;278.23;282.49;4.826131;4.6;;87.8;0.880267;218.6;199.26;5.758718;5.1;;87.8;0.880267;218.6;199.26;5.758718;5.1;;88.5;0.883769;242.09;239.76;4.6975;4.2;;88.5;0.883769;242.09;239.76;4.6975;4.2;;;;;;;;;;;;;;;;;;;;;;;;;;;;;
2;Nordeste;25;PB;Paraíba;2509396;Maturéia;79510.308;12359.76;68504.965;10648.99;61961.897;9261.87;3179.55;2602.376;15309.209;38333.197;59424.332;2537.565;Administração, defesa, educação e saúde públicas e seguridade social;Demais serviços;Comércio e reparação de veículos automotores e motocicletas;6;True;75.8;0.750636;271.48;267.51;4.507076;3.4;;75.8;0.750636;271.48;267.51;4.507076;3.4;;93.3;0.925768;206.85;200.41;5.55539;5.1;;93.3;0.925768;206.85;200.41;5.55539;5.1;;94.7;0.949841;253.46;253.8;5.121;4.9;;94.7;0.949841;253.46;253.8;5.121;4.9;;;;;;;;;;;;;;;;;;;;;;;;;;;;;
2;Nordeste;25;PB;Paraíba;2509404;Mogeiro;220316.809;15851.27;189354.602;13623.61;164587.968;12432.99;16307.109;24093.383;36262.421;76838.986;153501.898;11086.07;Administração, defesa, educação e saúde públicas e seguridade social;Demais serviços;Indústrias de transformação;6;True;98.3;0.985069;257.29;251.11;4.06227;4.0;;98.3;0.985069;257.29;251.11;4.06227;4.0;;99.9;0.998794;191.9;180.85;4.914448;4.9;;99.9;0.998794;191.9;180.85;4.914448;4.9;;99.6;0.995976;211.49;207.87;3.656;3.6;;99.6;0.995976;211.49;207.87;3.656;3.6;;;;;;;;;;;;;;;;;;;;;;;;;;;;;
2;Nordeste;25;PB;Paraíba;2509503;Montadas;68334.855;11757.55;64384.531;11077.86;55404.905;9542.7;7722.748;1752.905;10207.29;34287.046;53969.99;1434.915;Administração, defesa, educação e saúde públicas e seguridade social;Demais serviços;Pecuária, inclusive apoio à pecuária;6;True;83.7;0.84245;279.94;295.34;5.042513;4.2;;83.7;0.84245;279.94;295.34;5.042513;4.2;;97.0;0.970963;224.84;204.17;5.967074;5.8;;97.0;0.970963;224.84;204.17;5.967074;5.8;;91.1;0.911126;248.21;245.41;4.893667;4.5;;91.1;0.911126;248.21;245.41;4.893667;4.5;;;;;;;;;;;;;;;;;;;;;;;;;;;;;
2;Nordeste;25;PB;Paraíba;2509602;Monte Horebe;59799.721;13785.09;53561.127;12346.96;48172.954;9897.87;2845.858;2256.125;10217.039;31369.426;46688.448;1484.506;Administração, defesa, educação e saúde públicas e seguridade social;Demais serviços;Pecuária, inclusive apoio à pecuária;6;True;81.6;0.830916;278.64;265.87;4.583087;3.8;;81.6;0.830916;278.64;265.87;4.583087;3.8;;100.0;1.0;206.63;193.07;5.417737;5.4;;100.0;1.0;206.63;193.07;5.417737;5.4;;96.2;0.961896;245.78;247.51;4.888167;4.7;;96.2;0.961896;245.78;247.51;4.888167;4.7;;;;;;;;;;;;;;;;;;;;;;;;;;;;;
2;Nordeste;25;PB;Paraíba;2509701;Monteiro;842417.323;26099.62;753020.962;23329.96;636488.171;18921.7;22161.647;30689.617;360370.18;189169.251;602390.694;34097.477;Demais serviços;Administração, defesa, educação e saúde públicas e seguridade social;Comércio e reparação de veículos automotores e motocicletas;6;True;97.8;0.979833;270.02;274.13;4.585672;4.5;;99.0;0.990612;257.74;260.84;4.214248;4.2;;100.0;1.0;247.1;226.72;6.801883;6.8;;100.0;1.0;247.1;226.72;6.801883;6.8;;99.7;0.996995;256.94;258.13;5.251167;5.2;;99.7;0.996995;256.94;258.13;5.251167;5.2;;;;;;;;;;;;;;;;;;;;;;;;;;;;;
2;Nordeste;25;PB;Paraíba;2509800;Mulungu;111589.121;12693.56;100809.904;11467.4;98546.578;9892.25;22031.679;6193.351;16840.457;48934.102;93999.588;4546.99;Administração, defesa, educação e saúde públicas e seguridade social;Demais serviços;Pecuária, inclusive apoio à pecuária;8;True;94.2;0.943758;250.18;244.39;3.861811;3.6;;94.2;0.943758;250.18;244.39;3.861811;3.6;;98.8;0.988154;178.45;172.41;4.504314;4.5;;100.0;1.0;170.3;162.46;4.167871;4.2;;96.9;0.969439;234.33;238.81;4.552333;4.4;;100.0;1.0;240.18;251.47;4.860833;4.9;;93.2;0.931498;226.99;222.91;4.165;3.9;;92.6;0.919203;198.62;197.04;5.337056;4.9;;;;;;;;;;;;;;;
2;Nordeste;25;PB;Paraíba;2509909;Natuba;116149.056;12984.8;110578.193;12362.01;95639.02;9152.94;16160.507;3323.191;14881.191;58687.492;93052.382;2586.638;Administração, defesa, educação e saúde públicas e seguridade social;Agricultura, inclusive apoio à agricultura e a pós colheita;Demais serviços;7;True;90.3;0.900477;241.94;233.51;3.583207;3.2;;90.3;0.900477;241.94;233.51;3.583207;3.2;;98.7;0.986584;189.93;173.22;4.738126;4.7;;98.9;0.987633;189.93;173.22;4.738126;4.7;;95.9;0.960033;225.74;225.24;4.183;4.0;;97.4;0.974232;228.22;231.77;4.333167;4.2;;89.9;0.896145;220.67;211.9;3.876167;3.5;;;;;;;;;;;;;;;;;;;;;;
2;Nordeste;25;PB;Paraíba;2510006;Nazarezinho;81440.989;11306.54;69768.481;9686.03;66198.385;9104.44;7746.209;3186.493;14249.067;38437.415;63619.183;2579.202;Administração, defesa, educação e saúde públicas e seguridade social;Demais serviços;Pecuária, inclusive apoio à pecuária;8;True;96.3;0.967428;274.45;264.51;4.50388;4.4;;96.3;0.967428;274.45;264.51;4.50388;4.4;;100.0;1.0;216.58;201.39;5.758895;5.8;;100.0;1.0;220.55;204.8;5.896659;5.9;;95.1;0.950997;235.31;236.48;4.529833;4.3;;97.3;0.973262;236.06;236.79;4.5475;4.4;;89.8;0.881568;232.43;235.26;4.4615;3.9;;100.0;1.0;191.92;180.24;4.903739;4.9;;;;;;;;;;;;;;;
2;Nordeste;25;PB;Paraíba;2510105;Nova Floresta;114955.039;11821.79;102651.046;10556.46;99828.004;9405.31;3152.107;3450.091;28866.121;59215.864;94684.182;5143.822;Administração, defesa, educação e saúde públicas e seguridade social;Demais serviços;Comércio e reparação de veículos automotores e motocicletas;8;True;90.5;0.907112;276.31;280.96;4.776261;4.3;;90.5;0.907112;276.31;280.96;4.776261;4.3;;99.2;0.992462;206.99;197.75;5.509698;5.5;;99.1;0.991;204.73;192.84;5.377296;5.3;;99.4;0.994206;248.79;252.84;5.027167;5.0;;99.5;0.994924;239.66;241.38;4.684;4.7;;98.8;0.990918;261.11;268.3;5.490167;5.4;;100.0;1.0;218.46;222.76;6.183319;6.2;;;;;;;;;;;;;;;
2;Nordeste;25;PB;Paraíba;2510204;Nova Olinda;69482.458;12006.65;63671.677;11002.54;57973.233;9839.31;3855.363;2702.262;13878.079;34772.654;55208.358;2764.875;Administração, defesa, educação e saúde públicas e seguridade social;Demais serviços;Comércio e reparação de veículos automotores e motocicletas;6;True;99.3;0.994949;254.72;256.31;4.104018;4.1;;99.3;0.994949;254.72;256.31;4.104018;4.1;;93.3;0.934748;181.66;169.66;4.515574;4.2;;93.3;0.934748;181.66;169.66;4.515574;4.2;;87.6;0.878765;245.09;238.5;4.7265;4.2;;;;;;;;;98.5;0.981252;261.76;260.06;5.363667;5.3;;;;;;;;;;;;;;;;;;;;;;
2;Nordeste;25;PB;Paraíba;2510303;Nova Palmeira;54633.272;12827.72;49123.756;11534.11;49110.651;9800.57;2744.687;3457.467;10350.524;30436.154;46988.832;2121.819;Administração, defesa, educação e saúde públicas e seguridade social;Demais serviços;Pecuária, inclusive apoio à pecuária;6;True;96.4;0.978442;323.83;309.88;5.876611;5.7;;96.4;0.978442;323.83;309.88;5.876611;5.7;;94.7;0.943868;234.45;219.63;6.431562;6.1;;94.7;0.943868;234.45;219.63;6.431562;6.1;;92.1;0.918885;260.8;263.84;5.410667;5.0;;92.1;0.918885;260.8;263.84;5.410667;5.0;;;;;;;;;;;;;;;;;;;;;;;;;;;;;
2;Nordeste;25;PB;Paraíba;2510402;Olho d'Água;76533.574;12629.3;67369.953;11117.15;62017.957;9691.82;8349.953;2904.232;12868.483;35702.165;59824.832;2193.125;Administração, defesa, educação e saúde públicas e seguridade social;Demais serviços;Pecuária, inclusive apoio à pecuária;8;True;91.5;0.916391;263.88;242.16;4.020844;3.7;;91.5;0.916391;263.88;242.16;4.020844;3.7;;97.4;0.975832;185.73;175.44;4.698337;4.6;;96.6;0.968238;183.8;172.37;4.605686;4.5;;87.9;0.880676;238.82;231.4;4.503667;4.0;;86.6;0.870821;237.37;235.56;4.548833;4.0;;100.0;1.0;241.13;224.74;4.431167;4.4;;100.0;1.0;190.63;183.18;4.932575;4.9;;;;;;;;;;;;;;;
2;Nordeste;25;PB;Paraíba;2510501;Olivedos;53270.44;14880.01;46787.028;13069.0;43664.376;10946.2;6978.477;2468.386;8094.943;24902.501;42444.306;1220.07;Administração, defesa, educação e saúde públicas e seguridade social;Demais serviços;Pecuária, inclusive apoio à pecuária;6;True;95.0;0.950445;258.44;251.51;4.084409;3.9;;95.0;0.950445;258.44;251.51;4.084409;3.9;;97.5;0.975322;218.26;203.69;5.832774;5.7;;97.5;0.975322;218.26;203.69;5.832774;5.7;;95.6;0.954508;258.93;249.89;5.147;4.9;;95.6;0.954508;258.93;249.89;5.147;4.9;;;;;;;;;;;;;;;;;;;;;;;;;;;;;
2;Nordeste;25;PB;Paraíba;2510600;Ouro Velho;47542.267;16292.76;42297.458;14495.36;38370.596;12572.28;4717.015;1568.803;9254.437;21178.659;36718.914;1651.681;Administração, defesa, educação e saúde públicas e seguridade social;Demais serviços;Pecuária, inclusive apoio à pecuária;4;True;;;;;;;;;;;;;;;100.0;1.0;202.12;185.99;5.202941;5.2;;100.0;1.0;202.12;185.99;5.202941;5.2;;99.5;0.995181;230.77;228.41;4.319667;4.3;;99.5;0.995181;230.77;228.41;4.319667;4.3;;;;;;;;;;;;;;;;;;;;;;;;;;;;;
2;Nordeste;25;PB;Paraíba;2510659;Parari;28041.853;16303.4;24668.857;14342.36;21547.024;12333.73;1856.273;800.004;4530.408;13609.382;20796.068;750.957;Administração, defesa, educação e saúde públicas e seguridade social;Demais serviços;Pecuária, inclusive apoio à pecuária;6;True;84.4;0.883273;261.39;246.83;4.055782;3.6;;84.4;0.883273;261.39;246.83;4.055782;3.6;;100.0;1.0;227.69;211.72;6.158736;6.2;;100.0;1.0;227.69;211.72;6.158736;6.2;;95.9;0.944394;243.31;257.57;5.014667;4.7;;;;;;;;;92.7;0.918847;243.31;257.57;5.014667;4.6;;;;;;;;;;;;;;;;;;;;;;
2;Nordeste;25;PB;Paraíba;2510709;Passagem;35351.992;14353.22;32130.164;13045.13;28934.734;11795.65;1879.072;1719.163;6461.218;17728.625;27788.078;1146.656;Administração, defesa, educação e saúde públicas e seguridade social;Demais serviços;Pecuária, inclusive apoio à pecuária;6;True;93.8;0.936362;262.73;252.59;4.16083;3.9;;93.8;0.936362;262.73;252.59;4.16083;3.9;;95.9;0.959857;202.87;188.26;5.258527;5.0;;95.9;0.959857;202.87;188.26;5.258527;5.0;;85.4;0.850852;229.8;226.9;4.278333;3.6;;85.4;0.850852;229.8;226.9;4.278333;3.6;;;;;;;;;;;;;;;;;;;;;;;;;;;;;
2;Nordeste;25;PB;Paraíba;2510808;Patos;2555214.303;24768.23;2210177.422;21423.71;1998301.563;18372.48;14352.106;173027.911;1023454.386;546229.338;1757063.741;241237.822;Demais serviços;Administração, defesa, educação e saúde públicas e seguridade social;Comércio e reparação de veículos automotores e motocicletas;8;True;89.7;0.900802;272.59;280.33;4.714582;4.2;;88.5;0.8891;267.58;275.79;4.576253;4.1;;99.7;0.996792;225.68;207.83;6.04965;6.0;;99.7;0.996792;225.68;207.83;6.04965;6.0;;89.3;0.894027;248.67;252.61;5.021333;4.5;;89.4;0.897066;248.88;252.84;5.028667;4.5;;89.0;0.889803;248.24;252.13;5.006167;4.5;;;;;;;;;96.6;0.966945;298.31;303.65;5.42492;5.2;;;;;;;;
2;Nordeste;25;PB;Paraíba;2510907;Paulista;200280.851;16924.19;178361.668;15071.97;157585.972;12697.28;23784.118;19006.175;38673.371;63585.124;145048.789;12537.183;Administração, defesa, educação e saúde públicas e seguridade social;Demais serviços;Pecuária, inclusive apoio à pecuária;6;True;95.3;0.956974;271.86;263.83;4.457324;4.3;;95.3;0.956974;271.86;263.83;4.457324;4.3;;97.1;0.971605;228.03;210.95;6.151225;6.0;;97.1;0.971605;228.03;210.95;6.151225;6.0;;91.4;0.913823;260.65;258.19;5.314;4.9;;91.4;0.913823;260.65;258.19;5.314;4.9;;;;;;;;;;;;;;;;;;;;;;;;;;;;;
2;Nordeste;25;PB;Paraíba;2511004;Pedra Branca;48602.052;12998.68;42759.031;11435.95;37568.346;9881.21;3345.067;1809.718;7435.713;23628.763;36219.262;1349.085;Administração, defesa, educação e saúde públicas e seguridade social;Demais serviços;Pecuária, inclusive apoio à pecuária;7;True;91.8;0.91706;257.05;239.35;3.882851;3.6;;91.8;0.91706;257.05;239.35;3.882851;3.6;;98.0;0.982094;209.41;183.94;5.30479;5.2;;98.0;0.982094;209.41;183.94;5.30479;5.2;;87.6;0.873531;243.12;252.4;4.925333;4.3;;86.7;0.873916;247.32;257.36;5.078;4.4;;92.3;0.922994;233.96;241.6;4.592667;4.2;;;;;;;;;;;;;;;;;;;;;;
2;Nordeste;25;PB;Paraíba;2511103;Pedra Lavrada;94715.184;13808.89;84890.254;12376.48;80276.354;10092.58;6478.005;10315.135;13948.265;45685.95;76427.355;3848.999;Administração, defesa, educação e saúde públicas e seguridade social;Demais serviços;Pecuária, inclusive apoio à pecuária;6;True;94.1;0.945928;271.82;275.7;4.634456;4.4;;94.1;0.945928;271.82;275.7;4.634456;4.4;;99.7;0.997577;221.98;205.96;5.94504;5.9;;99.7;0.997577;221.98;205.96;5.94504;5.9;;93.1;0.933933;268.58;269.85;5.6405;5.3;;93.1;0.933933;268.58;269.85;5.6405;5.3;;;;;;;;;;;;;;;;;;;;;;;;;;;;;
2;Nordeste;25;PB;Paraíba;2511202;Pedras de Fogo;836968.568;28216.86;695261.283;23439.46;656965.579;22965.2;153169.029;96752.563;186254.822;168264.09;604440.504;52525.075;Demais serviços;Administração, defesa, educação e saúde públicas e seguridade social;Agricultura, inclusive apoio à agricultura e a pós colheita;7;True;100.0;1.0;266.96;267.96;4.45033;4.5;;100.0;1.0;266.96;267.96;4.45033;4.5;;96.2;0.960687;202.53;191.4;5.309129;5.1;;96.2;0.960687;202.53;191.4;5.309129;5.1;;90.6;0.904253;243.7;248.84;4.875667;4.4;;90.1;0.895435;240.61;244.58;4.753167;4.3;;100.0;1.0;263.44;276.09;5.658833;5.7;;;;;;;;;;;;;;;;;;;;;;
2;Nordeste;25;PB;Paraíba;2511301;Piancó;246684.781;15004.24;224955.781;13682.61;206945.862;12816.37;18692.397;10797.741;71150.328;91887.4;192527.867;14417.995;Administração, defesa, educação e saúde públicas e seguridade social;Demais serviços;Comércio e reparação de veículos automotores e motocicletas;8;True;83.8;0.837227;260.9;263.56;4.299349;3.6;;83.8;0.837227;260.9;263.56;4.299349;3.6;;95.0;0.951524;187.59;179.07;4.799833;4.6;;95.3;0.954044;187.48;182.11;4.853006;4.6;;88.0;0.880759;235.44;239.46;4.581667;4.0;;89.1;0.894717;234.65;236.59;4.520667;4.0;;82.7;0.821185;237.53;247.07;4.743333;3.9;;92.0;0.908158;188.19;162.59;4.511647;4.1;;;;;;;;;;;;;;;
2;Nordeste;25;PB;Paraíba;2511400;Picuí;270316.204;14744.79;245332.058;13381.99;213731.075;11406.9;11645.539;9546.786;76115.61;101151.675;198459.61;15271.465;Administração, defesa, educação e saúde públicas e seguridade social;Demais serviços;Comércio e reparação de veículos automotores e motocicletas;8;True;91.4;0.91522;284.6;290.27;5.032065;4.6;;87.5;0.873602;268.43;274.52;4.569179;4.0;;99.4;0.994104;217.96;203.92;5.831231;5.8;;99.4;0.994104;217.96;203.92;5.831231;5.8;;96.1;0.960614;264.37;271.35;5.595333;5.4;;96.0;0.960119;263.87;269.56;5.557167;5.3;;100.0;1.0;270.8;294.46;6.087667;6.1;;;;;;;;;95.9;0.95959;303.23;308.42;5.565428;5.3;;;;;;;;
2;Nordeste;25;PB;Paraíba;2511509;Pilar;158900.966;12907.23;139093.773;11298.33;122046.864;10140.15;11479.581;5536.093;31635.014;67171.166;115821.853;6225.011;Administração, defesa, educação e saúde públicas e seguridade social;Demais serviços;Comércio e reparação de veículos automotores e motocicletas;7;True;88.8;0.888073;264.18;260.46;4.299009;3.8;;88.8;0.888073;264.18;260.46;4.299009;3.8;;95.6;0.953741;188.67;182.98;4.891534;4.7;;94.4;0.939405;195.36;187.68;5.104661;4.8;;98.1;0.978665;233.23;232.63;4.431;4.3;;98.0;0.977037;233.23;232.63;4.431;4.3;;;;;;;;;100.0;1.0;172.54;171.65;4.37771;4.4;;;;;;;;;;;;;;;
2;Nordeste;25;PB;Paraíba;2511608;Pilões;133896.434;19647.31;108635.551;15940.65;95608.755;14668.42;33290.52;4579.42;18296.657;35892.828;92059.425;3549.33;Administração, defesa, educação e saúde públicas e seguridade social;Agricultura, inclusive apoio à agricultura e a pós colheita;Demais serviços;7;True;91.4;0.923708;253.25;255.19;4.066606;3.8;;91.4;0.923708;253.25;255.19;4.066606;3.8;;94.8;0.94936;202.46;181.0;5.118702;4.9;;94.8;0.94936;202.46;181.0;5.118702;4.9;;86.9;0.868386;232.89;237.33;4.503667;3.9;;92.2;0.922753;237.61;238.86;4.607833;4.3;;76.6;0.765183;226.26;235.17;4.357167;3.3;;;;;;;;;;;;;;;;;;;;;;
2;Nordeste;25;PB;Paraíba;2511707;Pilõezinhos;64515.534;12106.5;58975.258;11066.85;51324.387;10395.87;11725.112;2100.585;8650.564;27554.779;50031.04;1293.347;Administração, defesa, educação e saúde públicas e seguridade social;Demais serviços;Agricultura, inclusive apoio à agricultura e a pós colheita;6;True;89.7;0.904106;272.05;275.77;4.638735;4.2;;89.7;0.904106;272.05;275.77;4.638735;4.2;;100.0;1.0;180.45;169.32;4.4863;4.5;;100.0;1.0;180.45;169.32;4.4863;4.5;;92.4;0.924916;239.93;241.29;4.687;4.3;;92.4;0.924916;239.93;241.29;4.687;4.3;;;;;;;;;;;;;;;;;;;;;;;;;;;;;
2;Nordeste;25;PB;Paraíba;2511806;Pirpirituba;120990.462;12954.01;106136.201;11363.62;95326.544;9001.56;7507.208;4173.63;25327.093;54675.256;91683.187;3643.357;Administração, defesa, educação e saúde públicas e seguridade social;Demais serviços;Pecuária, inclusive apoio à pecuária;6;True;92.6;0.926652;258.86;257.76;4.183871;3.9;;92.6;0.926652;258.86;257.76;4.183871;3.9;;95.7;0.955283;178.54;167.77;4.421668;4.2;;95.7;0.955283;178.54;167.77;4.421668;4.2;;89.0;0.888277;214.5;218.29;3.879833;3.4;;;;;;;;;95.6;0.95649;218.66;222.51;4.0195;3.8;;;;;;;;;;;;;;;;;;;;;;
2;Nordeste;25;PB;Paraíba;2511905;Pitimbu;479171.698;28605.56;427279.64;25507.71;431303.626;22143.12;43314.093;113281.3;95871.54;117404.837;369871.77;61431.855;Administração, defesa, educação e saúde públicas e seguridade social;Demais serviços;Indústrias de transformação;4;True;76.0;0.766579;236.67;241.67;3.631345;2.8;;76.0;0.766579;236.67;241.67;3.631345;2.8;;97.9;0.979727;198.43;188.95;5.186339;5.1;;97.9;0.979727;198.43;188.95;5.186339;5.1;;;;;;;;;;;;;;;;;;;;;;;;;;;;;;;;;;;;;;;;;;;
2;Nordeste;25;PB;Paraíba;2512002;Pocinhos;334111.865;19125.99;295224.444;16899.91;285030.661;15122.59;88950.729;18107.255;61197.234;105214.912;273470.129;11560.531;Administração, defesa, educação e saúde públicas e seguridade social;Agricultura, inclusive apoio à agricultura e a pós colheita;Demais serviços;6;True;94.7;0.947925;255.13;258.95;4.149298;3.9;;94.7;0.947925;255.13;258.95;4.149298;3.9;;91.3;0.914301;201.94;185.97;5.199142;4.8;;91.3;0.914301;201.94;185.97;5.199142;4.8;;83.1;0.830393;234.23;238.09;4.538667;3.8;;83.1;0.830393;234.23;238.09;4.538667;3.8;;;;;;;;;;;;;;;;;;;;;;;;;;;;;
2;Nordeste;25;PB;Paraíba;2512036;Poço Dantas;56713.3;14807.65;46463.977;12131.59;40317.935;10399.26;3273.977;1562.943;8438.126;25562.469;38837.515;1480.42;Administração, defesa, educação e saúde públicas e seguridade social;Demais serviços;Pecuária, inclusive apoio à pecuária;6;True;95.8;0.96112;265.94;285.32;4.695884;4.5;;95.8;0.96112;265.94;285.32;4.695884;4.5;;89.9;0.9012;240.77;234.74;6.8269;6.2;;89.9;0.9012;240.77;234.74;6.8269;6.2;;84.9;0.845572;257.43;258.27;5.261667;4.4;;84.9;0.845572;257.43;258.27;5.261667;4.4;;;;;;;;;;;;;;;;;;;;;;;;;;;;;
2;Nordeste;25;PB;Paraíba;2512077;Poço de José de Moura;61655.267;15390.73;52955.053;13218.93;46932.259;10749.49;4511.453;1844.179;10146.387;28717.872;45219.891;1712.367;Administração, defesa, educação e saúde públicas e seguridade social;Demais serviços;Pecuária, inclusive apoio à pecuária;6;True;96.4;0.957308;268.49;270.02;4.502657;4.3;;96.4;0.957308;268.49;270.02;4.502657;4.3;;92.7;0.929881;210.54;206.72;5.740537;5.3;;92.7;0.929881;210.54;206.72;5.740537;5.3;;75.4;0.746631;245.71;247.54;4.8875;3.6;;75.4;0.746631;245.71;247.54;4.8875;3.6;;;;;;;;;;;;;;;;;;;;;;;;;;;;;
2;Nordeste;25;PB;Paraíba;2512101;Pombal;594290.116;18301.05;514593.778;15846.82;466595.668;14224.18;27227.973;30333.502;191429.158;180836.433;429827.067;36768.601;Administração, defesa, educação e saúde públicas e seguridade social;Demais serviços;Comércio e reparação de veículos automotores e motocicletas;7;True;97.7;0.977913;286.0;288.66;5.027626;4.9;;97.7;0.977913;286.0;288.66;5.027626;4.9;;99.9;0.998798;252.03;230.81;6.970331;7.0;;99.9;0.998798;252.03;230.81;6.970331;7.0;;98.1;0.980895;258.76;264.35;5.385167;5.3;;98.7;0.987886;265.29;270.47;5.596;5.5;;95.9;0.964585;247.77;254.06;5.0305;4.9;;;;;;;;;;;;;;;;;;;;;;
2;Nordeste;25;PB;Paraíba;2512200;Prata;83660.221;21369.15;65920.02;16837.81;64814.204;15196.77;16496.913;5498.125;13004.419;27727.425;62726.882;2087.322;Administração, defesa, educação e saúde públicas e seguridade social;Agricultura, inclusive apoio à agricultura e a pós colheita;Demais serviços;7;True;85.3;0.856112;249.82;261.17;4.107953;3.5;;85.3;0.856112;249.82;261.17;4.107953;3.5;;98.5;0.984204;210.35;201.76;5.646729;5.6;;98.5;0.984204;210.35;201.76;5.646729;5.6;;86.4;0.864798;246.78;246.74;4.892;4.2;;84.5;0.858956;236.03;227.82;4.3975;3.8;;90.3;0.906825;255.11;261.39;5.275;4.8;;;;;;;;;;;;;;;;;;;;;;
2;Nordeste;25;PB;Paraíba;2512309;Princesa Isabel;343378.966;16263.09;299712.316;14194.96;266953.66;11240.63;45001.536;11191.962;79292.015;113857.364;249342.877;17610.783;Administração, defesa, educação e saúde públicas e seguridade social;Demais serviços;Pecuária, inclusive apoio à pecuária;9;True;83.2;0.836729;278.37;280.73;4.80175;4.0;;78.5;0.789397;272.9;278.3;4.688547;3.7;;99.4;0.993935;264.78;243.98;7.453106;7.4;;100.0;1.0;270.09;247.92;7.626078;7.6;;98.5;0.98545;263.83;257.56;5.3565;5.3;;100.0;1.0;269.42;261.23;5.510833;5.5;;95.2;0.953296;258.1;253.79;5.198167;5.0;;94.7;0.94482;221.22;211.7;6.034899;5.7;;94.9;0.952429;293.54;287.48;5.11586;4.9;;;;;;;;
2;Nordeste;25;PB;Paraíba;2512408;Puxinanã;189387.338;13265.21;168481.513;11800.9;138075.032;10004.71;13546.645;14423.979;26473.798;76599.794;131044.215;7030.816;Administração, defesa, educação e saúde públicas e seguridade social;Demais serviços;Indústrias de transformação;6;True;86.0;0.869434;264.69;272.09;4.480274;3.9;;86.0;0.869434;264.69;272.09;4.480274;3.9;;99.9;0.998996;210.9;201.2;5.647044;5.6;;99.9;0.998996;210.9;201.2;5.647044;5.6;;93.7;0.93643;235.31;235.02;4.5055;4.2;;;;;;;;;85.5;0.855;235.31;235.02;4.5055;3.9;;;;;;;;;;;;;;;;;;;;;;
2;Nordeste;25;PB;Paraíba;2512507;Queimadas;788731.565;16549.83;688425.869;14445.13;607307.066;13681.78;27422.208;112382.725;178865.239;223214.252;541884.424;65422.642;Administração, defesa, educação e saúde públicas e seguridade social;Demais serviços;Indústrias de transformação;7;True;75.4;0.756384;259.21;266.3;4.316631;3.3;;75.4;0.756384;259.21;266.3;4.316631;3.3;;100.0;1.0;284.0;249.35;7.917536;7.9;;100.0;1.0;284.0;249.35;7.917536;7.9;;99.2;0.991484;272.99;270.4;5.723167;5.7;;99.9;0.998998;277.4;271.88;5.821333;5.8;;91.1;0.920007;253.42;263.83;5.2875;4.9;;;;;;;;;;;;;;;;;;;;;;
2;Nordeste;25;PB;Paraíba;2512606;Quixaba;30647.384;17583.12;29630.553;16999.74;26817.522;13348.69;1634.873;1442.366;5581.643;17281.949;25940.831;876.691;Administração, defesa, educação e saúde públicas e seguridade social;Demais serviços;Pecuária, inclusive apoio à pecuária;4;True;;;;;;;;;;;;;;;100.0;1.0;206.54;199.93;5.540747;5.5;;100.0;1.0;206.54;199.93;5.540747;5.5;;99.2;0.99075;247.81;239.81;4.793667;4.7;;99.2;0.99075;247.81;239.81;4.793667;4.7;;;;;;;;;;;;;;;;;;;;;;;;;;;;;
2;Nordeste;25;PB;Paraíba;2512705;Remígio;224366.232;12544.94;194545.203;10877.56;181633.355;9093.94;10943.737;6629.643;49801.288;103858.463;171233.131;10400.224;Administração, defesa, educação e saúde públicas e seguridade social;Demais serviços;Comércio e reparação de veículos automotores e motocicletas;7;True;75.9;0.760618;254.36;264.5;4.221567;3.2;;75.9;0.760618;254.36;264.5;4.221567;3.2;;99.3;0.993559;196.0;188.61;5.133783;5.1;;99.3;0.993559;196.0;188.61;5.133783;5.1;;83.7;0.834059;234.04;234.31;4.4725;3.7;;83.2;0.827566;229.16;225.11;4.237833;3.5;;85.9;0.853011;246.3;257.42;5.062;4.3;;;;;;;;;;;;;;;;;;;;;;
2;Nordeste;25;PB;Paraíba;2512721;Pedro Régis;70515.597;12229.55;60802.48;10545.0;57292.084;9332.48;6566.28;2254.242;10946.534;35908.865;55675.921;1616.164;Administração, defesa, educação e saúde públicas e seguridade social;Demais serviços;Agricultura, inclusive apoio à agricultura e a pós colheita;6;True;84.2;0.850011;264.5;285.08;4.672067;4.0;;84.2;0.850011;264.5;285.08;4.672067;4.0;;89.7;0.900173;175.05;166.11;4.324883;3.9;;89.7;0.900173;175.05;166.11;4.324883;3.9;;81.7;0.818809;249.33;269.31;5.310667;4.3;;81.6;0.821686;251.86;268.64;5.341667;4.4;;;;;;;;;;;;;;;;;;;;;;;;;;;;;
2;Nordeste;25;PB;Paraíba;2512747;Riachão;42006.934;14351.53;38501.549;13153.93;36561.531;10016.86;2387.717;1139.218;7088.315;24996.206;35611.457;950.074;Administração, defesa, educação e saúde públicas e seguridade social;Demais serviços;Pecuária, inclusive apoio à pecuária;6;True;84.5;0.861849;244.35;265.6;4.097444;3.5;;84.5;0.861849;244.35;265.6;4.097444;3.5;;100.0;1.0;248.87;217.54;6.668753;6.7;;100.0;1.0;248.87;217.54;6.668753;6.7;;98.0;0.981599;250.45;255.05;5.091667;5.0;;98.0;0.981599;250.45;255.05;5.091667;5.0;;;;;;;;;;;;;;;;;;;;;;;;;;;;;
2;Nordeste;25;PB;Paraíba;2512754;Riachão do Bacamarte;68122.085;14524.96;57921.164;12349.93;50199.291;11003.79;1800.535;1882.655;13643.112;30491.253;47817.555;2381.736;Administração, defesa, educação e saúde públicas e seguridade social;Demais serviços;Comércio e reparação de veículos automotores e motocicletas;6;True;93.8;0.944041;253.66;251.87;4.022664;3.8;;93.8;0.944041;253.66;251.87;4.022664;3.8;;98.8;0.986822;181.06;152.62;4.194305;4.1;;98.8;0.986822;181.06;152.62;4.194305;4.1;;97.3;0.973416;224.29;227.36;4.194167;4.1;;97.3;0.973416;224.29;227.36;4.194167;4.1;;;;;;;;;;;;;;;;;;;;;;;;;;;;;
2;Nordeste;25;PB;Paraíba;2512762;Riachão do Poço;73545.674;15522.51;62938.634;13283.8;56333.872;12324.19;8042.213;3217.317;12920.086;29674.707;53854.323;2479.549;Administração, defesa, educação e saúde públicas e seguridade social;Demais serviços;Produção florestal, pesca e aquicultura;6;True;90.5;0.902678;264.19;257.07;4.248401;3.8;;90.5;0.902678;264.19;257.07;4.248401;3.8;;87.8;0.872596;173.6;156.12;4.115575;3.6;;87.8;0.872596;173.6;156.12;4.115575;3.6;;82.6;0.824892;212.93;221.06;3.899833;3.2;;82.6;0.824892;212.93;221.06;3.899833;3.2;;;;;;;;;;;;;;;;;;;;;;;;;;;;;
2;Nordeste;25;PB;Paraíba;2512788;Riacho de Santo Antônio;35322.056;18067.55;32621.434;16686.16;30615.624;15315.47;5425.963;878.935;5520.078;18193.438;30018.414;597.21;Administração, defesa, educação e saúde públicas e seguridade social;Demais serviços;Produção florestal, pesca e aquicultura;4;True;;;;;;;;;;;;;;;89.0;0.876781;178.01;169.11;4.435917;3.9;;89.0;0.876781;178.01;169.11;4.435917;3.9;;61.6;0.604083;239.57;244.28;4.730833;2.9;;61.6;0.604083;239.57;244.28;4.730833;2.9;;;;;;;;;;;;;;;;;;;;;;;;;;;;;
2;Nordeste;25;PB;Paraíba;2512804;Riacho dos Cavalos;111761.073;13159.2;103303.525;12163.37;92853.892;10853.76;8910.022;4354.08;23747.606;50843.59;87855.299;4998.592;Administração, defesa, educação e saúde públicas e seguridade social;Demais serviços;Pecuária, inclusive apoio à pecuária;6;True;94.7;0.94878;278.73;284.76;4.867136;4.6;;94.7;0.94878;278.73;284.76;4.867136;4.6;;92.4;0.925405;230.89;214.62;6.272532;5.8;;92.4;0.925405;230.89;214.62;6.272532;5.8;;80.0;0.798511;253.46;246.63;5.0015;4.0;;80.0;0.798511;253.46;246.63;5.0015;4.0;;;;;;;;;;;;;;;;;;;;;;;;;;;;;
2;Nordeste;25;PB;Paraíba;2512903;Rio Tinto;393103.959;15992.19;357814.735;14556.56;323318.1;13328.31;46337.687;36272.527;79033.752;138123.711;299767.678;23550.421;Administração, defesa, educação e saúde públicas e seguridade social;Demais serviços;Agricultura, inclusive apoio à agricultura e a pós colheita;8;True;93.3;0.945857;258.39;263.43;4.26215;4.0;;93.3;0.945857;258.39;263.43;4.26215;4.0;;94.3;0.943054;195.35;190.87;5.16247;4.9;;95.2;0.952913;200.18;196.1;5.349736;5.1;;77.1;0.769678;225.68;237.14;4.380333;3.4;;74.5;0.748866;230.16;241.26;4.523667;3.4;;81.2;0.79895;222.11;233.85;4.266;3.4;;91.1;0.898342;179.06;173.24;4.531046;4.1;;;;;;;;;;;;;;;
2;Nordeste;25;PB;Paraíba;2513000;Salgadinho;40278.149;12005.41;34736.743;10353.72;33512.935;8430.93;1471.865;1133.474;5655.95;24458.326;32719.615;793.319;Administração, defesa, educação e saúde públicas e seguridade social;Demais serviços;Pecuária, inclusive apoio à pecuária;6;True;95.2;0.950373;255.19;257.17;4.123494;3.9;;95.2;0.950373;255.19;257.17;4.123494;3.9;;97.7;0.975834;216.88;208.94;5.901893;5.8;;97.7;0.975834;216.88;208.94;5.901893;5.8;;90.7;0.907341;235.17;235.13;4.505;4.1;;90.7;0.907341;235.17;235.13;4.505;4.1;;;;;;;;;;;;;;;;;;;;;;;;;;;;;
2;Nordeste;25;PB;Paraíba;2513109;Salgado de São Félix;177321.45;15412.56;140789.584;12237.25;129056.651;10645.6;11873.024;19285.916;24237.979;69765.179;125162.097;3894.554;Administração, defesa, educação e saúde públicas e seguridade social;Demais serviços;Construção;7;True;82.6;0.829495;245.75;243.41;3.784921;3.1;;82.6;0.829495;245.75;243.41;3.784921;3.1;;99.2;0.992309;177.8;162.8;4.317183;4.3;;99.2;0.991899;177.8;162.8;4.317183;4.3;;95.7;0.956945;224.01;234.86;4.3145;4.1;;93.8;0.937449;222.47;227.6;4.167833;3.9;;98.9;0.990634;224.88;239.01;4.398167;4.4;;;;;;;;;;;;;;;;;;;;;;
2;Nordeste;25;PB;Paraíba;2513158;Santa Cecília;90463.261;11794.43;81960.763;10685.89;65825.547;10086.66;7979.62;2697.708;13790.472;39118.524;63586.323;2239.223;Administração, defesa, educação e saúde públicas e seguridade social;Demais serviços;Pecuária, inclusive apoio à pecuária;6;True;95.1;0.950402;267.89;265.8;4.431056;4.2;;95.1;0.950402;267.89;265.8;4.431056;4.2;;92.6;0.929041;195.1;187.73;5.100608;4.7;;92.6;0.929041;195.1;187.73;5.100608;4.7;;90.1;0.904096;259.22;257.11;5.272167;4.8;;90.1;0.904096;259.22;257.11;5.272167;4.8;;;;;;;;;;;;;;;;;;;;;;;;;;;;;
2;Nordeste;25;PB;Paraíba;2513208;Santa Cruz;74311.872;12495.69;64858.56;10906.1;62328.896;9473.92;4957.39;3223.924;16040.186;35061.372;59282.873;3046.023;Administração, defesa, educação e saúde públicas e seguridade social;Demais serviços;Pecuária, inclusive apoio à pecuária;8;True;92.3;0.924799;281.02;273.05;4.723999;4.4;;92.3;0.924799;281.02;273.05;4.723999;4.4;;99.5;0.995521;221.76;212.94;6.06775;6.0;;99.7;0.996553;226.63;227.2;6.419962;6.4;;96.7;0.967061;257.31;257.58;5.248167;5.1;;93.9;0.938936;241.77;251.16;4.882167;4.6;;100.0;1.0;278.48;266.33;5.746833;5.7;;96.9;0.969;218.11;202.24;5.803548;5.6;;;;;;;;;;;;;;;
2;Nordeste;25;PB;Paraíba;2513307;Santa Helena;84255.792;14365.86;67435.971;11498.03;62386.696;10658.93;11351.262;2764.269;12505.654;33557.437;60178.623;2208.073;Administração, defesa, educação e saúde públicas e seguridade social;Demais serviços;Pecuária, inclusive apoio à pecuária;6;True;88.1;0.869329;286.69;296.92;5.160969;4.5;;88.1;0.869329;286.69;296.92;5.160969;4.5;;100.0;1.0;213.0;206.8;5.788938;5.8;;100.0;1.0;213.0;206.8;5.788938;5.8;;95.8;0.957342;228.02;229.34;4.289333;4.1;;96.3;0.962809;228.02;229.34;4.289333;4.1;;;;;;;;;;;;;;;;;;;;;;;;;;;;;
2;Nordeste;25;PB;Paraíba;2513356;Santa Inês;40015.277;12400.15;37776.306;11706.32;36844.836;10260.33;4508.747;1117.047;6267.547;24028.539;35921.88;922.956;Administração, defesa, educação e saúde públicas e seguridade social;Demais serviços;Pecuária, inclusive apoio à pecuária;7;True;80.0;0.818879;257.02;261.03;4.20698;3.4;;80.0;0.818879;257.02;261.03;4.20698;3.4;;96.9;0.967933;205.54;187.31;5.292208;5.1;;96.9;0.967933;205.54;187.31;5.292208;5.1;;87.2;0.87274;222.22;212.91;3.918833;3.4;;89.7;0.898286;243.09;225.77;4.481;4.0;;77.8;0.789324;209.7;205.19;3.5815;2.8;;;;;;;;;;;;;;;;;;;;;;
2;Nordeste;25;PB;Paraíba;2513406;Santa Luzia;573425.022;38333.11;794095.905;53084.83;372902.523;24104.88;8873.281;158984.567;92740.532;82844.027;343442.408;29460.114;Eletricidade e gás, água, esgoto, atividades de gestão de resíduos e descontaminação;Administração, defesa, educação e saúde públicas e seguridade social;Demais serviços;9;True;90.1;0.906261;267.88;273.85;4.551425;4.1;;91.1;0.911102;259.45;261.94;4.254732;3.9;;100.0;1.0;214.33;196.3;5.623411;5.6;;100.0;1.0;200.41;182.37;5.104489;5.1;;99.0;0.990223;239.7;242.24;4.699;4.7;;99.2;0.992946;228.88;228.78;4.294333;4.3;;98.8;0.987155;249.22;254.09;5.055167;5.0;;100.0;1.0;241.51;223.5;6.636659;6.6;;86.8;0.871106;293.12;309.53;5.440051;4.7;;;;;;;;
2;Nordeste;25;PB;Paraíba;2513505;Santana de Mangueira;60940.205;12163.71;54851.174;10948.34;51163.894;10036.07;6583.221;1988.556;9404.912;31787.493;49764.182;1399.712;Administração, defesa, educação e saúde públicas e seguridade social;Demais serviços;Pecuária, inclusive apoio à pecuária;6;True;92.0;0.919418;260.94;255.85;4.184492;3.8;;92.0;0.919418;260.94;255.85;4.184492;3.8;;93.7;0.937558;202.82;176.16;5.037573;4.7;;93.7;0.937558;202.82;176.16;5.037573;4.7;;88.5;0.885352;249.49;227.33;4.613667;4.1;;87.8;0.87501;249.49;227.33;4.613667;4.0;;;;;;;;;;;;;;;;;;;;;;;;;;;;;
2;Nordeste;25;PB;Paraíba;2513604;Santana dos Garrotes;81501.799;12407.03;75269.182;11458.24;67490.798;9722.1;8528.705;3686.661;13509.423;39046.427;64771.215;2719.583;Administração, defesa, educação e saúde públicas e seguridade social;Demais serviços;Pecuária, inclusive apoio à pecuária;5;True;80.0;0.786202;271.87;272.96;4.594141;3.6;;80.0;0.786202;271.87;272.96;4.594141;3.6;;;;;;;;;;;;;;;;94.0;0.934923;230.8;225.54;4.272333;4.0;;93.8;0.93172;238.0;235.11;4.551833;4.2;;96.4;0.971193;195.39;178.53;2.898667;2.8;;;;;;;;;;;;;;;;;;;;;;
2;Nordeste;25;PB;Paraíba;2513653;Joca Claudino;43129.227;16986.7;35228.395;13874.91;33077.336;12529.29;2125.826;1818.252;7083.216;21026.372;32053.665;1023.671;Administração, defesa, educação e saúde públicas e seguridade social;Demais serviços;Pecuária, inclusive apoio à pecuária;6;True;98.6;0.978442;228.45;249.74;3.636704;3.6;;98.6;0.978442;228.45;249.74;3.636704;3.6;;100.0;1.0;222.69;210.61;6.043135;6.0;;100.0;1.0;222.69;210.61;6.043135;6.0;;97.5;0.973225;249.18;271.37;5.3425;5.2;;97.5;0.973225;249.18;271.37;5.3425;5.2;;;;;;;;;;;;;;;;;;;;;;;;;;;;;
2;Nordeste;25;PB;Paraíba;2513703;Santa Rita;3163543.763;21102.95;2846355.201;18987.09;2580592.377;18687.35;89196.917;567740.974;883696.114;685911.525;2226545.53;354046.847;Administração, defesa, educação e saúde públicas e seguridade social;Demais serviços;Indústrias de transformação;9;True;77.9;0.781225;247.48;255.16;3.985117;3.1;;76.5;0.767583;243.88;251.76;3.883657;3.0;;91.4;0.915087;182.35;176.31;4.649651;4.3;;90.6;0.906902;177.38;171.82;4.473167;4.1;;83.2;0.833256;225.62;240.68;4.438333;3.7;;86.2;0.864677;225.16;238.05;4.386833;3.8;;76.6;0.761247;226.25;244.3;4.509167;3.4;;95.8;0.959239;201.45;193.54;5.327427;5.1;;92.8;0.924467;292.03;297.32;5.241957;4.8;;;;;;;;
2;Nordeste;25;PB;Paraíba;2513802;Santa Teresinha;66909.087;15199.7;62606.928;14222.38;57291.597;12591.56;9070.214;2676.57;12982.009;30096.52;54825.312;2466.285;Administração, defesa, educação e saúde públicas e seguridade social;Demais serviços;Pecuária, inclusive apoio à pecuária;6;True;67.9;0.655497;245.74;258.48;4.01038;2.6;;67.9;0.655497;245.74;258.48;4.01038;2.6;;100.0;1.0;227.23;210.04;6.119412;6.1;;100.0;1.0;227.23;210.04;6.119412;6.1;;95.3;0.951294;237.25;231.14;4.473167;4.3;;95.3;0.951294;237.25;231.14;4.473167;4.3;;;;;;;;;;;;;;;;;;;;;;;;;;;;;
2;Nordeste;25;PB;Paraíba;2513851;Santo André;40211.065;15336.03;34481.858;13150.98;29441.149;11795.33;2844.373;1153.024;6406.843;17850.349;28254.59;1186.559;Administração, defesa, educação e saúde públicas e seguridade social;Demais serviços;Pecuária, inclusive apoio à pecuária;6;True;93.7;0.944335;273.21;284.37;4.783769;4.5;;93.7;0.944335;273.21;284.37;4.783769;4.5;;99.4;0.995728;196.96;181.46;5.022104;5.0;;99.4;0.995728;196.96;181.46;5.022104;5.0;;98.0;0.981086;260.6;268.3;5.481667;5.4;;98.0;0.981086;260.6;268.3;5.481667;5.4;;;;;;;;;;;;;;;;;;;;;;;;;;;;;
2;Nordeste;25;PB;Paraíba;2513901;São Bento;724346.431;22470.81;627756.992;19474.39;568730.73;16413.59;11283.581;59434.303;226864.943;201738.435;499321.263;69409.468;Administração, defesa, educação e saúde públicas e seguridade social;Demais serviços;Comércio e reparação de veículos automotores e motocicletas;7;True;74.2;0.746984;267.96;275.51;4.577399;3.4;;74.2;0.746984;267.96;275.51;4.577399;3.4;;95.2;0.955104;221.7;206.62;5.951696;5.7;;95.2;0.955104;221.7;206.62;5.951696;5.7;;90.0;0.900417;253.83;254.13;5.132667;4.6;;89.9;0.899693;254.96;255.53;5.174833;4.7;;100.0;1.0;229.98;224.32;4.238333;4.2;;;;;;;;;;;;;;;;;;;;;;
2;Nordeste;25;PB;Paraíba;2513927;São Bentinho;64263.648;14851.78;58645.74;13553.44;55646.963;12091.91;5279.541;4454.642;13080.269;28428.0;51242.452;4404.511;Administração, defesa, educação e saúde públicas e seguridade social;Demais serviços;Pecuária, inclusive apoio à pecuária;6;True;96.2;0.963611;271.04;280.36;4.693262;4.5;;96.2;0.963611;271.04;280.36;4.693262;4.5;;99.2;0.992162;252.61;241.49;7.175582;7.1;;99.2;0.992162;252.61;241.49;7.175582;7.1;;96.1;0.961305;245.5;244.36;4.831;4.6;;96.1;0.961305;245.5;244.36;4.831;4.6;;;;;;;;;;;;;;;;;;;;;;;;;;;;;
2;Nordeste;25;PB;Paraíba;2513943;São Domingos do Cariri;39709.47;15361.5;33208.054;12846.44;28820.694;10896.29;2266.111;1585.036;5797.574;18289.559;27938.279;882.415;Administração, defesa, educação e saúde públicas e seguridade social;Demais serviços;Pecuária, inclusive apoio à pecuária;6;True;98.0;0.979764;286.72;282.36;4.943427;4.8;;98.0;0.979764;286.72;282.36;4.943427;4.8;;100.0;1.0;279.55;257.02;7.972067;8.0;;100.0;1.0;279.55;257.02;7.972067;8.0;;100.0;1.0;289.35;295.42;6.412833;6.4;;100.0;1.0;289.35;295.42;6.412833;6.4;;;;;;;;;;;;;;;;;;;;;;;;;;;;;
2;Nordeste;25;PB;Paraíba;2513968;São Domingos;44068.497;16982.08;39036.43;15042.94;36270.156;11628.78;5313.357;1875.101;6303.649;21273.613;34765.72;1504.435;Administração, defesa, educação e saúde públicas e seguridade social;Demais serviços;Pecuária, inclusive apoio à pecuária;6;True;97.6;0.981686;270.44;293.45;4.880793;4.8;;97.6;0.981686;270.44;293.45;4.880793;4.8;;91.0;0.91458;215.33;203.99;5.782313;5.3;;91.0;0.91458;215.33;203.99;5.782313;5.3;;78.7;0.784308;269.7;268.28;5.633;4.4;;78.7;0.784308;269.7;268.28;5.633;4.4;;;;;;;;;;;;;;;;;;;;;;;;;;;;;
2;Nordeste;25;PB;Paraíba;2513984;São Francisco;48446.698;15443.64;42733.037;13622.26;39305.466;11639.17;3797.384;1830.072;9583.584;21859.096;37070.135;2235.331;Administração, defesa, educação e saúde públicas e seguridade social;Demais serviços;Pecuária, inclusive apoio à pecuária;6;True;91.8;0.921977;279.94;266.32;4.608082;4.2;;91.8;0.921977;279.94;266.32;4.608082;4.2;;98.3;0.98323;249.27;228.19;6.870023;6.8;;98.3;0.98323;249.27;228.19;6.870023;6.8;;94.9;0.94277;272.38;269.38;5.696;5.4;;94.9;0.94277;272.38;269.38;5.696;5.4;;;;;;;;;;;;;;;;;;;;;;;;;;;;;
2;Nordeste;25;PB;Paraíba;2514008;São João do Cariri;71554.611;16932.0;61607.599;14578.23;55475.906;13303.57;9836.467;2651.017;12329.11;28286.883;53103.476;2372.43;Administração, defesa, educação e saúde públicas e seguridade social;Demais serviços;Pecuária, inclusive apoio à pecuária;6;True;93.2;0.931752;248.21;251.78;3.944771;3.7;;93.2;0.931752;248.21;251.78;3.944771;3.7;;100.0;1.0;214.65;202.87;5.748972;5.7;;100.0;1.0;214.65;202.87;5.748972;5.7;;97.1;0.97013;239.36;255.6;4.916;4.8;;95.8;0.957511;239.36;255.6;4.916;4.7;;;;;;;;;;;;;;;;;;;;;;;;;;;;;
2;Nordeste;25;PB;Paraíba;2514107;São João do Tigre;51496.027;12079.76;45782.117;10739.41;41003.915;9302.16;4425.973;1174.288;7563.784;26607.243;39771.287;1232.627;Administração, defesa, educação e saúde públicas e seguridade social;Demais serviços;Pecuária, inclusive apoio à pecuária;6;True;94.0;0.943043;264.4;239.21;3.983985;3.8;;94.0;0.943043;264.4;239.21;3.983985;3.8;;92.9;0.924691;200.69;184.03;5.140015;4.8;;92.9;0.924691;200.69;184.03;5.140015;4.8;;90.1;0.891776;259.72;248.98;5.145;4.6;;90.1;0.891776;259.72;248.98;5.145;4.6;;;;;;;;;;;;;;;;;;;;;;;;;;;;;
2;Nordeste;25;PB;Paraíba;2514206;São José da Lagoa Tapada;87268.516;12246.49;78660.671;11038.54;72191.667;9471.49;8923.552;4044.098;15844.411;39892.605;68704.666;3487.001;Administração, defesa, educação e saúde públicas e seguridade social;Demais serviços;Pecuária, inclusive apoio à pecuária;7;True;98.2;0.980377;285.77;265.41;4.676341;4.6;;98.2;0.980377;285.77;265.41;4.676341;4.6;;98.8;0.988507;219.5;201.38;5.814439;5.7;;98.8;0.988507;219.5;201.38;5.814439;5.7;;90.5;0.905006;262.13;264.87;5.45;4.9;;90.0;0.905006;267.57;272.47;5.667333;5.1;;97.0;0.97;251.42;249.88;5.021667;4.9;;;;;;;;;;;;;;;;;;;;;;
2;Nordeste;25;PB;Paraíba;2514305;São José de Caiana;63973.028;12708.19;55327.566;10990.78;55708.444;8712.61;4645.021;2234.796;10155.902;36809.929;53845.647;1862.797;Administração, defesa, educação e saúde públicas e seguridade social;Demais serviços;Pecuária, inclusive apoio à pecuária;7;True;90.4;0.907801;238.73;228.08;3.456835;3.1;;90.4;0.907801;238.73;228.08;3.456835;3.1;;97.4;0.974391;242.65;227.15;6.724778;6.6;;97.4;0.974391;242.65;227.15;6.724778;6.6;;91.3;0.917084;244.43;244.54;4.816167;4.4;;90.8;0.916951;245.42;249.48;4.915;4.5;;95.6;0.956703;241.78;231.44;4.553667;4.4;;;;;;;;;;;;;;;;;;;;;;
2;Nordeste;25;PB;Paraíba;2514404;São José de Espinharas;66469.263;16279.52;58222.661;14259.77;55035.239;11884.09;14035.82;2191.505;8506.694;28836.668;53570.687;1464.552;Administração, defesa, educação e saúde públicas e seguridade social;Pecuária, inclusive apoio à pecuária;Demais serviços;5;True;;;;;;;;;;;;;;;100.0;1.0;216.12;202.2;5.764844;5.8;;100.0;1.0;216.12;202.2;5.764844;5.8;;98.1;0.982852;237.57;238.93;4.608333;4.5;;97.9;0.980095;249.02;247.79;4.946833;4.8;;100.0;1.0;216.21;222.39;3.976667;4.0;;;;;;;;;;;;;;;;;;;;;;
2;Nordeste;25;PB;Paraíba;2514453;São José dos Ramos;78200.07;13274.5;69570.837;11809.68;86773.086;14373.54;6116.59;29249.654;13449.242;36086.026;84901.512;1871.574;Administração, defesa, educação e saúde públicas e seguridade social;Construção;Demais serviços;7;True;98.7;0.98725;237.79;244.79;3.693782;3.6;;100.0;1.0;236.7;244.57;3.67518;3.7;;97.2;0.972802;188.42;190.86;5.030036;4.9;;97.2;0.972802;188.42;190.86;5.030036;4.9;;88.9;0.887051;215.11;234.66;4.162833;3.7;;88.9;0.887051;215.11;234.66;4.162833;3.7;;;;;;;;;;;;;;;;;;;;;;;95.9;0.96471;242.27;245.71;3.770476;3.6;
2;Nordeste;25;PB;Paraíba;2514503;São José de Piranhas;289436.757;15179.98;255978.31;13425.2;230936.31;11317.08;17526.069;14258.939;73005.32;111631.565;216421.893;14514.417;Administração, defesa, educação e saúde públicas e seguridade social;Demais serviços;Comércio e reparação de veículos automotores e motocicletas;6;True;81.2;0.818163;253.76;264.47;4.212691;3.4;;81.2;0.818163;253.76;264.47;4.212691;3.4;;98.7;0.986838;217.1;204.32;5.822092;5.7;;98.7;0.986838;217.1;204.32;5.822092;5.7;;84.6;0.842929;245.58;238.84;4.740333;4.0;;84.6;0.842929;245.58;238.84;4.740333;4.0;;;;;;;;;;;;;;;;;;;;;;;;;;;;;
2;Nordeste;25;PB;Paraíba;2514552;São José de Princesa;43362.375;12693.9;37035.925;10841.9;34093.356;8746.37;7399.287;814.254;5195.262;19476.268;32885.071;1208.284;Administração, defesa, educação e saúde públicas e seguridade social;Demais serviços;Pecuária, inclusive apoio à pecuária;4;True;93.8;0.941644;278.91;262.79;4.540772;4.3;;93.8;0.941644;278.91;262.79;4.540772;4.3;;;;;;;;;;;;;;;;93.2;0.93479;271.21;271.4;5.710167;5.3;;;;;;;;;95.8;0.949309;271.21;271.4;5.710167;5.4;;;;;;;;;;;;;;;;;;;;;;
2;Nordeste;25;PB;Paraíba;2514602;São José do Bonfim;41022.329;12653.4;35043.273;10809.15;32491.339;8977.99;2424.159;1548.501;6905.705;20144.06;31022.425;1468.915;Administração, defesa, educação e saúde públicas e seguridade social;Demais serviços;Pecuária, inclusive apoio à pecuária;6;True;98.9;0.988404;257.94;244.61;3.974093;3.9;;98.9;0.988404;257.94;244.61;3.974093;3.9;;95.3;0.95309;203.37;185.14;5.211341;5.0;;95.3;0.95309;203.37;185.14;5.211341;5.0;;91.1;0.910273;233.91;235.04;4.4825;4.1;;91.1;0.910273;233.91;235.04;4.4825;4.1;;;;;;;;;;;;;;;;;;;;;;;;;;;;;
2;Nordeste;25;PB;Paraíba;2514651;São José do Brejo do Cruz;36303.497;21367.57;32475.56;19114.51;29166.476;16016.74;5008.563;1143.605;5784.494;16418.0;28354.662;811.814;Administração, defesa, educação e saúde públicas e seguridade social;Demais serviços;Pecuária, inclusive apoio à pecuária;4;True;98.0;0.982759;266.31;274.92;4.545392;4.5;;98.0;0.982759;266.31;274.92;4.545392;4.5;;;;;;;;;;;;;;;;87.2;0.871881;247.56;250.54;4.968333;4.3;;87.2;0.871881;247.56;250.54;4.968333;4.3;;;;;;;;;;;;;;;;;;;;;;;;;;;;;
2;Nordeste;25;PB;Paraíba;2514701;São José do Sabugi;129590.582;31317.2;279771.8;67610.39;125303.005;30171.68;6658.417;71524.115;12814.532;26162.246;117159.31;8143.695;Eletricidade e gás, água, esgoto, atividades de gestão de resíduos e descontaminação;Administração, defesa, educação e saúde públicas e seguridade social;Demais serviços;6;True;84.4;0.847496;263.46;260.33;4.286951;3.6;;84.4;0.847496;263.46;260.33;4.286951;3.6;;100.0;1.0;212.23;204.77;5.737334;5.7;;100.0;1.0;212.23;204.77;5.737334;5.7;;98.6;0.986472;228.68;216.81;4.0915;4.0;;98.6;0.986472;228.68;216.81;4.0915;4.0;;;;;;;;;;;;;;;;;;;;;;;;;;;;;
2;Nordeste;25;PB;Paraíba;2514800;São José dos Cordeiros;44794.6;13132.4;40204.106;11786.6;37037.158;10268.13;3621.983;2901.84;7805.173;21056.249;35385.246;1651.911;Administração, defesa, educação e saúde públicas e seguridade social;Demais serviços;Pecuária, inclusive apoio à pecuária;6;True;93.2;0.945676;266.12;273.17;4.516526;4.3;;93.2;0.945676;266.12;273.17;4.516526;4.3;;97.7;0.977812;215.23;203.08;5.763859;5.6;;97.7;0.977812;215.23;203.08;5.763859;5.6;;88.7;0.883961;246.8;244.6;4.856667;4.3;;;;;;;;;100.0;1.0;246.8;244.6;4.856667;4.9;;;;;;;;;;;;;;;;;;;;;;
2;Nordeste;25;PB;Paraíba;2514909;São Mamede;101240.525;13552.95;130821.271;17512.89;82590.795;10751.21;11360.996;5680.073;19232.361;41685.424;77958.854;4631.941;Administração, defesa, educação e saúde públicas e seguridade social;Demais serviços;Pecuária, inclusive apoio à pecuária;7;True;98.9;0.989613;291.73;286.66;5.078163;5.0;;98.9;0.989613;291.73;286.66;5.078163;5.0;;97.0;0.971992;201.14;190.41;5.264602;5.1;;97.0;0.971992;201.14;190.41;5.264602;5.1;;87.4;0.878945;257.76;260.4;5.302667;4.7;;89.0;0.890637;256.38;252.17;5.1425;4.6;;85.1;0.855957;259.68;271.84;5.525333;4.7;;;;;;;;;;;;;;;;;;;;;;
2;Nordeste;25;PB;Paraíba;2515005;São Miguel de Taipu;122551.23;17343.79;98866.982;13991.93;82966.342;11136.42;21895.637;3140.189;13593.604;40451.336;79080.767;3885.576;Administração, defesa, educação e saúde públicas e seguridade social;Demais serviços;Produção florestal, pesca e aquicultura;6;True;97.8;0.977622;245.91;253.46;3.937618;3.8;;97.8;0.977622;245.91;253.46;3.937618;3.8;;93.5;0.932743;174.25;170.2;4.38398;4.1;;93.3;0.930923;174.25;170.2;4.38398;4.1;;87.6;0.877197;208.14;217.12;3.754333;3.3;;85.4;0.85576;208.14;217.12;3.754333;3.2;;;;;;;;;;;;;;;;;;;;;;;;;;;;;
2;Nordeste;25;PB;Paraíba;2515104;São Sebastião de Lagoa de Roça;133992.679;12137.02;114293.838;10352.7;106030.506;8990.97;12583.526;4884.606;22499.349;61465.482;101432.963;4597.544;Administração, defesa, educação e saúde públicas e seguridade social;Demais serviços;Agricultura, inclusive apoio à agricultura e a pós colheita;7;True;80.4;0.798865;252.56;259.67;4.123981;3.3;;80.4;0.798865;252.56;259.67;4.123981;3.3;;90.0;0.901533;219.31;206.02;5.895176;5.3;;90.0;0.901533;219.31;206.02;5.895176;5.3;;88.0;0.880518;245.77;252.35;4.968667;4.4;;89.0;0.896966;242.53;252.5;4.917167;4.4;;86.4;0.843288;248.83;252.21;5.017333;4.2;;;;;;;;;;;;;;;;;;;;;;
2;Nordeste;25;PB;Paraíba;2515203;São Sebastião do Umbuzeiro;46471.719;14172.53;40190.926;12257.07;40497.124;11459.29;6336.733;1362.491;8723.954;22459.483;38882.66;1614.464;Administração, defesa, educação e saúde públicas e seguridade social;Demais serviços;Pecuária, inclusive apoio à pecuária;6;True;91.8;0.941964;254.21;256.35;4.097454;3.9;;91.8;0.941964;254.21;256.35;4.097454;3.9;;98.7;0.989611;230.87;223.41;6.431969;6.4;;98.7;0.989611;230.87;223.41;6.431969;6.4;;93.8;0.92879;243.8;236.52;4.672;4.3;;93.8;0.92879;243.8;236.52;4.672;4.3;;;;;;;;;;;;;;;;;;;;;;;;;;;;;
2;Nordeste;25;PB;Paraíba;2515302;Sapé;852470.983;16615.42;766290.394;14935.69;677858.353;12795.33;53940.265;37120.555;250058.548;275255.565;616374.933;61483.42;Administração, defesa, educação e saúde públicas e seguridade social;Demais serviços;Comércio e reparação de veículos automotores e motocicletas;7;True;85.1;0.85321;251.35;256.27;4.056088;3.5;;85.1;0.85321;251.35;256.27;4.056088;3.5;;97.7;0.977853;177.53;168.92;4.423303;4.3;;97.7;0.977853;177.53;168.92;4.423303;4.3;;73.8;0.736186;230.43;234.44;4.4145;3.2;;76.4;0.762654;236.86;238.6;4.591;3.5;;69.0;0.680839;219.68;227.48;4.119333;2.8;;;;;;;;;;;;;;;;;;;;;;
2;Nordeste;25;PB;Paraíba;2515401;São Vicente do Seridó;112002.676;10883.56;98023.67;9525.18;90035.124;8245.73;4335.908;3189.788;19129.448;60074.389;86729.532;3305.591;Administração, defesa, educação e saúde públicas e seguridade social;Demais serviços;Comércio e reparação de veículos automotores e motocicletas;7;True;96.1;0.962164;260.65;262.0;4.272485;4.1;;96.1;0.962164;260.65;262.0;4.272485;4.1;;99.1;0.992374;210.46;201.56;5.645192;5.6;;99.1;0.992374;210.46;201.56;5.645192;5.6;;84.2;0.843891;247.7;242.95;4.844167;4.1;;84.6;0.853198;261.56;245.72;5.121333;4.4;;83.4;0.826465;235.7;240.56;4.604333;3.8;;;;;;;;;;;;;;;;;;;;;;
2;Nordeste;25;PB;Paraíba;2515500;Serra Branca;187052.161;13739.69;160559.51;11793.71;148075.963;10724.7;6894.329;7421.294;49710.222;74002.823;138028.668;10047.295;Administração, defesa, educação e saúde públicas e seguridade social;Demais serviços;Comércio e reparação de veículos automotores e motocicletas;7;True;94.5;0.94781;266.55;270.56;4.483493;4.2;;94.5;0.94781;266.55;270.56;4.483493;4.2;;99.5;0.994957;205.31;197.54;5.473819;5.4;;99.5;0.994957;205.31;197.54;5.473819;5.4;;94.0;0.936756;233.48;234.32;4.463333;4.2;;92.9;0.927642;235.69;238.77;4.574333;4.2;;97.0;0.968378;229.34;225.95;4.254833;4.1;;;;;;;;;;;;;;;;;;;;;;
2;Nordeste;25;PB;Paraíba;2515609;Serra da Raiz;47507.443;15354.7;41752.965;13494.82;37106.652;11916.07;4387.226;1700.904;7495.405;22242.484;35826.02;1280.632;Administração, defesa, educação e saúde públicas e seguridade social;Demais serviços;Agricultura, inclusive apoio à agricultura e a pós colheita;7;True;94.9;0.951102;238.29;253.98;3.83838;3.7;;94.9;0.951102;238.29;253.98;3.83838;3.7;;98.4;0.985877;172.81;163.88;4.24159;4.2;;98.4;0.985877;172.81;163.88;4.24159;4.2;;88.9;0.885688;239.51;244.05;4.726;4.2;;95.0;0.942121;246.64;245.91;4.875833;4.6;;74.1;0.713466;230.6;241.72;4.538667;3.2;;;;;;;;;;;;;;;;;;;;;;
2;Nordeste;25;PB;Paraíba;2515708;Serra Grande;40405.738;13734.11;36499.753;12406.44;33250.514;11383.26;2384.841;1546.501;7554.159;20535.819;32021.319;1229.195;Administração, defesa, educação e saúde públicas e seguridade social;Demais serviços;Pecuária, inclusive apoio à pecuária;6;True;91.5;0.909575;253.96;257.67;4.113703;3.7;;91.5;0.909575;253.96;257.67;4.113703;3.7;;93.9;0.931139;257.71;242.31;7.287819;6.8;;93.9;0.931139;257.71;242.31;7.287819;6.8;;90.0;0.904946;276.81;277.32;5.902167;5.3;;90.0;0.904946;276.81;277.32;5.902167;5.3;;;;;;;;;;;;;;;;;;;;;;;;;;;;;
2;Nordeste;25;PB;Paraíba;2515807;Serra Redonda;74714.691;10942.4;65848.029;9643.82;71257.905;10178.25;6031.565;9868.61;13922.641;38216.644;68039.46;3218.445;Administração, defesa, educação e saúde públicas e seguridade social;Demais serviços;Indústrias de transformação;4;True;;;;;;;;;;;;;;;91.2;0.916151;189.06;182.73;4.894432;4.5;;91.2;0.916151;189.06;182.73;4.894432;4.5;;73.2;0.731241;222.37;231.16;4.2255;3.1;;68.4;0.701246;208.78;224.87;3.894167;2.7;;;;;;;;;;;;;;;;;;;;;;;;;;;;;
2;Nordeste;25;PB;Paraíba;2515906;Serraria;79578.973;16290.48;70089.019;14347.8;67797.776;11230.38;19576.034;2250.66;9781.58;34484.454;66092.729;1705.047;Administração, defesa, educação e saúde públicas e seguridade social;Agricultura, inclusive apoio à agricultura e a pós colheita;Demais serviços;7;True;96.3;0.969214;264.06;283.65;4.64448;4.5;;96.3;0.969214;264.06;283.65;4.64448;4.5;;93.2;0.934661;173.41;163.87;4.252858;4.0;;93.2;0.934661;173.41;163.87;4.252858;4.0;;82.9;0.813806;230.52;232.74;4.387667;3.6;;80.6;0.780397;235.74;248.25;4.733167;3.7;;87.7;0.844499;228.59;226.99;4.259667;3.6;;;;;;;;;;;;;;;;;;;;;;
2;Nordeste;25;PB;Paraíba;2515930;Sertãozinho;71174.834;14082.87;60561.467;11982.88;55027.005;10680.71;7763.929;3019.931;11585.018;30224.946;52593.824;2433.181;Administração, defesa, educação e saúde públicas e seguridade social;Demais serviços;Pecuária, inclusive apoio à pecuária;7;True;97.2;0.968832;258.76;277.29;4.474832;4.3;;97.2;0.968832;258.76;277.29;4.474832;4.3;;95.4;0.949187;191.06;178.41;4.854054;4.6;;95.4;0.949187;191.06;178.41;4.854054;4.6;;87.6;0.873137;227.05;231.71;4.312667;3.8;;88.0;0.878473;228.24;234.11;4.3725;3.8;;85.2;0.860429;223.38;224.32;4.128333;3.6;;;;;;;;;;;;;;;;;;;;;;
2;Nordeste;25;PB;Paraíba;2515971;Sobrado;135261.631;16423.22;121745.338;14782.1;113089.087;14415.43;14061.47;5459.233;37405.807;45273.505;102200.015;10889.071;Administração, defesa, educação e saúde públicas e seguridade social;Demais serviços;Comércio e reparação de veículos automotores e motocicletas;6;True;91.9;0.930889;254.59;269.35;4.297402;4.0;;91.9;0.930889;254.59;269.35;4.297402;4.0;;92.0;0.919818;179.34;173.02;4.53239;4.2;;92.0;0.919818;179.34;173.02;4.53239;4.2;;80.7;0.803212;225.78;228.67;4.240833;3.4;;80.7;0.803212;225.78;228.67;4.240833;3.4;;;;;;;;;;;;;;;;;;;;;;;;;;;;;
2;Nordeste;25;PB;Paraíba;2516003;Solânea;428474.553;16003.38;381992.668;14267.3;353670.151;13576.07;14042.134;20164.87;143754.646;138096.262;316057.912;37612.239;Administração, defesa, educação e saúde públicas e seguridade social;Demais serviços;Comércio e reparação de veículos automotores e motocicletas;6;True;72.3;0.729103;258.43;255.14;4.13861;3.0;;72.3;0.729103;258.43;255.14;4.13861;3.0;;93.3;0.935536;209.32;197.51;5.5498;5.2;;93.3;0.935536;209.32;197.51;5.5498;5.2;;80.9;0.809992;228.45;235.23;4.394667;3.6;;;;;;;;;73.4;0.698738;224.44;239.08;4.392;3.1;;;;;;;;;;;;;;;;;;;;;;
2;Nordeste;25;PB;Paraíba;2516102;Soledade;319642.968;22883.95;299841.398;21466.31;253441.169;16661.7;26851.685;17967.846;107516.509;83304.932;235640.972;17800.197;Demais serviços;Administração, defesa, educação e saúde públicas e seguridade social;Pecuária, inclusive apoio à pecuária;6;True;85.1;0.856917;261.82;271.18;4.426342;3.8;;85.1;0.856917;261.82;271.18;4.426342;3.8;;97.0;0.970443;198.94;181.82;5.066436;4.9;;97.0;0.970443;198.94;181.82;5.066436;4.9;;89.9;0.89947;228.54;231.36;4.331667;3.9;;89.9;0.89947;228.54;231.36;4.331667;3.9;;;;;;;;;;;;;;;;;;;;;;;;;;;;;
2;Nordeste;25;PB;Paraíba;2516151;Sossêgo;47774.606;14282.39;42450.018;12690.59;38788.519;10682.6;1778.5;1169.031;8958.385;25394.716;37300.631;1487.888;Administração, defesa, educação e saúde públicas e seguridade social;Demais serviços;Comércio e reparação de veículos automotores e motocicletas;6;True;86.9;0.880321;276.89;290.09;4.921083;4.3;;86.9;0.880321;276.89;290.09;4.921083;4.3;;96.4;0.967021;227.33;204.36;6.018048;5.8;;96.4;0.967021;227.33;204.36;6.018048;5.8;;90.5;0.90884;254.57;258.57;5.219;4.7;;90.5;0.90884;254.57;258.57;5.219;4.7;;;;;;;;;;;;;;;;;;;;;;;;;;;;;
2;Nordeste;25;PB;Paraíba;2516201;Sousa;1714769.851;25495.02;1466568.229;21804.79;1320172.533;18860.42;48495.286;148523.689;600178.349;338497.607;1135694.931;184477.602;Demais serviços;Administração, defesa, educação e saúde públicas e seguridade social;Comércio e reparação de veículos automotores e motocicletas;9;True;91.6;0.919789;275.02;281.56;4.767125;4.4;;90.9;0.913884;272.68;280.48;4.718092;4.3;;98.6;0.986366;228.52;216.33;6.258394;6.2;;98.5;0.985543;231.49;217.38;6.334164;6.2;;88.9;0.889012;249.74;253.93;5.061167;4.5;;92.8;0.930324;263.29;269.68;5.5495;5.2;;86.6;0.862367;244.62;247.98;4.876667;4.2;;98.8;0.98733;212.69;210.71;5.854113;5.8;;96.0;0.958362;288.47;287.79;5.049293;4.8;;;;;;;;
2;Nordeste;25;PB;Paraíba;2516300;Sumé;255600.848;14889.95;226700.088;13206.34;201612.557;11792.97;16300.618;13986.715;66146.778;88063.626;184497.737;17114.82;Administração, defesa, educação e saúde públicas e seguridade social;Demais serviços;Comércio e reparação de veículos automotores e motocicletas;6;True;77.0;0.771481;274.56;277.55;4.700634;3.6;;77.0;0.771481;274.56;277.55;4.700634;3.6;;98.2;0.980533;209.05;205.41;5.688284;5.6;;98.2;0.980533;209.05;205.41;5.688284;5.6;;96.3;0.964666;254.54;266.87;5.356833;5.2;;96.3;0.964666;254.54;266.87;5.356833;5.2;;;;;;;;;;;;;;;;;;;;;;;;;;;;;
2;Nordeste;25;PB;Paraíba;2516409;Tacima;106669.944;13317.1;94201.532;11760.49;91865.362;8333.21;10360.27;2338.14;18323.412;57466.354;88488.177;3377.185;Administração, defesa, educação e saúde públicas e seguridade social;Demais serviços;Pecuária, inclusive apoio à pecuária;7;True;80.3;0.822072;277.31;274.49;4.693449;3.9;;80.3;0.822072;277.31;274.49;4.693449;3.9;;99.3;0.992361;196.52;187.02;5.114798;5.1;;99.3;0.992361;196.52;187.02;5.114798;5.1;;87.3;0.873115;224.76;219.51;4.071167;3.6;;92.3;0.922637;219.84;219.48;3.988667;3.7;;73.2;0.725418;232.4;219.55;4.199167;3.0;;;;;;;;;;;;;;;;;;;;;;
2;Nordeste;25;PB;Paraíba;2516508;Taperoá;169781.047;12068.6;150681.798;10710.96;139501.419;8997.19;16213.774;6996.55;31296.457;79123.107;133629.888;5871.531;Administração, defesa, educação e saúde públicas e seguridade social;Demais serviços;Pecuária, inclusive apoio à pecuária;7;True;84.1;0.842654;265.7;277.62;4.577244;3.9;;84.1;0.842654;265.7;277.62;4.577244;3.9;;98.4;0.98294;192.55;179.79;4.90758;4.8;;98.4;0.98294;192.55;179.79;4.90758;4.8;;92.3;0.92216;235.3;241.41;4.611833;4.3;;94.8;0.94009;230.94;242.19;4.552167;4.3;;87.4;0.891683;237.45;241.03;4.641333;4.1;;;;;;;;;;;;;;;;;;;;;;
2;Nordeste;25;PB;Paraíba;2516607;Tavares;167332.902;11866.74;154106.12;10928.74;140211.081;9479.49;12132.654;6711.879;33604.863;80805.531;133254.927;6956.154;Administração, defesa, educação e saúde públicas e seguridade social;Demais serviços;Pecuária, inclusive apoio à pecuária;5;True;;;;;;;;;;;;;;;98.3;0.983775;217.42;205.85;5.856017;5.8;;98.3;0.983775;217.42;205.85;5.856017;5.8;;89.8;0.899836;251.97;250.51;5.041333;4.5;;89.6;0.899194;249.37;244.88;4.904167;4.4;;100.0;1.0;262.37;272.99;5.589333;5.6;;;;;;;;;;;;;;;;;;;;;;
2;Nordeste;25;PB;Paraíba;2516706;Teixeira;222478.776;15205.99;188082.159;12855.04;169461.384;11052.07;19488.144;10863.055;45817.426;85098.551;161267.177;8194.207;Administração, defesa, educação e saúde públicas e seguridade social;Demais serviços;Agricultura, inclusive apoio à agricultura e a pós colheita;7;True;80.2;0.808167;279.13;292.07;4.982185;4.0;;80.2;0.808167;279.13;292.07;4.982185;4.0;;99.7;0.996374;205.53;197.67;5.480381;5.5;;99.7;0.996374;205.53;197.67;5.480381;5.5;;89.1;0.889978;229.64;231.42;4.351;3.9;;94.5;0.943262;233.45;234.86;4.471833;4.2;;78.8;0.766828;225.2;227.41;4.210167;3.2;;;;;;;;;;;;;;;;;;;;;;
2;Nordeste;25;PB;Paraíba;2516755;Tenório;40231.265;13564.15;36698.682;12373.12;34674.924;11174.65;2392.614;2660.856;7403.9;20746.128;33203.498;1471.426;Administração, defesa, educação e saúde públicas e seguridade social;Demais serviços;Indústrias extrativas;6;True;91.1;0.912909;260.53;268.19;4.363464;4.0;;91.1;0.912909;260.53;268.19;4.363464;4.0;;97.4;0.975964;190.5;176.53;4.809185;4.7;;97.4;0.975964;190.5;176.53;4.809185;4.7;;87.3;0.874941;226.45;236.06;4.375167;3.8;;87.3;0.874941;226.45;236.06;4.375167;3.8;;;;;;;;;;;;;;;;;;;;;;;;;;;;;
2;Nordeste;25;PB;Paraíba;2516805;Triunfo;121796.408;12312.62;102133.639;10324.87;87702.477;9258.15;9613.415;3413.375;21262.964;49149.983;83439.737;4262.74;Administração, defesa, educação e saúde públicas e seguridade social;Demais serviços;Pecuária, inclusive apoio à pecuária;7;True;95.3;0.954438;263.57;261.18;4.30122;4.1;;95.3;0.954438;263.57;261.18;4.30122;4.1;;99.6;0.995976;214.19;194.1;5.580739;5.6;;99.6;0.995976;214.19;194.1;5.580739;5.6;;85.6;0.856779;245.56;251.51;4.951167;4.2;;85.0;0.856737;237.52;250.98;4.808333;4.1;;90.4;0.908875;262.98;252.67;5.260833;4.8;;;;;;;;;;;;;;;;;;;;;;
2;Nordeste;25;PB;Paraíba;2516904;Uiraúna;245509.735;16444.05;219080.488;14673.84;193070.808;12572.99;10424.853;9357.598;74775.514;83405.241;177963.206;15107.601;Administração, defesa, educação e saúde públicas e seguridade social;Demais serviços;Comércio e reparação de veículos automotores e motocicletas;7;True;83.2;0.837573;240.24;252.85;3.848851;3.2;;83.2;0.837573;240.24;252.85;3.848851;3.2;;97.4;0.974221;194.05;186.1;5.050933;4.9;;97.4;0.973215;190.16;179.84;4.862879;4.7;;81.3;0.813002;237.32;239.07;4.6065;3.7;;87.8;0.879058;234.98;238.07;4.550833;4.0;;67.7;0.656657;241.77;240.97;4.712333;3.1;;;;;;;;;;;;;;;;;;;;;;
2;Nordeste;25;PB;Paraíba;2517001;Umbuzeiro;118557.079;12993.98;95803.915;10500.21;91269.936;9206.17;9467.448;2949.482;18011.191;57628.584;88056.705;3213.231;Administração, defesa, educação e saúde públicas e seguridade social;Demais serviços;Pecuária, inclusive apoio à pecuária;6;True;95.2;0.959172;259.85;247.53;4.044632;3.9;;95.2;0.959172;259.85;247.53;4.044632;3.9;;99.2;0.991832;227.05;212.74;6.165068;6.1;;99.2;0.991832;227.05;212.74;6.165068;6.1;;95.9;0.957701;237.94;246.12;4.734333;4.5;;95.9;0.957701;237.94;246.12;4.734333;4.5;;;;;;;;;;;;;;;;;;;;;;;;;;;;;
2;Nordeste;25;PB;Paraíba;2517100;Várzea;46408.077;17394.33;41254.581;15462.74;37673.128;13126.53;5317.595;2205.718;7903.573;20789.148;36216.035;1457.093;Administração, defesa, educação e saúde públicas e seguridade social;Demais serviços;Pecuária, inclusive apoio à pecuária;6;True;100.0;1.0;281.48;284.16;4.896777;4.9;;100.0;1.0;281.48;284.16;4.896777;4.9;;98.7;0.981298;262.13;236.83;7.272534;7.1;;98.7;0.981298;262.13;236.83;7.272534;7.1;;97.8;0.976571;259.47;247.74;5.120167;5.0;;97.8;0.976571;259.47;247.74;5.120167;5.0;;;;;;;;;;;;;;;;;;;;;;;;;;;;;
2;Nordeste;25;PB;Paraíba;2517209;Vieirópolis;59242.478;12179.79;49371.042;10150.3;52850.64;9796.23;4882.405;5209.317;10697.168;29963.913;50752.802;2097.837;Administração, defesa, educação e saúde públicas e seguridade social;Demais serviços;Pecuária, inclusive apoio à pecuária;6;True;100.0;1.0;286.38;272.53;4.791496;4.8;;100.0;1.0;286.38;272.53;4.791496;4.8;;100.0;1.0;238.22;225.14;6.60369;6.6;;100.0;1.0;238.22;225.14;6.60369;6.6;;100.0;1.0;266.49;270.58;5.617833;5.6;;100.0;1.0;266.49;270.58;5.617833;5.6;;;;;;;;;;;;;;;;;;;;;;;;;;;;;
2;Nordeste;25;PB;Paraíba;2517407;Zabelê;35337.319;15860.56;30160.835;13537.18;27047.587;11920.49;2868.529;1044.96;5994.015;16127.331;26034.835;1012.751;Administração, defesa, educação e saúde públicas e seguridade social;Demais serviços;Pecuária, inclusive apoio à pecuária;4;True;;;;;;;;;;;;;;;100.0;1.0;228.04;217.32;6.267234;6.3;;100.0;1.0;228.04;217.32;6.267234;6.3;;94.7;0.945574;241.15;248.72;4.831167;4.6;;94.7;0.945574;241.15;248.72;4.831167;4.6;;;;;;;;;;;;;;;;;;;;;;;;;;;;;
