region_code;region_name;state_code;state_abbr;state_name;city_code;city_name;gdp_2023_current_prices_thousand_reais;gdp_per_capita_2023_current_reais;gdp_2022_current_prices_thousand_reais;gdp_per_capita_2022_current_reais;gdp_2021_current_prices_thousand_reais;gdp_per_capita_2021_current_reais;gross_value_added_agriculture_2021_current_prices_thousand_reais;gross_value_added_industry_2021_current_prices_thousand_reais;gross_value_added_services_2021_current_prices_thousand_reais;gross_value_added_public_administration_2021_current_prices_thousand_reais;gross_value_added_total_2021_current_prices_thousand_reais;taxes_less_subsidies_2021_current_prices_thousand_reais;main_economic_activity_2021;second_main_economic_activity_2021;third_main_economic_activity_2021;total_school_records;has_any_school_record;approval_rate_publica_medio_todos_1_4;performance_indicator_publica_medio_todos_1_4;saeb_math_score_publica_medio_todos_1_4;saeb_portuguese_score_publica_medio_todos_1_4;saeb_standardized_average_score_publica_medio_todos_1_4;ideb_publica_medio_todos_1_4;ideb_projection_publica_medio_todos_1_4;approval_rate_estadual_medio_todos_1_4;performance_indicator_estadual_medio_todos_1_4;saeb_math_score_estadual_medio_todos_1_4;saeb_portuguese_score_estadual_medio_todos_1_4;saeb_standardized_average_score_estadual_medio_todos_1_4;ideb_estadual_medio_todos_1_4;ideb_projection_estadual_medio_todos_1_4;approval_rate_municipal_fundamental_finais_6_9;performance_indicator_municipal_fundamental_finais_6_9;saeb_math_score_municipal_fundamental_finais_6_9;saeb_portuguese_score_municipal_fundamental_finais_6_9;saeb_standardized_average_score_municipal_fundamental_finais_6_9;ideb_municipal_fundamental_finais_6_9;ideb_projection_municipal_fundamental_finais_6_9;approval_rate_publica_fundamental_finais_6_9;performance_indicator_publica_fundamental_finais_6_9;saeb_math_score_publica_fundamental_finais_6_9;saeb_portuguese_score_publica_fundamental_finais_6_9;saeb_standardized_average_score_publica_fundamental_finais_6_9;ideb_publica_fundamental_finais_6_9;ideb_projection_publica_fundamental_finais_6_9;approval_rate_publica_fundamental_iniciais_1_5;performance_indicator_publica_fundamental_iniciais_1_5;saeb_math_score_publica_fundamental_iniciais_1_5;saeb_portuguese_score_publica_fundamental_iniciais_1_5;saeb_standardized_average_score_publica_fundamental_iniciais_1_5;ideb_publica_fundamental_iniciais_1_5;ideb_projection_publica_fundamental_iniciais_1_5;approval_rate_municipal_fundamental_iniciais_1_5;performance_indicator_municipal_fundamental_iniciais_1_5;saeb_math_score_municipal_fundamental_iniciais_1_5;saeb_portuguese_score_municipal_fundamental_iniciais_1_5;saeb_standardized_average_score_municipal_fundamental_iniciais_1_5;ideb_municipal_fundamental_iniciais_1_5;ideb_projection_municipal_fundamental_iniciais_1_5;approval_rate_estadual_fundamental_finais_6_9;performance_indicator_estadual_fundamental_finais_6_9;saeb_math_score_estadual_fundamental_finais_6_9;saeb_portuguese_score_estadual_fundamental_finais_6_9;saeb_standardized_average_score_estadual_fundamental_finais_6_9;ideb_estadual_fundamental_finais_6_9;ideb_projection_estadual_fundamental_finais_6_9;approval_rate_federal_medio_todos_1_4;performance_indicator_federal_medio_todos_1_4;saeb_math_score_federal_medio_todos_1_4;saeb_portuguese_score_federal_medio_todos_1_4;saeb_standardized_average_score_federal_medio_todos_1_4;ideb_federal_medio_todos_1_4;ideb_projection_federal_medio_todos_1_4;approval_rate_estadual_fundamental_iniciais_1_5;performance_indicator_estadual_fundamental_iniciais_1_5;saeb_math_score_estadual_fundamental_iniciais_1_5;saeb_portuguese_score_estadual_fundamental_iniciais_1_5;saeb_standardized_average_score_estadual_fundamental_iniciais_1_5;ideb_estadual_fundamental_iniciais_1_5;ideb_projection_estadual_fundamental_iniciais_1_5
2;Nordeste;22;PI;Piauí;2200053;Acauã;84924.313;13228.09;69703.234;10857.2;73622.922;10341.75;16418.648;2482.409;14358.629;36877.224;70136.911;3486.011;Administração, defesa, educação e saúde públicas e seguridade social;Demais serviços;Agricultura, inclusive apoio à agricultura e a pós colheita;6;True;99.1;0.990622;273.31;271.44;4.591611;4.5;;99.1;0.990622;273.31;271.44;4.591611;4.5;;100.0;1.0;276.22;262.15;5.6395;5.6;;100.0;1.0;276.22;262.15;5.6395;5.6;;99.7;0.997577;234.55;207.62;6.215107;6.2;;99.7;0.997577;234.55;207.62;6.215107;6.2;;;;;;;;;;;;;;;;;;;;;;
2;Nordeste;22;PI;Piauí;2200103;Agricolândia;57335.342;11606.34;51901.68;10506.41;47283.337;9229.62;7406.218;3185.921;9090.615;25409.486;45092.24;2191.097;Administração, defesa, educação e saúde públicas e seguridade social;Demais serviços;Agricultura, inclusive apoio à agricultura e a pós colheita;7;True;100.0;1.0;288.43;280.97;4.946635;4.9;;100.0;1.0;288.43;280.97;4.946635;4.9;;98.3;0.983625;249.64;235.15;4.7465;4.7;;98.6;0.986663;262.18;254.05;5.2705;5.2;;99.7;0.997373;200.82;186.95;5.195586;5.2;;99.7;0.997373;200.82;186.95;5.195586;5.2;;100.0;1.0;280.14;281.15;6.0215;6.0;;;;;;;;;;;;;;;
2;Nordeste;22;PI;Piauí;2200202;Água Branca;303532.26;17272.65;267272.929;15209.29;244026.811;13924.5;5365.341;18155.182;106537.977;95314.261;225372.761;18654.05;Administração, defesa, educação e saúde públicas e seguridade social;Demais serviços;Comércio e reparação de veículos automotores e motocicletas;6;True;100.0;1.0;253.82;256.34;4.091827;4.1;;100.0;1.0;253.82;256.34;4.091827;4.1;;99.4;0.994451;272.44;266.9;5.655667;5.6;;99.4;0.994451;272.44;266.9;5.655667;5.6;;99.9;0.999197;243.62;228.5;6.767835;6.8;;99.9;0.999197;243.62;228.5;6.767835;6.8;;;;;;;;;;;;;;;;;;;;;;
2;Nordeste;22;PI;Piauí;2200251;Alagoinha do Piauí;80787.107;11847.35;75805.535;11116.81;65441.715;8523.28;12193.652;2631.576;11886.461;36415.254;63126.943;2314.773;Administração, defesa, educação e saúde públicas e seguridade social;Demais serviços;Agricultura, inclusive apoio à agricultura e a pós colheita;7;True;93.8;0.934647;271.84;264.52;4.467372;4.2;;93.8;0.934647;271.84;264.52;4.467372;4.2;;94.3;0.945894;265.38;267.93;5.555167;5.3;;95.0;0.95239;280.19;278.99;5.986333;5.7;;98.2;0.982992;200.88;195.81;5.357822;5.3;;98.2;0.982992;200.88;195.81;5.357822;5.3;;96.8;0.969178;287.24;284.25;6.1915;6.0;;;;;;;;;;;;;;;
2;Nordeste;22;PI;Piauí;2200277;Alegrete do Piauí;56359.397;12162.15;54723.972;11809.23;48183.522;9791.41;7211.957;1889.813;11232.302;25567.293;45901.365;2282.157;Administração, defesa, educação e saúde públicas e seguridade social;Demais serviços;Agricultura, inclusive apoio à agricultura e a pós colheita;6;True;96.6;0.967744;271.81;266.73;4.500034;4.4;;96.6;0.967744;271.81;266.73;4.500034;4.4;;99.3;0.992697;255.48;244.2;4.994667;5.0;;99.3;0.992697;255.48;244.2;4.994667;5.0;;99.3;0.991308;221.4;203.91;5.896698;5.8;;99.3;0.991308;221.4;203.91;5.896698;5.8;;;;;;;;;;;;;;;;;;;;;;
2;Nordeste;22;PI;Piauí;2200301;Alto Longá;146913.269;10899.42;128594.608;9540.37;130958.328;9112.68;20280.394;5069.754;27746.637;71899.688;124996.472;5961.856;Administração, defesa, educação e saúde públicas e seguridade social;Demais serviços;Agricultura, inclusive apoio à agricultura e a pós colheita;7;True;89.5;0.904816;277.69;278.07;4.752379;4.3;;89.5;0.904816;277.69;278.07;4.752379;4.3;;99.3;0.993182;250.65;256.2;5.114167;5.1;;99.4;0.993432;249.64;249.69;4.988833;5.0;;99.2;0.992105;212.99;200.6;5.67602;5.6;;99.2;0.992105;212.99;200.6;5.67602;5.6;;100.0;1.0;246.45;229.2;4.594167;4.6;;;;;;;;;;;;;;;
2;Nordeste;22;PI;Piauí;2200400;Altos;764914.1;16119.4;660824.303;13936.74;538140.324;13228.3;14420.98;56925.681;201070.857;217848.945;490266.462;47873.862;Administração, defesa, educação e saúde públicas e seguridade social;Demais serviços;Comércio e reparação de veículos automotores e motocicletas;7;True;97.9;0.979795;264.22;262.96;4.336996;4.2;;97.9;0.979795;264.22;262.96;4.336996;4.2;;99.9;0.998999;282.61;272.7;5.921833;5.9;;99.5;0.995238;271.53;264.66;5.603167;5.6;;99.9;0.998998;243.82;241.9;7.015288;7.0;;99.9;0.998998;243.82;241.9;7.015288;7.0;;97.1;0.97048;236.43;239.17;4.593333;4.5;;;;;;;;;;;;;;;
2;Nordeste;22;PI;Piauí;2200459;Alvorada do Gurguéia;109088.428;20497.64;95670.499;17976.42;82124.847;15016.43;22668.039;3198.457;20090.708;30328.482;76285.686;5839.161;Administração, defesa, educação e saúde públicas e seguridade social;Agricultura, inclusive apoio à agricultura e a pós colheita;Demais serviços;6;True;99.5;0.994609;263.79;249.43;4.128412;4.1;;99.5;0.994609;263.79;249.43;4.128412;4.1;;93.1;0.932174;244.03;225.53;4.492667;4.2;;93.7;0.937118;205.54;202.38;3.465333;3.2;;98.2;0.981672;187.44;183.18;4.871697;4.8;;98.2;0.981672;187.44;183.18;4.871697;4.8;;;;;;;;;;;;;;;;;;;;;;
2;Nordeste;22;PI;Piauí;2200509;Amarante;243953.678;14155.37;220119.299;12771.64;192593.565;10937.22;18989.055;18115.84;53064.666;89829.234;179998.795;12594.77;Administração, defesa, educação e saúde públicas e seguridade social;Demais serviços;Comércio e reparação de veículos automotores e motocicletas;7;True;91.9;0.9191;250.58;247.99;3.921321;3.6;;91.9;0.9191;250.58;247.99;3.921321;3.6;;95.9;0.964227;227.09;239.07;4.436;4.3;;96.4;0.968492;226.96;237.64;4.41;4.3;;98.4;0.983089;175.7;174.07;4.482015;4.4;;98.4;0.983089;175.7;174.07;4.482015;4.4;;100.0;1.0;226.7;234.8;4.358333;4.4;;;;;;;;;;;;;;;
2;Nordeste;22;PI;Piauí;2200608;Angical do Piauí;84771.951;12417.16;75215.065;11017.29;66749.412;9846.5;6252.324;3422.879;21198.007;31248.462;62121.672;4627.74;Administração, defesa, educação e saúde públicas e seguridade social;Demais serviços;Comércio e reparação de veículos automotores e motocicletas;8;True;97.1;0.98114;276.17;284.77;4.83133;4.7;;98.1;0.980797;264.86;269.68;4.446584;4.4;;99.7;0.997988;264.59;251.07;5.261;5.3;;99.8;0.997988;256.14;254.63;5.1795;5.2;;99.8;0.99778;239.32;234.75;6.79941;6.8;;99.8;0.99778;239.32;234.75;6.79941;6.8;;100.0;1.0;246.67;258.61;5.088;5.1;;96.4;1.0;285.44;297.13;5.146557;5.1;;;;;;;;
2;Nordeste;22;PI;Piauí;2200707;Anísio de Abreu;124990.013;13286.92;111663.346;11870.24;98552.117;9861.13;10792.146;5007.608;26246.336;50572.999;92619.089;5933.029;Administração, defesa, educação e saúde públicas e seguridade social;Demais serviços;Comércio e reparação de veículos automotores e motocicletas;7;True;99.7;0.996982;282.2;268.57;4.673506;4.7;;99.7;0.996982;282.2;268.57;4.673506;4.7;;99.5;0.994721;243.49;239.01;4.708333;4.7;;99.6;0.995983;251.32;247.95;4.987833;5.0;;100.0;1.0;205.95;185.21;5.261851;5.3;;100.0;1.0;205.95;185.21;5.261851;5.3;;100.0;1.0;263.86;262.25;5.435167;5.4;;;;;;;;;;;;;;;
2;Nordeste;22;PI;Piauí;2200806;Antônio Almeida;197618.998;62696.38;218386.155;69284.95;140157.215;44144.0;51789.271;40425.711;21057.617;19568.638;132841.236;7315.978;Indústrias extrativas;Agricultura, inclusive apoio à agricultura e a pós colheita;Administração, defesa, educação e saúde públicas e seguridade social;4;True;;;;;;;;;;;;;;;100.0;1.0;267.42;265.61;5.5505;5.6;;100.0;1.0;267.42;265.61;5.5505;5.6;;100.0;1.0;227.49;206.45;6.059101;6.1;;100.0;1.0;227.49;206.45;6.059101;6.1;;;;;;;;;;;;;;;;;;;;;;
2;Nordeste;22;PI;Piauí;2200905;Aroazes;69489.39;12942.71;58914.075;10973.01;57304.894;9847.89;7351.555;2745.828;13324.248;30979.949;54401.58;2903.313;Administração, defesa, educação e saúde públicas e seguridade social;Demais serviços;Pecuária, inclusive apoio à pecuária;6;True;97.5;0.976108;265.42;273.58;4.512832;4.4;;97.5;0.976108;265.42;273.58;4.512832;4.4;;91.5;0.909401;244.79;256.76;5.025833;4.6;;91.5;0.909401;244.79;256.76;5.025833;4.6;;96.7;0.967895;211.54;219.71;5.995803;5.8;;96.7;0.967895;211.54;219.71;5.995803;5.8;;;;;;;;;;;;;;;;;;;;;;
2;Nordeste;22;PI;Piauí;2200954;Aroeiras do Itaim;31539.906;11724.87;27965.773;10396.2;24629.999;9655.04;3727.706;962.914;3818.643;15293.884;23803.148;826.851;Administração, defesa, educação e saúde públicas e seguridade social;Demais serviços;Pecuária, inclusive apoio à pecuária;6;True;97.1;0.967708;269.82;276.48;4.618043;4.5;;97.1;0.967708;269.82;276.48;4.618043;4.5;;100.0;1.0;252.52;237.85;4.8395;4.8;;100.0;1.0;252.52;237.85;4.8395;4.8;;100.0;1.0;202.04;182.61;5.13996;5.1;;100.0;1.0;202.04;182.61;5.13996;5.1;;;;;;;;;;;;;;;;;;;;;;
2;Nordeste;22;PI;Piauí;2201002;Arraial;60133.367;13303.84;49462.662;10943.07;48922.149;10380.26;4354.071;2198.371;11474.293;28618.621;46645.355;2276.794;Administração, defesa, educação e saúde públicas e seguridade social;Demais serviços;Comércio e reparação de veículos automotores e motocicletas;6;True;96.9;0.974422;279.48;262.06;4.537849;4.4;;96.9;0.974422;279.48;262.06;4.537849;4.4;;90.9;0.900641;247.05;237.55;4.743333;4.3;;90.9;0.900641;247.05;237.55;4.743333;4.3;;98.0;0.97979;212.34;193.87;5.541252;5.4;;98.0;0.97979;212.34;193.87;5.541252;5.4;;;;;;;;;;;;;;;;;;;;;;
2;Nordeste;22;PI;Piauí;2201051;Assunção do Piauí;81044.939;10875.6;68897.385;9245.49;64266.487;8156.68;8897.654;2049.297;10635.16;40418.995;62001.107;2265.38;Administração, defesa, educação e saúde públicas e seguridade social;Demais serviços;Agricultura, inclusive apoio à agricultura e a pós colheita;6;True;95.7;0.957986;260.46;253.77;4.146612;4.0;;95.7;0.957986;260.46;253.77;4.146612;4.0;;91.9;0.917986;245.0;237.31;4.705167;4.3;;91.9;0.917986;245.0;237.31;4.705167;4.3;;97.3;0.972111;222.69;202.9;5.902953;5.7;;97.3;0.972111;222.69;202.9;5.902953;5.7;;;;;;;;;;;;;;;;;;;;;;
2;Nordeste;22;PI;Piauí;2201101;Avelino Lopes;127137.202;11700.46;104500.897;9617.24;97601.73;8590.95;12298.401;4496.105;19931.069;56735.646;93461.222;4140.509;Administração, defesa, educação e saúde públicas e seguridade social;Demais serviços;Pecuária, inclusive apoio à pecuária;7;True;99.5;0.995968;248.99;244.18;3.841954;3.8;;99.5;0.995968;248.99;244.18;3.841954;3.8;;97.8;0.978805;224.37;213.54;3.965167;3.9;;98.1;0.981853;229.85;226.64;4.274833;4.2;;98.9;0.989504;184.11;176.57;4.687966;4.6;;98.9;0.989504;184.11;176.57;4.687966;4.6;;100.0;1.0;247.9;269.76;5.294333;5.3;;;;;;;;;;;;;;;
2;Nordeste;22;PI;Piauí;2201150;Baixa Grande do Ribeiro;2657264.34;200215.82;2332225.702;175725.26;1768705.362;150515.31;1245821.238;76751.507;239642.893;84835.053;1647050.69;121654.671;Agricultura, inclusive apoio à agricultura e a pós colheita;Demais serviços;Administração, defesa, educação e saúde públicas e seguridade social;6;True;95.7;0.95545;245.75;239.28;3.723095;3.6;;95.7;0.95545;245.75;239.28;3.723095;3.6;;97.6;0.978171;272.54;266.01;5.6425;5.5;;97.6;0.978171;272.54;266.01;5.6425;5.5;;98.7;0.987112;222.54;201.53;5.875181;5.8;;98.7;0.987112;222.54;201.53;5.875181;5.8;;;;;;;;;;;;;;;;;;;;;;
2;Nordeste;22;PI;Piauí;2201176;Barra D'Alcântara;47270.644;11832.45;42721.179;10693.66;38963.324;9856.65;2444.477;1816.684;9266.114;23569.674;37096.949;1866.375;Administração, defesa, educação e saúde públicas e seguridade social;Demais serviços;Comércio e reparação de veículos automotores e motocicletas;6;True;93.8;0.941571;277.86;279.92;4.782461;4.5;;93.8;0.941571;277.86;279.92;4.782461;4.5;;93.4;0.934396;234.84;238.46;4.555;4.3;;93.4;0.934396;234.84;238.46;4.555;4.3;;100.0;1.0;220.92;214.33;6.076992;6.1;;100.0;1.0;220.92;214.33;6.076992;6.1;;;;;;;;;;;;;;;;;;;;;;
2;Nordeste;22;PI;Piauí;2201200;Barras;673462.844;14048.62;575074.623;11996.22;497741.529;10523.52;39524.67;28128.182;154536.442;247442.062;469631.355;28110.174;Administração, defesa, educação e saúde públicas e seguridade social;Demais serviços;Comércio e reparação de veículos automotores e motocicletas;7;True;97.4;0.975303;252.29;248.58;3.954171;3.9;;97.4;0.975303;252.29;248.58;3.954171;3.9;;95.7;0.956888;243.51;248.46;4.866167;4.7;;95.8;0.957141;243.03;248.18;4.8535;4.6;;98.8;0.98798;215.49;199.54;5.704457;5.6;;98.8;0.98798;215.49;199.54;5.704457;5.6;;100.0;1.0;231.61;241.62;4.553833;4.6;;;;;;;;;;;;;;;
2;Nordeste;22;PI;Piauí;2201309;Barreiras do Piauí;137541.51;42138.94;124724.046;38212.02;163171.991;48620.97;110123.121;6478.632;17915.814;20370.478;154888.046;8283.946;Agricultura, inclusive apoio à agricultura e a pós colheita;Administração, defesa, educação e saúde públicas e seguridade social;Demais serviços;6;True;98.2;0.985244;236.95;226.45;3.407434;3.4;;98.2;0.985244;236.95;226.45;3.407434;3.4;;;;;;;;;64.4;0.647184;229.11;214.86;4.066167;2.6;;91.1;0.917225;176.69;170.13;4.429272;4.1;;91.1;0.917225;176.69;170.13;4.429272;4.1;;92.9;0.929;217.8;202.18;3.666333;3.4;;;;;;;;;;;;;;;
2;Nordeste;22;PI;Piauí;2201408;Barro Duro;104884.555;15795.87;102783.912;15479.5;90191.797;12844.18;17836.16;9869.789;20265.268;36844.458;84815.675;5376.122;Administração, defesa, educação e saúde públicas e seguridade social;Agricultura, inclusive apoio à agricultura e a pós colheita;Demais serviços;6;True;88.7;0.899207;246.03;244.86;3.810561;3.4;;88.7;0.899207;246.03;244.86;3.810561;3.4;;88.9;0.891446;215.19;218.14;3.888833;3.5;;88.9;0.891446;215.19;218.14;3.888833;3.5;;98.7;0.986177;201.06;203.82;5.506894;5.4;;98.7;0.986177;201.06;203.82;5.506894;5.4;;;;;;;;;;;;;;;;;;;;;;
2;Nordeste;22;PI;Piauí;2201507;Batalha;306176.407;11641.69;272161.201;10348.33;250806.615;9306.02;27417.77;15695.447;57696.589;139174.339;239984.145;10822.47;Administração, defesa, educação e saúde públicas e seguridade social;Demais serviços;Agricultura, inclusive apoio à agricultura e a pós colheita;6;True;97.2;0.9734;263.89;265.07;4.363948;4.2;;97.2;0.9734;263.89;265.07;4.363948;4.2;;;;;;;;;99.0;0.989489;262.82;261.01;5.397167;5.3;;99.4;0.994584;191.13;182.86;4.936299;4.9;;99.4;0.994584;191.13;182.86;4.936299;4.9;;99.8;0.998493;262.82;261.01;5.397167;5.4;;;;;;;;;;;;;;;
2;Nordeste;22;PI;Piauí;2201556;Bela Vista do Piauí;63282.643;15468.75;51937.402;12695.53;46876.016;11591.5;10240.355;1590.756;9601.893;23166.641;44599.645;2276.372;Administração, defesa, educação e saúde públicas e seguridade social;Demais serviços;Pecuária, inclusive apoio à pecuária;6;True;97.3;0.973985;286.11;285.92;4.988153;4.9;;97.3;0.973985;286.11;285.92;4.988153;4.9;;98.8;0.98681;272.62;259.65;5.537833;5.5;;98.8;0.98681;272.62;259.65;5.537833;5.5;;99.6;0.996964;245.0;231.97;6.857262;6.8;;99.6;0.996964;245.0;231.97;6.857262;6.8;;;;;;;;;;;;;;;;;;;;;;
2;Nordeste;22;PI;Piauí;2201572;Belém do Piauí;47523.323;13883.53;43967.537;12844.74;41264.3;11440.06;6894.821;3601.619;7536.023;21571.711;39604.174;1660.126;Administração, defesa, educação e saúde públicas e seguridade social;Demais serviços;Pecuária, inclusive apoio à pecuária;6;True;92.5;0.920982;266.62;257.63;4.290914;4.0;;92.5;0.920982;266.62;257.63;4.290914;4.0;;100.0;1.0;249.19;257.3;5.108167;5.1;;100.0;1.0;249.19;257.3;5.108167;5.1;;100.0;1.0;247.37;227.17;6.815218;6.8;;100.0;1.0;247.37;227.17;6.815218;6.8;;;;;;;;;;;;;;;;;;;;;;
2;Nordeste;22;PI;Piauí;2201606;Beneditinos;118265.224;11911.09;97628.019;9888.38;91898.245;8769.75;8519.97;4735.795;20807.548;53561.947;87625.259;4272.986;Administração, defesa, educação e saúde públicas e seguridade social;Demais serviços;Comércio e reparação de veículos automotores e motocicletas;7;True;95.8;0.957453;265.17;264.72;4.376686;4.2;;95.8;0.957453;265.17;264.72;4.376686;4.2;;98.6;0.986428;264.15;269.07;5.553667;5.5;;98.8;0.988447;259.88;264.41;5.404833;5.3;;99.4;0.994149;228.74;220.44;6.33732;6.3;;99.4;0.994149;228.74;220.44;6.33732;6.3;;100.0;1.0;240.6;243.34;4.732333;4.7;;;;;;;;;;;;;;;
2;Nordeste;22;PI;Piauí;2201705;Bertolínia;90843.778;16332.93;78169.238;14054.16;72471.497;13147.95;6675.775;9659.667;17375.314;30087.163;63797.919;8673.579;Administração, defesa, educação e saúde públicas e seguridade social;Demais serviços;Eletricidade e gás, água, esgoto, atividades de gestão de resíduos e descontaminação;6;True;98.8;0.988918;264.88;266.85;4.404499;4.4;;98.8;0.988918;264.88;266.85;4.404499;4.4;;82.7;0.834758;243.12;256.85;4.9995;4.2;;82.7;0.834758;243.12;256.85;4.9995;4.2;;92.5;0.927351;200.64;190.23;5.251788;4.9;;92.5;0.927351;200.64;190.23;5.251788;4.9;;;;;;;;;;;;;;;;;;;;;;
2;Nordeste;22;PI;Piauí;2201739;Betânia do Piauí;120127.102;19313.04;232079.87;37311.88;62569.761;10069.16;3944.678;1950.564;14491.407;38070.47;58457.119;4112.641;Administração, defesa, educação e saúde públicas e seguridade social;Demais serviços;Comércio e reparação de veículos automotores e motocicletas;6;True;97.1;0.972287;266.0;249.35;4.158254;4.0;;97.1;0.972287;266.0;249.35;4.158254;4.0;;89.3;0.896061;241.77;229.14;4.515167;4.0;;89.3;0.896061;241.77;229.14;4.515167;4.0;;92.0;0.912014;200.07;189.42;5.226183;4.8;;92.0;0.912014;200.07;189.42;5.226183;4.8;;;;;;;;;;;;;;;;;;;;;;
2;Nordeste;22;PI;Piauí;2201770;Boa Hora;77968.556;11296.52;71473.268;10355.44;62506.775;9127.74;10226.787;2000.108;10970.944;36875.839;60073.678;2433.097;Administração, defesa, educação e saúde públicas e seguridade social;Demais serviços;Agricultura, inclusive apoio à agricultura e a pós colheita;6;True;99.8;0.997656;280.68;271.0;4.688535;4.7;;99.8;0.997656;280.68;271.0;4.688535;4.7;;96.8;0.96762;235.27;245.95;4.687;4.5;;96.8;0.96762;235.27;245.95;4.687;4.5;;97.3;0.973132;181.27;174.66;4.59904;4.5;;97.3;0.973132;181.27;174.66;4.59904;4.5;;;;;;;;;;;;;;;;;;;;;;
2;Nordeste;22;PI;Piauí;2201804;Bocaina;53637.042;13152.78;51900.728;12727.01;47772.092;10594.83;8242.148;2304.831;9980.322;25210.26;45737.56;2034.532;Administração, defesa, educação e saúde públicas e seguridade social;Demais serviços;Agricultura, inclusive apoio à agricultura e a pós colheita;6;True;98.9;0.986301;274.0;289.49;4.871511;4.8;;98.9;0.986301;274.0;289.49;4.871511;4.8;;100.0;1.0;225.72;226.12;4.197333;4.2;;100.0;1.0;225.72;226.12;4.197333;4.2;;99.4;0.993432;191.46;191.83;5.105688;5.1;;99.4;0.993432;191.46;191.83;5.105688;5.1;;;;;;;;;;;;;;;;;;;;;;
2;Nordeste;22;PI;Piauí;2201903;Bom Jesus;1661674.232;57705.04;1931867.069;67081.05;1411005.077;55151.86;469056.491;90381.295;548817.965;141838.325;1250094.076;160911.002;Agricultura, inclusive apoio à agricultura e a pós colheita;Comércio e reparação de veículos automotores e motocicletas;Demais serviços;7;True;92.4;0.929156;258.43;255.56;4.144898;3.9;;94.6;0.948862;252.6;250.05;3.980531;3.8;;98.7;0.987171;306.29;307.73;6.900333;6.8;;98.8;0.987947;259.21;257.46;5.277833;5.2;;100.0;1.0;254.9;246.06;7.302375;7.3;;100.0;1.0;254.9;246.06;7.302375;7.3;;99.1;0.991474;228.22;224.37;4.209833;4.2;;;;;;;;;;;;;;;
2;Nordeste;22;PI;Piauí;2201919;Bom Princípio do Piauí;82658.518;14666.17;69422.836;12317.75;70165.896;12374.94;18269.772;2757.046;11806.007;34493.119;67325.944;2839.952;Administração, defesa, educação e saúde públicas e seguridade social;Agricultura, inclusive apoio à agricultura e a pós colheita;Demais serviços;6;True;99.5;0.995629;252.14;256.02;4.063441;4.0;;99.5;0.995629;252.14;256.02;4.063441;4.0;;96.4;0.964251;231.98;240.11;4.534833;4.4;;96.4;0.964251;231.98;240.11;4.534833;4.4;;98.6;0.988041;185.51;184.93;4.866684;4.8;;98.6;0.988041;185.51;184.93;4.866684;4.8;;;;;;;;;;;;;;;;;;;;;;
2;Nordeste;22;PI;Piauí;2201929;Bonfim do Piauí;68105.59;11517.94;61162.835;10343.79;52944.719;9288.55;5660.483;1835.732;11982.165;31094.202;50572.583;2372.136;Administração, defesa, educação e saúde públicas e seguridade social;Demais serviços;Pecuária, inclusive apoio à pecuária;6;True;100.0;1.0;265.21;253.2;4.204793;4.2;;100.0;1.0;265.21;253.2;4.204793;4.2;;92.6;0.926761;259.76;254.42;5.236333;4.9;;92.6;0.926761;259.76;254.42;5.236333;4.9;;96.6;0.965097;184.74;164.0;4.471443;4.3;;96.6;0.965097;184.74;164.0;4.471443;4.3;;;;;;;;;;;;;;;;;;;;;;
2;Nordeste;22;PI;Piauí;2201945;Boqueirão do Piauí;67423.852;10301.58;57203.3;8740.0;51724.971;8028.09;3454.563;1703.485;11385.444;32954.515;49498.007;2226.964;Administração, defesa, educação e saúde públicas e seguridade social;Demais serviços;Comércio e reparação de veículos automotores e motocicletas;6;True;96.6;0.965353;267.55;260.33;4.344395;4.2;;96.6;0.965353;267.55;260.33;4.344395;4.2;;94.4;0.949115;259.43;258.08;5.291833;5.0;;94.4;0.949115;259.43;258.08;5.291833;5.0;;99.2;0.992292;208.42;187.15;5.344261;5.3;;99.2;0.992292;208.42;187.15;5.344261;5.3;;;;;;;;;;;;;;;;;;;;;;
2;Nordeste;22;PI;Piauí;2201960;Brasileira;101117.213;11986.39;76412.936;9057.96;69325.171;8288.52;6019.584;4959.159;13467.489;42073.179;66519.411;2805.759;Administração, defesa, educação e saúde públicas e seguridade social;Demais serviços;Construção;7;True;96.4;0.966406;255.55;252.91;4.064777;3.9;;96.4;0.966406;255.55;252.91;4.064777;3.9;;98.6;0.984457;243.29;232.51;4.596667;4.5;;98.7;0.986721;248.65;243.46;4.8685;4.8;;100.0;1.0;209.47;192.97;5.470117;5.5;;100.0;1.0;209.47;192.97;5.470117;5.5;;100.0;1.0;257.88;262.29;5.336167;5.3;;;;;;;;;;;;;;;
2;Nordeste;22;PI;Piauí;2201988;Brejo do Piauí;57956.044;14845.3;45922.17;11762.85;43978.556;11500.67;6435.201;1970.358;9312.305;24231.555;41949.418;2029.138;Administração, defesa, educação e saúde públicas e seguridade social;Demais serviços;Pecuária, inclusive apoio à pecuária;6;True;99.3;0.992901;248.29;242.93;3.81341;3.8;;99.3;0.992901;248.29;242.93;3.81341;3.8;;98.7;0.988361;254.19;242.47;4.944333;4.9;;98.7;0.988361;254.19;242.47;4.944333;4.9;;100.0;1.0;202.66;197.02;5.413792;5.4;;100.0;1.0;202.66;197.02;5.413792;5.4;;;;;;;;;;;;;;;;;;;;;;
2;Nordeste;22;PI;Piauí;2202000;Buriti dos Lopes;276426.411;14064.64;236634.032;12039.99;214793.085;10830.63;35389.248;13690.053;51976.168;101151.668;202207.137;12585.948;Administração, defesa, educação e saúde públicas e seguridade social;Demais serviços;Agricultura, inclusive apoio à agricultura e a pós colheita;7;True;93.6;0.939778;260.04;265.51;4.316462;4.1;;93.6;0.939778;260.04;265.51;4.316462;4.1;;97.5;0.9757;245.76;257.85;5.060167;4.9;;97.7;0.977187;244.47;257.58;5.034167;4.9;;99.5;0.994743;207.94;197.04;5.514919;5.5;;99.5;0.994743;207.94;197.04;5.514919;5.5;;99.2;0.992066;240.11;256.66;4.946167;4.9;;;;;;;;;;;;;;;
2;Nordeste;22;PI;Piauí;2202026;Buriti dos Montes;98669.32;13272.71;82158.706;11051.75;69689.581;8414.58;10742.103;2745.215;11010.357;43099.738;67597.414;2092.168;Administração, defesa, educação e saúde públicas e seguridade social;Demais serviços;Pecuária, inclusive apoio à pecuária;6;True;97.4;0.975949;258.41;261.21;4.229198;4.1;;97.4;0.975949;258.41;261.21;4.229198;4.1;;100.0;1.0;295.22;294.07;6.488167;6.5;;100.0;1.0;295.22;294.07;6.488167;6.5;;100.0;1.0;253.98;247.92;7.318636;7.3;;100.0;1.0;253.98;247.92;7.318636;7.3;;;;;;;;;;;;;;;;;;;;;;
2;Nordeste;22;PI;Piauí;2202059;Cabeceiras do Piauí;107816.673;10557.84;88954.321;8710.76;86140.193;8072.36;8977.962;5104.063;16482.981;51839.045;82404.05;3736.142;Administração, defesa, educação e saúde públicas e seguridade social;Demais serviços;Agricultura, inclusive apoio à agricultura e a pós colheita;6;True;96.5;0.96838;259.56;245.13;4.004631;3.9;;96.5;0.96838;259.56;245.13;4.004631;3.9;;99.3;0.992697;244.84;244.08;4.815333;4.8;;99.3;0.992697;244.84;244.08;4.815333;4.8;;100.0;1.0;205.94;207.56;5.668024;5.7;;100.0;1.0;205.94;207.56;5.668024;5.7;;;;;;;;;;;;;;;;;;;;;;
2;Nordeste;22;PI;Piauí;2202075;Cajazeiras do Piauí;45637.171;14683.77;35141.634;11306.83;34182.376;9532.17;3290.2;1153.568;6488.049;21891.708;32823.525;1358.852;Administração, defesa, educação e saúde públicas e seguridade social;Demais serviços;Pecuária, inclusive apoio à pecuária;6;True;95.8;0.96198;253.51;241.69;3.868162;3.7;;95.8;0.96198;253.51;241.69;3.868162;3.7;;100.0;1.0;231.13;228.02;4.319167;4.3;;100.0;1.0;231.13;228.02;4.319167;4.3;;100.0;1.0;185.64;186.84;4.903892;4.9;;100.0;1.0;185.64;186.84;4.903892;4.9;;;;;;;;;;;;;;;;;;;;;;
2;Nordeste;22;PI;Piauí;2202083;Cajueiro da Praia;152471.29;19161.91;133053.46;16721.56;115378.651;14976.46;19959.548;6154.478;39863.038;42019.942;107997.005;7381.646;Administração, defesa, educação e saúde públicas e seguridade social;Demais serviços;Produção florestal, pesca e aquicultura;6;True;99.2;0.992639;291.78;280.24;4.982758;4.9;;99.2;0.992639;291.78;280.24;4.982758;4.9;;100.0;1.0;260.93;260.86;5.363167;5.4;;100.0;1.0;260.93;260.86;5.363167;5.4;;100.0;1.0;231.77;220.06;6.388235;6.4;;100.0;1.0;231.77;220.06;6.388235;6.4;;;;;;;;;;;;;;;;;;;;;;
2;Nordeste;22;PI;Piauí;2202091;Caldeirão Grande do Piauí;243767.241;44297.15;247290.973;44937.48;195078.704;33715.64;21852.829;118331.741;9833.701;32762.843;182781.114;12297.59;Eletricidade e gás, água, esgoto, atividades de gestão de resíduos e descontaminação;Administração, defesa, educação e saúde públicas e seguridade social;Agricultura, inclusive apoio à agricultura e a pós colheita;6;True;94.2;0.951011;259.82;266.87;4.333731;4.1;;94.2;0.951011;259.82;266.87;4.333731;4.1;;100.0;1.0;280.72;274.94;5.927667;5.9;;100.0;1.0;280.72;274.94;5.927667;5.9;;100.0;1.0;256.82;241.06;7.248107;7.2;;100.0;1.0;256.82;241.06;7.248107;7.2;;;;;;;;;;;;;;;;;;;;;;
2;Nordeste;22;PI;Piauí;2202109;Campinas do Piauí;75221.338;15233.16;63550.678;12872.33;57498.267;10216.47;11367.197;2364.873;10675.344;30806.113;55213.527;2284.74;Administração, defesa, educação e saúde públicas e seguridade social;Demais serviços;Pecuária, inclusive apoio à pecuária;6;True;99.1;0.988753;254.44;242.89;3.899188;3.9;;99.1;0.988753;254.44;242.89;3.899188;3.9;;89.2;0.885682;247.45;241.41;4.814333;4.3;;89.2;0.885682;247.45;241.41;4.814333;4.3;;96.0;0.962706;199.06;215.8;5.686544;5.5;;96.0;0.962706;199.06;215.8;5.686544;5.5;;;;;;;;;;;;;;;;;;;;;;
2;Nordeste;22;PI;Piauí;2202117;Campo Alegre do Fidalgo;62190.515;13472.82;56512.273;12242.69;51328.183;10078.18;2883.44;6498.63;9908.416;30216.497;49506.982;1821.201;Administração, defesa, educação e saúde públicas e seguridade social;Demais serviços;Construção;6;True;98.1;0.981802;254.9;242.45;3.899061;3.8;;98.1;0.981802;254.9;242.45;3.899061;3.8;;80.7;0.809087;234.43;214.15;4.143;3.4;;80.7;0.809087;234.43;214.15;4.143;3.4;;91.3;0.916346;188.52;177.92;4.796672;4.4;;91.3;0.916346;188.52;177.92;4.796672;4.4;;;;;;;;;;;;;;;;;;;;;;
2;Nordeste;22;PI;Piauí;2202133;Campo Grande do Piauí;77243.211;12831.1;68258.731;11338.66;62139.376;10379.05;8081.162;2482.814;15999.897;32121.377;58685.25;3454.127;Administração, defesa, educação e saúde públicas e seguridade social;Demais serviços;Comércio e reparação de veículos automotores e motocicletas;6;True;87.8;0.892336;255.05;247.15;3.971527;3.5;;87.8;0.892336;255.05;247.15;3.971527;3.5;;100.0;1.0;248.99;253.48;5.041167;5.0;;100.0;1.0;248.99;253.48;5.041167;5.0;;100.0;1.0;248.26;236.18;6.996021;7.0;;100.0;1.0;248.26;236.18;6.996021;7.0;;;;;;;;;;;;;;;;;;;;;;
2;Nordeste;22;PI;Piauí;2202174;Campo Largo do Piauí;80881.27;10901.91;63333.042;8536.6;56554.279;7702.84;5219.987;1716.77;9427.99;38357.679;54722.427;1831.852;Administração, defesa, educação e saúde públicas e seguridade social;Demais serviços;Pecuária, inclusive apoio à pecuária;6;True;98.9;0.990617;258.17;245.01;3.983312;3.9;;98.9;0.990617;258.17;245.01;3.983312;3.9;;97.1;0.970191;217.6;211.34;3.815667;3.7;;97.1;0.970191;217.6;211.34;3.815667;3.7;;99.5;0.995159;168.18;157.65;4.039958;4.0;;99.5;0.995159;168.18;157.65;4.039958;4.0;;;;;;;;;;;;;;;;;;;;;;
2;Nordeste;22;PI;Piauí;2202208;Campo Maior;940801.888;20544.67;769318.316;16799.91;706324.081;15044.18;36629.993;52859.29;297492.351;250816.652;637798.285;68525.796;Administração, defesa, educação e saúde públicas e seguridade social;Demais serviços;Comércio e reparação de veículos automotores e motocicletas;8;True;97.9;0.994652;269.82;268.79;4.502923;4.5;;99.4;0.994652;269.82;268.79;4.502923;4.5;;99.6;0.995743;256.58;258.15;5.2455;5.2;;99.7;0.996745;259.78;263.71;5.3915;5.4;;99.8;0.997596;228.08;217.88;6.278179;6.3;;99.8;0.997395;225.39;214.27;6.161207;6.1;;100.0;1.0;264.45;271.81;5.604333;5.6;;;;;;;;;100.0;1.0;256.96;256.79;7.536779;7.5;
2;Nordeste;22;PI;Piauí;2202251;Canavieira;52032.166;15240.82;43651.955;12786.16;41948.251;10652.17;7747.119;1690.725;6582.907;24738.654;40759.405;1188.847;Administração, defesa, educação e saúde públicas e seguridade social;Demais serviços;Pecuária, inclusive apoio à pecuária;6;True;100.0;1.0;269.35;255.83;4.30231;4.3;;100.0;1.0;269.35;255.83;4.30231;4.3;;97.3;0.975811;258.8;247.4;5.103333;5.0;;97.3;0.975811;258.8;247.4;5.103333;5.0;;94.9;0.95141;208.73;177.86;5.181268;4.9;;94.9;0.95141;208.73;177.86;5.181268;4.9;;;;;;;;;;;;;;;;;;;;;;
2;Nordeste;22;PI;Piauí;2202307;Canto do Buriti;342971.602;17710.9;288516.465;14898.86;271402.164;12726.35;33456.663;15682.233;96947.49;105562.699;251649.085;19753.079;Administração, defesa, educação e saúde públicas e seguridade social;Demais serviços;Comércio e reparação de veículos automotores e motocicletas;7;True;96.4;0.9656;271.45;278.67;4.673721;4.5;;96.4;0.9656;271.45;278.67;4.673721;4.5;;92.2;0.924802;239.09;243.94;4.717167;4.4;;93.7;0.936668;241.44;245.46;4.781667;4.5;;94.7;0.946533;179.47;180.46;4.670144;4.4;;94.7;0.946533;179.47;180.46;4.670144;4.4;;98.6;0.986827;244.63;247.53;4.869333;4.8;;;;;;;;;;;;;;;
2;Nordeste;22;PI;Piauí;2202406;Capitão de Campos;133031.494;11984.82;121311.316;10928.95;106411.346;9276.55;5260.629;4532.402;31959.821;58579.389;100332.24;6079.105;Administração, defesa, educação e saúde públicas e seguridade social;Demais serviços;Comércio e reparação de veículos automotores e motocicletas;6;True;80.4;0.807193;248.09;248.65;3.89623;3.1;;80.4;0.807193;248.09;248.65;3.89623;3.1;;94.2;0.942308;222.87;227.97;4.180667;3.9;;94.2;0.942308;222.87;227.97;4.180667;3.9;;97.8;0.979057;206.17;191.92;5.388049;5.3;;97.8;0.979057;206.17;191.92;5.388049;5.3;;;;;;;;;;;;;;;;;;;;;;
2;Nordeste;22;PI;Piauí;2202455;Capitão Gervásio Oliveira;58704.333;14772.1;49633.91;12489.66;43672.125;10582.05;4822.145;1313.559;8752.443;25518.074;40406.22;3265.905;Administração, defesa, educação e saúde públicas e seguridade social;Demais serviços;Pecuária, inclusive apoio à pecuária;6;True;95.9;0.954616;270.07;267.14;4.481734;4.3;;95.9;0.954616;270.07;267.14;4.481734;4.3;;97.4;0.970636;229.16;240.64;4.496667;4.4;;97.4;0.970636;229.16;240.64;4.496667;4.4;;99.2;0.991308;202.74;198.88;5.449137;5.4;;99.2;0.991308;202.74;198.88;5.449137;5.4;;;;;;;;;;;;;;;;;;;;;;
2;Nordeste;22;PI;Piauí;2202505;Caracol;127543.158;12361.23;109248.908;10588.19;97485.306;8855.06;6576.276;3639.3;22298.122;59549.58;92063.279;5422.027;Administração, defesa, educação e saúde públicas e seguridade social;Demais serviços;Comércio e reparação de veículos automotores e motocicletas;4;True;;;;;;;;;;;;;;;;;;;;;;84.2;0.839826;228.42;227.13;4.259167;3.6;;84.2;0.844455;167.74;163.04;4.129561;3.5;;84.2;0.844455;167.74;163.04;4.129561;3.5;;100.0;1.0;248.1;247.86;4.932667;4.9;;;;;;;;;;;;;;;
2;Nordeste;22;PI;Piauí;2202539;Caraúbas do Piauí;67976.528;12073.98;59424.104;10554.9;57437.136;9718.64;8777.304;1750.622;11221.971;33052.472;54802.369;2634.767;Administração, defesa, educação e saúde públicas e seguridade social;Demais serviços;Pecuária, inclusive apoio à pecuária;6;True;95.1;0.965431;260.85;267.8;4.36212;4.2;;95.1;0.965431;260.85;267.8;4.36212;4.2;;83.5;0.841706;209.13;218.24;3.7895;3.2;;83.5;0.841706;209.13;218.24;3.7895;3.2;;89.1;0.880145;219.31;224.11;6.224085;5.5;;89.1;0.880145;219.31;224.11;6.224085;5.5;;;;;;;;;;;;;;;;;;;;;;
2;Nordeste;22;PI;Piauí;2202554;Caridade do Piauí;72563.727;14417.59;58151.282;11554.0;50031.834;9806.32;6958.419;3936.786;8919.084;27882.422;47696.711;2335.123;Administração, defesa, educação e saúde públicas e seguridade social;Demais serviços;Agricultura, inclusive apoio à agricultura e a pós colheita;6;True;97.2;0.96956;265.66;261.78;4.339556;4.2;;97.2;0.96956;265.66;261.78;4.339556;4.2;;98.3;0.982889;261.14;256.0;5.285667;5.2;;98.3;0.982889;261.14;256.0;5.285667;5.2;;99.5;0.994556;223.33;198.4;5.833348;5.8;;99.5;0.994556;223.33;198.4;5.833348;5.8;;;;;;;;;;;;;;;;;;;;;;
2;Nordeste;22;PI;Piauí;2202604;Castelo do Piauí;234521.426;12158.93;213046.183;11045.53;202304.401;10260.93;25096.865;12863.654;53882.413;98262.308;190105.24;12199.162;Administração, defesa, educação e saúde públicas e seguridade social;Demais serviços;Comércio e reparação de veículos automotores e motocicletas;6;True;99.9;0.998998;281.98;281.48;4.86368;4.9;;99.9;0.998998;281.98;281.48;4.86368;4.9;;93.6;0.934641;272.06;271.24;5.721667;5.3;;93.6;0.934641;272.06;271.24;5.721667;5.3;;98.8;0.988233;241.94;229.22;6.748865;6.7;;98.8;0.988233;241.94;229.22;6.748865;6.7;;;;;;;;;;;;;;;;;;;;;;
2;Nordeste;22;PI;Piauí;2202653;Caxingó;68615.939;12484.71;60407.723;10991.22;53143.56;9703.04;6478.87;1990.153;10462.546;32046.159;50977.729;2165.831;Administração, defesa, educação e saúde públicas e seguridade social;Demais serviços;Agricultura, inclusive apoio à agricultura e a pós colheita;6;True;94.6;0.945033;261.51;267.76;4.370791;4.1;;94.6;0.945033;261.51;267.76;4.370791;4.1;;88.4;0.887462;228.58;226.58;4.252667;3.8;;88.4;0.887462;228.58;226.58;4.252667;3.8;;89.2;0.895134;170.29;164.44;4.20368;3.8;;89.2;0.895134;170.29;164.44;4.20368;3.8;;;;;;;;;;;;;;;;;;;;;;
2;Nordeste;22;PI;Piauí;2202703;Cocal;351832.437;12471.02;306564.181;10866.45;272774.716;9776.52;36996.414;12422.642;71272.827;137368.178;258060.061;14714.654;Administração, defesa, educação e saúde públicas e seguridade social;Demais serviços;Agricultura, inclusive apoio à agricultura e a pós colheita;8;True;93.9;0.943417;276.04;285.72;4.843726;4.6;;96.6;0.969048;273.56;284.24;4.786739;4.6;;97.0;0.970217;260.22;275.8;5.600333;5.4;;97.7;0.977449;265.46;276.58;5.700667;5.6;;98.1;0.981163;240.11;223.5;6.609941;6.5;;98.1;0.981163;240.11;223.5;6.609941;6.5;;99.8;0.987013;266.49;276.74;5.7205;5.6;;89.5;0.90156;279.82;287.98;4.930648;4.4;;;;;;;;
2;Nordeste;22;PI;Piauí;2202711;Cocal de Telha;60324.432;12283.53;51048.949;10394.82;46961.377;9568.33;2861.147;1597.488;10841.187;29579.0;44878.822;2082.555;Administração, defesa, educação e saúde públicas e seguridade social;Demais serviços;Comércio e reparação de veículos automotores e motocicletas;6;True;99.1;0.990835;271.2;277.34;4.650299;4.6;;99.1;0.990835;271.2;277.34;4.650299;4.6;;97.7;0.974611;262.87;266.24;5.485167;5.3;;97.7;0.974611;262.87;266.24;5.485167;5.3;;95.5;0.953334;199.37;207.79;5.546824;5.3;;95.5;0.953334;199.37;207.79;5.546824;5.3;;;;;;;;;;;;;;;;;;;;;;
2;Nordeste;22;PI;Piauí;2202729;Cocal dos Alves;73414.113;11496.1;66999.914;10491.69;56962.001;9217.15;6171.91;2134.84;12334.455;34053.872;54695.077;2266.924;Administração, defesa, educação e saúde públicas e seguridade social;Demais serviços;Agricultura, inclusive apoio à agricultura e a pós colheita;7;True;100.0;1.0;371.08;341.13;7.008049;7.0;;100.0;1.0;371.08;341.13;7.008049;7.0;;99.6;0.996463;284.25;268.93;5.886333;5.9;;99.7;0.997481;299.3;282.88;6.369667;6.4;;99.8;0.997577;274.31;253.89;7.815158;7.8;;99.8;0.997577;274.31;253.89;7.815158;7.8;;100.0;1.0;329.4;310.78;7.336333;7.3;;;;;;;;;;;;;;;
2;Nordeste;22;PI;Piauí;2202737;Coivaras;50028.67;12151.73;44160.662;10922.75;37708.09;9324.45;3875.186;1558.863;7102.683;23773.133;36309.864;1398.225;Administração, defesa, educação e saúde públicas e seguridade social;Demais serviços;Agricultura, inclusive apoio à agricultura e a pós colheita;6;True;100.0;1.0;238.6;248.21;3.756356;3.8;;100.0;1.0;238.6;248.21;3.756356;3.8;;96.7;0.966176;246.14;253.62;4.996;4.8;;96.7;0.966176;246.14;253.62;4.996;4.8;;98.4;0.984584;220.27;201.97;5.839861;5.7;;98.4;0.984584;220.27;201.97;5.839861;5.7;;;;;;;;;;;;;;;;;;;;;;
2;Nordeste;22;PI;Piauí;2202752;Colônia do Gurguéia;92948.879;15113.64;79557.589;12936.19;70560.084;10780.76;4904.824;3113.106;23145.309;33875.845;65039.084;5521.001;Administração, defesa, educação e saúde públicas e seguridade social;Demais serviços;Comércio e reparação de veículos automotores e motocicletas;6;True;96.3;0.96407;283.41;283.16;4.908914;4.7;;96.3;0.96407;283.41;283.16;4.908914;4.7;;87.2;0.871187;246.78;246.25;4.883833;4.3;;87.2;0.871187;246.78;246.25;4.883833;4.3;;93.5;0.935533;187.24;177.29;4.76079;4.5;;93.5;0.935533;187.24;177.29;4.76079;4.5;;;;;;;;;;;;;;;;;;;;;;
2;Nordeste;22;PI;Piauí;2202778;Colônia do Piauí;82383.059;11779.1;73244.29;10476.94;68111.356;8886.02;7579.399;2900.281;14827.078;39608.641;64915.398;3195.958;Administração, defesa, educação e saúde públicas e seguridade social;Demais serviços;Pecuária, inclusive apoio à pecuária;6;True;100.0;1.0;265.08;245.53;4.088147;4.1;;100.0;1.0;265.08;245.53;4.088147;4.1;;98.8;0.988553;238.91;232.66;4.526167;4.5;;98.8;0.988553;238.91;232.66;4.526167;4.5;;99.8;0.997984;233.77;202.48;6.106767;6.1;;99.8;0.997984;233.77;202.48;6.106767;6.1;;;;;;;;;;;;;;;;;;;;;;
2;Nordeste;22;PI;Piauí;2202802;Conceição do Canindé;88408.485;17925.48;62905.48;12754.56;60445.69;12564.06;17675.338;2591.711;11547.698;25716.571;57531.318;2914.373;Administração, defesa, educação e saúde públicas e seguridade social;Demais serviços;Agricultura, inclusive apoio à agricultura e a pós colheita;6;True;98.0;0.976655;256.4;248.33;4.008153;3.9;;98.0;0.976655;256.4;248.33;4.008153;3.9;;89.8;0.905462;265.77;257.58;5.389167;4.9;;89.8;0.905462;265.77;257.58;5.389167;4.9;;94.1;0.943569;198.7;188.82;5.189128;4.9;;94.1;0.943569;198.7;188.82;5.189128;4.9;;;;;;;;;;;;;;;;;;;;;;
2;Nordeste;22;PI;Piauí;2202851;Coronel José Dias;55718.041;13110.13;48787.853;11479.49;40770.481;8696.77;5188.299;1981.002;6863.146;24769.264;38801.71;1968.771;Administração, defesa, educação e saúde públicas e seguridade social;Demais serviços;Pecuária, inclusive apoio à pecuária;6;True;97.1;0.973518;255.82;258.0;4.144767;4.0;;97.1;0.973518;255.82;258.0;4.144767;4.0;;86.1;0.850508;230.73;241.3;4.533833;3.9;;86.1;0.850508;230.73;241.3;4.533833;3.9;;96.5;0.963151;216.51;201.64;5.762105;5.5;;96.5;0.963151;216.51;201.64;5.762105;5.5;;;;;;;;;;;;;;;;;;;;;;
2;Nordeste;22;PI;Piauí;2202901;Corrente;764221.648;28016.04;781393.127;28638.19;680737.206;25428.16;165632.582;26751.541;286086.784;132399.656;610870.564;69866.642;Agricultura, inclusive apoio à agricultura e a pós colheita;Comércio e reparação de veículos automotores e motocicletas;Demais serviços;8;True;96.4;0.961785;256.54;256.67;4.134969;4.0;;96.1;0.963337;251.19;253.97;4.01941;3.9;;90.7;0.908294;223.62;223.53;4.119167;3.7;;91.6;0.915149;218.46;222.41;4.0145;3.7;;98.2;0.982648;178.68;174.3;4.543067;4.5;;98.2;0.982648;178.68;174.3;4.543067;4.5;;96.3;0.956994;209.3;220.43;3.828833;3.7;;96.9;0.984;267.55;262.23;4.372838;4.3;;;;;;;;
2;Nordeste;22;PI;Piauí;2203008;Cristalândia do Piauí;89547.212;12173.36;75395.563;10352.27;75069.034;8990.3;17353.006;2116.328;11826.714;40632.997;71929.044;3139.991;Administração, defesa, educação e saúde públicas e seguridade social;Pecuária, inclusive apoio à pecuária;Demais serviços;6;True;95.4;0.955532;236.04;235.7;3.533126;3.4;;95.4;0.955532;236.04;235.7;3.533126;3.4;;96.1;0.961373;232.65;238.23;4.514667;4.3;;96.1;0.961373;232.65;238.23;4.514667;4.3;;98.5;0.985099;192.4;172.87;4.778899;4.7;;98.5;0.985099;192.4;172.87;4.778899;4.7;;;;;;;;;;;;;;;;;;;;;;
2;Nordeste;22;PI;Piauí;2203107;Cristino Castro;155695.982;14823.95;131510.475;12521.23;121468.484;11608.23;6573.846;6898.3;42773.908;56162.422;112408.475;9060.008;Administração, defesa, educação e saúde públicas e seguridade social;Demais serviços;Comércio e reparação de veículos automotores e motocicletas;7;True;95.2;0.954526;256.04;258.21;4.151001;4.0;;95.2;0.954526;256.04;258.21;4.151001;4.0;;59.1;0.614677;250.51;243.76;4.9045;3.0;;66.3;0.669841;244.33;248.73;4.884333;3.3;;85.1;0.846118;195.14;182.08;4.998644;4.2;;85.1;0.846118;195.14;182.08;4.998644;4.2;;87.4;0.887988;242.64;250.09;4.878833;4.3;;;;;;;;;;;;;;;
2;Nordeste;22;PI;Piauí;2203206;Curimatá;186259.286;16527.0;166600.067;14782.61;140861.162;12290.48;18752.824;11243.555;42846.373;58905.083;131747.835;9113.327;Administração, defesa, educação e saúde públicas e seguridade social;Demais serviços;Comércio e reparação de veículos automotores e motocicletas;7;True;98.0;0.981476;262.86;253.08;4.169991;4.1;;98.0;0.981476;262.86;253.08;4.169991;4.1;;98.1;0.981438;243.35;243.2;4.775833;4.7;;98.8;0.987713;257.19;251.02;5.136833;5.1;;99.5;0.994538;210.59;193.95;5.50931;5.5;;99.5;0.994538;210.59;193.95;5.50931;5.5;;100.0;1.0;266.22;256.13;5.3725;5.4;;;;;;;;;;;;;;;
2;Nordeste;22;PI;Piauí;2203230;Currais;569945.797;117417.76;616191.331;127207.13;409013.145;82098.18;299393.436;15651.543;40405.524;29923.869;385374.372;23638.773;Agricultura, inclusive apoio à agricultura e a pós colheita;Demais serviços;Administração, defesa, educação e saúde públicas e seguridade social;6;True;100.0;1.0;243.01;234.36;3.610959;3.6;;100.0;1.0;243.01;234.36;3.610959;3.6;;91.6;0.912393;237.88;227.27;4.419167;4.0;;91.6;0.912393;237.88;227.27;4.419167;4.0;;91.0;0.909583;208.44;204.72;5.664097;5.2;;91.0;0.909583;208.44;204.72;5.664097;5.2;;;;;;;;;;;;;;;;;;;;;;
2;Nordeste;22;PI;Piauí;2203255;Curralinhos;53723.384;12173.89;45190.392;10240.29;39659.739;8862.51;6162.589;1273.629;7322.018;23392.879;38151.115;1508.624;Administração, defesa, educação e saúde públicas e seguridade social;Demais serviços;Produção florestal, pesca e aquicultura;6;True;97.6;0.974954;250.56;239.12;3.788256;3.7;;97.6;0.974954;250.56;239.12;3.788256;3.7;;99.2;0.992441;236.88;224.13;4.350167;4.3;;99.2;0.992441;236.88;224.13;4.350167;4.3;;98.9;0.988682;188.74;181.36;4.863416;4.8;;98.9;0.988682;188.74;181.36;4.863416;4.8;;;;;;;;;;;;;;;;;;;;;;
2;Nordeste;22;PI;Piauí;2203271;Curral Novo do Piauí;98620.067;19440.19;370813.965;73095.6;78413.731;14548.0;6068.213;19998.016;8396.254;32870.457;67332.94;11080.791;Administração, defesa, educação e saúde públicas e seguridade social;Eletricidade e gás, água, esgoto, atividades de gestão de resíduos e descontaminação;Demais serviços;6;True;98.0;0.979971;266.93;261.41;4.351854;4.3;;98.0;0.979971;266.93;261.41;4.351854;4.3;;98.1;0.98097;250.34;254.25;5.0765;5.0;;98.1;0.98097;250.34;254.25;5.0765;5.0;;100.0;1.0;210.6;203.0;5.674046;5.7;;100.0;1.0;210.6;203.0;5.674046;5.7;;;;;;;;;;;;;;;;;;;;;;
2;Nordeste;22;PI;Piauí;2203305;Demerval Lobão;343572.642;21011.05;292740.313;18465.93;215833.93;15570.19;3406.201;48545.307;59175.186;77283.112;188409.806;27424.125;Administração, defesa, educação e saúde públicas e seguridade social;Demais serviços;Indústrias de transformação;6;True;94.9;0.952143;256.12;251.64;4.053771;3.9;;94.9;0.952143;256.12;251.64;4.053771;3.9;;99.9;0.998493;317.73;305.63;7.056;7.0;;99.9;0.998745;265.83;268.7;5.5755;5.6;;100.0;1.0;253.25;254.47;7.423795;7.4;;100.0;1.0;253.25;254.47;7.423795;7.4;;;;;;;;;;;;;;;;;;;;;;
2;Nordeste;22;PI;Piauí;2203354;Dirceu Arcoverde;89610.762;12703.54;74932.826;10622.74;67492.72;9578.87;7113.757;2516.125;14298.508;39741.905;63670.294;3822.425;Administração, defesa, educação e saúde públicas e seguridade social;Demais serviços;Pecuária, inclusive apoio à pecuária;6;True;95.0;0.964286;268.15;263.52;4.400576;4.2;;95.0;0.964286;268.15;263.52;4.400576;4.2;;;;;;;;;94.9;0.946614;253.64;245.2;4.980667;4.7;;97.9;0.979762;170.57;168.75;4.287387;4.2;;97.9;0.979762;170.57;168.75;4.287387;4.2;;100.0;1.0;260.45;259.59;5.334;5.3;;;;;;;;;;;;;;;
2;Nordeste;22;PI;Piauí;2203404;Dom Expedito Lopes;93968.986;14868.51;88388.858;13985.58;78053.04;11246.84;5596.996;4202.745;26463.194;35687.381;71950.315;6102.724;Administração, defesa, educação e saúde públicas e seguridade social;Demais serviços;Comércio e reparação de veículos automotores e motocicletas;4;True;;;;;;;;;;;;;;;100.0;1.0;259.01;257.79;5.28;5.3;;100.0;1.0;259.01;257.79;5.28;5.3;;99.5;0.994962;228.69;216.7;6.268366;6.2;;99.5;0.994962;228.69;216.7;6.268366;6.2;;;;;;;;;;;;;;;;;;;;;;
2;Nordeste;22;PI;Piauí;2203420;Domingos Mourão;55942.899;13728.32;49241.613;12083.83;46531.734;10692.03;6484.567;2217.038;10784.439;25075.608;44561.652;1970.082;Administração, defesa, educação e saúde públicas e seguridade social;Demais serviços;Agricultura, inclusive apoio à agricultura e a pós colheita;6;True;100.0;1.0;264.56;276.36;4.54237;4.5;;100.0;1.0;264.56;276.36;4.54237;4.5;;100.0;1.0;279.78;283.23;6.050167;6.1;;100.0;1.0;279.78;283.23;6.050167;6.1;;100.0;1.0;283.08;275.94;8.383434;8.4;;100.0;1.0;283.08;275.94;8.383434;8.4;;;;;;;;;;;;;;;;;;;;;;
2;Nordeste;22;PI;Piauí;2203453;Dom Inocêncio;212410.057;23191.4;156531.384;17090.44;164346.754;17165.94;10867.869;66547.839;22357.164;49874.723;149647.595;14699.159;Administração, defesa, educação e saúde públicas e seguridade social;Construção;Eletricidade e gás, água, esgoto, atividades de gestão de resíduos e descontaminação;6;True;99.3;0.99264;253.08;237.12;3.793709;3.8;;99.3;0.99264;253.08;237.12;3.793709;3.8;;100.0;1.0;247.59;243.82;4.856833;4.9;;100.0;1.0;247.59;243.82;4.856833;4.9;;100.0;1.0;208.59;194.58;5.482596;5.5;;100.0;1.0;208.59;194.58;5.482596;5.5;;;;;;;;;;;;;;;;;;;;;;
2;Nordeste;22;PI;Piauí;2203503;Elesbão Veloso;208872.796;15350.39;173676.347;12763.75;164744.743;11322.66;19390.584;8557.696;54588.364;71600.393;154137.037;10607.705;Administração, defesa, educação e saúde públicas e seguridade social;Demais serviços;Comércio e reparação de veículos automotores e motocicletas;7;True;100.0;1.0;257.97;258.55;4.183197;4.2;;100.0;1.0;257.97;258.55;4.183197;4.2;;96.9;0.971214;256.6;263.61;5.336833;5.2;;96.8;0.970817;259.16;261.24;5.34;5.2;;99.8;0.99839;213.55;206.45;5.793071;5.8;;99.8;0.99839;213.55;206.45;5.793071;5.8;;96.5;0.967053;265.59;255.27;5.347667;5.2;;;;;;;;;;;;;;;
2;Nordeste;22;PI;Piauí;2203602;Eliseu Martins;65844.305;15043.25;57179.004;13063.51;55592.235;11246.66;5439.273;3559.163;17267.592;25284.485;51550.513;4041.723;Administração, defesa, educação e saúde públicas e seguridade social;Demais serviços;Comércio e reparação de veículos automotores e motocicletas;6;True;99.3;0.99187;269.37;263.34;4.415016;4.4;;99.3;0.99187;269.37;263.34;4.415016;4.4;;96.8;0.974115;253.12;251.26;5.073;4.9;;96.8;0.974115;253.12;251.26;5.073;4.9;;98.3;0.984813;197.33;203.59;5.431529;5.3;;98.3;0.984813;197.33;203.59;5.431529;5.3;;;;;;;;;;;;;;;;;;;;;;
2;Nordeste;22;PI;Piauí;2203701;Esperantina;630892.878;15398.9;538674.19;13148.02;456614.921;11428.8;16719.854;30154.314;175756.507;196405.603;419036.28;37578.642;Administração, defesa, educação e saúde públicas e seguridade social;Demais serviços;Comércio e reparação de veículos automotores e motocicletas;7;True;97.6;0.97851;265.2;264.15;4.368575;4.3;;97.6;0.97851;265.2;264.15;4.368575;4.3;;98.6;0.98644;243.85;244.06;4.7985;4.7;;98.7;0.987448;245.89;246.08;4.866167;4.8;;99.1;0.991567;224.97;213.09;6.131737;6.1;;99.1;0.991567;224.97;213.09;6.131737;6.1;;100.0;1.0;258.63;258.68;5.2885;5.3;;;;;;;;;;;;;;;
2;Nordeste;22;PI;Piauí;2203750;Fartura do Piauí;63132.332;11947.83;53212.693;10070.53;46774.439;8775.69;6161.396;1237.226;7508.289;29431.378;44338.289;2436.15;Administração, defesa, educação e saúde públicas e seguridade social;Demais serviços;Pecuária, inclusive apoio à pecuária;7;True;94.7;0.95545;256.87;240.31;3.894694;3.7;;94.7;0.95545;256.87;240.31;3.894694;3.7;;78.9;0.786067;219.97;229.35;4.155333;3.3;;82.9;0.831522;239.09;248.45;4.792333;4.0;;94.9;0.952955;196.23;182.76;5.031809;4.8;;94.9;0.952955;196.23;182.76;5.031809;4.8;;98.6;0.984536;251.25;260.6;5.1975;5.1;;;;;;;;;;;;;;;
2;Nordeste;22;PI;Piauí;2203800;Flores do Piauí;55148.873;12494.08;49842.037;11291.81;48120.151;10786.85;6155.926;3312.416;9986.406;26644.685;46099.433;2020.719;Administração, defesa, educação e saúde públicas e seguridade social;Demais serviços;Agricultura, inclusive apoio à agricultura e a pós colheita;6;True;88.1;0.885909;255.61;260.24;4.175351;3.7;;88.1;0.885909;255.61;260.24;4.175351;3.7;;84.0;0.842663;261.93;251.98;5.231833;4.4;;84.0;0.842663;261.93;251.98;5.231833;4.4;;88.4;0.880206;206.12;193.08;5.408186;4.8;;88.4;0.880206;206.12;193.08;5.408186;4.8;;;;;;;;;;;;;;;;;;;;;;
2;Nordeste;22;PI;Piauí;2203859;Floresta do Piauí;31642.489;13563.0;27972.775;11990.04;25258.408;9862.71;3257.325;808.549;4970.333;15014.01;24050.217;1208.191;Administração, defesa, educação e saúde públicas e seguridade social;Demais serviços;Pecuária, inclusive apoio à pecuária;6;True;97.8;0.983115;288.89;274.05;4.849503;4.8;;97.8;0.983115;288.89;274.05;4.849503;4.8;;100.0;1.0;262.38;265.85;5.4705;5.5;;100.0;1.0;262.38;265.85;5.4705;5.5;;100.0;1.0;207.01;217.56;5.870262;5.9;;100.0;1.0;207.01;217.56;5.870262;5.9;;;;;;;;;;;;;;;;;;;;;;
2;Nordeste;22;PI;Piauí;2203909;Floriano;1693507.84;27298.79;1510317.344;24345.82;1375703.712;22886.06;20909.578;96984.362;788406.896;290321.345;1196622.182;179081.53;Demais serviços;Comércio e reparação de veículos automotores e motocicletas;Administração, defesa, educação e saúde públicas e seguridade social;8;True;93.0;0.934009;273.16;281.24;4.736211;4.4;;93.7;0.939557;265.78;274.38;4.529864;4.3;;93.8;0.94476;272.44;272.89;5.7555;5.4;;94.9;0.954131;269.02;272.26;5.688;5.4;;95.5;0.955625;227.02;212.89;6.167223;5.9;;95.5;0.955625;227.02;212.89;6.167223;5.9;;99.5;0.995479;261.18;270.83;5.5335;5.5;;91.3;0.920346;294.67;301.25;5.337868;4.9;;;;;;;;
2;Nordeste;22;PI;Piauí;2204006;Francinópolis;57190.927;12694.99;49002.728;10877.41;44796.54;8381.02;3905.083;2150.59;9346.6;27438.478;42840.751;1955.789;Administração, defesa, educação e saúde públicas e seguridade social;Demais serviços;Comércio e reparação de veículos automotores e motocicletas;6;True;97.8;0.982044;273.18;263.75;4.474665;4.4;;97.8;0.982044;273.18;263.75;4.474665;4.4;;95.1;0.949807;252.39;246.02;4.9735;4.7;;95.1;0.949807;252.39;246.02;4.9735;4.7;;100.0;1.0;234.54;222.28;6.481461;6.5;;100.0;1.0;234.54;222.28;6.481461;6.5;;;;;;;;;;;;;;;;;;;;;;
2;Nordeste;22;PI;Piauí;2204105;Francisco Ayres;66832.997;15148.0;58490.16;13257.06;46762.982;10875.11;6808.995;2139.725;9760.631;26236.124;44945.476;1817.506;Administração, defesa, educação e saúde públicas e seguridade social;Demais serviços;Agricultura, inclusive apoio à agricultura e a pós colheita;6;True;98.6;0.98725;285.94;264.33;4.662561;4.6;;98.6;0.98725;285.94;264.33;4.662561;4.6;;90.4;0.906611;240.4;240.44;4.680667;4.2;;90.4;0.906611;240.4;240.44;4.680667;4.2;;91.8;0.91335;183.14;167.12;4.497636;4.1;;91.8;0.91335;183.14;167.12;4.497636;4.1;;;;;;;;;;;;;;;;;;;;;;
2;Nordeste;22;PI;Piauí;2204154;Francisco Macedo;37456.469;12788.14;33190.808;11331.79;30662.301;9534.3;1913.729;1116.564;6800.795;19609.992;29441.08;1221.221;Administração, defesa, educação e saúde públicas e seguridade social;Demais serviços;Comércio e reparação de veículos automotores e motocicletas;6;True;96.3;0.964025;258.79;269.27;4.355193;4.2;;96.3;0.964025;258.79;269.27;4.355193;4.2;;100.0;1.0;237.03;244.46;4.6915;4.7;;100.0;1.0;237.03;244.46;4.6915;4.7;;100.0;1.0;205.86;187.25;5.297224;5.3;;100.0;1.0;205.86;187.25;5.297224;5.3;;;;;;;;;;;;;;;;;;;;;;
2;Nordeste;22;PI;Piauí;2204204;Francisco Santos;111541.415;13541.51;93402.782;11339.42;83052.691;8813.83;7629.359;4971.756;21505.831;44386.606;78493.552;4559.139;Administração, defesa, educação e saúde públicas e seguridade social;Demais serviços;Comércio e reparação de veículos automotores e motocicletas;7;True;95.6;0.957415;280.87;287.77;4.942252;4.7;;95.6;0.957415;280.87;287.77;4.942252;4.7;;91.2;0.908225;267.51;277.14;5.744167;5.2;;92.9;0.92581;265.85;275.24;5.684833;5.3;;99.5;0.99496;216.59;190.84;5.567268;5.5;;99.5;0.99496;216.59;190.84;5.567268;5.5;;100.0;1.0;259.07;267.5;5.442833;5.4;;;;;;;;;;;;;;;
2;Nordeste;22;PI;Piauí;2204303;Fronteiras;140144.701;13660.66;129708.514;12643.39;124837.534;10679.0;9061.772;17071.996;36806.388;56153.98;119094.136;5743.398;Administração, defesa, educação e saúde públicas e seguridade social;Demais serviços;Indústrias extrativas;6;True;93.7;0.94273;274.72;267.09;4.546294;4.3;;93.7;0.94273;274.72;267.09;4.546294;4.3;;94.1;0.939169;247.16;251.39;4.975833;4.7;;94.1;0.939169;247.16;251.39;4.975833;4.7;;98.7;0.985588;259.61;228.55;7.073897;7.0;;98.7;0.985588;259.61;228.55;7.073897;7.0;;;;;;;;;;;;;;;;;;;;;;
2;Nordeste;22;PI;Piauí;2204352;Geminiano;70886.212;13018.59;63986.188;11751.37;59302.294;10827.51;12506.176;5612.569;10664.606;27076.09;55859.441;3442.852;Administração, defesa, educação e saúde públicas e seguridade social;Demais serviços;Agricultura, inclusive apoio à agricultura e a pós colheita;6;True;93.0;0.938721;254.16;279.68;4.446003;4.2;;93.0;0.938721;254.16;279.68;4.446003;4.2;;97.2;0.970838;234.78;237.72;4.541667;4.4;;97.2;0.970838;234.78;237.72;4.541667;4.4;;99.1;0.991147;201.01;188.33;5.224303;5.2;;99.1;0.991147;201.01;188.33;5.224303;5.2;;;;;;;;;;;;;;;;;;;;;;
2;Nordeste;22;PI;Piauí;2204402;Gilbués;490465.138;45029.85;517713.251;47531.51;416900.357;38969.93;231031.585;16983.194;77347.889;62513.951;387876.619;29023.738;Agricultura, inclusive apoio à agricultura e a pós colheita;Administração, defesa, educação e saúde públicas e seguridade social;Demais serviços;7;True;94.3;0.940763;262.3;262.56;4.304042;4.0;;94.3;0.940763;262.3;262.56;4.304042;4.0;;75.3;0.77949;182.4;196.45;2.980833;2.3;;83.8;0.844604;227.79;235.44;4.387167;3.7;;90.3;0.906018;168.96;157.91;4.059571;3.7;;90.3;0.906018;168.96;157.91;4.059571;3.7;;96.6;0.965246;237.15;243.48;4.677167;4.5;;;;;;;;;;;;;;;
2;Nordeste;22;PI;Piauí;2204501;Guadalupe;584966.191;56958.73;561165.893;54641.27;637210.254;60709.82;197911.875;305815.298;55696.172;59483.46;618906.805;18303.45;Eletricidade e gás, água, esgoto, atividades de gestão de resíduos e descontaminação;Agricultura, inclusive apoio à agricultura e a pós colheita;Administração, defesa, educação e saúde públicas e seguridade social;6;True;96.9;0.970871;266.4;259.28;4.312524;4.2;;96.9;0.970871;266.4;259.28;4.312524;4.2;;88.2;0.881377;239.88;238.54;4.640333;4.1;;88.9;0.889805;240.84;240.95;4.6965;4.2;;96.0;0.95704;190.66;178.44;4.846966;4.6;;96.0;0.95704;190.66;178.44;4.846966;4.6;;;;;;;;;;;;;;;;;;;;;;
2;Nordeste;22;PI;Piauí;2204550;Guaribas;60293.962;14100.55;51221.649;11978.87;45098.714;9861.95;5821.549;1824.727;6909.767;28425.457;42981.501;2117.214;Administração, defesa, educação e saúde públicas e seguridade social;Demais serviços;Agricultura, inclusive apoio à agricultura e a pós colheita;6;True;100.0;1.0;233.78;220.5;3.273839;3.3;;100.0;1.0;233.78;220.5;3.273839;3.3;;98.9;0.989133;211.29;206.58;3.631167;3.6;;98.9;0.989133;211.29;206.58;3.631167;3.6;;99.7;0.996964;187.0;170.27;4.628573;4.6;;99.7;0.996964;187.0;170.27;4.628573;4.6;;;;;;;;;;;;;;;;;;;;;;
2;Nordeste;22;PI;Piauí;2204600;Hugo Napoleão;41161.186;11700.17;36113.171;10265.26;34066.443;8780.01;3219.657;1799.407;6889.932;20764.244;32673.24;1393.202;Administração, defesa, educação e saúde públicas e seguridade social;Demais serviços;Agricultura, inclusive apoio à agricultura e a pós colheita;6;True;97.2;0.971014;263.57;263.9;4.341939;4.2;;97.2;0.971014;263.57;263.9;4.341939;4.2;;99.6;0.995181;248.97;251.53;5.008333;5.0;;99.6;0.995181;248.97;251.53;5.008333;5.0;;100.0;1.0;194.03;187.66;5.078915;5.1;;100.0;1.0;194.03;187.66;5.078915;5.1;;;;;;;;;;;;;;;;;;;;;;
2;Nordeste;22;PI;Piauí;2204659;Ilha Grande;132842.2;14324.15;119887.821;12927.3;119726.582;12620.07;13929.506;35685.436;15563.914;51143.475;116322.331;3404.252;Administração, defesa, educação e saúde públicas e seguridade social;Eletricidade e gás, água, esgoto, atividades de gestão de resíduos e descontaminação;Demais serviços;7;True;100.0;1.0;250.94;258.52;4.084012;4.1;;100.0;1.0;250.94;258.52;4.084012;4.1;;95.4;0.953251;237.13;250.27;4.79;4.6;;95.3;0.951614;238.17;253.69;4.864333;4.6;;97.2;0.971654;178.99;177.21;4.601892;4.5;;97.2;0.971654;178.99;177.21;4.601892;4.5;;94.5;0.943615;240.22;260.44;5.011;4.7;;;;;;;;;;;;;;;
2;Nordeste;22;PI;Piauí;2204709;Inhuma;190109.576;12709.56;168787.038;11284.06;163648.782;10675.07;23813.987;10449.673;42968.975;76471.662;153704.297;9944.485;Administração, defesa, educação e saúde públicas e seguridade social;Demais serviços;Agricultura, inclusive apoio à agricultura e a pós colheita;7;True;99.8;0.997992;269.24;265.82;4.450316;4.4;;99.8;0.997992;269.24;265.82;4.450316;4.4;;100.0;1.0;237.92;238.32;4.604;4.6;;100.0;1.0;254.79;255.54;5.172167;5.2;;100.0;1.0;204.29;198.82;5.477626;5.5;;100.0;1.0;204.29;198.82;5.477626;5.5;;100.0;1.0;268.18;269.21;5.623167;5.6;;;;;;;;;;;;;;;
2;Nordeste;22;PI;Piauí;2204808;Ipiranga do Piauí;101790.387;10805.77;87654.3;9305.13;82428.165;8357.31;7746.453;5068.691;19036.251;46292.924;78144.319;4283.846;Administração, defesa, educação e saúde públicas e seguridade social;Demais serviços;Agricultura, inclusive apoio à agricultura e a pós colheita;7;True;80.8;0.81146;253.47;245.59;3.925983;3.2;;80.8;0.81146;253.47;245.59;3.925983;3.2;;99.8;0.997481;258.75;258.44;5.2865;5.3;;99.8;0.997988;260.71;258.37;5.318;5.3;;100.0;1.0;232.55;223.41;6.46403;6.5;;100.0;1.0;232.55;223.41;6.46403;6.5;;100.0;1.0;264.49;258.23;5.378667;5.4;;;;;;;;;;;;;;;
2;Nordeste;22;PI;Piauí;2204907;Isaías Coelho;93918.913;12081.16;81559.311;10491.29;80798.342;9414.86;10748.484;2882.22;18848.664;44091.143;76570.512;4227.831;Administração, defesa, educação e saúde públicas e seguridade social;Demais serviços;Pecuária, inclusive apoio à pecuária;6;True;100.0;1.0;248.24;246.13;3.860612;3.9;;100.0;1.0;248.24;246.13;3.860612;3.9;;98.1;0.983998;244.01;242.28;4.7715;4.7;;98.1;0.983998;244.01;242.28;4.7715;4.7;;99.4;0.994538;218.17;191.86;5.615966;5.6;;99.4;0.994538;218.17;191.86;5.615966;5.6;;;;;;;;;;;;;;;;;;;;;;
2;Nordeste;22;PI;Piauí;2205003;Itainópolis;126851.491;11756.39;111035.019;10290.55;108203.471;9351.26;22529.62;4817.331;21004.558;55045.27;103396.779;4806.691;Administração, defesa, educação e saúde públicas e seguridade social;Demais serviços;Pecuária, inclusive apoio à pecuária;7;True;98.7;0.987514;259.07;258.69;4.200743;4.1;;98.7;0.987514;259.07;258.69;4.200743;4.1;;97.6;0.975814;268.17;278.01;5.769667;5.6;;98.0;0.979356;258.71;267.4;5.435167;5.3;;99.5;0.994342;228.17;229.52;6.491533;6.5;;99.5;0.994342;228.17;229.52;6.491533;6.5;;100.0;1.0;230.85;236.13;4.449667;4.4;;;;;;;;;;;;;;;
2;Nordeste;22;PI;Piauí;2205102;Itaueira;164341.801;15919.97;151816.675;14706.64;131859.087;11947.0;18434.377;6789.758;37529.061;61786.556;124539.752;7319.335;Administração, defesa, educação e saúde públicas e seguridade social;Demais serviços;Agricultura, inclusive apoio à agricultura e a pós colheita;7;True;92.5;0.931347;269.96;280.75;4.683932;4.4;;92.5;0.931347;269.96;280.75;4.683932;4.4;;89.5;0.893127;218.96;220.79;3.995833;3.6;;90.5;0.901284;231.91;232.89;4.413333;4.0;;97.3;0.972215;203.85;187.78;5.268502;5.1;;97.3;0.972215;203.85;187.78;5.268502;5.1;;100.0;1.0;256.14;255.52;5.194333;5.2;;;;;;;;;;;;;;;
2;Nordeste;22;PI;Piauí;2205151;Jacobina do Piauí;91191.757;16246.53;77917.924;13881.69;69072.903;12079.91;15363.364;3589.351;12887.945;34035.754;65876.414;3196.49;Administração, defesa, educação e saúde públicas e seguridade social;Pecuária, inclusive apoio à pecuária;Demais serviços;6;True;100.0;1.0;266.05;266.71;4.418836;4.4;;100.0;1.0;266.05;266.71;4.418836;4.4;;97.1;0.970653;257.1;255.02;5.202;5.0;;97.1;0.970653;257.1;255.02;5.202;5.0;;99.5;0.995165;230.71;204.91;6.092552;6.1;;99.5;0.995165;230.71;204.91;6.092552;6.1;;;;;;;;;;;;;;;;;;;;;;
2;Nordeste;22;PI;Piauí;2205201;Jaicós;214290.092;12226.28;199386.07;11375.94;191772.956;9971.04;29134.476;9324.003;51145.977;90950.698;180555.153;11217.803;Administração, defesa, educação e saúde públicas e seguridade social;Demais serviços;Agricultura, inclusive apoio à agricultura e a pós colheita;7;True;91.7;0.927668;267.49;266.28;4.432624;4.1;;91.7;0.927668;267.49;266.28;4.432624;4.1;;97.6;0.979511;259.07;257.65;5.278667;5.2;;97.8;0.980273;259.48;258.23;5.295167;5.2;;97.9;0.97902;222.79;204.19;5.928316;5.8;;97.9;0.97902;222.79;204.19;5.928316;5.8;;100.0;1.0;261.01;260.44;5.3575;5.4;;;;;;;;;;;;;;;
2;Nordeste;22;PI;Piauí;2205250;Jardim do Mulato;51475.934;12314.82;44071.154;10543.34;39632.906;8764.46;4126.6;1560.537;7057.969;25553.889;38298.995;1333.911;Administração, defesa, educação e saúde públicas e seguridade social;Demais serviços;Agricultura, inclusive apoio à agricultura e a pós colheita;6;True;98.3;0.984209;252.72;246.92;3.93536;3.9;;98.3;0.984209;252.72;246.92;3.93536;3.9;;96.1;0.962145;250.72;249.11;4.997167;4.8;;96.1;0.962145;250.72;249.11;4.997167;4.8;;99.3;0.99301;198.63;190.0;5.209247;5.2;;99.3;0.99301;198.63;190.0;5.209247;5.2;;;;;;;;;;;;;;;;;;;;;;
2;Nordeste;22;PI;Piauí;2205276;Jatobá do Piauí;70002.934;15576.98;65517.388;14578.86;58752.288;12027.08;15840.825;2344.611;8504.044;29938.002;56627.482;2124.806;Administração, defesa, educação e saúde públicas e seguridade social;Agricultura, inclusive apoio à agricultura e a pós colheita;Demais serviços;6;True;100.0;1.0;262.64;253.28;4.169895;4.2;;100.0;1.0;262.64;253.28;4.169895;4.2;;100.0;1.0;246.77;245.31;4.868;4.9;;100.0;1.0;246.77;245.31;4.868;4.9;;100.0;1.0;177.64;173.45;4.507765;4.5;;100.0;1.0;177.64;173.45;4.507765;4.5;;;;;;;;;;;;;;;;;;;;;;
2;Nordeste;22;PI;Piauí;2205300;Jerumenha;68875.199;15315.81;61916.869;13768.48;63533.129;14299.6;17608.109;2830.937;13267.808;26578.093;60284.947;3248.182;Administração, defesa, educação e saúde públicas e seguridade social;Produção florestal, pesca e aquicultura;Demais serviços;4;True;98.8;0.989449;265.93;264.24;4.380175;4.3;;98.8;0.989449;265.93;264.24;4.380175;4.3;;;;;;;;;;;;;;;;93.0;0.931805;188.72;177.37;4.790489;4.5;;93.0;0.931805;188.72;177.37;4.790489;4.5;;;;;;;;;;;;;;;;;;;;;;
2;Nordeste;22;PI;Piauí;2205359;João Costa;82059.471;27629.45;71554.826;24092.53;69288.521;23073.1;9399.329;32767.385;5575.413;19935.087;67677.215;1611.306;Eletricidade e gás, água, esgoto, atividades de gestão de resíduos e descontaminação;Administração, defesa, educação e saúde públicas e seguridade social;Agricultura, inclusive apoio à agricultura e a pós colheita;6;True;99.2;0.993243;247.28;234.11;3.667189;3.6;;99.2;0.993243;247.28;234.11;3.667189;3.6;;92.5;0.917267;211.22;213.79;3.750167;3.4;;92.5;0.917267;211.22;213.79;3.750167;3.4;;93.0;0.92769;167.79;155.39;3.991425;3.7;;93.0;0.92769;167.79;155.39;3.991425;3.7;;;;;;;;;;;;;;;;;;;;;;
2;Nordeste;22;PI;Piauí;2205409;Joaquim Pires;145543.184;10481.29;125267.939;9021.17;118898.035;8259.1;14643.87;5262.676;23283.662;70817.032;114007.239;4890.796;Administração, defesa, educação e saúde públicas e seguridade social;Demais serviços;Agricultura, inclusive apoio à agricultura e a pós colheita;7;True;96.8;0.965716;267.31;267.1;4.442371;4.3;;96.8;0.965716;267.31;267.1;4.442371;4.3;;96.6;0.963143;264.78;259.8;5.409667;5.2;;97.0;0.968794;261.85;258.53;5.339667;5.2;;98.4;0.983461;235.26;204.76;6.176656;6.1;;98.4;0.983461;235.26;204.76;6.176656;6.1;;100.0;1.0;247.46;252.25;4.995167;5.0;;;;;;;;;;;;;;;
2;Nordeste;22;PI;Piauí;2205458;Joca Marques;58124.622;10775.79;53159.256;9855.26;46225.859;8423.08;4518.598;1595.066;8233.633;30220.131;44567.428;1658.432;Administração, defesa, educação e saúde públicas e seguridade social;Demais serviços;Pecuária, inclusive apoio à pecuária;6;True;100.0;1.0;253.13;255.03;4.062525;4.1;;100.0;1.0;253.13;255.03;4.062525;4.1;;92.5;0.923075;230.91;227.93;4.314;4.0;;92.5;0.923075;230.91;227.93;4.314;4.0;;95.9;0.95554;208.8;192.68;5.452058;5.2;;95.9;0.95554;208.8;192.68;5.452058;5.2;;;;;;;;;;;;;;;;;;;;;;
2;Nordeste;22;PI;Piauí;2205508;José de Freitas;553848.03;13013.65;458096.63;10763.8;390737.387;9902.87;37597.171;25208.851;116794.598;187018.77;366619.39;24117.998;Administração, defesa, educação e saúde públicas e seguridade social;Demais serviços;Comércio e reparação de veículos automotores e motocicletas;6;True;95.4;0.95027;259.01;261.98;4.249151;4.0;;95.2;0.95027;259.01;261.98;4.249151;4.0;;94.7;0.94773;231.95;229.92;4.3645;4.1;;94.7;0.94773;231.95;229.92;4.3645;4.1;;98.3;0.983259;194.36;181.4;4.971395;4.9;;98.3;0.983259;194.36;181.4;4.971395;4.9;;;;;;;;;;;;;;;;;;;;;;
2;Nordeste;22;PI;Piauí;2205516;Juazeiro do Piauí;67355.058;12918.12;60019.551;11511.23;55947.623;10188.97;7253.481;3327.081;12440.018;30115.624;53136.204;2811.42;Administração, defesa, educação e saúde públicas e seguridade social;Demais serviços;Comércio e reparação de veículos automotores e motocicletas;6;True;99.6;0.996306;278.61;274.55;4.712606;4.7;;99.6;0.996306;278.61;274.55;4.712606;4.7;;88.3;0.881929;253.15;260.05;5.22;4.6;;88.3;0.881929;253.15;260.05;5.22;4.6;;95.4;0.954592;227.04;216.53;6.233786;6.0;;95.4;0.954592;227.04;216.53;6.233786;6.0;;;;;;;;;;;;;;;;;;;;;;
2;Nordeste;22;PI;Piauí;2205524;Júlio Borges;107846.855;20016.12;112304.479;20843.44;78728.857;13926.92;9292.601;21845.005;12950.202;32729.368;76817.176;1911.681;Administração, defesa, educação e saúde públicas e seguridade social;Indústrias extrativas;Demais serviços;6;True;94.9;0.961422;255.77;229.56;3.718316;3.6;;94.9;0.961422;255.77;229.56;3.718316;3.6;;91.9;0.915304;223.01;218.64;4.0275;3.7;;91.9;0.915304;223.01;218.64;4.0275;3.7;;99.8;0.99778;222.79;220.24;6.220134;6.2;;99.8;0.99778;222.79;220.24;6.220134;6.2;;;;;;;;;;;;;;;;;;;;;;
2;Nordeste;22;PI;Piauí;2205532;Jurema;58058.491;13120.56;51630.263;11667.86;43566.022;9095.2;4589.885;1878.554;7472.782;28109.482;42050.704;1515.318;Administração, defesa, educação e saúde públicas e seguridade social;Demais serviços;Pecuária, inclusive apoio à pecuária;6;True;94.3;0.947048;268.22;240.11;4.05111;3.8;;94.3;0.947048;268.22;240.11;4.05111;3.8;;95.1;0.947801;232.92;231.92;4.414;4.2;;95.1;0.947801;232.92;231.92;4.414;4.2;;99.7;0.997577;176.98;156.29;4.18317;4.2;;99.7;0.997577;176.98;156.29;4.18317;4.2;;;;;;;;;;;;;;;;;;;;;;
2;Nordeste;22;PI;Piauí;2205540;Lagoinha do Piauí;46589.803;15852.26;49901.461;16979.06;40518.665;14118.0;1450.959;1541.339;18008.025;15472.189;36472.512;4046.153;Administração, defesa, educação e saúde públicas e seguridade social;Demais serviços;Comércio e reparação de veículos automotores e motocicletas;6;True;100.0;1.0;283.16;285.86;4.945822;4.9;;100.0;1.0;283.16;285.86;4.945822;4.9;;92.6;0.920039;262.18;261.66;5.397333;5.0;;92.6;0.920039;262.18;261.66;5.397333;5.0;;95.5;0.953965;216.57;194.25;5.628886;5.4;;95.5;0.953965;216.57;194.25;5.628886;5.4;;;;;;;;;;;;;;;;;;;;;;
2;Nordeste;22;PI;Piauí;2205557;Lagoa Alegre;96064.622;11635.73;82593.305;10004.03;77319.908;8980.24;5486.064;3453.595;17305.51;47244.409;73489.578;3830.33;Administração, defesa, educação e saúde públicas e seguridade social;Demais serviços;Comércio e reparação de veículos automotores e motocicletas;6;True;90.2;0.902318;246.88;239.71;3.745403;3.4;;90.2;0.902318;246.88;239.71;3.745403;3.4;;99.5;0.994719;250.6;245.68;4.938;4.9;;99.5;0.994719;250.6;245.68;4.938;4.9;;100.0;1.0;203.93;183.42;5.190756;5.2;;100.0;1.0;203.93;183.42;5.190756;5.2;;;;;;;;;;;;;;;;;;;;;;
2;Nordeste;22;PI;Piauí;2205565;Lagoa do Barro do Piauí;368692.56;73812.32;378789.791;75833.79;537525.0;115398.24;5299.874;368872.064;55564.792;31578.621;461315.35;76209.649;Eletricidade e gás, água, esgoto, atividades de gestão de resíduos e descontaminação;Indústrias de transformação;Demais serviços;6;True;98.1;0.981;271.59;294.17;4.907723;4.8;;98.1;0.981;271.59;294.17;4.907723;4.8;;91.0;0.915093;239.27;249.18;4.8075;4.4;;91.0;0.915093;239.27;249.18;4.8075;4.4;;93.8;0.939027;210.25;201.02;5.631366;5.3;;93.8;0.939027;210.25;201.02;5.631366;5.3;;;;;;;;;;;;;;;;;;;;;;
2;Nordeste;22;PI;Piauí;2205573;Lagoa de São Francisco;68298.742;10787.99;60414.782;9542.69;54980.493;8091.32;4010.499;1890.818;9820.304;37610.458;53332.079;1648.414;Administração, defesa, educação e saúde públicas e seguridade social;Demais serviços;Agricultura, inclusive apoio à agricultura e a pós colheita;6;True;94.5;0.949901;276.17;285.93;4.848696;4.6;;94.5;0.949901;276.17;285.93;4.848696;4.6;;96.9;0.970685;248.97;251.5;5.007833;4.9;;96.9;0.970685;248.97;251.5;5.007833;4.9;;99.4;0.992764;220.74;201.65;5.843012;5.8;;99.4;0.992764;220.74;201.65;5.843012;5.8;;;;;;;;;;;;;;;;;;;;;;
2;Nordeste;22;PI;Piauí;2205581;Lagoa do Piauí;100848.557;20966.44;98557.714;20490.17;74652.872;18270.4;4219.428;13407.702;25497.992;24403.396;67528.518;7124.355;Administração, defesa, educação e saúde públicas e seguridade social;Demais serviços;Comércio e reparação de veículos automotores e motocicletas;6;True;98.8;0.985597;250.56;252.58;3.989753;3.9;;98.8;0.985597;250.56;252.58;3.989753;3.9;;84.2;0.844761;246.46;247.31;4.896167;4.1;;84.2;0.844761;246.46;247.31;4.896167;4.1;;84.6;0.843491;182.92;177.02;4.673438;3.9;;84.6;0.843491;182.92;177.02;4.673438;3.9;;;;;;;;;;;;;;;;;;;;;;
2;Nordeste;22;PI;Piauí;2205599;Lagoa do Sítio;53534.403;11843.89;47233.349;10449.86;48595.097;9311.19;10667.435;1727.637;7814.072;26604.765;46813.909;1781.188;Administração, defesa, educação e saúde públicas e seguridade social;Agricultura, inclusive apoio à agricultura e a pós colheita;Demais serviços;6;True;99.4;0.993243;256.05;253.05;4.073896;4.0;;99.4;0.993243;256.05;253.05;4.073896;4.0;;99.3;0.993964;233.19;228.95;4.369;4.3;;99.3;0.993964;233.19;228.95;4.369;4.3;;100.0;1.0;181.62;166.72;4.461356;4.5;;100.0;1.0;181.62;166.72;4.461356;4.5;;;;;;;;;;;;;;;;;;;;;;
2;Nordeste;22;PI;Piauí;2205607;Landri Sales;129242.437;24792.33;121521.406;23311.22;109798.657;20826.76;47287.964;7144.385;18779.205;30587.588;103799.143;5999.515;Agricultura, inclusive apoio à agricultura e a pós colheita;Administração, defesa, educação e saúde públicas e seguridade social;Demais serviços;6;True;98.9;0.989611;281.86;274.3;4.75451;4.7;;98.9;0.989611;281.86;274.3;4.75451;4.7;;97.9;0.97856;283.15;278.14;6.0215;5.9;;97.9;0.97856;283.15;278.14;6.0215;5.9;;99.6;0.996553;234.62;210.66;6.271715;6.3;;99.6;0.996553;234.62;210.66;6.271715;6.3;;;;;;;;;;;;;;;;;;;;;;
2;Nordeste;22;PI;Piauí;2205706;Luís Correia;461806.251;15071.51;419366.904;13686.46;378631.761;12390.59;36125.904;27732.323;129129.469;159147.282;352134.979;26496.782;Administração, defesa, educação e saúde públicas e seguridade social;Demais serviços;Comércio e reparação de veículos automotores e motocicletas;7;True;98.5;0.986235;267.69;272.78;4.532738;4.5;;98.5;0.986235;267.69;272.78;4.532738;4.5;;89.7;0.900105;241.01;248.77;4.829667;4.3;;91.4;0.915432;244.74;250.29;4.917167;4.5;;94.6;0.945854;190.78;187.49;5.013802;4.7;;94.6;0.945854;190.78;187.49;5.013802;4.7;;98.1;0.979131;250.25;252.53;5.046333;4.9;;;;;;;;;;;;;;;
2;Nordeste;22;PI;Piauí;2205805;Luzilândia;318552.488;12553.79;272272.482;10729.95;241246.044;9452.84;18244.414;11911.656;71758.4;125676.876;227591.347;13654.697;Administração, defesa, educação e saúde públicas e seguridade social;Demais serviços;Comércio e reparação de veículos automotores e motocicletas;7;True;98.5;0.984117;266.68;267.77;4.443553;4.4;;98.5;0.984117;266.68;267.77;4.443553;4.4;;84.0;0.839376;235.54;242.24;4.629667;3.9;;85.3;0.852057;233.72;240.98;4.578333;3.9;;91.4;0.916309;186.37;183.77;4.862005;4.5;;91.4;0.916309;186.37;183.77;4.862005;4.5;;99.2;0.99389;226.19;235.8;4.3665;4.3;;;;;;;;;;;;;;;
2;Nordeste;22;PI;Piauí;2205854;Madeiro;87321.82;10871.74;78153.921;9730.32;75140.869;8975.26;6475.915;2455.554;13553.641;50288.019;72773.129;2367.74;Administração, defesa, educação e saúde públicas e seguridade social;Demais serviços;Agricultura, inclusive apoio à agricultura e a pós colheita;6;True;99.2;0.992967;253.29;252.15;4.021659;4.0;;99.2;0.992967;253.29;252.15;4.021659;4.0;;96.8;0.968411;225.18;220.66;4.097333;4.0;;96.8;0.968411;225.18;220.66;4.097333;4.0;;99.2;0.993511;183.86;178.71;4.722104;4.7;;99.2;0.993511;183.86;178.71;4.722104;4.7;;;;;;;;;;;;;;;;;;;;;;
2;Nordeste;22;PI;Piauí;2205904;Manoel Emídio;69456.569;13333.95;60167.04;11550.59;54806.522;10240.38;6608.152;2939.63;14749.149;27214.474;51511.404;3295.118;Administração, defesa, educação e saúde públicas e seguridade social;Demais serviços;Comércio e reparação de veículos automotores e motocicletas;7;True;100.0;1.0;259.84;254.29;4.145689;4.1;;100.0;1.0;259.84;254.29;4.145689;4.1;;98.5;0.981515;225.95;232.78;4.312167;4.2;;98.7;0.987677;238.98;239.41;4.639833;4.6;;99.2;0.990656;218.52;210.05;5.953373;5.9;;99.2;0.990656;218.52;210.05;5.953373;5.9;;99.1;0.982364;243.79;241.86;4.760833;4.7;;;;;;;;;;;;;;;
2;Nordeste;22;PI;Piauí;2205953;Marcolândia;194855.021;22835.46;238023.734;27894.5;198363.304;23092.35;10319.294;98923.226;32620.807;48198.016;190061.343;8301.961;Eletricidade e gás, água, esgoto, atividades de gestão de resíduos e descontaminação;Administração, defesa, educação e saúde públicas e seguridade social;Demais serviços;6;True;99.7;0.997319;260.9;267.61;4.359978;4.3;;99.7;0.997319;260.9;267.61;4.359978;4.3;;100.0;1.0;242.74;243.74;4.774667;4.8;;100.0;1.0;242.74;243.74;4.774667;4.8;;100.0;1.0;198.28;182.47;5.065659;5.1;;100.0;1.0;198.28;182.47;5.065659;5.1;;;;;;;;;;;;;;;;;;;;;;
2;Nordeste;22;PI;Piauí;2206001;Marcos Parente;68705.139;14543.85;59887.795;12677.35;54884.297;12073.1;4575.343;3093.09;16184.177;27690.395;51543.005;3341.292;Administração, defesa, educação e saúde públicas e seguridade social;Demais serviços;Comércio e reparação de veículos automotores e motocicletas;7;True;99.4;0.995629;270.78;279.08;4.670448;4.7;;99.4;0.995629;270.78;279.08;4.670448;4.7;;92.8;0.926997;271.25;269.51;5.679333;5.3;;93.9;0.939047;267.7;266.13;5.563833;5.2;;96.6;0.964121;205.14;187.08;5.280393;5.1;;96.6;0.964121;205.14;187.08;5.280393;5.1;;100.0;1.0;259.54;258.34;5.298;5.3;;;;;;;;;;;;;;;
2;Nordeste;22;PI;Piauí;2206050;Massapê do Piauí;60922.51;11675.45;53999.315;10348.66;52130.087;8074.67;5771.637;1785.549;9022.238;33914.981;50494.405;1635.682;Administração, defesa, educação e saúde públicas e seguridade social;Demais serviços;Pecuária, inclusive apoio à pecuária;4;True;100.0;1.0;278.23;267.43;4.600682;4.6;;100.0;1.0;278.23;267.43;4.600682;4.6;;;;;;;;;;;;;;;;93.8;0.939734;203.27;198.31;5.448888;5.1;;93.8;0.939734;203.27;198.31;5.448888;5.1;;;;;;;;;;;;;;;;;;;;;;
2;Nordeste;22;PI;Piauí;2206100;Matias Olímpio;132516.282;12453.37;106731.327;10030.2;95557.024;8703.62;5589.764;4307.909;23452.777;57761.703;91112.152;4444.872;Administração, defesa, educação e saúde públicas e seguridade social;Demais serviços;Comércio e reparação de veículos automotores e motocicletas;7;True;92.3;0.932949;255.27;256.16;4.109498;3.8;;92.3;0.932949;255.27;256.16;4.109498;3.8;;89.9;0.90392;230.55;229.62;4.336167;3.9;;91.2;0.91706;229.79;227.12;4.281833;3.9;;97.3;0.973619;192.07;181.95;4.937693;4.8;;97.3;0.973619;192.07;181.95;4.937693;4.8;;97.8;0.980693;227.49;219.55;4.117333;4.0;;;;;;;;;;;;;;;
2;Nordeste;22;PI;Piauí;2206209;Miguel Alves;421897.051;13122.77;342933.75;10666.68;312836.136;9227.93;36358.378;12964.601;65490.601;183239.819;298053.398;14782.738;Administração, defesa, educação e saúde públicas e seguridade social;Demais serviços;Agricultura, inclusive apoio à agricultura e a pós colheita;6;True;96.6;0.966168;240.17;235.91;3.594275;3.5;;96.6;0.966168;240.17;235.91;3.594275;3.5;;80.6;0.808356;214.63;221.7;3.938833;3.2;;80.6;0.808356;214.63;221.7;3.938833;3.2;;88.4;0.885595;173.4;164.53;4.264668;3.8;;88.4;0.885595;173.4;164.53;4.264668;3.8;;;;;;;;;;;;;;;;;;;;;;
2;Nordeste;22;PI;Piauí;2206308;Miguel Leão;34693.387;26322.75;33055.909;25080.36;23617.82;19062.0;802.64;1681.984;6998.817;12333.424;21816.865;1800.955;Administração, defesa, educação e saúde públicas e seguridade social;Demais serviços;Comércio e reparação de veículos automotores e motocicletas;6;True;84.6;0.857324;254.46;248.93;3.989888;3.4;;84.6;0.857324;254.46;248.93;3.989888;3.4;;80.2;0.787829;273.01;246.65;5.327667;4.2;;80.2;0.787829;273.01;246.65;5.327667;4.2;;90.0;0.895686;196.14;162.09;4.654273;4.2;;90.0;0.895686;196.14;162.09;4.654273;4.2;;;;;;;;;;;;;;;;;;;;;;
2;Nordeste;22;PI;Piauí;2206357;Milton Brandão;67924.822;10382.88;62177.308;9504.33;53563.0;8111.92;7044.314;1646.607;9334.259;33685.418;51710.599;1852.401;Administração, defesa, educação e saúde públicas e seguridade social;Demais serviços;Agricultura, inclusive apoio à agricultura e a pós colheita;6;True;91.9;0.916467;247.2;253.81;3.960975;3.6;;91.9;0.916467;247.2;253.81;3.960975;3.6;;96.6;0.968016;236.75;250.65;4.79;4.6;;96.6;0.968016;236.75;250.65;4.79;4.6;;95.3;0.95657;185.91;178.06;4.749408;4.5;;95.3;0.95657;185.91;178.06;4.749408;4.5;;;;;;;;;;;;;;;;;;;;;;
2;Nordeste;22;PI;Piauí;2206407;Monsenhor Gil;161626.992;15760.8;146652.581;14300.59;127395.466;12060.54;9561.312;8347.083;43059.381;55320.193;116287.969;11107.496;Administração, defesa, educação e saúde públicas e seguridade social;Demais serviços;Comércio e reparação de veículos automotores e motocicletas;6;True;97.4;0.978003;282.38;278.63;4.826633;4.7;;97.4;0.978003;282.38;278.63;4.826633;4.7;;84.6;0.846226;235.01;239.68;4.578167;3.9;;84.6;0.846226;235.01;239.68;4.578167;3.9;;91.7;0.915112;198.68;183.02;5.083292;4.7;;91.7;0.915112;198.68;183.02;5.083292;4.7;;;;;;;;;;;;;;;;;;;;;;
2;Nordeste;22;PI;Piauí;2206506;Monsenhor Hipólito;91423.978;12065.99;83185.807;10978.73;72882.004;9361.85;12826.26;3208.151;15864.293;37657.244;69555.948;3326.056;Administração, defesa, educação e saúde públicas e seguridade social;Demais serviços;Agricultura, inclusive apoio à agricultura e a pós colheita;6;True;95.4;0.958721;279.23;281.33;4.822811;4.6;;95.4;0.958721;279.23;281.33;4.822811;4.6;;99.8;0.997988;252.89;240.77;4.894333;4.9;;99.8;0.997988;252.89;240.77;4.894333;4.9;;100.0;1.0;229.87;220.43;6.358703;6.4;;100.0;1.0;229.87;220.43;6.358703;6.4;;;;;;;;;;;;;;;;;;;;;;
2;Nordeste;22;PI;Piauí;2206605;Monte Alegre do Piauí;391313.656;36708.6;348508.485;32693.1;298089.473;28073.98;158445.047;11448.361;45415.568;64931.755;280240.732;17848.741;Agricultura, inclusive apoio à agricultura e a pós colheita;Administração, defesa, educação e saúde públicas e seguridade social;Demais serviços;6;True;98.9;0.989599;237.41;237.24;3.575421;3.5;;98.9;0.989599;237.41;237.24;3.575421;3.5;;89.4;0.890781;222.52;224.92;4.124;3.7;;89.4;0.890781;222.52;224.92;4.124;3.7;;92.1;0.921596;179.42;171.1;4.499008;4.1;;92.1;0.921596;179.42;171.1;4.499008;4.1;;;;;;;;;;;;;;;;;;;;;;
2;Nordeste;22;PI;Piauí;2206654;Morro Cabeça no Tempo;53314.28;12180.55;43848.771;10018.0;39148.536;8647.79;5843.501;1370.087;5246.809;25427.178;37887.576;1260.96;Administração, defesa, educação e saúde públicas e seguridade social;Demais serviços;Pecuária, inclusive apoio à pecuária;6;True;97.2;0.970142;241.21;231.81;3.547505;3.4;;97.2;0.970142;241.21;231.81;3.547505;3.4;;93.4;0.941175;225.58;226.09;4.1945;3.9;;93.4;0.941175;225.58;226.09;4.1945;3.9;;95.2;0.956021;174.35;151.32;4.042616;3.9;;95.2;0.956021;174.35;151.32;4.042616;3.9;;;;;;;;;;;;;;;;;;;;;;
2;Nordeste;22;PI;Piauí;2206670;Morro do Chapéu do Piauí;75683.719;11779.57;67850.547;10560.4;62450.239;9150.22;5282.579;2929.799;11941.721;40175.753;60329.852;2120.387;Administração, defesa, educação e saúde públicas e seguridade social;Demais serviços;Pecuária, inclusive apoio à pecuária;6;True;94.6;0.949278;271.38;278.24;4.666301;4.4;;94.6;0.949278;271.38;278.24;4.666301;4.4;;84.2;0.847043;255.37;263.94;5.321833;4.5;;84.2;0.847043;255.37;263.94;5.321833;4.5;;93.4;0.926825;197.93;190.22;5.199888;4.8;;93.4;0.926825;197.93;190.22;5.199888;4.8;;;;;;;;;;;;;;;;;;;;;;
2;Nordeste;22;PI;Piauí;2206696;Murici dos Portelas;103630.381;10577.77;87472.881;9714.89;74908.55;8091.22;9325.837;2501.104;12528.443;48260.242;72615.627;2292.923;Administração, defesa, educação e saúde públicas e seguridade social;Demais serviços;Agricultura, inclusive apoio à agricultura e a pós colheita;6;True;93.6;0.942716;260.03;271.77;4.410034;4.2;;93.6;0.942716;260.03;271.77;4.410034;4.2;;71.3;0.706238;239.97;244.51;4.741333;3.3;;71.3;0.706238;239.97;244.51;4.741333;3.3;;89.3;0.886718;207.93;208.05;5.71491;5.1;;89.3;0.886718;207.93;208.05;5.71491;5.1;;;;;;;;;;;;;;;;;;;;;;
2;Nordeste;22;PI;Piauí;2206704;Nazaré do Piauí;78812.182;11824.78;71018.288;10655.41;67047.117;9175.74;5334.773;3095.249;15634.296;39127.694;63192.012;3855.105;Administração, defesa, educação e saúde públicas e seguridade social;Demais serviços;Comércio e reparação de veículos automotores e motocicletas;6;True;97.0;0.972938;256.3;249.46;4.023664;3.9;;97.0;0.972938;256.3;249.46;4.023664;3.9;;98.8;0.987627;236.92;231.32;4.470667;4.4;;98.8;0.987627;236.92;231.32;4.470667;4.4;;99.1;0.991549;211.11;199.7;5.623779;5.6;;99.1;0.991549;211.11;199.7;5.623779;5.6;;;;;;;;;;;;;;;;;;;;;;
2;Nordeste;22;PI;Piauí;2206720;Nazária;134076.046;13065.29;113043.16;11015.7;94898.171;10993.76;6559.376;10058.6;20469.307;49358.944;86446.227;8451.944;Administração, defesa, educação e saúde públicas e seguridade social;Demais serviços;Eletricidade e gás, água, esgoto, atividades de gestão de resíduos e descontaminação;4;True;96.5;0.964336;251.38;252.56;4.000971;3.9;;96.5;0.964336;251.38;252.56;4.000971;3.9;;;;;;;;;;;;;;;;96.9;0.967398;224.77;203.37;5.951193;5.8;;96.9;0.967398;224.77;203.37;5.951193;5.8;;;;;;;;;;;;;;;;;;;;;;
2;Nordeste;22;PI;Piauí;2206753;Nossa Senhora de Nazaré;69229.598;13242.08;63188.741;12086.6;47884.928;9750.55;6256.479;1716.598;8382.821;29850.741;46206.64;1678.287;Administração, defesa, educação e saúde públicas e seguridade social;Demais serviços;Produção florestal, pesca e aquicultura;6;True;100.0;1.0;269.02;268.45;4.486598;4.5;;100.0;1.0;269.02;268.45;4.486598;4.5;;100.0;1.0;230.67;231.28;4.365833;4.4;;100.0;1.0;230.67;231.28;4.365833;4.4;;99.4;0.993642;214.18;199.25;5.674185;5.6;;99.4;0.993642;214.18;199.25;5.674185;5.6;;;;;;;;;;;;;;;;;;;;;;
2;Nordeste;22;PI;Piauí;2206803;Nossa Senhora dos Remédios;117750.898;13812.42;98187.073;11517.55;78546.586;8975.73;5513.888;2998.73;15441.325;52022.215;75976.159;2570.427;Administração, defesa, educação e saúde públicas e seguridade social;Demais serviços;Comércio e reparação de veículos automotores e motocicletas;6;True;97.0;0.971195;266.95;258.32;4.305878;4.2;;97.0;0.971195;266.95;258.32;4.305878;4.2;;96.9;0.967812;242.65;233.38;4.6005;4.5;;96.9;0.967812;242.65;233.38;4.6005;4.5;;95.3;0.95485;205.61;191.69;5.37318;5.1;;95.3;0.95485;205.61;191.69;5.37318;5.1;;;;;;;;;;;;;;;;;;;;;;
2;Nordeste;22;PI;Piauí;2206902;Novo Oriente do Piauí;66803.339;10956.76;61165.037;10031.99;58176.292;8884.59;5641.23;2885.789;13742.122;32829.533;55098.673;3077.619;Administração, defesa, educação e saúde públicas e seguridade social;Demais serviços;Comércio e reparação de veículos automotores e motocicletas;4;True;97.9;0.980099;263.83;265.64;4.371638;4.3;;97.9;0.980099;263.83;265.64;4.371638;4.3;;;;;;;;;88.0;0.877242;235.88;240.83;4.611833;4.0;;;;;;;;;;;;;;;;99.3;0.989691;249.4;253.32;5.045333;5.0;;;;;;;;;;;;;;;
2;Nordeste;22;PI;Piauí;2206951;Novo Santo Antônio;38563.075;13640.99;33260.782;11765.4;31237.317;10364.07;5400.943;1031.188;6044.389;17498.334;29974.852;1262.464;Administração, defesa, educação e saúde públicas e seguridade social;Demais serviços;Pecuária, inclusive apoio à pecuária;6;True;100.0;1.0;277.7;271.85;4.659406;4.7;;100.0;1.0;277.7;271.85;4.659406;4.7;;94.8;0.951419;266.37;251.73;5.301667;5.0;;94.8;0.951419;266.37;251.73;5.301667;5.0;;100.0;1.0;194.86;188.17;5.104028;5.1;;100.0;1.0;194.86;188.17;5.104028;5.1;;;;;;;;;;;;;;;;;;;;;;
2;Nordeste;22;PI;Piauí;2207009;Oeiras;740096.178;19394.05;668469.376;17517.08;584517.913;15739.08;19861.061;42193.784;275004.825;186673.746;523733.416;60784.498;Administração, defesa, educação e saúde públicas e seguridade social;Demais serviços;Comércio e reparação de veículos automotores e motocicletas;8;True;96.5;0.966733;283.06;278.48;4.833938;4.7;;96.8;0.967357;279.88;273.31;4.71188;4.6;;99.8;0.997994;283.94;274.53;5.9745;6.0;;99.8;0.998246;280.29;271.41;5.861667;5.9;;99.9;0.998596;254.39;237.28;7.133006;7.1;;99.9;0.998596;254.39;237.28;7.133006;7.1;;100.0;1.0;259.99;254.01;5.233333;5.2;;95.2;0.987;301.46;308.46;5.541168;5.5;;;;;;;;
2;Nordeste;22;PI;Piauí;2207108;Olho D'Água do Piauí;38346.323;14541.65;31361.606;11892.91;28731.055;11599.13;7483.676;1142.658;4205.26;15070.301;27901.896;829.159;Administração, defesa, educação e saúde públicas e seguridade social;Agricultura, inclusive apoio à agricultura e a pós colheita;Demais serviços;6;True;100.0;1.0;264.62;253.73;4.204441;4.2;;100.0;1.0;264.62;253.73;4.204441;4.2;;99.4;0.994666;241.35;237.99;4.655667;4.6;;99.4;0.994666;241.35;237.99;4.655667;4.6;;100.0;1.0;236.99;217.8;6.446763;6.4;;100.0;1.0;236.99;217.8;6.446763;6.4;;;;;;;;;;;;;;;;;;;;;;
2;Nordeste;22;PI;Piauí;2207207;Padre Marcos;88444.887;13858.49;76715.253;12020.57;73919.213;10745.63;7511.598;5149.783;18894.08;38322.179;69877.64;4041.573;Administração, defesa, educação e saúde públicas e seguridade social;Demais serviços;Comércio e reparação de veículos automotores e motocicletas;6;True;98.5;0.986901;246.76;247.5;3.860334;3.8;;98.5;0.986901;246.76;247.5;3.860334;3.8;;99.1;0.991414;242.17;244.04;4.770167;4.7;;99.1;0.991414;242.17;244.04;4.770167;4.7;;100.0;1.0;239.5;222.29;6.5763;6.6;;100.0;1.0;239.5;222.29;6.5763;6.6;;;;;;;;;;;;;;;;;;;;;;
2;Nordeste;22;PI;Piauí;2207306;Paes Landim;58224.214;14242.71;45800.514;11203.65;44250.164;10729.91;5906.733;2263.91;11398.014;22035.552;41604.209;2645.955;Administração, defesa, educação e saúde públicas e seguridade social;Demais serviços;Pecuária, inclusive apoio à pecuária;6;True;95.3;0.954903;269.06;273.21;4.558417;4.4;;95.3;0.954903;269.06;273.21;4.558417;4.4;;87.6;0.876388;266.39;262.53;5.482;4.8;;87.6;0.876388;266.39;262.53;5.482;4.8;;99.1;0.989521;220.51;215.27;6.086259;6.0;;99.1;0.989521;220.51;215.27;6.086259;6.0;;;;;;;;;;;;;;;;;;;;;;
2;Nordeste;22;PI;Piauí;2207355;Pajeú do Piauí;61083.829;20361.28;44277.813;14759.27;52581.463;15392.7;18819.43;2375.01;8345.82;20665.751;50206.011;2375.451;Administração, defesa, educação e saúde públicas e seguridade social;Agricultura, inclusive apoio à agricultura e a pós colheita;Demais serviços;6;True;100.0;1.0;275.15;263.23;4.494549;4.5;;100.0;1.0;275.15;263.23;4.494549;4.5;;100.0;1.0;265.46;269.51;5.582833;5.6;;100.0;1.0;265.46;269.51;5.582833;5.6;;100.0;1.0;231.23;222.63;6.424657;6.4;;100.0;1.0;231.23;222.63;6.424657;6.4;;;;;;;;;;;;;;;;;;;;;;
2;Nordeste;22;PI;Piauí;2207405;Palmeira do Piauí;180248.606;36399.15;147783.743;29843.24;141457.166;28128.29;86651.133;5579.362;16526.821;24985.155;133742.472;7714.693;Agricultura, inclusive apoio à agricultura e a pós colheita;Administração, defesa, educação e saúde públicas e seguridade social;Demais serviços;4;True;;;;;;;;;;;;;;;96.9;0.97225;268.48;250.89;5.322833;5.2;;97.4;0.976157;261.13;254.02;5.2525;5.1;;100.0;1.0;232.61;214.38;6.300993;6.3;;100.0;1.0;232.61;214.38;6.300993;6.3;;;;;;;;;;;;;;;;;;;;;;
2;Nordeste;22;PI;Piauí;2207504;Palmeirais;167663.224;12640.47;148985.542;11233.17;138833.729;9487.71;20728.489;7380.05;26329.05;78116.738;132554.328;6279.401;Administração, defesa, educação e saúde públicas e seguridade social;Demais serviços;Agricultura, inclusive apoio à agricultura e a pós colheita;6;True;98.3;0.983837;248.85;247.07;3.883251;3.8;;98.3;0.983837;248.85;247.07;3.883251;3.8;;95.5;0.954282;218.45;228.17;4.110333;3.9;;95.5;0.954282;218.45;228.17;4.110333;3.9;;97.2;0.97347;164.44;160.37;4.018039;3.9;;97.2;0.97347;164.44;160.37;4.018039;3.9;;;;;;;;;;;;;;;;;;;;;;
2;Nordeste;22;PI;Piauí;2207553;Paquetá;53216.6;13956.62;50376.769;13211.85;44236.715;11253.3;4647.929;1774.328;7397.407;29168.244;42987.907;1248.808;Administração, defesa, educação e saúde públicas e seguridade social;Demais serviços;Agricultura, inclusive apoio à agricultura e a pós colheita;6;True;95.8;0.94406;247.18;213.66;3.359646;3.2;;95.8;0.94406;247.18;213.66;3.359646;3.2;;94.8;0.939881;229.49;234.78;4.4045;4.1;;94.8;0.939881;229.49;234.78;4.4045;4.1;;98.5;0.985804;187.93;177.37;4.775412;4.7;;98.5;0.985804;187.93;177.37;4.775412;4.7;;;;;;;;;;;;;;;;;;;;;;
2;Nordeste;22;PI;Piauí;2207603;Parnaguá;133948.955;13258.33;117191.05;11599.63;119215.977;10991.7;31503.614;4673.977;21697.326;56272.349;114147.266;5068.711;Administração, defesa, educação e saúde públicas e seguridade social;Pecuária, inclusive apoio à pecuária;Demais serviços;7;True;96.2;0.956874;238.27;235.5;3.561452;3.4;;96.2;0.956874;238.27;235.5;3.561452;3.4;;90.5;0.900461;271.3;274.49;5.763167;5.2;;91.3;0.910901;244.29;249.14;4.8905;4.5;;92.3;0.920186;238.95;234.28;6.783804;6.2;;92.3;0.920186;238.95;234.28;6.783804;6.2;;94.1;0.942212;217.27;223.8;4.017833;3.8;;;;;;;;;;;;;;;
2;Nordeste;22;PI;Piauí;2207702;Parnaíba;3682146.193;22707.01;3273603.619;20187.62;2973924.874;19328.4;72985.061;359552.87;1467451.496;724867.198;2624856.625;349068.249;Demais serviços;Administração, defesa, educação e saúde públicas e seguridade social;Comércio e reparação de veículos automotores e motocicletas;8;True;98.0;0.980777;280.03;289.26;4.952759;4.9;;97.9;0.98142;277.5;287.48;4.890579;4.8;;94.3;0.949795;242.76;258.21;5.016167;4.8;;96.3;0.965345;256.08;265.72;5.363333;5.2;;96.3;0.963422;210.58;205.44;5.718028;5.5;;96.3;0.963422;210.58;205.44;5.718028;5.5;;99.4;0.993741;265.98;271.31;5.6215;5.6;;98.1;0.983;302.7;305.25;5.51053;5.4;;;;;;;;
2;Nordeste;22;PI;Piauí;2207751;Passagem Franca do Piauí;62728.1;15170.04;51808.175;12529.18;48757.698;11257.84;10787.072;1925.872;8819.629;25354.994;46887.567;1870.131;Administração, defesa, educação e saúde públicas e seguridade social;Demais serviços;Agricultura, inclusive apoio à agricultura e a pós colheita;4;True;;;;;;;;;;;;;;;89.2;0.898534;224.65;233.7;4.305833;3.9;;89.2;0.898534;224.65;233.7;4.305833;3.9;;98.6;0.985358;189.32;171.03;4.686666;4.6;;98.6;0.985358;189.32;171.03;4.686666;4.6;;;;;;;;;;;;;;;;;;;;;;
2;Nordeste;22;PI;Piauí;2207777;Patos do Piauí;65640.864;12099.7;59641.714;10993.86;64629.537;10066.91;14714.158;3167.384;11209.961;32693.399;61784.902;2844.635;Administração, defesa, educação e saúde públicas e seguridade social;Demais serviços;Pecuária, inclusive apoio à pecuária;6;True;99.5;0.994609;259.86;253.83;4.139084;4.1;;99.5;0.994609;259.86;253.83;4.139084;4.1;;100.0;1.0;255.0;245.15;5.0025;5.0;;100.0;1.0;255.0;245.15;5.0025;5.0;;100.0;1.0;210.6;201.48;5.646409;5.6;;100.0;1.0;210.6;201.48;5.646409;5.6;;;;;;;;;;;;;;;;;;;;;;
2;Nordeste;22;PI;Piauí;2207793;Pau D'Arco do Piauí;43954.203;11328.4;37201.371;9587.98;33612.558;8230.3;4136.469;1384.563;5338.851;21703.64;32563.523;1049.035;Administração, defesa, educação e saúde públicas e seguridade social;Demais serviços;Agricultura, inclusive apoio à agricultura e a pós colheita;2;True;;;;;;;;;;;;;;;100.0;1.0;277.78;270.36;5.802333;5.8;;100.0;1.0;277.78;270.36;5.802333;5.8;;;;;;;;;;;;;;;;;;;;;;;;;;;;;;;;;;;;
2;Nordeste;22;PI;Piauí;2207801;Paulistana;359215.287;17060.81;294110.67;13968.69;267774.24;13009.49;16830.789;18828.163;103375.547;107931.675;246966.174;20808.067;Administração, defesa, educação e saúde públicas e seguridade social;Demais serviços;Comércio e reparação de veículos automotores e motocicletas;6;True;94.3;0.900621;267.83;262.04;4.373926;3.9;;90.6;0.900621;267.83;262.04;4.373926;3.9;;89.9;0.898332;248.34;249.8;4.969;4.5;;89.9;0.898332;248.34;249.8;4.969;4.5;;94.6;0.945673;207.64;194.86;5.469557;5.2;;94.6;0.945673;207.64;194.86;5.469557;5.2;;;;;;;;;;;;;;;;;;;;;;
2;Nordeste;22;PI;Piauí;2207850;Pavussu;45823.359;12630.47;41355.817;11399.07;37693.276;10293.08;5801.521;1756.675;8561.957;19696.804;35816.957;1876.318;Administração, defesa, educação e saúde públicas e seguridade social;Demais serviços;Agricultura, inclusive apoio à agricultura e a pós colheita;6;True;100.0;1.0;239.03;229.15;3.477066;3.5;;100.0;1.0;239.03;229.15;3.477066;3.5;;90.7;0.901842;238.42;226.88;4.421667;4.0;;90.7;0.901842;238.42;226.88;4.421667;4.0;;92.5;0.92343;185.84;167.01;4.547163;4.2;;92.5;0.92343;185.84;167.01;4.547163;4.2;;;;;;;;;;;;;;;;;;;;;;
2;Nordeste;22;PI;Piauí;2207900;Pedro II;499936.063;13193.01;425039.612;11216.54;386327.593;9953.82;14605.107;21067.542;131972.693;194712.259;362357.601;23969.991;Administração, defesa, educação e saúde públicas e seguridade social;Demais serviços;Comércio e reparação de veículos automotores e motocicletas;8;True;94.2;0.943452;267.18;275.57;4.567342;4.3;;93.7;0.943452;259.13;267.56;4.33437;4.1;;98.4;0.983683;236.71;241.15;4.631;4.6;;98.2;0.981923;243.28;248.33;4.860167;4.8;;99.7;0.996789;192.28;184.83;4.994064;5.0;;99.7;0.996789;192.28;184.83;4.994064;5.0;;97.0;0.969265;270.57;278.15;5.812;5.6;;95.8;1.0;299.13;307.34;5.491676;5.5;;;;;;;;
2;Nordeste;22;PI;Piauí;2207934;Pedro Laurentino;38184.775;15534.9;33800.713;13751.31;31321.913;12278.29;4825.973;1699.004;6622.126;16694.419;29841.523;1480.39;Administração, defesa, educação e saúde públicas e seguridade social;Demais serviços;Pecuária, inclusive apoio à pecuária;6;True;99.0;0.989796;254.31;244.4;3.919967;3.9;;99.0;0.989796;254.31;244.4;3.919967;3.9;;86.1;0.858181;244.4;242.41;4.780167;4.1;;86.1;0.858181;244.4;242.41;4.780167;4.1;;95.3;0.948225;203.89;205.72;5.595447;5.3;;95.3;0.948225;203.89;205.72;5.595447;5.3;;;;;;;;;;;;;;;;;;;;;;
2;Nordeste;22;PI;Piauí;2207959;Nova Santa Rita;51654.083;12672.74;46224.278;11340.6;43930.757;10002.45;5564.552;1803.467;8245.874;26704.891;42318.785;1611.972;Administração, defesa, educação e saúde públicas e seguridade social;Demais serviços;Pecuária, inclusive apoio à pecuária;6;True;97.5;0.974422;253.4;252.59;4.02979;3.9;;97.5;0.974422;253.4;252.59;4.02979;3.9;;97.3;0.973682;223.33;219.76;4.0515;3.9;;97.3;0.973682;223.33;219.76;4.0515;3.9;;96.0;0.956796;175.72;164.9;4.31567;4.1;;96.0;0.956796;175.72;164.9;4.31567;4.1;;;;;;;;;;;;;;;;;;;;;;
2;Nordeste;22;PI;Piauí;2208007;Picos;2456681.525;29566.51;2168531.844;26098.59;1941758.674;24695.83;53517.384;193301.01;1067110.856;390895.926;1704825.176;236933.499;Demais serviços;Comércio e reparação de veículos automotores e motocicletas;Administração, defesa, educação e saúde públicas e seguridade social;8;True;97.3;0.971118;268.66;272.25;4.538428;4.4;;97.0;0.971118;263.04;266.82;4.378208;4.3;;93.5;0.938546;239.25;242.78;4.7005;4.4;;95.0;0.951265;249.78;253.96;5.062333;4.8;;94.7;0.946985;201.79;197.57;5.407189;5.1;;94.7;0.946985;201.79;197.57;5.407189;5.1;;97.5;0.971914;256.48;261.07;5.2925;5.1;;98.5;1.0;295.52;298.25;5.304896;5.3;;;;;;;;
2;Nordeste;22;PI;Piauí;2208106;Pimenteiras;120257.038;10603.74;111831.529;9860.82;106976.447;8804.65;21997.29;4833.029;19523.992;56377.531;102731.841;4244.606;Administração, defesa, educação e saúde públicas e seguridade social;Demais serviços;Pecuária, inclusive apoio à pecuária;6;True;92.8;0.929206;256.07;247.38;3.989296;3.7;;92.8;0.929206;256.07;247.38;3.989296;3.7;;;;;;;;;94.5;0.944004;232.93;230.69;4.393667;4.1;;94.8;0.949893;187.19;169.64;4.620745;4.4;;94.8;0.949893;187.19;169.64;4.620745;4.4;;99.3;0.993371;248.83;240.91;4.829;4.8;;;;;;;;;;;;;;;
2;Nordeste;22;PI;Piauí;2208205;Pio IX;234054.888;13288.76;219870.726;12483.43;202556.113;10953.72;43736.685;9680.958;43615.289;95536.917;192569.849;9986.264;Administração, defesa, educação e saúde públicas e seguridade social;Agricultura, inclusive apoio à agricultura e a pós colheita;Demais serviços;7;True;93.1;0.934235;265.67;266.11;4.404517;4.1;;92.3;0.920416;265.67;266.11;4.404517;4.1;;98.1;0.980443;224.88;220.99;4.097833;4.0;;98.4;0.984211;249.1;243.03;4.868833;4.8;;99.6;0.996389;204.25;192.73;5.366135;5.3;;99.6;0.996389;204.25;192.73;5.366135;5.3;;100.0;1.0;272.87;264.66;5.6255;5.6;;;;;;;;;;;;;;;
2;Nordeste;22;PI;Piauí;2208304;Piracuruca;464675.726;16108.84;408400.423;14353.51;363519.016;12555.92;30279.69;26808.479;133485.502;145917.871;336491.541;27027.475;Administração, defesa, educação e saúde públicas e seguridade social;Demais serviços;Comércio e reparação de veículos automotores e motocicletas;8;True;99.5;0.994652;278.03;278.26;4.759999;4.7;;99.5;0.994652;278.03;278.26;4.759999;4.7;;100.0;1.0;246.83;248.67;4.925;4.9;;100.0;1.0;268.23;265.77;5.566667;5.6;;100.0;1.0;258.23;246.4;7.372106;7.4;;100.0;1.0;246.37;235.86;6.954134;7.0;;100.0;1.0;309.77;298.95;6.812;6.8;;;;;;;;;100.0;1.0;285.1;270.28;8.319074;8.3;
2;Nordeste;22;PI;Piauí;2208403;Piripiri;1242361.439;18956.35;1033833.13;15795.77;917296.263;14371.15;22566.886;109790.196;381887.883;321041.628;835286.592;82009.671;Administração, defesa, educação e saúde públicas e seguridade social;Demais serviços;Comércio e reparação de veículos automotores e motocicletas;7;True;97.0;0.97134;271.52;275.77;4.631291;4.5;;97.5;0.975038;269.62;272.76;4.559546;4.4;;95.7;0.958942;248.28;256.63;5.081833;4.9;;96.2;0.963312;255.54;262.69;5.303833;5.1;;96.8;0.968694;219.19;209.4;5.954341;5.8;;96.8;0.968694;219.19;209.4;5.954341;5.8;;100.0;1.0;290.55;291.95;6.375;6.4;;;;;;;;;;;;;;;
2;Nordeste;22;PI;Piauí;2208502;Porto;143077.312;11871.67;139204.519;11550.33;118547.178;9374.28;6585.437;16676.508;24853.225;65956.22;114071.39;4475.788;Administração, defesa, educação e saúde públicas e seguridade social;Demais serviços;Construção;7;True;97.5;0.977062;251.7;254.17;4.029567;3.9;;97.5;0.977062;251.7;254.17;4.029567;3.9;;99.1;0.992174;236.51;245.74;4.704167;4.7;;99.2;0.993445;235.5;242.91;4.640167;4.6;;99.8;0.997994;195.76;196.47;5.272112;5.3;;99.8;0.997994;195.76;196.47;5.272112;5.3;;100.0;1.0;232.33;233.97;4.438333;4.4;;;;;;;;;;;;;;;
2;Nordeste;22;PI;Piauí;2208551;Porto Alegre do Piauí;47843.299;20238.28;49545.426;20958.3;39211.994;14373.9;11517.849;1410.851;6391.047;18254.486;37574.233;1637.761;Administração, defesa, educação e saúde públicas e seguridade social;Agricultura, inclusive apoio à agricultura e a pós colheita;Demais serviços;4;True;;;;;;;;;;;;;;;99.3;0.991278;253.46;237.89;4.855833;4.8;;99.3;0.991278;253.46;237.89;4.855833;4.8;;100.0;1.0;201.68;192.89;5.319999;5.3;;100.0;1.0;201.68;192.89;5.319999;5.3;;;;;;;;;;;;;;;;;;;;;;
2;Nordeste;22;PI;Piauí;2208601;Prata do Piauí;43355.371;14252.26;34283.411;11270.02;27583.795;8759.54;1652.297;1413.439;6892.535;16338.756;26297.027;1286.768;Administração, defesa, educação e saúde públicas e seguridade social;Demais serviços;Comércio e reparação de veículos automotores e motocicletas;6;True;95.6;0.955596;256.93;248.41;4.016794;3.8;;95.6;0.955596;256.93;248.41;4.016794;3.8;;92.9;0.930639;263.19;268.3;5.524833;5.1;;92.9;0.930639;263.19;268.3;5.524833;5.1;;96.8;0.9704;203.12;188.39;5.265661;5.1;;96.8;0.9704;203.12;188.39;5.265661;5.1;;;;;;;;;;;;;;;;;;;;;;
2;Nordeste;22;PI;Piauí;2208650;Queimada Nova;188827.842;21609.96;256472.641;29351.41;253313.988;28018.36;7515.42;138513.488;47464.954;46210.324;239704.187;13609.801;Eletricidade e gás, água, esgoto, atividades de gestão de resíduos e descontaminação;Construção;Administração, defesa, educação e saúde públicas e seguridade social;6;True;92.6;0.930644;271.78;267.13;4.505601;4.2;;92.6;0.930644;271.78;267.13;4.505601;4.2;;93.9;0.938044;232.88;231.14;4.400333;4.1;;93.9;0.938044;232.88;231.14;4.400333;4.1;;97.7;0.971632;212.67;215.26;5.936459;5.8;;97.7;0.971632;212.67;215.26;5.936459;5.8;;;;;;;;;;;;;;;;;;;;;;
2;Nordeste;22;PI;Piauí;2208700;Redenção do Gurguéia;125613.461;14964.67;112570.826;13410.87;97930.487;11110.79;18763.199;3566.735;22019.015;48515.899;92864.848;5065.639;Administração, defesa, educação e saúde públicas e seguridade social;Demais serviços;Agricultura, inclusive apoio à agricultura e a pós colheita;7;True;89.5;0.902403;253.66;258.07;4.115478;3.7;;89.5;0.902403;253.66;258.07;4.115478;3.7;;92.6;0.9283;211.42;210.57;3.699833;3.4;;94.2;0.942587;218.63;215.2;3.897167;3.7;;93.0;0.935037;198.32;186.63;5.142058;4.8;;93.0;0.935037;198.32;186.63;5.142058;4.8;;99.3;0.992589;231.24;223.31;4.2425;4.2;;;;;;;;;;;;;;;
2;Nordeste;22;PI;Piauí;2208809;Regeneração;337226.0;19682.83;300295.148;17527.3;264516.915;14712.55;99707.314;10811.938;55106.976;84450.994;250077.221;14439.693;Administração, defesa, educação e saúde públicas e seguridade social;Agricultura, inclusive apoio à agricultura e a pós colheita;Demais serviços;7;True;91.0;0.917555;255.57;256.14;4.113412;3.8;;91.0;0.917555;255.57;256.14;4.113412;3.8;;88.9;0.890448;223.8;234.31;4.301833;3.8;;90.0;0.901279;227.89;235.51;4.39;4.0;;96.0;0.959777;180.3;175.28;4.591802;4.4;;96.0;0.959777;180.3;175.28;4.591802;4.4;;96.3;0.96408;241.89;239.6;4.6915;4.5;;;;;;;;;;;;;;;
2;Nordeste;22;PI;Piauí;2208858;Riacho Frio;61503.45;14766.73;48446.93;11631.92;46279.251;10747.62;10142.441;1703.636;6479.851;26121.059;44446.988;1832.263;Administração, defesa, educação e saúde públicas e seguridade social;Pecuária, inclusive apoio à pecuária;Demais serviços;6;True;99.4;0.994949;255.02;248.85;3.996555;4.0;;99.4;0.994949;255.02;248.85;3.996555;4.0;;93.4;0.934932;231.2;219.24;4.174;3.9;;93.4;0.934932;231.2;219.24;4.174;3.9;;91.5;0.909794;194.71;183.76;5.020983;4.6;;91.5;0.909794;194.71;183.76;5.020983;4.6;;;;;;;;;;;;;;;;;;;;;;
2;Nordeste;22;PI;Piauí;2208874;Ribeira do Piauí;278046.153;68568.72;233945.816;57693.17;217390.425;48319.72;5936.565;173998.109;7050.927;28727.451;215713.052;1677.373;Eletricidade e gás, água, esgoto, atividades de gestão de resíduos e descontaminação;Administração, defesa, educação e saúde públicas e seguridade social;Demais serviços;6;True;98.9;0.988256;257.9;249.36;4.044639;4.0;;98.9;0.988256;257.9;249.36;4.044639;4.0;;94.0;0.939732;251.71;246.81;4.975333;4.7;;94.0;0.939732;251.71;246.81;4.975333;4.7;;100.0;1.0;194.4;182.95;5.00034;5.0;;100.0;1.0;194.4;182.95;5.00034;5.0;;;;;;;;;;;;;;;;;;;;;;
2;Nordeste;22;PI;Piauí;2208908;Ribeiro Gonçalves;927444.826;150461.52;886993.778;143899.06;695854.865;93932.89;513715.243;28632.263;70995.109;42654.533;655997.147;39857.718;Agricultura, inclusive apoio à agricultura e a pós colheita;Demais serviços;Administração, defesa, educação e saúde públicas e seguridade social;7;True;98.0;0.982379;257.39;257.91;4.16547;4.1;;98.0;0.982379;257.39;257.91;4.16547;4.1;;95.5;0.955011;244.23;241.76;4.7665;4.6;;95.8;0.95856;243.63;239.67;4.721667;4.5;;100.0;1.0;236.0;217.56;6.423506;6.4;;100.0;1.0;236.0;217.56;6.423506;6.4;;97.1;0.974079;242.15;234.57;4.612;4.5;;;;;;;;;;;;;;;
2;Nordeste;22;PI;Piauí;2209005;Rio Grande do Piauí;75898.44;13083.68;60569.461;10441.21;61490.52;9557.12;7838.512;3178.797;14416.125;33066.501;58499.935;2990.585;Administração, defesa, educação e saúde públicas e seguridade social;Demais serviços;Agricultura, inclusive apoio à agricultura e a pós colheita;7;True;94.0;0.947945;263.03;252.34;4.161301;3.9;;94.0;0.947945;263.03;252.34;4.161301;3.9;;100.0;1.0;244.01;231.82;4.597167;4.6;;100.0;1.0;256.44;249.43;5.097833;5.1;;100.0;1.0;218.52;202.52;5.816464;5.8;;100.0;1.0;218.52;202.52;5.816464;5.8;;100.0;1.0;265.28;261.96;5.454;5.5;;;;;;;;;;;;;;;
2;Nordeste;22;PI;Piauí;2209104;Santa Cruz do Piauí;78052.527;13385.79;66206.953;11354.31;61012.421;9755.74;5482.872;2862.739;16626.684;32843.761;57816.056;3196.365;Administração, defesa, educação e saúde públicas e seguridade social;Demais serviços;Comércio e reparação de veículos automotores e motocicletas;7;True;96.9;0.969667;255.39;249.46;4.010884;3.9;;96.9;0.969667;255.39;249.46;4.010884;3.9;;98.4;0.982243;227.88;216.82;4.078333;4.0;;98.6;0.982243;236.16;228.5;4.411;4.3;;98.9;0.988919;205.91;186.02;5.275815;5.2;;98.9;0.988919;205.91;186.02;5.275815;5.2;;100.0;1.0;253.02;252.3;5.088667;5.1;;;;;;;;;;;;;;;
2;Nordeste;22;PI;Piauí;2209153;Santa Cruz dos Milagres;51689.944;15048.02;46884.394;13649.02;45472.901;11238.98;9834.479;2250.227;8149.641;23415.888;43650.235;1822.665;Administração, defesa, educação e saúde públicas e seguridade social;Pecuária, inclusive apoio à pecuária;Demais serviços;6;True;93.2;0.932801;272.07;261.55;4.426141;4.1;;93.2;0.932801;272.07;261.55;4.426141;4.1;;83.0;0.826113;229.84;229.68;4.325333;3.6;;83.0;0.826113;229.84;229.68;4.325333;3.6;;96.5;0.962271;214.68;203.77;5.765908;5.5;;96.5;0.962271;214.68;203.77;5.765908;5.5;;;;;;;;;;;;;;;;;;;;;;
2;Nordeste;22;PI;Piauí;2209203;Santa Filomena;789357.878;129679.3;849997.291;139641.41;615148.412;98329.35;412011.165;34662.121;85530.751;40607.367;572811.403;42337.009;Agricultura, inclusive apoio à agricultura e a pós colheita;Demais serviços;Administração, defesa, educação e saúde públicas e seguridade social;7;True;98.8;0.985949;260.49;257.8;4.207363;4.1;;98.8;0.985949;260.49;257.8;4.207363;4.1;;95.4;0.954642;236.84;236.19;4.5505;4.3;;96.7;0.967737;258.6;263.37;5.366167;5.2;;96.5;0.965791;200.1;186.15;5.1673;5.0;;96.5;0.965791;200.1;186.15;5.1673;5.0;;100.0;1.0;288.68;300.95;6.493833;6.5;;;;;;;;;;;;;;;
2;Nordeste;22;PI;Piauí;2209302;Santa Luz;87684.551;16432.64;73650.47;13802.56;62464.838;10581.88;15111.799;3122.228;11432.179;29996.736;59662.942;2801.895;Administração, defesa, educação e saúde públicas e seguridade social;Demais serviços;Agricultura, inclusive apoio à agricultura e a pós colheita;7;True;100.0;1.0;244.32;254.53;3.931304;3.9;;100.0;1.0;244.32;254.53;3.931304;3.9;;95.2;0.948926;236.69;230.0;4.444833;4.2;;95.5;0.954586;244.75;238.32;4.717833;4.5;;93.3;0.928827;206.63;188.13;5.327919;4.9;;93.3;0.928827;206.63;188.13;5.327919;4.9;;97.1;0.969159;263.14;257.28;5.340333;5.2;;;;;;;;;;;;;;;
2;Nordeste;22;PI;Piauí;2209351;Santana do Piauí;52379.685;12698.11;44359.954;10753.93;40806.804;8775.66;5839.864;1782.237;7544.138;24245.434;39411.673;1395.13;Administração, defesa, educação e saúde públicas e seguridade social;Demais serviços;Agricultura, inclusive apoio à agricultura e a pós colheita;4;True;;;;;;;;;;;;;;;96.1;0.95846;257.37;261.06;5.307167;5.1;;96.1;0.95846;257.37;261.06;5.307167;5.1;;98.3;0.984008;219.29;209.98;5.966795;5.9;;98.3;0.984008;219.29;209.98;5.966795;5.9;;;;;;;;;;;;;;;;;;;;;;
2;Nordeste;22;PI;Piauí;2209377;Santa Rosa do Piauí;63444.727;13644.03;54217.367;11659.65;50227.896;9559.93;5110.983;4987.572;11454.331;26093.3;47646.186;2581.71;Administração, defesa, educação e saúde públicas e seguridade social;Demais serviços;Construção;4;True;94.3;0.950385;255.94;258.86;4.159327;4.0;;94.3;0.950385;255.94;258.86;4.159327;4.0;;;;;;;;;;;;;;;;100.0;1.0;237.34;227.17;6.623806;6.6;;100.0;1.0;237.34;227.17;6.623806;6.6;;;;;;;;;;;;;;;;;;;;;;
2;Nordeste;22;PI;Piauí;2209401;Santo Antônio de Lisboa;97848.542;16757.76;86075.447;14741.47;72021.169;11138.44;6244.041;10773.017;15634.268;31463.068;64114.395;7906.774;Administração, defesa, educação e saúde públicas e seguridade social;Demais serviços;Indústrias de transformação;6;True;96.3;0.961863;268.91;251.66;4.233705;4.1;;96.3;0.961863;268.91;251.66;4.233705;4.1;;;;;;;;;93.3;0.927424;243.67;246.0;4.827833;4.5;;100.0;1.0;186.03;181.11;4.807153;4.8;;100.0;1.0;186.03;181.11;4.807153;4.8;;97.7;0.963066;247.65;244.49;4.869;4.7;;;;;;;;;;;;;;;
2;Nordeste;22;PI;Piauí;2209450;Santo Antônio dos Milagres;25284.397;11826.19;21017.664;9830.53;18051.06;8310.8;660.816;803.707;2712.951;13439.41;17616.883;434.177;Administração, defesa, educação e saúde públicas e seguridade social;Demais serviços;Agricultura, inclusive apoio à agricultura e a pós colheita;6;True;97.5;0.977048;253.32;248.89;3.973278;3.9;;97.5;0.977048;253.32;248.89;3.973278;3.9;;94.9;0.952919;214.84;222.91;3.9625;3.8;;94.9;0.952919;214.84;222.91;3.9625;3.8;;100.0;1.0;203.64;189.52;5.29613;5.3;;100.0;1.0;203.64;189.52;5.29613;5.3;;;;;;;;;;;;;;;;;;;;;;
2;Nordeste;22;PI;Piauí;2209500;Santo Inácio do Piauí;49247.645;13507.31;44443.709;12189.72;40377.234;10600.48;6729.81;1915.164;8053.748;22144.467;38843.188;1534.046;Administração, defesa, educação e saúde públicas e seguridade social;Demais serviços;Pecuária, inclusive apoio à pecuária;6;True;97.8;0.977986;267.01;261.71;4.357469;4.3;;97.8;0.977986;267.01;261.71;4.357469;4.3;;100.0;1.0;246.53;243.25;4.829667;4.8;;100.0;1.0;246.53;243.25;4.829667;4.8;;100.0;1.0;201.41;191.81;5.29521;5.3;;100.0;1.0;201.41;191.81;5.29521;5.3;;;;;;;;;;;;;;;;;;;;;;
2;Nordeste;22;PI;Piauí;2209559;São Braz do Piauí;53740.246;12331.4;42999.796;9866.86;39470.74;8861.86;6189.554;1451.006;6880.819;23669.694;38191.073;1279.667;Administração, defesa, educação e saúde públicas e seguridade social;Demais serviços;Pecuária, inclusive apoio à pecuária;6;True;96.9;0.967879;260.3;258.89;4.221012;4.1;;96.9;0.967879;260.3;258.89;4.221012;4.1;;94.7;0.941908;264.59;260.27;5.414333;5.1;;94.7;0.941908;264.59;260.27;5.414333;5.1;;99.1;0.990041;206.16;203.25;5.593858;5.5;;99.1;0.990041;206.16;203.25;5.593858;5.5;;;;;;;;;;;;;;;;;;;;;;
2;Nordeste;22;PI;Piauí;2209609;São Félix do Piauí;38023.456;13379.12;33366.947;11740.66;32115.987;10987.34;4305.581;1617.069;6721.454;17932.895;30576.998;1538.988;Administração, defesa, educação e saúde públicas e seguridade social;Demais serviços;Pecuária, inclusive apoio à pecuária;6;True;99.2;0.993243;285.87;282.17;4.928644;4.9;;99.2;0.993243;285.87;282.17;4.928644;4.9;;98.8;0.989389;265.54;265.09;5.5105;5.5;;98.8;0.989389;265.54;265.09;5.5105;5.5;;96.4;0.950384;226.21;219.67;6.275037;6.0;;96.4;0.950384;226.21;219.67;6.275037;6.0;;;;;;;;;;;;;;;;;;;;;;
2;Nordeste;22;PI;Piauí;2209658;São Francisco de Assis do Piauí;68222.245;12243.76;60351.009;10821.41;55545.353;9575.13;6309.859;2127.964;12754.776;31595.892;52788.491;2756.863;Administração, defesa, educação e saúde públicas e seguridade social;Demais serviços;Pecuária, inclusive apoio à pecuária;6;True;95.5;0.954616;262.93;264.45;4.341184;4.1;;95.5;0.954616;262.93;264.45;4.341184;4.1;;83.3;0.824343;223.58;220.99;4.076167;3.4;;83.3;0.824343;223.58;220.99;4.076167;3.4;;88.2;0.8771370000000001;190.14;175.63;4.785951;4.2;;88.2;0.8771370000000001;190.14;175.63;4.785951;4.2;;;;;;;;;;;;;;;;;;;;;;
2;Nordeste;22;PI;Piauí;2209708;São Francisco do Piauí;67263.759;12474.73;58609.95;10869.8;58405.718;9101.72;6833.665;2362.564;11540.16;35244.526;55980.915;2424.803;Administração, defesa, educação e saúde públicas e seguridade social;Demais serviços;Pecuária, inclusive apoio à pecuária;6;True;97.6;0.974324;299.24;281.57;5.107443;5.0;;97.6;0.974324;299.24;281.57;5.107443;5.0;;96.4;0.964107;273.22;258.74;5.532667;5.3;;96.4;0.964107;273.22;258.74;5.532667;5.3;;98.6;0.985109;243.84;237.92;6.943306;6.8;;98.6;0.985109;243.84;237.92;6.943306;6.8;;;;;;;;;;;;;;;;;;;;;;
2;Nordeste;22;PI;Piauí;2209757;São Gonçalo do Gurguéia;64212.913;21789.25;60001.033;20360.04;54607.337;17781.61;9093.766;1616.178;10327.295;21721.638;42758.877;11848.46;Administração, defesa, educação e saúde públicas e seguridade social;Demais serviços;Agricultura, inclusive apoio à agricultura e a pós colheita;6;True;95.7;0.954631;255.92;258.49;4.153507;4.0;;95.7;0.954631;255.92;258.49;4.153507;4.0;;87.0;0.865703;244.28;241.95;4.7705;4.1;;87.0;0.865703;244.28;241.95;4.7705;4.1;;97.7;0.977185;181.89;162.61;4.391781;4.3;;97.7;0.977185;181.89;162.61;4.391781;4.3;;;;;;;;;;;;;;;;;;;;;;
2;Nordeste;22;PI;Piauí;2209807;São Gonçalo do Piauí;80523.117;16647.33;74940.892;15493.26;56734.949;11248.01;15015.803;2842.893;10571.548;25699.89;54130.134;2604.815;Administração, defesa, educação e saúde públicas e seguridade social;Agricultura, inclusive apoio à agricultura e a pós colheita;Demais serviços;7;True;92.5;0.929765;256.68;262.18;4.219421;3.9;;92.5;0.929765;256.68;262.18;4.219421;3.9;;100.0;1.0;232.29;235.05;4.455667;4.5;;99.3;0.992589;241.02;244.7;4.762;4.7;;100.0;1.0;184.42;177.7;4.714427;4.7;;100.0;1.0;184.42;177.7;4.714427;4.7;;97.9;0.982917;248.84;253.34;5.036333;5.0;;;;;;;;;;;;;;;
2;Nordeste;22;PI;Piauí;2209856;São João da Canabrava;54282.066;12796.34;48417.484;11413.83;49321.425;10677.94;7421.279;2166.769;10134.371;27317.431;47039.85;2281.575;Administração, defesa, educação e saúde públicas e seguridade social;Demais serviços;Agricultura, inclusive apoio à agricultura e a pós colheita;6;True;95.9;0.961813;266.14;257.4;4.280729;4.1;;95.9;0.961813;266.14;257.4;4.280729;4.1;;100.0;1.0;265.78;279.9;5.761333;5.8;;100.0;1.0;265.78;279.9;5.761333;5.8;;99.3;0.992798;246.24;236.57;6.964562;6.9;;99.3;0.992798;246.24;236.57;6.964562;6.9;;;;;;;;;;;;;;;;;;;;;;
2;Nordeste;22;PI;Piauí;2209872;São João da Fronteira;74939.977;13571.17;64032.897;11595.96;60924.542;10013.9;4142.712;1926.946;16584.859;34749.782;57404.299;3520.243;Administração, defesa, educação e saúde públicas e seguridade social;Demais serviços;Comércio e reparação de veículos automotores e motocicletas;6;True;97.0;0.971773;272.53;275.02;4.634249;4.5;;97.0;0.971773;272.53;275.02;4.634249;4.5;;96.0;0.959953;224.83;239.52;4.405833;4.2;;96.0;0.959953;224.83;239.52;4.405833;4.2;;99.8;0.99778;191.47;196.08;5.183151;5.2;;99.8;0.99778;191.47;196.08;5.183151;5.2;;;;;;;;;;;;;;;;;;;;;;
2;Nordeste;22;PI;Piauí;2209906;São João da Serra;72738.064;11896.97;66616.777;10895.78;59723.173;9781.06;8494.386;2627.859;13827.869;32324.369;57274.484;2448.69;Administração, defesa, educação e saúde públicas e seguridade social;Demais serviços;Pecuária, inclusive apoio à pecuária;7;True;100.0;1.0;277.89;285.0;4.858931;4.9;;100.0;1.0;277.89;285.0;4.858931;4.9;;100.0;1.0;249.18;246.52;4.928333;4.9;;100.0;1.0;243.06;240.76;4.730333;4.7;;100.0;1.0;215.76;207.53;5.854883;5.9;;100.0;1.0;215.76;207.53;5.854883;5.9;;100.0;1.0;236.14;234.24;4.506333;4.5;;;;;;;;;;;;;;;
2;Nordeste;22;PI;Piauí;2209955;São João da Varjota;45939.771;10481.35;39664.522;9049.63;36648.045;7546.96;2343.946;1441.694;6375.133;25314.534;35475.307;1172.738;Administração, defesa, educação e saúde públicas e seguridade social;Demais serviços;Agricultura, inclusive apoio à agricultura e a pós colheita;6;True;93.6;0.93859;260.33;253.02;4.133559;3.9;;93.6;0.93859;260.33;253.02;4.133559;3.9;;98.8;0.987944;250.82;246.49;4.955167;4.9;;99.0;0.989963;250.82;246.49;4.955167;4.9;;98.7;0.986064;202.56;187.21;5.23352;5.2;;98.7;0.986064;202.56;187.21;5.23352;5.2;;;;;;;;;;;;;;;;;;;;;;
2;Nordeste;22;PI;Piauí;2209971;São João do Arraial;95903.704;11715.58;81968.676;10013.28;68234.995;8439.7;3569.769;2328.442;14352.951;45456.019;65707.182;2527.813;Administração, defesa, educação e saúde públicas e seguridade social;Demais serviços;Comércio e reparação de veículos automotores e motocicletas;6;True;95.9;0.963436;266.42;253.24;4.222386;4.1;;95.9;0.963436;266.42;253.24;4.222386;4.1;;98.7;0.987598;261.02;260.54;5.359333;5.3;;98.7;0.987598;261.02;260.54;5.359333;5.3;;99.7;0.996986;212.96;213.09;5.902539;5.9;;99.7;0.996986;212.96;213.09;5.902539;5.9;;;;;;;;;;;;;;;;;;;;;;
2;Nordeste;22;PI;Piauí;2210003;São João do Piauí;418478.65;19535.91;389746.454;18194.6;426951.832;20605.78;10925.84;165720.274;117763.796;108298.668;402708.578;24243.254;Eletricidade e gás, água, esgoto, atividades de gestão de resíduos e descontaminação;Administração, defesa, educação e saúde públicas e seguridade social;Demais serviços;7;True;94.4;0.920061;258.27;254.99;4.134117;3.8;;91.7;0.920061;258.27;254.99;4.134117;3.8;;92.4;0.926595;249.72;251.32;5.017333;4.6;;92.6;0.926283;246.56;246.58;4.885667;4.5;;99.8;0.99759;209.21;197.41;5.545883;5.5;;99.8;0.99759;209.21;197.41;5.545883;5.5;;93.6;0.917929;239.54;236.06;4.593333;4.2;;;;;;;;;;;;;;;
2;Nordeste;22;PI;Piauí;2210052;São José do Divino;83009.456;17147.17;66797.684;13798.32;63753.834;11892.15;17417.419;2456.536;12331.282;28610.287;60815.524;2938.31;Administração, defesa, educação e saúde públicas e seguridade social;Pecuária, inclusive apoio à pecuária;Demais serviços;6;True;91.8;0.91577;284.08;283.96;4.9303;4.5;;91.8;0.91577;284.08;283.96;4.9303;4.5;;100.0;1.0;259.19;255.93;5.252;5.3;;100.0;1.0;259.19;255.93;5.252;5.3;;100.0;1.0;236.26;224.33;6.551559;6.6;;100.0;1.0;236.26;224.33;6.551559;6.6;;;;;;;;;;;;;;;;;;;;;;
2;Nordeste;22;PI;Piauí;2210102;São José do Peixe;50038.985;15177.13;44547.555;13511.54;42836.503;11462.81;6102.276;1881.94;8874.012;24013.515;40871.743;1964.76;Administração, defesa, educação e saúde públicas e seguridade social;Demais serviços;Pecuária, inclusive apoio à pecuária;6;True;88.9;0.902258;265.78;253.5;4.21729;3.8;;88.9;0.902258;265.78;253.5;4.21729;3.8;;97.7;0.97752;231.57;236.08;4.460833;4.4;;97.7;0.97752;231.57;236.08;4.460833;4.4;;100.0;1.0;208.14;193.38;5.45219;5.5;;100.0;1.0;208.14;193.38;5.45219;5.5;;;;;;;;;;;;;;;;;;;;;;
2;Nordeste;22;PI;Piauí;2210201;São José do Piauí;81016.53;12280.81;70489.507;10685.09;68087.619;10168.4;13042.155;3500.556;14111.176;34056.28;64710.166;3377.452;Administração, defesa, educação e saúde públicas e seguridade social;Demais serviços;Agricultura, inclusive apoio à agricultura e a pós colheita;7;True;95.4;0.953184;261.22;270.68;4.41043;4.2;;95.4;0.953184;261.22;270.68;4.41043;4.2;;100.0;1.0;216.18;229.48;4.094333;4.1;;99.8;0.997227;236.49;244.47;4.682667;4.7;;99.5;0.995314;193.68;186.19;5.045509;5.0;;99.5;0.995314;193.68;186.19;5.045509;5.0;;99.4;0.994924;244.87;250.66;4.9255;4.9;;;;;;;;;;;;;;;
2;Nordeste;22;PI;Piauí;2210300;São Julião;67831.628;11258.36;62242.802;10330.76;59544.862;9334.51;6017.884;4528.409;14129.751;31601.494;56277.538;3267.324;Administração, defesa, educação e saúde públicas e seguridade social;Demais serviços;Comércio e reparação de veículos automotores e motocicletas;7;True;98.9;0.990285;262.38;256.02;4.207261;4.2;;98.9;0.990285;262.38;256.02;4.207261;4.2;;100.0;1.0;234.96;218.27;4.2205;4.2;;99.7;0.996973;239.81;241.55;4.689333;4.7;;100.0;1.0;209.25;203.4;5.655555;5.7;;100.0;1.0;209.25;203.4;5.655555;5.7;;99.4;0.992066;242.03;252.22;4.904167;4.9;;;;;;;;;;;;;;;
2;Nordeste;22;PI;Piauí;2210359;São Lourenço do Piauí;54907.103;12450.59;49852.054;11304.32;45314.114;9891.75;5280.117;1796.575;7998.84;28702.535;43778.068;1536.046;Administração, defesa, educação e saúde públicas e seguridade social;Demais serviços;Pecuária, inclusive apoio à pecuária;6;True;99.4;0.995289;265.44;264.8;4.381676;4.4;;99.4;0.995289;265.44;264.8;4.381676;4.4;;97.5;0.974466;235.3;242.12;4.623667;4.5;;97.5;0.974466;235.3;242.12;4.623667;4.5;;100.0;1.0;181.64;177.72;4.661738;4.7;;100.0;1.0;181.64;177.72;4.661738;4.7;;;;;;;;;;;;;;;;;;;;;;
2;Nordeste;22;PI;Piauí;2210375;São Luis do Piauí;28432.502;12313.77;24473.734;10599.28;25332.761;9566.75;3134.484;1116.285;4464.451;15779.511;24494.731;838.03;Administração, defesa, educação e saúde públicas e seguridade social;Demais serviços;Agricultura, inclusive apoio à agricultura e a pós colheita;6;True;93.4;0.908051;273.09;260.29;4.421605;4.0;;93.4;0.908051;273.09;260.29;4.421605;4.0;;100.0;1.0;258.94;249.24;5.136333;5.1;;100.0;1.0;258.94;249.24;5.136333;5.1;;100.0;1.0;236.5;224.65;6.561957;6.6;;100.0;1.0;236.5;224.65;6.561957;6.6;;;;;;;;;;;;;;;;;;;;;;
2;Nordeste;22;PI;Piauí;2210383;São Miguel da Baixa Grande;32909.225;14503.85;31222.41;13760.43;27272.317;11104.36;2918.933;1001.63;5431.798;16923.494;26275.855;996.462;Administração, defesa, educação e saúde públicas e seguridade social;Demais serviços;Pecuária, inclusive apoio à pecuária;6;True;100.0;1.0;281.26;265.44;4.613448;4.6;;100.0;1.0;281.26;265.44;4.613448;4.6;;99.3;0.994149;275.01;262.39;5.623333;5.6;;99.3;0.994149;275.01;262.39;5.623333;5.6;;100.0;1.0;220.43;228.95;6.333459;6.3;;100.0;1.0;220.43;228.95;6.333459;6.3;;;;;;;;;;;;;;;;;;;;;;
2;Nordeste;22;PI;Piauí;2210391;São Miguel do Fidalgo;36835.683;13020.74;32902.313;11630.37;47463.558;15628.44;3462.581;14790.517;6409.907;18456.126;43119.13;4344.428;Administração, defesa, educação e saúde públicas e seguridade social;Construção;Demais serviços;6;True;100.0;1.0;272.67;267.92;4.529928;4.5;;100.0;1.0;272.67;267.92;4.529928;4.5;;85.1;0.860165;263.49;272.62;5.601833;4.8;;85.1;0.860165;263.49;272.62;5.601833;4.8;;92.9;0.932369;204.59;208.41;5.657715;5.3;;92.9;0.932369;204.59;208.41;5.657715;5.3;;;;;;;;;;;;;;;;;;;;;;
2;Nordeste;22;PI;Piauí;2210409;São Miguel do Tapuio;206591.964;11768.94;173924.561;9907.97;163378.244;9273.9;20495.311;7176.338;32940.586;96151.238;156763.473;6614.771;Administração, defesa, educação e saúde públicas e seguridade social;Demais serviços;Pecuária, inclusive apoio à pecuária;7;True;98.7;0.987811;260.1;254.37;4.150538;4.1;;98.7;0.987811;260.1;254.37;4.150538;4.1;;100.0;1.0;224.78;227.98;4.212667;4.2;;100.0;1.0;228.24;230.03;4.3045;4.3;;100.0;1.0;191.47;184.69;4.97606;5.0;;100.0;1.0;191.47;184.69;4.97606;5.0;;100.0;1.0;231.6;232.03;4.393833;4.4;;;;;;;;;;;;;;;
2;Nordeste;22;PI;Piauí;2210508;São Pedro do Piauí;159451.786;11592.28;143275.698;10416.26;134836.357;9392.33;12271.052;7060.853;35071.931;73954.12;128357.955;6478.402;Administração, defesa, educação e saúde públicas e seguridade social;Demais serviços;Agricultura, inclusive apoio à agricultura e a pós colheita;7;True;90.1;0.900869;262.89;264.88;4.347059;3.9;;90.1;0.900869;262.89;264.88;4.347059;3.9;;96.7;0.967833;243.49;236.09;4.659667;4.5;;97.3;0.973099;254.54;251.51;5.100833;5.0;;99.6;0.995966;189.52;177.73;4.812301;4.8;;99.6;0.995966;189.52;177.73;4.812301;4.8;;99.5;0.995438;265.32;266.55;5.531167;5.5;;;;;;;;;;;;;;;
2;Nordeste;22;PI;Piauí;2210607;São Raimundo Nonato;761785.174;19566.06;653625.836;16788.05;566295.112;16163.7;23319.597;44905.001;264146.589;176413.285;508784.473;57510.639;Administração, defesa, educação e saúde públicas e seguridade social;Demais serviços;Comércio e reparação de veículos automotores e motocicletas;7;True;98.1;0.98189;270.33;276.82;4.630296;4.5;;98.2;0.982547;266.5;271.71;4.500007;4.4;;97.3;0.972991;231.61;235.44;4.450833;4.3;;97.3;0.972724;236.46;239.41;4.597833;4.5;;99.7;0.996994;209.55;192.33;5.460008;5.4;;99.7;0.996994;209.55;192.33;5.460008;5.4;;97.3;0.975286;244.29;245.84;4.8355;4.7;;;;;;;;;;;;;;;
2;Nordeste;22;PI;Piauí;2210623;Sebastião Barros;57577.245;17981.65;53028.94;16561.19;46712.454;13602.93;13081.7;1267.945;6400.418;24296.712;45046.774;1665.68;Administração, defesa, educação e saúde públicas e seguridade social;Pecuária, inclusive apoio à pecuária;Demais serviços;4;True;;;;;;;;;;;;;;;90.7;0.911825;232.65;220.0;4.210833;3.8;;90.7;0.911825;232.65;220.0;4.210833;3.8;;91.7;0.923565;169.17;162.75;4.151579;3.8;;91.7;0.923565;169.17;162.75;4.151579;3.8;;;;;;;;;;;;;;;;;;;;;;
2;Nordeste;22;PI;Piauí;2210631;Sebastião Leal;724911.345;163047.99;686686.946;154450.51;255418.007;59247.97;162749.583;11011.36;35303.551;28799.559;237864.053;17553.954;Agricultura, inclusive apoio à agricultura e a pós colheita;Administração, defesa, educação e saúde públicas e seguridade social;Demais serviços;6;True;99.0;0.988404;261.91;258.54;4.238385;4.2;;99.0;0.988404;261.91;258.54;4.238385;4.2;;86.6;0.868579;260.91;254.45;5.256;4.6;;86.6;0.868579;260.91;254.45;5.256;4.6;;93.0;0.930493;227.37;217.01;6.248811;5.8;;93.0;0.930493;227.37;217.01;6.248811;5.8;;;;;;;;;;;;;;;;;;;;;;
2;Nordeste;22;PI;Piauí;2210656;Sigefredo Pacheco;97005.731;10254.31;82609.703;8732.53;78160.567;7758.64;7993.483;2720.465;15626.834;48934.117;75274.899;2885.668;Administração, defesa, educação e saúde públicas e seguridade social;Demais serviços;Pecuária, inclusive apoio à pecuária;6;True;99.7;0.996644;261.4;258.62;4.232419;4.2;;99.7;0.996644;261.4;258.62;4.232419;4.2;;96.1;0.95927;273.23;267.59;5.680333;5.4;;96.1;0.95927;273.23;267.59;5.680333;5.4;;99.1;0.99092;228.87;212.78;6.200528;6.1;;99.1;0.99092;228.87;212.78;6.200528;6.1;;;;;;;;;;;;;;;;;;;;;;
2;Nordeste;22;PI;Piauí;2210706;Simões;543067.932;37844.46;412377.638;28737.12;434505.359;29630.75;23503.437;266066.724;41483.996;87877.114;418931.271;15574.088;Eletricidade e gás, água, esgoto, atividades de gestão de resíduos e descontaminação;Administração, defesa, educação e saúde públicas e seguridade social;Demais serviços;7;True;94.3;0.946218;265.19;255.63;4.240889;4.0;;94.3;0.946218;265.19;255.63;4.240889;4.0;;100.0;1.0;270.69;262.86;5.559167;5.6;;100.0;1.0;276.48;270.71;5.7865;5.8;;100.0;1.0;256.58;244.03;7.297527;7.3;;100.0;1.0;256.58;244.03;7.297527;7.3;;100.0;1.0;284.01;280.91;6.082;6.1;;;;;;;;;;;;;;;
2;Nordeste;22;PI;Piauí;2210805;Simplício Mendes;236710.73;17066.38;207880.633;14975.91;182911.528;14314.57;20291.992;10674.996;66536.487;70602.206;168105.681;14805.848;Administração, defesa, educação e saúde públicas e seguridade social;Demais serviços;Comércio e reparação de veículos automotores e motocicletas;6;True;98.0;0.980938;258.24;255.82;4.146121;4.1;;98.0;0.980938;258.24;255.82;4.146121;4.1;;99.0;0.990682;250.65;245.53;4.936333;4.9;;99.0;0.990682;250.65;245.53;4.936333;4.9;;100.0;1.0;241.59;227.4;6.709094;6.7;;100.0;1.0;241.59;227.4;6.709094;6.7;;;;;;;;;;;;;;;;;;;;;;
2;Nordeste;22;PI;Piauí;2210904;Socorro do Piauí;52907.478;12776.5;43637.017;10537.8;41066.523;9011.75;4592.603;2010.41;8481.063;24229.736;39313.812;1752.711;Administração, defesa, educação e saúde públicas e seguridade social;Demais serviços;Pecuária, inclusive apoio à pecuária;6;True;96.7;0.958874;280.24;271.85;4.69508;4.5;;96.7;0.958874;280.24;271.85;4.69508;4.5;;87.1;0.865847;224.42;219.87;4.0715;3.5;;87.1;0.865847;224.42;219.87;4.0715;3.5;;95.9;0.962695;194.11;185.95;5.049351;4.9;;95.9;0.962695;194.11;185.95;5.049351;4.9;;;;;;;;;;;;;;;;;;;;;;
2;Nordeste;22;PI;Piauí;2210938;Sussuapara;85293.366;13712.76;71571.624;11506.69;76908.478;11308.41;18163.785;3663.646;16895.527;34083.87;72806.827;4101.651;Administração, defesa, educação e saúde públicas e seguridade social;Agricultura, inclusive apoio à agricultura e a pós colheita;Demais serviços;7;True;98.2;0.983771;284.65;274.83;4.801629;4.7;;98.2;0.983771;284.65;274.83;4.801629;4.7;;80.1;0.812116;229.59;219.57;4.152667;3.4;;88.7;0.887294;253.37;238.68;4.8675;4.3;;92.2;0.922437;209.34;204.95;5.685455;5.2;;92.2;0.922437;209.34;204.95;5.685455;5.2;;99.4;0.991541;272.05;253.7;5.429167;5.4;;;;;;;;;;;;;;;
2;Nordeste;22;PI;Piauí;2210953;Tamboril do Piauí;39133.59;13270.12;33718.466;11433.86;30387.569;10339.42;3227.198;1042.817;5971.512;19103.022;29344.549;1043.02;Administração, defesa, educação e saúde públicas e seguridade social;Demais serviços;Pecuária, inclusive apoio à pecuária;6;True;100.0;1.0;248.62;238.9;3.757715;3.8;;100.0;1.0;248.62;238.9;3.757715;3.8;;100.0;1.0;231.98;237.22;4.486667;4.5;;100.0;1.0;231.98;237.22;4.486667;4.5;;99.5;0.996347;188.76;179.3;4.826343;4.8;;99.5;0.996347;188.76;179.3;4.826343;4.8;;;;;;;;;;;;;;;;;;;;;;
2;Nordeste;22;PI;Piauí;2210979;Tanque do Piauí;44035.038;19013.4;36928.978;15945.15;33180.53;11931.15;7187.766;1255.965;5834.54;17518.391;31796.663;1383.867;Administração, defesa, educação e saúde públicas e seguridade social;Agricultura, inclusive apoio à agricultura e a pós colheita;Demais serviços;6;True;89.1;0.873401;310.74;295.45;5.476744;4.8;;89.1;0.873401;310.74;295.45;5.476744;4.8;;97.2;0.937333;293.06;280.44;6.225;5.8;;97.2;0.937333;293.06;280.44;6.225;5.8;;94.7;0.94792;247.05;235.28;6.956566;6.6;;94.7;0.94792;247.05;235.28;6.956566;6.6;;;;;;;;;;;;;;;;;;;;;;
2;Nordeste;22;PI;Piauí;2211001;Teresina;29449062.918;33994.07;25943687.979;29947.69;23954511.044;27498.33;55078.704;3540779.695;12461691.999;4558115.253;20615665.652;3338845.392;Demais serviços;Comércio e reparação de veículos automotores e motocicletas;Administração, defesa, educação e saúde públicas e seguridade social;9;True;97.2;0.974442;273.94;277.99;4.698513;4.6;;97.7;0.9771;271.8;275.89;4.63702;4.5;;98.2;0.982182;280.05;277.19;5.954;5.8;;98.0;0.980435;273.59;273.78;5.7895;5.7;;99.3;0.993359;228.49;227.64;6.463458;6.4;;99.4;0.99436;228.95;228.32;6.4846;6.4;;97.6;0.974401;260.63;266.94;5.4595;5.3;;92.1;0.903107;307.38;310.97;5.661889;5.1;;97.1;0.973818;221.03;216.62;6.120728;6.0;
2;Nordeste;22;PI;Piauí;2211100;União;609122.249;13207.62;516520.882;11199.74;420369.549;9414.98;32606.004;28184.648;123253.191;208950.466;392994.31;27375.239;Administração, defesa, educação e saúde públicas e seguridade social;Demais serviços;Comércio e reparação de veículos automotores e motocicletas;7;True;94.3;0.94652;256.54;255.16;4.112365;3.9;;94.3;0.94652;256.54;255.16;4.112365;3.9;;99.8;0.998249;257.89;256.79;5.244667;5.2;;99.6;0.995481;253.04;252.07;5.085167;5.1;;99.9;0.999399;212.62;199.57;5.650232;5.6;;99.9;0.999399;212.62;199.57;5.650232;5.6;;98.4;0.980942;246.25;245.48;4.862167;4.8;;;;;;;;;;;;;;;
2;Nordeste;22;PI;Piauí;2211209;Uruçuí;4226265.639;167688.99;3903796.402;154894.12;2829979.498;130137.93;1130773.724;537026.126;642861.191;131805.916;2442466.957;387512.542;Agricultura, inclusive apoio à agricultura e a pós colheita;Indústrias de transformação;Demais serviços;8;True;96.0;0.962602;255.66;252.05;4.053448;3.9;;94.3;0.944409;252.19;248.37;3.949622;3.7;;97.5;0.976097;236.48;230.9;4.456333;4.3;;98.2;0.982915;246.69;237.62;4.7385;4.7;;99.6;0.996195;183.19;177.86;4.693863;4.7;;99.6;0.996195;183.19;177.86;4.693863;4.7;;100.0;1.0;258.76;245.56;5.072;5.1;;99.2;0.993305;263.22;260.06;4.279538;4.3;;;;;;;;
2;Nordeste;22;PI;Piauí;2211308;Valença do Piauí;385863.696;17319.61;327235.226;14686.74;289697.519;13834.65;19147.302;21585.804;121869.323;101960.353;264562.782;25134.737;Administração, defesa, educação e saúde públicas e seguridade social;Demais serviços;Comércio e reparação de veículos automotores e motocicletas;7;True;97.5;0.976256;281.29;282.04;4.862372;4.7;;99.0;0.990598;279.78;275.63;4.745206;4.7;;87.8;0.884147;225.85;231.4;4.2875;3.8;;92.2;0.922339;247.84;253.05;5.014833;4.6;;93.7;0.936127;190.91;180.8;4.894646;4.6;;93.7;0.936127;190.91;180.8;4.894646;4.6;;100.0;1.0;270.17;275.03;5.753333;5.8;;;;;;;;;;;;;;;
2;Nordeste;22;PI;Piauí;2211357;Várzea Branca;60846.104;12036.82;52620.086;10409.51;44540.612;9034.61;6273.49;1506.901;7443.352;27923.183;43146.926;1393.687;Administração, defesa, educação e saúde públicas e seguridade social;Demais serviços;Pecuária, inclusive apoio à pecuária;6;True;98.0;0.98001;254.76;261.31;4.17943;4.1;;98.0;0.98001;254.76;261.31;4.17943;4.1;;81.7;0.817084;231.68;243.59;4.587833;3.7;;81.7;0.817084;231.68;243.59;4.587833;3.7;;96.6;0.965386;182.72;177.67;4.681439;4.5;;96.6;0.965386;182.72;177.67;4.681439;4.5;;;;;;;;;;;;;;;;;;;;;;
2;Nordeste;22;PI;Piauí;2211407;Várzea Grande;54664.274;12375.88;46140.946;10446.22;40996.433;9355.64;5267.286;2004.096;9119.039;22551.108;38941.529;2054.904;Administração, defesa, educação e saúde públicas e seguridade social;Demais serviços;Agricultura, inclusive apoio à agricultura e a pós colheita;6;True;97.7;0.980804;261.66;270.72;4.417209;4.3;;97.7;0.980804;261.66;270.72;4.417209;4.3;;92.0;0.931939;256.51;245.74;5.0375;4.7;;92.0;0.931939;256.51;245.74;5.0375;4.7;;96.3;0.958456;213.76;208.69;5.837806;5.6;;96.3;0.958456;213.76;208.69;5.837806;5.6;;;;;;;;;;;;;;;;;;;;;;
2;Nordeste;22;PI;Piauí;2211506;Vera Mendes;38796.279;12180.94;37034.048;11627.64;31077.818;10083.65;4611.824;1129.333;6593.274;17242.791;29577.221;1500.597;Administração, defesa, educação e saúde públicas e seguridade social;Demais serviços;Pecuária, inclusive apoio à pecuária;6;True;96.3;0.967219;263.11;257.23;4.235628;4.1;;96.3;0.967219;263.11;257.23;4.235628;4.1;;94.4;0.946011;250.41;235.97;4.773;4.5;;94.4;0.946011;250.41;235.97;4.773;4.5;;98.7;0.987957;193.74;181.56;4.962472;4.9;;98.7;0.987957;193.74;181.56;4.962472;4.9;;;;;;;;;;;;;;;;;;;;;;
2;Nordeste;22;PI;Piauí;2211605;Vila Nova do Piauí;41920.877;14283.09;37315.568;12713.99;37035.262;12618.49;6398.148;1509.135;8684.375;18008.431;34600.089;2435.173;Administração, defesa, educação e saúde públicas e seguridade social;Demais serviços;Agricultura, inclusive apoio à agricultura e a pós colheita;6;True;100.0;1.0;267.69;259.48;4.333636;4.3;;100.0;1.0;267.69;259.48;4.333636;4.3;;100.0;1.0;274.64;287.44;6.034667;6.0;;100.0;1.0;274.64;287.44;6.034667;6.0;;100.0;1.0;244.9;244.22;7.07808;7.1;;100.0;1.0;244.9;244.22;7.07808;7.1;;;;;;;;;;;;;;;;;;;;;;
2;Nordeste;22;PI;Piauí;2211704;Wall Ferraz;58143.662;14324.63;44373.773;10932.19;38007.875;8485.79;4571.296;1569.617;6930.196;23482.345;36553.454;1454.421;Administração, defesa, educação e saúde públicas e seguridade social;Demais serviços;Pecuária, inclusive apoio à pecuária;6;True;90.8;0.909976;265.84;264.53;4.383252;4.0;;90.8;0.909976;265.84;264.53;4.383252;4.0;;99.5;0.995695;255.07;237.5;4.876167;4.9;;99.5;0.995695;255.07;237.5;4.876167;4.9;;100.0;1.0;204.36;203.66;5.566962;5.6;;100.0;1.0;204.36;203.66;5.566962;5.6;;;;;;;;;;;;;;;;;;;;;;
