region_code;region_name;state_code;state_abbr;state_name;city_code;city_name;gdp_2023_current_prices_thousand_reais;gdp_per_capita_2023_current_reais;gdp_2022_current_prices_thousand_reais;gdp_per_capita_2022_current_reais;gdp_2021_current_prices_thousand_reais;gdp_per_capita_2021_current_reais;gross_value_added_agriculture_2021_current_prices_thousand_reais;gross_value_added_industry_2021_current_prices_thousand_reais;gross_value_added_services_2021_current_prices_thousand_reais;gross_value_added_public_administration_2021_current_prices_thousand_reais;gross_value_added_total_2021_current_prices_thousand_reais;taxes_less_subsidies_2021_current_prices_thousand_reais;main_economic_activity_2021;second_main_economic_activity_2021;third_main_economic_activity_2021;total_school_records;has_any_school_record;approval_rate_publica_medio_todos_1_4;performance_indicator_publica_medio_todos_1_4;saeb_math_score_publica_medio_todos_1_4;saeb_portuguese_score_publica_medio_todos_1_4;saeb_standardized_average_score_publica_medio_todos_1_4;ideb_publica_medio_todos_1_4;ideb_projection_publica_medio_todos_1_4;approval_rate_estadual_medio_todos_1_4;performance_indicator_estadual_medio_todos_1_4;saeb_math_score_estadual_medio_todos_1_4;saeb_portuguese_score_estadual_medio_todos_1_4;saeb_standardized_average_score_estadual_medio_todos_1_4;ideb_estadual_medio_todos_1_4;ideb_projection_estadual_medio_todos_1_4;approval_rate_estadual_fundamental_finais_6_9;performance_indicator_estadual_fundamental_finais_6_9;saeb_math_score_estadual_fundamental_finais_6_9;saeb_portuguese_score_estadual_fundamental_finais_6_9;saeb_standardized_average_score_estadual_fundamental_finais_6_9;ideb_estadual_fundamental_finais_6_9;ideb_projection_estadual_fundamental_finais_6_9;approval_rate_publica_fundamental_finais_6_9;performance_indicator_publica_fundamental_finais_6_9;saeb_math_score_publica_fundamental_finais_6_9;saeb_portuguese_score_publica_fundamental_finais_6_9;saeb_standardized_average_score_publica_fundamental_finais_6_9;ideb_publica_fundamental_finais_6_9;ideb_projection_publica_fundamental_finais_6_9;approval_rate_municipal_fundamental_iniciais_1_5;performance_indicator_municipal_fundamental_iniciais_1_5;saeb_math_score_municipal_fundamental_iniciais_1_5;saeb_portuguese_score_municipal_fundamental_iniciais_1_5;saeb_standardized_average_score_municipal_fundamental_iniciais_1_5;ideb_municipal_fundamental_iniciais_1_5;ideb_projection_municipal_fundamental_iniciais_1_5;approval_rate_publica_fundamental_iniciais_1_5;performance_indicator_publica_fundamental_iniciais_1_5;saeb_math_score_publica_fundamental_iniciais_1_5;saeb_portuguese_score_publica_fundamental_iniciais_1_5;saeb_standardized_average_score_publica_fundamental_iniciais_1_5;ideb_publica_fundamental_iniciais_1_5;ideb_projection_publica_fundamental_iniciais_1_5;approval_rate_federal_medio_todos_1_4;performance_indicator_federal_medio_todos_1_4;saeb_math_score_federal_medio_todos_1_4;saeb_portuguese_score_federal_medio_todos_1_4;saeb_standardized_average_score_federal_medio_todos_1_4;ideb_federal_medio_todos_1_4;ideb_projection_federal_medio_todos_1_4;approval_rate_municipal_fundamental_finais_6_9;performance_indicator_municipal_fundamental_finais_6_9;saeb_math_score_municipal_fundamental_finais_6_9;saeb_portuguese_score_municipal_fundamental_finais_6_9;saeb_standardized_average_score_municipal_fundamental_finais_6_9;ideb_municipal_fundamental_finais_6_9;ideb_projection_municipal_fundamental_finais_6_9;approval_rate_federal_fundamental_finais_6_9;performance_indicator_federal_fundamental_finais_6_9;saeb_math_score_federal_fundamental_finais_6_9;saeb_portuguese_score_federal_fundamental_finais_6_9;saeb_standardized_average_score_federal_fundamental_finais_6_9;ideb_federal_fundamental_finais_6_9;ideb_projection_federal_fundamental_finais_6_9;approval_rate_estadual_fundamental_iniciais_1_5;performance_indicator_estadual_fundamental_iniciais_1_5;saeb_math_score_estadual_fundamental_iniciais_1_5;saeb_portuguese_score_estadual_fundamental_iniciais_1_5;saeb_standardized_average_score_estadual_fundamental_iniciais_1_5;ideb_estadual_fundamental_iniciais_1_5;ideb_projection_estadual_fundamental_iniciais_1_5
4;Sul;41;PR;Paraná;4100103;Abatiá;297166.248;41039.39;282503.197;39014.39;221816.638;30138.13;110595.508;9932.391;52304.936;40040.739;212873.574;8943.064;Agricultura, inclusive apoio à agricultura e a pós colheita;Demais serviços;Administração, defesa, educação e saúde públicas e seguridade social;6;True;100.0;1.0;262.48;265.07;4.344145;4.3;;100.0;1.0;262.48;265.07;4.344145;4.3;;100.0;1.0;257.8;250.23;5.133833;5.1;;100.0;1.0;257.8;250.23;5.133833;5.1;;97.9;0.978518;217.21;206.83;5.869827;5.7;;97.9;0.978728;217.21;206.83;5.869827;5.7;;;;;;;;;;;;;;;;;;;;;;;;;;;;;
4;Sul;41;PR;Paraná;4100202;Adrianópolis;467129.251;74669.0;442776.424;70776.28;368853.702;63628.38;27453.137;209013.429;52302.063;35027.116;323795.745;45057.957;Indústrias de transformação;Demais serviços;Administração, defesa, educação e saúde públicas e seguridade social;6;True;98.7;0.986981;257.25;264.52;4.262456;4.2;;98.7;0.986981;257.25;264.52;4.262456;4.2;;100.0;1.0;239.4;247.78;4.786333;4.8;;100.0;1.0;239.4;247.78;4.786333;4.8;;100.0;1.0;223.2;217.05;6.169958;6.2;;100.0;1.0;223.2;217.05;6.169958;6.2;;;;;;;;;;;;;;;;;;;;;;;;;;;;;
4;Sul;41;PR;Paraná;4100301;Agudos do Sul;279388.38;27302.69;238564.978;23313.3;216903.776;22672.08;74699.052;12693.01;66287.359;48096.204;201775.625;15128.151;Agricultura, inclusive apoio à agricultura e a pós colheita;Administração, defesa, educação e saúde públicas e seguridade social;Demais serviços;6;True;96.7;0.969147;293.38;297.47;5.263164;5.1;;96.7;0.969147;293.38;297.47;5.263164;5.1;;94.9;0.949348;258.03;264.68;5.3785;5.1;;94.9;0.949348;258.03;264.68;5.3785;5.1;;97.1;0.97209;219.4;207.28;5.919803;5.8;;97.1;0.97209;219.4;207.28;5.919803;5.8;;;;;;;;;;;;;;;;;;;;;;;;;;;;;
4;Sul;41;PR;Paraná;4100400;Almirante Tamandaré;2242619.546;18715.79;2074574.049;17313.37;1936254.916;15946.75;51409.687;491204.082;702419.93;484339.152;1729372.851;206882.065;Demais serviços;Administração, defesa, educação e saúde públicas e seguridade social;Indústrias de transformação;6;True;95.5;0.960578;267.52;277.06;4.594422;4.4;;95.5;0.960578;267.52;277.06;4.594422;4.4;;98.3;0.983223;243.83;246.83;4.844333;4.8;;98.3;0.983223;243.83;246.83;4.844333;4.8;;97.1;0.971916;200.4;195.41;5.341389;5.2;;97.1;0.971916;200.4;195.41;5.341389;5.2;;;;;;;;;;;;;;;;;;;;;;;;;;;;;
4;Sul;41;PR;Paraná;4100459;Altamira do Paraná;115509.036;32175.22;106033.128;29535.69;96207.266;67324.89;50691.225;3237.393;21899.422;15395.11;91223.15;4984.115;Pecuária, inclusive apoio à pecuária;Agricultura, inclusive apoio à agricultura e a pós colheita;Demais serviços;6;True;99.2;0.99118;265.56;261.42;4.332763;4.3;;99.2;0.99118;265.56;261.42;4.332763;4.3;;100.0;1.0;259.89;257.22;5.285167;5.3;;100.0;1.0;259.89;257.22;5.285167;5.3;;95.1;0.943926;248.87;228.93;6.875844;6.5;;95.1;0.943926;248.87;228.93;6.875844;6.5;;;;;;;;;;;;;;;;;;;;;;;;;;;;;
4;Sul;41;PR;Paraná;4100509;Altônia;546400.969;29153.82;442850.157;23633.8;462492.851;20746.1;118591.363;29725.462;176952.506;102560.909;427830.24;34662.611;Demais serviços;Administração, defesa, educação e saúde públicas e seguridade social;Agricultura, inclusive apoio à agricultura e a pós colheita;6;True;98.2;0.986382;288.05;294.76;5.147735;5.1;;98.2;0.986382;288.05;294.76;5.147735;5.1;;99.6;0.995979;280.85;281.14;6.033167;6.0;;99.6;0.995979;280.85;281.14;6.033167;6.0;;96.5;0.963512;242.3;226.8;6.711735;6.5;;96.5;0.963512;242.3;226.8;6.711735;6.5;;;;;;;;;;;;;;;;;;;;;;;;;;;;;
4;Sul;41;PR;Paraná;4100608;Alto Paraná;562666.681;40453.42;391675.5;28159.86;436261.407;29191.13;208719.693;35429.821;98518.253;72865.767;415533.534;20727.873;Agricultura, inclusive apoio à agricultura e a pós colheita;Demais serviços;Administração, defesa, educação e saúde públicas e seguridade social;6;True;100.0;1.0;277.66;279.06;4.766778;4.8;;100.0;1.0;277.66;279.06;4.766778;4.8;;98.9;0.988929;264.54;273.29;5.6305;5.6;;98.9;0.988929;264.54;273.29;5.6305;5.6;;92.8;0.929507;240.12;218.04;6.510859;6.1;;92.8;0.929507;240.12;218.04;6.510859;6.1;;;;;;;;;;;;;;;;;;;;;;;;;;;;;
4;Sul;41;PR;Paraná;4100707;Alto Piquiri;488593.684;50230.67;381077.187;39177.26;410779.606;42252.58;177000.125;19871.393;130778.872;52293.15;379943.54;30836.066;Agricultura, inclusive apoio à agricultura e a pós colheita;Demais serviços;Administração, defesa, educação e saúde públicas e seguridade social;6;True;98.0;0.983844;265.07;268.67;4.434413;4.4;;98.0;0.983844;265.07;268.67;4.434413;4.4;;99.8;0.997481;259.39;260.28;5.327833;5.3;;99.8;0.997481;259.39;260.28;5.327833;5.3;;98.5;0.985692;230.46;220.95;6.379417;6.3;;98.5;0.985692;230.46;220.95;6.379417;6.3;;;;;;;;;;;;;;;;;;;;;;;;;;;;;
4;Sul;41;PR;Paraná;4100806;Alvorada do Sul;436442.873;42266.4;449849.048;43564.7;338358.675;29173.88;109215.74;17170.2;123759.131;64222.644;314367.716;23990.959;Agricultura, inclusive apoio à agricultura e a pós colheita;Demais serviços;Administração, defesa, educação e saúde públicas e seguridade social;6;True;99.6;0.997227;262.96;269.09;4.411066;4.4;;99.6;0.997227;262.96;269.09;4.411066;4.4;;98.4;0.985533;264.46;251.69;5.269167;5.2;;98.4;0.985533;264.46;251.69;5.269167;5.2;;99.1;0.990973;234.02;229.35;6.600083;6.5;;99.1;0.990973;234.02;229.35;6.600083;6.5;;;;;;;;;;;;;;;;;;;;;;;;;;;;;
4;Sul;41;PR;Paraná;4100905;Amaporã;163898.554;34418.01;122957.49;25820.56;121114.3;18909.34;42474.46;5477.422;30270.619;33434.802;111657.302;9456.997;Administração, defesa, educação e saúde públicas e seguridade social;Agricultura, inclusive apoio à agricultura e a pós colheita;Demais serviços;6;True;96.3;0.956915;284.45;275.33;4.806305;4.6;;96.3;0.956915;284.45;275.33;4.806305;4.6;;95.4;0.954527;267.8;273.49;5.688167;5.4;;95.4;0.954527;267.8;273.49;5.688167;5.4;;93.5;0.935136;233.21;216.95;6.359171;5.9;;93.5;0.935136;233.21;216.95;6.359171;5.9;;;;;;;;;;;;;;;;;;;;;;;;;;;;;
4;Sul;41;PR;Paraná;4101002;Ampére;1001174.451;51028.26;814702.33;41524.07;750363.843;38547.41;137752.589;169445.868;256768.323;96991.134;660957.914;89405.929;Demais serviços;Indústrias de transformação;Administração, defesa, educação e saúde públicas e seguridade social;6;True;97.0;0.972751;282.04;287.72;4.957936;4.8;;97.0;0.972751;282.04;287.72;4.957936;4.8;;99.7;0.996736;285.35;283.12;6.141167;6.1;;99.7;0.996736;285.35;283.12;6.141167;6.1;;99.2;0.991772;251.13;227.55;6.893883;6.8;;99.2;0.991772;251.13;227.55;6.893883;6.8;;;;;;;;;;;;;;;;;;;;;;;;;;;;;
4;Sul;41;PR;Paraná;4101051;Anahy;124322.819;42605.49;110971.656;38030.04;115042.263;41471.62;54504.608;3389.48;29340.603;20354.38;107589.071;7453.192;Agricultura, inclusive apoio à agricultura e a pós colheita;Pecuária, inclusive apoio à pecuária;Administração, defesa, educação e saúde públicas e seguridade social;6;True;98.3;0.985222;273.25;271.02;4.584481;4.5;;98.3;0.985222;273.25;271.02;4.584481;4.5;;100.0;1.0;256.48;258.14;5.243667;5.2;;100.0;1.0;256.48;258.14;5.243667;5.2;;100.0;1.0;224.58;194.58;5.787749;5.8;;100.0;1.0;224.58;194.58;5.787749;5.8;;;;;;;;;;;;;;;;;;;;;;;;;;;;;
4;Sul;41;PR;Paraná;4101101;Andirá;861172.558;43322.9;842323.786;42374.67;816503.278;41189.69;119514.232;144801.944;351229.269;104426.643;719972.088;96531.19;Demais serviços;Comércio e reparação de veículos automotores e motocicletas;Administração, defesa, educação e saúde públicas e seguridade social;6;True;99.4;0.99118;273.74;281.68;4.750944;4.7;;99.4;0.99118;273.74;281.68;4.750944;4.7;;100.0;1.0;273.37;276.87;5.837333;5.8;;100.0;1.0;273.37;276.87;5.837333;5.8;;99.4;0.993904;249.25;228.69;6.878732;6.8;;99.4;0.993904;249.25;228.69;6.878732;6.8;;;;;;;;;;;;;;;;;;;;;;;;;;;;;
4;Sul;41;PR;Paraná;4101150;Ângulo;179777.974;55572.79;170201.886;52612.64;154196.936;52608.99;77282.452;4288.946;41445.919;21024.758;144042.075;10154.861;Agricultura, inclusive apoio à agricultura e a pós colheita;Demais serviços;Administração, defesa, educação e saúde públicas e seguridade social;0;False;;;;;;;;;;;;;;;;;;;;;;;;;;;;;;;;;;;;;;;;;;;;;;;;;;;;;;;;;;;;;;;;;;;;;;
4;Sul;41;PR;Paraná;4101200;Antonina;1001674.868;55368.68;948884.484;52450.64;700870.923;37045.88;18046.35;170095.971;325313.592;106685.553;620141.466;80729.457;Demais serviços;Comércio e reparação de veículos automotores e motocicletas;Eletricidade e gás, água, esgoto, atividades de gestão de resíduos e descontaminação;6;True;95.2;0.964589;277.39;286.01;4.867028;4.7;;95.2;0.964589;277.39;286.01;4.867028;4.7;;96.2;0.966246;257.76;255.82;5.226333;5.0;;96.2;0.966246;257.76;255.82;5.226333;5.0;;91.6;0.914021;211.48;202.37;5.679385;5.2;;91.6;0.914021;211.48;202.37;5.679385;5.2;;;;;;;;;;;;;;;;;;;;;;;;;;;;;
4;Sul;41;PR;Paraná;4101309;Antônio Olinto;282610.628;40269.4;244883.509;34893.63;233345.083;31443.89;138049.116;9553.436;39589.832;36418.975;223611.359;9733.725;Agricultura, inclusive apoio à agricultura e a pós colheita;Produção florestal, pesca e aquicultura;Administração, defesa, educação e saúde públicas e seguridade social;6;True;92.3;0.926208;291.28;281.92;5.000885;4.6;;92.3;0.926208;291.28;281.92;5.000885;4.6;;96.7;0.968163;282.45;276.92;5.9895;5.8;;96.7;0.968163;282.45;276.92;5.9895;5.8;;96.0;0.959442;253.6;241.26;7.190293;6.9;;96.0;0.959442;253.6;241.26;7.190293;6.9;;;;;;;;;;;;;;;;;;;;;;;;;;;;;
4;Sul;41;PR;Paraná;4101408;Apucarana;4834012.856;37146.42;4312220.602;33136.77;3874079.812;28187.84;281831.223;834984.803;1691674.371;647972.165;3456462.563;417617.249;Demais serviços;Administração, defesa, educação e saúde públicas e seguridade social;Indústrias de transformação;6;True;92.9;0.946631;285.94;295.79;5.133519;4.9;;92.9;0.946631;285.94;295.79;5.133519;4.9;;96.7;0.966655;274.29;273.26;5.7925;5.6;;96.7;0.966655;274.29;273.26;5.7925;5.6;;100.0;0.9998;267.24;249.96;7.60878;7.6;;100.0;0.9998;267.24;249.96;7.60878;7.6;;;;;;;;;;;;;;;;;;;;;;;;;;;;;
4;Sul;41;PR;Paraná;4101507;Arapongas;5715471.043;47973.54;5102660.251;42829.83;4953988.715;39148.04;373977.951;1385051.612;1960137.848;598774.591;4317942.002;636046.713;Demais serviços;Indústrias de transformação;Administração, defesa, educação e saúde públicas e seguridade social;6;True;96.4;0.972872;283.33;292.17;5.042671;4.9;;96.4;0.972872;283.33;292.17;5.042671;4.9;;98.5;0.983424;270.45;271.16;5.6935;5.6;;98.5;0.983424;270.45;271.16;5.6935;5.6;;99.3;0.993372;258.34;240.29;7.263115;7.2;;99.3;0.993372;258.34;240.29;7.263115;7.2;;;;;;;;;;;;;;;;;;;;;;;;;;;;;
4;Sul;41;PR;Paraná;4101606;Arapoti;1632919.107;63347.91;1676469.671;65037.42;1447430.59;50822.7;395494.032;248709.013;468196.244;141542.407;1253941.696;193488.894;Demais serviços;Agricultura, inclusive apoio à agricultura e a pós colheita;Comércio e reparação de veículos automotores e motocicletas;6;True;98.8;0.99168;279.95;286.93;4.916756;4.9;;98.8;0.99168;279.95;286.93;4.916756;4.9;;99.3;0.992467;270.25;268.15;5.64;5.6;;99.3;0.992467;270.25;268.15;5.64;5.6;;97.1;0.971657;241.82;225.38;6.676756;6.5;;97.1;0.971657;241.82;225.38;6.676756;6.5;;;;;;;;;;;;;;;;;;;;;;;;;;;;;
4;Sul;41;PR;Paraná;4101655;Arapuã;154285.064;43743.99;133536.121;37861.11;152145.582;51557.3;84019.096;5072.71;33561.654;21175.776;143829.237;8316.345;Agricultura, inclusive apoio à agricultura e a pós colheita;Demais serviços;Administração, defesa, educação e saúde públicas e seguridade social;4;True;;;;;;;;;;;;;;;100.0;1.0;262.17;253.53;5.261667;5.3;;100.0;1.0;262.17;253.53;5.261667;5.3;;95.4;0.955339;216.23;199.16;5.71167;5.5;;95.4;0.955339;216.23;199.16;5.71167;5.5;;;;;;;;;;;;;;;;;;;;;;;;;;;;;
4;Sul;41;PR;Paraná;4101705;Araruna;630796.431;43548.25;471911.027;32579.29;547353.084;39015.83;177026.51;116101.427;131751.939;74333.104;499212.981;48140.103;Agricultura, inclusive apoio à agricultura e a pós colheita;Demais serviços;Indústrias de transformação;6;True;99.6;0.995992;282.71;281.29;4.871088;4.9;;99.6;0.995992;282.71;281.29;4.871088;4.9;;100.0;1.0;267.77;268.31;5.601333;5.6;;100.0;1.0;267.77;268.31;5.601333;5.6;;95.3;0.953957;243.68;229.18;6.781344;6.5;;95.3;0.953957;243.68;229.18;6.781344;6.5;;;;;;;;;;;;;;;;;;;;;;;;;;;;;
4;Sul;41;PR;Paraná;4101804;Araucária;34075051.609;224671.66;31308555.899;206430.95;25266761.323;170121.34;239812.779;14216619.559;6296603.237;1071309.49;21824345.065;3442416.258;Indústrias de transformação;Demais serviços;Comércio e reparação de veículos automotores e motocicletas;6;True;97.3;0.975279;272.19;281.52;4.726779;4.6;;97.3;0.975279;272.19;281.52;4.726779;4.6;;97.9;0.979469;250.63;254.89;5.092;5.0;;97.9;0.979469;250.63;254.89;5.092;5.0;;96.9;0.968926;225.21;212.88;6.132499;5.9;;96.9;0.968926;225.21;212.88;6.132499;5.9;;;;;;;;;;;;;;;;;;;;;;;;;;;;;
4;Sul;41;PR;Paraná;4101853;Ariranha do Ivaí;144972.888;62246.84;114831.376;49305.01;128973.65;63659.25;83235.478;4063.928;19941.668;17243.856;124484.93;4488.719;Agricultura, inclusive apoio à agricultura e a pós colheita;Demais serviços;Administração, defesa, educação e saúde públicas e seguridade social;6;True;100.0;1.0;282.09;281.13;4.859985;4.9;;100.0;1.0;282.09;281.13;4.859985;4.9;;100.0;1.0;295.87;290.33;6.436667;6.4;;100.0;1.0;295.87;290.33;6.436667;6.4;;96.8;0.963235;226.0;223.3;6.33703;6.1;;96.8;0.963235;226.0;223.3;6.33703;6.1;;;;;;;;;;;;;;;;;;;;;;;;;;;;;
4;Sul;41;PR;Paraná;4101903;Assaí;637193.778;46183.5;613492.344;44465.63;539552.01;36475.93;169081.98;73616.321;184024.582;77483.41;504206.294;35345.716;Agricultura, inclusive apoio à agricultura e a pós colheita;Demais serviços;Administração, defesa, educação e saúde públicas e seguridade social;6;True;99.3;0.993682;293.83;291.66;5.182508;5.1;;99.3;0.993682;293.83;291.66;5.182508;5.1;;99.9;0.998241;282.11;279.3;6.0235;6.0;;99.9;0.998241;282.11;279.3;6.0235;6.0;;95.1;0.95447;253.12;235.99;7.085314;6.8;;95.1;0.95447;253.12;235.99;7.085314;6.8;;;;;;;;;;;;;;;;;;;;;;;;;;;;;
4;Sul;41;PR;Paraná;4102000;Assis Chateaubriand;2033730.672;55252.41;1617587.946;43946.64;1633259.865;49038.01;545011.9;154436.598;600076.77;174973.626;1474498.894;158760.971;Demais serviços;Agricultura, inclusive apoio à agricultura e a pós colheita;Comércio e reparação de veículos automotores e motocicletas;6;True;96.1;0.954927;279.44;286.8;4.907647;4.7;;98.8;0.989964;279.44;286.8;4.907647;4.9;;99.4;0.993731;272.65;271.74;5.739833;5.7;;99.4;0.993731;272.65;271.74;5.739833;5.7;;99.2;0.992366;255.3;239.05;7.182554;7.1;;99.2;0.992366;255.3;239.05;7.182554;7.1;;;;;;;;;;;;;;;;;;;;;;;;;;;;;
4;Sul;41;PR;Paraná;4102109;Astorga;1164815.716;45723.88;1110365.542;43586.48;882919.587;33565.98;224773.832;136158.145;321756.949;129181.469;811870.395;71049.191;Demais serviços;Agricultura, inclusive apoio à agricultura e a pós colheita;Administração, defesa, educação e saúde públicas e seguridade social;0;False;;;;;;;;;;;;;;;;;;;;;;;;;;;;;;;;;;;;;;;;;;;;;;;;;;;;;;;;;;;;;;;;;;;;;;
4;Sul;41;PR;Paraná;4102208;Atalaia;254751.637;64007.95;203460.693;51120.78;177303.99;45803.15;64318.252;17342.222;56703.616;24865.632;163229.722;14074.268;Agricultura, inclusive apoio à agricultura e a pós colheita;Demais serviços;Administração, defesa, educação e saúde públicas e seguridade social;6;True;99.2;0.989101;279.58;280.52;4.815601;4.8;;99.2;0.989101;279.58;280.52;4.815601;4.8;;98.8;0.980413;282.47;280.78;6.054167;5.9;;98.8;0.980413;282.47;280.78;6.054167;5.9;;100.0;1.0;284.41;262.69;8.167906;8.2;;100.0;1.0;284.41;262.69;8.167906;8.2;;;;;;;;;;;;;;;;;;;;;;;;;;;;;
4;Sul;41;PR;Paraná;4102307;Balsa Nova;1302016.129;97201.65;1272534.365;95000.7;926184.931;69964.11;103744.434;396062.227;221283.37;77568.679;798658.71;127526.221;Indústrias de transformação;Demais serviços;Agricultura, inclusive apoio à agricultura e a pós colheita;6;True;98.3;0.985108;278.29;283.1;4.836106;4.8;;98.3;0.985108;278.29;283.1;4.836106;4.8;;99.7;0.997481;248.59;248.07;4.944333;4.9;;99.7;0.997481;248.59;248.07;4.944333;4.9;;92.7;0.928335;226.32;221.4;6.308591;5.9;;92.7;0.928335;226.32;221.4;6.308591;5.9;;;;;;;;;;;;;;;;;;;;;;;;;;;;;
4;Sul;41;PR;Paraná;4102406;Bandeirantes;1362233.291;43559.41;1123357.547;35921.0;1033467.845;33272.2;303678.537;103441.763;406937.902;151933.934;965992.135;67475.71;Demais serviços;Agricultura, inclusive apoio à agricultura e a pós colheita;Administração, defesa, educação e saúde públicas e seguridade social;6;True;95.3;0.963314;270.55;273.02;4.5765;4.4;;95.3;0.963314;270.55;273.02;4.5765;4.4;;96.1;0.96175;253.04;250.71;5.0625;4.9;;96.1;0.96175;253.04;250.71;5.0625;4.9;;91.8;0.923062;217.81;197.04;5.703278;5.3;;91.8;0.923062;217.81;197.04;5.703278;5.3;;;;;;;;;;;;;;;;;;;;;;;;;;;;;
4;Sul;41;PR;Paraná;4102505;Barbosa Ferraz;342155.193;31695.71;232714.249;21557.6;299362.963;26522.81;119378.893;12841.992;92167.03;58176.324;282564.239;16798.724;Agricultura, inclusive apoio à agricultura e a pós colheita;Demais serviços;Administração, defesa, educação e saúde públicas e seguridade social;6;True;98.4;0.983278;279.87;289.03;4.947069;4.9;;98.4;0.983278;279.87;289.03;4.947069;4.9;;99.6;0.995438;253.35;257.35;5.178333;5.2;;99.6;0.995438;253.35;257.35;5.178333;5.2;;99.1;0.991031;251.09;219.58;6.74821;6.7;;99.1;0.991031;251.09;219.58;6.74821;6.7;;;;;;;;;;;;;;;;;;;;;;;;;;;;;
4;Sul;41;PR;Paraná;4102604;Barracão;323296.511;33128.04;291717.911;29892.19;264230.092;25536.88;56562.933;19831.05;113044.983;49325.999;238764.964;25465.128;Demais serviços;Administração, defesa, educação e saúde públicas e seguridade social;Comércio e reparação de veículos automotores e motocicletas;7;True;94.9;0.960456;290.27;302.83;5.299723;5.1;;93.9;0.933626;284.39;295.57;5.108456;4.8;;99.4;0.994967;275.62;274.24;5.831;5.8;;99.4;0.994967;275.62;274.24;5.831;5.8;;99.7;0.997591;226.32;216.04;6.211137;6.2;;99.7;0.997591;226.32;216.04;6.211137;6.2;;96.3;0.967073;298.23;312.65;5.558527;5.4;;;;;;;;;;;;;;;;;;;;;;
4;Sul;41;PR;Paraná;4102703;Barra do Jacaré;187138.061;66502.51;186282.939;66198.63;150148.218;53990.73;81200.262;19766.545;23424.358;19382.437;143773.602;6374.616;Agricultura, inclusive apoio à agricultura e a pós colheita;Pecuária, inclusive apoio à pecuária;Demais serviços;6;True;100.0;1.0;277.11;284.08;4.834203;4.8;;100.0;1.0;277.11;284.08;4.834203;4.8;;100.0;1.0;247.13;259.65;5.113;5.1;;100.0;1.0;247.13;259.65;5.113;5.1;;98.8;0.989583;228.85;224.37;6.410874;6.3;;98.8;0.989583;228.85;224.37;6.410874;6.3;;;;;;;;;;;;;;;;;;;;;;;;;;;;;
4;Sul;41;PR;Paraná;4102752;Bela Vista da Caroba;126094.802;31281.27;91070.447;22592.52;106923.656;31411.18;51899.935;5250.903;23298.882;21031.496;101481.216;5442.44;Agricultura, inclusive apoio à agricultura e a pós colheita;Administração, defesa, educação e saúde públicas e seguridade social;Demais serviços;6;True;95.2;0.950051;263.71;255.85;4.223396;4.0;;95.2;0.950051;263.71;255.85;4.223396;4.0;;100.0;1.0;250.01;241.39;4.856667;4.9;;100.0;1.0;250.01;241.39;4.856667;4.9;;92.8;0.924355;250.62;231.3;6.952332;6.4;;92.8;0.924355;250.62;231.3;6.952332;6.4;;;;;;;;;;;;;;;;;;;;;;;;;;;;;
4;Sul;41;PR;Paraná;4102802;Bela Vista do Paraíso;564053.919;38026.96;633301.913;42695.47;523791.495;34012.43;92512.237;35045.131;265874.034;71347.025;464778.427;59013.068;Demais serviços;Comércio e reparação de veículos automotores e motocicletas;Agricultura, inclusive apoio à agricultura e a pós colheita;6;True;96.8;0.976018;269.81;278.06;4.641555;4.5;;96.8;0.976018;269.81;278.06;4.641555;4.5;;100.0;1.0;258.83;260.18;5.316833;5.3;;100.0;1.0;258.83;260.18;5.316833;5.3;;94.6;0.945965;219.16;211.01;5.983041;5.7;;94.6;0.945965;219.16;211.01;5.983041;5.7;;;;;;;;;;;;;;;;;;;;;;;;;;;;;
4;Sul;41;PR;Paraná;4102901;Bituruna;656377.314;42256.96;527647.95;33969.48;552341.717;33656.8;184755.463;116904.003;121839.094;80945.441;504444.002;47897.715;Produção florestal, pesca e aquicultura;Indústrias de transformação;Demais serviços;6;True;92.4;0.939556;281.31;280.48;4.8393;4.5;;92.4;0.939556;281.31;280.48;4.8393;4.5;;92.4;0.931308;254.39;254.32;5.145167;4.8;;92.4;0.931308;254.39;254.32;5.145167;4.8;;98.8;0.988769;244.65;229.0;6.796582;6.7;;98.8;0.988769;244.65;229.0;6.796582;6.7;;;;;;;;;;;;;;;;;;;;;;;;;;;;;
4;Sul;41;PR;Paraná;4103008;Boa Esperança;342930.48;75237.05;280661.467;61575.57;285688.871;71583.28;151515.368;9585.639;78681.167;28376.784;268158.957;17529.914;Agricultura, inclusive apoio à agricultura e a pós colheita;Demais serviços;Administração, defesa, educação e saúde públicas e seguridade social;6;True;95.2;0.952893;288.33;294.51;5.147925;4.9;;95.2;0.952893;288.33;294.51;5.147925;4.9;;99.0;0.990409;297.83;284.7;6.3755;6.3;;99.0;0.990409;297.83;284.7;6.3755;6.3;;98.9;0.98816;271.46;252.38;7.733314;7.6;;98.9;0.98816;271.46;252.38;7.733314;7.6;;;;;;;;;;;;;;;;;;;;;;;;;;;;;
4;Sul;41;PR;Paraná;4103024;Boa Esperança do Iguaçu;165031.3;67222.53;122034.429;49708.52;142607.147;58517.5;72330.299;6029.125;36065.849;18207.136;132632.409;9974.739;Pecuária, inclusive apoio à pecuária;Agricultura, inclusive apoio à agricultura e a pós colheita;Demais serviços;6;True;96.3;0.966066;290.1;293.34;5.15527;5.0;;96.3;0.966066;290.1;293.34;5.15527;5.0;;100.0;1.0;271.46;258.14;5.493333;5.5;;100.0;1.0;271.46;258.14;5.493333;5.5;;100.0;1.0;268.04;236.01;7.370411;7.4;;100.0;1.0;268.04;236.01;7.370411;7.4;;;;;;;;;;;;;;;;;;;;;;;;;;;;;
4;Sul;41;PR;Paraná;4103040;Boa Ventura de São Roque;449414.068;72838.58;419427.619;65761.62;361489.538;56990.31;156297.269;37711.702;86560.454;38219.339;318788.764;42700.774;Agricultura, inclusive apoio à agricultura e a pós colheita;Demais serviços;Comércio e reparação de veículos automotores e motocicletas;6;True;99.5;0.995968;273.11;265.2;4.495389;4.5;;99.5;0.995968;273.11;265.2;4.495389;4.5;;99.7;0.996718;255.0;255.57;5.176167;5.2;;99.7;0.996718;255.0;255.57;5.176167;5.2;;97.4;0.974319;233.01;225.8;6.516263;6.3;;97.4;0.974319;233.01;225.8;6.516263;6.3;;;;;;;;;;;;;;;;;;;;;;;;;;;;;
4;Sul;41;PR;Paraná;4103057;Boa Vista da Aparecida;222436.901;28071.29;192291.962;24267.03;185314.758;24629.82;58201.633;9509.284;62500.042;43791.025;174001.984;11312.774;Demais serviços;Administração, defesa, educação e saúde públicas e seguridade social;Agricultura, inclusive apoio à agricultura e a pós colheita;6;True;96.2;0.964226;273.0;280.96;4.729772;4.6;;96.2;0.964226;273.0;280.96;4.729772;4.6;;100.0;1.0;235.33;235.79;4.518667;4.5;;100.0;1.0;235.33;235.79;4.518667;4.5;;99.8;0.99778;214.24;204.78;5.775875;5.8;;99.8;0.99778;214.24;204.78;5.775875;5.8;;;;;;;;;;;;;;;;;;;;;;;;;;;;;
4;Sul;41;PR;Paraná;4103107;Bocaiúva do Sul;305498.453;22971.54;289093.444;21767.45;280327.122;21064.56;27460.006;70571.895;89842.729;65680.119;253554.75;26772.372;Demais serviços;Administração, defesa, educação e saúde públicas e seguridade social;Indústrias de transformação;6;True;96.9;0.971944;273.76;274.53;4.644189;4.5;;96.9;0.971944;273.76;274.53;4.644189;4.5;;97.9;0.979933;258.06;259.24;5.288333;5.2;;97.9;0.979933;258.06;259.24;5.288333;5.2;;86.9;0.859857;214.31;210.55;5.88212;5.1;;86.9;0.859857;214.31;210.55;5.88212;5.1;;;;;;;;;;;;;;;;;;;;;;;;;;;;;
4;Sul;41;PR;Paraná;4103156;Bom Jesus do Sul;142417.578;35783.31;126393.418;31757.14;115669.95;33315.08;56418.707;5157.836;24617.829;23417.124;109611.497;6058.454;Agricultura, inclusive apoio à agricultura e a pós colheita;Administração, defesa, educação e saúde públicas e seguridade social;Pecuária, inclusive apoio à pecuária;6;True;98.9;0.99187;272.83;288.28;4.836965;4.8;;98.9;0.99187;272.83;288.28;4.836965;4.8;;100.0;1.0;282.93;266.91;5.830667;5.8;;100.0;1.0;282.93;266.91;5.830667;5.8;;99.6;0.995728;258.3;231.68;7.105806;7.1;;99.6;0.995728;258.3;231.68;7.105806;7.1;;;;;;;;;;;;;;;;;;;;;;;;;;;;;
4;Sul;41;PR;Paraná;4103206;Bom Sucesso;221658.047;33681.51;179788.501;27319.33;157269.378;22141.26;67068.894;9206.744;37716.945;34990.235;148982.818;8286.56;Agricultura, inclusive apoio à agricultura e a pós colheita;Administração, defesa, educação e saúde públicas e seguridade social;Demais serviços;6;True;91.1;0.91279;263.33;264.21;4.343209;4.0;;91.1;0.91279;263.33;264.21;4.343209;4.0;;99.3;0.99311;258.27;266.07;5.405667;5.4;;99.3;0.99311;258.27;266.07;5.405667;5.4;;90.2;0.906052;248.73;227.4;6.845354;6.2;;90.2;0.906052;248.73;227.4;6.845354;6.2;;;;;;;;;;;;;;;;;;;;;;;;;;;;;
4;Sul;41;PR;Paraná;4103222;Bom Sucesso do Sul;331505.224;103530.68;314247.293;98140.94;300056.492;92495.84;129625.159;14539.825;103512.604;22905.25;270582.837;29473.655;Agricultura, inclusive apoio à agricultura e a pós colheita;Comércio e reparação de veículos automotores e motocicletas;Demais serviços;6;True;98.8;0.983471;308.95;286.52;5.317921;5.2;;98.8;0.983471;308.95;286.52;5.317921;5.2;;100.0;1.0;285.5;276.16;6.027667;6.0;;100.0;1.0;285.5;276.16;6.027667;6.0;;100.0;1.0;274.06;254.67;7.824569;7.8;;100.0;1.0;274.06;254.67;7.824569;7.8;;;;;;;;;;;;;;;;;;;;;;;;;;;;;
4;Sul;41;PR;Paraná;4103305;Borrazópolis;296465.288;38327.77;269979.358;34903.6;245672.903;39057.7;86538.328;10019.752;92382.935;38041.9;226982.915;18689.989;Agricultura, inclusive apoio à agricultura e a pós colheita;Demais serviços;Administração, defesa, educação e saúde públicas e seguridade social;6;True;96.1;0.961031;273.35;278.12;4.692173;4.5;;96.1;0.961031;273.35;278.12;4.692173;4.5;;100.0;1.0;270.49;268.45;5.649;5.6;;100.0;1.0;270.49;268.45;5.649;5.6;;99.7;0.997577;243.77;221.75;6.64797;6.6;;99.7;0.997577;243.77;221.75;6.64797;6.6;;;;;;;;;;;;;;;;;;;;;;;;;;;;;
4;Sul;41;PR;Paraná;4103354;Braganey;261007.315;53771.59;257285.871;53004.92;241525.967;45246.53;122680.638;8545.827;64085.536;30849.758;226161.759;15364.208;Agricultura, inclusive apoio à agricultura e a pós colheita;Demais serviços;Administração, defesa, educação e saúde públicas e seguridade social;6;True;96.4;0.959643;280.21;284.02;4.876844;4.7;;96.4;0.959643;280.21;284.02;4.876844;4.7;;100.0;1.0;286.05;278.8;6.080833;6.1;;100.0;1.0;286.05;278.8;6.080833;6.1;;95.7;0.955142;217.96;217.6;6.079958;5.8;;95.7;0.955142;217.96;217.6;6.079958;5.8;;;;;;;;;;;;;;;;;;;;;;;;;;;;;
4;Sul;41;PR;Paraná;4103370;Brasilândia do Sul;298634.398;80537.86;235240.964;63441.47;275949.479;109460.33;123778.276;7906.212;99843.248;20017.367;251545.103;24404.377;Agricultura, inclusive apoio à agricultura e a pós colheita;Comércio e reparação de veículos automotores e motocicletas;Demais serviços;6;True;96.1;0.961964;256.26;261.42;4.202145;4.0;;96.1;0.961964;256.26;261.42;4.202145;4.0;;98.1;0.968536;247.71;237.74;4.7575;4.6;;98.1;0.968536;247.71;237.74;4.7575;4.6;;98.0;0.974427;232.52;208.15;6.186003;6.0;;98.0;0.974427;232.52;208.15;6.186003;6.0;;;;;;;;;;;;;;;;;;;;;;;;;;;;;
4;Sul;41;PR;Paraná;4103404;Cafeara;121532.272;46262.76;93812.781;35710.99;114049.222;38361.66;66301.306;4250.183;20230.776;18874.182;109656.447;4392.775;Agricultura, inclusive apoio à agricultura e a pós colheita;Administração, defesa, educação e saúde públicas e seguridade social;Demais serviços;6;True;98.4;0.989101;266.75;265.87;4.416093;4.4;;98.4;0.989101;266.75;265.87;4.416093;4.4;;100.0;1.0;251.44;268.19;5.327167;5.3;;100.0;1.0;251.44;268.19;5.327167;5.3;;99.4;0.99469;256.45;251.75;7.435409;7.4;;99.4;0.99469;256.45;251.75;7.435409;7.4;;;;;;;;;;;;;;;;;;;;;;;;;;;;;
4;Sul;41;PR;Paraná;4103453;Cafelândia;2697733.865;142008.42;2410673.104;126897.57;1949225.99;103776.07;229992.372;776572.185;615257.197;105889.282;1727711.037;221514.953;Indústrias de transformação;Demais serviços;Agricultura, inclusive apoio à agricultura e a pós colheita;6;True;97.0;0.976487;281.25;286.01;4.921242;4.8;;97.0;0.976487;281.25;286.01;4.921242;4.8;;99.1;0.991189;273.87;264.95;5.647;5.6;;99.1;0.991189;273.87;264.95;5.647;5.6;;100.0;1.0;255.06;234.39;7.093246;7.1;;100.0;1.0;255.06;234.39;7.093246;7.1;;;;;;;;;;;;;;;;;;;;;;;;;;;;;
4;Sul;41;PR;Paraná;4103479;Cafezal do Sul;199025.998;44494.97;138966.041;31067.75;148982.512;37479.88;73026.61;5697.787;36753.047;24748.243;140225.687;8756.824;Agricultura, inclusive apoio à agricultura e a pós colheita;Demais serviços;Administração, defesa, educação e saúde públicas e seguridade social;6;True;96.5;0.964587;271.17;285.07;4.765597;4.6;;96.5;0.964587;271.17;285.07;4.765597;4.6;;94.8;0.94887;250.77;244.25;4.917;4.7;;94.8;0.94887;250.77;244.25;4.917;4.7;;99.2;0.992107;229.57;224.37;6.424614;6.4;;99.2;0.992107;229.57;224.37;6.424614;6.4;;;;;;;;;;;;;;;;;;;;;;;;;;;;;
4;Sul;41;PR;Paraná;4103503;Califórnia;250999.041;28817.34;240185.998;27575.89;253204.679;29302.71;67159.181;43267.043;73488.275;43227.737;227142.236;26062.443;Demais serviços;Agricultura, inclusive apoio à agricultura e a pós colheita;Administração, defesa, educação e saúde públicas e seguridade social;6;True;98.2;0.98418;287.12;296.43;5.159673;5.1;;98.2;0.98418;287.12;296.43;5.159673;5.1;;100.0;1.0;265.23;255.95;5.353;5.4;;100.0;1.0;265.23;255.95;5.353;5.4;;98.5;0.98576;246.55;231.62;6.880478;6.8;;98.5;0.98576;246.55;231.62;6.880478;6.8;;;;;;;;;;;;;;;;;;;;;;;;;;;;;
4;Sul;41;PR;Paraná;4103602;Cambará;985512.34;42457.02;969626.275;41776.23;819036.014;32032.38;174602.915;157114.044;287766.278;123831.898;743315.135;75720.879;Demais serviços;Agricultura, inclusive apoio à agricultura e a pós colheita;Administração, defesa, educação e saúde públicas e seguridade social;6;True;99.9;0.998663;265.06;272.73;4.495051;4.5;;99.9;0.998663;265.06;272.73;4.495051;4.5;;100.0;1.0;268.33;265.79;5.568667;5.6;;100.0;1.0;268.33;265.79;5.568667;5.6;;99.0;0.990318;222.83;208.34;6.004534;5.9;;99.0;0.990318;222.83;208.34;6.004534;5.9;;;;;;;;;;;;;;;;;;;;;;;;;;;;;
4;Sul;41;PR;Paraná;4103701;Cambé;6771172.732;63159.21;6118832.758;57074.4;5029902.157;46518.9;351440.74;1303755.414;2077406.914;498121.234;4230724.303;799177.854;Demais serviços;Indústrias de transformação;Comércio e reparação de veículos automotores e motocicletas;6;True;96.5;0.965706;275.84;282.87;4.798252;4.6;;96.5;0.965706;275.84;282.87;4.798252;4.6;;97.6;0.975658;271.01;272.29;5.721667;5.6;;97.6;0.975658;271.01;272.29;5.721667;5.6;;97.1;0.971246;246.87;231.51;6.884585;6.7;;97.1;0.971246;246.87;231.51;6.884585;6.7;;;;;;;;;;;;;;;;;;;;;;;;;;;;;
4;Sul;41;PR;Paraná;4103800;Cambira;349367.41;36931.02;314677.629;33264.02;280211.459;35171.51;76794.394;40010.564;87855.363;41751.536;246411.856;33799.603;Agricultura, inclusive apoio à agricultura e a pós colheita;Demais serviços;Administração, defesa, educação e saúde públicas e seguridade social;6;True;98.0;0.98285;280.49;297.46;5.081975;5.0;;98.0;0.98285;280.49;297.46;5.081975;5.0;;100.0;1.0;270.71;268.43;5.652333;5.7;;100.0;1.0;270.71;268.43;5.652333;5.7;;96.2;0.965714;247.34;233.1;6.922464;6.7;;96.2;0.965714;247.34;233.1;6.922464;6.7;;;;;;;;;;;;;;;;;;;;;;;;;;;;;
4;Sul;41;PR;Paraná;4103909;Campina da Lagoa;674422.201;42893.99;605746.924;38526.17;578372.719;41645.5;254783.863;33305.922;184348.918;68096.755;540535.458;37837.261;Agricultura, inclusive apoio à agricultura e a pós colheita;Demais serviços;Administração, defesa, educação e saúde públicas e seguridade social;6;True;96.2;0.962525;267.16;275.9;4.572001;4.4;;96.2;0.962525;267.16;275.9;4.572001;4.4;;99.5;0.995242;252.15;254.62;5.112833;5.1;;99.5;0.995242;252.15;254.62;5.112833;5.1;;100.0;1.0;245.96;227.7;6.797946;6.8;;100.0;1.0;245.96;227.7;6.797946;6.8;;;;;;;;;;;;;;;;;;;;;;;;;;;;;
4;Sul;41;PR;Paraná;4103958;Campina do Simão;195119.696;49573.09;168306.006;42760.67;150370.495;39250.98;92967.154;6641.16;22015.558;23611.234;145235.106;5135.389;Agricultura, inclusive apoio à agricultura e a pós colheita;Administração, defesa, educação e saúde públicas e seguridade social;Demais serviços;6;True;98.6;0.984189;279.49;281.09;4.82287;4.7;;98.6;0.984189;279.49;281.09;4.82287;4.7;;99.5;0.993631;267.02;259.95;5.4495;5.4;;99.5;0.993631;267.02;259.95;5.4495;5.4;;92.1;0.927596;254.24;245.95;7.287779;6.8;;92.1;0.927596;254.24;245.95;7.287779;6.8;;;;;;;;;;;;;;;;;;;;;;;;;;;;;
4;Sul;41;PR;Paraná;4104006;Campina Grande do Sul;2871767.402;60047.41;2497170.83;52243.16;2176023.716;49374.29;26102.146;225264.762;1139910.192;226860.526;1618137.626;557886.09;Demais serviços;Comércio e reparação de veículos automotores e motocicletas;Administração, defesa, educação e saúde públicas e seguridade social;6;True;95.3;0.954631;272.25;283.71;4.760406;4.5;;95.3;0.954631;272.25;283.71;4.760406;4.5;;94.5;0.945273;257.28;260.17;5.290833;5.0;;94.5;0.945273;257.28;260.17;5.290833;5.0;;95.1;0.950824;224.51;216.26;6.180595;5.9;;95.1;0.950824;224.51;216.26;6.180595;5.9;;;;;;;;;;;;;;;;;;;;;;;;;;;;;
4;Sul;41;PR;Paraná;4104055;Campo Bonito;237197.428;58901.77;207893.328;51624.86;224660.788;60817.76;140593.099;6416.918;41800.038;24708.626;213518.681;11142.107;Agricultura, inclusive apoio à agricultura e a pós colheita;Demais serviços;Pecuária, inclusive apoio à pecuária;6;True;99.1;0.987705;284.0;287.27;4.978727;4.9;;99.1;0.987705;284.0;287.27;4.978727;4.9;;100.0;1.0;289.38;277.64;6.117;6.1;;100.0;1.0;289.38;277.64;6.117;6.1;;94.6;0.94724;256.61;241.11;7.245008;6.9;;94.6;0.94724;256.61;241.11;7.245008;6.9;;;;;;;;;;;;;;;;;;;;;;;;;;;;;
4;Sul;41;PR;Paraná;4104105;Campo do Tenente;306673.047;40846.17;313847.364;41801.73;261270.416;32184.09;101642.729;29520.171;70428.364;39482.959;241074.223;20196.193;Agricultura, inclusive apoio à agricultura e a pós colheita;Demais serviços;Administração, defesa, educação e saúde públicas e seguridade social;6;True;98.3;0.9817;272.22;275.89;4.642919;4.6;;98.3;0.9817;272.22;275.89;4.642919;4.6;;98.7;0.987932;258.02;254.58;5.21;5.1;;98.7;0.987932;258.02;254.58;5.21;5.1;;98.7;0.987293;218.92;213.34;6.020824;5.9;;98.7;0.987293;218.92;213.34;6.020824;5.9;;;;;;;;;;;;;;;;;;;;;;;;;;;;;
4;Sul;41;PR;Paraná;4104204;Campo Largo;7070392.747;51863.48;6118470.554;44880.84;5733187.097;42255.83;122163.64;2000356.54;2061138.387;643888.41;4827546.977;905640.12;Demais serviços;Indústrias de transformação;Administração, defesa, educação e saúde públicas e seguridade social;6;True;96.5;0.970684;289.13;291.67;5.116646;5.0;;97.5;0.980994;283.03;288.6;4.985014;4.9;;98.6;0.986737;268.55;265.64;5.569833;5.5;;98.6;0.986737;268.55;265.64;5.569833;5.5;;95.9;0.959835;252.5;241.45;7.172755;6.9;;95.9;0.959835;252.5;241.45;7.172755;6.9;;;;;;;;;;;;;;;;;;;;;;;;;;;;;
4;Sul;41;PR;Paraná;4104253;Campo Magro;700582.723;23228.87;591900.543;19809.92;541601.254;17962.96;65744.512;72169.741;189757.764;152075.768;479747.785;61853.468;Administração, defesa, educação e saúde públicas e seguridade social;Demais serviços;Comércio e reparação de veículos automotores e motocicletas;6;True;95.1;0.951475;274.54;281.14;4.754096;4.5;;95.1;0.951475;274.54;281.14;4.754096;4.5;;97.9;0.979153;277.16;270.22;5.789667;5.7;;97.9;0.979153;277.16;270.22;5.789667;5.7;;96.7;0.96552;223.27;208.5;6.01584;5.8;;96.7;0.96552;223.27;208.5;6.01584;5.8;;;;;;;;;;;;;;;;;;;;;;;;;;;;;
4;Sul;41;PR;Paraná;4104303;Campo Mourão;5991907.747;60261.36;5697717.853;57302.66;5147309.893;53560.9;358931.881;1138553.125;2496007.711;465698.423;4459191.14;688118.753;Demais serviços;Indústrias de transformação;Comércio e reparação de veículos automotores e motocicletas;7;True;96.0;0.956099;289.08;296.77;5.192291;5.0;;96.3;0.953051;283.33;293.24;5.058689;4.8;;99.5;0.995234;270.93;274.36;5.754833;5.7;;99.5;0.995234;270.93;274.36;5.754833;5.7;;93.9;0.938715;251.53;242.59;7.174971;6.7;;93.9;0.938715;251.53;242.59;7.174971;6.7;;90.2;0.899976;369.54;346.18;7.062018;6.4;;;;;;;;;;;;;;;;;;;;;;
4;Sul;41;PR;Paraná;4104402;Cândido de Abreu;475234.993;31175.22;467036.436;30637.39;421636.526;28867.35;189164.856;14693.791;115646.251;73108.633;392613.532;29022.995;Agricultura, inclusive apoio à agricultura e a pós colheita;Administração, defesa, educação e saúde públicas e seguridade social;Demais serviços;6;True;99.5;0.995289;279.84;284.3;4.875839;4.9;;99.5;0.995289;279.84;284.3;4.875839;4.9;;98.2;0.981047;281.14;284.96;6.101667;6.0;;98.2;0.981047;281.14;284.96;6.101667;6.0;;91.4;0.916842;255.84;228.0;6.99195;6.4;;92.0;0.922355;255.84;228.0;6.99195;6.4;;;;;;;;;;;;;;;;;;;;;;;;;;;;;
4;Sul;41;PR;Paraná;4104428;Candói;901448.618;60204.94;918859.558;61367.77;850048.142;52712.89;411756.968;59586.382;230389.755;89637.452;791370.557;58677.585;Agricultura, inclusive apoio à agricultura e a pós colheita;Demais serviços;Administração, defesa, educação e saúde públicas e seguridade social;6;True;98.5;0.989386;280.97;287.21;4.935273;4.9;;98.5;0.989386;280.97;287.21;4.935273;4.9;;98.7;0.988111;267.57;261.23;5.48;5.4;;98.7;0.988111;267.57;261.23;5.48;5.4;;95.5;0.955561;226.64;221.42;6.315062;6.0;;95.5;0.955561;226.64;221.42;6.315062;6.0;;;;;;;;;;;;;;;;;;;;;;;;;;;;;
4;Sul;41;PR;Paraná;4104451;Cantagalo;386335.113;35372.19;366887.576;33557.81;335943.888;25183.2;140128.792;19339.74;92575.139;62181.82;314225.49;21718.398;Agricultura, inclusive apoio à agricultura e a pós colheita;Demais serviços;Administração, defesa, educação e saúde públicas e seguridade social;6;True;97.2;0.978484;283.33;289.58;5.003898;4.9;;97.2;0.978484;283.33;289.58;5.003898;4.9;;99.0;0.989732;259.44;263.85;5.388167;5.3;;99.0;0.989732;259.44;263.85;5.388167;5.3;;100.0;1.0;228.33;217.21;6.270768;6.3;;100.0;1.0;228.33;217.21;6.270768;6.3;;;;;;;;;;;;;;;;;;;;;;;;;;;;;
4;Sul;41;PR;Paraná;4104501;Capanema;1592680.617;77763.81;1206588.108;58912.56;1106692.308;57724.41;215802.925;358176.145;332726.609;97675.696;1004381.375;102310.933;Demais serviços;Indústrias de transformação;Eletricidade e gás, água, esgoto, atividades de gestão de resíduos e descontaminação;7;True;94.1;0.952887;301.13;299.29;5.399257;5.1;;93.6;0.948683;291.94;282.31;5.015993;4.8;;97.0;0.970658;294.26;279.84;6.235;6.1;;97.0;0.970658;294.26;279.84;6.235;6.1;;98.1;0.98241;260.71;236.45;7.238525;7.1;;98.1;0.98241;260.71;236.45;7.238525;7.1;;95.1;0.959306;313.33;321.86;5.90848;5.7;;;;;;;;;;;;;;;;;;;;;;
4;Sul;41;PR;Paraná;4104600;Capitão Leônidas Marques;1300219.755;88764.32;1164122.418;79473.13;1255526.163;79028.52;111792.184;841187.178;172633.448;83731.953;1209344.763;46181.4;Eletricidade e gás, água, esgoto, atividades de gestão de resíduos e descontaminação;Demais serviços;Administração, defesa, educação e saúde públicas e seguridade social;6;True;98.9;0.989637;272.73;273.88;4.619992;4.6;;98.9;0.989637;272.73;273.88;4.619992;4.6;;99.6;0.995979;264.46;263.96;5.473667;5.5;;99.6;0.995979;264.46;263.96;5.473667;5.5;;99.8;0.997994;243.89;228.44;6.771897;6.8;;99.8;0.997994;243.89;228.44;6.771897;6.8;;;;;;;;;;;;;;;;;;;;;;;;;;;;;
4;Sul;41;PR;Paraná;4104659;Carambeí;1989895.5;85465.6;1829888.944;78593.35;1578832.686;65173.69;489440.963;321463.459;463792.386;134050.575;1408747.383;170085.303;Pecuária, inclusive apoio à pecuária;Demais serviços;Indústrias de transformação;6;True;94.6;0.946648;277.4;284.63;4.84651;4.6;;94.6;0.946648;277.4;284.63;4.84651;4.6;;97.4;0.974494;254.71;256.11;5.180333;5.0;;97.4;0.974494;254.71;256.11;5.180333;5.0;;99.3;0.992782;220.35;210.85;6.002842;6.0;;99.3;0.992782;220.35;210.85;6.002842;6.0;;;;;;;;;;;;;;;;;;;;;;;;;;;;;
4;Sul;41;PR;Paraná;4104709;Carlópolis;575813.719;34061.74;533659.947;31568.17;458637.566;31869.75;183972.716;24697.943;151860.513;68974.556;429505.728;29131.838;Agricultura, inclusive apoio à agricultura e a pós colheita;Demais serviços;Administração, defesa, educação e saúde públicas e seguridade social;6;True;99.4;0.994712;285.08;289.68;5.029974;5.0;;99.4;0.994712;285.08;289.68;5.029974;5.0;;99.9;0.998493;283.51;272.57;5.934667;5.9;;99.9;0.998493;283.51;272.57;5.934667;5.9;;99.1;0.991043;246.98;224.74;6.763593;6.7;;99.1;0.991043;246.98;224.74;6.763593;6.7;;;;;;;;;;;;;;;;;;;;;;;;;;;;;
4;Sul;41;PR;Paraná;4104808;Cascavel;19204178.185;55176.33;18099792.551;52003.28;15786905.039;46974.63;1206734.268;2651348.65;8089818.184;1624295.417;13572196.519;2214708.52;Demais serviços;Comércio e reparação de veículos automotores e motocicletas;Administração, defesa, educação e saúde públicas e seguridade social;7;True;96.7;0.973163;279.26;287.32;4.912903;4.8;;96.8;0.973922;277.78;286.36;4.877745;4.8;;98.1;0.980461;258.96;260.2;5.319333;5.2;;98.1;0.980461;258.96;260.2;5.319333;5.2;;99.6;0.995792;245.82;228.7;6.813456;6.8;;99.6;0.995792;245.82;228.7;6.813456;6.8;;94.1;0.94307;336.42;324.25;6.268556;5.9;;;;;;;;;;;;;;;;;;;;;;
4;Sul;41;PR;Paraná;4104907;Castro;4517500.842;61820.06;4274953.157;58525.73;3631155.505;50345.31;778116.608;756481.19;1229472.293;404729.954;3168800.045;462355.46;Demais serviços;Indústrias de transformação;Pecuária, inclusive apoio à pecuária;6;True;96.9;0.974321;281.34;282.29;4.866817;4.7;;96.9;0.974321;281.34;282.29;4.866817;4.7;;99.2;0.991465;269.83;267.27;5.618333;5.6;;99.2;0.991465;269.83;267.27;5.618333;5.6;;99.9;0.998999;264.55;241.12;7.396717;7.4;;99.9;0.998999;264.55;241.12;7.396717;7.4;;;;;;;;;;;;;;;;;;;;;;;;;;;;;
4;Sul;41;PR;Paraná;4105003;Catanduvas;413684.795;39602.22;408001.98;39058.2;355951.072;35089.81;161222.28;19622.546;101838.682;49336.834;332020.341;23930.731;Agricultura, inclusive apoio à agricultura e a pós colheita;Demais serviços;Administração, defesa, educação e saúde públicas e seguridade social;6;True;97.5;0.976545;283.42;276.55;4.810102;4.7;;97.5;0.976545;283.42;276.55;4.810102;4.7;;99.4;0.993737;284.18;260.61;5.7465;5.7;;99.4;0.993737;284.18;260.61;5.7465;5.7;;99.0;0.990226;229.24;216.34;6.272316;6.2;;99.0;0.990226;229.24;216.34;6.272316;6.2;;;;;;;;;;;;;;;;;;;;;;;;;;;;;
4;Sul;41;PR;Paraná;4105102;Centenário do Sul;376524.952;34760.43;339018.254;31297.84;440498.981;41152.74;223749.614;22336.065;113828.726;56348.321;416262.726;24236.255;Agricultura, inclusive apoio à agricultura e a pós colheita;Demais serviços;Administração, defesa, educação e saúde públicas e seguridade social;6;True;98.9;0.989796;264.89;271.67;4.476796;4.4;;98.9;0.989796;264.89;271.67;4.476796;4.4;;100.0;1.0;272.38;278.38;5.846;5.8;;100.0;1.0;272.38;278.38;5.846;5.8;;100.0;1.0;248.33;229.62;6.878084;6.9;;100.0;1.0;248.33;229.62;6.878084;6.9;;;;;;;;;;;;;;;;;;;;;;;;;;;;;
4;Sul;41;PR;Paraná;4105201;Cerro Azul;374010.068;23181.48;340662.983;21114.6;405085.693;22650.73;207856.602;28674.852;71097.934;85097.161;392726.55;12359.143;Agricultura, inclusive apoio à agricultura e a pós colheita;Administração, defesa, educação e saúde públicas e seguridade social;Produção florestal, pesca e aquicultura;6;True;90.7;0.910857;263.07;267.17;4.383868;4.0;;90.7;0.910857;263.07;267.17;4.383868;4.0;;95.1;0.95148;230.06;227.85;4.2985;4.1;;95.1;0.95148;230.06;227.85;4.2985;4.1;;98.7;0.98675;204.59;198.69;5.480988;5.4;;98.7;0.98675;204.59;198.69;5.480988;5.4;;;;;;;;;;;;;;;;;;;;;;;;;;;;;
4;Sul;41;PR;Paraná;4105300;Céu Azul;1070583.204;96562.03;937100.72;84522.48;942758.299;79410.23;282695.336;245901.344;249143.048;64562.555;842302.283;100456.016;Indústrias de transformação;Demais serviços;Agricultura, inclusive apoio à agricultura e a pós colheita;6;True;89.8;0.899882;270.78;275.67;4.619401;4.2;;89.8;0.899882;270.78;275.67;4.619401;4.2;;97.9;0.978787;272.45;270.76;5.720167;5.6;;97.9;0.978787;272.45;270.76;5.720167;5.6;;100.0;1.0;251.14;233.16;6.996074;7.0;;100.0;1.0;251.14;233.16;6.996074;7.0;;;;;;;;;;;;;;;;;;;;;;;;;;;;;
4;Sul;41;PR;Paraná;4105409;Chopinzinho;1196359.965;56739.86;968767.829;45958.91;909271.377;47648.24;250635.072;140271.074;320928.543;114096.147;825930.837;83340.54;Demais serviços;Agricultura, inclusive apoio à agricultura e a pós colheita;Administração, defesa, educação e saúde públicas e seguridade social;6;True;99.8;0.998745;285.07;286.6;4.983726;5.0;;99.8;0.998745;285.07;286.6;4.983726;5.0;;99.8;0.997735;271.27;264.42;5.594833;5.6;;99.8;0.997735;271.27;264.42;5.594833;5.6;;98.4;0.983911;248.52;237.92;7.032619;6.9;;98.2;0.982935;248.52;237.92;7.032619;6.9;;;;;;;;;;;;;;;;;;;;;;;;;;;;;
4;Sul;41;PR;Paraná;4105508;Cianorte;3986696.636;50130.1;3497697.507;43981.26;3039715.513;35769.78;308192.336;731727.35;1273801.034;408343.222;2722063.942;317651.571;Demais serviços;Indústrias de transformação;Administração, defesa, educação e saúde públicas e seguridade social;6;True;93.9;0.951589;281.81;290.03;4.989286;4.7;;93.9;0.951589;281.81;290.03;4.989286;4.7;;95.9;0.959551;268.92;272.98;5.698333;5.5;;95.9;0.959551;268.92;272.98;5.698333;5.5;;97.4;0.974652;247.53;239.03;7.033908;6.9;;97.4;0.974652;247.53;239.03;7.033908;6.9;;;;;;;;;;;;;;;;;;;;;;;;;;;;;
4;Sul;41;PR;Paraná;4105607;Cidade Gaúcha;620523.946;54113.89;506191.724;44143.34;431472.615;33346.67;63691.118;113411.571;143213.284;70932.439;391248.413;40224.202;Demais serviços;Indústrias de transformação;Administração, defesa, educação e saúde públicas e seguridade social;6;True;90.3;0.913207;282.24;279.69;4.840535;4.4;;90.3;0.913207;282.24;279.69;4.840535;4.4;;96.8;0.967856;268.15;267.49;5.594;5.4;;96.8;0.967856;268.15;267.49;5.594;5.4;;98.0;0.9788;232.78;215.11;6.31751;6.2;;98.0;0.9788;232.78;215.11;6.31751;6.2;;;;;;;;;;;;;;;;;;;;;;;;;;;;;
4;Sul;41;PR;Paraná;4105706;Clevelândia;915574.92;60754.81;822193.754;54558.31;837980.193;51271.43;336356.467;109083.826;248505.637;85081.421;779027.352;58952.84;Agricultura, inclusive apoio à agricultura e a pós colheita;Demais serviços;Administração, defesa, educação e saúde públicas e seguridade social;6;True;99.1;0.991329;274.52;282.94;4.780761;4.7;;99.1;0.991329;274.52;282.94;4.780761;4.7;;99.8;0.997481;258.22;261.97;5.3365;5.3;;99.8;0.997481;258.22;261.97;5.3365;5.3;;99.7;0.997195;225.76;219.42;6.261904;6.2;;98.9;0.98938;225.76;219.42;6.261904;6.2;;;;;;;;;;;;;;;;;;;;;;;;;;;;;
4;Sul;41;PR;Paraná;4105805;Colombo;7628974.586;32853.49;6366277.997;27434.23;5693870.124;22841.54;120834.26;1384798.867;2270675.14;1080430.939;4856739.205;837130.919;Demais serviços;Administração, defesa, educação e saúde públicas e seguridade social;Indústrias de transformação;6;True;90.1;0.918858;274.26;283.57;4.78654;4.4;;89.8;0.923163;274.26;283.57;4.78654;4.4;;95.5;0.954267;258.02;261.73;5.329167;5.1;;95.5;0.954267;258.02;261.73;5.329167;5.1;;93.0;0.930292;225.19;218.12;6.22739;5.8;;93.0;0.930292;225.19;218.12;6.22739;5.8;;;;;;;;;;;;;;;;;;;;;;;;;;;;;
4;Sul;41;PR;Paraná;4105904;Colorado;1171687.956;51174.35;948126.568;41410.14;796267.257;32807.35;93778.243;199590.146;314503.144;123079.336;730950.869;65316.387;Demais serviços;Indústrias de transformação;Administração, defesa, educação e saúde públicas e seguridade social;0;False;;;;;;;;;;;;;;;;;;;;;;;;;;;;;;;;;;;;;;;;;;;;;;;;;;;;;;;;;;;;;;;;;;;;;;
4;Sul;41;PR;Paraná;4106001;Congonhinhas;309516.653;37201.52;330955.327;39778.28;285617.152;32106.24;123365.794;20529.908;76940.591;45896.446;266732.739;18884.413;Agricultura, inclusive apoio à agricultura e a pós colheita;Demais serviços;Administração, defesa, educação e saúde públicas e seguridade social;6;True;97.9;0.984902;249.48;266.65;4.185213;4.1;;97.9;0.984902;249.48;266.65;4.185213;4.1;;99.7;0.996973;251.8;253.93;5.0955;5.1;;99.7;0.996973;251.8;253.93;5.0955;5.1;;94.3;0.941995;227.97;211.69;6.163534;5.8;;94.3;0.941995;227.97;211.69;6.163534;5.8;;;;;;;;;;;;;;;;;;;;;;;;;;;;;
4;Sul;41;PR;Paraná;4106100;Conselheiro Mairinck;168785.167;48767.75;182939.666;52857.46;152425.118;39173.76;89432.082;7305.085;26322.739;23557.623;146617.529;5807.589;Agricultura, inclusive apoio à agricultura e a pós colheita;Administração, defesa, educação e saúde públicas e seguridade social;Demais serviços;6;True;97.8;0.977999;275.86;284.94;4.829521;4.7;;97.8;0.977999;275.86;284.94;4.829521;4.7;;100.0;1.0;260.54;255.51;5.2675;5.3;;100.0;1.0;260.54;255.51;5.2675;5.3;;95.6;0.959295;257.01;238.17;7.199187;6.9;;95.6;0.959295;257.01;238.17;7.199187;6.9;;;;;;;;;;;;;;;;;;;;;;;;;;;;;
4;Sul;41;PR;Paraná;4106209;Contenda;627817.968;32821.93;619203.447;32371.57;557577.079;29220.05;148573.595;51946.594;210393.006;95182.724;506095.918;51481.161;Agricultura, inclusive apoio à agricultura e a pós colheita;Demais serviços;Administração, defesa, educação e saúde públicas e seguridade social;6;True;98.1;0.982509;285.4;288.66;5.019199;4.9;;98.1;0.982509;285.4;288.66;5.019199;4.9;;97.3;0.973527;257.33;252.09;5.157;5.0;;97.3;0.973527;257.33;252.09;5.157;5.0;;95.1;0.951831;238.99;229.15;6.691294;6.4;;95.1;0.951831;238.99;229.15;6.691294;6.4;;;;;;;;;;;;;;;;;;;;;;;;;;;;;
4;Sul;41;PR;Paraná;4106308;Corbélia;993480.192;56867.78;1003638.983;57449.28;1064177.188;62007.76;491696.946;63613.031;342654.763;89846.798;987811.538;76365.649;Agricultura, inclusive apoio à agricultura e a pós colheita;Demais serviços;Comércio e reparação de veículos automotores e motocicletas;6;True;98.3;0.986105;279.82;289.76;4.957295;4.9;;98.3;0.986105;279.82;289.76;4.957295;4.9;;99.6;0.996245;267.4;268.02;5.590333;5.6;;99.6;0.996245;267.4;268.02;5.590333;5.6;;95.6;0.955308;232.12;217.97;6.356915;6.1;;95.6;0.955308;232.12;217.97;6.356915;6.1;;;;;;;;;;;;;;;;;;;;;;;;;;;;;
4;Sul;41;PR;Paraná;4106407;Cornélio Procópio;2382241.244;52697.46;2173940.19;48089.64;1812202.152;37880.48;249528.21;192799.688;910317.997;253467.407;1606113.302;206088.85;Demais serviços;Administração, defesa, educação e saúde públicas e seguridade social;Agricultura, inclusive apoio à agricultura e a pós colheita;6;True;91.8;0.930916;292.75;290.94;5.156561;4.8;;91.8;0.930916;292.75;290.94;5.156561;4.8;;96.2;0.96161;269.62;270.72;5.672333;5.5;;96.2;0.96161;269.62;270.72;5.672333;5.5;;92.1;0.922618;232.27;220.58;6.407232;5.9;;92.1;0.922618;232.27;220.58;6.407232;5.9;;;;;;;;;;;;;;;;;;;;;;;;;;;;;
4;Sul;41;PR;Paraná;4106456;Coronel Domingos Soares;328942.49;58230.22;334094.936;59142.31;323716.001;42944.55;153497.015;47898.262;55850.167;46118.817;303364.261;20351.74;Agricultura, inclusive apoio à agricultura e a pós colheita;Administração, defesa, educação e saúde públicas e seguridade social;Demais serviços;6;True;100.0;1.0;254.42;246.08;3.946661;3.9;;100.0;1.0;254.42;246.08;3.946661;3.9;;100.0;1.0;226.29;228.09;4.239667;4.2;;100.0;1.0;226.29;228.09;4.239667;4.2;;99.2;0.991939;221.51;206.29;5.94207;5.9;;99.2;0.991939;221.51;206.29;5.94207;5.9;;;;;;;;;;;;;;;;;;;;;;;;;;;;;
4;Sul;41;PR;Paraná;4106506;Coronel Vivida;1109441.321;47552.24;895506.573;38382.69;887309.136;43431.68;235766.318;114169.968;325829.616;105491.437;781257.339;106051.797;Demais serviços;Agricultura, inclusive apoio à agricultura e a pós colheita;Comércio e reparação de veículos automotores e motocicletas;7;True;97.0;0.975109;290.58;294.67;5.181922;5.1;;96.0;0.965838;282.09;287.85;4.960584;4.8;;99.7;0.996718;266.13;264.92;5.5175;5.5;;99.7;0.996718;266.13;264.92;5.5175;5.5;;98.3;0.983069;243.09;231.08;6.804629;6.7;;98.3;0.983069;243.09;231.08;6.804629;6.7;;99.5;0.995289;313.1;312.76;5.769022;5.7;;;;;;;;;;;;;;;;;;;;;;
4;Sul;41;PR;Paraná;4106555;Corumbataí do Sul;104934.666;27908.16;82926.323;22054.87;87683.113;28862.12;32051.42;3604.192;24931.805;21534.902;82122.319;5560.794;Administração, defesa, educação e saúde públicas e seguridade social;Agricultura, inclusive apoio à agricultura e a pós colheita;Demais serviços;6;True;100.0;1.0;272.21;294.4;4.919874;4.9;;100.0;1.0;272.21;294.4;4.919874;4.9;;100.0;1.0;263.16;266.5;5.494333;5.5;;100.0;1.0;263.16;266.5;5.494333;5.5;;96.9;0.969824;236.27;228.97;6.636113;6.4;;96.9;0.969824;236.27;228.97;6.636113;6.4;;;;;;;;;;;;;;;;;;;;;;;;;;;;;
4;Sul;41;PR;Paraná;4106571;Cruzeiro do Iguaçu;206651.374;50000.33;173963.577;42091.36;177172.753;41894.72;69126.808;24121.628;41809.413;28334.334;163392.183;13780.57;Agricultura, inclusive apoio à agricultura e a pós colheita;Pecuária, inclusive apoio à pecuária;Demais serviços;6;True;89.9;0.900763;280.04;300.07;5.114726;4.6;;89.9;0.900763;280.04;300.07;5.114726;4.6;;100.0;1.0;274.62;266.79;5.690167;5.7;;100.0;1.0;274.62;266.79;5.690167;5.7;;95.7;0.958665;305.68;268.73;8.683641;8.3;;95.7;0.958665;305.68;268.73;8.683641;8.3;;;;;;;;;;;;;;;;;;;;;;;;;;;;;
4;Sul;41;PR;Paraná;4106605;Cruzeiro do Oeste;1089269.489;45708.09;893852.674;37507.98;859367.89;40996.46;174734.341;170201.748;329018.902;107757.885;781712.876;77655.015;Demais serviços;Agricultura, inclusive apoio à agricultura e a pós colheita;Indústrias de transformação;6;True;99.2;0.993735;273.43;282.83;4.763805;4.7;;99.2;0.993735;273.43;282.83;4.763805;4.7;;99.9;0.998997;276.08;279.7;5.929667;5.9;;99.9;0.998997;276.08;279.7;5.929667;5.9;;99.4;0.993557;244.38;230.63;6.821066;6.8;;99.4;0.993557;244.38;230.63;6.821066;6.8;;;;;;;;;;;;;;;;;;;;;;;;;;;;;
4;Sul;41;PR;Paraná;4106704;Cruzeiro do Sul;281275.104;62589.03;213805.978;47575.87;205350.678;46354.55;137157.05;5344.898;29576.58;25285.871;197364.399;7986.279;Pecuária, inclusive apoio à pecuária;Agricultura, inclusive apoio à agricultura e a pós colheita;Demais serviços;6;True;93.5;0.936424;281.36;284.15;4.894942;4.6;;93.5;0.936424;281.36;284.15;4.894942;4.6;;97.3;0.966322;263.36;260.61;5.3995;5.2;;97.3;0.966322;263.36;260.61;5.3995;5.2;;99.6;0.995521;251.48;241.5;7.154198;7.1;;99.6;0.995521;251.48;241.5;7.154198;7.1;;;;;;;;;;;;;;;;;;;;;;;;;;;;;
4;Sul;41;PR;Paraná;4106803;Cruz Machado;507964.016;31791.46;468274.164;29307.43;505065.548;26905.26;282126.824;18033.308;90466.411;91931.969;482558.512;22507.036;Produção florestal, pesca e aquicultura;Agricultura, inclusive apoio à agricultura e a pós colheita;Administração, defesa, educação e saúde públicas e seguridade social;6;True;95.0;0.960173;281.58;278.95;4.820188;4.6;;95.0;0.960173;281.58;278.95;4.820188;4.6;;98.3;0.983705;272.37;270.41;5.713;5.6;;98.3;0.983705;272.37;270.41;5.713;5.6;;97.8;0.978076;246.47;227.66;6.806951;6.7;;97.8;0.978076;246.47;227.66;6.806951;6.7;;;;;;;;;;;;;;;;;;;;;;;;;;;;;
4;Sul;41;PR;Paraná;4106852;Cruzmaltina;189223.664;65430.04;194539.864;67501.69;151165.232;52270.14;61844.548;3984.746;53306.406;18378.779;137514.479;13650.753;Agricultura, inclusive apoio à agricultura e a pós colheita;Comércio e reparação de veículos automotores e motocicletas;Demais serviços;6;True;100.0;1.0;256.77;278.2;4.460505;4.5;;100.0;1.0;256.77;278.2;4.460505;4.5;;100.0;1.0;275.49;270.95;5.774;5.8;;100.0;1.0;275.49;270.95;5.774;5.8;;96.9;0.970828;236.77;214.78;6.387655;6.2;;96.9;0.970828;236.77;214.78;6.387655;6.2;;;;;;;;;;;;;;;;;;;;;;;;;;;;;
4;Sul;41;PR;Paraná;4106902;Curitiba;120065276.017;67691.3;111760270.004;63008.51;98000490.695;49905.38;17725.4;17640389.999;53112795.967;9131085.909;79901997.276;18098493.419;Demais serviços;Comércio e reparação de veículos automotores e motocicletas;Indústrias de transformação;9;True;97.2;0.976113;284.5;292.88;5.069732;4.9;;97.3;0.976631;283.06;292.15;5.038579;4.9;;98.6;0.986495;263.44;264.41;5.464167;5.4;;98.7;0.986996;264.38;264.83;5.486833;5.4;;100.0;1.0;230.52;218.13;6.329289;6.3;;100.0;1.0;230.52;218.13;6.329289;6.3;;93.3;0.943437;377.04;339.54;7.067954;6.7;;99.6;0.996245;266.76;263.52;5.504667;5.5;;98.8;0.987598;342.87;316.24;7.651833;7.6;;;;;;;;
4;Sul;41;PR;Paraná;4107009;Curiúva;332954.115;24397.6;318794.557;23360.05;276028.647;18054.07;78553.686;17237.071;89492.018;70568.012;255850.788;20177.86;Administração, defesa, educação e saúde públicas e seguridade social;Demais serviços;Agricultura, inclusive apoio à agricultura e a pós colheita;6;True;97.9;0.979471;258.03;271.25;4.37416;4.3;;97.9;0.979471;258.03;271.25;4.37416;4.3;;98.7;0.987696;252.4;260.5;5.215;5.2;;98.7;0.987696;252.4;260.5;5.215;5.2;;95.0;0.950703;234.36;222.08;6.47439;6.2;;95.0;0.950703;234.36;222.08;6.47439;6.2;;;;;;;;;;;;;;;;;;;;;;;;;;;;;
4;Sul;41;PR;Paraná;4107108;Diamante do Norte;413933.429;80500.47;380690.997;74035.59;298206.751;59941.06;32499.425;132135.852;82222.106;31484.102;278341.484;19865.267;Eletricidade e gás, água, esgoto, atividades de gestão de resíduos e descontaminação;Demais serviços;Comércio e reparação de veículos automotores e motocicletas;6;True;95.9;0.95799;281.56;281.37;4.856134;4.7;;95.9;0.95799;281.56;281.37;4.856134;4.7;;99.5;0.995951;253.8;249.69;5.058167;5.0;;99.5;0.995951;253.8;249.69;5.058167;5.0;;94.8;0.946791;246.16;222.31;6.703763;6.3;;94.8;0.946791;246.16;222.31;6.703763;6.3;;;;;;;;;;;;;;;;;;;;;;;;;;;;;
4;Sul;41;PR;Paraná;4107124;Diamante do Sul;85753.794;27043.14;71943.583;22687.98;74735.85;21923.1;36853.019;2358.825;12163.413;20947.592;72322.849;2413.001;Administração, defesa, educação e saúde públicas e seguridade social;Pecuária, inclusive apoio à pecuária;Agricultura, inclusive apoio à agricultura e a pós colheita;6;True;98.3;0.983827;267.44;274.34;4.55258;4.5;;98.3;0.983827;267.44;274.34;4.55258;4.5;;98.9;0.989644;272.84;256.33;5.486167;5.4;;98.9;0.989644;272.84;256.33;5.486167;5.4;;96.6;0.966946;254.94;240.81;7.207684;7.0;;96.6;0.966946;254.94;240.81;7.207684;7.0;;;;;;;;;;;;;;;;;;;;;;;;;;;;;
4;Sul;41;PR;Paraná;4107157;Diamante D'Oeste;134492.64;29513.42;115173.13;25273.89;128031.058;24252.9;60104.868;4584.99;26298.328;30495.889;121484.075;6546.983;Pecuária, inclusive apoio à pecuária;Administração, defesa, educação e saúde públicas e seguridade social;Agricultura, inclusive apoio à agricultura e a pós colheita;6;True;100.0;1.0;269.21;272.03;4.542859;4.5;;100.0;1.0;269.21;272.03;4.542859;4.5;;100.0;1.0;269.06;265.29;5.5725;5.6;;100.0;1.0;269.06;265.29;5.5725;5.6;;98.4;0.982513;246.07;227.68;6.799681;6.7;;98.4;0.981908;246.07;227.68;6.799681;6.7;;;;;;;;;;;;;;;;;;;;;;;;;;;;;
4;Sul;41;PR;Paraná;4107207;Dois Vizinhos;2609172.747;58150.9;2211267.575;49282.75;2026447.426;48919.65;330582.384;431388.352;844655.34;218079.146;1824705.222;201742.204;Demais serviços;Indústrias de transformação;Administração, defesa, educação e saúde públicas e seguridade social;6;True;94.9;0.959935;282.73;283.12;4.898765;4.7;;94.9;0.959935;282.73;283.12;4.898765;4.7;;99.0;0.990746;279.76;272.47;5.8705;5.8;;99.0;0.990746;279.76;272.47;5.8705;5.8;;100.0;0.999599;265.93;247.54;7.53978;7.5;;100.0;0.999599;265.93;247.54;7.53978;7.5;;;;;;;;;;;;;;;;;;;;;;;;;;;;;
4;Sul;41;PR;Paraná;4107256;Douradina;859149.606;93783.39;737484.146;80502.58;841228.334;93594.61;39083.22;92462.113;270793.561;49562.347;451901.241;389327.092;Comércio e reparação de veículos automotores e motocicletas;Demais serviços;Indústrias de transformação;6;True;100.0;1.0;276.49;284.42;4.830585;4.8;;100.0;1.0;276.49;284.42;4.830585;4.8;;100.0;1.0;271.34;272.69;5.733833;5.7;;100.0;1.0;271.34;272.69;5.733833;5.7;;99.4;0.994338;237.21;220.66;6.502961;6.5;;99.4;0.994338;237.21;220.66;6.502961;6.5;;;;;;;;;;;;;;;;;;;;;;;;;;;;;
4;Sul;41;PR;Paraná;4107306;Doutor Camargo;242635.313;38349.19;182585.454;28858.14;200365.462;33466.76;62422.581;13782.846;75280.556;33019.452;184505.435;15860.027;Agricultura, inclusive apoio à agricultura e a pós colheita;Demais serviços;Administração, defesa, educação e saúde públicas e seguridade social;6;True;100.0;1.0;267.3;287.94;4.754207;4.8;;100.0;1.0;267.3;287.94;4.754207;4.8;;99.1;0.990486;268.23;278.14;5.772833;5.7;;99.1;0.990486;268.23;278.14;5.772833;5.7;;97.4;0.974027;242.66;233.36;6.837878;6.7;;97.4;0.974027;242.66;233.36;6.837878;6.7;;;;;;;;;;;;;;;;;;;;;;;;;;;;;
4;Sul;41;PR;Paraná;4107405;Enéas Marques;389459.999;64920.82;320674.313;53454.63;311320.716;52712.62;123923.119;43044.611;71151.267;34740.88;272859.876;38460.84;Pecuária, inclusive apoio à pecuária;Demais serviços;Indústrias de transformação;6;True;94.3;0.938813;289.74;292.42;5.136441;4.8;;94.3;0.938813;289.74;292.42;5.136441;4.8;;95.8;0.956596;289.85;274.02;6.0645;5.8;;95.8;0.956596;289.85;274.02;6.0645;5.8;;100.0;1.0;244.03;218.17;6.587841;6.6;;100.0;1.0;244.03;218.17;6.587841;6.6;;;;;;;;;;;;;;;;;;;;;;;;;;;;;
4;Sul;41;PR;Paraná;4107504;Engenheiro Beltrão;698650.245;56098.46;461166.056;37029.55;566606.447;40582.04;221541.278;38039.829;193412.189;72054.567;525047.863;41558.584;Agricultura, inclusive apoio à agricultura e a pós colheita;Demais serviços;Administração, defesa, educação e saúde públicas e seguridade social;6;True;99.7;0.996982;270.04;277.14;4.631013;4.6;;99.7;0.996982;270.04;277.14;4.631013;4.6;;100.0;1.0;262.03;262.97;5.416667;5.4;;100.0;1.0;262.03;262.97;5.416667;5.4;;97.9;0.979818;232.97;221.45;6.436409;6.3;;97.9;0.979818;232.97;221.45;6.436409;6.3;;;;;;;;;;;;;;;;;;;;;;;;;;;;;
4;Sul;41;PR;Paraná;4107520;Esperança Nova;75224.394;40683.83;65714.482;35540.55;65235.789;39948.43;31789.758;4323.749;11499.178;14878.984;62491.669;2744.121;Pecuária, inclusive apoio à pecuária;Administração, defesa, educação e saúde públicas e seguridade social;Demais serviços;6;True;100.0;1.0;262.93;268.73;4.405256;4.4;;100.0;1.0;262.93;268.73;4.405256;4.4;;100.0;1.0;253.98;234.12;4.801667;4.8;;100.0;1.0;253.98;234.12;4.801667;4.8;;95.9;0.95984;233.75;215.06;6.335112;6.1;;95.9;0.95984;233.75;215.06;6.335112;6.1;;;;;;;;;;;;;;;;;;;;;;;;;;;;;
4;Sul;41;PR;Paraná;4107538;Entre Rios do Oeste;420777.808;91973.29;384483.891;84040.19;313142.57;67328.01;90826.238;39232.836;113788.681;40828.496;284676.251;28466.319;Demais serviços;Pecuária, inclusive apoio à pecuária;Agricultura, inclusive apoio à agricultura e a pós colheita;6;True;96.0;0.963135;311.72;294.1;5.470299;5.3;;96.0;0.963135;311.72;294.1;5.470299;5.3;;98.6;0.985522;277.29;257.99;5.588;5.5;;98.6;0.985522;277.29;257.99;5.588;5.5;;99.3;0.994898;255.7;234.34;7.104551;7.1;;99.3;0.994898;255.7;234.34;7.104551;7.1;;;;;;;;;;;;;;;;;;;;;;;;;;;;;
4;Sul;41;PR;Paraná;4107546;Espigão Alto do Iguaçu;201751.523;42057.85;204708.618;42674.3;162811.235;40907.35;86311.51;11581.347;30028.981;26589.99;154511.828;8299.406;Agricultura, inclusive apoio à agricultura e a pós colheita;Pecuária, inclusive apoio à pecuária;Administração, defesa, educação e saúde públicas e seguridade social;6;True;98.8;0.986913;277.43;289.75;4.923578;4.9;;98.8;0.986913;277.43;289.75;4.923578;4.9;;96.3;0.961116;278.83;267.65;5.774667;5.6;;96.3;0.961116;278.83;267.65;5.774667;5.6;;95.8;0.95814;225.89;221.35;6.299476;6.0;;96.0;0.960207;225.89;221.35;6.299476;6.0;;;;;;;;;;;;;;;;;;;;;;;;;;;;;
4;Sul;41;PR;Paraná;4107553;Farol;255636.46;84118.61;162504.66;53473.07;215732.124;72030.76;129271.158;7229.814;45365.443;22262.462;204128.877;11603.247;Agricultura, inclusive apoio à agricultura e a pós colheita;Demais serviços;Administração, defesa, educação e saúde públicas e seguridade social;6;True;93.1;0.920535;292.71;293.91;5.20046;4.8;;93.1;0.920535;292.71;293.91;5.20046;4.8;;96.5;0.965204;281.02;274.04;5.917667;5.7;;96.5;0.965204;281.02;274.04;5.917667;5.7;;97.1;0.972686;228.82;212.39;6.192483;6.0;;97.1;0.972686;228.82;212.39;6.192483;6.0;;;;;;;;;;;;;;;;;;;;;;;;;;;;;
4;Sul;41;PR;Paraná;4107603;Faxinal;625078.517;38140.13;594324.96;36263.65;500121.583;28777.35;128252.311;35225.763;206848.082;87999.742;458325.898;41795.685;Demais serviços;Agricultura, inclusive apoio à agricultura e a pós colheita;Administração, defesa, educação e saúde públicas e seguridade social;6;True;99.4;0.995475;260.5;263.04;4.285947;4.3;;99.4;0.995475;260.5;263.04;4.285947;4.3;;100.0;1.0;265.88;264.97;5.514167;5.5;;100.0;1.0;265.88;264.97;5.514167;5.5;;98.9;0.988105;230.17;222.17;6.396065;6.3;;98.9;0.988105;230.17;222.17;6.396065;6.3;;;;;;;;;;;;;;;;;;;;;;;;;;;;;
4;Sul;41;PR;Paraná;4107652;Fazenda Rio Grande;4139460.922;27805.32;4053190.038;27225.82;3322418.468;32023.31;37785.572;830522.343;1231704.021;516956.63;2616968.566;705449.902;Demais serviços;Indústrias de transformação;Administração, defesa, educação e saúde públicas e seguridade social;6;True;97.6;0.980454;273.48;284.72;4.792801;4.7;;97.6;0.980454;273.48;284.72;4.792801;4.7;;97.0;0.96944;258.42;260.42;5.314;5.2;;97.0;0.96944;258.42;260.42;5.314;5.2;;99.4;0.994195;224.13;214.96;6.149706;6.1;;99.4;0.994195;224.13;214.96;6.149706;6.1;;;;;;;;;;;;;;;;;;;;;;;;;;;;;
4;Sul;41;PR;Paraná;4107702;Fênix;243623.571;54234.99;157893.829;35150.01;212862.115;44964.54;102352.852;7988.34;61015.668;28453.48;199810.339;13051.776;Agricultura, inclusive apoio à agricultura e a pós colheita;Demais serviços;Administração, defesa, educação e saúde públicas e seguridade social;6;True;99.2;0.992901;270.89;280.0;4.685766;4.7;;99.2;0.992901;270.89;280.0;4.685766;4.7;;100.0;1.0;269.33;270.59;5.665333;5.7;;100.0;1.0;269.33;270.59;5.665333;5.7;;100.0;1.0;219.11;205.19;5.876269;5.9;;100.0;1.0;219.11;205.19;5.876269;5.9;;;;;;;;;;;;;;;;;;;;;;;;;;;;;
4;Sul;41;PR;Paraná;4107736;Fernandes Pinheiro;323922.046;51786.1;275670.026;44071.95;253837.763;45646.06;149898.82;14573.823;42747.463;34687.743;241907.85;11929.913;Agricultura, inclusive apoio à agricultura e a pós colheita;Demais serviços;Administração, defesa, educação e saúde públicas e seguridade social;6;True;98.8;0.987253;289.79;292.16;5.133251;5.1;;98.8;0.987253;289.79;292.16;5.133251;5.1;;100.0;1.0;275.06;260.62;5.594667;5.6;;100.0;1.0;275.06;260.62;5.594667;5.6;;99.0;0.989414;241.28;223.36;6.629724;6.6;;99.0;0.989414;241.28;223.36;6.629724;6.6;;;;;;;;;;;;;;;;;;;;;;;;;;;;;
4;Sul;41;PR;Paraná;4107751;Figueira;191681.526;23775.93;169826.903;21065.11;161491.752;21179.25;26926.766;27218.76;54268.97;40155.218;148569.713;12922.039;Demais serviços;Administração, defesa, educação e saúde públicas e seguridade social;Agricultura, inclusive apoio à agricultura e a pós colheita;6;True;100.0;1.0;266.41;281.15;4.64006;4.6;;100.0;1.0;266.41;281.15;4.64006;4.6;;100.0;1.0;259.71;263.05;5.379333;5.4;;100.0;1.0;259.71;263.05;5.379333;5.4;;96.6;0.964185;237.44;224.27;6.572987;6.3;;96.6;0.964185;237.44;224.27;6.572987;6.3;;;;;;;;;;;;;;;;;;;;;;;;;;;;;
4;Sul;41;PR;Paraná;4107801;Floraí;310640.443;64824.8;267764.15;55877.33;239257.249;48998.0;96022.984;24891.691;71813.508;28932.939;221661.122;17596.127;Agricultura, inclusive apoio à agricultura e a pós colheita;Demais serviços;Administração, defesa, educação e saúde públicas e seguridade social;6;True;97.5;0.976622;275.61;287.11;4.858495;4.7;;97.5;0.976622;275.61;287.11;4.858495;4.7;;100.0;1.0;297.79;288.18;6.432833;6.4;;100.0;1.0;297.79;288.18;6.432833;6.4;;95.3;0.947698;292.8;262.37;8.322203;7.9;;95.3;0.947698;292.8;262.37;8.322203;7.9;;;;;;;;;;;;;;;;;;;;;;;;;;;;;
4;Sul;41;PR;Paraná;4107850;Flor da Serra do Sul;206356.743;47286.15;176425.578;40427.49;182642.865;39852.25;84792.073;7903.81;48376.189;29444.077;170516.15;12126.715;Agricultura, inclusive apoio à agricultura e a pós colheita;Pecuária, inclusive apoio à pecuária;Demais serviços;6;True;96.9;0.967354;299.62;293.6;5.29287;5.1;;96.9;0.967354;299.62;293.6;5.29287;5.1;;100.0;1.0;281.05;267.18;5.803833;5.8;;100.0;1.0;281.05;267.18;5.803833;5.8;;99.7;0.997373;274.96;248.37;7.727199;7.7;;99.7;0.997373;274.96;248.37;7.727199;7.7;;;;;;;;;;;;;;;;;;;;;;;;;;;;;
4;Sul;41;PR;Paraná;4107900;Floresta;364240.154;34828.85;277087.739;26495.29;271124.032;39145.83;78021.916;25314.728;104605.383;39516.46;247458.486;23665.546;Agricultura, inclusive apoio à agricultura e a pós colheita;Demais serviços;Administração, defesa, educação e saúde públicas e seguridade social;6;True;100.0;1.0;277.34;284.79;4.848062;4.8;;100.0;1.0;277.34;284.79;4.848062;4.8;;99.2;0.991204;261.4;263.42;5.413667;5.4;;99.2;0.991204;261.4;263.42;5.413667;5.4;;100.0;1.0;240.37;226.42;6.667994;6.7;;100.0;1.0;240.37;226.42;6.667994;6.7;;;;;;;;;;;;;;;;;;;;;;;;;;;;;
4;Sul;41;PR;Paraná;4108007;Florestópolis;623832.373;54502.22;471672.388;41208.49;400284.885;38637.54;78722.846;114180.535;121173.234;57224.202;371300.817;28984.068;Demais serviços;Indústrias de transformação;Agricultura, inclusive apoio à agricultura e a pós colheita;6;True;98.8;0.988925;255.86;268.02;4.295329;4.2;;98.8;0.988925;255.86;268.02;4.295329;4.2;;100.0;1.0;236.54;248.48;4.750333;4.8;;100.0;1.0;236.54;248.48;4.750333;4.8;;98.2;0.982367;233.77;221.91;6.46004;6.3;;98.3;0.982986;233.77;221.91;6.46004;6.4;;;;;;;;;;;;;;;;;;;;;;;;;;;;;
4;Sul;41;PR;Paraná;4108106;Flórida;101261.114;38182.92;82612.199;31150.9;80572.574;29742.55;25785.503;6936.443;23531.589;20136.08;76389.615;4182.959;Agricultura, inclusive apoio à agricultura e a pós colheita;Demais serviços;Administração, defesa, educação e saúde públicas e seguridade social;0;False;;;;;;;;;;;;;;;;;;;;;;;;;;;;;;;;;;;;;;;;;;;;;;;;;;;;;;;;;;;;;;;;;;;;;;
4;Sul;41;PR;Paraná;4108205;Formosa do Oeste;405548.522;53117.03;416851.124;54597.4;370767.205;58434.55;175491.721;15490.105;114234.698;36591.365;341807.89;28959.315;Agricultura, inclusive apoio à agricultura e a pós colheita;Demais serviços;Pecuária, inclusive apoio à pecuária;6;True;100.0;1.0;275.41;278.31;4.72395;4.7;;100.0;1.0;275.41;278.31;4.72395;4.7;;99.7;0.996973;267.18;267.53;5.5785;5.6;;99.7;0.996973;267.18;267.53;5.5785;5.6;;100.0;1.0;223.64;212.66;6.098537;6.1;;100.0;1.0;223.64;212.66;6.098537;6.1;;;;;;;;;;;;;;;;;;;;;;;;;;;;;
4;Sul;41;PR;Paraná;4108304;Foz do Iguaçu;16973250.994;59468.67;17479951.713;61243.98;18969029.436;73531.64;121178.172;11498565.291;4875584.188;1525284.728;18020612.379;948417.058;Eletricidade e gás, água, esgoto, atividades de gestão de resíduos e descontaminação;Demais serviços;Administração, defesa, educação e saúde públicas e seguridade social;6;True;94.4;0.946551;283.75;290.87;5.029108;4.8;;94.6;0.947537;280.64;288.3;4.946956;4.7;;98.9;0.98899;269.17;270.46;5.6605;5.6;;98.9;0.98899;269.17;270.46;5.6605;5.6;;98.4;0.983822;266.7;243.33;7.477929;7.4;;98.4;0.983822;266.7;243.33;7.477929;7.4;;;;;;;;;;;;;;;;;;;;;;;;;;;;;
4;Sul;41;PR;Paraná;4108320;Francisco Alves;254090.328;31307.33;205654.213;25339.36;290544.096;48896.68;144205.533;11516.212;80856.648;34136.753;270715.146;19828.95;Agricultura, inclusive apoio à agricultura e a pós colheita;Demais serviços;Administração, defesa, educação e saúde públicas e seguridade social;6;True;98.3;0.982044;275.8;276.71;4.705475;4.6;;98.3;0.982044;275.8;276.71;4.705475;4.6;;99.4;0.99447;271.1;263.56;5.577667;5.5;;99.4;0.99447;271.1;263.56;5.577667;5.5;;90.2;0.900555;221.71;210.86;6.028978;5.4;;90.2;0.900555;221.71;210.86;6.028978;5.4;;;;;;;;;;;;;;;;;;;;;;;;;;;;;
4;Sul;41;PR;Paraná;4108403;Francisco Beltrão;4525403.384;46814.84;3970335.908;41072.72;3694538.715;39595.09;335288.644;701817.123;1762589.537;463783.268;3263478.572;431060.142;Demais serviços;Comércio e reparação de veículos automotores e motocicletas;Administração, defesa, educação e saúde públicas e seguridade social;6;True;96.4;0.966584;287.47;291.48;5.090487;4.9;;96.4;0.966584;287.47;291.48;5.090487;4.9;;98.4;0.983987;273.25;271.8;5.750833;5.7;;98.3;0.983234;273.25;271.8;5.750833;5.7;;99.1;0.991696;248.02;233.47;6.942168;6.9;;99.1;0.991696;248.02;233.47;6.942168;6.9;;;;;;;;;;;;;;;;;;;;;;;;;;;;;
4;Sul;41;PR;Paraná;4108452;Foz do Jordão;187782.428;38120.67;175861.709;35700.71;184044.064;41210.05;94877.724;21446.36;31255.61;29364.045;176943.74;7100.324;Agricultura, inclusive apoio à agricultura e a pós colheita;Administração, defesa, educação e saúde públicas e seguridade social;Demais serviços;6;True;95.0;0.950426;277.33;283.86;4.834;4.6;;95.0;0.950426;277.33;283.86;4.834;4.6;;99.5;0.995695;263.16;266.87;5.5005;5.5;;99.5;0.995695;263.16;266.87;5.5005;5.5;;91.0;0.912321;238.87;228.38;6.675004;6.1;;91.0;0.912321;238.87;228.38;6.675004;6.1;;;;;;;;;;;;;;;;;;;;;;;;;;;;;
4;Sul;41;PR;Paraná;4108502;General Carneiro;437293.913;39531.18;427244.619;38622.73;445472.058;32609.04;231882.485;30733.142;86946.725;68845.768;418408.12;27063.938;Produção florestal, pesca e aquicultura;Administração, defesa, educação e saúde públicas e seguridade social;Demais serviços;6;True;89.6;0.896455;270.23;273.06;4.572604;4.1;;89.6;0.896455;270.23;273.06;4.572604;4.1;;96.3;0.962888;241.56;243.71;4.7545;4.6;;96.3;0.962888;241.56;243.71;4.7545;4.6;;96.7;0.965816;211.16;206.47;5.747824;5.6;;96.7;0.965816;211.16;206.47;5.747824;5.6;;;;;;;;;;;;;;;;;;;;;;;;;;;;;
4;Sul;41;PR;Paraná;4108551;Godoy Moreira;96133.019;32291.91;81117.593;27248.1;72425.899;25412.6;33704.083;2425.278;14144.618;19562.305;69836.285;2589.613;Agricultura, inclusive apoio à agricultura e a pós colheita;Administração, defesa, educação e saúde públicas e seguridade social;Demais serviços;6;True;100.0;1.0;278.85;301.94;5.126007;5.1;;100.0;1.0;278.85;301.94;5.126007;5.1;;100.0;1.0;278.24;265.49;5.728833;5.7;;100.0;1.0;278.24;265.49;5.728833;5.7;;100.0;1.0;232.55;222.89;6.454575;6.5;;100.0;1.0;232.55;222.89;6.454575;6.5;;;;;;;;;;;;;;;;;;;;;;;;;;;;;
4;Sul;41;PR;Paraná;4108601;Goioerê;1335666.436;46969.32;1118784.79;39342.57;1074370.115;37390.2;223080.593;119038.086;476624.043;146971.169;965713.891;108656.223;Demais serviços;Agricultura, inclusive apoio à agricultura e a pós colheita;Comércio e reparação de veículos automotores e motocicletas;6;True;92.1;0.936062;280.33;283.11;4.864907;4.6;;91.0;0.928481;272.1;270.24;4.556652;4.2;;98.4;0.984441;268.55;270.5;5.650833;5.6;;98.4;0.984441;268.55;270.5;5.650833;5.6;;95.1;0.954128;232.37;221.6;6.427686;6.1;;95.1;0.954128;232.37;221.6;6.427686;6.1;;;;;;;;;;;;;;;;;;;;;;;;;;;;;
4;Sul;41;PR;Paraná;4108650;Goioxim;308612.143;47001.54;348141.0;53021.78;309145.193;44182.53;186605.835;9454.928;62106.307;34774.121;292941.192;16204.001;Agricultura, inclusive apoio à agricultura e a pós colheita;Demais serviços;Administração, defesa, educação e saúde públicas e seguridade social;6;True;99.2;0.99163;277.14;281.32;4.793307;4.8;;99.2;0.99163;277.14;281.32;4.793307;4.8;;100.0;1.0;254.12;254.29;5.140167;5.1;;100.0;1.0;254.12;254.29;5.140167;5.1;;99.3;0.992279;289.53;241.43;7.879071;7.8;;99.3;0.992279;289.53;241.43;7.879071;7.8;;;;;;;;;;;;;;;;;;;;;;;;;;;;;
4;Sul;41;PR;Paraná;4108700;Grandes Rios;177555.382;31475.87;161294.761;28593.29;172727.618;32111.47;90143.423;6522.604;37211.852;30866.638;164744.517;7983.101;Agricultura, inclusive apoio à agricultura e a pós colheita;Demais serviços;Administração, defesa, educação e saúde públicas e seguridade social;6;True;99.4;0.993585;290.16;302.34;5.290843;5.3;;99.4;0.993585;290.16;302.34;5.290843;5.3;;100.0;1.0;282.38;270.95;5.888833;5.9;;100.0;1.0;282.38;270.95;5.888833;5.9;;97.2;0.972558;243.44;232.57;6.8384;6.7;;97.2;0.972558;243.44;232.57;6.8384;6.7;;;;;;;;;;;;;;;;;;;;;;;;;;;;;
4;Sul;41;PR;Paraná;4108809;Guaíra;1438846.331;44828.06;1165667.23;36317.01;1139934.324;34030.94;230163.027;94240.236;529851.076;176158.417;1030412.757;109521.567;Demais serviços;Agricultura, inclusive apoio à agricultura e a pós colheita;Administração, defesa, educação e saúde públicas e seguridade social;6;True;99.3;0.994214;280.09;289.01;4.94986;4.9;;99.3;0.994214;280.09;289.01;4.94986;4.9;;99.8;0.997492;255.52;258.3;5.230333;5.2;;99.8;0.997492;255.52;258.3;5.230333;5.2;;96.3;0.963224;235.31;219.53;6.446156;6.2;;96.4;0.963268;235.31;219.53;6.446156;6.2;;;;;;;;;;;;;;;;;;;;;;;;;;;;;
4;Sul;41;PR;Paraná;4108908;Guairaçá;404827.015;61458.48;278167.756;42507.3;273735.642;41256.31;134784.09;21360.72;64651.659;37340.043;258136.513;15599.129;Agricultura, inclusive apoio à agricultura e a pós colheita;Demais serviços;Administração, defesa, educação e saúde públicas e seguridade social;6;True;100.0;1.0;288.16;291.98;5.107663;5.1;;100.0;1.0;288.16;291.98;5.107663;5.1;;100.0;1.0;262.2;253.7;5.265;5.3;;100.0;1.0;262.2;253.7;5.265;5.3;;98.1;0.981141;245.91;225.49;6.75681;6.6;;98.1;0.981141;245.91;225.49;6.75681;6.6;;;;;;;;;;;;;;;;;;;;;;;;;;;;;
4;Sul;41;PR;Paraná;4108957;Guamiranga;357064.021;45451.12;267831.011;34092.54;295065.123;33224.31;177782.535;12827.267;47359.885;43428.501;281398.188;13666.935;Agricultura, inclusive apoio à agricultura e a pós colheita;Administração, defesa, educação e saúde públicas e seguridade social;Demais serviços;6;True;92.2;0.918007;277.44;274.61;4.697072;4.3;;92.2;0.918007;277.44;274.61;4.697072;4.3;;100.0;1.0;268.58;261.24;5.497;5.5;;100.0;1.0;268.58;261.24;5.497;5.5;;96.7;0.971616;245.58;233.04;6.887785;6.7;;96.7;0.971616;245.58;233.04;6.887785;6.7;;;;;;;;;;;;;;;;;;;;;;;;;;;;;
4;Sul;41;PR;Paraná;4109005;Guapirama;228918.643;49485.22;218140.885;47155.4;176952.362;46974.35;88277.463;19731.452;33062.709;26030.612;167102.236;9850.127;Agricultura, inclusive apoio à agricultura e a pós colheita;Demais serviços;Pecuária, inclusive apoio à pecuária;6;True;100.0;1.0;281.61;277.79;4.803244;4.8;;100.0;1.0;281.61;277.79;4.803244;4.8;;100.0;1.0;269.48;247.3;5.279667;5.3;;100.0;1.0;269.48;247.3;5.279667;5.3;;100.0;1.0;265.37;247.0;7.519275;7.5;;100.0;1.0;265.37;247.0;7.519275;7.5;;;;;;;;;;;;;;;;;;;;;;;;;;;;;
4;Sul;41;PR;Paraná;4109104;Guaporema;106182.693;48463.12;83635.486;38172.29;78139.324;34899.21;42793.486;2578.157;12351.243;17609.186;75332.072;2807.252;Agricultura, inclusive apoio à agricultura e a pós colheita;Administração, defesa, educação e saúde públicas e seguridade social;Pecuária, inclusive apoio à pecuária;6;True;98.2;0.986301;261.9;267.22;4.368184;4.3;;98.2;0.986301;261.9;267.22;4.368184;4.3;;97.9;0.972498;261.63;273.81;5.590667;5.4;;97.9;0.972498;261.63;273.81;5.590667;5.4;;97.6;0.981067;229.22;206.02;6.084298;6.0;;97.6;0.981067;229.22;206.02;6.084298;6.0;;;;;;;;;;;;;;;;;;;;;;;;;;;;;
4;Sul;41;PR;Paraná;4109203;Guaraci;192290.817;40499.33;164970.595;34745.28;223862.859;40284.84;127400.106;9461.808;40016.133;35206.949;212084.995;11777.863;Agricultura, inclusive apoio à agricultura e a pós colheita;Pecuária, inclusive apoio à pecuária;Administração, defesa, educação e saúde públicas e seguridade social;6;True;99.4;0.99118;290.39;298.13;5.231049;5.2;;99.4;0.99118;290.39;298.13;5.231049;5.2;;100.0;1.0;271.64;271.38;5.717;5.7;;100.0;1.0;271.64;271.38;5.717;5.7;;95.5;0.951335;246.51;223.23;6.727169;6.4;;95.5;0.951335;246.51;223.23;6.727169;6.4;;;;;;;;;;;;;;;;;;;;;;;;;;;;;
4;Sul;41;PR;Paraná;4109302;Guaraniaçu;604224.361;43991.58;535922.123;39018.72;512014.492;42778.39;233521.843;23656.26;153136.791;66844.98;477159.875;34854.617;Agricultura, inclusive apoio à agricultura e a pós colheita;Demais serviços;Pecuária, inclusive apoio à pecuária;6;True;100.0;1.0;280.02;282.0;4.843936;4.8;;100.0;1.0;280.02;282.0;4.843936;4.8;;99.8;0.998241;262.43;265.11;5.459;5.4;;99.8;0.998241;262.43;265.11;5.459;5.4;;94.8;0.94759;235.47;222.69;6.506664;6.2;;94.8;0.94759;235.47;222.69;6.506664;6.2;;;;;;;;;;;;;;;;;;;;;;;;;;;;;
4;Sul;41;PR;Paraná;4109401;Guarapuava;9864113.348;54170.74;9378784.924;51505.47;8309024.064;45217.95;770156.84;1708279.03;3818191.773;872113.811;7168741.454;1140282.61;Demais serviços;Comércio e reparação de veículos automotores e motocicletas;Indústrias de transformação;6;True;95.1;0.959076;286.91;293.3;5.109868;4.9;;95.1;0.959076;286.91;293.3;5.109868;4.9;;97.2;0.971974;265.26;263.28;5.475667;5.3;;97.2;0.971722;265.26;263.28;5.475667;5.3;;97.5;0.977186;236.76;219.47;6.472737;6.3;;97.5;0.977186;236.76;219.47;6.472737;6.3;;;;;;;;;;;;;;;;;;;;;;;;;;;;;
4;Sul;41;PR;Paraná;4109500;Guaraqueçaba;146080.935;19660.96;129116.066;17377.67;118152.355;15641.03;37588.765;5045.191;31308.712;39091.473;113034.141;5118.214;Administração, defesa, educação e saúde públicas e seguridade social;Demais serviços;Agricultura, inclusive apoio à agricultura e a pós colheita;6;True;99.3;0.99331;262.4;258.89;4.250506;4.2;;99.3;0.99331;262.4;258.89;4.250506;4.2;;98.4;0.98292;249.18;245.28;4.907667;4.8;;98.4;0.98292;249.18;245.28;4.907667;4.8;;93.6;0.932599;208.46;192.13;5.43557;5.1;;93.7;0.933202;208.46;192.13;5.43557;5.1;;;;;;;;;;;;;;;;;;;;;;;;;;;;;
4;Sul;41;PR;Paraná;4109609;Guaratuba;1220949.312;29027.37;1065549.385;25332.83;982124.975;25863.09;73127.562;109604.192;488139.5;238838.097;909709.351;72415.624;Demais serviços;Administração, defesa, educação e saúde públicas e seguridade social;Comércio e reparação de veículos automotores e motocicletas;6;True;95.3;0.965177;274.85;282.35;4.776563;4.6;;95.3;0.965177;274.85;282.35;4.776563;4.6;;97.7;0.976733;260.07;258.46;5.308833;5.2;;97.7;0.976733;260.07;258.46;5.308833;5.2;;93.8;0.9391;227.89;217.38;6.265462;5.9;;93.8;0.9391;227.89;217.38;6.265462;5.9;;;;;;;;;;;;;;;;;;;;;;;;;;;;;
4;Sul;41;PR;Paraná;4109658;Honório Serpa;386520.653;78227.21;282889.899;57253.57;298545.619;59353.01;158255.81;34364.603;49536.122;32523.457;274679.992;23865.626;Agricultura, inclusive apoio à agricultura e a pós colheita;Demais serviços;Administração, defesa, educação e saúde públicas e seguridade social;6;True;100.0;1.0;279.23;275.55;4.736284;4.7;;100.0;1.0;279.23;275.55;4.736284;4.7;;100.0;1.0;255.65;243.66;4.9885;5.0;;100.0;1.0;255.65;243.66;4.9885;5.0;;99.7;0.996553;218.51;220.52;6.143545;6.1;;99.7;0.996553;218.51;220.52;6.143545;6.1;;;;;;;;;;;;;;;;;;;;;;;;;;;;;
4;Sul;41;PR;Paraná;4109708;Ibaiti;1236456.989;42887.86;990331.509;34350.73;878433.814;27576.88;199417.965;105480.325;348300.627;141343.742;794542.66;83891.154;Demais serviços;Administração, defesa, educação e saúde públicas e seguridade social;Agricultura, inclusive apoio à agricultura e a pós colheita;6;True;99.4;0.995461;281.92;278.98;4.825412;4.8;;99.4;0.995461;281.92;278.98;4.825412;4.8;;99.6;0.996242;265.68;264.6;5.504667;5.5;;99.6;0.996242;265.68;264.6;5.504667;5.5;;96.3;0.9623;253.69;233.44;7.049829;6.8;;96.3;0.9623;253.69;233.44;7.049829;6.8;;;;;;;;;;;;;;;;;;;;;;;;;;;;;
4;Sul;41;PR;Paraná;4109757;Ibema;208091.029;33465.91;198450.812;31915.54;182341.261;28548.81;58002.732;26229.012;48947.372;34916.768;168095.885;14245.377;Agricultura, inclusive apoio à agricultura e a pós colheita;Demais serviços;Administração, defesa, educação e saúde públicas e seguridade social;6;True;99.4;0.99187;280.7;274.54;4.74181;4.7;;99.4;0.99187;280.7;274.54;4.74181;4.7;;100.0;1.0;277.7;276.31;5.900167;5.9;;100.0;1.0;277.7;276.31;5.900167;5.9;;89.9;0.888733;244.31;224.29;6.704457;6.0;;89.9;0.888733;244.31;224.29;6.704457;6.0;;;;;;;;;;;;;;;;;;;;;;;;;;;;;
4;Sul;41;PR;Paraná;4109807;Ibiporã;4037854.555;78248.45;4506743.483;87334.91;3313394.225;59499.25;121601.509;603664.275;1660096.847;299443.377;2684806.008;628588.217;Comércio e reparação de veículos automotores e motocicletas;Demais serviços;Indústrias de transformação;6;True;97.7;0.983236;273.14;282.37;4.752846;4.7;;97.7;0.983236;273.14;282.37;4.752846;4.7;;98.9;0.989244;255.25;255.05;5.171667;5.1;;98.9;0.989244;255.25;255.05;5.171667;5.1;;90.6;0.905976;227.63;216.11;6.237409;5.7;;90.6;0.905976;227.63;216.11;6.237409;5.7;;;;;;;;;;;;;;;;;;;;;;;;;;;;;
4;Sul;41;PR;Paraná;4109906;Icaraíma;329105.838;36603.92;278204.887;30942.6;249549.76;32531.58;66808.852;37281.053;80144.241;46366.857;230601.003;18948.758;Demais serviços;Administração, defesa, educação e saúde públicas e seguridade social;Pecuária, inclusive apoio à pecuária;6;True;96.5;0.966053;279.4;277.98;4.775049;4.6;;96.5;0.966053;279.4;277.98;4.775049;4.6;;100.0;1.0;263.5;266.72;5.503667;5.5;;100.0;1.0;263.5;266.72;5.503667;5.5;;99.4;0.994062;237.71;211.75;6.350503;6.3;;99.4;0.994062;237.71;211.75;6.350503;6.3;;;;;;;;;;;;;;;;;;;;;;;;;;;;;
4;Sul;41;PR;Paraná;4110003;Iguaraçu;267157.99;50048.33;234416.37;43914.64;212504.794;47487.1;77655.798;18293.284;69053.312;32693.492;197695.886;14808.909;Demais serviços;Agricultura, inclusive apoio à agricultura e a pós colheita;Administração, defesa, educação e saúde públicas e seguridade social;0;False;;;;;;;;;;;;;;;;;;;;;;;;;;;;;;;;;;;;;;;;;;;;;;;;;;;;;;;;;;;;;;;;;;;;;;
4;Sul;41;PR;Paraná;4110052;Iguatu;94790.95;44212.2;90839.051;42368.96;83996.237;37315.08;38941.884;4562.23;18868.172;17460.416;79832.702;4163.535;Agricultura, inclusive apoio à agricultura e a pós colheita;Administração, defesa, educação e saúde públicas e seguridade social;Demais serviços;6;True;98.9;0.987355;264.86;281.27;4.620087;4.6;;98.9;0.987355;264.86;281.27;4.620087;4.6;;100.0;1.0;268.11;264.43;5.542333;5.5;;100.0;1.0;268.11;264.43;5.542333;5.5;;100.0;1.0;256.11;245.56;7.316375;7.3;;100.0;1.0;256.11;245.56;7.316375;7.3;;;;;;;;;;;;;;;;;;;;;;;;;;;;;
4;Sul;41;PR;Paraná;4110078;Imbaú;320470.89;22490.76;295776.45;20757.7;276155.718;20533.55;48196.875;34663.363;101770.875;64956.818;249587.931;26567.787;Demais serviços;Administração, defesa, educação e saúde públicas e seguridade social;Comércio e reparação de veículos automotores e motocicletas;6;True;97.1;0.972385;255.67;264.48;4.239666;4.1;;97.1;0.972385;255.67;264.48;4.239666;4.1;;99.4;0.993216;237.22;240.99;4.636833;4.6;;99.4;0.993216;237.22;240.99;4.636833;4.6;;99.2;0.990069;222.73;213.78;6.101534;6.0;;99.2;0.990069;222.73;213.78;6.101534;6.0;;;;;;;;;;;;;;;;;;;;;;;;;;;;;
4;Sul;41;PR;Paraná;4110102;Imbituva;1503417.717;50241.2;1356418.318;45328.78;1290790.08;38755.48;361453.335;261987.891;404752.033;151012.872;1179206.131;111583.949;Agricultura, inclusive apoio à agricultura e a pós colheita;Demais serviços;Indústrias de transformação;6;True;96.8;0.970356;287.34;294.47;5.133422;5.0;;96.8;0.970356;287.34;294.47;5.133422;5.0;;98.3;0.981596;272.81;267.1;5.665167;5.6;;98.3;0.981596;272.81;267.1;5.665167;5.6;;95.7;0.952044;240.05;221.92;6.580069;6.3;;95.7;0.952044;240.05;221.92;6.580069;6.3;;;;;;;;;;;;;;;;;;;;;;;;;;;;;
4;Sul;41;PR;Paraná;4110201;Inácio Martins;249949.243;25847.91;250999.605;25956.53;265709.397;23901.18;101217.379;34417.028;54552.798;55580.891;245768.097;19941.3;Produção florestal, pesca e aquicultura;Administração, defesa, educação e saúde públicas e seguridade social;Demais serviços;6;True;92.7;0.929104;277.71;283.53;4.834397;4.5;;92.7;0.929104;277.71;283.53;4.834397;4.5;;91.3;0.90508;260.71;257.26;5.2995;4.8;;91.3;0.90508;260.71;257.26;5.2995;4.8;;95.3;0.953669;228.18;211.1;6.156815;5.9;;95.4;0.954919;228.18;211.1;6.156815;5.9;;;;;;;;;;;;;;;;;;;;;;;;;;;;;
4;Sul;41;PR;Paraná;4110300;Inajá;76239.164;30062.76;55662.292;21948.85;58312.051;18677.79;20995.736;2258.946;13147.346;18964.627;55366.655;2945.396;Administração, defesa, educação e saúde públicas e seguridade social;Agricultura, inclusive apoio à agricultura e a pós colheita;Demais serviços;6;True;100.0;1.0;284.22;304.36;5.237656;5.2;;100.0;1.0;284.22;304.36;5.237656;5.2;;100.0;1.0;280.64;274.65;5.9215;5.9;;100.0;1.0;280.64;274.65;5.9215;5.9;;100.0;1.0;262.88;245.43;7.44321;7.4;;100.0;1.0;262.88;245.43;7.44321;7.4;;;;;;;;;;;;;;;;;;;;;;;;;;;;;
4;Sul;41;PR;Paraná;4110409;Indianópolis;772540.182;173682.59;687610.6;154588.71;507444.081;113471.4;41809.582;262115.769;130384.944;27926.099;462236.394;45207.687;Indústrias de transformação;Demais serviços;Administração, defesa, educação e saúde públicas e seguridade social;6;True;86.1;0.83211;261.29;260.92;4.265306;3.5;;86.1;0.83211;261.29;260.92;4.265306;3.5;;89.3;0.892945;258.89;260.65;5.325667;4.8;;89.3;0.892945;258.89;260.65;5.325667;4.8;;100.0;1.0;276.2;250.74;7.793954;7.8;;100.0;1.0;276.2;250.74;7.793954;7.8;;;;;;;;;;;;;;;;;;;;;;;;;;;;;
4;Sul;41;PR;Paraná;4110508;Ipiranga;776103.694;54879.34;826430.835;58438.05;615189.596;40137.64;294454.959;51815.606;150993.278;77136.021;574399.865;40789.731;Agricultura, inclusive apoio à agricultura e a pós colheita;Demais serviços;Administração, defesa, educação e saúde públicas e seguridade social;6;True;98.5;0.984951;282.39;289.82;4.994289;4.9;;98.5;0.984951;282.39;289.82;4.994289;4.9;;99.4;0.994489;277.97;270.48;5.8075;5.8;;99.4;0.994489;277.97;270.48;5.8075;5.8;;95.7;0.957371;250.65;234.44;7.009995;6.7;;95.7;0.957371;250.65;234.44;7.009995;6.7;;;;;;;;;;;;;;;;;;;;;;;;;;;;;
4;Sul;41;PR;Paraná;4110607;Iporã;850007.477;53982.44;537987.85;34166.64;597061.644;43766.43;238910.981;60745.49;183915.597;74022.332;557594.4;39467.244;Agricultura, inclusive apoio à agricultura e a pós colheita;Demais serviços;Administração, defesa, educação e saúde públicas e seguridade social;6;True;94.0;0.951322;270.18;275.84;4.613518;4.4;;94.0;0.951322;270.18;275.84;4.613518;4.4;;99.1;0.990714;260.72;253.06;5.229667;5.2;;99.1;0.990714;260.72;253.06;5.229667;5.2;;93.5;0.935421;227.66;218.49;6.281255;5.9;;93.5;0.935421;227.66;218.49;6.281255;5.9;;;;;;;;;;;;;;;;;;;;;;;;;;;;;
4;Sul;41;PR;Paraná;4110656;Iracema do Oeste;126065.431;53805.14;84703.224;36151.61;194365.944;87710.26;124698.872;6051.165;37050.821;17442.853;185243.712;9122.232;Agricultura, inclusive apoio à agricultura e a pós colheita;Demais serviços;Administração, defesa, educação e saúde públicas e seguridade social;6;True;96.8;0.937359;279.51;269.1;4.64366;4.4;;96.8;0.937359;279.51;269.1;4.64366;4.4;;100.0;1.0;255.8;271.45;5.454167;5.5;;100.0;1.0;255.8;271.45;5.454167;5.5;;100.0;1.0;240.22;226.12;6.659677;6.7;;100.0;1.0;240.22;226.12;6.659677;6.7;;;;;;;;;;;;;;;;;;;;;;;;;;;;;
4;Sul;41;PR;Paraná;4110706;Irati;2816144.413;47529.86;2539166.58;42855.13;2286210.966;37211.07;504800.157;267646.437;938753.706;272815.816;1984016.116;302194.849;Demais serviços;Agricultura, inclusive apoio à agricultura e a pós colheita;Comércio e reparação de veículos automotores e motocicletas;7;True;91.2;0.932248;291.11;295.83;5.206731;4.9;;91.3;0.930321;287.31;292.67;5.106054;4.8;;96.7;0.966482;279.34;272.95;5.8715;5.7;;96.7;0.966482;279.34;272.95;5.8715;5.7;;98.3;0.98363;255.32;240.27;7.205117;7.1;;98.3;0.98363;255.32;240.27;7.205117;7.1;;91.1;0.917712;329.31;327.58;6.218547;5.7;;;;;;;;;;;;;;;;;;;;;;
4;Sul;41;PR;Paraná;4110805;Iretama;409528.021;38330.96;363402.119;34013.68;354163.214;35313.91;135313.204;13045.366;124125.711;57769.198;330253.48;23909.734;Demais serviços;Agricultura, inclusive apoio à agricultura e a pós colheita;Administração, defesa, educação e saúde públicas e seguridade social;6;True;98.9;0.990657;277.87;285.38;4.864338;4.8;;98.9;0.990657;277.87;285.38;4.864338;4.8;;100.0;1.0;267.7;259.67;5.456167;5.5;;100.0;1.0;267.7;259.67;5.456167;5.5;;92.2;0.924355;253.44;231.93;7.017603;6.5;;92.2;0.924355;253.44;231.93;7.017603;6.5;;;;;;;;;;;;;;;;;;;;;;;;;;;;;
4;Sul;41;PR;Paraná;4110904;Itaguajé;164294.738;36664.75;127181.379;28382.37;121777.881;27514.21;53336.125;4008.051;30081.049;28037.446;115462.671;6315.211;Administração, defesa, educação e saúde públicas e seguridade social;Demais serviços;Produção florestal, pesca e aquicultura;6;True;100.0;1.0;256.51;277.2;4.441883;4.4;;100.0;1.0;256.51;277.2;4.441883;4.4;;100.0;1.0;257.28;247.86;5.085667;5.1;;100.0;1.0;257.28;247.86;5.085667;5.1;;100.0;1.0;220.66;198.5;5.784212;5.8;;100.0;1.0;220.66;198.5;5.784212;5.8;;;;;;;;;;;;;;;;;;;;;;;;;;;;;
4;Sul;41;PR;Paraná;4110953;Itaipulândia;566775.591;49349.2;508136.596;44243.5;524784.16;45286.86;149413.147;99156.343;142583.252;93126.263;484279.004;40505.156;Demais serviços;Agricultura, inclusive apoio à agricultura e a pós colheita;Administração, defesa, educação e saúde públicas e seguridade social;6;True;95.8;0.960785;301.52;306.18;5.507879;5.3;;95.8;0.960785;301.52;306.18;5.507879;5.3;;99.5;0.994712;291.77;276.99;6.146;6.1;;99.5;0.994712;291.77;276.99;6.146;6.1;;98.7;0.987084;252.34;238.2;7.110611;7.0;;98.8;0.987694;252.34;238.2;7.110611;7.0;;;;;;;;;;;;;;;;;;;;;;;;;;;;;
4;Sul;41;PR;Paraná;4111001;Itambaracá;279453.255;47300.82;261669.504;44290.71;223621.876;34318.89;106051.234;19059.898;52653.927;33894.754;211659.813;11962.063;Agricultura, inclusive apoio à agricultura e a pós colheita;Demais serviços;Administração, defesa, educação e saúde públicas e seguridade social;6;True;95.3;0.958991;253.23;257.42;4.099708;3.9;;95.3;0.958991;253.23;257.42;4.099708;3.9;;100.0;1.0;241.57;232.18;4.5625;4.6;;100.0;1.0;241.57;232.18;4.5625;4.6;;97.8;0.981609;195.88;188.26;5.12513;5.0;;97.8;0.981609;195.88;188.26;5.12513;5.0;;;;;;;;;;;;;;;;;;;;;;;;;;;;;
4;Sul;41;PR;Paraná;4111100;Itambé;276022.49;45168.14;185268.446;30317.21;228333.062;37370.39;98248.649;10989.609;69346.596;34396.079;212980.933;15352.129;Agricultura, inclusive apoio à agricultura e a pós colheita;Demais serviços;Administração, defesa, educação e saúde públicas e seguridade social;6;True;97.6;0.97452;284.59;293.05;5.073541;4.9;;97.6;0.97452;284.59;293.05;5.073541;4.9;;100.0;1.0;274.78;264.01;5.6465;5.6;;100.0;1.0;274.78;264.01;5.6465;5.6;;99.1;0.989928;272.38;260.02;7.889781;7.8;;99.1;0.989928;272.38;260.02;7.889781;7.8;;;;;;;;;;;;;;;;;;;;;;;;;;;;;
4;Sul;41;PR;Paraná;4111209;Itapejara d'Oeste;970545.41;78624.87;899902.19;72901.99;753013.97;61621.44;173751.3;195557.387;247352.214;60656.535;677317.437;75696.533;Demais serviços;Indústrias de transformação;Agricultura, inclusive apoio à agricultura e a pós colheita;6;True;98.5;0.985802;272.19;271.17;4.571839;4.5;;98.5;0.985802;272.19;271.17;4.571839;4.5;;97.3;0.971945;274.02;271.89;5.765167;5.6;;97.3;0.971945;274.02;271.89;5.765167;5.6;;99.9;0.998794;259.96;238.33;7.258394;7.2;;99.9;0.998794;259.96;238.33;7.258394;7.2;;;;;;;;;;;;;;;;;;;;;;;;;;;;;
4;Sul;41;PR;Paraná;4111258;Itaperuçu;799717.726;25618.02;679360.999;21762.53;626927.443;21256.82;53164.773;128697.735;247632.654;133056.578;562551.74;64375.703;Demais serviços;Administração, defesa, educação e saúde públicas e seguridade social;Comércio e reparação de veículos automotores e motocicletas;6;True;92.8;0.945541;259.76;267.73;4.345763;4.1;;92.8;0.945541;259.76;267.73;4.345763;4.1;;98.6;0.9857;248.4;245.28;4.894667;4.8;;98.6;0.9857;248.4;245.28;4.894667;4.8;;94.1;0.941924;218.17;210.1;5.947602;5.6;;94.1;0.941924;218.17;210.1;5.947602;5.6;;;;;;;;;;;;;;;;;;;;;;;;;;;;;
4;Sul;41;PR;Paraná;4111308;Itaúna do Sul;151824.849;42504.16;124605.183;34883.87;87749.678;32499.88;14294.607;8834.166;35779.07;18500.886;77408.728;10340.95;Demais serviços;Administração, defesa, educação e saúde públicas e seguridade social;Comércio e reparação de veículos automotores e motocicletas;6;True;100.0;1.0;244.25;252.55;3.90068;3.9;;100.0;1.0;244.25;252.55;3.90068;3.9;;99.4;0.994408;248.22;253.65;5.031167;5.0;;99.4;0.994408;248.22;253.65;5.031167;5.0;;100.0;1.0;270.13;250.58;7.675205;7.7;;100.0;1.0;270.13;250.58;7.675205;7.7;;;;;;;;;;;;;;;;;;;;;;;;;;;;;
4;Sul;41;PR;Paraná;4111407;Ivaí;711072.742;53751.06;479720.493;36262.79;497706.998;35426.51;215149.372;69084.831;118415.076;61000.878;463650.156;34056.842;Agricultura, inclusive apoio à agricultura e a pós colheita;Demais serviços;Administração, defesa, educação e saúde públicas e seguridade social;6;True;97.8;0.978223;283.87;283.09;4.914327;4.8;;97.8;0.978223;283.87;283.09;4.914327;4.8;;99.4;0.993733;282.39;269.77;5.869333;5.8;;99.4;0.993733;282.39;269.77;5.869333;5.8;;99.5;0.994976;255.44;239.83;7.199407;7.2;;99.5;0.994976;255.44;239.83;7.199407;7.2;;;;;;;;;;;;;;;;;;;;;;;;;;;;;
4;Sul;41;PR;Paraná;4111506;Ivaiporã;1142266.373;34910.34;1011289.838;30907.39;947820.979;29725.3;148004.498;52882.106;504900.481;153084.96;858872.045;88948.934;Demais serviços;Administração, defesa, educação e saúde públicas e seguridade social;Comércio e reparação de veículos automotores e motocicletas;7;True;97.9;0.97658;277.76;290.15;4.934201;4.8;;99.0;0.986902;274.57;286.96;4.841643;4.8;;99.8;0.998241;268.16;266.04;5.57;5.6;;99.8;0.998241;268.16;266.04;5.57;5.6;;99.0;0.99049;250.34;235.62;7.025534;7.0;;99.0;0.99049;250.34;235.62;7.025534;7.0;;93.6;0.940676;288.81;301.21;5.254966;4.9;;;;;;;;;;;;;;;;;;;;;;
4;Sul;41;PR;Paraná;4111555;Ivaté;280429.774;41052.52;208640.033;30543.12;203929.737;24587.62;46070.438;42338.183;58861.252;43275.204;190545.077;13384.661;Demais serviços;Administração, defesa, educação e saúde públicas e seguridade social;Agricultura, inclusive apoio à agricultura e a pós colheita;6;True;98.3;0.983187;274.18;279.87;4.730028;4.7;;98.3;0.983187;274.18;279.87;4.730028;4.7;;99.4;0.99447;269.89;269.82;5.661833;5.6;;99.4;0.99447;269.89;269.82;5.661833;5.6;;100.0;1.0;248.34;222.57;6.750093;6.8;;100.0;1.0;248.34;222.57;6.750093;6.8;;;;;;;;;;;;;;;;;;;;;;;;;;;;;
4;Sul;41;PR;Paraná;4111605;Ivatuba;167214.759;61748.43;123020.688;45428.61;143593.268;43526.3;49910.866;4429.044;60017.402;20649.141;135006.454;8586.815;Agricultura, inclusive apoio à agricultura e a pós colheita;Demais serviços;Administração, defesa, educação e saúde públicas e seguridade social;6;True;100.0;1.0;283.88;285.49;4.950395;5.0;;100.0;1.0;283.88;285.49;4.950395;5.0;;97.7;0.97525;265.79;242.52;5.1385;5.0;;97.7;0.97525;265.79;242.52;5.1385;5.0;;98.6;0.984945;245.26;229.49;6.817133;6.7;;98.6;0.984945;245.26;229.49;6.817133;6.7;;;;;;;;;;;;;;;;;;;;;;;;;;;;;
4;Sul;41;PR;Paraná;4111704;Jaboti;156575.521;28851.21;159159.185;29327.29;160051.166;30017.1;79037.792;7861.433;37426.455;28440.849;152766.529;7284.637;Agricultura, inclusive apoio à agricultura e a pós colheita;Demais serviços;Administração, defesa, educação e saúde públicas e seguridade social;6;True;100.0;1.0;286.07;289.74;5.044776;5.0;;100.0;1.0;286.07;289.74;5.044776;5.0;;100.0;1.0;272.57;265.39;5.632667;5.6;;100.0;1.0;272.57;265.39;5.632667;5.6;;97.4;0.975034;257.57;240.58;7.253693;7.1;;97.4;0.975034;257.57;240.58;7.253693;7.1;;;;;;;;;;;;;;;;;;;;;;;;;;;;;
4;Sul;41;PR;Paraná;4111803;Jacarezinho;1956993.425;48470.43;1804412.235;44691.32;1598028.734;40695.45;176805.441;420021.706;637063.087;198992.165;1432882.398;165146.336;Demais serviços;Indústrias de transformação;Administração, defesa, educação e saúde públicas e seguridade social;6;True;94.8;0.995986;261.47;271.05;4.41948;4.4;;99.5;0.995986;261.47;271.05;4.41948;4.4;;99.2;0.991958;243.14;247.03;4.836167;4.8;;99.2;0.991958;243.14;247.03;4.836167;4.8;;98.3;0.983342;208.21;200.67;5.586071;5.5;;98.3;0.982965;208.21;200.67;5.586071;5.5;;;;;;;;;;;;;;;;;;;;;;;;;;;;;
4;Sul;41;PR;Paraná;4111902;Jaguapitã;1452483.418;96051.01;1281632.415;84752.84;1049381.706;75707.5;154968.882;382479.966;324992.915;76075.87;938517.634;110864.072;Indústrias de transformação;Demais serviços;Agricultura, inclusive apoio à agricultura e a pós colheita;6;True;95.0;0.965412;266.27;268.93;4.45516;4.3;;95.0;0.965412;266.27;268.93;4.45516;4.3;;97.6;0.975858;269.81;260.19;5.5;5.4;;97.6;0.975858;269.81;260.19;5.5;5.4;;95.9;0.961093;235.34;227.28;6.587638;6.3;;95.9;0.961093;235.34;227.28;6.587638;6.3;;;;;;;;;;;;;;;;;;;;;;;;;;;;;
4;Sul;41;PR;Paraná;4112009;Jaguariaíva;2062534.661;58693.11;1910121.886;54355.93;1788852.542;50831.23;238686.142;646481.5;421478.446;182516.627;1489162.715;299689.827;Indústrias de transformação;Demais serviços;Administração, defesa, educação e saúde públicas e seguridade social;6;True;98.7;0.98493;272.22;282.55;4.742619;4.7;;99.0;0.993453;272.22;282.55;4.742619;4.7;;99.9;0.998748;257.91;262.06;5.332833;5.3;;99.9;0.998748;257.91;262.06;5.332833;5.3;;99.7;0.997395;238.85;228.92;6.684441;6.7;;99.7;0.997395;238.85;228.92;6.684441;6.7;;;;;;;;;;;;;;;;;;;;;;;;;;;;;
4;Sul;41;PR;Paraná;4112108;Jandaia do Sul;962904.172;44978.71;877358.225;40982.73;790155.332;37129.61;64850.837;142219.981;356678.031;109026.273;672775.122;117380.21;Demais serviços;Administração, defesa, educação e saúde públicas e seguridade social;Comércio e reparação de veículos automotores e motocicletas;6;True;99.5;0.995979;269.49;280.42;4.67239;4.7;;99.5;0.995979;269.49;280.42;4.67239;4.7;;100.0;1.0;274.42;276.86;5.854667;5.9;;100.0;1.0;274.42;276.86;5.854667;5.9;;97.4;0.973874;225.17;213.05;6.134827;6.0;;97.4;0.973874;225.17;213.05;6.134827;6.0;;;;;;;;;;;;;;;;;;;;;;;;;;;;;
4;Sul;41;PR;Paraná;4112207;Janiópolis;336925.472;57397.87;209418.638;35676.09;241935.564;48895.63;128426.21;8130.67;61262.607;31765.263;229584.75;12350.814;Agricultura, inclusive apoio à agricultura e a pós colheita;Demais serviços;Administração, defesa, educação e saúde públicas e seguridade social;6;True;97.3;0.969195;278.16;275.91;4.726645;4.6;;97.3;0.969195;278.16;275.91;4.726645;4.6;;100.0;1.0;283.97;275.06;5.983833;6.0;;100.0;1.0;283.97;275.06;5.983833;6.0;;100.0;1.0;285.27;262.37;8.1785;8.2;;100.0;1.0;285.27;262.37;8.1785;8.2;;;;;;;;;;;;;;;;;;;;;;;;;;;;;
4;Sul;41;PR;Paraná;4112306;Japira;169939.686;34179.34;180934.735;36390.74;163418.385;33154.47;101140.542;5238.352;22968.522;28864.809;158212.225;5206.159;Agricultura, inclusive apoio à agricultura e a pós colheita;Pecuária, inclusive apoio à pecuária;Administração, defesa, educação e saúde públicas e seguridade social;6;True;100.0;1.0;269.21;275.98;4.601991;4.6;;100.0;1.0;269.21;275.98;4.601991;4.6;;100.0;1.0;260.84;262.05;5.3815;5.4;;100.0;1.0;260.84;262.05;5.3815;5.4;;98.1;0.982291;235.53;220.76;6.472718;6.4;;98.1;0.982291;235.53;220.76;6.472718;6.4;;;;;;;;;;;;;;;;;;;;;;;;;;;;;
4;Sul;41;PR;Paraná;4112405;Japurá;441907.453;48327.59;363801.146;39785.78;321177.772;33550.38;67079.557;43049.38;123927.017;47534.988;281590.943;39586.828;Demais serviços;Administração, defesa, educação e saúde públicas e seguridade social;Agricultura, inclusive apoio à agricultura e a pós colheita;6;True;95.5;0.954991;283.03;276.42;4.802679;4.6;;95.5;0.954991;283.03;276.42;4.802679;4.6;;99.2;0.991409;259.04;253.84;5.214667;5.2;;99.2;0.991409;259.04;253.84;5.214667;5.2;;100.0;1.0;259.21;240.92;7.291172;7.3;;100.0;1.0;259.21;240.92;7.291172;7.3;;;;;;;;;;;;;;;;;;;;;;;;;;;;;
4;Sul;41;PR;Paraná;4112504;Jardim Alegre;424449.093;35358.97;381423.958;31774.74;374098.815;33803.09;107821.129;31739.278;145535.133;57503.992;342599.531;31499.284;Demais serviços;Agricultura, inclusive apoio à agricultura e a pós colheita;Comércio e reparação de veículos automotores e motocicletas;6;True;100.0;1.0;274.04;277.3;4.689588;4.7;;100.0;1.0;274.04;277.3;4.689588;4.7;;99.8;0.997988;259.73;259.04;5.312833;5.3;;99.8;0.997988;259.73;259.04;5.312833;5.3;;100.0;1.0;245.9;234.19;6.914801;6.9;;100.0;1.0;245.9;234.19;6.914801;6.9;;;;;;;;;;;;;;;;;;;;;;;;;;;;;
4;Sul;41;PR;Paraná;4112603;Jardim Olinda;78978.799;58807.74;52758.109;39283.77;57043.743;43578.11;27926.955;5196.581;8700.265;12086.102;53909.902;3133.84;Agricultura, inclusive apoio à agricultura e a pós colheita;Administração, defesa, educação e saúde públicas e seguridade social;Pecuária, inclusive apoio à pecuária;4;True;;;;;;;;;;;;;;;100.0;1.0;245.06;257.92;5.049667;5.0;;100.0;1.0;245.06;257.92;5.049667;5.0;;93.5;0.917616;221.51;208.59;5.983888;5.5;;93.5;0.917616;221.51;208.59;5.983888;5.5;;;;;;;;;;;;;;;;;;;;;;;;;;;;;
4;Sul;41;PR;Paraná;4112702;Jataizinho;301470.024;25520.19;302622.489;25617.75;282675.897;22280.75;62926.957;23121.083;103677.254;71168.083;260893.377;21782.52;Demais serviços;Administração, defesa, educação e saúde públicas e seguridade social;Agricultura, inclusive apoio à agricultura e a pós colheita;6;True;96.2;0.962914;257.44;257.68;4.16273;4.0;;96.2;0.962914;257.44;257.68;4.16273;4.0;;99.7;0.996207;247.55;240.43;4.799667;4.8;;99.7;0.996207;247.55;240.43;4.799667;4.8;;91.3;0.91502;229.59;218.86;6.324814;5.8;;91.3;0.91502;229.59;218.86;6.324814;5.8;;;;;;;;;;;;;;;;;;;;;;;;;;;;;
4;Sul;41;PR;Paraná;4112751;Jesuítas;556585.94;52977.91;433042.495;41218.59;441971.667;53565.83;150715.95;71730.011;134482.154;46752.389;403680.505;38291.161;Demais serviços;Agricultura, inclusive apoio à agricultura e a pós colheita;Pecuária, inclusive apoio à pecuária;6;True;100.0;1.0;279.9;289.31;4.951682;5.0;;100.0;1.0;279.9;289.31;4.951682;5.0;;100.0;1.0;264.81;269.82;5.577167;5.6;;100.0;1.0;264.81;269.82;5.577167;5.6;;98.8;0.987054;245.58;229.1;6.816149;6.7;;98.8;0.987054;245.58;229.1;6.816149;6.7;;;;;;;;;;;;;;;;;;;;;;;;;;;;;
4;Sul;41;PR;Paraná;4112801;Joaquim Távora;872245.893;73021.84;846959.566;70904.94;680976.769;56241.89;78487.632;225949.861;242114.923;61402.868;607955.286;73021.484;Indústrias de transformação;Demais serviços;Administração, defesa, educação e saúde públicas e seguridade social;6;True;99.7;0.997656;309.48;306.91;5.630605;5.6;;99.7;0.997656;309.48;306.91;5.630605;5.6;;100.0;1.0;319.82;289.88;6.828333;6.8;;100.0;1.0;319.82;289.88;6.828333;6.8;;95.4;0.958094;296.19;258.56;8.317625;8.0;;95.4;0.958094;296.19;258.56;8.317625;8.0;;;;;;;;;;;;;;;;;;;;;;;;;;;;;
4;Sul;41;PR;Paraná;4112900;Jundiaí do Sul;157361.134;47213.06;162325.251;48702.45;128060.072;39427.36;80431.452;4458.713;18033.626;21197.904;124121.696;3938.376;Agricultura, inclusive apoio à agricultura e a pós colheita;Administração, defesa, educação e saúde públicas e seguridade social;Pecuária, inclusive apoio à pecuária;6;True;100.0;1.0;276.17;263.98;4.520103;4.5;;100.0;1.0;276.17;263.98;4.520103;4.5;;100.0;1.0;267.24;266.65;5.564833;5.6;;100.0;1.0;267.24;266.65;5.564833;5.6;;97.8;0.980715;237.85;231.43;6.710993;6.6;;97.8;0.980715;237.85;231.43;6.710993;6.6;;;;;;;;;;;;;;;;;;;;;;;;;;;;;
4;Sul;41;PR;Paraná;4112959;Juranda;497086.538;63966.87;406996.153;52373.72;440930.587;60868.39;196901.353;18487.119;151211.072;38579.258;405178.803;35751.784;Agricultura, inclusive apoio à agricultura e a pós colheita;Demais serviços;Comércio e reparação de veículos automotores e motocicletas;6;True;90.4;0.906838;283.62;288.44;4.990905;4.5;;90.4;0.906838;283.62;288.44;4.990905;4.5;;97.1;0.971409;265.04;259.07;5.401833;5.2;;97.1;0.971409;265.04;259.07;5.401833;5.2;;100.0;1.0;225.16;216.95;6.205545;6.2;;100.0;1.0;225.16;216.95;6.205545;6.2;;;;;;;;;;;;;;;;;;;;;;;;;;;;;
4;Sul;41;PR;Paraná;4113007;Jussara;370464.609;55375.88;376560.476;56287.07;405133.1;57311.23;72620.559;77981.856;167351.382;43887.274;361841.071;43292.03;Demais serviços;Comércio e reparação de veículos automotores e motocicletas;Indústrias de transformação;6;True;90.5;0.910474;281.95;290.68;5.000983;4.6;;90.5;0.910474;281.95;290.68;5.000983;4.6;;91.6;0.911466;254.61;248.91;5.058667;4.6;;91.6;0.911466;254.61;248.91;5.058667;4.6;;99.3;0.993432;240.05;233.92;6.798251;6.8;;99.3;0.993432;240.05;233.92;6.798251;6.8;;;;;;;;;;;;;;;;;;;;;;;;;;;;;
4;Sul;41;PR;Paraná;4113106;Kaloré;201236.29;43918.88;154886.175;33803.18;165649.93;41453.94;69413.653;8029.929;52171.486;25149.299;154764.367;10885.563;Agricultura, inclusive apoio à agricultura e a pós colheita;Demais serviços;Administração, defesa, educação e saúde públicas e seguridade social;6;True;100.0;1.0;286.28;276.94;4.856109;4.9;;100.0;1.0;286.28;276.94;4.856109;4.9;;99.4;0.994666;293.38;283.54;6.282;6.2;;99.4;0.994666;293.38;283.54;6.282;6.2;;97.7;0.976041;256.61;241.18;7.246281;7.1;;97.7;0.976041;256.61;241.18;7.246281;7.1;;;;;;;;;;;;;;;;;;;;;;;;;;;;;
4;Sul;41;PR;Paraná;4113205;Lapa;2647565.699;58830.87;2541265.841;56468.81;2841178.919;58399.19;520134.711;924291.464;870208.992;241809.576;2556444.744;284734.175;Indústrias de transformação;Demais serviços;Agricultura, inclusive apoio à agricultura e a pós colheita;6;True;99.3;0.994727;274.12;277.68;4.6964;4.7;;99.3;0.994727;274.12;277.68;4.6964;4.7;;99.4;0.993735;265.02;261.83;5.4475;5.4;;99.4;0.993735;265.02;261.83;5.4475;5.4;;97.6;0.97622;240.6;227.81;6.697656;6.5;;97.6;0.97622;240.6;227.81;6.697656;6.5;;;;;;;;;;;;;;;;;;;;;;;;;;;;;
4;Sul;41;PR;Paraná;4113254;Laranjal;125483.191;22407.71;111089.245;19837.37;113016.057;19761.51;54581.171;3015.16;21080.352;29346.9;108023.584;4992.473;Pecuária, inclusive apoio à pecuária;Administração, defesa, educação e saúde públicas e seguridade social;Agricultura, inclusive apoio à agricultura e a pós colheita;6;True;99.5;0.995629;273.77;272.94;4.620527;4.6;;99.5;0.995629;273.77;272.94;4.620527;4.6;;100.0;1.0;240.95;241.65;4.71;4.7;;100.0;1.0;240.95;241.65;4.71;4.7;;96.4;0.9661;208.67;197.58;5.538668;5.4;;96.4;0.9661;208.67;197.58;5.538668;5.4;;;;;;;;;;;;;;;;;;;;;;;;;;;;;
4;Sul;41;PR;Paraná;4113304;Laranjeiras do Sul;1230923.929;38195.42;1125233.937;34915.88;1027729.173;31949.8;189234.256;110913.615;465797.963;151571.56;917517.394;110211.778;Demais serviços;Comércio e reparação de veículos automotores e motocicletas;Administração, defesa, educação e saúde públicas e seguridade social;6;True;93.4;0.943816;300.87;303.29;5.455486;5.1;;93.4;0.943816;300.87;303.29;5.455486;5.1;;92.7;0.926188;284.06;279.28;6.055667;5.6;;92.7;0.926188;284.06;279.28;6.055667;5.6;;93.3;0.937384;248.17;234.64;6.966303;6.5;;93.4;0.938023;248.17;234.64;6.966303;6.5;;;;;;;;;;;;;;;;;;;;;;;;;;;;;
4;Sul;41;PR;Paraná;4113403;Leópolis;226118.022;60266.0;184672.8;49219.83;227372.252;58360.43;149004.017;7564.791;36126.445;26193.073;218888.326;8483.926;Agricultura, inclusive apoio à agricultura e a pós colheita;Demais serviços;Administração, defesa, educação e saúde públicas e seguridade social;6;True;97.2;0.957311;262.09;262.96;4.307081;4.1;;97.2;0.957311;262.09;262.96;4.307081;4.1;;100.0;1.0;274.03;276.17;5.836667;5.8;;100.0;1.0;274.03;276.17;5.836667;5.8;;96.3;0.962365;277.03;259.02;7.960339;7.7;;96.3;0.962365;277.03;259.02;7.960339;7.7;;;;;;;;;;;;;;;;;;;;;;;;;;;;;
4;Sul;41;PR;Paraná;4113429;Lidianópolis;146836.824;37287.16;128152.953;32542.65;125681.099;39835.53;57066.944;5246.318;34376.689;21817.568;118507.52;7173.579;Agricultura, inclusive apoio à agricultura e a pós colheita;Demais serviços;Administração, defesa, educação e saúde públicas e seguridade social;6;True;100.0;1.0;272.63;271.34;4.580563;4.6;;100.0;1.0;272.63;271.34;4.580563;4.6;;100.0;1.0;257.27;266.14;5.390167;5.4;;100.0;1.0;257.27;266.14;5.390167;5.4;;100.0;1.0;243.43;238.73;6.950209;7.0;;100.0;1.0;243.43;238.73;6.950209;7.0;;;;;;;;;;;;;;;;;;;;;;;;;;;;;
4;Sul;41;PR;Paraná;4113452;Lindoeste;249057.3;48127.01;232240.426;44877.38;200870.941;44757.34;83129.679;10495.82;61164.484;30975.376;185765.36;15105.581;Agricultura, inclusive apoio à agricultura e a pós colheita;Demais serviços;Administração, defesa, educação e saúde públicas e seguridade social;6;True;97.3;0.9726;268.3;264.52;4.417653;4.3;;97.3;0.9726;268.3;264.52;4.417653;4.3;;99.6;0.996463;256.67;250.01;5.111333;5.1;;99.6;0.996463;256.67;250.01;5.111333;5.1;;99.8;0.99778;232.17;219.8;6.391142;6.4;;99.8;0.99778;232.17;219.8;6.391142;6.4;;;;;;;;;;;;;;;;;;;;;;;;;;;;;
4;Sul;41;PR;Paraná;4113502;Loanda;909384.486;39155.41;746615.632;32147.07;697949.589;29835.83;68565.789;149006.225;295961.336;110714.411;624247.76;73701.829;Demais serviços;Indústrias de transformação;Administração, defesa, educação e saúde públicas e seguridade social;6;True;99.2;0.994666;266.85;276.95;4.583366;4.6;;99.2;0.994666;266.85;276.95;4.583366;4.6;;99.3;0.992971;263.1;264.31;5.456833;5.4;;99.3;0.992971;263.1;264.31;5.456833;5.4;;99.2;0.991559;251.95;233.79;7.022986;7.0;;99.2;0.991559;251.95;233.79;7.022986;7.0;;;;;;;;;;;;;;;;;;;;;;;;;;;;;
4;Sul;41;PR;Paraná;4113601;Lobato;333368.278;72455.61;264716.605;57534.58;215563.727;44446.13;64968.695;39903.178;63501.31;29829.641;198202.824;17360.904;Agricultura, inclusive apoio à agricultura e a pós colheita;Demais serviços;Indústrias de transformação;0;False;;;;;;;;;;;;;;;;;;;;;;;;;;;;;;;;;;;;;;;;;;;;;;;;;;;;;;;;;;;;;;;;;;;;;;
4;Sul;41;PR;Paraná;4113700;Londrina;27999537.379;50362.05;26215153.816;47154.9;23603697.769;40635.08;529678.345;4346561.46;12880750.275;2807272.707;20564262.786;3039434.983;Demais serviços;Comércio e reparação de veículos automotores e motocicletas;Administração, defesa, educação e saúde públicas e seguridade social;7;True;96.0;0.967626;279.82;288.83;4.943373;4.8;;96.1;0.969327;278.38;287.53;4.903687;4.8;;98.4;0.983988;268.54;267.2;5.595667;5.5;;98.4;0.983988;268.54;267.2;5.595667;5.5;;98.4;0.984953;251.8;233.65;7.017578;6.9;;98.5;0.984953;251.92;233.76;7.021868;6.9;;;;;;;;;;;;;;;;;;;;;;;99.7;0.996553;262.2;243.21;7.38987;7.4;
4;Sul;41;PR;Paraná;4113734;Luiziana;599341.015;89587.6;479630.935;71693.71;546858.495;75773.66;333019.971;16282.168;122440.993;43414.754;515157.885;31700.609;Agricultura, inclusive apoio à agricultura e a pós colheita;Demais serviços;Comércio e reparação de veículos automotores e motocicletas;6;True;100.0;1.0;266.92;271.04;4.495876;4.5;;100.0;1.0;266.92;271.04;4.495876;4.5;;100.0;1.0;250.09;259.45;5.159;5.2;;100.0;1.0;250.09;259.45;5.159;5.2;;92.1;0.916732;228.18;227.96;6.46336;5.9;;92.1;0.916732;228.18;227.96;6.46336;5.9;;;;;;;;;;;;;;;;;;;;;;;;;;;;;
4;Sul;41;PR;Paraná;4113759;Lunardelli;147289.656;30231.87;126036.921;25869.65;142209.83;30289.63;63874.874;5932.875;37935.99;27192.64;134936.379;7273.452;Agricultura, inclusive apoio à agricultura e a pós colheita;Demais serviços;Administração, defesa, educação e saúde públicas e seguridade social;6;True;100.0;1.0;271.56;266.82;4.497871;4.5;;100.0;1.0;271.56;266.82;4.497871;4.5;;99.4;0.991803;243.6;244.0;4.793333;4.8;;99.4;0.991803;243.6;244.0;4.793333;4.8;;100.0;1.0;238.12;218.72;6.485055;6.5;;100.0;1.0;238.12;218.72;6.485055;6.5;;;;;;;;;;;;;;;;;;;;;;;;;;;;;
4;Sul;41;PR;Paraná;4113809;Lupionópolis;164845.924;34250.14;144262.385;29973.49;131497.619;26463.6;35067.504;8805.528;47726.847;29385.908;120985.787;10511.832;Demais serviços;Administração, defesa, educação e saúde públicas e seguridade social;Agricultura, inclusive apoio à agricultura e a pós colheita;6;True;84.5;0.852747;270.49;272.1;4.561884;3.9;;84.5;0.852747;270.49;272.1;4.561884;3.9;;98.7;0.985931;267.38;268.62;5.6;5.5;;98.7;0.985931;267.38;268.62;5.6;5.5;;98.0;0.978968;236.39;246.11;6.95004;6.8;;98.0;0.978968;236.39;246.11;6.95004;6.8;;;;;;;;;;;;;;;;;;;;;;;;;;;;;
4;Sul;41;PR;Paraná;4113908;Mallet;973316.236;72484.08;853261.788;63543.48;758396.598;55369.54;207590.393;243266.263;162104.158;70817.071;683777.884;74618.714;Indústrias de transformação;Agricultura, inclusive apoio à agricultura e a pós colheita;Demais serviços;6;True;97.7;0.975613;297.27;292.06;5.23681;5.1;;97.7;0.975613;297.27;292.06;5.23681;5.1;;98.8;0.988094;297.21;281.39;6.31;6.2;;98.8;0.988094;297.21;281.39;6.31;6.2;;98.3;0.983805;249.18;238.86;7.062305;6.9;;98.3;0.983805;249.18;238.86;7.062305;6.9;;;;;;;;;;;;;;;;;;;;;;;;;;;;;
4;Sul;41;PR;Paraná;4114005;Mamborê;859221.279;63873.13;786902.352;58497.05;793176.968;61486.59;378549.858;31893.799;245117.526;77961.906;733523.089;59653.88;Agricultura, inclusive apoio à agricultura e a pós colheita;Demais serviços;Comércio e reparação de veículos automotores e motocicletas;6;True;99.2;0.991951;268.98;273.0;4.55415;4.5;;99.2;0.991951;268.98;273.0;4.55415;4.5;;99.8;0.997988;265.64;261.63;5.4545;5.4;;99.8;0.997988;265.64;261.63;5.4545;5.4;;98.2;0.98007;248.9;235.4;6.994053;6.9;;98.2;0.98007;248.9;235.4;6.994053;6.9;;;;;;;;;;;;;;;;;;;;;;;;;;;;;
4;Sul;41;PR;Paraná;4114104;Mandaguaçu;995409.852;31643.51;808909.305;25714.76;687732.583;29424.23;140404.401;75551.796;294945.223;113989.535;624890.954;62841.628;Demais serviços;Administração, defesa, educação e saúde públicas e seguridade social;Agricultura, inclusive apoio à agricultura e a pós colheita;6;True;95.9;0.959586;266.64;270.12;4.478171;4.3;;95.9;0.959586;266.64;270.12;4.478171;4.3;;99.5;0.994712;265.02;269.81;5.5805;5.6;;99.5;0.994712;265.02;269.81;5.5805;5.6;;99.7;0.996593;234.22;219.85;6.431173;6.4;;99.7;0.996593;234.22;219.85;6.431173;6.4;;;;;;;;;;;;;;;;;;;;;;;;;;;;;
4;Sul;41;PR;Paraná;4114203;Mandaguari;2916499.996;79434.03;2636921.857;71819.42;1835705.759;53012.18;248432.14;553040.216;584090.923;180325.411;1565888.69;269817.068;Indústrias de transformação;Demais serviços;Administração, defesa, educação e saúde públicas e seguridade social;6;True;97.1;0.970736;276.1;276.54;4.707144;4.6;;97.1;0.970736;276.1;276.54;4.707144;4.6;;99.1;0.989689;269.18;269.57;5.645833;5.6;;99.1;0.989689;269.18;269.57;5.645833;5.6;;98.8;0.988261;278.89;251.19;7.853472;7.8;;98.8;0.988261;278.89;251.19;7.853472;7.8;;;;;;;;;;;;;;;;;;;;;;;;;;;;;
4;Sul;41;PR;Paraná;4114302;Mandirituba;801432.662;29207.79;729769.544;26600.92;665013.361;23964.45;90686.437;123104.472;240245.097;139851.306;593887.311;71126.05;Demais serviços;Administração, defesa, educação e saúde públicas e seguridade social;Indústrias de transformação;6;True;97.6;0.977855;279.47;281.96;4.835613;4.7;;97.6;0.977855;279.47;281.96;4.835613;4.7;;98.2;0.980508;265.75;265.07;5.513667;5.4;;98.2;0.980508;265.75;265.07;5.513667;5.4;;100.0;1.0;220.35;214.51;6.069387;6.1;;100.0;1.0;220.35;214.51;6.069387;6.1;;;;;;;;;;;;;;;;;;;;;;;;;;;;;
4;Sul;41;PR;Paraná;4114351;Manfrinópolis;104399.309;37689.28;78196.205;28229.68;81471.745;33362.71;47357.207;3650.69;9665.876;17249.636;77923.408;3548.336;Pecuária, inclusive apoio à pecuária;Administração, defesa, educação e saúde públicas e seguridade social;Agricultura, inclusive apoio à agricultura e a pós colheita;6;True;100.0;1.0;284.84;290.1;5.03289;5.0;;100.0;1.0;284.84;290.1;5.03289;5.0;;100.0;1.0;274.91;287.22;6.0355;6.0;;100.0;1.0;274.91;287.22;6.0355;6.0;;98.1;0.97649;220.08;205.75;5.904962;5.8;;98.1;0.97649;220.08;205.75;5.904962;5.8;;;;;;;;;;;;;;;;;;;;;;;;;;;;;
4;Sul;41;PR;Paraná;4114401;Mangueirinha;1869714.524;112613.05;1719811.464;103584.38;1773267.653;107003.84;345649.903;931336.509;321097.929;102783.141;1700867.482;72400.171;Eletricidade e gás, água, esgoto, atividades de gestão de resíduos e descontaminação;Agricultura, inclusive apoio à agricultura e a pós colheita;Demais serviços;6;True;95.1;0.95243;280.36;276.3;4.763382;4.5;;95.1;0.95243;280.36;276.3;4.763382;4.5;;99.9;0.998997;279.38;279.78;5.986;6.0;;99.9;0.998997;279.38;279.78;5.986;6.0;;94.0;0.942081;242.25;230.78;6.783144;6.4;;94.3;0.944931;242.25;230.78;6.783144;6.4;;;;;;;;;;;;;;;;;;;;;;;;;;;;;
4;Sul;41;PR;Paraná;4114500;Manoel Ribas;656196.29;46081.2;633793.349;44507.96;531488.432;39320.0;210342.506;19582.051;189392.852;68739.329;488056.738;43431.694;Agricultura, inclusive apoio à agricultura e a pós colheita;Demais serviços;Comércio e reparação de veículos automotores e motocicletas;6;True;99.8;0.998493;299.73;297.03;5.345762;5.3;;99.8;0.998493;299.73;297.03;5.345762;5.3;;99.6;0.994967;281.32;264.96;5.771333;5.7;;99.6;0.994967;281.32;264.96;5.771333;5.7;;99.5;0.995386;242.52;222.24;6.633024;6.6;;97.2;0.971237;242.52;222.24;6.633024;6.4;;;;;;;;;;;;;;;;;;;;;;;;;;;;;
4;Sul;41;PR;Paraná;4114609;Marechal Cândido Rondon;3919007.285;70187.82;3631243.645;65034.09;2923748.758;54112.43;402857.764;596750.766;1159065.479;316082.718;2474756.726;448992.032;Demais serviços;Indústrias de transformação;Administração, defesa, educação e saúde públicas e seguridade social;6;True;97.8;0.984023;289.52;290.44;5.103711;5.0;;97.8;0.984023;289.52;290.44;5.103711;5.0;;99.1;0.991469;270.98;270.85;5.697167;5.6;;99.1;0.991469;270.98;270.85;5.697167;5.6;;97.0;0.970829;247.91;229.97;6.876432;6.7;;97.0;0.970829;247.91;229.97;6.876432;6.7;;;;;;;;;;;;;;;;;;;;;;;;;;;;;
4;Sul;41;PR;Paraná;4114708;Maria Helena;176407.211;30077.96;138583.792;23628.95;134442.814;24037.69;62157.955;8429.36;27083.117;30379.879;128050.31;6392.503;Agricultura, inclusive apoio à agricultura e a pós colheita;Administração, defesa, educação e saúde públicas e seguridade social;Pecuária, inclusive apoio à pecuária;6;True;92.6;0.93099;286.42;287.34;5.013764;4.7;;92.6;0.93099;286.42;287.34;5.013764;4.7;;97.8;0.977432;274.29;271.57;5.764333;5.6;;97.8;0.977432;274.29;271.57;5.764333;5.6;;95.6;0.957087;223.11;214.79;6.12715;5.9;;95.6;0.957087;223.11;214.79;6.12715;5.9;;;;;;;;;;;;;;;;;;;;;;;;;;;;;
4;Sul;41;PR;Paraná;4114807;Marialva;2964620.45;70837.51;2758390.382;65909.78;2654432.981;73523.89;213750.436;775745.579;1135217.764;195925.531;2320639.31;333793.671;Indústrias de transformação;Demais serviços;Comércio e reparação de veículos automotores e motocicletas;6;True;95.3;0.967413;279.09;285.43;4.882222;4.7;;95.3;0.967413;279.09;285.43;4.882222;4.7;;97.7;0.977216;267.15;268.78;5.598833;5.5;;97.7;0.977216;267.15;268.78;5.598833;5.5;;97.4;0.973891;256.18;236.43;7.151711;7.0;;97.4;0.973891;256.18;236.43;7.151711;7.0;;;;;;;;;;;;;;;;;;;;;;;;;;;;;
4;Sul;41;PR;Paraná;4114906;Marilândia do Sul;510268.194;58806.98;494279.608;56964.34;466433.33;53045.98;248064.419;21508.931;120930.809;45343.39;435847.55;30585.781;Agricultura, inclusive apoio à agricultura e a pós colheita;Demais serviços;Administração, defesa, educação e saúde públicas e seguridade social;6;True;93.2;0.945761;276.65;288.42;4.892713;4.6;;93.2;0.945761;276.65;288.42;4.892713;4.6;;97.8;0.977398;268.04;278.32;5.772667;5.6;;97.8;0.977398;268.04;278.32;5.772667;5.6;;99.1;0.991166;226.6;216.8;6.230298;6.2;;99.1;0.991166;226.6;216.8;6.230298;6.2;;;;;;;;;;;;;;;;;;;;;;;;;;;;;
4;Sul;41;PR;Paraná;4115002;Marilena;237236.998;32708.81;210881.684;29075.1;174490.253;24600.35;60446.078;18340.987;48707.13;36464.691;163958.885;10531.368;Pecuária, inclusive apoio à pecuária;Demais serviços;Administração, defesa, educação e saúde públicas e seguridade social;6;True;97.4;0.97654;272.66;279.04;4.696254;4.6;;97.4;0.97654;272.66;279.04;4.696254;4.6;;97.1;0.970723;258.63;252.83;5.191;5.0;;97.1;0.970723;258.63;252.83;5.191;5.0;;97.4;0.972903;259.6;239.42;7.271342;7.1;;97.4;0.972903;259.6;239.42;7.271342;7.1;;;;;;;;;;;;;;;;;;;;;;;;;;;;;
4;Sul;41;PR;Paraná;4115101;Mariluz;403956.783;41023.34;257422.771;26142.25;284358.876;27535.48;122509.793;20163.143;75141.982;49974.045;267788.963;16569.913;Agricultura, inclusive apoio à agricultura e a pós colheita;Demais serviços;Administração, defesa, educação e saúde públicas e seguridade social;6;True;96.3;0.971212;267.92;262.96;4.388963;4.3;;96.3;0.971212;267.92;262.96;4.388963;4.3;;100.0;1.0;248.65;245.91;4.909333;4.9;;100.0;1.0;248.65;245.91;4.909333;4.9;;97.8;0.979387;222.9;208.73;6.01296;5.9;;97.8;0.979387;222.9;208.73;6.01296;5.9;;;;;;;;;;;;;;;;;;;;;;;;;;;;;
4;Sul;41;PR;Paraná;4115200;Maringá;27817345.988;67903.99;26668371.652;65099.27;22655737.622;51906.51;172760.514;3810258.586;12773898.453;2276662.787;19033580.34;3622157.282;Demais serviços;Comércio e reparação de veículos automotores e motocicletas;Administração, defesa, educação e saúde públicas e seguridade social;7;True;95.2;0.964928;281.51;290.14;4.98672;4.8;;95.2;0.964928;281.51;290.14;4.98672;4.8;;97.1;0.971486;266.24;269.43;5.5945;5.4;;97.1;0.971486;266.24;269.43;5.5945;5.4;;97.4;0.975822;259.21;243.15;7.331718;7.2;;97.5;0.975822;259.26;243.22;7.333944;7.2;;;;;;;;;;;;;;;;;;;;;;;99.3;0.993126;261.27;246.32;7.428667;7.4;
4;Sul;41;PR;Paraná;4115309;Mariópolis;554033.71;86961.81;630785.381;99008.85;439910.968;66102.32;201466.939;25949.307;130515.323;37733.931;395665.5;44245.468;Agricultura, inclusive apoio à agricultura e a pós colheita;Pecuária, inclusive apoio à pecuária;Demais serviços;6;True;92.0;0.926199;298.55;289.88;5.222153;4.8;;92.0;0.926199;298.55;289.88;5.222153;4.8;;97.0;0.965086;271.98;268.55;5.6755;5.5;;97.0;0.965086;271.98;268.55;5.6755;5.5;;99.8;0.997984;245.8;228.27;6.805256;6.8;;99.8;0.997984;245.8;228.27;6.805256;6.8;;;;;;;;;;;;;;;;;;;;;;;;;;;;;
4;Sul;41;PR;Paraná;4115358;Maripá;535683.462;81721.35;373085.024;56916.1;478110.087;85960.1;221211.443;46594.053;130832.009;39773.152;438410.657;39699.43;Agricultura, inclusive apoio à agricultura e a pós colheita;Demais serviços;Pecuária, inclusive apoio à pecuária;6;True;99.4;0.994609;309.03;292.71;5.411709;5.4;;99.4;0.994609;309.03;292.71;5.411709;5.4;;99.5;0.99311;290.42;280.58;6.183333;6.1;;99.5;0.99311;290.42;280.58;6.183333;6.1;;96.3;0.963175;255.93;237.57;7.167668;6.9;;96.3;0.963175;255.93;237.57;7.167668;6.9;;;;;;;;;;;;;;;;;;;;;;;;;;;;;
4;Sul;41;PR;Paraná;4115408;Marmeleiro;738402.903;46437.51;644725.64;40546.23;635103.979;44083.01;188979.405;57230.607;237898.313;79632.933;563741.258;71362.721;Demais serviços;Agricultura, inclusive apoio à agricultura e a pós colheita;Comércio e reparação de veículos automotores e motocicletas;6;True;99.3;0.995181;279.64;288.65;4.93815;4.9;;99.3;0.995181;279.64;288.65;4.93815;4.9;;99.5;0.994485;275.47;269.41;5.748;5.7;;99.5;0.994485;275.47;269.41;5.748;5.7;;99.4;0.994378;241.51;225.74;6.677386;6.6;;99.4;0.994378;241.51;225.74;6.677386;6.6;;;;;;;;;;;;;;;;;;;;;;;;;;;;;
4;Sul;41;PR;Paraná;4115457;Marquinho;134982.203;29896.39;126058.015;27988.01;111453.673;26022.34;60201.594;3717.726;18454.262;24263.52;106637.102;4816.571;Pecuária, inclusive apoio à pecuária;Agricultura, inclusive apoio à agricultura e a pós colheita;Administração, defesa, educação e saúde públicas e seguridade social;6;True;96.2;0.966914;280.68;282.1;4.854703;4.7;;96.2;0.966914;280.68;282.1;4.854703;4.7;;100.0;1.0;265.63;264.85;5.508;5.5;;100.0;1.0;265.63;264.85;5.508;5.5;;96.9;0.966382;242.55;221.84;6.626324;6.4;;96.9;0.966382;242.55;221.84;6.626324;6.4;;;;;;;;;;;;;;;;;;;;;;;;;;;;;
4;Sul;41;PR;Paraná;4115507;Marumbi;134313.245;28583.37;108801.967;23154.28;103450.896;22123.8;41168.256;3657.727;25662.564;27160.214;97648.761;5802.135;Agricultura, inclusive apoio à agricultura e a pós colheita;Administração, defesa, educação e saúde públicas e seguridade social;Demais serviços;6;True;99.0;0.989101;267.69;280.16;4.643217;4.6;;99.0;0.989101;267.69;280.16;4.643217;4.6;;100.0;1.0;271.69;279.75;5.857333;5.9;;100.0;1.0;271.69;279.75;5.857333;5.9;;95.3;0.956292;210.2;220.71;5.988412;5.7;;95.3;0.956292;210.2;220.71;5.988412;5.7;;;;;;;;;;;;;;;;;;;;;;;;;;;;;
4;Sul;41;PR;Paraná;4115606;Matelândia;1440814.615;78092.93;1288278.144;69825.37;1096365.724;60022.21;240536.166;350087.672;282710.37;100837.893;974172.101;122193.623;Indústrias de transformação;Demais serviços;Agricultura, inclusive apoio à agricultura e a pós colheita;6;True;93.0;0.933962;280.56;284.59;4.890293;4.6;;93.0;0.933962;280.56;284.59;4.890293;4.6;;97.5;0.974718;253.33;250.47;5.063333;4.9;;97.5;0.974718;253.33;250.47;5.063333;4.9;;99.9;0.999197;274.83;236.42;7.507446;7.5;;99.9;0.999197;274.83;236.42;7.507446;7.5;;;;;;;;;;;;;;;;;;;;;;;;;;;;;
4;Sul;41;PR;Paraná;4115705;Matinhos;1148204.622;29246.91;1000497.631;25484.54;892231.734;24988.99;2137.557;100642.748;495948.012;222353.205;821081.522;71150.211;Demais serviços;Administração, defesa, educação e saúde públicas e seguridade social;Comércio e reparação de veículos automotores e motocicletas;6;True;96.6;0.974498;273.29;288.24;4.842827;4.7;;96.6;0.974498;273.29;288.24;4.842827;4.7;;98.4;0.984482;267.03;266.83;5.564333;5.5;;98.4;0.984482;267.03;266.83;5.564333;5.5;;97.6;0.975473;229.3;222.17;6.379461;6.2;;97.6;0.975473;229.3;222.17;6.379461;6.2;;;;;;;;;;;;;;;;;;;;;;;;;;;;;
4;Sul;41;PR;Paraná;4115739;Mato Rico;157347.724;48162.76;131490.869;40248.2;123186.692;39206.46;75501.135;3829.611;16205.751;24050.735;119587.232;3599.459;Agricultura, inclusive apoio à agricultura e a pós colheita;Administração, defesa, educação e saúde públicas e seguridade social;Demais serviços;6;True;100.0;1.0;278.81;289.98;4.946403;4.9;;100.0;1.0;278.81;289.98;4.946403;4.9;;100.0;1.0;264.56;250.59;5.2525;5.3;;100.0;1.0;264.56;250.59;5.2525;5.3;;99.0;0.990664;226.08;209.35;6.08492;6.0;;99.0;0.990664;226.08;209.35;6.08492;6.0;;;;;;;;;;;;;;;;;;;;;;;;;;;;;
4;Sul;41;PR;Paraná;4115754;Mauá da Serra;527212.083;56188.01;544204.651;57999.0;373698.444;33991.13;79540.053;84767.252;110491.857;55487.846;330287.009;43411.435;Demais serviços;Agricultura, inclusive apoio à agricultura e a pós colheita;Indústrias de transformação;6;True;99.6;0.996973;273.33;291.53;4.89264;4.9;;99.6;0.996973;273.33;291.53;4.89264;4.9;;100.0;1.0;275.26;276.01;5.8545;5.9;;100.0;1.0;275.26;276.01;5.8545;5.9;;96.0;0.956565;249.24;239.66;7.077996;6.8;;96.0;0.956565;249.24;239.66;7.077996;6.8;;;;;;;;;;;;;;;;;;;;;;;;;;;;;
4;Sul;41;PR;Paraná;4115804;Medianeira;3007596.291;55318.22;2644510.101;48640.04;2442039.62;52024.7;204567.128;649313.719;1028149.783;232620.965;2114651.595;327388.025;Demais serviços;Indústrias de transformação;Comércio e reparação de veículos automotores e motocicletas;6;True;95.9;0.968315;291.8;296.23;5.22241;5.1;;95.9;0.968315;291.8;296.23;5.22241;5.1;;98.2;0.981975;272.13;269.93;5.701;5.6;;98.2;0.981975;272.13;269.93;5.701;5.6;;98.0;0.979813;259.12;241.0;7.290909;7.1;;98.0;0.979813;259.12;241.0;7.290909;7.1;;;;;;;;;;;;;;;;;;;;;;;;;;;;;
4;Sul;41;PR;Paraná;4115853;Mercedes;311868.781;52582.83;262523.608;44262.96;278211.31;49530.23;90973.858;22879.984;92503.373;42854.591;249211.807;28999.503;Demais serviços;Agricultura, inclusive apoio à agricultura e a pós colheita;Administração, defesa, educação e saúde públicas e seguridade social;6;True;95.6;0.961751;299.96;315.88;5.631178;5.4;;95.6;0.961751;299.96;315.88;5.631178;5.4;;98.1;0.982694;290.93;276.38;6.121833;6.0;;98.1;0.982694;290.93;276.38;6.121833;6.0;;100.0;1.0;283.32;254.36;7.99565;8.0;;100.0;1.0;283.32;254.36;7.99565;8.0;;;;;;;;;;;;;;;;;;;;;;;;;;;;;
4;Sul;41;PR;Paraná;4115903;Mirador;178999.342;79981.83;125966.676;56285.38;126634.554;58089.25;82064.005;6844.667;15335.656;18226.397;122470.726;4163.829;Pecuária, inclusive apoio à pecuária;Agricultura, inclusive apoio à agricultura e a pós colheita;Administração, defesa, educação e saúde públicas e seguridade social;6;True;96.4;0.958755;247.92;260.0;4.063752;3.9;;96.4;0.958755;247.92;260.0;4.063752;3.9;;100.0;1.0;249.98;249.72;4.995;5.0;;100.0;1.0;249.98;249.72;4.995;5.0;;100.0;1.0;245.43;206.28;6.398377;6.4;;100.0;1.0;245.43;206.28;6.398377;6.4;;;;;;;;;;;;;;;;;;;;;;;;;;;;;
4;Sul;41;PR;Paraná;4116000;Miraselva;69393.856;35296.98;61314.063;31187.21;52323.939;29296.72;21784.399;1444.433;11508.199;15451.803;50188.834;2135.105;Administração, defesa, educação e saúde públicas e seguridade social;Agricultura, inclusive apoio à agricultura e a pós colheita;Demais serviços;6;True;100.0;1.0;241.96;239.31;3.670314;3.7;;100.0;1.0;241.96;239.31;3.670314;3.7;;100.0;1.0;260.08;268.28;5.472667;5.5;;100.0;1.0;260.08;268.28;5.472667;5.5;;91.5;0.918704;234.1;231.64;6.643246;6.1;;91.5;0.918704;234.1;231.64;6.643246;6.1;;;;;;;;;;;;;;;;;;;;;;;;;;;;;
4;Sul;41;PR;Paraná;4116059;Missal;496708.391;44894.11;431521.007;39002.26;466419.767;43566.2;189916.76;25758.252;139273.119;76439.027;431387.158;35032.608;Agricultura, inclusive apoio à agricultura e a pós colheita;Demais serviços;Pecuária, inclusive apoio à pecuária;6;True;94.4;0.954728;293.35;287.27;5.110048;4.9;;94.4;0.954728;293.35;287.27;5.110048;4.9;;97.6;0.976093;274.41;261.05;5.591;5.5;;97.6;0.976093;274.41;261.05;5.591;5.5;;99.7;0.997168;257.49;240.79;7.255984;7.2;;99.7;0.997168;257.49;240.79;7.255984;7.2;;;;;;;;;;;;;;;;;;;;;;;;;;;;;
4;Sul;41;PR;Paraná;4116109;Moreira Sales;382098.401;34192.25;271903.469;24331.41;306144.078;25584.5;107787.585;16409.63;98335.733;65107.653;287640.601;18503.476;Demais serviços;Agricultura, inclusive apoio à agricultura e a pós colheita;Administração, defesa, educação e saúde públicas e seguridade social;6;True;91.8;0.912015;260.5;269.71;4.385797;4.0;;91.8;0.912015;260.5;269.71;4.385797;4.0;;99.6;0.995983;248.83;247.9;4.9455;4.9;;99.6;0.995983;248.83;247.9;4.9455;4.9;;100.0;1.0;252.94;234.6;7.056607;7.1;;100.0;1.0;252.94;234.6;7.056607;7.1;;;;;;;;;;;;;;;;;;;;;;;;;;;;;
4;Sul;41;PR;Paraná;4116208;Morretes;534711.882;29204.87;415708.68;22705.15;389210.593;23609.98;70267.765;31512.447;164931.193;89067.315;355778.72;33431.873;Demais serviços;Administração, defesa, educação e saúde públicas e seguridade social;Agricultura, inclusive apoio à agricultura e a pós colheita;6;True;84.0;0.884102;282.68;286.95;4.955398;4.4;;84.0;0.884102;282.68;286.95;4.955398;4.4;;91.1;0.904356;249.37;241.48;4.8475;4.4;;88.4;0.87893;249.37;241.48;4.8475;4.3;;89.0;0.886925;222.58;212.99;6.084308;5.4;;89.0;0.887768;222.58;212.99;6.084308;5.4;;;;;;;;;;;;;;;;;;;;;;;;;;;;;
4;Sul;41;PR;Paraná;4116307;Munhoz de Melo;176663.312;44713.57;147724.753;37389.21;136928.671;33943.65;78938.846;4183.208;22161.783;24846.07;130129.906;6798.765;Pecuária, inclusive apoio à pecuária;Agricultura, inclusive apoio à agricultura e a pós colheita;Administração, defesa, educação e saúde públicas e seguridade social;0;False;;;;;;;;;;;;;;;;;;;;;;;;;;;;;;;;;;;;;;;;;;;;;;;;;;;;;;;;;;;;;;;;;;;;;;
4;Sul;41;PR;Paraná;4116406;Nossa Senhora das Graças;126912.839;34590.58;103727.337;28271.28;99515.465;24823.01;46101.077;2724.864;21677.223;24483.094;94986.257;4529.208;Agricultura, inclusive apoio à agricultura e a pós colheita;Administração, defesa, educação e saúde públicas e seguridade social;Demais serviços;0;False;;;;;;;;;;;;;;;;;;;;;;;;;;;;;;;;;;;;;;;;;;;;;;;;;;;;;;;;;;;;;;;;;;;;;;
4;Sul;41;PR;Paraná;4116505;Nova Aliança do Ivaí;71238.316;53846.04;51328.002;38796.68;51926.168;33286.01;24994.369;1713.569;9142.723;14363.228;50213.889;1712.279;Agricultura, inclusive apoio à agricultura e a pós colheita;Administração, defesa, educação e saúde públicas e seguridade social;Demais serviços;6;True;100.0;1.0;266.36;279.41;4.61331;4.6;;100.0;1.0;266.36;279.41;4.61331;4.6;;100.0;1.0;270.2;290.03;6.003833;6.0;;100.0;1.0;270.2;290.03;6.003833;6.0;;100.0;1.0;233.48;203.28;6.115778;6.1;;100.0;1.0;233.48;203.28;6.115778;6.1;;;;;;;;;;;;;;;;;;;;;;;;;;;;;
4;Sul;41;PR;Paraná;4116604;Nova América da Colina;108097.018;32956.41;102392.359;31217.18;97599.777;28504.61;49257.854;3891.193;20505.716;19989.607;93644.37;3955.407;Agricultura, inclusive apoio à agricultura e a pós colheita;Administração, defesa, educação e saúde públicas e seguridade social;Demais serviços;6;True;94.3;0.940728;271.62;273.36;4.596617;4.3;;94.3;0.940728;271.62;273.36;4.596617;4.3;;100.0;1.0;254.58;252.58;5.119333;5.1;;100.0;1.0;254.58;252.58;5.119333;5.1;;96.3;0.962133;216.41;198.57;5.704378;5.5;;96.3;0.962133;216.41;198.57;5.704378;5.5;;;;;;;;;;;;;;;;;;;;;;;;;;;;;
4;Sul;41;PR;Paraná;4116703;Nova Aurora;1040812.716;75612.98;851560.093;61864.15;819755.13;80915.52;322643.168;94743.344;262938.689;61740.54;742065.741;77689.389;Agricultura, inclusive apoio à agricultura e a pós colheita;Demais serviços;Pecuária, inclusive apoio à pecuária;6;True;100.0;1.0;275.22;279.72;4.742389;4.7;;100.0;1.0;275.22;279.72;4.742389;4.7;;98.4;0.982894;272.44;268.9;5.689;5.6;;98.4;0.982894;272.44;268.9;5.689;5.6;;99.1;0.990926;256.49;236.35;7.156173;7.1;;99.1;0.990926;256.49;236.35;7.156173;7.1;;;;;;;;;;;;;;;;;;;;;;;;;;;;;
4;Sul;41;PR;Paraná;4116802;Nova Cantu;341725.195;50327.72;334806.759;49308.8;348087.333;72112.56;191390.866;12364.558;92098.212;32818.511;328672.146;19415.187;Agricultura, inclusive apoio à agricultura e a pós colheita;Demais serviços;Administração, defesa, educação e saúde públicas e seguridade social;6;True;97.5;0.978082;283.71;289.73;5.011481;4.9;;97.5;0.978082;283.71;289.73;5.011481;4.9;;99.4;0.994408;272.13;265.28;5.6235;5.6;;99.4;0.994408;272.13;265.28;5.6235;5.6;;98.9;0.989102;246.73;222.72;6.722095;6.6;;98.9;0.989102;246.73;222.72;6.722095;6.6;;;;;;;;;;;;;;;;;;;;;;;;;;;;;
4;Sul;41;PR;Paraná;4116901;Nova Esperança;1253498.273;47150.58;1085729.569;40839.93;943181.172;33610.62;162071.309;158374.962;380476.961;138361.263;839284.495;103896.677;Demais serviços;Administração, defesa, educação e saúde públicas e seguridade social;Indústrias de transformação;6;True;91.0;0.921619;279.25;278.16;4.775637;4.4;;91.0;0.921619;279.25;278.16;4.775637;4.4;;97.1;0.970864;263.49;264.83;5.472;5.3;;97.1;0.970864;263.49;264.83;5.472;5.3;;99.8;0.99759;223.71;216.5;6.169691;6.2;;99.8;0.99759;223.71;216.5;6.169691;6.2;;;;;;;;;;;;;;;;;;;;;;;;;;;;;
4;Sul;41;PR;Paraná;4116950;Nova Esperança do Sudoeste;198769.677;35513.61;165003.997;29480.79;164792.007;32866.38;80932.841;8916.343;31936.844;30919.987;152706.016;12085.992;Pecuária, inclusive apoio à pecuária;Administração, defesa, educação e saúde públicas e seguridade social;Demais serviços;6;True;86.9;0.879961;276.09;284.24;4.822273;4.2;;86.9;0.879961;276.09;284.24;4.822273;4.2;;97.6;0.97692;260.08;253.48;5.226;5.1;;97.6;0.97692;260.08;253.48;5.226;5.1;;100.0;1.0;237.22;221.2;6.51297;6.5;;100.0;1.0;237.22;221.2;6.51297;6.5;;;;;;;;;;;;;;;;;;;;;;;;;;;;;
4;Sul;41;PR;Paraná;4117008;Nova Fátima;327433.498;45319.52;356354.694;49322.45;314928.09;38784.25;114884.135;21648.983;105069.891;44555.59;286158.599;28769.492;Agricultura, inclusive apoio à agricultura e a pós colheita;Demais serviços;Administração, defesa, educação e saúde públicas e seguridade social;6;True;93.6;0.940429;257.64;268.26;4.323922;4.1;;93.6;0.940429;257.64;268.26;4.323922;4.1;;98.7;0.986202;254.38;247.84;5.037;5.0;;98.7;0.986202;254.38;247.84;5.037;5.0;;99.2;0.993221;235.53;220.82;6.473809;6.4;;99.2;0.993221;235.53;220.82;6.473809;6.4;;;;;;;;;;;;;;;;;;;;;;;;;;;;;
4;Sul;41;PR;Paraná;4117057;Nova Laranjeiras;378371.953;31337.75;317367.166;26285.17;308283.982;26896.18;147619.519;9799.167;73863.254;57856.656;289138.595;19145.387;Pecuária, inclusive apoio à pecuária;Agricultura, inclusive apoio à agricultura e a pós colheita;Administração, defesa, educação e saúde públicas e seguridade social;6;True;97.9;0.979814;287.75;287.46;5.03424;4.9;;97.9;0.979814;287.75;287.46;5.03424;4.9;;99.6;0.995224;282.23;269.91;5.869;5.8;;99.6;0.995224;282.23;269.91;5.869;5.8;;97.8;0.978077;230.58;222.66;6.412798;6.3;;95.6;0.955386;230.58;222.66;6.412798;6.1;;;;;;;;;;;;;;;;;;;;;;;;;;;;;
4;Sul;41;PR;Paraná;4117107;Nova Londrina;718418.014;55592.2;597027.774;46198.85;442935.123;33586.22;32686.174;84966.123;199081.295;68302.282;385035.874;57899.248;Demais serviços;Administração, defesa, educação e saúde públicas e seguridade social;Indústrias de transformação;6;True;99.6;0.99699;277.99;280.56;4.793868;4.8;;99.6;0.99699;277.99;280.56;4.793868;4.8;;99.6;0.995732;279.61;277.6;5.9535;5.9;;99.6;0.995732;279.61;277.6;5.9535;5.9;;100.0;1.0;273.55;253.43;7.792291;7.8;;100.0;1.0;273.55;253.43;7.792291;7.8;;;;;;;;;;;;;;;;;;;;;;;;;;;;;
4;Sul;41;PR;Paraná;4117206;Nova Olímpia;132741.265;22756.95;111831.422;19172.2;109207.309;18680.69;29924.09;6947.759;34856.534;30512.226;102240.61;6966.699;Administração, defesa, educação e saúde públicas e seguridade social;Demais serviços;Agricultura, inclusive apoio à agricultura e a pós colheita;6;True;96.7;0.970776;273.63;285.47;4.806135;4.7;;96.7;0.970776;273.63;285.47;4.806135;4.7;;91.2;0.908577;260.68;261.35;5.367167;4.9;;91.2;0.908577;260.68;261.35;5.367167;4.9;;98.9;0.988296;259.83;240.14;7.288822;7.2;;98.9;0.988296;259.83;240.14;7.288822;7.2;;;;;;;;;;;;;;;;;;;;;;;;;;;;;
4;Sul;41;PR;Paraná;4117214;Nova Santa Bárbara;131608.565;31455.2;128118.654;30621.09;110741.688;25729.95;39461.445;4005.321;33975.093;26451.653;103893.512;6848.176;Agricultura, inclusive apoio à agricultura e a pós colheita;Administração, defesa, educação e saúde públicas e seguridade social;Demais serviços;6;True;97.4;0.973623;259.4;261.66;4.249839;4.1;;97.4;0.973623;259.4;261.66;4.249839;4.1;;99.4;0.993631;219.98;223.26;4.054;4.0;;99.4;0.993631;219.98;223.26;4.054;4.0;;97.6;0.976071;230.33;218.24;6.327663;6.2;;97.6;0.976071;230.33;218.24;6.327663;6.2;;;;;;;;;;;;;;;;;;;;;;;;;;;;;
4;Sul;41;PR;Paraná;4117222;Nova Santa Rosa;484275.344;58192.18;371317.493;44618.78;439747.217;52911.47;165126.968;46635.521;136683.733;47149.252;395595.474;44151.743;Demais serviços;Agricultura, inclusive apoio à agricultura e a pós colheita;Pecuária, inclusive apoio à pecuária;6;True;97.6;0.976924;285.85;282.48;4.933004;4.8;;97.6;0.976924;285.85;282.48;4.933004;4.8;;100.0;1.0;277.92;273.26;5.853;5.9;;100.0;1.0;277.92;273.26;5.853;5.9;;99.1;0.9917;236.63;219.48;6.470438;6.4;;99.1;0.9917;236.63;219.48;6.470438;6.4;;;;;;;;;;;;;;;;;;;;;;;;;;;;;
4;Sul;41;PR;Paraná;4117255;Nova Prata do Iguaçu;560124.346;44107.75;413698.981;32577.29;492498.387;46726.6;213068.046;38038.065;140879.131;63495.05;455480.291;37018.096;Agricultura, inclusive apoio à agricultura e a pós colheita;Demais serviços;Pecuária, inclusive apoio à pecuária;6;True;98.3;0.982257;277.66;281.92;4.809593;4.7;;98.3;0.982257;277.66;281.92;4.809593;4.7;;98.7;0.988427;248.8;254.77;5.0595;5.0;;98.7;0.988427;248.8;254.77;5.0595;5.0;;96.0;0.964591;260.21;233.26;7.170983;6.9;;96.0;0.964591;260.21;233.26;7.170983;6.9;;;;;;;;;;;;;;;;;;;;;;;;;;;;;
4;Sul;41;PR;Paraná;4117271;Nova Tebas;237201.942;34638.13;220519.291;32202.0;189787.742;36136.28;91302.2;5935.999;45010.147;36980.759;179229.104;10558.638;Agricultura, inclusive apoio à agricultura e a pós colheita;Administração, defesa, educação e saúde públicas e seguridade social;Pecuária, inclusive apoio à pecuária;6;True;100.0;1.0;282.03;293.6;5.045819;5.0;;100.0;1.0;282.03;293.6;5.045819;5.0;;100.0;1.0;246.12;244.34;4.841;4.8;;100.0;1.0;246.12;244.34;4.841;4.8;;98.2;0.982918;262.07;239.15;7.31357;7.2;;98.2;0.982918;262.07;239.15;7.31357;7.2;;;;;;;;;;;;;;;;;;;;;;;;;;;;;
4;Sul;41;PR;Paraná;4117297;Novo Itacolomi;124922.572;39975.22;102120.832;32678.67;91406.773;32230.88;43906.028;5066.136;17807.413;19863.74;86643.316;4763.457;Agricultura, inclusive apoio à agricultura e a pós colheita;Administração, defesa, educação e saúde públicas e seguridade social;Demais serviços;6;True;100.0;1.0;296.64;301.65;5.371525;5.4;;100.0;1.0;296.64;301.65;5.371525;5.4;;100.0;1.0;295.49;303.85;6.655667;6.7;;100.0;1.0;295.49;303.85;6.655667;6.7;;100.0;1.0;259.66;243.11;7.339578;7.3;;100.0;1.0;259.66;243.11;7.339578;7.3;;;;;;;;;;;;;;;;;;;;;;;;;;;;;
4;Sul;41;PR;Paraná;4117305;Ortigueira;3592270.012;148490.0;3104324.539;128320.29;2726429.788;125163.19;352475.155;1584559.429;434562.281;131231.571;2502828.437;223601.351;Indústrias de transformação;Demais serviços;Agricultura, inclusive apoio à agricultura e a pós colheita;6;True;97.7;0.979192;276.53;282.16;4.797315;4.7;;97.7;0.979192;276.53;282.16;4.797315;4.7;;99.4;0.993996;257.87;259.94;5.296833;5.3;;99.4;0.993996;257.87;259.94;5.296833;5.3;;98.7;0.987308;226.78;215.75;6.214643;6.1;;98.9;0.988726;226.78;215.75;6.214643;6.1;;;;;;;;;;;;;;;;;;;;;;;;;;;;;
4;Sul;41;PR;Paraná;4117404;Ourizona;186572.952;58541.87;134870.991;42319.11;166695.524;48698.66;86416.604;5873.535;42791.05;21599.7;156680.889;10014.635;Agricultura, inclusive apoio à agricultura e a pós colheita;Demais serviços;Administração, defesa, educação e saúde públicas e seguridade social;6;True;90.5;0.914658;282.42;292.63;5.036776;4.6;;90.5;0.914658;282.42;292.63;5.036776;4.6;;95.7;0.953736;252.5;249.9;5.04;4.8;;95.7;0.953736;252.5;249.9;5.04;4.8;;99.5;0.994272;267.28;236.97;7.373362;7.3;;99.5;0.994272;267.28;236.97;7.373362;7.3;;;;;;;;;;;;;;;;;;;;;;;;;;;;;
4;Sul;41;PR;Paraná;4117453;Ouro Verde do Oeste;297137.278;43793.26;237412.034;34990.72;318622.099;52786.96;167025.416;23467.823;69363.424;35380.176;295236.838;23385.261;Agricultura, inclusive apoio à agricultura e a pós colheita;Pecuária, inclusive apoio à pecuária;Demais serviços;6;True;98.2;0.983159;274.39;282.17;4.767408;4.7;;98.2;0.983159;274.39;282.17;4.767408;4.7;;99.4;0.994408;258.01;262.61;5.343667;5.3;;99.4;0.994408;258.01;262.61;5.343667;5.3;;100.0;1.0;243.22;229.77;6.783292;6.8;;100.0;1.0;243.22;229.77;6.783292;6.8;;;;;;;;;;;;;;;;;;;;;;;;;;;;;
4;Sul;41;PR;Paraná;4117503;Paiçandu;1342361.599;29205.9;1183331.356;25745.86;1057696.252;25033.64;67137.498;193441.32;487452.423;203269.934;951301.176;106395.076;Demais serviços;Administração, defesa, educação e saúde públicas e seguridade social;Comércio e reparação de veículos automotores e motocicletas;6;True;97.0;0.978041;276.54;286.64;4.864521;4.8;;97.0;0.978041;276.54;286.64;4.864521;4.8;;98.7;0.987958;262.84;272.81;5.594167;5.5;;98.7;0.987958;262.84;272.81;5.594167;5.5;;92.4;0.924816;242.18;229.7;6.762172;6.3;;92.4;0.924816;242.18;229.7;6.762172;6.3;;;;;;;;;;;;;;;;;;;;;;;;;;;;;
4;Sul;41;PR;Paraná;4117602;Palmas;1728162.368;35819.06;1621299.24;33604.15;1616524.984;30789.19;220121.861;439630.167;553786.724;239150.826;1452689.578;163835.406;Demais serviços;Indústrias de transformação;Administração, defesa, educação e saúde públicas e seguridade social;6;True;96.6;0.975141;274.98;278.41;4.719407;4.6;;96.2;0.972019;272.73;275.58;4.645441;4.5;;99.6;0.996246;252.89;254.02;5.115167;5.1;;99.6;0.996246;252.89;254.02;5.115167;5.1;;98.0;0.979673;211.37;202.4;5.677831;5.6;;97.8;0.978102;211.37;202.4;5.677831;5.6;;;;;;;;;;;;;;;;;;;;;;;;;;;;;
4;Sul;41;PR;Paraná;4117701;Palmeira;2220002.904;65573.86;1964610.565;58030.15;1642025.795;48140.54;447201.896;291689.448;539659.85;174051.674;1452602.867;189422.928;Demais serviços;Agricultura, inclusive apoio à agricultura e a pós colheita;Indústrias de transformação;6;True;97.7;0.982573;283.3;285.18;4.937608;4.9;;97.7;0.982573;283.3;285.18;4.937608;4.9;;98.9;0.988971;274.15;267.24;5.689833;5.6;;98.9;0.988971;274.15;267.24;5.689833;5.6;;96.5;0.96578;231.92;216.7;6.330007;6.1;;96.5;0.96578;231.92;216.7;6.330007;6.1;;;;;;;;;;;;;;;;;;;;;;;;;;;;;
4;Sul;41;PR;Paraná;4117800;Palmital;406780.675;31211.59;377302.228;28949.76;330836.945;25937.82;115135.353;19457.11;109375.948;63350.365;307318.776;23518.169;Demais serviços;Administração, defesa, educação e saúde públicas e seguridade social;Pecuária, inclusive apoio à pecuária;6;True;99.1;0.992696;282.86;290.93;5.017507;5.0;;99.1;0.992696;282.86;290.93;5.017507;5.0;;99.3;0.993216;269.24;268.07;5.621833;5.6;;99.3;0.993216;269.24;268.07;5.621833;5.6;;95.6;0.955485;233.75;225.22;6.51984;6.2;;95.6;0.955485;233.75;225.22;6.51984;6.2;;;;;;;;;;;;;;;;;;;;;;;;;;;;;
4;Sul;41;PR;Paraná;4117909;Palotina;3698095.404;105626.67;3109763.904;88822.48;2815814.961;86937.38;447985.504;743746.977;1088131.529;175283.989;2455147.999;360666.962;Demais serviços;Indústrias de transformação;Comércio e reparação de veículos automotores e motocicletas;6;True;98.2;0.987087;291.56;295.1;5.202123;5.1;;98.2;0.987087;291.56;295.1;5.202123;5.1;;98.8;0.988228;274.95;268.45;5.723333;5.7;;98.8;0.988228;274.95;268.45;5.723333;5.7;;96.3;0.963611;241.01;226.72;6.685662;6.4;;96.3;0.963611;241.01;226.72;6.685662;6.4;;;;;;;;;;;;;;;;;;;;;;;;;;;;;
4;Sul;41;PR;Paraná;4118006;Paraíso do Norte;533427.301;40273.86;406283.555;30674.49;377239.361;26545.59;42684.953;73118.984;145635.142;68852.744;330291.823;46947.538;Demais serviços;Administração, defesa, educação e saúde públicas e seguridade social;Indústrias de transformação;6;True;98.1;0.980797;267.28;280.82;4.647339;4.6;;98.1;0.980797;267.28;280.82;4.647339;4.6;;99.1;0.991166;263.83;266.58;5.506833;5.5;;99.1;0.991166;263.83;266.58;5.506833;5.5;;98.6;0.986649;250.44;238.72;7.083806;7.0;;98.6;0.986649;250.44;238.72;7.083806;7.0;;;;;;;;;;;;;;;;;;;;;;;;;;;;;
4;Sul;41;PR;Paraná;4118105;Paranacity;517609.255;54160.22;361504.751;37826.17;325522.446;27858.15;62877.746;68967.948;113243.496;56616.778;301705.968;23816.478;Demais serviços;Administração, defesa, educação e saúde públicas e seguridade social;Indústrias de transformação;6;True;95.8;0.943699;270.61;276.88;4.635127;4.4;;95.8;0.943699;270.61;276.88;4.635127;4.4;;99.6;0.995951;254.68;242.82;4.958333;4.9;;99.6;0.995951;254.68;242.82;4.958333;4.9;;100.0;1.0;253.42;238.39;7.134676;7.1;;100.0;1.0;253.42;238.39;7.134676;7.1;;;;;;;;;;;;;;;;;;;;;;;;;;;;;
4;Sul;41;PR;Paraná;4118204;Paranaguá;15291702.668;104860.51;16367621.875;112238.46;13646907.618;86714.2;16668.003;3084710.778;7071370.887;919805.83;11092555.497;2554352.121;Demais serviços;Comércio e reparação de veículos automotores e motocicletas;Indústrias de transformação;6;True;93.7;0.939225;276.27;287.7;4.876597;4.6;;94.0;0.94651;271.24;283.61;4.744723;4.5;;96.8;0.967659;256.33;257.25;5.226333;5.1;;96.8;0.967659;256.33;257.25;5.226333;5.1;;96.3;0.961786;214.21;201.43;5.714393;5.5;;96.3;0.961596;214.21;201.43;5.714393;5.5;;;;;;;;;;;;;;;;;;;;;;;;;;;;;
4;Sul;41;PR;Paraná;4118303;Paranapoema;88780.754;37022.83;79480.692;33144.58;92021.007;28080.87;44157.684;2354.563;21740.111;17529.008;85781.366;6239.641;Agricultura, inclusive apoio à agricultura e a pós colheita;Administração, defesa, educação e saúde públicas e seguridade social;Demais serviços;6;True;100.0;1.0;284.92;296.55;5.130571;5.1;;100.0;1.0;284.92;296.55;5.130571;5.1;;100.0;1.0;281.66;280.94;6.043333;6.0;;100.0;1.0;281.66;280.94;6.043333;6.0;;100.0;1.0;223.13;219.32;6.209895;6.2;;100.0;1.0;223.13;219.32;6.209895;6.2;;;;;;;;;;;;;;;;;;;;;;;;;;;;;
4;Sul;41;PR;Paraná;4118402;Paranavaí;4189765.044;45540.43;3471737.225;37756.79;3179797.793;35546.74;363906.456;583753.217;1447194.348;437669.685;2832523.706;347274.087;Demais serviços;Administração, defesa, educação e saúde públicas e seguridade social;Indústrias de transformação;7;True;94.9;0.949436;282.05;288.6;4.97125;4.7;;95.8;0.967968;274.74;281.01;4.754959;4.6;;98.9;0.989232;271.79;272.47;5.737667;5.7;;98.9;0.989232;271.79;272.47;5.737667;5.7;;99.7;0.997196;282.37;260.96;8.09752;8.1;;99.7;0.997196;282.37;260.96;8.09752;8.1;;90.4;0.903212;309.59;317.17;5.785742;5.2;;;;;;;;;;;;;;;;;;;;;;
4;Sul;41;PR;Paraná;4118451;Pato Bragado;269743.771;47051.07;223321.59;38953.7;243482.555;42308.0;86407.156;36130.428;59458.296;45181.984;227177.864;16304.691;Pecuária, inclusive apoio à pecuária;Demais serviços;Administração, defesa, educação e saúde públicas e seguridade social;6;True;95.1;0.952555;308.71;296.09;5.457814;5.2;;95.1;0.952555;308.71;296.09;5.457814;5.2;;99.2;0.991678;290.49;278.19;6.144667;6.1;;99.2;0.991678;290.49;278.19;6.144667;6.1;;99.7;0.99778;256.61;237.2;7.173917;7.2;;99.7;0.99778;256.61;237.2;7.173917;7.2;;;;;;;;;;;;;;;;;;;;;;;;;;;;;
4;Sul;41;PR;Paraná;4118501;Pato Branco;5817896.335;63350.93;5444892.123;59289.3;4548085.634;53646.37;408865.973;744834.012;2254043.299;467787.146;3875530.43;672555.204;Demais serviços;Comércio e reparação de veículos automotores e motocicletas;Administração, defesa, educação e saúde públicas e seguridade social;6;True;95.7;0.96901;292.33;294.51;5.204105;5.0;;95.7;0.96901;292.33;294.51;5.204105;5.0;;97.0;0.969647;277.69;274.99;5.878;5.7;;97.0;0.969647;277.69;274.99;5.878;5.7;;99.8;0.997799;257.8;241.16;7.268627;7.3;;99.8;0.997799;257.8;241.16;7.268627;7.3;;;;;;;;;;;;;;;;;;;;;;;;;;;;;
4;Sul;41;PR;Paraná;4118600;Paula Freitas;488531.529;86221.59;503282.422;88824.99;439961.842;74042.72;194528.998;24451.374;148286.723;32735.036;400002.131;39959.712;Agricultura, inclusive apoio à agricultura e a pós colheita;Comércio e reparação de veículos automotores e motocicletas;Demais serviços;6;True;91.3;0.911253;284.88;280.96;4.896626;4.5;;91.3;0.911253;284.88;280.96;4.896626;4.5;;97.9;0.980333;275.51;265.85;5.689333;5.6;;97.9;0.980333;275.51;265.85;5.689333;5.6;;94.9;0.94859;238.28;220.03;6.511926;6.2;;95.1;0.950914;238.28;220.03;6.511926;6.2;;;;;;;;;;;;;;;;;;;;;;;;;;;;;
4;Sul;41;PR;Paraná;4118709;Paulo Frontin;473855.158;74705.21;462027.691;72840.56;396724.318;53481.3;202960.599;22535.124;102995.283;40792.981;369283.986;27440.332;Agricultura, inclusive apoio à agricultura e a pós colheita;Demais serviços;Produção florestal, pesca e aquicultura;6;True;97.6;0.972736;277.9;282.14;4.816257;4.7;;97.6;0.972736;277.9;282.14;4.816257;4.7;;99.7;0.997227;263.81;260.69;5.408333;5.4;;99.7;0.997227;263.81;260.69;5.408333;5.4;;97.0;0.970706;249.28;234.92;6.992577;6.8;;97.0;0.970706;249.28;234.92;6.992577;6.8;;;;;;;;;;;;;;;;;;;;;;;;;;;;;
4;Sul;41;PR;Paraná;4118808;Peabiru;530692.825;39764.19;372907.711;27941.53;454228.595;32405.55;200983.393;17227.329;133372.343;70770.588;422353.652;31874.943;Agricultura, inclusive apoio à agricultura e a pós colheita;Demais serviços;Administração, defesa, educação e saúde públicas e seguridade social;6;True;99.0;0.990606;292.77;288.52;5.120614;5.1;;99.0;0.990606;292.77;288.52;5.120614;5.1;;99.7;0.996991;290.4;279.49;6.164833;6.1;;99.7;0.996991;290.4;279.49;6.164833;6.1;;95.3;0.953753;264.01;243.31;7.42623;7.1;;95.3;0.953753;264.01;243.31;7.42623;7.1;;;;;;;;;;;;;;;;;;;;;;;;;;;;;
4;Sul;41;PR;Paraná;4118857;Perobal;354948.365;49373.82;242962.947;33796.49;281883.029;45509.05;142355.854;27833.024;59390.925;37063.815;266643.618;15239.411;Agricultura, inclusive apoio à agricultura e a pós colheita;Demais serviços;Administração, defesa, educação e saúde públicas e seguridade social;6;True;98.4;0.983995;263.86;263.57;4.341072;4.3;;98.4;0.983995;263.86;263.57;4.341072;4.3;;100.0;1.0;266.28;263.4;5.494667;5.5;;100.0;1.0;266.28;263.4;5.494667;5.5;;97.0;0.971376;235.48;220.4;6.465219;6.3;;97.0;0.971376;235.48;220.4;6.465219;6.3;;;;;;;;;;;;;;;;;;;;;;;;;;;;;
4;Sul;41;PR;Paraná;4118907;Pérola;364026.037;30647.08;322089.885;27116.51;359685.256;31534.74;41699.394;127884.047;109916.939;60220.351;339720.73;19964.526;Indústrias de transformação;Demais serviços;Administração, defesa, educação e saúde públicas e seguridade social;6;True;94.8;0.960021;270.19;272.62;4.565455;4.4;;94.8;0.960021;270.19;272.62;4.565455;4.4;;97.5;0.974338;273.37;258.22;5.5265;5.4;;97.5;0.974338;273.37;258.22;5.5265;5.4;;98.1;0.981281;241.26;227.19;6.698978;6.6;;98.1;0.981281;241.26;227.19;6.698978;6.6;;;;;;;;;;;;;;;;;;;;;;;;;;;;;
4;Sul;41;PR;Paraná;4119004;Pérola d'Oeste;270487.39;43479.73;175470.036;28206.08;237951.966;38182.28;100428.923;9306.671;76573.767;33318.14;219627.501;18324.465;Agricultura, inclusive apoio à agricultura e a pós colheita;Demais serviços;Administração, defesa, educação e saúde públicas e seguridade social;6;True;97.4;0.972562;281.42;300.92;5.146833;5.0;;97.4;0.972562;281.42;300.92;5.146833;5.0;;99.6;0.994666;282.07;281.55;6.060333;6.0;;99.6;0.994666;282.07;281.55;6.060333;6.0;;95.5;0.956904;272.8;231.82;7.385069;7.1;;95.5;0.956904;272.8;231.82;7.385069;7.1;;;;;;;;;;;;;;;;;;;;;;;;;;;;;
4;Sul;41;PR;Paraná;4119103;Piên;853225.172;62484.45;922345.545;67546.36;919728.788;70666.83;182050.236;414977.201;145383.545;69065.307;811476.288;108252.5;Indústrias de transformação;Agricultura, inclusive apoio à agricultura e a pós colheita;Demais serviços;6;True;100.0;1.0;277.54;278.7;4.759704;4.8;;100.0;1.0;277.54;278.7;4.759704;4.8;;100.0;1.0;259.88;260.07;5.3325;5.3;;100.0;1.0;259.88;260.07;5.3325;5.3;;99.3;0.992861;251.22;236.68;7.0616;7.0;;99.3;0.992861;251.22;236.68;7.0616;7.0;;;;;;;;;;;;;;;;;;;;;;;;;;;;;
4;Sul;41;PR;Paraná;4119152;Pinhais;9852601.347;77567.93;8558771.071;67381.82;7962953.714;59077.62;4480.115;1783686.979;3693100.365;667410.715;6148678.173;1814275.541;Demais serviços;Comércio e reparação de veículos automotores e motocicletas;Indústrias de transformação;7;True;92.3;0.934302;280.59;292.49;5.008978;4.7;;92.6;0.938064;276.86;289.42;4.910632;4.6;;97.6;0.976741;260.8;266.22;5.450333;5.3;;97.6;0.976741;260.8;266.22;5.450333;5.3;;99.3;0.993164;229.18;222.51;6.383353;6.3;;99.3;0.993164;229.18;222.51;6.383353;6.3;;86.9;0.860318;331.36;334.28;6.347638;5.5;;;;;;;;;;;;;;;;;;;;;;
4;Sul;41;PR;Paraná;4119202;Pinhalão;251910.694;38365.93;280515.777;42722.48;251475.037;39771.48;137422.722;22150.962;48387.545;34322.545;242283.774;9191.263;Agricultura, inclusive apoio à agricultura e a pós colheita;Demais serviços;Administração, defesa, educação e saúde públicas e seguridade social;6;True;100.0;1.0;272.41;277.71;4.672833;4.7;;100.0;1.0;272.41;277.71;4.672833;4.7;;100.0;1.0;247.22;253.96;5.019667;5.0;;100.0;1.0;247.22;253.96;5.019667;5.0;;93.6;0.937021;230.12;220.09;6.357292;6.0;;93.6;0.937021;230.12;220.09;6.357292;6.0;;;;;;;;;;;;;;;;;;;;;;;;;;;;;
4;Sul;41;PR;Paraná;4119251;Pinhal de São Bento;82103.55;29736.89;62528.354;22647.0;80246.248;29265.59;30966.711;6084.031;22604.437;17227.306;76882.486;3363.762;Demais serviços;Agricultura, inclusive apoio à agricultura e a pós colheita;Administração, defesa, educação e saúde públicas e seguridade social;6;True;100.0;1.0;286.37;291.84;5.080427;5.1;;100.0;1.0;286.37;291.84;5.080427;5.1;;100.0;1.0;274.82;255.88;5.511667;5.5;;100.0;1.0;274.82;255.88;5.511667;5.5;;100.0;1.0;237.68;218.11;6.465567;6.5;;100.0;1.0;237.68;218.11;6.465567;6.5;;;;;;;;;;;;;;;;;;;;;;;;;;;;;
4;Sul;41;PR;Paraná;4119301;Pinhão;1851108.012;61938.97;1799285.032;60204.95;1794773.096;54849.13;367395.123;960323.319;246437.535;162691.246;1736847.222;57925.873;Eletricidade e gás, água, esgoto, atividades de gestão de resíduos e descontaminação;Agricultura, inclusive apoio à agricultura e a pós colheita;Administração, defesa, educação e saúde públicas e seguridade social;6;True;98.0;0.986044;277.61;282.41;4.816226;4.7;;98.0;0.986044;277.61;282.41;4.816226;4.7;;98.9;0.988744;255.3;261.87;5.286167;5.2;;98.9;0.988744;255.3;261.87;5.286167;5.2;;95.2;0.951306;213.78;205.81;5.785824;5.5;;95.2;0.951306;213.78;205.81;5.785824;5.5;;;;;;;;;;;;;;;;;;;;;;;;;;;;;
4;Sul;41;PR;Paraná;4119400;Piraí do Sul;1441276.078;60939.33;1368119.129;57851.04;1191670.094;46226.39;420693.285;276399.275;257060.425;145264.268;1099417.253;92252.841;Agricultura, inclusive apoio à agricultura e a pós colheita;Indústrias de transformação;Demais serviços;6;True;99.1;0.990955;266.27;276.4;4.566986;4.5;;99.1;0.990955;266.27;276.4;4.566986;4.5;;99.8;0.997744;261.56;257.76;5.322;5.3;;99.8;0.997744;261.56;257.76;5.322;5.3;;99.2;0.991964;232.64;221.68;6.434293;6.4;;99.2;0.991964;232.64;221.68;6.434293;6.4;;;;;;;;;;;;;;;;;;;;;;;;;;;;;
4;Sul;41;PR;Paraná;4119509;Piraquara;1901529.26;16015.58;1691358.889;14245.42;1543846.668;13211.98;62569.594;165150.803;615590.432;513814.278;1357125.107;186721.561;Administração, defesa, educação e saúde públicas e seguridade social;Demais serviços;Comércio e reparação de veículos automotores e motocicletas;6;True;91.9;0.925097;266.89;273.92;4.538568;4.2;;91.9;0.925097;266.89;273.92;4.538568;4.2;;96.5;0.962765;251.86;256.3;5.136;4.9;;96.5;0.962765;251.86;256.3;5.136;4.9;;96.8;0.967925;202.98;199.7;5.468626;5.3;;96.8;0.967925;202.98;199.7;5.468626;5.3;;;;;;;;;;;;;;;;;;;;;;;;;;;;;
4;Sul;41;PR;Paraná;4119608;Pitanga;1448744.092;43017.52;1371478.104;40857.93;1140789.943;38428.55;359232.036;102086.409;441483.142;148002.895;1050804.482;89985.46;Demais serviços;Agricultura, inclusive apoio à agricultura e a pós colheita;Administração, defesa, educação e saúde públicas e seguridade social;7;True;99.0;0.992201;281.42;286.94;4.937551;4.9;;99.5;0.996233;278.45;283.99;4.851676;4.8;;99.4;0.994489;256.15;255.59;5.195667;5.2;;99.4;0.994489;256.15;255.59;5.195667;5.2;;99.9;0.998996;229.27;220.2;6.343071;6.3;;99.9;0.998996;229.27;220.2;6.343071;6.3;;92.7;0.922492;315.36;320.74;5.920225;5.5;;;;;;;;;;;;;;;;;;;;;;
4;Sul;41;PR;Paraná;4119657;Pitangueiras;160572.52;52715.86;154661.518;50775.28;121843.059;36944.53;62547.464;3368.573;27943.922;21537.362;115397.321;6445.738;Agricultura, inclusive apoio à agricultura e a pós colheita;Administração, defesa, educação e saúde públicas e seguridade social;Demais serviços;6;True;93.5;0.948472;295.95;310.36;5.492223;5.2;;93.5;0.948472;295.95;310.36;5.492223;5.2;;98.8;0.99075;267.43;267.22;5.5775;5.5;;98.8;0.99075;267.43;267.22;5.5775;5.5;;99.0;0.989639;258.33;245.2;7.352196;7.3;;99.0;0.989639;258.33;245.2;7.352196;7.3;;;;;;;;;;;;;;;;;;;;;;;;;;;;;
4;Sul;41;PR;Paraná;4119707;Planaltina do Paraná;149539.866;36741.98;115960.083;28491.42;103914.117;24273.33;31476.132;11426.077;27985.035;25925.256;96812.5;7101.616;Administração, defesa, educação e saúde públicas e seguridade social;Demais serviços;Pecuária, inclusive apoio à pecuária;6;True;100.0;1.0;282.47;276.56;4.796909;4.8;;100.0;1.0;282.47;276.56;4.796909;4.8;;94.5;0.945676;274.73;269.47;5.736667;5.4;;94.5;0.945676;274.73;269.47;5.736667;5.4;;94.2;0.942157;239.09;214.17;6.420839;6.0;;94.2;0.942157;239.09;214.17;6.420839;6.0;;;;;;;;;;;;;;;;;;;;;;;;;;;;;
4;Sul;41;PR;Paraná;4119806;Planalto;526047.929;36597.18;407894.601;28377.25;425325.992;31776.32;145713.179;47649.129;130236.026;64199.903;387798.237;37527.755;Agricultura, inclusive apoio à agricultura e a pós colheita;Demais serviços;Administração, defesa, educação e saúde públicas e seguridade social;6;True;92.1;0.916989;295.75;289.39;5.175492;4.7;;92.1;0.916989;295.75;289.39;5.175492;4.7;;97.1;0.97123;275.44;263.54;5.649667;5.5;;97.1;0.97123;275.44;263.54;5.649667;5.5;;98.9;0.989029;254.98;233.28;7.071538;7.0;;98.9;0.989029;254.98;233.28;7.071538;7.0;;;;;;;;;;;;;;;;;;;;;;;;;;;;;
4;Sul;41;PR;Paraná;4119905;Ponta Grossa;25583325.309;71387.82;23292221.312;64995.44;19490249.029;54314.9;334283.776;6532267.514;7693078.622;1685113.602;16244743.514;3245505.514;Demais serviços;Indústrias de transformação;Comércio e reparação de veículos automotores e motocicletas;6;True;97.6;0.980808;275.97;284.06;4.817893;4.7;;97.6;0.980808;275.97;284.06;4.817893;4.7;;98.1;0.981492;259.34;259.19;5.308833;5.2;;98.1;0.981492;259.34;259.19;5.308833;5.2;;99.8;0.998397;238.33;221.77;6.544517;6.5;;99.8;0.998397;238.33;221.77;6.544517;6.5;;;;;;;;;;;;;;;;;;;;;;;;;;;;;
4;Sul;41;PR;Paraná;4119954;Pontal do Paraná;809708.324;26613.26;713238.43;23442.51;653317.14;22900.11;4516.918;68288.36;351069.085;176180.935;600055.298;53261.842;Demais serviços;Administração, defesa, educação e saúde públicas e seguridade social;Comércio e reparação de veículos automotores e motocicletas;6;True;89.8;0.912318;277.13;282.82;4.815622;4.4;;89.8;0.912318;277.13;282.82;4.815622;4.4;;97.7;0.977218;261.02;265.16;5.436333;5.3;;97.7;0.977218;261.02;265.16;5.436333;5.3;;95.0;0.950293;233.32;223.94;6.488361;6.2;;95.0;0.950486;233.32;223.94;6.488361;6.2;;;;;;;;;;;;;;;;;;;;;;;;;;;;;
4;Sul;41;PR;Paraná;4120002;Porecatu;732948.49;63054.76;679024.354;58415.72;554196.448;44029.27;131803.333;178490.782;152261.095;65160.606;527715.817;26480.631;Eletricidade e gás, água, esgoto, atividades de gestão de resíduos e descontaminação;Agricultura, inclusive apoio à agricultura e a pós colheita;Demais serviços;6;True;99.2;0.992629;271.08;284.66;4.758195;4.7;;99.2;0.992629;271.08;284.66;4.758195;4.7;;99.7;0.996488;273.85;277.05;5.848333;5.8;;99.7;0.996488;273.85;277.05;5.848333;5.8;;99.1;0.991031;231.56;230.21;6.568773;6.5;;99.2;0.991652;231.56;230.21;6.568773;6.5;;;;;;;;;;;;;;;;;;;;;;;;;;;;;
4;Sul;41;PR;Paraná;4120101;Porto Amazonas;391661.502;95573.82;243728.318;59474.94;163130.609;33298.76;47940.633;30169.893;34765.732;28733.849;141610.107;21520.501;Agricultura, inclusive apoio à agricultura e a pós colheita;Demais serviços;Administração, defesa, educação e saúde públicas e seguridade social;6;True;96.7;0.969185;300.08;304.05;5.455768;5.3;;96.7;0.969185;300.08;304.05;5.455768;5.3;;97.5;0.977993;272.09;272.89;5.749667;5.6;;97.5;0.977993;272.09;272.89;5.749667;5.6;;92.3;0.923717;235.48;225.25;6.5534;6.1;;92.3;0.923717;235.48;225.25;6.5534;6.1;;;;;;;;;;;;;;;;;;;;;;;;;;;;;
4;Sul;41;PR;Paraná;4120150;Porto Barreiro;169167.894;54394.82;184228.136;59237.34;170012.504;54265.08;91063.79;3658.068;42303.03;22013.319;159038.207;10974.297;Agricultura, inclusive apoio à agricultura e a pós colheita;Pecuária, inclusive apoio à pecuária;Administração, defesa, educação e saúde públicas e seguridade social;6;True;91.0;0.913054;274.65;278.59;4.717467;4.3;;91.0;0.913054;274.65;278.59;4.717467;4.3;;93.0;0.90258;267.55;250.66;5.3035;4.8;;93.0;0.90258;267.55;250.66;5.3035;4.8;;100.0;1.0;254.01;237.0;7.120663;7.1;;100.0;1.0;254.01;237.0;7.120663;7.1;;;;;;;;;;;;;;;;;;;;;;;;;;;;;
4;Sul;41;PR;Paraná;4120200;Porto Rico;152980.46;48076.83;118584.637;37267.33;108610.676;42525.71;17173.196;7926.465;50463.394;24506.212;100069.266;8541.41;Demais serviços;Administração, defesa, educação e saúde públicas e seguridade social;Pecuária, inclusive apoio à pecuária;6;True;100.0;1.0;291.93;273.63;4.885912;4.9;;100.0;1.0;291.93;273.63;4.885912;4.9;;100.0;1.0;274.78;279.34;5.902;5.9;;100.0;1.0;274.78;279.34;5.902;5.9;;91.1;0.896734;219.38;204.24;5.864149;5.3;;91.1;0.896734;219.38;204.24;5.864149;5.3;;;;;;;;;;;;;;;;;;;;;;;;;;;;;
4;Sul;41;PR;Paraná;4120309;Porto Vitória;98341.081;27608.39;91361.889;25649.04;98738.28;24337.76;46097.649;7941.004;16533.988;23659.989;94232.63;4505.651;Administração, defesa, educação e saúde públicas e seguridade social;Produção florestal, pesca e aquicultura;Demais serviços;6;True;93.5;0.930554;289.14;277.41;4.903314;4.6;;93.5;0.930554;289.14;277.41;4.903314;4.6;;96.6;0.965753;268.33;265.11;5.557333;5.4;;96.6;0.965753;268.33;265.11;5.557333;5.4;;95.1;0.95275;258.28;248.98;7.419969;7.1;;95.1;0.95275;258.28;248.98;7.419969;7.1;;;;;;;;;;;;;;;;;;;;;;;;;;;;;
4;Sul;41;PR;Paraná;4120333;Prado Ferreira;207954.973;56067.67;198239.55;53448.25;170927.492;44910.01;58656.647;20455.654;46440.181;24982.491;150534.973;20392.519;Agricultura, inclusive apoio à agricultura e a pós colheita;Demais serviços;Administração, defesa, educação e saúde públicas e seguridade social;6;True;98.1;0.986653;281.37;298.9;5.115891;5.0;;98.1;0.986653;281.37;298.9;5.115891;5.0;;100.0;1.0;269.01;273.69;5.711667;5.7;;100.0;1.0;269.01;273.69;5.711667;5.7;;96.7;0.972285;249.64;244.77;7.178539;7.0;;96.7;0.972285;249.64;244.77;7.178539;7.0;;;;;;;;;;;;;;;;;;;;;;;;;;;;;
4;Sul;41;PR;Paraná;4120358;Pranchita;378687.142;66007.87;279158.88;48659.38;329443.205;65430.63;124246.39;44828.763;98232.688;34337.555;301645.396;27797.808;Agricultura, inclusive apoio à agricultura e a pós colheita;Demais serviços;Comércio e reparação de veículos automotores e motocicletas;6;True;94.0;0.952622;277.14;263.52;4.52684;4.3;;94.0;0.952622;277.14;263.52;4.52684;4.3;;98.9;0.99075;257.17;258.43;5.26;5.2;;98.9;0.99075;257.17;258.43;5.26;5.2;;99.4;0.995106;226.25;215.52;6.200346;6.2;;99.4;0.995106;226.25;215.52;6.200346;6.2;;;;;;;;;;;;;;;;;;;;;;;;;;;;;
4;Sul;41;PR;Paraná;4120408;Presidente Castelo Branco;197135.572;45464.85;184906.296;42644.44;147400.187;27321.63;52328.944;7209.052;47118.295;28750.533;135406.824;11993.363;Agricultura, inclusive apoio à agricultura e a pós colheita;Demais serviços;Administração, defesa, educação e saúde públicas e seguridade social;6;True;94.2;0.93754;275.42;296.24;4.992503;4.7;;94.2;0.93754;275.42;296.24;4.992503;4.7;;100.0;1.0;269.9;275.13;5.7505;5.8;;100.0;1.0;269.9;275.13;5.7505;5.8;;98.1;0.9798790000000001;243.5;230.17;6.795908;6.7;;98.1;0.9798790000000001;243.5;230.17;6.795908;6.7;;;;;;;;;;;;;;;;;;;;;;;;;;;;;
4;Sul;41;PR;Paraná;4120507;Primeiro de Maio;462476.453;45871.5;460931.365;45718.25;371262.272;33332.94;131099.662;30915.391;119967.071;59580.645;341562.769;29699.504;Agricultura, inclusive apoio à agricultura e a pós colheita;Demais serviços;Administração, defesa, educação e saúde públicas e seguridade social;6;True;93.5;0.948848;263.83;267.35;4.397237;4.2;;93.5;0.948848;263.83;267.35;4.397237;4.2;;97.1;0.973071;245.83;248.79;4.910333;4.8;;97.1;0.973071;245.83;248.79;4.910333;4.8;;96.0;0.953546;225.57;215.13;6.180278;5.9;;96.0;0.953546;225.57;215.13;6.180278;5.9;;;;;;;;;;;;;;;;;;;;;;;;;;;;;
4;Sul;41;PR;Paraná;4120606;Prudentópolis;1905943.321;38587.32;1617597.823;32749.54;1571729.702;29781.14;590077.692;132977.96;491500.784;235553.091;1450109.527;121620.175;Agricultura, inclusive apoio à agricultura e a pós colheita;Demais serviços;Administração, defesa, educação e saúde públicas e seguridade social;6;True;96.4;0.96472;278.58;275.66;4.728801;4.6;;96.4;0.96472;278.58;275.66;4.728801;4.6;;99.3;0.993239;266.55;265.75;5.538333;5.5;;99.3;0.993239;266.55;265.75;5.538333;5.5;;98.0;0.980469;226.91;220.84;6.309669;6.2;;98.0;0.980469;226.91;220.84;6.309669;6.2;;;;;;;;;;;;;;;;;;;;;;;;;;;;;
4;Sul;41;PR;Paraná;4120655;Quarto Centenário;409019.0;97362.29;265756.133;63260.21;363003.241;82127.43;216993.883;22267.414;74154.752;30103.058;343519.106;19484.135;Agricultura, inclusive apoio à agricultura e a pós colheita;Demais serviços;Administração, defesa, educação e saúde públicas e seguridade social;6;True;96.6;0.964178;257.74;254.96;4.126225;4.0;;96.6;0.964178;257.74;254.96;4.126225;4.0;;99.5;0.994924;256.43;255.03;5.191;5.2;;99.5;0.994924;256.43;255.03;5.191;5.2;;98.8;0.988105;235.31;215.29;6.369065;6.3;;98.8;0.988105;235.31;215.29;6.369065;6.3;;;;;;;;;;;;;;;;;;;;;;;;;;;;;
4;Sul;41;PR;Paraná;4120705;Quatiguá;244506.54;30189.72;232832.237;28748.27;212113.508;28266.73;40236.879;16948.937;88578.834;42876.56;188641.21;23472.298;Demais serviços;Administração, defesa, educação e saúde públicas e seguridade social;Comércio e reparação de veículos automotores e motocicletas;6;True;100.0;1.0;287.97;290.38;5.081043;5.1;;100.0;1.0;287.97;290.38;5.081043;5.1;;99.4;0.994924;281.78;276.67;5.974167;5.9;;99.4;0.994924;281.78;276.67;5.974167;5.9;;97.5;0.975356;275.75;251.1;7.791912;7.6;;97.5;0.975356;275.75;251.1;7.791912;7.6;;;;;;;;;;;;;;;;;;;;;;;;;;;;;
4;Sul;41;PR;Paraná;4120804;Quatro Barras;2336181.03;96572.32;2083795.693;86139.3;1941119.71;80036.27;6091.876;593341.689;647593.635;144991.615;1392018.816;549100.894;Indústrias de transformação;Demais serviços;Comércio e reparação de veículos automotores e motocicletas;6;True;93.5;0.938234;285.92;283.59;4.950604;4.6;;93.5;0.938234;285.92;283.59;4.950604;4.6;;98.0;0.979339;259.77;258.44;5.3035;5.2;;98.0;0.979339;259.77;258.44;5.3035;5.2;;95.8;0.956549;241.4;228.42;6.724014;6.4;;95.8;0.956549;241.4;228.42;6.724014;6.4;;;;;;;;;;;;;;;;;;;;;;;;;;;;;
4;Sul;41;PR;Paraná;4120853;Quatro Pontes;307122.319;68554.09;253121.759;56500.39;253566.971;62717.53;103789.172;43398.98;57387.854;28399.058;232975.065;20591.905;Agricultura, inclusive apoio à agricultura e a pós colheita;Demais serviços;Pecuária, inclusive apoio à pecuária;6;True;100.0;1.0;267.46;275.71;4.57337;4.6;;100.0;1.0;267.46;275.71;4.57337;4.6;;99.5;0.995951;297.75;270.08;6.1305;6.1;;99.5;0.995951;297.75;270.08;6.1305;6.1;;99.3;0.992925;255.36;240.79;7.215335;7.2;;99.3;0.992925;255.36;240.79;7.215335;7.2;;;;;;;;;;;;;;;;;;;;;;;;;;;;;
4;Sul;41;PR;Paraná;4120903;Quedas do Iguaçu;1927945.223;62721.88;1682535.251;54737.95;1466516.773;42254.21;215735.518;706653.335;297688.978;164753.07;1384830.9;81685.873;Eletricidade e gás, água, esgoto, atividades de gestão de resíduos e descontaminação;Indústrias de transformação;Demais serviços;7;True;98.5;0.981711;287.01;287.0;5.016961;4.9;;98.8;0.984434;283.22;282.93;4.902802;4.8;;99.6;0.995741;282.48;268.91;5.8565;5.8;;99.6;0.995741;282.48;268.91;5.8565;5.8;;95.5;0.954819;248.51;235.18;6.98261;6.7;;95.7;0.957163;248.51;235.18;6.98261;6.7;;96.3;0.968694;322.06;324.6;6.07211;5.9;;;;;;;;;;;;;;;;;;;;;;
4;Sul;41;PR;Paraná;4121000;Querência do Norte;342243.778;32030.3;250310.319;23426.33;261215.656;21311.55;86166.256;11706.087;82397.004;61079.451;241348.798;19866.858;Administração, defesa, educação e saúde públicas e seguridade social;Demais serviços;Agricultura, inclusive apoio à agricultura e a pós colheita;6;True;100.0;1.0;273.39;280.79;4.732705;4.7;;100.0;1.0;273.39;280.79;4.732705;4.7;;99.2;0.992475;259.61;266.15;5.429333;5.4;;99.2;0.992475;259.61;266.15;5.429333;5.4;;94.6;0.945948;221.85;207.24;5.965831;5.6;;94.6;0.945948;221.85;207.24;5.965831;5.6;;;;;;;;;;;;;;;;;;;;;;;;;;;;;
4;Sul;41;PR;Paraná;4121109;Quinta do Sol;314953.109;62978.03;225785.576;45148.09;257470.657;57936.69;137816.813;8349.179;68652.914;26276.408;241095.313;16375.344;Agricultura, inclusive apoio à agricultura e a pós colheita;Demais serviços;Comércio e reparação de veículos automotores e motocicletas;6;True;99.4;0.994949;270.72;285.91;4.771851;4.7;;99.4;0.994949;270.72;285.91;4.771851;4.7;;100.0;1.0;248.1;254.57;5.0445;5.0;;100.0;1.0;248.1;254.57;5.0445;5.0;;98.5;0.985134;237.18;224.21;6.566934;6.5;;98.5;0.985134;237.18;224.21;6.566934;6.5;;;;;;;;;;;;;;;;;;;;;;;;;;;;;
4;Sul;41;PR;Paraná;4121208;Quitandinha;594458.541;32311.04;561245.985;30505.82;509136.952;26260.42;191100.857;40635.614;144915.424;94908.437;471560.332;37576.62;Agricultura, inclusive apoio à agricultura e a pós colheita;Demais serviços;Administração, defesa, educação e saúde públicas e seguridade social;6;True;99.2;0.991594;286.84;286.98;5.014274;5.0;;99.2;0.991594;286.84;286.98;5.014274;5.0;;99.9;0.998997;264.58;265.07;5.494167;5.5;;99.9;0.998997;264.58;265.07;5.494167;5.5;;99.2;0.991577;253.0;238.48;7.128297;7.1;;99.2;0.991577;253.0;238.48;7.128297;7.1;;;;;;;;;;;;;;;;;;;;;;;;;;;;;
4;Sul;41;PR;Paraná;4121257;Ramilândia;126585.131;29989.37;98711.671;23385.85;113773.899;25283.09;52602.845;8018.875;21350.661;26268.078;108240.459;5533.439;Agricultura, inclusive apoio à agricultura e a pós colheita;Administração, defesa, educação e saúde públicas e seguridade social;Pecuária, inclusive apoio à pecuária;6;True;97.7;0.971459;274.34;274.27;4.648442;4.5;;97.7;0.971459;274.34;274.27;4.648442;4.5;;99.1;0.990409;240.53;241.23;4.696;4.7;;99.1;0.990409;240.53;241.23;4.696;4.7;;100.0;1.0;265.35;248.01;7.537257;7.5;;100.0;1.0;265.35;248.01;7.537257;7.5;;;;;;;;;;;;;;;;;;;;;;;;;;;;;
4;Sul;41;PR;Paraná;4121307;Rancho Alegre;197169.89;56141.77;174359.907;49646.9;185650.888;49375.24;102585.301;12332.419;38597.539;24027.753;177543.013;8107.875;Agricultura, inclusive apoio à agricultura e a pós colheita;Demais serviços;Administração, defesa, educação e saúde públicas e seguridade social;6;True;89.6;0.891254;266.59;249.43;4.167738;3.7;;89.6;0.891254;266.59;249.43;4.167738;3.7;;98.3;0.981809;275.34;270.71;5.7675;5.7;;98.3;0.981809;275.34;270.71;5.7675;5.7;;92.6;0.922132;245.44;217.65;6.605295;6.1;;92.6;0.922132;245.44;217.65;6.605295;6.1;;;;;;;;;;;;;;;;;;;;;;;;;;;;;
4;Sul;41;PR;Paraná;4121356;Rancho Alegre D'Oeste;235642.158;90008.46;179423.321;68534.5;234807.489;90241.16;139734.148;19848.746;43342.755;20592.236;223517.885;11289.604;Agricultura, inclusive apoio à agricultura e a pós colheita;Demais serviços;Administração, defesa, educação e saúde públicas e seguridade social;6;True;100.0;1.0;265.08;277.41;4.565392;4.6;;100.0;1.0;265.08;277.41;4.565392;4.6;;98.9;0.986202;267.26;263.03;5.504833;5.4;;98.9;0.986202;267.26;263.03;5.504833;5.4;;96.5;0.970483;242.73;223.65;6.662668;6.5;;96.5;0.970483;242.73;223.65;6.662668;6.5;;;;;;;;;;;;;;;;;;;;;;;;;;;;;
4;Sul;41;PR;Paraná;4121406;Realeza;958986.554;49825.25;748454.357;38886.81;743081.796;43772.49;171980.05;73302.976;334125.195;84738.528;664146.749;78935.048;Demais serviços;Comércio e reparação de veículos automotores e motocicletas;Agricultura, inclusive apoio à agricultura e a pós colheita;6;True;97.5;0.981561;292.2;299.95;5.283716;5.2;;97.5;0.981561;292.2;299.95;5.283716;5.2;;98.9;0.9889;272.63;267.64;5.671167;5.6;;98.9;0.9889;272.63;267.64;5.671167;5.6;;98.1;0.981498;273.2;249.81;7.719793;7.6;;98.1;0.981498;273.2;249.81;7.719793;7.6;;;;;;;;;;;;;;;;;;;;;;;;;;;;;
4;Sul;41;PR;Paraná;4121505;Rebouças;635752.238;43802.69;540781.983;37259.33;536431.983;35783.6;245089.607;62844.695;123751.474;77434.71;509120.486;27311.496;Agricultura, inclusive apoio à agricultura e a pós colheita;Demais serviços;Administração, defesa, educação e saúde públicas e seguridade social;6;True;95.5;0.964473;281.85;294.16;5.051674;4.9;;95.5;0.964473;281.85;294.16;5.051674;4.9;;99.4;0.99347;274.92;275.05;5.832833;5.8;;99.4;0.99347;274.92;275.05;5.832833;5.8;;99.3;0.993742;246.91;230.0;6.857894;6.8;;99.3;0.993742;246.91;230.0;6.857894;6.8;;;;;;;;;;;;;;;;;;;;;;;;;;;;;
4;Sul;41;PR;Paraná;4121604;Renascença;460071.759;67212.82;347094.705;50737.42;422523.253;62392.68;212345.554;27167.921;112378.291;35958.765;387850.53;34672.723;Agricultura, inclusive apoio à agricultura e a pós colheita;Demais serviços;Comércio e reparação de veículos automotores e motocicletas;6;True;99.1;0.990835;275.59;282.23;4.78516;4.7;;99.1;0.990835;275.59;282.23;4.78516;4.7;;100.0;1.0;276.68;268.69;5.756167;5.8;;100.0;1.0;276.68;268.69;5.756167;5.8;;99.8;0.997577;225.21;213.93;6.15159;6.1;;99.8;0.997577;225.21;213.93;6.15159;6.1;;;;;;;;;;;;;;;;;;;;;;;;;;;;;
4;Sul;41;PR;Paraná;4121703;Reserva;764370.781;31106.12;779992.863;31741.87;757377.691;28120.81;305688.471;43418.429;231693.19;122970.535;703770.624;53607.067;Agricultura, inclusive apoio à agricultura e a pós colheita;Demais serviços;Administração, defesa, educação e saúde públicas e seguridade social;6;True;98.6;0.986943;271.62;279.92;4.694821;4.6;;98.6;0.986943;271.62;279.92;4.694821;4.6;;99.3;0.991975;260.92;264.3;5.420333;5.4;;99.3;0.991975;260.92;264.3;5.420333;5.4;;98.0;0.980759;229.36;222.48;6.386243;6.3;;98.0;0.980759;229.36;222.48;6.386243;6.3;;;;;;;;;;;;;;;;;;;;;;;;;;;;;
4;Sul;41;PR;Paraná;4121752;Reserva do Iguaçu;257839.287;39346.76;263340.835;40186.3;260028.165;31995.59;147293.409;19021.936;39549.799;45119.927;250985.071;9043.094;Agricultura, inclusive apoio à agricultura e a pós colheita;Administração, defesa, educação e saúde públicas e seguridade social;Demais serviços;6;True;94.4;0.948717;269.7;278.22;4.642406;4.4;;94.4;0.948717;269.7;278.22;4.642406;4.4;;98.3;0.983913;249.35;244.02;4.8895;4.8;;98.3;0.983913;249.35;244.02;4.8895;4.8;;95.8;0.95869;235.2;224.06;6.526421;6.3;;95.8;0.95869;235.2;224.06;6.526421;6.3;;;;;;;;;;;;;;;;;;;;;;;;;;;;;
4;Sul;41;PR;Paraná;4121802;Ribeirão Claro;609741.425;49315.87;496127.55;40126.78;383690.811;36122.28;94301.091;77692.233;120801.139;66225.169;359019.632;24671.179;Demais serviços;Administração, defesa, educação e saúde públicas e seguridade social;Eletricidade e gás, água, esgoto, atividades de gestão de resíduos e descontaminação;6;True;99.5;0.995983;273.01;280.58;4.724224;4.7;;99.5;0.995983;273.01;280.58;4.724224;4.7;;99.8;0.998241;272.01;274.42;5.773833;5.8;;99.8;0.998241;272.01;274.42;5.773833;5.8;;99.1;0.991522;229.71;221.89;6.382195;6.3;;99.1;0.991522;229.71;221.89;6.382195;6.3;;;;;;;;;;;;;;;;;;;;;;;;;;;;;
4;Sul;41;PR;Paraná;4121901;Ribeirão do Pinhal;487933.203;37360.89;459243.956;35164.16;338041.27;26267.87;81410.021;54720.65;115235.389;65437.593;316803.653;21237.618;Demais serviços;Administração, defesa, educação e saúde públicas e seguridade social;Agricultura, inclusive apoio à agricultura e a pós colheita;6;True;99.1;0.993457;263.55;269.49;4.425341;4.4;;99.1;0.993457;263.55;269.49;4.425341;4.4;;100.0;1.0;254.95;255.73;5.178;5.2;;100.0;1.0;254.95;255.73;5.178;5.2;;97.0;0.970697;252.0;230.76;6.968849;6.8;;97.0;0.970697;252.0;230.76;6.968849;6.8;;;;;;;;;;;;;;;;;;;;;;;;;;;;;
4;Sul;41;PR;Paraná;4122008;Rio Azul;996992.189;71086.79;948932.29;67660.06;729564.104;47272.99;376923.794;92358.411;139733.212;77569.594;686585.011;42979.093;Agricultura, inclusive apoio à agricultura e a pós colheita;Demais serviços;Administração, defesa, educação e saúde públicas e seguridade social;6;True;89.8;0.915171;280.57;282.56;4.860044;4.4;;89.8;0.915171;280.57;282.56;4.860044;4.4;;96.8;0.968751;263.81;264.2;5.466833;5.3;;96.8;0.968751;263.81;264.2;5.466833;5.3;;96.9;0.963619;247.66;225.57;6.791661;6.5;;96.9;0.963619;247.66;225.57;6.791661;6.5;;;;;;;;;;;;;;;;;;;;;;;;;;;;;
4;Sul;41;PR;Paraná;4122107;Rio Bom;118815.326;37164.63;115586.463;36154.66;104362.268;33005.14;56390.328;4683.909;18816.382;20644.951;100535.569;3826.698;Agricultura, inclusive apoio à agricultura e a pós colheita;Administração, defesa, educação e saúde públicas e seguridade social;Demais serviços;6;True;98.4;0.983471;264.26;262.59;4.332019;4.3;;98.4;0.983471;264.26;262.59;4.332019;4.3;;100.0;1.0;271.37;280.14;5.8585;5.9;;100.0;1.0;271.37;280.14;5.8585;5.9;;98.9;0.988195;255.21;231.89;7.050654;7.0;;98.9;0.988195;255.21;231.89;7.050654;7.0;;;;;;;;;;;;;;;;;;;;;;;;;;;;;
4;Sul;41;PR;Paraná;4122156;Rio Bonito do Iguaçu;514284.564;36921.86;507374.014;36425.73;441513.901;33346.97;219280.755;12649.184;112201.218;68970.915;413102.073;28411.828;Agricultura, inclusive apoio à agricultura e a pós colheita;Administração, defesa, educação e saúde públicas e seguridade social;Demais serviços;6;True;98.3;0.986608;276.61;279.05;4.751881;4.7;;98.3;0.986608;276.61;279.05;4.751881;4.7;;99.5;0.994735;260.26;255.67;5.2655;5.2;;99.5;0.994735;260.26;255.67;5.2655;5.2;;98.1;0.980287;256.51;240.3;7.228373;7.1;;98.4;0.983928;256.51;240.3;7.228373;7.1;;;;;;;;;;;;;;;;;;;;;;;;;;;;;
4;Sul;41;PR;Paraná;4122172;Rio Branco do Ivaí;174699.513;45876.97;151107.682;39681.64;115553.596;28040.18;46703.849;4952.159;31445.354;25686.747;108788.108;6765.488;Agricultura, inclusive apoio à agricultura e a pós colheita;Administração, defesa, educação e saúde públicas e seguridade social;Demais serviços;6;True;100.0;1.0;266.31;280.44;4.628027;4.6;;100.0;1.0;266.31;280.44;4.628027;4.6;;100.0;1.0;260.7;256.53;5.287167;5.3;;100.0;1.0;260.7;256.53;5.287167;5.3;;95.5;0.955152;248.47;225.67;6.808938;6.5;;95.5;0.955152;248.47;225.67;6.808938;6.5;;;;;;;;;;;;;;;;;;;;;;;;;;;;;
4;Sul;41;PR;Paraná;4122206;Rio Branco do Sul;1850825.583;49279.13;1649518.369;43919.23;1375599.077;42151.04;72356.618;760894.754;283244.662;182478.348;1298974.382;76624.695;Indústrias de transformação;Demais serviços;Administração, defesa, educação e saúde públicas e seguridade social;6;True;94.8;0.951605;269.5;278.01;4.636453;4.4;;94.8;0.951605;269.5;278.01;4.636453;4.4;;99.5;0.994499;253.62;257.64;5.187667;5.2;;99.5;0.994499;253.62;257.64;5.187667;5.2;;98.8;0.988159;217.7;208.49;5.90936;5.8;;98.8;0.988159;217.7;208.49;5.90936;5.8;;;;;;;;;;;;;;;;;;;;;;;;;;;;;
4;Sul;41;PR;Paraná;4122305;Rio Negro;1456164.794;46487.19;1363742.417;43536.66;1298354.286;37475.95;160342.911;404230.659;424438.29;166844.02;1155855.879;142498.407;Indústrias de transformação;Demais serviços;Administração, defesa, educação e saúde públicas e seguridade social;6;True;97.9;0.978049;289.92;294.61;5.171754;5.1;;97.9;0.978049;289.92;294.61;5.171754;5.1;;99.0;0.990216;282.75;278.36;6.0185;6.0;;99.0;0.990216;282.75;278.36;6.0185;6.0;;99.3;0.993186;271.73;243.08;7.569376;7.5;;99.3;0.993186;271.73;243.08;7.569376;7.5;;;;;;;;;;;;;;;;;;;;;;;;;;;;;
4;Sul;41;PR;Paraná;4122404;Rolândia;4602703.668;64220.79;4186826.14;58418.11;3574944.697;52445.46;267982.884;1201519.614;1328013.977;351059.401;3148575.876;426368.82;Indústrias de transformação;Demais serviços;Comércio e reparação de veículos automotores e motocicletas;6;True;97.8;0.980692;277.06;284.92;4.846076;4.8;;97.8;0.980692;277.06;284.92;4.846076;4.8;;98.3;0.98186;267.7;267.37;5.5845;5.5;;98.3;0.98186;267.7;267.37;5.5845;5.5;;96.7;0.968128;247.25;232.96;6.918201;6.7;;96.7;0.968128;247.25;232.96;6.918201;6.7;;;;;;;;;;;;;;;;;;;;;;;;;;;;;
4;Sul;41;PR;Paraná;4122503;Roncador;639474.291;56837.11;632269.831;56196.77;598091.415;63310.2;306949.725;21560.159;174745.074;54250.737;557505.694;40585.721;Agricultura, inclusive apoio à agricultura e a pós colheita;Demais serviços;Comércio e reparação de veículos automotores e motocicletas;6;True;99.2;0.99421;282.7;294.8;5.073194;5.0;;99.2;0.99421;282.7;294.8;5.073194;5.0;;99.8;0.997988;263.91;261.67;5.426333;5.4;;99.8;0.997988;263.91;261.67;5.426333;5.4;;100.0;1.0;247.36;228.56;6.8403;6.8;;100.0;1.0;247.36;228.56;6.8403;6.8;;;;;;;;;;;;;;;;;;;;;;;;;;;;;
4;Sul;41;PR;Paraná;4122602;Rondon;538735.802;59221.26;402505.595;44245.97;350063.589;36223.47;111021.73;71057.663;93651.761;49633.574;325364.729;24698.859;Demais serviços;Agricultura, inclusive apoio à agricultura e a pós colheita;Indústrias de transformação;6;True;88.1;0.88243;277.43;271.11;4.644536;4.1;;88.1;0.88243;277.43;271.11;4.644536;4.1;;93.0;0.927169;268.34;254.73;5.3845;5.0;;93.0;0.927169;268.34;254.73;5.3845;5.0;;99.3;0.992586;231.67;217.47;6.339236;6.3;;99.3;0.992586;231.67;217.47;6.339236;6.3;;;;;;;;;;;;;;;;;;;;;;;;;;;;;
4;Sul;41;PR;Paraná;4122651;Rosário do Ivaí;166638.258;30660.21;142134.78;26151.75;129867.926;28262.88;55079.518;6461.784;33099.466;28307.631;122948.4;6919.527;Agricultura, inclusive apoio à agricultura e a pós colheita;Administração, defesa, educação e saúde públicas e seguridade social;Demais serviços;6;True;100.0;1.0;288.55;291.78;5.110147;5.1;;100.0;1.0;288.55;291.78;5.110147;5.1;;100.0;1.0;260.05;270.0;5.500833;5.5;;100.0;1.0;260.05;270.0;5.500833;5.5;;99.7;0.997168;219.23;216.43;6.082922;6.1;;99.7;0.997168;219.23;216.43;6.082922;6.1;;;;;;;;;;;;;;;;;;;;;;;;;;;;;
4;Sul;41;PR;Paraná;4122701;Sabáudia;741344.575;84033.62;692580.278;78506.04;705317.693;101426.19;107203.52;223253.672;250640.571;43182.391;624280.155;81037.539;Demais serviços;Indústrias de transformação;Agricultura, inclusive apoio à agricultura e a pós colheita;6;True;98.3;0.984208;281.11;277.91;4.798018;4.7;;98.3;0.984208;281.11;277.91;4.798018;4.7;;100.0;1.0;269.76;274.61;5.7395;5.7;;100.0;1.0;269.76;274.61;5.7395;5.7;;100.0;1.0;263.49;240.06;7.357215;7.4;;100.0;1.0;263.49;240.06;7.357215;7.4;;;;;;;;;;;;;;;;;;;;;;;;;;;;;
4;Sul;41;PR;Paraná;4122800;Salgado Filho;144580.81;35479.95;124468.481;30544.41;124340.658;36689.48;70227.158;5243.753;21411.868;21799.328;118682.108;5658.55;Pecuária, inclusive apoio à pecuária;Agricultura, inclusive apoio à agricultura e a pós colheita;Administração, defesa, educação e saúde públicas e seguridade social;6;True;92.9;0.934047;291.51;293.29;5.174325;4.8;;92.9;0.934047;291.51;293.29;5.174325;4.8;;98.9;0.991541;267.42;275.15;5.7095;5.7;;98.9;0.991541;267.42;275.15;5.7095;5.7;;98.5;0.985197;253.21;244.05;7.233577;7.1;;98.5;0.985197;253.21;244.05;7.233577;7.1;;;;;;;;;;;;;;;;;;;;;;;;;;;;;
4;Sul;41;PR;Paraná;4122909;Salto do Itararé;124159.798;23913.67;112749.051;21715.92;103655.531;21319.53;47182.961;3867.246;21954.924;27173.3;100178.431;3477.1;Agricultura, inclusive apoio à agricultura e a pós colheita;Administração, defesa, educação e saúde públicas e seguridade social;Demais serviços;6;True;96.3;0.965289;276.27;291.39;4.931837;4.8;;96.3;0.965289;276.27;291.39;4.931837;4.8;;100.0;1.0;253.25;272.3;5.425833;5.4;;100.0;1.0;253.25;272.3;5.425833;5.4;;98.4;0.983775;243.04;223.87;6.672584;6.6;;98.4;0.983775;243.04;223.87;6.672584;6.6;;;;;;;;;;;;;;;;;;;;;;;;;;;;;
4;Sul;41;PR;Paraná;4123006;Salto do Lontra;628454.439;41283.22;489076.458;32127.47;529891.174;35427.64;196070.324;82369.829;144528.435;71900.427;494869.014;35022.16;Pecuária, inclusive apoio à pecuária;Demais serviços;Agricultura, inclusive apoio à agricultura e a pós colheita;6;True;97.2;0.97774;279.72;282.31;4.844364;4.7;;97.2;0.97774;279.72;282.31;4.844364;4.7;;99.0;0.987883;272.24;275.36;5.793333;5.7;;99.0;0.987883;272.24;275.36;5.793333;5.7;;96.4;0.965681;264.96;239.31;7.371632;7.1;;96.4;0.965681;264.96;239.31;7.371632;7.1;;;;;;;;;;;;;;;;;;;;;;;;;;;;;
4;Sul;41;PR;Paraná;4123105;Santa Amélia;141542.179;41703.65;118787.479;34999.26;100856.439;31439.04;41454.806;10725.549;24075.006;19787.565;96042.926;4813.512;Agricultura, inclusive apoio à agricultura e a pós colheita;Demais serviços;Administração, defesa, educação e saúde públicas e seguridade social;6;True;85.0;0.852528;277.46;278.58;4.756784;4.1;;85.0;0.852528;277.46;278.58;4.756784;4.1;;98.7;0.980413;255.63;268.15;5.396333;5.3;;98.7;0.980413;255.63;268.15;5.396333;5.3;;99.5;0.995521;227.1;201.65;5.964386;5.9;;99.1;0.991285;227.1;201.65;5.964386;5.9;;;;;;;;;;;;;;;;;;;;;;;;;;;;;
4;Sul;41;PR;Paraná;4123204;Santa Cecília do Pavão;179165.999;53243.98;185038.739;54989.22;153510.076;47190.31;46764.83;20229.598;53864.285;21841.576;142700.289;10809.787;Agricultura, inclusive apoio à agricultura e a pós colheita;Demais serviços;Administração, defesa, educação e saúde públicas e seguridade social;6;True;100.0;1.0;257.33;255.41;4.127203;4.1;;100.0;1.0;257.33;255.41;4.127203;4.1;;100.0;1.0;249.72;253.85;5.0595;5.1;;100.0;1.0;249.72;253.85;5.0595;5.1;;97.7;0.976198;205.72;196.63;5.465098;5.3;;97.7;0.976198;205.72;196.63;5.465098;5.3;;;;;;;;;;;;;;;;;;;;;;;;;;;;;
4;Sul;41;PR;Paraná;4123303;Santa Cruz de Monte Castelo;387175.483;44952.45;354600.841;41170.42;375095.755;48682.12;185814.139;24429.072;100024.909;42024.43;352292.55;22803.205;Agricultura, inclusive apoio à agricultura e a pós colheita;Demais serviços;Administração, defesa, educação e saúde públicas e seguridade social;6;True;97.6;0.976724;269.69;274.75;4.590319;4.5;;97.6;0.976724;269.69;274.75;4.590319;4.5;;97.2;0.97286;268.2;259.58;5.463;5.3;;97.2;0.97286;268.2;259.58;5.463;5.3;;100.0;1.0;256.28;234.45;7.11762;7.1;;100.0;1.0;256.28;234.45;7.11762;7.1;;;;;;;;;;;;;;;;;;;;;;;;;;;;;
4;Sul;41;PR;Paraná;4123402;Santa Fé;449905.935;39541.74;354483.055;31155.13;319673.941;25926.52;86998.757;39832.565;110150.192;57613.803;294595.316;25078.625;Demais serviços;Agricultura, inclusive apoio à agricultura e a pós colheita;Administração, defesa, educação e saúde públicas e seguridade social;0;False;;;;;;;;;;;;;;;;;;;;;;;;;;;;;;;;;;;;;;;;;;;;;;;;;;;;;;;;;;;;;;;;;;;;;;
4;Sul;41;PR;Paraná;4123501;Santa Helena;1641044.228;64374.87;1560603.328;61219.34;1465190.723;54194.06;428588.149;268847.642;460882.007;174430.565;1332748.363;132442.36;Demais serviços;Pecuária, inclusive apoio à pecuária;Indústrias de transformação;6;True;97.0;0.978332;290.06;295.56;5.187942;5.1;;97.0;0.978332;290.06;295.56;5.187942;5.1;;98.4;0.982644;281.01;273.12;5.902167;5.8;;98.4;0.982644;281.01;273.12;5.902167;5.8;;98.9;0.989905;253.44;233.92;7.053785;7.0;;98.9;0.989905;253.44;233.92;7.053785;7.0;;;;;;;;;;;;;;;;;;;;;;;;;;;;;
4;Sul;41;PR;Paraná;4123600;Santa Inês;85155.059;48715.71;58924.195;33709.49;51485.304;32835.02;21603.684;2192.481;11103.083;14842.769;49742.017;1743.287;Administração, defesa, educação e saúde públicas e seguridade social;Agricultura, inclusive apoio à agricultura e a pós colheita;Demais serviços;6;True;100.0;1.0;268.83;273.49;4.559378;4.6;;100.0;1.0;268.83;273.49;4.559378;4.6;;100.0;1.0;255.94;248.98;5.082;5.1;;100.0;1.0;255.94;248.98;5.082;5.1;;100.0;1.0;249.26;220.56;6.731105;6.7;;100.0;1.0;249.26;220.56;6.731105;6.7;;;;;;;;;;;;;;;;;;;;;;;;;;;;;
4;Sul;41;PR;Paraná;4123709;Santa Isabel do Ivaí;293691.548;32954.62;255763.513;28698.78;253122.708;29835.3;50105.781;31798.29;100450.657;44317.728;226672.457;26450.252;Demais serviços;Administração, defesa, educação e saúde públicas e seguridade social;Comércio e reparação de veículos automotores e motocicletas;6;True;100.0;1.0;264.91;270.92;4.465849;4.5;;100.0;1.0;264.91;270.92;4.465849;4.5;;98.1;0.982123;268.39;263.2;5.5265;5.4;;98.1;0.982123;268.39;263.2;5.5265;5.4;;99.3;0.991652;237.93;222.1;6.542883;6.5;;99.3;0.991652;237.93;222.1;6.542883;6.5;;;;;;;;;;;;;;;;;;;;;;;;;;;;;
4;Sul;41;PR;Paraná;4123808;Santa Izabel do Oeste;514078.556;36537.21;398553.388;28326.47;466992.004;31291.34;205616.618;35281.371;123659.534;70570.49;435128.013;31863.992;Agricultura, inclusive apoio à agricultura e a pós colheita;Pecuária, inclusive apoio à pecuária;Demais serviços;6;True;98.6;0.98938;274.27;281.52;4.755992;4.7;;98.6;0.98938;274.27;281.52;4.755992;4.7;;99.6;0.995226;275.51;269.83;5.755667;5.7;;99.6;0.995226;275.51;269.83;5.755667;5.7;;99.9;0.99839;257.49;236.37;7.17562;7.2;;99.9;0.99839;257.49;236.37;7.17562;7.2;;;;;;;;;;;;;;;;;;;;;;;;;;;;;
4;Sul;41;PR;Paraná;4123824;Santa Lúcia;158188.01;43410.54;156572.728;42967.27;140108.196;36919.16;55730.557;9014.272;40809.277;23495.827;129049.933;11058.263;Pecuária, inclusive apoio à pecuária;Agricultura, inclusive apoio à agricultura e a pós colheita;Demais serviços;6;True;98.2;0.982155;264.62;272.93;4.491866;4.4;;98.2;0.982155;264.62;272.93;4.491866;4.4;;99.1;0.992066;254.63;257.99;5.210333;5.2;;99.1;0.992066;254.63;257.99;5.210333;5.2;;99.2;0.991287;219.2;210.28;5.970532;5.9;;99.2;0.991287;219.2;210.28;5.970532;5.9;;;;;;;;;;;;;;;;;;;;;;;;;;;;;
4;Sul;41;PR;Paraná;4123857;Santa Maria do Oeste;353046.217;35195.52;326164.807;32833.18;267309.565;29023.84;131409.783;13585.418;57279.252;49233.818;251508.271;15801.294;Agricultura, inclusive apoio à agricultura e a pós colheita;Administração, defesa, educação e saúde públicas e seguridade social;Demais serviços;6;True;99.7;0.997319;286.27;289.11;5.038154;5.0;;99.7;0.997319;286.27;289.11;5.038154;5.0;;99.8;0.998241;253.78;253.93;5.1285;5.1;;99.8;0.998241;253.78;253.93;5.1285;5.1;;94.8;0.94772;223.35;204.74;5.949003;5.6;;94.8;0.94772;223.35;204.74;5.949003;5.6;;;;;;;;;;;;;;;;;;;;;;;;;;;;;
4;Sul;41;PR;Paraná;4123907;Santa Mariana;497961.396;44999.22;461616.588;41714.86;493066.45;42789.76;229735.266;37090.724;136378.215;60071.422;463275.627;29790.823;Agricultura, inclusive apoio à agricultura e a pós colheita;Demais serviços;Administração, defesa, educação e saúde públicas e seguridade social;6;True;92.4;0.926697;265.18;266.55;4.404222;4.1;;92.4;0.926697;265.18;266.55;4.404222;4.1;;98.7;0.988324;249.13;249.34;4.9745;4.9;;98.7;0.988324;249.13;249.34;4.9745;4.9;;90.6;0.906102;230.86;223.21;6.428142;5.8;;90.6;0.906102;230.86;223.21;6.428142;5.8;;;;;;;;;;;;;;;;;;;;;;;;;;;;;
4;Sul;41;PR;Paraná;4123956;Santa Mônica;115471.2;34407.39;90776.345;27048.97;91009.448;22460.38;33298.806;7734.926;18512.751;24482.448;84028.931;6980.517;Administração, defesa, educação e saúde públicas e seguridade social;Agricultura, inclusive apoio à agricultura e a pós colheita;Demais serviços;6;True;100.0;1.0;246.99;248.9;3.884523;3.9;;100.0;1.0;246.99;248.9;3.884523;3.9;;100.0;1.0;246.8;238.02;4.747;4.7;;100.0;1.0;246.8;238.02;4.747;4.7;;98.7;0.987119;240.21;229.64;6.723486;6.6;;98.7;0.987119;240.21;229.64;6.723486;6.6;;;;;;;;;;;;;;;;;;;;;;;;;;;;;
4;Sul;41;PR;Paraná;4124004;Santana do Itararé;184041.762;33377.18;195898.133;35527.41;171601.241;34906.68;90254.544;8758.604;35354.12;29383.373;163750.641;7850.6;Agricultura, inclusive apoio à agricultura e a pós colheita;Administração, defesa, educação e saúde públicas e seguridade social;Demais serviços;6;True;100.0;1.0;269.41;263.3;4.414979;4.4;;100.0;1.0;269.41;263.3;4.414979;4.4;;100.0;1.0;268.65;277.28;5.7655;5.8;;100.0;1.0;268.65;277.28;5.7655;5.8;;100.0;1.0;260.19;236.32;7.226238;7.2;;100.0;1.0;260.19;236.32;7.226238;7.2;;;;;;;;;;;;;;;;;;;;;;;;;;;;;
4;Sul;41;PR;Paraná;4124020;Santa Tereza do Oeste;713314.961;54145.66;678676.69;51516.37;582094.99;57891.1;147054.035;163309.085;150886.401;59740.268;520989.789;61105.201;Indústrias de transformação;Agricultura, inclusive apoio à agricultura e a pós colheita;Demais serviços;6;True;97.1;0.971308;266.21;273.49;4.52258;4.4;;97.1;0.971308;266.21;273.49;4.52258;4.4;;99.7;0.997227;260.93;257.72;5.310833;5.3;;99.7;0.997227;260.93;257.72;5.310833;5.3;;95.1;0.952551;229.33;219.15;6.325125;6.0;;95.1;0.952551;229.33;219.15;6.325125;6.0;;;;;;;;;;;;;;;;;;;;;;;;;;;;;
4;Sul;41;PR;Paraná;4124053;Santa Terezinha de Itaipu;765144.141;31536.73;696656.954;28713.91;687337.384;28726.43;119494.828;63243.193;302584.407;122056.552;607378.98;79958.405;Demais serviços;Administração, defesa, educação e saúde públicas e seguridade social;Agricultura, inclusive apoio à agricultura e a pós colheita;6;True;96.2;0.971541;280.36;290.56;4.976855;4.8;;96.2;0.971541;280.36;290.56;4.976855;4.8;;98.7;0.987226;265.09;273.53;5.643667;5.6;;98.7;0.987226;265.09;273.53;5.643667;5.6;;99.1;0.991131;280.39;249.04;7.843007;7.8;;99.1;0.991131;280.39;249.04;7.843007;7.8;;;;;;;;;;;;;;;;;;;;;;;;;;;;;
4;Sul;41;PR;Paraná;4124103;Santo Antônio da Platina;1837883.729;41422.7;1780115.58;40120.71;1505597.098;32376.34;223510.291;167428.585;705008.253;213659.286;1309606.415;195990.683;Demais serviços;Comércio e reparação de veículos automotores e motocicletas;Administração, defesa, educação e saúde públicas e seguridade social;6;True;99.7;0.997988;274.93;282.67;4.782477;4.8;;99.7;0.997988;274.93;282.67;4.782477;4.8;;99.6;0.995742;282.88;282.63;6.091833;6.1;;99.6;0.995742;282.88;282.63;6.091833;6.1;;95.1;0.952344;242.38;228.09;6.736716;6.4;;95.1;0.952344;242.38;228.09;6.736716;6.4;;;;;;;;;;;;;;;;;;;;;;;;;;;;;
4;Sul;41;PR;Paraná;4124202;Santo Antônio do Caiuá;70026.829;28089.38;58266.375;23371.99;54056.272;20703.28;18654.18;2207.736;12681.052;18262.94;51805.908;2250.364;Administração, defesa, educação e saúde públicas e seguridade social;Demais serviços;Pecuária, inclusive apoio à pecuária;6;True;100.0;1.0;262.29;276.97;4.51962;4.5;;100.0;1.0;262.29;276.97;4.51962;4.5;;99.0;0.986202;247.18;260.05;5.1205;5.0;;99.0;0.986202;247.18;260.05;5.1205;5.0;;97.5;0.977817;231.08;222.09;6.411976;6.3;;97.5;0.977817;231.08;222.09;6.411976;6.3;;;;;;;;;;;;;;;;;;;;;;;;;;;;;
4;Sul;41;PR;Paraná;4124301;Santo Antônio do Paraíso;114799.018;54023.07;123392.878;58067.24;106891.728;52604.2;54728.418;8777.585;20337.843;18686.875;102530.721;4361.007;Agricultura, inclusive apoio à agricultura e a pós colheita;Demais serviços;Administração, defesa, educação e saúde públicas e seguridade social;6;True;96.7;0.971831;267.07;282.06;4.662952;4.5;;96.7;0.971831;267.07;282.06;4.662952;4.5;;98.8;0.989691;226.21;238.06;4.4045;4.4;;98.8;0.989691;226.21;238.06;4.4045;4.4;;93.2;0.933712;233.86;229.83;6.605757;6.2;;93.2;0.933712;233.86;229.83;6.605757;6.2;;;;;;;;;;;;;;;;;;;;;;;;;;;;;
4;Sul;41;PR;Paraná;4124400;Santo Antônio do Sudoeste;804866.436;33999.34;665500.339;28112.21;648290.483;31850.77;192801.857;110314.04;201077.841;97390.112;601583.849;46706.634;Demais serviços;Pecuária, inclusive apoio à pecuária;Administração, defesa, educação e saúde públicas e seguridade social;6;True;96.1;0.968273;281.37;291.69;5.007957;4.8;;96.1;0.968273;281.37;291.69;5.007957;4.8;;98.4;0.983744;268.44;261.95;5.5065;5.4;;98.4;0.983744;268.44;261.95;5.5065;5.4;;98.6;0.986534;240.51;222.23;6.594484;6.5;;98.6;0.986534;240.51;222.23;6.594484;6.5;;;;;;;;;;;;;;;;;;;;;;;;;;;;;
4;Sul;41;PR;Paraná;4124509;Santo Inácio;836727.448;135370.89;698440.193;112997.93;532112.095;98139.45;73588.518;225913.613;151080.252;34050.048;484632.431;47479.663;Indústrias de transformação;Demais serviços;Agricultura, inclusive apoio à agricultura e a pós colheita;0;False;;;;;;;;;;;;;;;;;;;;;;;;;;;;;;;;;;;;;;;;;;;;;;;;;;;;;;;;;;;;;;;;;;;;;;
4;Sul;41;PR;Paraná;4124608;São Carlos do Ivaí;567835.843;86205.53;442768.375;67218.52;396026.15;56892.13;52616.917;183438.307;94381.425;39141.349;369577.998;26448.152;Indústrias de transformação;Demais serviços;Eletricidade e gás, água, esgoto, atividades de gestão de resíduos e descontaminação;6;True;94.4;0.953751;271.4;270.79;4.555054;4.3;;94.4;0.953751;271.4;270.79;4.555054;4.3;;96.3;0.96232;235.11;245.6;4.6785;4.5;;96.3;0.96232;235.11;245.6;4.6785;4.5;;99.8;0.996347;234.9;211.24;6.287604;6.3;;99.8;0.996347;234.9;211.24;6.287604;6.3;;;;;;;;;;;;;;;;;;;;;;;;;;;;;
4;Sul;41;PR;Paraná;4124707;São Jerônimo da Serra;349305.515;32253.51;370262.715;34188.62;322890.8;29120.74;174569.795;10024.995;68291.992;56026.484;308913.267;13977.533;Agricultura, inclusive apoio à agricultura e a pós colheita;Administração, defesa, educação e saúde públicas e seguridade social;Demais serviços;6;True;99.2;0.993737;271.41;273.43;4.594716;4.6;;99.2;0.993737;271.41;273.43;4.594716;4.6;;98.7;0.987905;249.4;254.45;5.064167;5.0;;98.7;0.987905;249.4;254.45;5.064167;5.0;;97.6;0.975577;204.74;195.67;5.428941;5.3;;98.0;0.979688;204.74;195.67;5.428941;5.3;;;;;;;;;;;;;;;;;;;;;;;;;;;;;
4;Sul;41;PR;Paraná;4124806;São João;1220178.115;102656.75;1081146.047;90959.62;890618.086;87988.35;194520.895;199756.336;331014.65;58591.202;783883.082;106735.004;Demais serviços;Indústrias de transformação;Comércio e reparação de veículos automotores e motocicletas;6;True;96.8;0.970851;293.67;290.58;5.164093;5.0;;96.8;0.970851;293.67;290.58;5.164093;5.0;;98.5;0.984382;278.22;270.83;5.8175;5.7;;98.5;0.984382;278.22;270.83;5.8175;5.7;;100.0;1.0;256.97;239.65;7.225333;7.2;;100.0;1.0;256.97;239.65;7.225333;7.2;;;;;;;;;;;;;;;;;;;;;;;;;;;;;
4;Sul;41;PR;Paraná;4124905;São João do Caiuá;191655.66;34310.0;142943.796;25589.65;154592.159;26566.79;61100.674;14923.395;35425.045;31450.078;142899.192;11692.967;Agricultura, inclusive apoio à agricultura e a pós colheita;Administração, defesa, educação e saúde públicas e seguridade social;Demais serviços;6;True;96.9;0.968396;257.15;250.49;4.051022;3.9;;96.9;0.968396;257.15;250.49;4.051022;3.9;;100.0;1.0;257.77;256.69;5.241;5.2;;100.0;1.0;257.77;256.69;5.241;5.2;;100.0;1.0;263.75;255.29;7.639086;7.6;;100.0;1.0;263.75;255.29;7.639086;7.6;;;;;;;;;;;;;;;;;;;;;;;;;;;;;
4;Sul;41;PR;Paraná;4125001;São João do Ivaí;410617.462;38494.18;351357.759;32938.76;361196.527;36495.56;136406.807;13519.191;131243.558;53132.804;334302.36;26894.168;Agricultura, inclusive apoio à agricultura e a pós colheita;Demais serviços;Administração, defesa, educação e saúde públicas e seguridade social;6;True;99.6;0.996982;273.35;282.71;4.760885;4.7;;99.6;0.996982;273.35;282.71;4.760885;4.7;;99.8;0.997481;262.49;260.43;5.382;5.4;;99.8;0.997481;262.49;260.43;5.382;5.4;;97.3;0.971848;249.89;224.46;6.814037;6.6;;97.3;0.971848;249.89;224.46;6.814037;6.6;;;;;;;;;;;;;;;;;;;;;;;;;;;;;
4;Sul;41;PR;Paraná;4125100;São João do Triunfo;875907.408;63813.74;729207.855;53126.03;579555.327;37733.92;365236.939;20749.35;94795.342;75582.224;556363.856;23191.471;Agricultura, inclusive apoio à agricultura e a pós colheita;Administração, defesa, educação e saúde públicas e seguridade social;Demais serviços;6;True;96.7;0.973741;276.59;277.49;4.728247;4.6;;96.7;0.973741;276.59;277.49;4.728247;4.6;;98.5;0.985453;264.1;264.72;5.480333;5.4;;98.5;0.985453;264.1;264.72;5.480333;5.4;;97.1;0.966262;233.49;221.65;6.449969;6.2;;97.1;0.966262;233.49;221.65;6.449969;6.2;;;;;;;;;;;;;;;;;;;;;;;;;;;;;
4;Sul;41;PR;Paraná;4125209;São Jorge d'Oeste;531520.961;56677.43;446317.184;47591.94;473334.492;52563.52;220621.167;40563.493;120413.632;56540.351;438138.643;35195.849;Agricultura, inclusive apoio à agricultura e a pós colheita;Pecuária, inclusive apoio à pecuária;Demais serviços;6;True;93.8;0.951583;286.24;281.59;4.925158;4.7;;93.8;0.951583;286.24;281.59;4.925158;4.7;;97.2;0.971659;283.07;270.78;5.8975;5.7;;97.2;0.971659;283.07;270.78;5.8975;5.7;;99.7;0.996785;245.94;230.58;6.849928;6.8;;99.7;0.996785;245.94;230.58;6.849928;6.8;;;;;;;;;;;;;;;;;;;;;;;;;;;;;
4;Sul;41;PR;Paraná;4125308;São Jorge do Ivaí;417316.417;80750.08;321717.19;62251.78;401315.432;72505.05;213337.556;10353.067;116624.367;32620.122;372935.112;28380.319;Agricultura, inclusive apoio à agricultura e a pós colheita;Demais serviços;Comércio e reparação de veículos automotores e motocicletas;6;True;98.7;0.990489;275.98;270.45;4.614291;4.6;;98.7;0.990489;275.98;270.45;4.614291;4.6;;100.0;1.0;264.36;260.94;5.421667;5.4;;100.0;1.0;264.36;260.94;5.421667;5.4;;100.0;1.0;273.28;249.72;7.719684;7.7;;100.0;1.0;273.28;249.72;7.719684;7.7;;;;;;;;;;;;;;;;;;;;;;;;;;;;;
4;Sul;41;PR;Paraná;4125357;São Jorge do Patrocínio;183231.543;28172.13;171594.923;26382.98;145367.402;26277.55;47830.027;12207.579;39973.434;36314.143;136325.184;9042.218;Administração, defesa, educação e saúde públicas e seguridade social;Demais serviços;Pecuária, inclusive apoio à pecuária;6;True;100.0;1.0;269.44;274.61;4.584712;4.6;;100.0;1.0;269.44;274.61;4.584712;4.6;;100.0;1.0;264.84;254.73;5.326167;5.3;;100.0;1.0;264.84;254.73;5.326167;5.3;;100.0;1.0;251.08;239.72;7.114201;7.1;;100.0;1.0;251.08;239.72;7.114201;7.1;;;;;;;;;;;;;;;;;;;;;;;;;;;;;
4;Sul;41;PR;Paraná;4125407;São José da Boa Vista;232640.965;38516.72;259600.551;42980.22;229784.755;37577.23;140450.656;9310.585;37411.095;34220.702;221393.039;8391.716;Agricultura, inclusive apoio à agricultura e a pós colheita;Administração, defesa, educação e saúde públicas e seguridade social;Demais serviços;6;True;100.0;1.0;292.9;292.11;5.176182;5.2;;100.0;1.0;292.9;292.11;5.176182;5.2;;100.0;1.0;286.9;281.63;6.142167;6.1;;100.0;1.0;286.9;281.63;6.142167;6.1;;100.0;1.0;271.56;244.49;7.591768;7.6;;100.0;1.0;271.56;244.49;7.591768;7.6;;;;;;;;;;;;;;;;;;;;;;;;;;;;;
4;Sul;41;PR;Paraná;4125456;São José das Palmeiras;109673.662;27716.37;89392.654;23098.88;99024.445;27499.15;39034.286;7583.956;23927.431;22886.793;93432.467;5591.979;Administração, defesa, educação e saúde públicas e seguridade social;Agricultura, inclusive apoio à agricultura e a pós colheita;Demais serviços;6;True;100.0;1.0;289.7;283.09;4.996209;5.0;;100.0;1.0;289.7;283.09;4.996209;5.0;;98.9;0.989956;260.64;253.76;5.24;5.2;;98.9;0.989956;260.64;253.76;5.24;5.2;;97.5;0.973454;244.5;224.37;6.709538;6.5;;97.5;0.973454;244.5;224.37;6.709538;6.5;;;;;;;;;;;;;;;;;;;;;;;;;;;;;
4;Sul;41;PR;Paraná;4125506;São José dos Pinhais;33957963.934;103019.05;31479079.359;95616.57;27008910.46;80715.17;507221.725;7764412.565;9987464.484;1790991.29;20050090.064;6958820.396;Indústrias de transformação;Demais serviços;Comércio e reparação de veículos automotores e motocicletas;6;True;96.6;0.974918;275.58;284.3;4.816008;4.7;;96.6;0.974918;275.58;284.3;4.816008;4.7;;97.7;0.977747;255.65;257.45;5.218333;5.1;;97.7;0.977747;255.65;257.45;5.218333;5.1;;95.4;0.950947;224.23;216.09;6.17216;5.9;;95.4;0.950947;224.23;216.09;6.17216;5.9;;;;;;;;;;;;;;;;;;;;;;;;;;;;;
4;Sul;41;PR;Paraná;4125555;São Manoel do Paraná;83030.479;38835.58;66192.031;30959.79;62337.796;28793.44;23363.596;3028.152;12156.396;19992.15;58540.294;3797.503;Administração, defesa, educação e saúde públicas e seguridade social;Agricultura, inclusive apoio à agricultura e a pós colheita;Demais serviços;6;True;95.5;0.958484;297.41;308.65;5.48713;5.3;;95.5;0.958484;297.41;308.65;5.48713;5.3;;100.0;1.0;274.46;276.75;5.8535;5.9;;100.0;1.0;274.46;276.75;5.8535;5.9;;100.0;1.0;271.44;249.85;7.686933;7.7;;100.0;1.0;271.44;249.85;7.686933;7.7;;;;;;;;;;;;;;;;;;;;;;;;;;;;;
4;Sul;41;PR;Paraná;4125605;São Mateus do Sul;1934142.346;45653.17;1853493.386;43757.81;1516857.792;32179.77;428566.829;192137.336;552476.314;211210.742;1384391.221;132466.571;Demais serviços;Agricultura, inclusive apoio à agricultura e a pós colheita;Administração, defesa, educação e saúde públicas e seguridade social;6;True;94.9;0.954241;287.22;289.01;5.05;4.8;;94.9;0.954241;287.22;289.01;5.05;4.8;;99.1;0.991242;269.88;267.39;5.621167;5.6;;99.1;0.991242;269.88;267.39;5.621167;5.6;;96.5;0.967102;252.64;244.56;7.231972;7.0;;96.5;0.967102;252.64;244.56;7.231972;7.0;;;;;;;;;;;;;;;;;;;;;;;;;;;;;
4;Sul;41;PR;Paraná;4125704;São Miguel do Iguaçu;1484412.447;50972.2;1416053.566;48624.87;1470080.6;53079.17;492674.187;129742.449;524578.968;181005.806;1328001.41;142079.19;Agricultura, inclusive apoio à agricultura e a pós colheita;Demais serviços;Comércio e reparação de veículos automotores e motocicletas;6;True;96.9;0.963146;304.21;303.11;5.499701;5.3;;96.9;0.963146;304.21;303.11;5.499701;5.3;;95.9;0.960521;291.05;287.02;6.301167;6.1;;95.9;0.960521;291.05;287.02;6.301167;6.1;;98.7;0.986894;231.62;218.46;6.356282;6.3;;97.7;0.97694;231.62;218.46;6.356282;6.2;;;;;;;;;;;;;;;;;;;;;;;;;;;;;
4;Sul;41;PR;Paraná;4125753;São Pedro do Iguaçu;267876.552;46313.37;226385.701;39139.99;247153.768;43020.67;122591.781;8639.124;66272.858;33265.389;230769.152;16384.616;Agricultura, inclusive apoio à agricultura e a pós colheita;Demais serviços;Pecuária, inclusive apoio à pecuária;6;True;100.0;1.0;279.85;288.16;4.933764;4.9;;100.0;1.0;279.85;288.16;4.933764;4.9;;100.0;1.0;258.6;261.95;5.3425;5.3;;100.0;1.0;258.6;261.95;5.3425;5.3;;97.1;0.970562;226.93;215.65;6.215687;6.0;;97.1;0.970562;226.93;215.65;6.215687;6.0;;;;;;;;;;;;;;;;;;;;;;;;;;;;;
4;Sul;41;PR;Paraná;4125803;São Pedro do Ivaí;453058.246;52135.59;406099.523;46731.82;370121.142;33317.23;96031.299;63872.692;113894.502;52008.747;325807.24;44313.902;Demais serviços;Agricultura, inclusive apoio à agricultura e a pós colheita;Administração, defesa, educação e saúde públicas e seguridade social;6;True;100.0;1.0;281.47;284.42;4.900529;4.9;;100.0;1.0;281.47;284.42;4.900529;4.9;;98.3;0.983839;262.42;261.18;5.393333;5.3;;98.3;0.983839;262.42;261.18;5.393333;5.3;;99.6;0.995773;233.57;216.3;6.354223;6.3;;99.6;0.995773;233.57;216.3;6.354223;6.3;;;;;;;;;;;;;;;;;;;;;;;;;;;;;
4;Sul;41;PR;Paraná;4125902;São Pedro do Paraná;111291.046;41823.02;90697.596;34084.03;90322.814;39877.62;23263.807;17042.691;23907.943;18539.549;82753.991;7568.823;Demais serviços;Administração, defesa, educação e saúde públicas e seguridade social;Pecuária, inclusive apoio à pecuária;6;True;100.0;1.0;273.05;264.67;4.486612;4.5;;100.0;1.0;273.05;264.67;4.486612;4.5;;100.0;1.0;278.2;276.58;5.913;5.9;;100.0;1.0;278.2;276.58;5.913;5.9;;97.1;0.971515;238.89;217.93;6.485386;6.3;;97.1;0.971515;238.89;217.93;6.485386;6.3;;;;;;;;;;;;;;;;;;;;;;;;;;;;;
4;Sul;41;PR;Paraná;4126009;São Sebastião da Amoreira;277568.679;34424.99;310711.398;38535.46;300151.913;33858.08;131633.353;11694.127;88250.235;44969.49;276547.205;23604.708;Agricultura, inclusive apoio à agricultura e a pós colheita;Demais serviços;Administração, defesa, educação e saúde públicas e seguridade social;6;True;91.8;0.931073;272.51;288.32;4.83307;4.5;;91.8;0.931073;272.51;288.32;4.83307;4.5;;99.4;0.993455;274.07;263.29;5.622667;5.6;;99.4;0.993455;274.07;263.29;5.622667;5.6;;99.5;0.994481;251.24;238.0;7.085982;7.0;;99.5;0.994481;251.24;238.0;7.085982;7.0;;;;;;;;;;;;;;;;;;;;;;;;;;;;;
4;Sul;41;PR;Paraná;4126108;São Tomé;221193.951;42277.13;179457.192;34299.92;163463.025;28290.59;63347.355;13868.987;39265.207;34210.286;150691.836;12771.189;Agricultura, inclusive apoio à agricultura e a pós colheita;Administração, defesa, educação e saúde públicas e seguridade social;Demais serviços;6;True;96.1;0.966557;266.97;274.86;4.553764;4.4;;96.1;0.966557;266.97;274.86;4.553764;4.4;;98.7;0.987791;283.89;271.35;5.920667;5.8;;98.7;0.987791;283.89;271.35;5.920667;5.8;;99.2;0.991956;257.35;234.86;7.145494;7.1;;99.2;0.991956;257.35;234.86;7.145494;7.1;;;;;;;;;;;;;;;;;;;;;;;;;;;;;
4;Sul;41;PR;Paraná;4126207;Sapopema;183023.364;27337.32;157605.548;23540.78;153879.679;22939.73;55497.898;18013.917;32108.144;37602.746;143222.705;10656.973;Administração, defesa, educação e saúde públicas e seguridade social;Demais serviços;Agricultura, inclusive apoio à agricultura e a pós colheita;6;True;97.0;0.971208;290.77;291.05;5.130398;5.0;;97.0;0.971208;290.77;291.05;5.130398;5.0;;97.9;0.978236;265.01;265.49;5.508333;5.4;;97.9;0.978236;265.01;265.49;5.508333;5.4;;92.2;0.920905;250.4;241.18;7.12777;6.6;;92.2;0.920905;250.4;241.18;7.12777;6.6;;;;;;;;;;;;;;;;;;;;;;;;;;;;;
4;Sul;41;PR;Paraná;4126256;Sarandi;2398689.677;20249.8;2260728.693;19085.13;2072734.634;20960.43;114882.759;317348.699;948404.233;459865.945;1840501.637;232232.997;Demais serviços;Administração, defesa, educação e saúde públicas e seguridade social;Comércio e reparação de veículos automotores e motocicletas;6;True;97.3;0.980315;272.37;279.43;4.698019;4.6;;97.3;0.980315;272.37;279.43;4.698019;4.6;;99.3;0.992244;253.31;254.83;5.135667;5.1;;99.3;0.992244;253.31;254.83;5.135667;5.1;;91.5;0.915658;227.19;215.22;6.212831;5.7;;91.5;0.915658;227.19;215.22;6.212831;5.7;;;;;;;;;;;;;;;;;;;;;;;;;;;;;
4;Sul;41;PR;Paraná;4126272;Saudade do Iguaçu;1143427.458;187201.61;1161785.511;190207.19;786318.103;140967.75;53837.859;631298.944;42754.328;46562.242;774453.373;11864.729;Eletricidade e gás, água, esgoto, atividades de gestão de resíduos e descontaminação;Administração, defesa, educação e saúde públicas e seguridade social;Pecuária, inclusive apoio à pecuária;6;True;98.8;0.988585;292.07;300.82;5.294914;5.2;;98.8;0.988585;292.07;300.82;5.294914;5.2;;99.5;0.994666;268.17;269.4;5.626167;5.6;;99.5;0.994666;268.17;269.4;5.626167;5.6;;99.4;0.992562;257.12;239.48;7.225105;7.2;;99.4;0.992562;257.12;239.48;7.225105;7.2;;;;;;;;;;;;;;;;;;;;;;;;;;;;;
4;Sul;41;PR;Paraná;4126306;Sengés;690924.291;40007.2;652554.953;37785.46;664789.659;34195.24;175515.975;180896.497;155063.839;91410.905;602887.216;61902.442;Indústrias de transformação;Demais serviços;Agricultura, inclusive apoio à agricultura e a pós colheita;6;True;98.9;0.992133;269.52;273.84;4.574309;4.5;;98.9;0.992133;269.52;273.84;4.574309;4.5;;99.1;0.990925;278.6;275.72;5.905333;5.9;;99.1;0.990925;278.6;275.72;5.905333;5.9;;99.7;0.997185;266.49;246.83;7.537558;7.5;;99.7;0.997185;266.49;246.83;7.537558;7.5;;;;;;;;;;;;;;;;;;;;;;;;;;;;;
4;Sul;41;PR;Paraná;4126355;Serranópolis do Iguaçu;272573.448;54438.48;226887.872;45314.13;291329.027;65320.41;171488.981;8805.904;60183.472;33288.968;273767.325;17561.702;Agricultura, inclusive apoio à agricultura e a pós colheita;Pecuária, inclusive apoio à pecuária;Demais serviços;6;True;100.0;1.0;303.06;293.32;5.336993;5.3;;100.0;1.0;303.06;293.32;5.336993;5.3;;100.0;1.0;296.2;284.76;6.349333;6.3;;100.0;1.0;296.2;284.76;6.349333;6.3;;100.0;1.0;307.73;276.81;8.869672;8.9;;100.0;1.0;307.73;276.81;8.869672;8.9;;;;;;;;;;;;;;;;;;;;;;;;;;;;;
4;Sul;41;PR;Paraná;4126405;Sertaneja;465712.008;82925.93;371953.147;66230.97;416451.057;80879.99;215491.33;29692.939;108784.894;37480.26;391449.424;25001.633;Agricultura, inclusive apoio à agricultura e a pós colheita;Demais serviços;Administração, defesa, educação e saúde públicas e seguridade social;6;True;97.6;0.96708;275.94;286.65;4.856244;4.7;;97.6;0.96708;275.94;286.65;4.856244;4.7;;100.0;1.0;286.81;280.69;6.125;6.1;;100.0;1.0;286.81;280.69;6.125;6.1;;96.6;0.96142;287.14;258.18;8.138006;7.8;;96.6;0.96142;287.14;258.18;8.138006;7.8;;;;;;;;;;;;;;;;;;;;;;;;;;;;;
4;Sul;41;PR;Paraná;4126504;Sertanópolis;863930.912;54232.95;895876.686;56238.34;690779.648;41977.37;168693.509;86586.764;274454.114;94505.08;624239.467;66540.181;Demais serviços;Agricultura, inclusive apoio à agricultura e a pós colheita;Administração, defesa, educação e saúde públicas e seguridade social;6;True;90.6;0.91069;287.86;283.91;4.982641;4.5;;90.6;0.91069;287.86;283.91;4.982641;4.5;;98.9;0.98919;270.65;262.83;5.558;5.5;;98.9;0.98919;270.65;262.83;5.558;5.5;;95.6;0.956408;233.75;224.62;6.508931;6.2;;95.6;0.956408;233.75;224.62;6.508931;6.2;;;;;;;;;;;;;;;;;;;;;;;;;;;;;
4;Sul;41;PR;Paraná;4126603;Siqueira Campos;851120.988;37311.87;791100.326;34680.65;706556.119;32899.8;128389.161;153892.044;258335.572;103399.254;644016.03;62540.089;Demais serviços;Indústrias de transformação;Administração, defesa, educação e saúde públicas e seguridade social;6;True;95.4;0.964598;288.82;295.2;5.165137;5.0;;95.4;0.964598;288.82;295.2;5.165137;5.0;;99.3;0.993453;291.58;288.01;6.3265;6.3;;99.3;0.993453;291.58;288.01;6.3265;6.3;;95.0;0.950223;265.22;242.01;7.425685;7.1;;95.0;0.950223;265.22;242.01;7.425685;7.1;;;;;;;;;;;;;;;;;;;;;;;;;;;;;
4;Sul;41;PR;Paraná;4126652;Sulina;190979.06;55517.17;168630.84;49020.59;158519.504;55041.49;79910.315;11678.555;34939.902;22010.499;148539.271;9980.234;Pecuária, inclusive apoio à pecuária;Agricultura, inclusive apoio à agricultura e a pós colheita;Demais serviços;6;True;96.3;0.961606;294.91;292.4;5.208754;5.0;;96.3;0.961606;294.91;292.4;5.208754;5.0;;100.0;1.0;287.32;276.6;6.065333;6.1;;100.0;1.0;287.32;276.6;6.065333;6.1;;100.0;1.0;253.07;235.71;7.079269;7.1;;100.0;1.0;253.07;235.71;7.079269;7.1;;;;;;;;;;;;;;;;;;;;;;;;;;;;;
4;Sul;41;PR;Paraná;4126678;Tamarana;474596.193;44325.79;442629.257;41340.18;391581.275;25632.08;147207.086;44359.441;99022.326;74328.271;364917.124;26664.151;Agricultura, inclusive apoio à agricultura e a pós colheita;Administração, defesa, educação e saúde públicas e seguridade social;Demais serviços;6;True;97.6;0.976851;271.29;279.5;4.683899;4.6;;97.6;0.976851;271.29;279.5;4.683899;4.6;;99.7;0.997242;264.71;262.45;5.452667;5.4;;99.7;0.997242;264.71;262.45;5.452667;5.4;;97.8;0.976842;239.55;223.62;6.601436;6.4;;96.8;0.968246;239.55;223.62;6.601436;6.4;;;;;;;;;;;;;;;;;;;;;;;;;;;;;
4;Sul;41;PR;Paraná;4126702;Tamboara;184145.474;37734.73;146798.837;30081.73;126316.066;24310.25;38780.34;15284.592;32628.667;27346.278;114039.877;12276.188;Demais serviços;Agricultura, inclusive apoio à agricultura e a pós colheita;Administração, defesa, educação e saúde públicas e seguridade social;6;True;99.3;0.993585;274.7;283.29;4.788529;4.8;;99.3;0.993585;274.7;283.29;4.788529;4.8;;100.0;1.0;271.97;266.33;5.638333;5.6;;100.0;1.0;271.97;266.33;5.638333;5.6;;100.0;1.0;224.44;213.18;6.123259;6.1;;100.0;1.0;224.44;213.18;6.123259;6.1;;;;;;;;;;;;;;;;;;;;;;;;;;;;;
4;Sul;41;PR;Paraná;4126801;Tapejara;731142.879;46073.66;541077.08;34096.48;496649.622;30136.51;101722.363;109616.217;161422.617;87523.482;460284.679;36364.943;Demais serviços;Indústrias de transformação;Administração, defesa, educação e saúde públicas e seguridade social;6;True;89.9;0.920403;269.21;273.01;4.55753;4.2;;89.9;0.920403;269.21;273.01;4.55753;4.2;;98.9;0.988449;272.53;266.16;5.644833;5.6;;98.9;0.988449;272.53;266.16;5.644833;5.6;;99.7;0.996374;245.87;234.22;6.914774;6.9;;99.7;0.996374;245.87;234.22;6.914774;6.9;;;;;;;;;;;;;;;;;;;;;;;;;;;;;
4;Sul;41;PR;Paraná;4126900;Tapira;187714.218;32674.36;155538.154;27073.66;153423.045;28140.69;57914.625;9638.081;44612.859;30627.551;142793.116;10629.929;Administração, defesa, educação e saúde públicas e seguridade social;Demais serviços;Pecuária, inclusive apoio à pecuária;6;True;99.3;0.992901;267.52;277.5;4.601009;4.6;;99.3;0.992901;267.52;277.5;4.601009;4.6;;98.8;0.988606;271.82;259.36;5.519667;5.5;;98.8;0.988606;271.82;259.36;5.519667;5.5;;99.6;0.996347;231.61;221.63;6.413727;6.4;;99.6;0.996347;231.61;221.63;6.413727;6.4;;;;;;;;;;;;;;;;;;;;;;;;;;;;;
4;Sul;41;PR;Paraná;4127007;Teixeira Soares;633083.072;66312.25;595237.447;62348.11;616404.008;48303.74;389143.976;24759.445;110095.156;61096.984;585095.561;31308.447;Agricultura, inclusive apoio à agricultura e a pós colheita;Demais serviços;Administração, defesa, educação e saúde públicas e seguridade social;6;True;93.9;0.939103;287.54;287.23;5.027848;4.7;;93.9;0.939103;287.54;287.23;5.027848;4.7;;93.6;0.932031;257.55;261.58;5.318833;5.0;;93.6;0.932031;257.55;261.58;5.318833;5.0;;97.1;0.971905;243.14;232.68;6.834675;6.6;;97.1;0.971905;243.14;232.68;6.834675;6.6;;;;;;;;;;;;;;;;;;;;;;;;;;;;;
4;Sul;41;PR;Paraná;4127106;Telêmaco Borba;6409425.43;85411.18;5066785.245;67519.33;4913441.099;60969.89;297367.733;2683081.383;1180581.065;384408.086;4545438.267;368002.832;Indústrias de transformação;Demais serviços;Administração, defesa, educação e saúde públicas e seguridade social;6;True;96.6;0.96312;274.88;287.95;4.860817;4.7;;96.9;0.977186;264.6;274.31;4.512243;4.4;;99.6;0.996499;259.87;265.62;5.424833;5.4;;99.6;0.996499;259.87;265.62;5.424833;5.4;;99.0;0.989902;225.38;222.18;6.304834;6.2;;99.0;0.989902;225.38;222.18;6.304834;6.2;;;;;;;;;;;;;;;;;;;;;;;;;;;;;
4;Sul;41;PR;Paraná;4127205;Terra Boa;709922.487;40409.98;614113.855;34956.39;569416.046;32906.61;140224.044;118096.468;173994.036;93076.657;525391.205;44024.841;Demais serviços;Indústrias de transformação;Administração, defesa, educação e saúde públicas e seguridade social;6;True;95.6;0.957675;295.44;299.02;5.3153;5.1;;95.6;0.957675;295.44;299.02;5.3153;5.1;;98.4;0.982897;264.41;265.84;5.504167;5.4;;98.4;0.982897;264.41;265.84;5.504167;5.4;;99.9;0.999197;284.61;263.55;8.187359;8.2;;99.9;0.999197;284.61;263.55;8.187359;8.2;;;;;;;;;;;;;;;;;;;;;;;;;;;;;
4;Sul;41;PR;Paraná;4127304;Terra Rica;539546.294;36352.67;408197.263;27502.85;376154.902;22056.7;93883.782;45469.573;125657.559;85517.58;350528.493;25626.408;Demais serviços;Administração, defesa, educação e saúde públicas e seguridade social;Pecuária, inclusive apoio à pecuária;6;True;92.1;0.940794;286.45;285.92;4.992928;4.7;;92.1;0.940794;286.45;285.92;4.992928;4.7;;99.7;0.997481;274.17;273.33;5.791667;5.8;;99.7;0.997481;274.17;273.33;5.791667;5.8;;99.2;0.991472;234.86;219.58;6.438477;6.4;;99.2;0.991472;234.86;219.58;6.438477;6.4;;;;;;;;;;;;;;;;;;;;;;;;;;;;;
4;Sul;41;PR;Paraná;4127403;Terra Roxa;921399.935;50852.69;734804.474;40554.36;896105.258;51025.24;346675.391;91834.069;287032.031;93655.844;819197.334;76907.924;Agricultura, inclusive apoio à agricultura e a pós colheita;Demais serviços;Comércio e reparação de veículos automotores e motocicletas;6;True;99.4;0.995951;284.65;282.83;4.92139;4.9;;99.4;0.995951;284.65;282.83;4.92139;4.9;;99.6;0.996973;270.71;263.33;5.567333;5.6;;99.6;0.996973;270.71;263.33;5.567333;5.6;;98.6;0.985841;249.92;231.46;6.941882;6.8;;98.6;0.985841;249.92;231.46;6.941882;6.8;;;;;;;;;;;;;;;;;;;;;;;;;;;;;
4;Sul;41;PR;Paraná;4127502;Tibagi;1448624.415;72572.74;1683339.024;84331.4;1440059.82;69608.46;788243.754;128748.821;317181.549;121518.56;1355692.683;84367.136;Agricultura, inclusive apoio à agricultura e a pós colheita;Demais serviços;Administração, defesa, educação e saúde públicas e seguridade social;6;True;97.1;0.978692;268.77;272.54;4.544314;4.4;;97.1;0.978692;268.77;272.54;4.544314;4.4;;98.9;0.98923;250.73;249.6;5.0055;5.0;;98.9;0.98923;250.73;249.6;5.0055;5.0;;90.5;0.902333;239.88;220.22;6.545915;5.9;;90.5;0.902333;239.88;220.22;6.545915;5.9;;;;;;;;;;;;;;;;;;;;;;;;;;;;;
4;Sul;41;PR;Paraná;4127601;Tijucas do Sul;554175.374;31449.71;636632.814;36159.99;576383.832;33326.62;90338.227;138565.972;207822.625;85116.054;521842.878;54540.954;Demais serviços;Indústrias de transformação;Administração, defesa, educação e saúde públicas e seguridade social;6;True;95.0;0.952067;287.23;287.3;5.024542;4.8;;95.0;0.952067;287.23;287.3;5.024542;4.8;;94.0;0.93953;247.48;245.8;4.888;4.6;;94.0;0.93953;247.48;245.8;4.888;4.6;;97.2;0.972343;214.36;204.61;5.775074;5.6;;97.2;0.972343;214.36;204.61;5.775074;5.6;;;;;;;;;;;;;;;;;;;;;;;;;;;;;
4;Sul;41;PR;Paraná;4127700;Toledo;9508571.518;63192.47;8435404.188;56060.37;7482189.95;51743.69;856165.724;1884833.386;3121508.166;731233.847;6593741.123;888448.827;Demais serviços;Indústrias de transformação;Comércio e reparação de veículos automotores e motocicletas;6;True;97.5;0.982081;289.85;291.4;5.122717;5.0;;97.5;0.982081;289.85;291.4;5.122717;5.0;;98.7;0.986746;274.06;273.31;5.7895;5.7;;98.7;0.986746;274.06;273.31;5.7895;5.7;;98.9;0.988914;246.04;232.57;6.888018;6.8;;98.9;0.988914;246.04;232.57;6.888018;6.8;;;;;;;;;;;;;;;;;;;;;;;;;;;;;
4;Sul;41;PR;Paraná;4127809;Tomazina;350464.58;41593.23;370416.03;43961.08;324155.918;42103.64;176266.891;22257.264;68861.632;41015.271;308401.058;15754.86;Agricultura, inclusive apoio à agricultura e a pós colheita;Demais serviços;Pecuária, inclusive apoio à pecuária;6;True;98.7;0.986566;271.96;272.55;4.589267;4.5;;98.7;0.986566;271.96;272.55;4.589267;4.5;;100.0;1.0;274.9;282.59;5.958167;6.0;;100.0;1.0;274.9;282.59;5.958167;6.0;;95.9;0.958296;221.48;210.27;6.013861;5.8;;96.0;0.959779;221.48;210.27;6.013861;5.8;;;;;;;;;;;;;;;;;;;;;;;;;;;;;
4;Sul;41;PR;Paraná;4127858;Três Barras do Paraná;453549.65;40731.89;454472.276;40814.75;435955.6;36220.97;195567.531;43267.367;103508.148;67448.63;409791.676;26163.924;Agricultura, inclusive apoio à agricultura e a pós colheita;Demais serviços;Pecuária, inclusive apoio à pecuária;6;True;97.0;0.968924;276.68;267.4;4.578463;4.4;;97.0;0.968924;276.68;267.4;4.578463;4.4;;95.8;0.955657;251.62;250.44;5.034333;4.8;;95.8;0.955657;251.62;250.44;5.034333;4.8;;100.0;1.0;232.62;221.43;6.429366;6.4;;100.0;1.0;232.62;221.43;6.429366;6.4;;;;;;;;;;;;;;;;;;;;;;;;;;;;;
4;Sul;41;PR;Paraná;4127882;Tunas do Paraná;142466.834;22908.32;132829.189;21358.61;144128.876;15549.56;23875.806;25522.259;39478.903;44364.633;133241.601;10887.275;Administração, defesa, educação e saúde públicas e seguridade social;Demais serviços;Indústrias de transformação;6;True;95.3;0.952348;280.0;267.21;4.622248;4.4;;95.3;0.952348;280.0;267.21;4.622248;4.4;;98.6;0.985653;253.7;250.38;5.068;5.0;;98.6;0.985653;253.7;250.38;5.068;5.0;;98.1;0.980514;204.14;199.92;5.494763;5.4;;98.1;0.980514;204.14;199.92;5.494763;5.4;;;;;;;;;;;;;;;;;;;;;;;;;;;;;
4;Sul;41;PR;Paraná;4127908;Tuneiras do Oeste;297521.394;36881.29;238953.232;29621.08;233721.136;27490.14;102605.676;16188.414;56910.638;45741.294;221446.022;12275.114;Agricultura, inclusive apoio à agricultura e a pós colheita;Administração, defesa, educação e saúde públicas e seguridade social;Demais serviços;6;True;95.0;0.948368;260.29;267.17;4.344824;4.1;;95.0;0.948368;260.29;267.17;4.344824;4.1;;99.5;0.995227;257.87;262.34;5.336833;5.3;;99.5;0.995227;257.87;262.34;5.336833;5.3;;100.0;1.0;230.97;221.18;6.393332;6.4;;100.0;1.0;230.97;221.18;6.393332;6.4;;;;;;;;;;;;;;;;;;;;;;;;;;;;;
4;Sul;41;PR;Paraná;4127957;Tupãssi;520417.306;64432.01;441146.933;54617.67;431426.64;53229.69;175514.736;22906.807;145443.867;50160.263;394025.673;37400.967;Agricultura, inclusive apoio à agricultura e a pós colheita;Demais serviços;Comércio e reparação de veículos automotores e motocicletas;6;True;96.6;0.966881;276.81;281.52;4.791666;4.6;;96.6;0.966881;276.81;281.52;4.791666;4.6;;98.4;0.982615;271.36;266.81;5.636167;5.5;;98.4;0.982615;271.36;266.81;5.636167;5.5;;99.6;0.995368;266.49;239.68;7.407558;7.4;;99.6;0.995368;266.49;239.68;7.407558;7.4;;;;;;;;;;;;;;;;;;;;;;;;;;;;;
4;Sul;41;PR;Paraná;4127965;Turvo;697870.372;49038.74;633523.561;44517.15;601621.885;46360.63;162254.584;186097.82;131716.039;69751.971;549820.414;51801.471;Indústrias de transformação;Agricultura, inclusive apoio à agricultura e a pós colheita;Demais serviços;6;True;96.0;0.958258;293.55;297.81;5.270641;5.1;;96.0;0.958258;293.55;297.81;5.270641;5.1;;99.6;0.996973;280.86;274.04;5.915;5.9;;99.6;0.996973;280.86;274.04;5.915;5.9;;95.9;0.959896;235.39;226.62;6.576592;6.3;;96.0;0.961263;235.39;226.62;6.576592;6.3;;;;;;;;;;;;;;;;;;;;;;;;;;;;;
4;Sul;41;PR;Paraná;4128005;Ubiratã;2129921.863;86060.93;1740504.258;70326.25;1713942.145;82365.43;448938.742;437129.654;549034.571;120404.726;1555507.693;158434.452;Demais serviços;Agricultura, inclusive apoio à agricultura e a pós colheita;Indústrias de transformação;6;True;95.9;0.958925;286.58;292.46;5.092658;4.9;;95.9;0.958925;286.58;292.46;5.092658;4.9;;99.3;0.993491;278.96;277.48;5.940667;5.9;;99.3;0.993491;278.96;277.48;5.940667;5.9;;99.9;0.999197;270.85;244.45;7.577491;7.6;;99.9;0.999197;270.85;244.45;7.577491;7.6;;;;;;;;;;;;;;;;;;;;;;;;;;;;;
4;Sul;41;PR;Paraná;4128104;Umuarama;5096996.048;43528.72;4402397.329;37596.8;4103610.112;36181.93;152985.036;689552.075;2241975.786;535494.866;3620007.763;483602.349;Demais serviços;Comércio e reparação de veículos automotores e motocicletas;Administração, defesa, educação e saúde públicas e seguridade social;6;True;96.3;0.962152;285.71;292.05;5.074301;4.9;;96.8;0.972328;277.34;285.06;4.852104;4.7;;99.7;0.996749;268.16;270.13;5.638167;5.6;;99.7;0.996749;268.16;270.13;5.638167;5.6;;96.8;0.969273;233.43;223.05;6.474278;6.3;;96.8;0.969273;233.43;223.05;6.474278;6.3;;;;;;;;;;;;;;;;;;;;;;;;;;;;;
4;Sul;41;PR;Paraná;4128203;União da Vitória;2223372.504;40400.71;1976995.629;35923.82;1959155.034;33605.87;107958.742;506839.652;866309.824;282873.721;1763981.94;195173.093;Demais serviços;Indústrias de transformação;Administração, defesa, educação e saúde públicas e seguridade social;7;True;96.6;0.974463;284.59;290.08;5.02908;4.9;;96.4;0.972903;282.16;286.72;4.944651;4.8;;99.3;0.99274;260.19;260.86;5.350833;5.3;;99.3;0.99274;260.19;260.86;5.350833;5.3;;99.4;0.994385;243.49;235.07;6.884808;6.8;;99.4;0.994385;243.49;235.07;6.884808;6.8;;97.6;0.977375;305.69;319.22;5.761656;5.6;;;;;;;;;;;;;;;;;;;;;;
4;Sul;41;PR;Paraná;4128302;Uniflor;131664.6;61640.73;103628.464;48515.2;99878.239;38077.86;55560.406;4388.05;17309.286;18747.714;96005.456;3872.784;Agricultura, inclusive apoio à agricultura e a pós colheita;Administração, defesa, educação e saúde públicas e seguridade social;Demais serviços;6;True;100.0;1.0;273.36;268.63;4.550247;4.6;;100.0;1.0;273.36;268.63;4.550247;4.6;;100.0;1.0;270.7;265.47;5.602833;5.6;;100.0;1.0;270.7;265.47;5.602833;5.6;;97.3;0.975258;235.63;212.05;6.316263;6.2;;97.3;0.975258;235.63;212.05;6.316263;6.2;;;;;;;;;;;;;;;;;;;;;;;;;;;;;
4;Sul;41;PR;Paraná;4128401;Uraí;395052.698;37963.93;346336.417;33282.38;367845.614;32746.87;138593.175;40601.403;109925.563;56607.611;345727.753;22117.861;Agricultura, inclusive apoio à agricultura e a pós colheita;Demais serviços;Administração, defesa, educação e saúde públicas e seguridade social;6;True;95.1;0.948012;287.83;297.82;5.190454;4.9;;95.1;0.948012;287.83;297.82;5.190454;4.9;;97.4;0.975127;263.17;267.01;5.503;5.4;;97.4;0.975127;263.17;267.01;5.503;5.4;;95.4;0.957465;227.64;212.92;6.1796;5.9;;95.4;0.957465;227.64;212.92;6.1796;5.9;;;;;;;;;;;;;;;;;;;;;;;;;;;;;
4;Sul;41;PR;Paraná;4128500;Wenceslau Braz;767255.933;39986.24;845345.347;44055.94;711220.509;36740.39;162752.632;56342.486;325491.15;91625.399;636211.666;75008.843;Demais serviços;Agricultura, inclusive apoio à agricultura e a pós colheita;Comércio e reparação de veículos automotores e motocicletas;6;True;100.0;1.0;271.32;282.8;4.733721;4.7;;100.0;1.0;271.32;282.8;4.733721;4.7;;99.8;0.997745;279.23;282.65;6.031333;6.0;;99.8;0.997745;279.23;282.65;6.031333;6.0;;95.9;0.96031;252.9;238.11;7.119661;6.8;;95.9;0.96031;252.9;238.11;7.119661;6.8;;;;;;;;;;;;;;;;;;;;;;;;;;;;;
4;Sul;41;PR;Paraná;4128534;Ventania;378783.843;39126.52;397255.008;41034.5;347602.648;28336.4;162343.219;17863.555;81218.495;62643.086;324068.355;23534.293;Agricultura, inclusive apoio à agricultura e a pós colheita;Administração, defesa, educação e saúde públicas e seguridade social;Demais serviços;6;True;98.4;0.984448;269.11;269.6;4.505077;4.4;;98.4;0.984448;269.11;269.6;4.505077;4.4;;98.2;0.981376;250.81;258.95;5.162667;5.1;;98.2;0.981376;250.81;258.95;5.162667;5.1;;92.8;0.929436;232.24;224.29;6.474114;6.0;;92.8;0.929436;232.24;224.29;6.474114;6.0;;;;;;;;;;;;;;;;;;;;;;;;;;;;;
4;Sul;41;PR;Paraná;4128559;Vera Cruz do Oeste;335606.889;40852.94;290769.14;35394.9;341108.333;40661.38;173533.942;12069.114;91301.521;44296.358;321200.935;19907.398;Agricultura, inclusive apoio à agricultura e a pós colheita;Demais serviços;Administração, defesa, educação e saúde públicas e seguridade social;6;True;98.5;0.989606;271.68;281.87;4.724855;4.7;;98.5;0.989606;271.68;281.87;4.724855;4.7;;100.0;1.0;256.89;265.95;5.380667;5.4;;100.0;1.0;256.89;265.95;5.380667;5.4;;98.6;0.985122;221.87;217.22;6.147668;6.1;;98.6;0.985122;221.87;217.22;6.147668;6.1;;;;;;;;;;;;;;;;;;;;;;;;;;;;;
4;Sul;41;PR;Paraná;4128609;Verê;606828.158;76503.8;535581.803;67521.66;499727.511;70443.69;196795.647;56873.067;161876.474;41315.92;456861.108;42866.403;Agricultura, inclusive apoio à agricultura e a pós colheita;Demais serviços;Pecuária, inclusive apoio à pecuária;6;True;94.2;0.954717;293.74;294.1;5.217771;5.0;;94.2;0.954717;293.74;294.1;5.217771;5.0;;98.5;0.986144;268.97;275.19;5.736;5.7;;98.5;0.986144;268.97;275.19;5.736;5.7;;100.0;1.0;242.54;227.2;6.723588;6.7;;100.0;1.0;242.54;227.2;6.723588;6.7;;;;;;;;;;;;;;;;;;;;;;;;;;;;;
4;Sul;41;PR;Paraná;4128625;Alto Paraíso;147760.207;48366.68;118377.253;38748.69;113661.355;43217.25;53554.239;6565.825;21954.135;25564.188;107638.387;6022.968;Pecuária, inclusive apoio à pecuária;Administração, defesa, educação e saúde públicas e seguridade social;Demais serviços;6;True;98.2;0.980816;274.33;268.95;4.568661;4.5;;98.2;0.980816;274.33;268.95;4.568661;4.5;;100.0;1.0;255.39;250.81;5.103333;5.1;;100.0;1.0;255.39;250.81;5.103333;5.1;;97.6;0.975298;223.04;225.32;6.317269;6.2;;97.6;0.975298;223.04;225.32;6.317269;6.2;;;;;;;;;;;;;;;;;;;;;;;;;;;;;
4;Sul;41;PR;Paraná;4128633;Doutor Ulysses;116147.313;20387.45;98491.114;17288.24;99207.086;17956.03;47423.674;2353.651;15144.175;31658.154;96579.653;2627.432;Administração, defesa, educação e saúde públicas e seguridade social;Agricultura, inclusive apoio à agricultura e a pós colheita;Produção florestal, pesca e aquicultura;6;True;95.6;0.956555;269.85;262.32;4.406488;4.2;;95.6;0.956555;269.85;262.32;4.406488;4.2;;99.7;0.996973;240.03;256.77;4.946667;4.9;;99.7;0.996973;240.03;256.77;4.946667;4.9;;98.9;0.989776;201.86;196.08;5.381434;5.3;;98.9;0.989776;201.86;196.08;5.381434;5.3;;;;;;;;;;;;;;;;;;;;;;;;;;;;;
4;Sul;41;PR;Paraná;4128658;Virmond;241579.027;63389.93;203542.243;53409.14;189727.713;46834.78;85232.742;21429.194;44878.183;25156.176;176696.295;13031.418;Agricultura, inclusive apoio à agricultura e a pós colheita;Demais serviços;Administração, defesa, educação e saúde públicas e seguridade social;6;True;99.2;0.992901;305.2;304.06;5.527827;5.5;;99.2;0.992901;305.2;304.06;5.527827;5.5;;99.0;0.991681;292.68;278.93;6.1935;6.1;;99.0;0.991681;292.68;278.93;6.1935;6.1;;95.6;0.963652;283.24;254.89;8.00376;7.7;;95.6;0.963652;283.24;254.89;8.00376;7.7;;;;;;;;;;;;;;;;;;;;;;;;;;;;;
4;Sul;41;PR;Paraná;4128708;Vitorino;631024.629;65013.87;520196.38;53595.34;498333.695;72442.75;175237.684;43169.908;192138.444;37093.951;447639.987;50693.708;Agricultura, inclusive apoio à agricultura e a pós colheita;Comércio e reparação de veículos automotores e motocicletas;Demais serviços;6;True;97.7;0.978586;272.01;274.01;4.611826;4.5;;97.7;0.978586;272.01;274.01;4.611826;4.5;;99.7;0.996463;251.61;242.05;4.894333;4.9;;99.7;0.996463;251.61;242.05;4.894333;4.9;;100.0;1.0;245.19;231.52;6.852706;6.9;;100.0;1.0;245.19;231.52;6.852706;6.9;;;;;;;;;;;;;;;;;;;;;;;;;;;;;
4;Sul;41;PR;Paraná;4128807;Xambrê;138497.562;23887.13;110372.996;19036.39;119630.566;21423.81;40874.525;10466.94;29382.968;31975.067;112699.499;6931.067;Administração, defesa, educação e saúde públicas e seguridade social;Demais serviços;Pecuária, inclusive apoio à pecuária;6;True;98.1;0.984536;261.02;276.23;4.490705;4.4;;98.1;0.984536;261.02;276.23;4.490705;4.4;;100.0;1.0;274.03;273.8;5.797167;5.8;;100.0;1.0;274.03;273.8;5.797167;5.8;;98.7;0.987432;215.85;211.63;5.931146;5.9;;98.7;0.987432;215.85;211.63;5.931146;5.9;;;;;;;;;;;;;;;;;;;;;;;;;;;;;
