region_code;region_name;state_code;state_abbr;state_name;city_code;city_name;gdp_2023_current_prices_thousand_reais;gdp_per_capita_2023_current_reais;gdp_2022_current_prices_thousand_reais;gdp_per_capita_2022_current_reais;gdp_2021_current_prices_thousand_reais;gdp_per_capita_2021_current_reais;gross_value_added_agriculture_2021_current_prices_thousand_reais;gross_value_added_industry_2021_current_prices_thousand_reais;gross_value_added_services_2021_current_prices_thousand_reais;gross_value_added_public_administration_2021_current_prices_thousand_reais;gross_value_added_total_2021_current_prices_thousand_reais;taxes_less_subsidies_2021_current_prices_thousand_reais;main_economic_activity_2021;second_main_economic_activity_2021;third_main_economic_activity_2021;total_school_records;has_any_school_record;approval_rate_publica_medio_todos_1_4;performance_indicator_publica_medio_todos_1_4;saeb_math_score_publica_medio_todos_1_4;saeb_portuguese_score_publica_medio_todos_1_4;saeb_standardized_average_score_publica_medio_todos_1_4;ideb_publica_medio_todos_1_4;ideb_projection_publica_medio_todos_1_4;approval_rate_estadual_medio_todos_1_4;performance_indicator_estadual_medio_todos_1_4;saeb_math_score_estadual_medio_todos_1_4;saeb_portuguese_score_estadual_medio_todos_1_4;saeb_standardized_average_score_estadual_medio_todos_1_4;ideb_estadual_medio_todos_1_4;ideb_projection_estadual_medio_todos_1_4;approval_rate_municipal_fundamental_finais_6_9;performance_indicator_municipal_fundamental_finais_6_9;saeb_math_score_municipal_fundamental_finais_6_9;saeb_portuguese_score_municipal_fundamental_finais_6_9;saeb_standardized_average_score_municipal_fundamental_finais_6_9;ideb_municipal_fundamental_finais_6_9;ideb_projection_municipal_fundamental_finais_6_9;approval_rate_publica_fundamental_finais_6_9;performance_indicator_publica_fundamental_finais_6_9;saeb_math_score_publica_fundamental_finais_6_9;saeb_portuguese_score_publica_fundamental_finais_6_9;saeb_standardized_average_score_publica_fundamental_finais_6_9;ideb_publica_fundamental_finais_6_9;ideb_projection_publica_fundamental_finais_6_9;approval_rate_publica_fundamental_iniciais_1_5;performance_indicator_publica_fundamental_iniciais_1_5;saeb_math_score_publica_fundamental_iniciais_1_5;saeb_portuguese_score_publica_fundamental_iniciais_1_5;saeb_standardized_average_score_publica_fundamental_iniciais_1_5;ideb_publica_fundamental_iniciais_1_5;ideb_projection_publica_fundamental_iniciais_1_5;approval_rate_municipal_fundamental_iniciais_1_5;performance_indicator_municipal_fundamental_iniciais_1_5;saeb_math_score_municipal_fundamental_iniciais_1_5;saeb_portuguese_score_municipal_fundamental_iniciais_1_5;saeb_standardized_average_score_municipal_fundamental_iniciais_1_5;ideb_municipal_fundamental_iniciais_1_5;ideb_projection_municipal_fundamental_iniciais_1_5;approval_rate_estadual_fundamental_finais_6_9;performance_indicator_estadual_fundamental_finais_6_9;saeb_math_score_estadual_fundamental_finais_6_9;saeb_portuguese_score_estadual_fundamental_finais_6_9;saeb_standardized_average_score_estadual_fundamental_finais_6_9;ideb_estadual_fundamental_finais_6_9;ideb_projection_estadual_fundamental_finais_6_9;approval_rate_estadual_fundamental_iniciais_1_5;performance_indicator_estadual_fundamental_iniciais_1_5;saeb_math_score_estadual_fundamental_iniciais_1_5;saeb_portuguese_score_estadual_fundamental_iniciais_1_5;saeb_standardized_average_score_estadual_fundamental_iniciais_1_5;ideb_estadual_fundamental_iniciais_1_5;ideb_projection_estadual_fundamental_iniciais_1_5;approval_rate_federal_fundamental_iniciais_1_5;performance_indicator_federal_fundamental_iniciais_1_5;saeb_math_score_federal_fundamental_iniciais_1_5;saeb_portuguese_score_federal_fundamental_iniciais_1_5;saeb_standardized_average_score_federal_fundamental_iniciais_1_5;ideb_federal_fundamental_iniciais_1_5;ideb_projection_federal_fundamental_iniciais_1_5;approval_rate_federal_medio_todos_1_4;performance_indicator_federal_medio_todos_1_4;saeb_math_score_federal_medio_todos_1_4;saeb_portuguese_score_federal_medio_todos_1_4;saeb_standardized_average_score_federal_medio_todos_1_4;ideb_federal_medio_todos_1_4;ideb_projection_federal_medio_todos_1_4
2;Nordeste;24;RN;Rio Grande do Norte;2400109;Acari;195828.116;18479.58;173700.041;16391.44;141991.931;12785.15;17168.872;8761.905;41690.199;63154.107;130775.084;11216.847;Administração, defesa, educação e saúde públicas e seguridade social;Demais serviços;Pecuária, inclusive apoio à pecuária;7;True;88.6;0.886455;263.72;265.33;4.365453;3.9;;88.6;0.886455;263.72;265.33;4.365453;3.9;;95.7;0.957934;225.64;240.81;4.440833;4.3;;92.4;0.92449;247.01;250.31;4.955333;4.6;;99.8;0.99839;228.93;223.04;6.388219;6.4;;99.8;0.99839;228.93;223.04;6.388219;6.4;;90.1;0.901394;257.3;254.89;5.203167;4.7;;;;;;;;;;;;;;;;;;;;;;
2;Nordeste;24;RN;Rio Grande do Norte;2400208;Açu;2170177.264;38412.94;2146108.39;37982.87;1467561.99;24982.76;35044.132;483175.739;518976.745;330938.934;1368135.55;99426.44;Indústrias extrativas;Demais serviços;Administração, defesa, educação e saúde públicas e seguridade social;8;True;79.2;0.800615;250.5;257.46;4.061964;3.3;;79.2;0.800615;250.5;257.46;4.061964;3.3;;77.5;0.790424;234.5;241.78;4.604667;3.6;;77.9;0.786514;236.04;241.49;4.6255;3.6;;94.1;0.941375;191.34;185.33;4.985216;4.7;;94.1;0.941087;191.02;185.09;4.974745;4.7;;78.6;0.780069;236.81;241.35;4.636;3.6;;93.1;0.946422;194.8;187.9;5.097974;4.8;;;;;;;;;;;;;;;
2;Nordeste;24;RN;Rio Grande do Norte;2400307;Afonso Bezerra;160921.097;14846.49;193262.64;17830.3;138262.051;12541.91;8877.799;21455.315;28611.588;73058.876;132003.577;6258.473;Administração, defesa, educação e saúde públicas e seguridade social;Demais serviços;Construção;6;True;;;;;;;;;;;;;;;86.2;0.863346;221.94;222.67;4.076833;3.5;;89.6;0.89817;217.52;225.59;4.051833;3.6;;96.8;0.969436;181.34;166.19;4.446376;4.3;;97.6;0.976085;174.84;162.31;4.251785;4.2;;93.2;0.9346;215.41;226.98;4.039833;3.8;;93.9;0.940223;203.6;179.48;5.112822;4.8;;;;;;;;;;;;;;;
2;Nordeste;24;RN;Rio Grande do Norte;2400406;Água Nova;42554.072;14444.7;37808.694;12833.91;34552.095;10492.59;1135.124;1000.937;8886.842;22038.278;33061.182;1490.912;Administração, defesa, educação e saúde públicas e seguridade social;Demais serviços;Comércio e reparação de veículos automotores e motocicletas;4;True;92.5;0.932888;271.27;292.14;4.872839;4.5;;92.5;0.932888;271.27;292.14;4.872839;4.5;;94.9;0.949377;254.28;251.21;5.0915;4.8;;94.9;0.949377;254.28;251.21;5.0915;4.8;;;;;;;;;;;;;;;;;;;;;;;;;;;;;;;;;;;;;;;;;;;
2;Nordeste;24;RN;Rio Grande do Norte;2400505;Alexandria;209116.995;15331.16;178559.142;13090.85;150788.602;11145.58;6759.887;3026.819;58179.665;72752.262;140718.632;10069.97;Administração, defesa, educação e saúde públicas e seguridade social;Demais serviços;Comércio e reparação de veículos automotores e motocicletas;7;True;74.3;0.748605;264.9;284.5;4.669002;3.5;;74.3;0.748605;264.9;284.5;4.669002;3.5;;73.1;0.712919;233.76;233.5;4.454333;3.2;;80.6;0.804056;236.05;243.53;4.659667;3.7;;95.7;0.957686;194.04;189.19;5.106924;4.9;;95.7;0.957686;194.04;189.19;5.106924;4.9;;84.2;0.8413;237.14;248.29;4.757167;4.0;;;;;;;;;;;;;;;;;;;;;;
2;Nordeste;24;RN;Rio Grande do Norte;2400604;Almino Afonso;68328.729;14578.35;61041.514;13023.58;50061.102;10685.4;2673.071;2238.398;12955.675;29925.13;47792.274;2268.828;Administração, defesa, educação e saúde públicas e seguridade social;Demais serviços;Comércio e reparação de veículos automotores e motocicletas;7;True;90.0;0.895913;267.3;272.27;4.519626;4.0;;90.0;0.895913;267.3;272.27;4.519626;4.0;;;;;;;;;86.6;0.86208;229.58;229.79;4.322833;3.7;;96.6;0.966463;203.64;187.79;5.264676;5.1;;96.9;0.971775;194.16;180.67;4.954305;4.8;;86.6;0.86208;229.58;229.79;4.322833;3.7;;96.2;0.948414;213.7;195.36;5.594297;5.3;;;;;;;;;;;;;;;
2;Nordeste;24;RN;Rio Grande do Norte;2400703;Alto do Rodrigues;902783.049;72315.21;792175.921;63455.3;616322.331;41300.16;21237.096;304515.088;141516.24;109153.277;576421.701;39900.63;Indústrias extrativas;Demais serviços;Administração, defesa, educação e saúde públicas e seguridade social;6;True;77.4;0.78544;256.3;264.59;4.250161;3.3;;77.4;0.78544;256.3;264.59;4.250161;3.3;;96.8;0.968088;247.91;260.28;5.1365;5.0;;96.8;0.968088;247.91;260.28;5.1365;5.0;;96.8;0.966885;222.91;221.37;6.242969;6.0;;96.8;0.966885;222.91;221.37;6.242969;6.0;;;;;;;;;;;;;;;;;;;;;;;;;;;;;
2;Nordeste;24;RN;Rio Grande do Norte;2400802;Angicos;257919.437;22173.27;214392.795;18431.29;180163.149;15405.14;6313.769;6847.368;78364.365;71610.555;163136.056;17027.093;Administração, defesa, educação e saúde públicas e seguridade social;Demais serviços;Comércio e reparação de veículos automotores e motocicletas;8;True;77.0;0.775023;251.5;258.91;4.097716;3.2;;77.0;0.775023;251.5;258.91;4.097716;3.2;;83.8;0.849251;252.84;247.64;5.008;4.3;;87.5;0.877942;243.67;242.6;4.771167;4.2;;92.6;0.921774;200.87;192.91;5.304904;4.9;;91.7;0.891792;193.4;187.76;5.068711;4.5;;93.6;0.929358;234.8;237.73;4.542167;4.2;;93.9;0.944417;207.32;197.35;5.508723;5.2;;;;;;;;;;;;;;;
2;Nordeste;24;RN;Rio Grande do Norte;2400901;Antônio Martins;79463.801;12082.07;70796.769;10764.3;65524.996;9148.98;3496.661;2869.552;15338.859;40750.864;62455.935;3069.061;Administração, defesa, educação e saúde públicas e seguridade social;Demais serviços;Comércio e reparação de veículos automotores e motocicletas;7;True;86.3;0.861029;254.52;266.39;4.252108;3.7;;86.3;0.861029;254.52;266.39;4.252108;3.7;;66.5;0.71213;259.07;268.01;5.451333;3.9;;72.4;0.736254;244.61;254.43;4.984;3.7;;83.6;0.84428;201.29;183.96;5.150192;4.3;;81.6;0.814927;196.69;186.23;5.103679;4.2;;;;;;;;;92.3;0.928489;211.0;179.16;5.248225;4.9;;;;;;;;;;;;;;;
2;Nordeste;24;RN;Rio Grande do Norte;2401008;Apodi;941920.331;26239.53;895177.54;24801.28;709585.968;19763.42;65974.569;168018.971;229537.839;191888.015;655419.394;54166.574;Administração, defesa, educação e saúde públicas e seguridade social;Demais serviços;Indústrias extrativas;8;True;88.9;0.905301;297.89;296.89;5.317824;4.8;;86.3;0.86561;279.95;276.71;4.763762;4.1;;83.3;0.833668;251.82;258.24;5.167667;4.3;;86.3;0.862542;238.9;243.0;4.698333;4.1;;95.9;0.95884;208.8;207.12;5.714604;5.5;;96.8;0.967676;211.24;209.16;5.79826;5.6;;88.4;0.880913;232.5;235.46;4.466;3.9;;92.5;0.932031;204.38;203.42;5.56298;5.2;;;;;;;;;;;;;;;
2;Nordeste;24;RN;Rio Grande do Norte;2401107;Areia Branca;1089647.398;45226.72;1218377.47;50569.77;935968.204;33242.23;18115.834;388192.989;273952.973;176058.25;856320.046;79648.158;Indústrias extrativas;Demais serviços;Administração, defesa, educação e saúde públicas e seguridade social;8;True;75.6;0.765693;256.25;268.41;4.306645;3.3;;75.6;0.765693;256.25;268.41;4.306645;3.3;;75.1;0.75124;227.32;230.06;4.289667;3.2;;76.4;0.765373;229.77;234.85;4.410333;3.4;;93.5;0.932801;198.51;195.78;5.312048;5.0;;93.8;0.936887;198.32;195.22;5.29824;5.0;;80.2;0.800183;236.13;247.29;4.723667;3.8;;91.9;0.909844;199.41;198.42;5.377223;4.9;;;;;;;;;;;;;;;
2;Nordeste;24;RN;Rio Grande do Norte;2401206;Arês;471283.907;35565.91;440357.608;33232.03;386630.977;26616.48;92346.845;82343.139;74999.436;94452.495;344141.914;42489.062;Administração, defesa, educação e saúde públicas e seguridade social;Indústrias de transformação;Produção florestal, pesca e aquicultura;4;True;76.7;0.772007;240.82;252.2;3.847267;3.0;;76.7;0.772007;240.82;252.2;3.847267;3.0;;;;;;;;;;;;;;;;85.3;0.844906;182.67;173.11;4.597576;3.9;;84.8;0.837743;182.67;173.11;4.597576;3.9;;;;;;;;;;;;;;;;;;;;;;;;;;;;;
2;Nordeste;24;RN;Rio Grande do Norte;2401305;Campo Grande;136391.199;14017.6;119802.037;12296.22;105354.051;10876.94;10855.642;3783.999;30122.507;55107.521;99869.669;5484.382;Administração, defesa, educação e saúde públicas e seguridade social;Demais serviços;Pecuária, inclusive apoio à pecuária;6;True;69.4;0.708873;246.27;246.98;3.845668;2.7;;69.4;0.708873;246.27;246.98;3.845668;2.7;;70.3;0.685023;234.68;235.44;4.502;3.1;;68.8;0.676847;233.06;231.51;4.4095;3.0;;95.2;0.95058;204.33;197.1;5.447117;5.2;;96.2;0.958452;214.14;205.4;5.785239;5.5;;;;;;;;;;;;;;;;;;;;;;;;;;;;;
2;Nordeste;24;RN;Rio Grande do Norte;2401404;Baía Formosa;335923.178;38064.95;276105.191;31290.25;325030.343;34677.3;74900.749;97476.555;64389.848;56159.422;292926.573;32103.77;Agricultura, inclusive apoio à agricultura e a pós colheita;Administração, defesa, educação e saúde públicas e seguridade social;Demais serviços;4;True;;;;;;;;;;;;;;;84.7;0.853952;238.89;251.04;4.832167;4.1;;86.9;0.869873;241.81;247.16;4.816167;4.2;;90.6;0.902011;211.36;195.77;5.557095;5.0;;90.6;0.902011;211.36;195.77;5.557095;5.0;;;;;;;;;;;;;;;;;;;;;;;;;;;;;
2;Nordeste;24;RN;Rio Grande do Norte;2401453;Baraúna;991164.144;36828.45;783898.839;29147.72;746395.219;25638.75;73460.591;197064.01;189702.883;183388.345;643615.828;102779.39;Administração, defesa, educação e saúde públicas e seguridade social;Demais serviços;Indústrias extrativas;6;True;70.7;0.724588;260.22;261.95;4.265697;3.1;;70.7;0.724588;260.22;261.95;4.265697;3.1;;77.5;0.78273;250.28;266.84;5.285333;4.1;;77.9;0.786386;250.28;266.84;5.285333;4.2;;96.2;0.962352;202.28;194.3;5.357085;5.2;;96.3;0.963654;202.28;194.3;5.357085;5.2;;;;;;;;;;;;;;;;;;;;;;;;;;;;;
2;Nordeste;24;RN;Rio Grande do Norte;2401503;Barcelona;63583.271;15951.65;55407.707;13900.58;45863.612;11497.52;1592.787;1789.771;10445.962;30481.322;44309.842;1553.77;Administração, defesa, educação e saúde públicas e seguridade social;Demais serviços;Eletricidade e gás, água, esgoto, atividades de gestão de resíduos e descontaminação;6;True;84.9;0.852403;251.06;243.07;3.85441;3.3;;84.9;0.852403;251.06;243.07;3.85441;3.3;;87.3;0.866056;237.08;229.18;4.437667;3.8;;87.3;0.866056;237.08;229.18;4.437667;3.8;;93.7;0.941329;198.83;185.53;5.131791;4.8;;93.7;0.941329;198.83;185.53;5.131791;4.8;;;;;;;;;;;;;;;;;;;;;;;;;;;;;
2;Nordeste;24;RN;Rio Grande do Norte;2401602;Bento Fernandes;128584.398;26749.41;120352.733;25036.97;88428.907;15927.4;5427.73;31440.674;10397.536;38549.263;85815.203;2613.704;Administração, defesa, educação e saúde públicas e seguridade social;Eletricidade e gás, água, esgoto, atividades de gestão de resíduos e descontaminação;Demais serviços;6;True;80.3;0.814796;243.78;251.38;3.876564;3.2;;80.3;0.814796;243.78;251.38;3.876564;3.2;;;;;;;;;67.5;0.681719;216.37;217.83;3.903333;2.7;;86.2;0.858936;171.23;160.28;4.145983;3.6;;86.2;0.858936;171.23;160.28;4.145983;3.6;;87.7;0.882687;216.42;219.67;3.934833;3.5;;;;;;;;;;;;;;;;;;;;;;
2;Nordeste;24;RN;Rio Grande do Norte;2401651;Bodó;240166.494;104148.52;229572.112;99554.25;286573.534;132000.71;4083.008;246251.382;9464.74;24181.025;283980.155;2593.38;Eletricidade e gás, água, esgoto, atividades de gestão de resíduos e descontaminação;Administração, defesa, educação e saúde públicas e seguridade social;Demais serviços;2;True;;;;;;;;;;;;;;;;;;;;;;;;;;;;;92.5;0.919633;199.78;206.33;5.528103;5.1;;92.5;0.919633;199.78;206.33;5.528103;5.1;;;;;;;;;;;;;;;;;;;;;;;;;;;;;
2;Nordeste;24;RN;Rio Grande do Norte;2401701;Bom Jesus;140518.808;14119.66;130762.865;13139.36;109335.973;10591.49;5411.066;4441.048;33612.289;57970.042;101434.444;7901.529;Administração, defesa, educação e saúde públicas e seguridade social;Demais serviços;Comércio e reparação de veículos automotores e motocicletas;6;True;;;;;;;;;;;;;;;78.2;0.795819;219.55;225.33;4.081333;3.2;;78.7;0.795772;225.34;230.31;4.260833;3.4;;93.9;0.939054;189.16;179.13;4.830885;4.5;;91.3;0.914589;184.87;173.51;4.646833;4.2;;80.6;0.806082;242.72;245.26;4.799667;3.9;;99.5;0.994898;197.44;189.97;5.185992;5.2;;;;;;;;;;;;;;;
2;Nordeste;24;RN;Rio Grande do Norte;2401800;Brejinho;168163.439;13781.63;165970.233;13601.89;139463.466;10833.8;4170.434;5022.409;45048.186;74582.371;128823.4;10640.066;Administração, defesa, educação e saúde públicas e seguridade social;Demais serviços;Comércio e reparação de veículos automotores e motocicletas;8;True;83.4;0.841276;260.93;256.9;4.20007;3.5;;83.4;0.841276;260.93;256.9;4.20007;3.5;;95.1;0.951427;224.22;220.57;4.079833;3.9;;94.0;0.939372;220.95;218.81;3.996;3.8;;98.1;0.978742;191.85;178.28;4.866767;4.8;;98.0;0.977454;177.84;163.16;4.324491;4.2;;91.6;0.911325;215.65;215.97;3.860333;3.5;;98.2;0.98158;214.12;202.3;5.728494;5.6;;;;;;;;;;;;;;;
2;Nordeste;24;RN;Rio Grande do Norte;2401859;Caiçara do Norte;119610.708;19006.95;115654.94;18378.35;112176.1;17068.79;15685.665;17590.537;25457.967;43210.175;101944.344;10231.756;Administração, defesa, educação e saúde públicas e seguridade social;Demais serviços;Eletricidade e gás, água, esgoto, atividades de gestão de resíduos e descontaminação;6;True;;;;;;;;;;;;;;;73.5;0.72302;218.72;232.44;4.186;3.0;;78.3;0.782683;228.54;237.21;4.429167;3.5;;85.6;0.851162;181.59;171.06;4.539693;3.9;;85.8;0.843974;181.2;179.93;4.693523;4.0;;81.8;0.816615;233.26;239.51;4.546167;3.7;;82.9;0.829;182.16;158.23;4.317298;3.6;;;;;;;;;;;;;;;
2;Nordeste;24;RN;Rio Grande do Norte;2401909;Caiçara do Rio do Vento;474184.27;145099.23;197691.974;60493.26;60456.128;16143.16;1982.511;13543.896;13342.961;28012.18;56881.548;3574.58;Administração, defesa, educação e saúde públicas e seguridade social;Eletricidade e gás, água, esgoto, atividades de gestão de resíduos e descontaminação;Demais serviços;5;True;;;;;;;;;;;;;;;;;;;;;;85.3;0.859819;234.48;238.6;4.551333;3.9;;94.2;0.936244;178.96;173.34;4.530956;4.2;;95.0;0.944514;184.5;183.2;4.815954;4.5;;92.2;0.92376;238.76;244.67;4.723833;4.4;;92.7;0.919234;172.96;162.66;4.222271;3.9;;;;;;;;;;;;;;;
2;Nordeste;24;RN;Rio Grande do Norte;2402006;Caicó;1735797.344;28387.75;1598738.702;26146.25;1394837.913;20295.64;54394.044;80878.963;687109.745;392190.273;1214573.026;180264.888;Demais serviços;Administração, defesa, educação e saúde públicas e seguridade social;Comércio e reparação de veículos automotores e motocicletas;8;True;82.0;0.849338;300.11;304.05;5.456189;4.6;;77.4;0.786644;272.86;279.05;4.699213;3.7;;93.4;0.935812;245.76;242.0;4.796;4.5;;88.4;0.882752;243.92;242.1;4.767;4.2;;97.2;0.973627;205.3;198.99;5.499992;5.4;;97.2;0.972979;201.86;194.62;5.354888;5.2;;83.4;0.823772;242.09;242.19;4.738;3.9;;97.3;0.975405;222.91;221.36;6.242788;6.1;;;;;;;;;;;;;;;
2;Nordeste;24;RN;Rio Grande do Norte;2402105;Campo Redondo;131974.604;12919.69;120903.453;11835.87;106965.093;9413.46;2431.343;4588.656;22889.934;73374.654;103284.587;3680.506;Administração, defesa, educação e saúde públicas e seguridade social;Demais serviços;Comércio e reparação de veículos automotores e motocicletas;6;True;82.4;0.831478;262.79;261.77;4.299098;3.6;;82.4;0.831478;262.79;261.77;4.299098;3.6;;89.7;0.89326;236.71;243.26;4.666167;4.2;;91.1;0.908449;236.5;244.56;4.684333;4.3;;97.4;0.971349;197.25;190.91;5.199457;5.1;;97.4;0.971349;197.25;190.91;5.199457;5.1;;;;;;;;;;;;;;;;;;;;;;;;;;;;;
2;Nordeste;24;RN;Rio Grande do Norte;2402204;Canguaretama;615957.002;20761.66;639754.569;21563.79;605672.818;17397.39;194644.878;16405.111;146734.331;197509.814;555294.134;50378.683;Administração, defesa, educação e saúde públicas e seguridade social;Produção florestal, pesca e aquicultura;Demais serviços;7;True;83.3;0.855045;278.26;290.03;4.939427;4.2;;78.3;0.791411;249.09;252.68;3.970604;3.1;;71.5;0.72532;232.82;238.55;4.522833;3.3;;73.6;0.744552;231.87;235.61;4.458;3.3;;92.1;0.921808;197.34;186.06;5.112992;4.7;;92.1;0.921808;197.34;186.06;5.112992;4.7;;83.2;0.829222;227.43;221.93;4.156;3.4;;;;;;;;;;;;;;;;;;;;;;
2;Nordeste;24;RN;Rio Grande do Norte;2402303;Caraúbas;540233.236;27543.25;538285.186;27495.8;373656.696;18149.25;22127.094;89197.103;114030.818;125133.375;350488.389;23168.307;Administração, defesa, educação e saúde públicas e seguridade social;Demais serviços;Indústrias extrativas;8;True;88.7;0.89002;267.33;269.75;4.482323;4.0;;88.7;0.89002;267.33;269.75;4.482323;4.0;;84.2;0.839762;232.91;240.97;4.564667;3.8;;88.8;0.886252;245.64;248.96;4.91;4.4;;96.5;0.966172;194.61;188.57;5.106529;4.9;;96.8;0.967355;196.96;191.2;5.199195;5.0;;96.1;0.960008;254.94;254.8;5.162333;5.0;;95.8;0.964928;192.54;186.25;5.024844;4.8;;;;;;;;;;;;;;;
2;Nordeste;24;RN;Rio Grande do Norte;2402402;Carnaúba dos Dantas;150901.648;18881.59;142819.83;17874.82;118371.83;14266.82;3911.502;12551.877;41701.937;49044.006;107209.322;11162.507;Administração, defesa, educação e saúde públicas e seguridade social;Demais serviços;Comércio e reparação de veículos automotores e motocicletas;7;True;87.9;0.893419;269.41;270.24;4.518872;4.0;;87.9;0.893419;269.41;270.24;4.518872;4.0;;95.5;0.951103;248.35;232.37;4.678667;4.4;;92.5;0.924908;242.12;230.85;4.5495;4.2;;98.9;0.989583;223.28;197.04;5.807667;5.7;;98.9;0.989583;223.28;197.04;5.807667;5.7;;86.8;0.847885;232.57;228.51;4.351333;3.7;;;;;;;;;;;;;;;;;;;;;;
2;Nordeste;24;RN;Rio Grande do Norte;2402501;Carnaubais;231816.498;23864.16;302477.902;31138.35;210948.098;19226.04;12107.016;74994.434;47258.148;69034.801;203394.399;7553.7;Indústrias extrativas;Administração, defesa, educação e saúde públicas e seguridade social;Demais serviços;8;True;84.2;0.867628;262.98;259.44;4.266886;3.7;;84.2;0.867628;262.98;259.44;4.266886;3.7;;78.9;0.778622;244.35;246.05;4.84;3.8;;81.7;0.810031;246.02;249.12;4.919;4.0;;90.8;0.909057;210.94;212.87;5.859989;5.3;;90.3;0.900016;204.23;214.39;5.759572;5.2;;88.4;0.877024;247.43;251.7;4.9855;4.4;;92.1;0.930821;219.19;211.0;5.983432;5.6;;;;;;;;;;;;;;;
2;Nordeste;24;RN;Rio Grande do Norte;2402600;Ceará-Mirim;1260346.024;15930.56;1186373.576;14995.56;1002193.003;13494.28;74458.109;45712.035;365315.116;419271.709;904756.969;97436.034;Administração, defesa, educação e saúde públicas e seguridade social;Demais serviços;Comércio e reparação de veículos automotores e motocicletas;8;True;73.5;0.765725;266.24;268.57;4.449349;3.4;;71.8;0.727415;248.37;249.81;3.917528;2.8;;72.7;0.727957;222.61;231.15;4.229333;3.1;;76.1;0.760035;225.04;232.39;4.2905;3.3;;89.6;0.897018;183.82;180.26;4.749523;4.3;;89.1;0.892888;180.46;179.29;4.667764;4.2;;80.7;0.804964;227.84;233.82;4.361;3.5;;91.4;0.918398;188.19;181.52;4.855829;4.5;;;;;;;;;;;;;;;
2;Nordeste;24;RN;Rio Grande do Norte;2402709;Cerro Corá;225342.136;20485.65;171108.267;15555.3;140410.065;12556.79;22925.26;5740.577;31221.209;69138.57;129025.616;11384.449;Administração, defesa, educação e saúde públicas e seguridade social;Demais serviços;Agricultura, inclusive apoio à agricultura e a pós colheita;7;True;79.2;0.805537;257.02;259.28;4.180783;3.4;;79.2;0.805537;257.02;259.28;4.180783;3.4;;77.9;0.777685;223.39;224.45;4.130667;3.2;;80.8;0.806673;234.38;233.28;4.461;3.6;;95.6;0.956703;202.85;202.3;5.513418;5.3;;95.9;0.959045;202.85;202.3;5.513418;5.3;;88.4;0.87099;251.01;246.63;4.960667;4.3;;;;;;;;;;;;;;;;;;;;;;
2;Nordeste;24;RN;Rio Grande do Norte;2402808;Coronel Ezequiel;65459.563;12792.57;58595.523;11451.15;52505.974;9544.81;3831.034;1596.365;10733.041;34364.015;50524.456;1981.518;Administração, defesa, educação e saúde públicas e seguridade social;Demais serviços;Pecuária, inclusive apoio à pecuária;5;True;;;;;;;;;;;;;;;79.0;0.797692;224.91;231.27;4.269667;3.4;;79.7;0.79561;222.79;230.43;4.220333;3.4;;95.5;0.954976;192.34;180.32;4.913209;4.7;;95.5;0.954976;192.34;180.32;4.913209;4.7;;82.5;0.781611;216.08;227.76;4.064;3.2;;;;;;;;;;;;;;;;;;;;;;
2;Nordeste;24;RN;Rio Grande do Norte;2402907;Coronel João Pessoa;54170.236;12785.04;46989.109;11090.18;48166.228;9793.87;2480.776;1156.419;9921.51;33139.714;46698.42;1467.808;Administração, defesa, educação e saúde públicas e seguridade social;Demais serviços;Pecuária, inclusive apoio à pecuária;6;True;75.3;0.765939;277.98;274.25;4.699267;3.6;;75.3;0.765939;277.98;274.25;4.699267;3.6;;73.0;0.703524;253.03;250.6;5.0605;3.6;;73.0;0.703524;253.03;250.6;5.0605;3.6;;92.3;0.921419;183.22;180.48;4.742072;4.4;;92.3;0.921419;183.22;180.48;4.742072;4.4;;;;;;;;;;;;;;;;;;;;;;;;;;;;;
2;Nordeste;24;RN;Rio Grande do Norte;2403004;Cruzeta;154741.95;19330.66;141939.998;17731.42;123140.711;15454.41;19906.398;7914.382;36105.33;48023.664;111949.774;11190.937;Administração, defesa, educação e saúde públicas e seguridade social;Demais serviços;Pecuária, inclusive apoio à pecuária;7;True;83.8;0.842333;254.88;254.35;4.076924;3.4;;83.8;0.842333;254.88;254.35;4.076924;3.4;;95.7;0.958596;256.35;250.28;5.1105;4.9;;95.9;0.95945;256.35;250.28;5.1105;4.9;;100.0;1.0;250.27;230.26;6.926743;6.9;;100.0;1.0;247.7;228.67;6.848788;6.8;;;;;;;;;100.0;1.0;253.63;232.32;7.02832;7.0;;;;;;;;;;;;;;;
2;Nordeste;24;RN;Rio Grande do Norte;2403103;Currais Novos;955846.897;23136.71;930341.595;22516.62;804224.22;17862.92;19164.341;80320.913;364932.297;252592.808;717010.36;87213.86;Administração, defesa, educação e saúde públicas e seguridade social;Demais serviços;Comércio e reparação de veículos automotores e motocicletas;7;True;90.0;0.917375;296.06;302.59;5.377451;4.9;;87.1;0.880857;263.1;274.28;4.490727;4.0;;95.0;0.951049;242.46;248.36;4.847;4.6;;94.7;0.947805;242.07;246.34;4.806833;4.6;;98.7;0.986809;211.71;203.91;5.711774;5.6;;98.6;0.985562;212.82;205.58;5.763321;5.7;;;;;;;;;100.0;1.0;199.62;185.58;5.147777;5.1;;;;;;;;;;;;;;;
2;Nordeste;24;RN;Rio Grande do Norte;2403202;Doutor Severiano;106163.588;15071.49;91968.58;13056.3;78554.809;11114.15;5558.551;1492.497;19755.442;47602.235;74408.725;4146.083;Administração, defesa, educação e saúde públicas e seguridade social;Demais serviços;Comércio e reparação de veículos automotores e motocicletas;6;True;76.0;0.754667;259.17;268.03;4.341967;3.3;;76.0;0.754667;259.17;268.03;4.341967;3.3;;94.7;0.94738;264.28;257.38;5.361;5.1;;94.7;0.94738;264.28;257.38;5.361;5.1;;98.5;0.985064;232.0;225.8;6.496988;6.4;;98.5;0.985064;232.0;225.8;6.496988;6.4;;;;;;;;;;;;;;;;;;;;;;;;;;;;;
2;Nordeste;24;RN;Rio Grande do Norte;2403251;Parnamirim;7608526.424;30107.02;7490687.894;29640.73;6845358.456;25121.5;84030.749;577661.777;3470184.449;1550432.405;5682309.38;1163049.076;Demais serviços;Comércio e reparação de veículos automotores e motocicletas;Administração, defesa, educação e saúde públicas e seguridade social;7;True;76.3;0.798449;271.78;276.22;4.641679;3.7;;74.9;0.758048;259.27;266.49;4.320318;3.3;;78.6;0.786947;241.43;244.08;4.7585;3.7;;77.5;0.775422;240.5;243.5;4.733333;3.7;;92.6;0.926465;195.99;190.02;5.159229;4.8;;92.6;0.926465;195.99;190.02;5.159229;4.8;;71.2;0.700247;235.33;240.24;4.592833;3.2;;;;;;;;;;;;;;;;;;;;;;
2;Nordeste;24;RN;Rio Grande do Norte;2403301;Encanto;75043.617;12474.01;70242.212;11675.9;62291.545;10934.1;3252.606;2314.155;15738.785;38366.46;59672.005;2619.54;Administração, defesa, educação e saúde públicas e seguridade social;Demais serviços;Pecuária, inclusive apoio à pecuária;7;True;85.5;0.862389;274.16;290.43;4.887831;4.2;;85.5;0.862389;274.16;290.43;4.887831;4.2;;72.8;0.729584;255.43;259.71;5.252333;3.8;;76.8;0.769604;254.76;264.16;5.315333;4.1;;93.7;0.936453;214.06;207.43;5.820622;5.5;;93.7;0.936453;214.06;207.43;5.820622;5.5;;87.8;0.875518;253.53;272.43;5.432667;4.8;;;;;;;;;;;;;;;;;;;;;;
2;Nordeste;24;RN;Rio Grande do Norte;2403400;Equador;90161.203;16821.12;85665.852;15982.43;81975.601;13518.4;1958.988;11891.202;21594.719;40623.236;76068.144;5907.457;Administração, defesa, educação e saúde públicas e seguridade social;Demais serviços;Indústrias extrativas;6;True;73.2;0.735271;253.01;262.66;4.175061;3.1;;73.2;0.735271;253.01;262.66;4.175061;3.1;;90.5;0.899745;241.9;252.47;4.906167;4.4;;86.7;0.863975;238.27;248.6;4.781167;4.1;;97.9;0.978325;216.47;216.64;6.034069;5.9;;97.9;0.978325;216.47;216.64;6.034069;5.9;;;;;;;;;;;;;;;;;;;;;;;;;;;;;
2;Nordeste;24;RN;Rio Grande do Norte;2403509;Espírito Santo;126681.844;11928.61;113843.928;10728.86;97584.237;9326.6;4803.379;3117.344;22482.013;61582.183;91984.919;5599.318;Administração, defesa, educação e saúde públicas e seguridade social;Demais serviços;Comércio e reparação de veículos automotores e motocicletas;5;True;;;;;;;;;;;;;;;;;;;;;;79.6;0.813151;235.91;244.73;4.677333;3.8;;84.4;0.842845;174.39;164.81;4.288652;3.6;;84.6;0.838958;179.0;169.16;4.45572;3.7;;84.1;0.826207;235.91;244.73;4.677333;3.9;;81.6;0.816;167.22;158.06;4.029092;3.3;;;;;;;;;;;;;;;
2;Nordeste;24;RN;Rio Grande do Norte;2403608;Extremoz;986507.921;16005.64;844764.589;13720.17;570417.878;19480.15;14468.523;83819.707;221907.311;190175.954;510371.494;60046.384;Administração, defesa, educação e saúde públicas e seguridade social;Demais serviços;Construção;8;True;82.2;0.826476;246.18;260.74;4.050392;3.3;;82.2;0.826476;246.18;260.74;4.050392;3.3;;81.4;0.825369;230.78;238.89;4.4945;3.7;;81.5;0.820046;231.55;239.65;4.52;3.7;;91.5;0.912018;186.08;182.01;4.824471;4.4;;91.8;0.911777;188.08;186.28;4.940275;4.5;;81.9;0.80752;232.68;240.74;4.557;3.7;;89.9;0.913048;181.32;171.84;4.548722;4.2;;;;;;;;;;;;;;;
2;Nordeste;24;RN;Rio Grande do Norte;2403707;Felipe Guerra;302413.019;48316.51;396782.042;66798.32;173824.854;28927.42;5087.498;81301.461;40754.34;42662.128;169805.428;4019.425;Indústrias extrativas;Administração, defesa, educação e saúde públicas e seguridade social;Demais serviços;7;True;94.4;0.94459;253.71;249.35;3.985641;3.8;;94.4;0.94459;253.71;249.35;3.985641;3.8;;91.1;0.916277;231.19;245.4;4.609833;4.2;;90.3;0.900573;242.5;249.81;4.871833;4.4;;96.3;0.958124;215.54;196.67;5.65323;5.4;;96.3;0.958124;215.54;196.67;5.65323;5.4;;88.5;0.897502;251.64;253.37;5.0835;4.6;;;;;;;;;;;;;;;;;;;;;;
2;Nordeste;24;RN;Rio Grande do Norte;2403756;Fernando Pedroza;61993.688;21100.64;43861.617;14929.07;39068.822;12680.57;1307.553;1768.245;10632.512;23689.474;37397.783;1671.039;Administração, defesa, educação e saúde públicas e seguridade social;Demais serviços;Comércio e reparação de veículos automotores e motocicletas;4;True;;;;;;;;;;;;;;;88.8;0.867238;217.77;223.22;4.0165;3.5;;87.1;0.864833;221.55;227.36;4.1485;3.6;;86.7;0.871486;180.69;165.31;4.417972;3.9;;85.5;0.827379;184.95;170.4;4.591815;3.8;;;;;;;;;;;;;;;;;;;;;;;;;;;;;
2;Nordeste;24;RN;Rio Grande do Norte;2403806;Florânia;152502.371;14957.08;137719.042;13507.16;120491.664;12330.3;13214.351;10284.601;32502.69;56102.56;112104.202;8387.462;Administração, defesa, educação e saúde públicas e seguridade social;Demais serviços;Pecuária, inclusive apoio à pecuária;7;True;80.8;0.814714;253.3;259.44;4.130931;3.4;;80.8;0.814714;253.3;259.44;4.130931;3.4;;;;;;;;;90.6;0.902864;228.99;244.11;4.551667;4.1;;97.3;0.973221;182.1;176.54;4.649062;4.5;;97.0;0.966761;190.56;180.45;4.881603;4.7;;89.1;0.881006;228.11;243.61;4.528667;4.0;;98.1;0.982188;173.91;172.75;4.423855;4.3;;;;;;;;;;;;;;;
2;Nordeste;24;RN;Rio Grande do Norte;2403905;Francisco Dantas;42580.021;15770.38;36903.574;13667.99;32757.665;11694.99;3206.71;1081.859;6639.542;20834.118;31762.229;995.436;Administração, defesa, educação e saúde públicas e seguridade social;Demais serviços;Pecuária, inclusive apoio à pecuária;6;True;88.5;0.888621;256.23;255.53;4.11355;3.7;;88.5;0.888621;256.23;255.53;4.11355;3.7;;;;;;;;;79.3;0.779951;252.63;261.18;5.230167;4.1;;95.7;0.952924;201.21;197.84;5.401029;5.1;;95.7;0.952924;201.21;197.84;5.401029;5.1;;85.7;0.845257;260.73;261.23;5.366;4.5;;;;;;;;;;;;;;;;;;;;;;
2;Nordeste;24;RN;Rio Grande do Norte;2404002;Frutuoso Gomes;58993.607;14311.89;52613.892;12764.17;44911.035;11185.81;2008.733;2283.759;13144.746;24771.15;42208.388;2702.647;Administração, defesa, educação e saúde públicas e seguridade social;Demais serviços;Comércio e reparação de veículos automotores e motocicletas;8;True;92.3;0.925306;252.61;263.36;4.179922;3.9;;92.3;0.925306;252.61;263.36;4.179922;3.9;;76.5;0.800373;236.83;223.62;4.340833;3.5;;85.1;0.86067;271.54;265.63;5.6195;4.8;;92.0;0.905646;209.68;186.17;5.350489;4.8;;92.3;0.892462;192.42;169.18;4.71219;4.2;;90.8;0.913504;281.87;278.15;6.000333;5.5;;91.4;0.892184;233.42;209.54;6.228451;5.6;;;;;;;;;;;;;;;
2;Nordeste;24;RN;Rio Grande do Norte;2404101;Galinhos;165672.36;78741.62;124331.886;59093.1;162615.844;56016.48;28639.717;78753.814;19905.775;26292.385;153591.691;9024.152;Eletricidade e gás, água, esgoto, atividades de gestão de resíduos e descontaminação;Produção florestal, pesca e aquicultura;Administração, defesa, educação e saúde públicas e seguridade social;6;True;81.7;0.817865;250.84;248.84;3.937698;3.2;;81.7;0.817865;250.84;248.84;3.937698;3.2;;83.8;0.844505;220.65;196.32;3.616167;3.1;;83.8;0.844505;220.65;196.32;3.616167;3.1;;97.6;0.977371;177.01;170.99;4.451015;4.4;;97.6;0.977371;177.01;170.99;4.451015;4.4;;;;;;;;;;;;;;;;;;;;;;;;;;;;;
2;Nordeste;24;RN;Rio Grande do Norte;2404200;Goianinha;646382.961;24171.98;658982.86;24643.16;546569.827;20240.33;42508.16;75316.165;199598.908;176851.905;494275.138;52294.689;Administração, defesa, educação e saúde públicas e seguridade social;Demais serviços;Comércio e reparação de veículos automotores e motocicletas;5;True;;;;;;;;;;;;;;;79.9;0.79607;226.22;231.08;4.288333;3.4;;79.1;0.7888;224.86;230.22;4.251333;3.4;;91.1;0.912916;193.8;185.74;5.039617;4.6;;91.1;0.912916;193.8;185.74;5.039617;4.6;;74.5;0.744741;218.99;226.5;4.0915;3.0;;;;;;;;;;;;;;;;;;;;;;
2;Nordeste;24;RN;Rio Grande do Norte;2404309;Governador Dix-Sept Rosado;595842.144;49936.49;600065.858;50265.19;386258.856;29451.69;33017.162;171945.783;80074.257;82795.481;367832.682;18426.174;Indústrias extrativas;Administração, defesa, educação e saúde públicas e seguridade social;Demais serviços;8;True;68.1;0.65141;260.37;261.31;4.258223;2.8;;68.1;0.65141;260.37;261.31;4.258223;2.8;;69.4;0.710753;238.85;245.4;4.7375;3.4;;72.0;0.721929;248.12;258.97;5.118167;3.7;;92.3;0.929401;186.94;180.06;4.805428;4.5;;90.7;0.915038;179.94;170.68;4.501295;4.1;;75.8;0.739793;252.33;265.14;5.291167;3.9;;100.0;1.0;206.09;205.72;5.637432;5.6;;;;;;;;;;;;;;;
2;Nordeste;24;RN;Rio Grande do Norte;2404408;Grossos;185921.039;18734.49;164487.638;16574.73;158307.973;15018.31;3781.978;28639.965;45728.183;67522.582;145672.708;12635.265;Administração, defesa, educação e saúde públicas e seguridade social;Demais serviços;Indústrias extrativas;8;True;76.8;0.770282;260.26;269.08;4.372995;3.4;;76.8;0.770282;260.26;269.08;4.372995;3.4;;76.5;0.767938;218.01;231.06;4.151167;3.2;;80.6;0.80132;229.58;241.69;4.521167;3.6;;93.9;0.940073;204.65;188.69;5.300314;5.0;;94.1;0.944161;195.0;181.87;4.992154;4.7;;86.7;0.868369;239.34;250.66;4.833333;4.2;;93.5;0.918056;221.2;200.37;5.828518;5.4;;;;;;;;;;;;;;;
2;Nordeste;24;RN;Rio Grande do Norte;2404507;Guamaré;2581922.04;168808.24;2748777.481;179717.39;2042132.536;125584.68;41292.566;1471019.516;258286.927;190762.935;1961361.945;80770.592;Indústrias de transformação;Administração, defesa, educação e saúde públicas e seguridade social;Demais serviços;6;True;72.0;0.755357;256.11;263.93;4.237613;3.2;;72.0;0.755357;256.11;263.93;4.237613;3.2;;80.9;0.811681;233.84;233.65;4.458167;3.6;;80.9;0.811681;233.84;233.65;4.458167;3.6;;92.5;0.921241;192.51;194.41;5.172635;4.8;;92.5;0.921241;192.51;194.41;5.172635;4.8;;;;;;;;;;;;;;;;;;;;;;;;;;;;;
2;Nordeste;24;RN;Rio Grande do Norte;2404606;Ielmo Marinho;168954.297;14546.22;157087.929;13524.57;140718.395;10027.68;16512.932;2968.207;28023.275;86470.097;133974.51;6743.885;Administração, defesa, educação e saúde públicas e seguridade social;Demais serviços;Pecuária, inclusive apoio à pecuária;4;True;;;;;;;;;;;;;;;67.9;0.675348;215.59;213.37;3.816;2.6;;69.0;0.689662;215.59;213.37;3.816;2.6;;92.5;0.916916;188.33;186.18;4.943228;4.5;;92.6;0.917189;188.33;186.18;4.943228;4.5;;;;;;;;;;;;;;;;;;;;;;;;;;;;;
2;Nordeste;24;RN;Rio Grande do Norte;2404705;Ipanguaçu;263824.959;18669.94;215667.32;15262.0;196498.337;12468.96;48340.661;7934.587;40825.904;86021.883;183123.036;13375.302;Administração, defesa, educação e saúde públicas e seguridade social;Demais serviços;Produção florestal, pesca e aquicultura;8;True;83.2;0.845488;287.49;295.15;5.145708;4.4;;75.9;0.772443;244.51;254.46;3.932925;3.0;;77.3;0.772781;218.67;221.04;3.995167;3.1;;78.1;0.781058;221.24;230.79;4.2005;3.3;;95.4;0.952149;189.32;186.49;4.967757;4.7;;97.5;0.973902;176.97;184.06;4.687888;4.6;;82.0;0.820187;226.09;249.16;4.5875;3.8;;84.9;0.847015;203.67;189.32;5.293067;4.5;;;;;;;;;;;;;;;
2;Nordeste;24;RN;Rio Grande do Norte;2404804;Ipueira;42669.397;20967.76;37971.338;18659.13;34928.891;15427.96;4817.159;1490.933;7639.968;19281.052;33229.113;1699.778;Administração, defesa, educação e saúde públicas e seguridade social;Demais serviços;Pecuária, inclusive apoio à pecuária;4;True;;;;;;;;;;;;;;;91.1;0.888554;273.65;258.37;5.533667;4.9;;91.1;0.888554;273.65;258.37;5.533667;4.9;;98.2;0.983151;271.29;249.8;7.683161;7.6;;98.2;0.983151;271.29;249.8;7.683161;7.6;;;;;;;;;;;;;;;;;;;;;;;;;;;;;
2;Nordeste;24;RN;Rio Grande do Norte;2404853;Itajá;179987.862;24682.92;145395.32;19939.02;99443.547;13014.47;3287.114;10197.641;32214.416;44884.997;90584.169;8859.378;Administração, defesa, educação e saúde públicas e seguridade social;Demais serviços;Comércio e reparação de veículos automotores e motocicletas;5;True;;;;;;;;;;;;;;;94.2;0.941845;206.53;210.33;3.614333;3.4;;91.5;0.914776;210.33;216.0;3.772167;3.5;;97.0;0.970818;194.88;189.34;5.125682;5.0;;97.0;0.970818;194.88;189.34;5.125682;5.0;;85.7;0.849079;218.63;228.35;4.116333;3.5;;;;;;;;;;;;;;;;;;;;;;
2;Nordeste;24;RN;Rio Grande do Norte;2404903;Itaú;90976.149;17100.78;84154.825;15818.58;73781.1;12471.45;6545.753;2925.706;22670.622;36168.354;68310.434;5470.666;Administração, defesa, educação e saúde públicas e seguridade social;Demais serviços;Comércio e reparação de veículos automotores e motocicletas;7;True;73.1;0.741492;244.87;244.0;3.781394;2.8;;73.1;0.741492;244.87;244.0;3.781394;2.8;;73.6;0.735994;242.9;250.44;4.889;3.6;;73.6;0.735994;242.9;250.44;4.889;3.6;;95.6;0.956238;204.29;197.35;5.450899;5.2;;95.8;0.95946;207.08;196.79;5.493961;5.3;;;;;;;;;95.3;0.949312;199.22;198.37;5.372688;5.1;;;;;;;;;;;;;;;
2;Nordeste;24;RN;Rio Grande do Norte;2405009;Jaçanã;100644.236;12847.11;91187.893;11640.02;86388.866;9248.35;6103.069;3671.214;19724.323;52811.789;82310.395;4078.471;Administração, defesa, educação e saúde públicas e seguridade social;Demais serviços;Comércio e reparação de veículos automotores e motocicletas;5;True;;;;;;;;;;;;;;;80.9;0.799808;257.38;262.51;5.3315;4.3;;80.8;0.816327;257.38;262.51;5.3315;4.4;;97.7;0.975292;222.92;206.22;5.967706;5.8;;96.6;0.953985;228.04;205.64;6.05487;5.8;;;;;;;;;100.0;1.0;217.69;206.81;5.878624;5.9;;;;;;;;;;;;;;;
2;Nordeste;24;RN;Rio Grande do Norte;2405108;Jandaíra;363648.175;55417.28;234017.45;35662.52;101428.753;14684.92;8303.493;3878.162;22218.021;48264.933;82664.61;18764.143;Administração, defesa, educação e saúde públicas e seguridade social;Demais serviços;Agricultura, inclusive apoio à agricultura e a pós colheita;3;True;;;;;;;;;;;;;;;;;;;;;;;;;;;;;96.4;0.961927;182.13;180.03;4.713089;4.5;;95.4;0.947345;177.36;173.4;4.501513;4.3;;;;;;;;;99.1;0.991736;192.39;194.32;5.168709;5.1;;;;;;;;;;;;;;;
2;Nordeste;24;RN;Rio Grande do Norte;2405207;Janduís;104811.848;22084.25;84487.825;17801.9;84497.183;16162.43;4413.621;24351.784;16287.133;36182.504;81235.042;3262.141;Administração, defesa, educação e saúde públicas e seguridade social;Construção;Demais serviços;8;True;82.9;0.836304;259.36;269.9;4.37263;3.7;;82.9;0.836304;259.36;269.9;4.37263;3.7;;85.8;0.827409;220.98;259.19;4.6695;3.9;;87.5;0.868908;247.21;265.71;5.215333;4.5;;96.7;0.969709;201.03;195.99;5.363958;5.2;;99.0;0.991287;189.8;184.84;4.946917;4.9;;90.0;0.897497;269.55;271.26;5.680167;5.1;;91.8;0.923208;215.83;210.68;5.913491;5.5;;;;;;;;;;;;;;;
2;Nordeste;24;RN;Rio Grande do Norte;2405306;Januário Cicco;102924.442;11980.5;96939.134;10710.32;84898.647;8189.32;3235.097;3843.262;17635.204;55623.095;80336.658;4561.989;Administração, defesa, educação e saúde públicas e seguridade social;Demais serviços;Comércio e reparação de veículos automotores e motocicletas;6;True;65.1;0.680778;251.15;249.54;3.952531;2.7;;65.1;0.680778;251.15;249.54;3.952531;2.7;;71.3;0.709206;238.57;248.59;4.786;3.4;;71.3;0.709206;238.57;248.59;4.786;3.4;;87.1;0.871068;205.36;190.88;5.353682;4.7;;87.1;0.871068;205.36;190.88;5.353682;4.7;;;;;;;;;;;;;;;;;;;;;;;;;;;;;
2;Nordeste;24;RN;Rio Grande do Norte;2405405;Japi;69177.462;13519.14;58421.372;11417.11;51546.731;10445.13;2327.261;1895.655;11356.654;34371.524;49951.094;1595.637;Administração, defesa, educação e saúde públicas e seguridade social;Demais serviços;Pecuária, inclusive apoio à pecuária;8;True;84.9;0.849976;261.18;253.16;4.147593;3.5;;84.9;0.849976;261.18;253.16;4.147593;3.5;;69.6;0.679797;231.88;241.02;4.548333;3.1;;74.5;0.73359;223.81;228.93;4.212333;3.1;;90.7;0.903323;174.36;172.82;4.433715;4.0;;89.1;0.883562;163.86;155.53;3.91897;3.5;;78.6;0.780105;217.08;218.85;3.932167;3.1;;95.8;0.959255;195.03;206.83;5.446545;5.2;;;;;;;;;;;;;;;
2;Nordeste;24;RN;Rio Grande do Norte;2405504;Jardim de Angicos;69279.968;28428.38;62530.257;25658.7;64390.78;24765.68;5032.359;27698.055;6117.561;22687.045;61535.02;2855.759;Eletricidade e gás, água, esgoto, atividades de gestão de resíduos e descontaminação;Administração, defesa, educação e saúde públicas e seguridade social;Demais serviços;4;True;80.9;0.799208;241.75;241.45;3.6994;3.0;;80.9;0.799208;241.75;241.45;3.6994;3.0;;71.8;0.730845;220.28;230.89;4.186167;3.1;;71.8;0.730845;220.28;230.89;4.186167;3.1;;;;;;;;;;;;;;;;;;;;;;;;;;;;;;;;;;;;;;;;;;;
2;Nordeste;24;RN;Rio Grande do Norte;2405603;Jardim de Piranhas;276160.76;19758.23;243966.448;17454.85;213313.206;14179.29;20914.829;21274.924;65103.463;89061.482;196354.698;16958.507;Administração, defesa, educação e saúde públicas e seguridade social;Demais serviços;Pecuária, inclusive apoio à pecuária;7;True;80.1;0.81379;282.79;279.23;4.841374;3.9;;80.1;0.81379;282.79;279.23;4.841374;3.9;;84.4;0.841991;230.32;230.89;4.3535;3.7;;84.4;0.841991;230.32;230.89;4.3535;3.7;;91.4;0.907945;203.18;186.97;5.240988;4.8;;90.1;0.885507;201.71;185.9;5.19348;4.6;;;;;;;;;96.8;0.973941;207.6;190.19;5.383885;5.2;;;;;;;;;;;;;;;
2;Nordeste;24;RN;Rio Grande do Norte;2405702;Jardim do Seridó;244663.038;20992.11;237956.457;20416.68;207991.093;16777.53;17298.793;30303.853;68528.159;71059.012;187189.817;20801.276;Administração, defesa, educação e saúde públicas e seguridade social;Demais serviços;Indústrias de transformação;8;True;88.9;0.890427;264.13;269.6;4.435133;3.9;;88.9;0.890427;264.13;269.6;4.435133;3.9;;88.7;0.885693;263.0;253.74;5.279;4.7;;89.5;0.899212;265.54;258.38;5.398667;4.9;;97.3;0.973287;229.39;208.61;6.134634;6.0;;96.3;0.962512;219.5;200.49;5.798257;5.6;;91.4;0.928262;271.3;268.91;5.670167;5.3;;100.0;1.0;248.04;223.91;6.768731;6.8;;;;;;;;;;;;;;;
2;Nordeste;24;RN;Rio Grande do Norte;2405801;João Câmara;1527021.89;45870.29;1419595.638;42643.31;1269832.854;35911.56;21379.392;712023.314;241849.751;222640.301;1197892.759;71940.095;Eletricidade e gás, água, esgoto, atividades de gestão de resíduos e descontaminação;Administração, defesa, educação e saúde públicas e seguridade social;Demais serviços;7;True;78.3;0.819555;269.13;264.51;4.42916;3.6;;74.4;0.760622;241.71;238.68;3.657371;2.8;;83.1;0.835532;199.11;210.03;3.485667;2.9;;84.0;0.840344;204.16;209.54;3.561667;3.0;;97.1;0.971502;176.49;171.19;4.444728;4.3;;97.1;0.971502;176.49;171.19;4.444728;4.3;;86.4;0.785922;209.57;209.02;3.643167;2.9;;;;;;;;;;;;;;;;;;;;;;
2;Nordeste;24;RN;Rio Grande do Norte;2405900;João Dias;33800.199;16281.41;28716.646;13832.68;27990.632;10550.56;1587.07;559.549;5316.071;19827.499;27290.189;700.443;Administração, defesa, educação e saúde públicas e seguridade social;Demais serviços;Pecuária, inclusive apoio à pecuária;6;True;92.2;0.902164;256.59;247.76;4.002288;3.6;;92.2;0.902164;256.59;247.76;4.002288;3.6;;84.6;0.838722;235.98;242.64;4.643667;3.9;;84.6;0.838722;235.98;242.64;4.643667;3.9;;85.3;0.851039;192.23;177.6;4.861655;4.1;;85.3;0.851039;192.23;177.6;4.861655;4.1;;;;;;;;;;;;;;;;;;;;;;;;;;;;;
2;Nordeste;24;RN;Rio Grande do Norte;2406007;José da Penha;88302.194;15216.65;77868.343;13418.64;67413.352;11347.14;5960.031;2133.786;17592.05;38241.467;63927.334;3486.018;Administração, defesa, educação e saúde públicas e seguridade social;Demais serviços;Pecuária, inclusive apoio à pecuária;7;True;76.4;0.781247;252.76;275.13;4.358227;3.4;;76.4;0.781247;252.76;275.13;4.358227;3.4;;78.8;0.78088;233.8;234.71;4.475167;3.5;;83.6;0.832957;243.81;249.72;4.892167;4.1;;97.3;0.97343;203.71;186.88;5.249466;5.1;;97.3;0.97343;203.71;186.88;5.249466;5.1;;92.2;0.922867;249.88;258.82;5.145;4.7;;;;;;;;;;;;;;;;;;;;;;
2;Nordeste;24;RN;Rio Grande do Norte;2406106;Jucurutu;442765.414;24884.25;391756.56;22017.45;315838.141;17225.97;36871.056;54304.954;87738.961;104650.356;283565.327;32272.814;Administração, defesa, educação e saúde públicas e seguridade social;Demais serviços;Indústrias de transformação;5;True;;;;;;;;;;;;;;;82.1;0.813984;230.83;234.54;4.422833;3.6;;83.2;0.827861;235.0;240.91;4.5985;3.8;;95.1;0.951331;195.87;190.92;5.173303;4.9;;94.6;0.945386;195.87;190.92;5.173303;4.9;;85.2;0.853584;249.73;263.42;5.219167;4.5;;;;;;;;;;;;;;;;;;;;;;
2;Nordeste;24;RN;Rio Grande do Norte;2406155;Jundiá;47290.914;12648.01;47189.315;12593.89;42146.913;10683.63;3326.133;1184.621;7499.475;29090.205;41100.435;1046.479;Administração, defesa, educação e saúde públicas e seguridade social;Demais serviços;Agricultura, inclusive apoio à agricultura e a pós colheita;2;True;;;;;;;;;;;;;;;;;;;;;;;;;;;;;87.6;0.884443;192.79;186.69;5.037615;4.5;;87.6;0.884443;192.79;186.69;5.037615;4.5;;;;;;;;;;;;;;;;;;;;;;;;;;;;;
2;Nordeste;24;RN;Rio Grande do Norte;2406205;Lagoa d'Anta;89996.361;13817.96;81851.211;12301.05;70837.262;10339.7;2179.942;2514.253;19366.89;43222.273;67283.358;3553.904;Administração, defesa, educação e saúde públicas e seguridade social;Demais serviços;Comércio e reparação de veículos automotores e motocicletas;6;True;82.1;0.835681;251.8;252.39;4.004324;3.3;;82.1;0.835681;251.8;252.39;4.004324;3.3;;;;;;;;;86.2;0.870058;226.86;228.78;4.260667;3.7;;94.8;0.943602;176.31;168.21;4.387111;4.1;;;;;;;;;94.2;0.944631;251.84;250.77;5.0435;4.8;;100.0;1.0;195.43;185.53;5.066906;5.1;;;;;;;;;;;;;;;
2;Nordeste;24;RN;Rio Grande do Norte;2406304;Lagoa de Pedras;101030.04;13768.06;90590.528;12345.4;81380.779;10674.29;9880.903;2792.564;17203.539;47813.03;77690.035;3690.743;Administração, defesa, educação e saúde públicas e seguridade social;Demais serviços;Pecuária, inclusive apoio à pecuária;7;True;73.2;0.752365;265.78;259.05;4.300373;3.2;;73.2;0.752365;265.78;259.05;4.300373;3.2;;74.0;0.732293;249.54;244.14;4.894667;3.6;;76.5;0.753163;252.79;254.65;5.124;3.9;;91.5;0.918375;163.81;164.48;4.080743;3.7;;91.5;0.918375;163.81;164.48;4.080743;3.7;;84.9;0.832238;257.51;269.88;5.4565;4.5;;;;;;;;;;;;;;;;;;;;;;
2;Nordeste;24;RN;Rio Grande do Norte;2406403;Lagoa de Velhos;48943.874;19066.57;42744.071;16651.37;38240.437;13997.23;1761.707;5958.83;7103.917;22390.807;37215.261;1025.176;Administração, defesa, educação e saúde públicas e seguridade social;Demais serviços;Construção;7;True;73.8;0.711078;245.23;222.02;3.457408;2.5;;73.8;0.711078;245.23;222.02;3.457408;2.5;;87.5;0.891084;240.74;245.14;4.764667;4.2;;87.8;0.869965;242.9;241.82;4.745333;4.1;;93.9;0.938385;171.59;164.27;4.225398;4.0;;93.9;0.938385;171.59;164.27;4.225398;4.0;;88.9;0.880256;244.17;239.88;4.734167;4.2;;;;;;;;;;;;;;;;;;;;;;
2;Nordeste;24;RN;Rio Grande do Norte;2406502;Lagoa Nova;326107.093;20940.54;291874.418;18742.34;269032.449;16941.59;15412.356;77169.613;47028.257;97120.189;236730.416;32302.033;Administração, defesa, educação e saúde públicas e seguridade social;Eletricidade e gás, água, esgoto, atividades de gestão de resíduos e descontaminação;Demais serviços;6;True;79.5;0.797371;254.0;251.99;4.029235;3.2;;79.5;0.797371;254.0;251.99;4.029235;3.2;;79.7;0.802591;263.06;258.25;5.355167;4.3;;80.2;0.804902;259.01;255.09;5.235;4.2;;97.0;0.969822;214.08;203.6;5.751367;5.6;;97.0;0.969822;214.08;203.6;5.751367;5.6;;;;;;;;;;;;;;;;;;;;;;;;;;;;;
2;Nordeste;24;RN;Rio Grande do Norte;2406601;Lagoa Salgada;124483.324;14963.74;113113.727;13597.03;94310.674;11297.4;4296.886;3545.197;26199.077;55367.081;89408.242;4902.432;Administração, defesa, educação e saúde públicas e seguridade social;Demais serviços;Comércio e reparação de veículos automotores e motocicletas;7;True;73.0;0.755017;251.71;254.99;4.041983;3.1;;73.0;0.755017;251.71;254.99;4.041983;3.1;;74.9;0.749055;236.55;239.93;4.608;3.5;;78.1;0.783249;235.94;243.6;4.659;3.6;;88.3;0.882311;188.08;173.63;4.710275;4.2;;88.7;0.884234;190.09;176.05;4.792634;4.2;;;;;;;;;86.5;0.879436;182.97;167.47;4.500756;4.0;;;;;;;;;;;;;;;
2;Nordeste;24;RN;Rio Grande do Norte;2406700;Lajes;632669.645;64126.26;230308.553;23343.66;165927.595;14542.3;3764.889;10584.95;63549.443;66485.011;144384.293;21543.302;Administração, defesa, educação e saúde públicas e seguridade social;Demais serviços;Comércio e reparação de veículos automotores e motocicletas;5;True;83.5;0.84091;280.08;286.51;4.912294;4.1;;;;;;;;;;;;;;;;90.7;0.907245;228.63;226.9;4.258833;3.9;;93.2;0.929687;192.79;179.07;4.899069;4.6;;93.8;0.936768;197.24;183.12;5.057629;4.7;;;;;;;;;89.0;0.880052;163.61;152.46;3.858381;3.4;;;;;;;;;;;;;;;
2;Nordeste;24;RN;Rio Grande do Norte;2406809;Lajes Pintadas;68289.881;14265.69;62555.854;13067.86;51593.421;10820.77;1472.637;2243.538;11903.903;34221.939;49842.016;1751.405;Administração, defesa, educação e saúde públicas e seguridade social;Demais serviços;Eletricidade e gás, água, esgoto, atividades de gestão de resíduos e descontaminação;4;True;;;;;;;;;;;;;;;;;;;;;;84.5;0.846046;238.02;234.96;4.549667;3.8;;91.9;0.916255;174.6;173.71;4.454477;4.1;;91.9;0.916255;174.6;173.71;4.454477;4.1;;98.1;0.973297;247.11;240.94;4.800833;4.7;;;;;;;;;;;;;;;;;;;;;;
2;Nordeste;24;RN;Rio Grande do Norte;2406908;Lucrécia;61081.889;17501.97;53827.379;15423.32;51509.206;12708.91;2535.495;6960.173;13375.03;25617.923;48488.621;3020.584;Administração, defesa, educação e saúde públicas e seguridade social;Demais serviços;Construção;6;True;;;;;;;;;;;;;;;81.9;0.819046;258.82;250.72;5.159;4.2;;87.3;0.877267;261.95;272.03;5.566333;4.9;;95.4;0.952836;209.57;208.16;5.748207;5.5;;93.9;0.933411;202.45;187.29;5.232875;4.9;;94.3;0.949504;264.13;286.94;5.851167;5.6;;100.0;1.0;217.0;229.98;6.286729;6.3;;;;;;;;;;;;;;;
2;Nordeste;24;RN;Rio Grande do Norte;2407005;Luís Gomes;112399.318;12392.43;97477.302;10747.22;87825.117;8631.46;1865.883;2329.536;20588.978;59670.072;84454.469;3370.648;Administração, defesa, educação e saúde públicas e seguridade social;Demais serviços;Comércio e reparação de veículos automotores e motocicletas;8;True;78.0;0.792283;258.66;268.75;4.345583;3.4;;78.0;0.792283;258.66;268.75;4.345583;3.4;;82.8;0.831689;238.83;248.0;4.7805;4.0;;80.1;0.802649;234.88;246.41;4.688167;3.8;;89.3;0.896971;214.86;195.72;5.62298;5.0;;86.7;0.869506;213.22;192.06;5.525137;4.8;;75.6;0.757333;229.52;244.25;4.562833;3.5;;99.3;0.993221;218.51;203.89;5.841182;5.8;;;;;;;;;;;;;;;
2;Nordeste;24;RN;Rio Grande do Norte;2407104;Macaíba;2455739.334;29857.38;2109144.646;25654.95;1828142.061;22071.55;36133.348;485851.117;605895.387;433167.735;1561047.587;267094.474;Demais serviços;Administração, defesa, educação e saúde públicas e seguridade social;Indústrias de transformação;8;True;80.5;0.809087;265.38;269.6;4.45269;3.6;;79.6;0.805043;244.18;248.16;3.833979;3.1;;80.9;0.815166;221.68;228.23;4.165167;3.4;;78.2;0.783922;232.97;242.02;4.583167;3.6;;93.0;0.930116;186.18;177.44;4.743288;4.4;;92.8;0.927706;185.08;175.32;4.68375;4.3;;74.3;0.739769;238.42;248.68;4.785;3.5;;95.0;0.953334;194.49;193.47;5.19333;5.0;;;;;;;;;;;;;;;
2;Nordeste;24;RN;Rio Grande do Norte;2407203;Macau;1315679.541;48071.89;1493270.989;54560.67;1111117.526;34442.58;40767.9;546975.46;290911.652;186984.654;1065639.667;45477.86;Indústrias extrativas;Demais serviços;Administração, defesa, educação e saúde públicas e seguridade social;8;True;83.7;0.853702;279.54;296.15;5.049021;4.3;;80.4;0.810081;253.31;274.17;4.35158;3.5;;88.3;0.882607;217.4;238.55;4.265833;3.8;;88.5;0.883573;227.26;240.89;4.469167;3.9;;92.7;0.927967;185.88;176.78;4.725563;4.4;;91.2;0.902483;180.94;176.34;4.623288;4.2;;88.9;0.889836;235.43;242.83;4.637667;4.1;;96.6;0.973489;194.63;177.57;4.906911;4.8;;;;;;;;;;;;;;;
2;Nordeste;24;RN;Rio Grande do Norte;2407252;Major Sales;65725.153;16749.53;56006.993;14272.93;48002.88;11702.31;2225.053;968.411;13168.475;29332.331;45694.269;2308.61;Administração, defesa, educação e saúde públicas e seguridade social;Demais serviços;Comércio e reparação de veículos automotores e motocicletas;6;True;92.9;0.888889;260.85;263.08;4.291461;3.8;;92.9;0.888889;260.85;263.08;4.291461;3.8;;64.6;0.66774;265.44;266.22;5.527667;3.7;;64.6;0.66774;265.44;266.22;5.527667;3.7;;80.4;0.809417;202.39;194.3;5.359185;4.3;;80.4;0.809417;202.39;194.3;5.359185;4.3;;;;;;;;;;;;;;;;;;;;;;;;;;;;;
2;Nordeste;24;RN;Rio Grande do Norte;2407302;Marcelino Vieira;101177.405;12813.75;92507.911;11715.79;82888.835;9956.62;9625.265;2720.172;19382.644;47215.329;78943.41;3945.425;Administração, defesa, educação e saúde públicas e seguridade social;Demais serviços;Pecuária, inclusive apoio à pecuária;8;True;81.5;0.817603;255.1;256.24;4.108308;3.4;;81.5;0.817603;255.1;256.24;4.108308;3.4;;83.1;0.823781;243.41;249.31;4.878667;4.0;;87.6;0.87524;243.15;253.77;4.948667;4.3;;94.0;0.947672;190.06;176.95;4.808425;4.6;;92.4;0.932642;160.57;159.65;3.931093;3.7;;90.9;0.909802;242.95;257.27;5.003667;4.6;;96.5;0.974313;200.35;182.98;5.114435;5.0;;;;;;;;;;;;;;;
2;Nordeste;24;RN;Rio Grande do Norte;2407401;Martins;130556.508;15962.4;125502.607;15344.49;108193.727;12308.73;2107.928;4241.286;40504.343;52391.833;99245.39;8948.337;Administração, defesa, educação e saúde públicas e seguridade social;Demais serviços;Comércio e reparação de veículos automotores e motocicletas;8;True;82.7;0.834213;254.2;267.35;4.261984;3.6;;82.7;0.834213;254.2;267.35;4.261984;3.6;;82.6;0.817898;239.17;255.82;4.9165;4.0;;85.0;0.844495;240.32;257.06;4.956333;4.2;;94.0;0.935382;217.87;217.28;6.072423;5.7;;93.2;0.923958;204.94;206.01;5.620758;5.2;;88.2;0.879781;241.58;258.4;4.999667;4.4;;97.1;0.972222;234.38;231.69;6.649499;6.5;;;;;;;;;;;;;;;
2;Nordeste;24;RN;Rio Grande do Norte;2407500;Maxaranguape;165453.695;16133.95;145542.137;14192.31;134892.056;10609.73;15015.896;5242.269;32076.435;74778.588;127113.187;7778.869;Administração, defesa, educação e saúde públicas e seguridade social;Demais serviços;Agricultura, inclusive apoio à agricultura e a pós colheita;2;True;;;;;;;;;;;;;;;;;;;;;;;;;;;;;93.2;0.933025;180.85;175.68;4.60957;4.3;;93.2;0.933025;180.85;175.68;4.60957;4.3;;;;;;;;;;;;;;;;;;;;;;;;;;;;;
2;Nordeste;24;RN;Rio Grande do Norte;2407609;Messias Targino;65325.131;15284.31;59492.917;13919.73;55529.237;11903.37;3235.301;2023.97;16791.753;29495.691;51546.715;3982.522;Administração, defesa, educação e saúde públicas e seguridade social;Demais serviços;Comércio e reparação de veículos automotores e motocicletas;7;True;82.4;0.835008;251.12;255.48;4.041031;3.4;;82.4;0.835008;251.12;255.48;4.041031;3.4;;89.6;0.894963;233.04;227.44;4.341333;3.9;;80.8;0.806197;227.51;227.91;4.257;3.4;;95.7;0.949238;203.01;193.9;5.363744;5.1;;95.0;0.933099;203.01;193.9;5.363744;5.0;;68.1;0.666902;221.97;228.38;4.1725;2.8;;;;;;;;;;;;;;;;;;;;;;
2;Nordeste;24;RN;Rio Grande do Norte;2407708;Montanhas;158962.089;13890.43;151805.541;13265.08;130282.289;11667.77;4783.639;4755.508;42403.703;67507.109;119449.959;10832.33;Administração, defesa, educação e saúde públicas e seguridade social;Demais serviços;Comércio e reparação de veículos automotores e motocicletas;7;True;63.5;0.662564;266.14;271.03;4.484771;3.0;;63.5;0.662564;266.14;271.03;4.484771;3.0;;78.2;0.785367;234.53;240.17;4.578333;3.6;;80.0;0.79773;230.2;235.23;4.423833;3.5;;91.8;0.91701;204.87;192.51;5.373967;4.9;;91.8;0.91701;204.87;192.51;5.373967;4.9;;81.9;0.797877;228.11;232.84;4.349167;3.5;;;;;;;;;;;;;;;;;;;;;;
2;Nordeste;24;RN;Rio Grande do Norte;2407807;Monte Alegre;348750.675;15142.66;325278.239;14123.5;271451.347;11959.26;14648.249;23674.248;78452.615;136182.821;252957.933;18493.415;Administração, defesa, educação e saúde públicas e seguridade social;Demais serviços;Comércio e reparação de veículos automotores e motocicletas;4;True;;;;;;;;;;;;;;;82.8;0.833541;241.32;242.54;4.731;3.9;;82.8;0.833541;241.32;242.54;4.731;3.9;;93.4;0.935374;198.56;191.27;5.231002;4.9;;93.4;0.935374;198.56;191.27;5.231002;4.9;;;;;;;;;;;;;;;;;;;;;;;;;;;;;
2;Nordeste;24;RN;Rio Grande do Norte;2407906;Monte das Gameleiras;45921.843;20176.56;37848.77;16629.51;32365.713;15688.66;1227.171;986.586;8061.377;21098.659;31373.792;991.921;Administração, defesa, educação e saúde públicas e seguridade social;Demais serviços;Eletricidade e gás, água, esgoto, atividades de gestão de resíduos e descontaminação;6;True;93.1;0.936978;261.37;269.16;4.389783;4.1;;93.1;0.936978;261.37;269.16;4.389783;4.1;;71.6;0.722697;240.94;246.19;4.7855;3.5;;71.6;0.722697;240.94;246.19;4.7855;3.5;;89.5;0.88965;185.59;174.39;4.676574;4.2;;89.5;0.88965;185.59;174.39;4.676574;4.2;;;;;;;;;;;;;;;;;;;;;;;;;;;;;
2;Nordeste;24;RN;Rio Grande do Norte;2408003;Mossoró;10323665.815;39019.51;9582884.77;36219.64;8071718.831;26569.89;184225.156;1285189.789;3766138.383;1662884.955;6898438.283;1173280.548;Demais serviços;Administração, defesa, educação e saúde públicas e seguridade social;Comércio e reparação de veículos automotores e motocicletas;8;True;78.2;0.821628;272.0;280.73;4.712284;3.9;;76.9;0.777436;261.18;272.6;4.438611;3.5;;84.0;0.842615;250.96;257.27;5.137167;4.3;;79.5;0.795506;240.71;248.83;4.825667;3.8;;94.4;0.944871;212.66;206.2;5.771541;5.5;;95.6;0.957182;215.44;210.31;5.899321;5.6;;76.4;0.761719;235.29;244.36;4.660833;3.6;;92.2;0.922953;208.31;199.77;5.571616;5.1;;;;;;;;;;;;;;;
2;Nordeste;24;RN;Rio Grande do Norte;2408102;Natal;31162042.725;41477.5;27497422.462;36599.79;24186139.008;26972.15;19997.829;2556518.418;13347894.408;4851091.233;20775501.888;3410637.12;Demais serviços;Administração, defesa, educação e saúde públicas e seguridade social;Comércio e reparação de veículos automotores e motocicletas;9;True;74.2;0.779574;269.35;274.93;4.588238;3.6;;72.6;0.733327;256.95;263.8;4.247464;3.1;;72.8;0.733688;231.07;237.21;4.471333;3.3;;74.2;0.743795;233.41;240.46;4.5645;3.4;;91.1;0.912671;193.58;187.28;5.063418;4.6;;91.0;0.911579;190.9;184.72;4.965728;4.5;;75.8;0.754925;235.38;243.2;4.643;3.5;;91.1;0.91316;199.42;192.82;5.275596;4.8;;100.0;1.0;241.54;234.33;6.83414;6.8;;;;;;;;
2;Nordeste;24;RN;Rio Grande do Norte;2408201;Nísia Floresta;573358.225;17949.98;573064.842;17940.79;474715.85;16794.59;123070.404;24344.634;119029.07;175294.146;441738.253;32977.597;Administração, defesa, educação e saúde públicas e seguridade social;Demais serviços;Produção florestal, pesca e aquicultura;6;True;77.2;0.793885;248.52;246.7;3.873077;3.1;;77.2;0.793885;248.52;246.7;3.873077;3.1;;80.2;0.799608;225.54;235.06;4.343333;3.5;;79.4;0.792447;225.54;235.06;4.343333;3.4;;94.7;0.945349;189.52;183.63;4.919574;4.7;;94.6;0.943642;189.52;183.63;4.919574;4.6;;;;;;;;;;;;;;;;;;;;;;;;;;;;;
2;Nordeste;24;RN;Rio Grande do Norte;2408300;Nova Cruz;629220.813;18396.12;631949.815;18440.86;560495.035;14925.04;16590.56;28435.758;234694.278;212905.399;492625.995;67869.04;Administração, defesa, educação e saúde públicas e seguridade social;Demais serviços;Comércio e reparação de veículos automotores e motocicletas;8;True;79.1;0.825215;286.77;291.04;5.074069;4.2;;72.4;0.738547;257.89;267.51;4.316206;3.2;;79.4;0.800621;224.91;228.17;4.218;3.4;;77.9;0.781351;226.46;231.55;4.300167;3.4;;89.3;0.893242;186.89;175.9;4.728838;4.2;;89.3;0.888913;182.13;172.46;4.575452;4.1;;73.8;0.736469;229.08;237.26;4.439;3.3;;89.2;0.8991;197.22;183.36;5.061611;4.6;;;;;;;;;;;;;;;
2;Nordeste;24;RN;Rio Grande do Norte;2408409;Olho d'Água do Borges;58971.73;15101.6;48871.067;12508.59;47532.159;11234.26;3285.022;5354.803;10287.6;26707.595;45635.02;1897.138;Administração, defesa, educação e saúde públicas e seguridade social;Demais serviços;Construção;6;True;79.2;0.797931;260.82;260.23;4.248375;3.4;;79.2;0.797931;260.82;260.23;4.248375;3.4;;76.4;0.7647;215.61;214.48;3.834833;2.9;;72.3;0.724182;234.31;240.4;4.5785;3.3;;91.5;0.928426;180.49;166.13;4.429064;4.1;;91.5;0.928426;180.49;166.13;4.429064;4.1;;;;;;;;;;;;;;;;;;;;;;;;;;;;;
2;Nordeste;24;RN;Rio Grande do Norte;2408508;Ouro Branco;80889.348;16464.35;72851.998;14828.41;61703.283;12820.13;8753.216;3205.621;15374.316;30522.782;57855.935;3847.348;Administração, defesa, educação e saúde públicas e seguridade social;Demais serviços;Pecuária, inclusive apoio à pecuária;4;True;;;;;;;;;;;;;;;76.7;0.778692;253.11;238.83;4.865667;3.8;;85.2;0.855143;259.81;251.91;5.195333;4.4;;99.7;0.996553;221.53;209.69;6.00427;6.0;;99.7;0.996553;221.53;209.69;6.00427;6.0;;;;;;;;;;;;;;;;;;;;;;;;;;;;;
2;Nordeste;24;RN;Rio Grande do Norte;2408607;Paraná;56062.115;14250.66;50385.48;12807.7;43930.329;10221.11;2526.078;829.304;9234.017;29927.872;42517.272;1413.057;Administração, defesa, educação e saúde públicas e seguridade social;Demais serviços;Pecuária, inclusive apoio à pecuária;6;True;90.3;0.897902;257.6;267.42;4.310785;3.9;;90.3;0.897902;257.6;267.42;4.310785;3.9;;;;;;;;;85.8;0.859938;250.15;263.39;5.225667;4.5;;94.3;0.941491;208.33;201.15;5.597089;5.3;;94.3;0.941491;208.33;201.15;5.597089;5.3;;90.8;0.903026;250.15;263.39;5.225667;4.7;;;;;;;;;;;;;;;;;;;;;;
2;Nordeste;24;RN;Rio Grande do Norte;2408706;Paraú;62149.621;17365.08;59380.034;16554.23;55256.393;14806.11;10097.176;2011.615;12992.36;27172.023;52273.174;2983.218;Administração, defesa, educação e saúde públicas e seguridade social;Demais serviços;Produção florestal, pesca e aquicultura;4;True;78.9;0.797684;266.47;270.69;4.484316;3.6;;78.9;0.797684;266.47;270.69;4.484316;3.6;;50.0;0.499063;225.11;232.27;4.289667;2.1;;57.2;0.566969;240.68;236.69;4.622833;2.6;;;;;;;;;;;;;;;;;;;;;;;;;;;;;;;;;;;;;;;;;;;
2;Nordeste;24;RN;Rio Grande do Norte;2408805;Parazinho;524974.343;109346.87;510446.133;106320.79;606239.324;114233.9;5511.838;528052.317;20688.059;40791.627;595043.841;11195.482;Eletricidade e gás, água, esgoto, atividades de gestão de resíduos e descontaminação;Administração, defesa, educação e saúde públicas e seguridade social;Demais serviços;7;True;81.7;0.81515;256.37;261.07;4.19845;3.4;;81.7;0.81515;256.37;261.07;4.19845;3.4;;;;;;;;;80.0;0.815331;233.92;243.04;4.616;3.8;;98.3;0.981298;196.09;181.37;5.003865;4.9;;99.5;0.993642;196.5;182.11;5.025144;5.0;;83.6;0.833651;202.51;220.03;3.709;3.1;;82.8;0.815166;194.47;178.39;4.918767;4.0;;;;;;;;;;;;;;;
2;Nordeste;24;RN;Rio Grande do Norte;2408904;Parelhas;473775.24;22037.08;423937.489;19718.94;368923.531;17071.1;12580.402;63401.392;137529.524;124957.321;338468.639;30454.892;Administração, defesa, educação e saúde públicas e seguridade social;Demais serviços;Comércio e reparação de veículos automotores e motocicletas;9;True;84.7;0.867619;283.62;287.35;4.974588;4.3;;83.3;0.835493;261.13;263.84;4.306771;3.6;;89.2;0.893769;246.71;242.38;4.818167;4.3;;88.3;0.883348;248.75;244.39;4.885667;4.3;;96.4;0.964992;214.26;197.97;5.652439;5.5;;95.3;0.954426;199.32;181.28;5.06387;4.8;;87.8;0.876693;249.9;245.52;4.923667;4.3;;97.7;0.977291;230.21;215.8;6.28101;6.1;;;;;;;;;86.8;0.868904;304.67;309.35;5.599575;4.9;
2;Nordeste;24;RN;Rio Grande do Norte;2408953;Rio do Fogo;207249.129;20022.14;211825.095;20464.22;185589.707;16931.82;32817.326;31176.144;35591.525;76527.091;176112.086;9477.621;Administração, defesa, educação e saúde públicas e seguridade social;Demais serviços;Eletricidade e gás, água, esgoto, atividades de gestão de resíduos e descontaminação;6;True;75.7;0.761625;253.62;258.63;4.123299;3.1;;75.7;0.761625;253.62;258.63;4.123299;3.1;;75.4;0.747897;234.38;227.51;4.364833;3.3;;75.4;0.747897;234.38;227.51;4.364833;3.3;;85.3;0.848582;173.87;161.32;4.215273;3.6;;85.3;0.848582;173.87;161.32;4.215273;3.6;;;;;;;;;;;;;;;;;;;;;;;;;;;;;
2;Nordeste;24;RN;Rio Grande do Norte;2409100;Passa e Fica;179581.905;16175.64;171298.979;15721.27;152321.706;11145.22;3064.784;7012.207;49064.485;82094.364;141235.841;11085.865;Administração, defesa, educação e saúde públicas e seguridade social;Demais serviços;Comércio e reparação de veículos automotores e motocicletas;7;True;78.5;0.792542;259.18;254.92;4.14585;3.3;;78.5;0.792542;259.18;254.92;4.14585;3.3;;;;;;;;;93.1;0.930693;247.93;252.55;5.008;4.7;;94.9;0.95067;196.71;192.22;5.212969;5.0;;94.8;0.948856;199.0;193.88;5.286854;5.0;;98.4;0.985023;246.06;254.7;5.012667;4.9;;95.5;0.961527;189.3;186.87;4.974285;4.8;;;;;;;;;;;;;;;
2;Nordeste;24;RN;Rio Grande do Norte;2409209;Passagem;46582.613;14954.29;52291.552;16787.02;46128.001;14813.1;2107.876;1795.805;15809.563;24885.606;44598.85;1529.152;Administração, defesa, educação e saúde públicas e seguridade social;Demais serviços;Pecuária, inclusive apoio à pecuária;6;True;85.0;0.847507;262.78;255.39;4.203448;3.6;;85.0;0.847507;262.78;255.39;4.203448;3.6;;68.3;0.675764;237.81;247.31;4.752;3.2;;68.3;0.675764;237.81;247.31;4.752;3.2;;97.0;0.969064;181.34;177.72;4.656012;4.5;;97.0;0.969064;181.34;177.72;4.656012;4.5;;;;;;;;;;;;;;;;;;;;;;;;;;;;;
2;Nordeste;24;RN;Rio Grande do Norte;2409308;Patu;198145.746;18001.79;182565.375;16583.28;160911.859;12511.61;5482.45;6372.336;64954.388;70133.689;146942.862;13968.997;Administração, defesa, educação e saúde públicas e seguridade social;Demais serviços;Comércio e reparação de veículos automotores e motocicletas;8;True;76.3;0.780272;261.14;260.19;4.252271;3.3;;76.3;0.780272;261.14;260.19;4.252271;3.3;;79.4;0.802312;259.44;260.79;5.337167;4.3;;78.9;0.791969;252.14;250.69;5.047167;4.0;;94.1;0.944758;214.92;204.74;5.788125;5.5;;93.0;0.932825;211.66;203.71;5.707184;5.3;;77.8;0.753255;241.98;236.64;4.643667;3.5;;97.3;0.973615;222.06;207.02;5.965839;5.8;;;;;;;;;;;;;;;
2;Nordeste;24;RN;Rio Grande do Norte;2409332;Santa Maria;89728.667;18512.21;86696.008;17886.53;78031.177;13716.15;3376.161;2107.032;29354.066;36402.277;71239.537;6791.64;Administração, defesa, educação e saúde públicas e seguridade social;Demais serviços;Comércio e reparação de veículos automotores e motocicletas;4;True;;;;;;;;;;;;;;;77.9;0.780498;221.37;244.44;4.430167;3.5;;83.1;0.832395;231.36;245.38;4.612333;3.8;;88.3;0.87213;185.28;175.95;4.699022;4.1;;88.3;0.87213;185.28;175.95;4.699022;4.1;;;;;;;;;;;;;;;;;;;;;;;;;;;;;
2;Nordeste;24;RN;Rio Grande do Norte;2409407;Pau dos Ferros;827724.015;27157.19;798632.228;26202.7;709328.018;23028.64;9011.985;38729.634;389067.933;175825.948;612635.501;96692.517;Demais serviços;Administração, defesa, educação e saúde públicas e seguridade social;Comércio e reparação de veículos automotores e motocicletas;8;True;89.9;0.905682;309.72;314.43;5.74655;5.2;;83.4;0.844246;280.3;284.31;4.88245;4.1;;87.5;0.878028;259.01;258.08;5.284833;4.6;;86.1;0.859771;245.4;255.19;5.009833;4.3;;98.3;0.982991;205.93;198.84;5.509287;5.4;;99.2;0.991292;198.64;194.09;5.283802;5.2;;85.6;0.853089;242.36;254.54;4.948333;4.2;;97.5;0.976822;210.12;201.56;5.638704;5.5;;;;;;;;;;;;;;;
2;Nordeste;24;RN;Rio Grande do Norte;2409506;Pedra Grande;325404.924;89940.55;243846.273;67398.09;293282.636;92722.93;7182.781;213403.147;18822.285;33888.265;273296.478;19986.158;Eletricidade e gás, água, esgoto, atividades de gestão de resíduos e descontaminação;Administração, defesa, educação e saúde públicas e seguridade social;Demais serviços;4;True;91.6;0.914239;258.45;254.36;4.127214;3.8;;91.6;0.914239;258.45;254.36;4.127214;3.8;;79.3;0.792828;236.19;230.84;4.4505;3.5;;79.3;0.792828;236.19;230.84;4.4505;3.5;;;;;;;;;;;;;;;;;;;;;;;;;;;;;;;;;;;;;;;;;;;
2;Nordeste;24;RN;Rio Grande do Norte;2409605;Pedra Preta;65239.901;26726.71;43026.181;17626.46;36126.388;14934.43;3507.45;808.092;6584.966;22803.685;33704.192;2422.196;Administração, defesa, educação e saúde públicas e seguridade social;Demais serviços;Pecuária, inclusive apoio à pecuária;4;True;;;;;;;;;;;;;;;83.4;0.837601;220.84;219.23;4.001167;3.4;;83.4;0.837601;220.84;219.23;4.001167;3.4;;92.9;0.922063;180.96;180.06;4.691306;4.3;;92.9;0.922063;180.96;180.06;4.691306;4.3;;;;;;;;;;;;;;;;;;;;;;;;;;;;;
2;Nordeste;24;RN;Rio Grande do Norte;2409704;Pedro Avelino;282103.497;45194.41;98424.136;15768.04;79993.776;12136.82;4114.502;2806.796;17561.872;49394.86;73878.029;6115.747;Administração, defesa, educação e saúde públicas e seguridade social;Demais serviços;Pecuária, inclusive apoio à pecuária;4;True;;;;;;;;;;;;;;;;;;;;;;73.4;0.73519;220.12;224.19;4.071833;3.0;;91.3;0.913282;170.34;163.19;4.181907;3.8;;91.0;0.907519;170.64;164.58;4.212905;3.8;;;;;;;;;92.6;0.92455;169.42;158.94;4.087077;3.8;;;;;;;;;;;;;;;
2;Nordeste;24;RN;Rio Grande do Norte;2409803;Pedro Velho;200896.313;14532.43;178730.213;12928.98;173615.156;11666.9;17036.096;6916.283;41798.806;99184.68;164935.865;8679.29;Administração, defesa, educação e saúde públicas e seguridade social;Demais serviços;Agricultura, inclusive apoio à agricultura e a pós colheita;7;True;83.9;0.842948;236.17;235.32;3.529263;3.0;;83.9;0.842948;236.17;235.32;3.529263;3.0;;;;;;;;;77.7;0.781108;229.62;237.59;4.4535;3.5;;92.9;0.933895;178.82;168.33;4.437194;4.1;;91.5;0.920676;173.76;156.02;4.116811;3.8;;88.6;0.884372;223.23;226.59;4.163667;3.7;;96.0;0.959564;184.29;181.65;4.783765;4.6;;;;;;;;;;;;;;;
2;Nordeste;24;RN;Rio Grande do Norte;2409902;Pendências;668529.569;54449.39;695059.202;56610.13;757490.693;49152.6;277388.133;223524.738;104514.042;98121.244;703548.157;53942.536;Produção florestal, pesca e aquicultura;Indústrias extrativas;Administração, defesa, educação e saúde públicas e seguridade social;8;True;72.6;0.73579;254.57;263.51;4.209696;3.1;;72.6;0.73579;254.57;263.51;4.209696;3.1;;80.2;0.792599;232.23;232.04;4.4045;3.5;;87.2;0.867091;243.49;248.3;4.863167;4.2;;95.5;0.955133;181.98;177.63;4.66659;4.5;;95.7;0.953179;181.5;173.89;4.58943;4.4;;93.8;0.936039;251.29;259.55;5.180667;4.8;;93.9;0.931871;184.09;194.01;5.004675;4.7;;;;;;;;;;;;;;;
2;Nordeste;24;RN;Rio Grande do Norte;2410009;Pilões;50550.428;17049.05;43979.336;14832.83;41828.534;10725.27;1845.768;1289.694;11231.146;25144.876;39511.483;2317.051;Administração, defesa, educação e saúde públicas e seguridade social;Demais serviços;Comércio e reparação de veículos automotores e motocicletas;8;True;84.8;0.855042;262.11;259.14;4.250176;3.6;;84.8;0.855042;262.11;259.14;4.250176;3.6;;84.7;0.840809;240.25;245.08;4.7555;4.0;;83.2;0.830283;244.21;249.81;4.900333;4.1;;94.2;0.940137;194.07;183.41;5.002406;4.7;;94.9;0.949325;179.36;178.99;4.641317;4.4;;80.6;0.808005;254.24;261.79;5.267167;4.3;;93.2;0.922471;218.58;190.78;5.604154;5.2;;;;;;;;;;;;;;;
2;Nordeste;24;RN;Rio Grande do Norte;2410108;Poço Branco;161103.111;13002.67;143410.716;11574.71;131859.278;8427.67;11691.255;5353.475;23997.562;85973.112;127015.404;4843.875;Administração, defesa, educação e saúde públicas e seguridade social;Demais serviços;Pecuária, inclusive apoio à pecuária;7;True;90.9;0.920974;246.17;248.49;3.866868;3.6;;90.9;0.920974;246.17;248.49;3.866868;3.6;;85.0;0.8561;207.17;212.83;3.666667;3.1;;84.8;0.850984;204.7;207.34;3.534;3.0;;86.5;0.871904;170.86;168.28;4.284376;3.7;;86.5;0.871904;170.86;168.28;4.284376;3.7;;80.0;0.8;192.12;179.35;2.857833;2.3;;;;;;;;;;;;;;;;;;;;;;
2;Nordeste;24;RN;Rio Grande do Norte;2410207;Portalegre;99832.084;13134.07;91230.225;12002.4;78932.905;9936.17;2476.408;6033.081;21020.343;45522.71;75052.542;3880.363;Administração, defesa, educação e saúde públicas e seguridade social;Demais serviços;Comércio e reparação de veículos automotores e motocicletas;8;True;81.0;0.821071;263.94;265.9;4.377076;3.6;;81.0;0.821071;263.94;265.9;4.377076;3.6;;76.2;0.771704;260.69;265.91;5.443333;4.2;;77.9;0.786893;258.5;262.43;5.348833;4.2;;94.7;0.943898;201.92;200.96;5.471306;5.2;;94.6;0.942593;199.63;195.16;5.322149;5.0;;86.3;0.866404;253.28;254.14;5.123667;4.4;;97.1;0.978442;217.02;239.3;6.456565;6.3;;;;;;;;;;;;;;;
2;Nordeste;24;RN;Rio Grande do Norte;2410256;Porto do Mangue;170408.791;32595.41;172748.491;33042.94;149471.167;22630.0;7666.047;59725.136;31045.599;44488.208;142924.99;6546.177;Indústrias extrativas;Administração, defesa, educação e saúde públicas e seguridade social;Demais serviços;6;True;89.6;0.896211;242.28;251.3;3.854299;3.5;;89.6;0.896211;242.28;251.3;3.854299;3.5;;82.7;0.827757;238.48;244.91;4.723167;3.9;;82.7;0.827757;238.48;244.91;4.723167;3.9;;95.4;0.948008;190.96;190.6;5.073782;4.8;;95.4;0.948008;190.96;190.6;5.073782;4.8;;;;;;;;;;;;;;;;;;;;;;;;;;;;;
2;Nordeste;24;RN;Rio Grande do Norte;2410306;Serra Caiada;150412.555;14000.98;137082.301;13538.99;109305.752;10267.31;5396.693;7403.88;26789.746;62405.544;101995.864;7309.888;Administração, defesa, educação e saúde públicas e seguridade social;Demais serviços;Comércio e reparação de veículos automotores e motocicletas;5;True;;;;;;;;;;;;;;;65.4;0.662357;229.89;231.04;4.348833;2.9;;67.3;0.675061;234.23;236.65;4.514667;3.0;;92.9;0.931596;179.93;174.11;4.563468;4.3;;92.9;0.931596;179.93;174.11;4.563468;4.3;;75.8;0.75044;244.89;250.38;4.921167;3.7;;;;;;;;;;;;;;;;;;;;;;
2;Nordeste;24;RN;Rio Grande do Norte;2410405;Pureza;182888.696;19535.22;136763.971;14608.41;169428.175;17244.6;66327.448;4919.58;24359.026;63397.078;159003.132;10425.043;Administração, defesa, educação e saúde públicas e seguridade social;Agricultura, inclusive apoio à agricultura e a pós colheita;Demais serviços;6;True;;;;;;;;;;;;;;;85.6;0.861385;224.64;213.81;3.974167;3.4;;86.3;0.868225;224.84;218.16;4.05;3.5;;90.8;0.909567;172.47;171.21;4.368374;4.0;;89.9;0.902469;171.0;170.34;4.324502;3.9;;88.9;0.891312;225.24;226.54;4.196333;3.7;;95.5;0.954426;177.89;174.43;4.530355;4.3;;;;;;;;;;;;;;;
2;Nordeste;24;RN;Rio Grande do Norte;2410504;Rafael Fernandes;61865.25;11389.04;57950.328;10668.32;53270.721;10327.79;5580.324;1871.075;16590.165;25663.048;49704.612;3566.109;Administração, defesa, educação e saúde públicas e seguridade social;Demais serviços;Comércio e reparação de veículos automotores e motocicletas;8;True;90.0;0.902947;262.57;277.88;4.537175;4.1;;90.0;0.902947;262.57;277.88;4.537175;4.1;;82.9;0.824216;247.82;248.63;4.940833;4.1;;81.2;0.813971;247.66;258.73;5.1065;4.2;;90.8;0.915952;213.1;205.29;5.763392;5.3;;90.3;0.912125;214.14;204.21;5.763603;5.3;;77.9;0.769432;247.42;273.89;5.355167;4.1;;91.9;0.919913;209.45;209.12;5.763372;5.3;;;;;;;;;;;;;;;
2;Nordeste;24;RN;Rio Grande do Norte;2410603;Rafael Godeiro;48290.035;16458.77;45689.578;15572.45;43450.248;13519.06;3293.362;3793.78;9583.641;25054.276;41725.059;1725.19;Administração, defesa, educação e saúde públicas e seguridade social;Demais serviços;Construção;6;True;95.1;0.951086;262.69;271.91;4.44949;4.2;;95.1;0.951086;262.69;271.91;4.44949;4.2;;94.1;0.942612;272.7;260.48;5.553;5.2;;94.2;0.944475;256.2;250.87;5.117833;4.8;;92.4;0.933497;229.89;222.95;6.404903;6.0;;92.4;0.933497;229.89;222.95;6.404903;6.0;;;;;;;;;;;;;;;;;;;;;;;;;;;;;
2;Nordeste;24;RN;Rio Grande do Norte;2410702;Riacho da Cruz;42856.817;15867.02;37690.452;13954.26;37506.6;10281.41;1939.417;1678.994;7703.847;24803.913;36126.171;1380.429;Administração, defesa, educação e saúde públicas e seguridade social;Demais serviços;Pecuária, inclusive apoio à pecuária;5;True;;;;;;;;;;;;;;;85.9;0.858527;231.9;244.08;4.599667;3.9;;85.9;0.858527;231.9;244.08;4.599667;3.9;;95.2;0.952478;204.57;195.49;5.422424;5.2;;97.6;0.97755;214.35;210.31;5.87852;5.7;;;;;;;;;88.4;0.838081;181.99;161.3;4.369872;3.7;;;;;;;;;;;;;;;
2;Nordeste;24;RN;Rio Grande do Norte;2410801;Riacho de Santana;53836.485;13044.94;48437.479;11736.73;43512.45;10374.93;2802.127;1136.215;9478.013;28695.763;42112.117;1400.332;Administração, defesa, educação e saúde públicas e seguridade social;Demais serviços;Pecuária, inclusive apoio à pecuária;4;True;85.0;0.845068;261.77;258.37;4.233874;3.6;;85.0;0.845068;261.77;258.37;4.233874;3.6;;;;;;;;;;;;;;;;93.3;0.928485;204.88;186.78;5.269976;4.9;;93.3;0.928485;204.88;186.78;5.269976;4.9;;;;;;;;;;;;;;;;;;;;;;;;;;;;;
2;Nordeste;24;RN;Rio Grande do Norte;2410900;Riachuelo;319931.036;43298.29;345299.54;46731.57;192155.869;23123.45;2108.189;84834.012;39733.049;53625.019;180300.27;11855.599;Eletricidade e gás, água, esgoto, atividades de gestão de resíduos e descontaminação;Administração, defesa, educação e saúde públicas e seguridade social;Demais serviços;8;True;86.6;0.864359;235.81;235.02;3.519716;3.0;;86.6;0.864359;235.81;235.02;3.519716;3.0;;79.7;0.79326;222.33;220.07;4.04;3.2;;83.9;0.836719;224.01;226.07;4.168;3.5;;90.7;0.905376;190.16;179.23;4.851788;4.4;;89.4;0.88771;188.33;180.07;4.832137;4.3;;92.4;0.923953;226.42;234.71;4.352167;4.0;;95.5;0.958217;194.82;177.07;4.901446;4.7;;;;;;;;;;;;;;;
2;Nordeste;24;RN;Rio Grande do Norte;2411007;Rodolfo Fernandes;67765.383;15974.87;64939.493;15308.7;59192.112;13280.71;5548.29;2095.346;15464.16;33146.467;56254.262;2937.85;Administração, defesa, educação e saúde públicas e seguridade social;Demais serviços;Pecuária, inclusive apoio à pecuária;7;True;80.2;0.819347;258.99;265.11;4.295727;3.5;;80.2;0.819347;258.99;265.11;4.295727;3.5;;75.6;0.756442;229.26;241.78;4.517333;3.4;;75.6;0.756442;229.26;241.78;4.517333;3.4;;93.0;0.925911;199.42;202.12;5.444687;5.0;;91.3;0.918953;203.27;208.56;5.635251;5.2;;;;;;;;;100.0;1.0;190.07;186.46;4.981525;5.0;;;;;;;;;;;;;;;
2;Nordeste;24;RN;Rio Grande do Norte;2411056;Tibau;155094.561;28817.27;137774.105;25599.05;115022.291;27563.45;17060.18;6620.02;43278.398;36367.403;103326.002;11696.29;Administração, defesa, educação e saúde públicas e seguridade social;Demais serviços;Agricultura, inclusive apoio à agricultura e a pós colheita;8;True;71.3;0.71248;258.71;253.63;4.119938;2.9;;71.3;0.71248;258.71;253.63;4.119938;2.9;;51.0;0.515875;260.65;273.97;5.577;2.9;;69.7;0.69777;239.33;242.99;4.705333;3.3;;96.1;0.963089;203.97;195.64;5.413701;5.2;;93.5;0.935425;202.43;193.2;5.339948;5.0;;82.9;0.828296;230.57;230.26;4.347167;3.6;;100.0;1.0;205.55;198.15;5.48949;5.5;;;;;;;;;;;;;;;
2;Nordeste;24;RN;Rio Grande do Norte;2411106;Ruy Barbosa;218238.897;68072.02;203594.402;63504.18;126772.017;35371.66;2150.626;84828.819;8647.216;28489.014;124115.674;2656.343;Eletricidade e gás, água, esgoto, atividades de gestão de resíduos e descontaminação;Administração, defesa, educação e saúde públicas e seguridade social;Demais serviços;6;True;81.1;0.818929;254.06;247.39;3.961216;3.2;;81.1;0.818929;254.06;247.39;3.961216;3.2;;92.5;0.918755;259.8;255.61;5.256833;4.8;;92.5;0.918755;259.8;255.61;5.256833;4.8;;95.5;0.948242;205.12;201.21;5.53692;5.3;;95.5;0.948242;205.12;201.21;5.53692;5.3;;;;;;;;;;;;;;;;;;;;;;;;;;;;;
2;Nordeste;24;RN;Rio Grande do Norte;2411205;Santa Cruz;716309.409;19197.31;675849.609;18112.98;619036.156;15362.6;33780.611;31230.026;268281.173;224065.357;557357.167;61678.99;Administração, defesa, educação e saúde públicas e seguridade social;Demais serviços;Comércio e reparação de veículos automotores e motocicletas;7;True;85.7;0.869266;288.95;289.57;5.082681;4.4;;83.8;0.843409;258.33;257.28;4.169242;3.5;;;;;;;;;86.3;0.863365;230.28;239.05;4.488833;3.9;;98.4;0.983004;190.87;183.24;4.938246;4.9;;98.2;0.981951;189.55;182.28;4.895601;4.8;;87.5;0.873856;229.74;239.41;4.485833;3.9;;100.0;1.0;207.08;195.17;5.464507;5.5;;;;;;;;;;;;;;;
2;Nordeste;24;RN;Rio Grande do Norte;2411403;Santana do Matos;207087.541;16625.53;179802.954;14435.05;147037.256;12452.34;15113.75;5192.312;40083.178;75868.009;136257.248;10780.008;Administração, defesa, educação e saúde públicas e seguridade social;Demais serviços;Pecuária, inclusive apoio à pecuária;8;True;83.3;0.838446;263.35;262.65;4.320136;3.6;;83.3;0.838446;263.35;262.65;4.320136;3.6;;71.4;0.736986;247.46;243.14;4.843333;3.6;;74.9;0.767842;252.69;242.7;4.923167;3.8;;89.4;0.902395;206.31;190.73;5.369085;4.8;;86.2;0.873837;194.58;179.22;4.935957;4.3;;81.7;0.825248;257.68;242.28;4.999333;4.1;;96.5;0.967202;219.22;203.39;5.845641;5.7;;;;;;;;;;;;;;;
2;Nordeste;24;RN;Rio Grande do Norte;2411429;Santana do Seridó;51448.978;19083.45;44372.929;16458.8;36353.453;13469.23;2836.428;3283.804;7772.397;20659.876;34552.505;1800.948;Administração, defesa, educação e saúde públicas e seguridade social;Demais serviços;Pecuária, inclusive apoio à pecuária;6;True;93.1;0.925701;266.95;257.7;4.296596;4.0;;93.1;0.925701;266.95;257.7;4.296596;4.0;;;;;;;;;94.5;0.947579;259.86;259.59;5.324167;5.0;;99.4;0.994898;204.24;197.48;5.452308;5.4;;99.4;0.994898;204.24;197.48;5.452308;5.4;;94.5;0.947579;259.86;259.59;5.324167;5.0;;;;;;;;;;;;;;;;;;;;;;
2;Nordeste;24;RN;Rio Grande do Norte;2411502;Santo Antônio;339515.207;15309.34;328015.318;14790.79;302532.522;12387.7;9218.26;11341.596;113420.367;142440.347;276420.571;26111.951;Administração, defesa, educação e saúde públicas e seguridade social;Demais serviços;Comércio e reparação de veículos automotores e motocicletas;5;True;;;;;;;;;;;;;;;;;;;;;;77.2;0.772389;237.81;240.72;4.642167;3.6;;94.5;0.943017;201.19;189.31;5.245557;4.9;;95.5;0.948326;185.61;168.78;4.574956;4.3;;83.5;0.83719;247.52;249.31;4.947167;4.1;;93.1;0.935497;208.81;199.35;5.573522;5.2;;;;;;;;;;;;;;;
2;Nordeste;24;RN;Rio Grande do Norte;2411601;São Bento do Norte;394852.729;119507.48;421480.938;127566.87;549241.307;204406.89;10552.038;452181.048;19561.046;27247.077;509541.209;39700.098;Eletricidade e gás, água, esgoto, atividades de gestão de resíduos e descontaminação;Administração, defesa, educação e saúde públicas e seguridade social;Demais serviços;6;True;92.1;0.920965;255.53;269.71;4.315994;4.0;;92.1;0.920965;255.53;269.71;4.315994;4.0;;79.2;0.80041;258.4;246.38;5.079667;4.1;;79.2;0.80041;258.4;246.38;5.079667;4.1;;89.5;0.895266;184.73;174.85;4.668525;4.2;;89.5;0.895266;184.73;174.85;4.668525;4.2;;;;;;;;;;;;;;;;;;;;;;;;;;;;;
2;Nordeste;24;RN;Rio Grande do Norte;2411700;São Bento do Trairí;58250.895;15361.52;55558.093;14651.4;45622.513;10046.8;3432.342;1741.457;8121.448;30964.845;44260.091;1362.422;Administração, defesa, educação e saúde públicas e seguridade social;Demais serviços;Pecuária, inclusive apoio à pecuária;6;True;91.4;0.904251;253.1;252.24;4.020337;3.6;;91.4;0.904251;253.1;252.24;4.020337;3.6;;;;;;;;;85.3;0.852128;233.02;234.07;4.4515;3.8;;97.5;0.976587;186.47;181.37;4.820277;4.7;;97.5;0.976587;186.47;181.37;4.820277;4.7;;93.5;0.928285;233.29;237.12;4.506833;4.2;;;;;;;;;;;;;;;;;;;;;;
2;Nordeste;24;RN;Rio Grande do Norte;2411809;São Fernando;77560.131;22210.8;68978.857;19753.4;63596.419;17636.28;13130.134;8497.05;11786.456;26598.779;60012.419;3584.0;Administração, defesa, educação e saúde públicas e seguridade social;Pecuária, inclusive apoio à pecuária;Demais serviços;4;True;92.6;0.917247;280.44;290.46;4.976482;4.6;;92.6;0.917247;280.44;290.46;4.976482;4.6;;92.0;0.920257;229.08;235.49;4.4095;4.1;;92.0;0.920257;229.08;235.49;4.4095;4.1;;;;;;;;;;;;;;;;;;;;;;;;;;;;;;;;;;;;;;;;;;;
2;Nordeste;24;RN;Rio Grande do Norte;2411908;São Francisco do Oeste;74356.88;17869.95;65016.102;15625.11;54446.801;12718.24;2442.625;3571.506;14868.912;30776.588;51659.63;2787.171;Administração, defesa, educação e saúde públicas e seguridade social;Demais serviços;Comércio e reparação de veículos automotores e motocicletas;6;True;88.8;0.87762;259.8;263.71;4.286145;3.8;;88.8;0.87762;259.8;263.71;4.286145;3.8;;94.9;0.94418;248.68;247.36;4.934;4.7;;94.9;0.94418;248.68;247.36;4.934;4.7;;96.3;0.966406;222.29;207.8;5.98441;5.8;;96.3;0.966406;222.29;207.8;5.98441;5.8;;;;;;;;;;;;;;;;;;;;;;;;;;;;;
2;Nordeste;24;RN;Rio Grande do Norte;2412005;São Gonçalo do Amarante;2588563.905;22346.41;2307193.721;19917.42;1905640.708;18162.97;38448.078;169637.992;878070.954;589004.944;1675161.969;230478.739;Administração, defesa, educação e saúde públicas e seguridade social;Demais serviços;Comércio e reparação de veículos automotores e motocicletas;7;True;73.1;0.771673;264.27;265.05;4.368986;3.4;;70.0;0.70936;247.19;247.81;3.871014;2.7;;76.9;0.772196;220.95;227.35;4.138333;3.2;;75.5;0.755971;216.65;221.41;3.967667;3.0;;91.2;0.914352;190.31;182.54;4.914832;4.5;;91.1;0.913097;189.77;182.46;4.903072;4.5;;;;;;;;;92.3;0.928877;194.1;183.06;4.996615;4.6;;;;;;;;;;;;;;;
2;Nordeste;24;RN;Rio Grande do Norte;2412104;São João do Sabugi;100072.756;16802.01;94944.396;15940.97;84585.211;13596.72;19647.877;3161.381;19200.852;36942.514;78952.624;5632.587;Administração, defesa, educação e saúde públicas e seguridade social;Pecuária, inclusive apoio à pecuária;Demais serviços;8;True;87.3;0.8778;279.87;271.09;4.678506;4.1;;87.3;0.8778;279.87;271.09;4.678506;4.1;;100.0;1.0;259.2;250.9;5.168333;5.2;;94.7;0.944569;257.77;254.57;5.205667;4.9;;98.0;0.980195;234.03;217.33;6.381729;6.3;;99.2;0.992309;253.4;232.79;7.032476;7.0;;85.2;0.804995;256.68;257.34;5.233667;4.2;;93.8;0.945221;201.25;191.17;5.28052;5.0;;;;;;;;;;;;;;;
2;Nordeste;24;RN;Rio Grande do Norte;2412203;São José de Mipibu;1457800.063;30829.42;1359847.713;28757.93;1040955.618;23357.62;58942.338;122525.632;435717.272;261505.847;878691.09;162264.528;Administração, defesa, educação e saúde públicas e seguridade social;Demais serviços;Comércio e reparação de veículos automotores e motocicletas;6;True;68.0;0.684877;239.18;245.49;3.723784;2.6;;68.0;0.684877;239.18;245.49;3.723784;2.6;;;;;;;;;76.7;0.774917;228.93;226.2;4.252167;3.3;;90.8;0.906641;191.05;181.56;4.911136;4.5;;90.4;0.899859;190.58;180.56;4.883985;4.4;;77.5;0.766888;223.18;215.01;3.969833;3.0;;;;;;;;;;;;;;;;;;;;;;
2;Nordeste;24;RN;Rio Grande do Norte;2412302;São José do Campestre;165229.86;14857.46;141196.03;12696.34;125089.897;9696.14;3716.995;5057.639;31291.76;79426.009;119492.403;5597.494;Administração, defesa, educação e saúde públicas e seguridade social;Demais serviços;Comércio e reparação de veículos automotores e motocicletas;6;True;;;;;;;;;;;;;;;85.1;0.850349;210.07;206.55;3.610333;3.1;;88.9;0.888728;225.9;223.39;4.154833;3.7;;95.5;0.954973;186.86;177.04;4.748992;4.5;;95.3;0.946954;180.9;169.88;4.50507;4.3;;93.1;0.932677;240.52;238.95;4.657833;4.3;;95.8;0.96469;193.1;184.53;5.004258;4.8;;;;;;;;;;;;;;;
2;Nordeste;24;RN;Rio Grande do Norte;2412401;São José do Seridó;106548.284;23376.1;95605.549;20975.33;83853.885;17856.45;12665.693;10075.889;22956.813;30956.099;76654.494;7199.39;Administração, defesa, educação e saúde públicas e seguridade social;Demais serviços;Pecuária, inclusive apoio à pecuária;4;True;90.0;0.902426;268.96;272.03;4.539348;4.1;;90.0;0.902426;268.96;272.03;4.539348;4.1;;;;;;;;;;;;;;;;96.3;0.958825;206.35;190.72;5.369666;5.1;;96.3;0.958825;206.35;190.72;5.369666;5.1;;;;;;;;;;;;;;;;;;;;;;;;;;;;;
2;Nordeste;24;RN;Rio Grande do Norte;2412500;São Miguel;420063.646;17846.95;386805.121;16433.92;319739.86;13440.66;10348.367;8962.994;129481.526;137392.538;286185.425;33554.435;Administração, defesa, educação e saúde públicas e seguridade social;Demais serviços;Comércio e reparação de veículos automotores e motocicletas;4;True;;;;;;;;;;;;;;;82.9;0.82727;252.47;249.99;5.041;4.2;;82.9;0.82727;252.47;249.99;5.041;4.2;;96.2;0.958863;212.69;210.38;5.848113;5.6;;96.2;0.958863;212.69;210.38;5.848113;5.6;;;;;;;;;;;;;;;;;;;;;;;;;;;;;
2;Nordeste;24;RN;Rio Grande do Norte;2412559;São Miguel do Gostoso;712098.273;69670.12;722955.05;70732.32;492637.037;47182.94;12443.558;310241.901;64906.188;77779.599;465371.246;27265.792;Eletricidade e gás, água, esgoto, atividades de gestão de resíduos e descontaminação;Administração, defesa, educação e saúde públicas e seguridade social;Demais serviços;4;True;;;;;;;;;;;;;;;74.6;0.746951;246.92;253.84;5.012667;3.7;;74.6;0.746951;246.92;253.84;5.012667;3.7;;87.5;0.872279;204.85;202.59;5.556858;4.8;;87.5;0.872279;204.85;202.59;5.556858;4.8;;;;;;;;;;;;;;;;;;;;;;;;;;;;;
2;Nordeste;24;RN;Rio Grande do Norte;2412609;São Paulo do Potengi;290640.338;17314.45;273441.605;16289.86;231551.94;12966.29;6971.761;13377.349;86723.135;105893.928;212966.173;18585.767;Administração, defesa, educação e saúde públicas e seguridade social;Demais serviços;Comércio e reparação de veículos automotores e motocicletas;5;True;83.4;0.848744;281.9;282.54;4.878425;4.1;;;;;;;;;;;;;;;;78.2;0.783305;225.18;232.55;4.2955;3.4;;94.0;0.938525;179.23;168.65;4.450836;4.2;;94.0;0.938525;179.23;168.65;4.450836;4.2;;88.0;0.876868;226.79;229.49;4.271333;3.7;;;;;;;;;;;;;;;;;;;;;;
2;Nordeste;24;RN;Rio Grande do Norte;2412708;São Pedro;72504.348;12552.69;68282.583;11821.78;55799.443;9475.2;3587.68;2218.849;11931.647;36141.002;53879.178;1920.265;Administração, defesa, educação e saúde públicas e seguridade social;Demais serviços;Pecuária, inclusive apoio à pecuária;7;True;84.7;0.858103;253.3;250.05;3.990362;3.4;;84.7;0.858103;253.3;250.05;3.990362;3.4;;74.4;0.757314;221.66;224.12;4.096333;3.1;;76.5;0.768623;224.66;224.16;4.147;3.2;;89.8;0.901445;190.84;175.94;4.804947;4.3;;;;;;;;;79.0;0.795787;225.47;224.17;4.160667;3.3;;97.4;0.974656;180.79;176.82;4.629153;4.5;;;;;;;;;;;;;;;
2;Nordeste;24;RN;Rio Grande do Norte;2412807;São Rafael;108234.806;14036.42;97419.352;12633.82;88674.342;10836.41;13206.498;3755.401;20341.954;47204.49;84508.343;4165.999;Administração, defesa, educação e saúde públicas e seguridade social;Demais serviços;Produção florestal, pesca e aquicultura;6;True;85.9;0.86452;267.43;283.33;4.687021;4.1;;85.9;0.86452;267.43;283.33;4.687021;4.1;;;;;;;;;71.6;0.724681;245.94;245.92;4.864333;3.5;;93.4;0.937086;186.74;191.72;5.013611;4.7;;93.4;0.937086;186.74;191.72;5.013611;4.7;;87.3;0.883013;240.53;241.59;4.702;4.2;;;;;;;;;;;;;;;;;;;;;;
2;Nordeste;24;RN;Rio Grande do Norte;2412906;São Tomé;184856.372;18537.54;120593.5;12093.21;111773.156;10114.3;3311.4;4759.184;27293.5;69995.18;105359.263;6413.893;Administração, defesa, educação e saúde públicas e seguridade social;Demais serviços;Comércio e reparação de veículos automotores e motocicletas;6;True;;;;;;;;;;;;;;;77.8;0.790091;228.35;231.48;4.3305;3.4;;81.4;0.826194;227.58;232.27;4.330833;3.6;;90.0;0.894173;176.89;165.83;4.354907;3.9;;89.6;0.88573;175.06;166.6;4.333983;3.8;;87.6;0.889208;226.55;233.31;4.331;3.9;;91.8;0.923333;186.72;161.71;4.467593;4.1;;;;;;;;;;;;;;;
2;Nordeste;24;RN;Rio Grande do Norte;2413003;São Vicente;100457.936;15920.43;90507.349;14343.48;76920.408;11877.77;6675.742;5155.003;18728.944;41503.678;72063.367;4857.041;Administração, defesa, educação e saúde públicas e seguridade social;Demais serviços;Pecuária, inclusive apoio à pecuária;7;True;72.3;0.712178;273.25;275.48;4.651247;3.3;;72.3;0.712178;273.25;275.48;4.651247;3.3;;83.0;0.833204;236.43;243.34;4.662833;3.9;;82.2;0.823363;240.47;247.07;4.792333;3.9;;98.6;0.985884;200.35;194.23;5.318981;5.2;;;;;;;;;80.6;0.797846;244.63;250.91;4.925667;3.9;;100.0;1.0;200.47;196.0;5.353452;5.4;;;;;;;;;;;;;;;
2;Nordeste;24;RN;Rio Grande do Norte;2413102;Senador Elói de Souza;79949.978;13767.86;73626.903;12343.15;60474.83;9806.2;2257.15;3011.16;13301.907;39694.09;58264.308;2210.523;Administração, defesa, educação e saúde públicas e seguridade social;Demais serviços;Eletricidade e gás, água, esgoto, atividades de gestão de resíduos e descontaminação;6;True;69.9;0.720611;249.97;240.08;3.794341;2.7;;69.9;0.720611;249.97;240.08;3.794341;2.7;;71.3;0.694741;207.99;216.87;3.747667;2.6;;71.3;0.694741;207.99;216.87;3.747667;2.6;;88.7;0.885154;175.64;167.35;4.358688;3.9;;;;;;;;;;;;;;;;95.1;0.949819;192.23;179.11;4.88911;4.6;;;;;;;;;;;;;;;
2;Nordeste;24;RN;Rio Grande do Norte;2413201;Senador Georgino Avelino;114535.687;28176.06;105581.036;25973.19;116485.756;25731.34;65428.798;1753.888;10249.458;31284.747;108716.892;7768.865;Produção florestal, pesca e aquicultura;Administração, defesa, educação e saúde públicas e seguridade social;Demais serviços;6;True;79.1;0.795106;239.22;245.46;3.723897;3.0;;79.1;0.795106;239.22;245.46;3.723897;3.0;;86.8;0.872519;216.31;221.72;3.967167;3.5;;86.8;0.872519;216.31;221.72;3.967167;3.5;;89.3;0.898937;190.15;170.28;4.68887;4.2;;89.3;0.898937;190.15;170.28;4.68887;4.2;;;;;;;;;;;;;;;;;;;;;;;;;;;;;
2;Nordeste;24;RN;Rio Grande do Norte;2413300;Serra de São Bento;84832.526;14875.07;73394.146;12869.39;57409.611;10003.42;1616.837;2754.572;15822.889;34228.117;54422.415;2987.196;Administração, defesa, educação e saúde públicas e seguridade social;Demais serviços;Comércio e reparação de veículos automotores e motocicletas;8;True;81.8;0.828059;229.93;226.39;3.30794;2.7;;81.8;0.828059;229.93;226.39;3.30794;2.7;;88.8;0.891009;268.3;278.48;5.779667;5.1;;86.2;0.860903;234.14;243.28;4.623667;4.0;;94.3;0.945214;198.87;185.79;5.137282;4.9;;96.6;0.955358;206.11;209.57;5.707813;5.5;;83.0;0.853913;220.96;229.71;4.177833;3.6;;82.5;0.817218;190.92;159.72;4.511564;3.7;;;;;;;;;;;;;;;
2;Nordeste;24;RN;Rio Grande do Norte;2413359;Serra do Mel;685341.006;52352.07;976555.113;74597.44;858720.705;70243.0;45639.534;565336.451;80192.776;80730.995;771899.757;86820.948;Eletricidade e gás, água, esgoto, atividades de gestão de resíduos e descontaminação;Administração, defesa, educação e saúde públicas e seguridade social;Demais serviços;5;True;;;;;;;;;;;;;;;71.5;0.72288;243.01;240.22;4.7205;3.4;;71.7;0.719634;243.67;244.3;4.7995;3.5;;92.1;0.920243;189.4;174.37;4.74892;4.4;;92.1;0.920243;189.4;174.37;4.74892;4.4;;77.1;0.771;246.04;258.99;5.083833;3.9;;;;;;;;;;;;;;;;;;;;;;
2;Nordeste;24;RN;Rio Grande do Norte;2413409;Serra Negra do Norte;162338.806;21368.8;134899.808;17756.98;118874.306;14666.79;16409.921;6653.116;41903.762;46063.377;111030.176;7844.13;Administração, defesa, educação e saúde públicas e seguridade social;Demais serviços;Pecuária, inclusive apoio à pecuária;4;True;85.5;0.859696;258.94;253.98;4.128408;3.5;;85.5;0.859696;258.94;253.98;4.128408;3.5;;91.4;0.914536;228.7;230.9;4.326667;4.0;;91.4;0.914536;228.7;230.9;4.326667;4.0;;;;;;;;;;;;;;;;;;;;;;;;;;;;;;;;;;;;;;;;;;;
2;Nordeste;24;RN;Rio Grande do Norte;2413508;Serrinha;92367.949;14351.76;81783.076;12707.13;71896.85;11732.51;7661.291;2343.08;15200.286;43900.283;69104.939;2791.911;Administração, defesa, educação e saúde públicas e seguridade social;Demais serviços;Pecuária, inclusive apoio à pecuária;4;True;;;;;;;;;;;;;;;83.8;0.837531;254.69;258.55;5.220667;4.4;;84.3;0.837899;254.69;258.55;5.220667;4.4;;97.3;0.975665;237.32;211.85;6.344879;6.2;;97.3;0.975665;237.32;211.85;6.344879;6.2;;;;;;;;;;;;;;;;;;;;;;;;;;;;;
2;Nordeste;24;RN;Rio Grande do Norte;2413557;Serrinha dos Pintos;64721.869;13891.79;56137.582;12049.28;49786.348;10303.47;2102.138;3051.459;12535.491;29640.141;47329.229;2457.118;Administração, defesa, educação e saúde públicas e seguridade social;Demais serviços;Comércio e reparação de veículos automotores e motocicletas;7;True;73.7;0.73908;270.93;294.02;4.896208;3.6;;73.7;0.73908;270.93;294.02;4.896208;3.6;;83.4;0.819421;249.23;245.64;4.9145;4.0;;83.4;0.819421;249.23;245.64;4.9145;4.0;;97.2;0.969553;197.69;185.88;5.116399;5.0;;95.8;0.95126;187.37;179.57;4.804725;4.6;;;;;;;;;100.0;1.0;214.1;195.91;5.611931;5.6;;;;;;;;;;;;;;;
2;Nordeste;24;RN;Rio Grande do Norte;2413607;Severiano Melo;96870.433;17654.53;92737.758;16901.36;63098.203;36200.92;8293.322;4555.916;22767.798;21259.246;56876.282;6221.92;Administração, defesa, educação e saúde públicas e seguridade social;Demais serviços;Comércio e reparação de veículos automotores e motocicletas;7;True;88.8;0.892529;251.93;269.73;4.265731;3.8;;88.8;0.892529;251.93;269.73;4.265731;3.8;;87.3;0.880107;256.3;246.25;5.0425;4.4;;90.0;0.899069;252.49;256.13;5.143667;4.6;;95.0;0.938827;212.86;196.23;5.594085;5.3;;95.0;0.938827;212.86;196.23;5.594085;5.3;;97.5;0.957731;245.7;273.75;5.324167;5.1;;;;;;;;;;;;;;;;;;;;;;
2;Nordeste;24;RN;Rio Grande do Norte;2413706;Sítio Novo;64195.135;13793.54;58723.173;12617.79;53783.104;9604.13;3122.001;1613.192;11158.184;36019.676;51913.053;1870.051;Administração, defesa, educação e saúde públicas e seguridade social;Demais serviços;Comércio e reparação de veículos automotores e motocicletas;6;True;88.0;0.881293;246.68;253.08;3.942744;3.5;;88.0;0.881293;246.68;253.08;3.942744;3.5;;91.9;0.917208;235.8;244.28;4.668;4.3;;91.9;0.917208;235.8;244.28;4.668;4.3;;99.7;0.996964;191.68;185.62;4.996977;5.0;;99.7;0.996964;191.68;185.62;4.996977;5.0;;;;;;;;;;;;;;;;;;;;;;;;;;;;;
2;Nordeste;24;RN;Rio Grande do Norte;2413805;Taboleiro Grande;43555.704;18629.47;37504.823;16041.41;32472.004;12460.48;1469.91;1476.74;7700.935;20647.957;31295.542;1176.462;Administração, defesa, educação e saúde públicas e seguridade social;Demais serviços;Pecuária, inclusive apoio à pecuária;6;True;78.7;0.782187;269.55;267.41;4.478473;3.5;;78.7;0.782187;269.55;267.41;4.478473;3.5;;94.2;0.940654;236.04;240.77;4.6135;4.3;;94.2;0.940654;236.04;240.77;4.6135;4.3;;100.0;1.0;206.91;205.5;5.64908;5.6;;100.0;1.0;206.91;205.5;5.64908;5.6;;;;;;;;;;;;;;;;;;;;;;;;;;;;;
2;Nordeste;24;RN;Rio Grande do Norte;2413904;Taipu;184090.867;16117.22;174534.536;15280.56;155197.134;12603.31;38025.714;8996.324;26350.623;71871.407;145244.069;9953.064;Administração, defesa, educação e saúde públicas e seguridade social;Pecuária, inclusive apoio à pecuária;Demais serviços;4;True;;;;;;;;;;;;;;;;;;;;;;85.0;0.849639;215.98;222.61;3.9765;3.4;;94.2;0.9409;180.37;170.32;4.502956;4.2;;93.7;0.934153;171.93;157.43;4.107523;3.8;;;;;;;;;95.4;0.955658;183.41;174.97;4.645516;4.4;;;;;;;;;;;;;;;
2;Nordeste;24;RN;Rio Grande do Norte;2414001;Tangará;225000.067;16941.5;213678.016;16089.0;201782.164;12605.08;5255.924;18672.602;64277.377;94105.413;182311.314;19470.849;Administração, defesa, educação e saúde públicas e seguridade social;Demais serviços;Comércio e reparação de veículos automotores e motocicletas;8;True;66.2;0.66704;259.05;276.75;4.470821;3.0;;66.2;0.66704;259.05;276.75;4.470821;3.0;;80.3;0.797505;207.51;217.2;3.745167;3.0;;85.8;0.854096;219.69;224.57;4.071;3.5;;92.9;0.926727;188.11;180.56;4.836847;4.5;;92.5;0.922532;186.18;178.73;4.766743;4.4;;94.8;0.945034;239.4;236.49;4.598167;4.3;;94.4;0.942871;192.65;184.86;5.00167;4.7;;;;;;;;;;;;;;;
2;Nordeste;24;RN;Rio Grande do Norte;2414100;Tenente Ananias;142794.667;13914.9;128347.034;12507.02;113585.861;10398.78;5346.216;4533.895;32516.933;65178.33;107575.374;6010.487;Administração, defesa, educação e saúde públicas e seguridade social;Demais serviços;Comércio e reparação de veículos automotores e motocicletas;6;True;;;;;;;;;;;;;;;87.9;0.877523;249.68;257.48;5.119333;4.5;;88.0;0.876724;242.06;249.86;4.865333;4.3;;97.5;0.975954;222.95;214.3;6.115187;6.0;;97.0;0.97002;220.07;212.11;6.020407;5.8;;88.2;0.882604;236.57;244.36;4.682167;4.1;;100.0;1.0;232.5;221.56;6.429439;6.4;;;;;;;;;;;;;;;
2;Nordeste;24;RN;Rio Grande do Norte;2414159;Tenente Laurentino Cruz;120492.659;20453.69;117559.762;19955.82;107283.971;17630.89;8970.703;21189.766;26124.272;43469.973;99754.713;7529.258;Administração, defesa, educação e saúde públicas e seguridade social;Eletricidade e gás, água, esgoto, atividades de gestão de resíduos e descontaminação;Demais serviços;6;True;86.9;0.875305;265.23;259.05;4.292649;3.8;;86.9;0.875305;265.23;259.05;4.292649;3.8;;93.3;0.932032;244.41;252.21;4.943667;4.6;;93.3;0.932032;244.41;252.21;4.943667;4.6;;97.6;0.97448;190.26;186.28;4.981878;4.9;;97.6;0.97448;190.26;186.28;4.981878;4.9;;;;;;;;;;;;;;;;;;;;;;;;;;;;;
2;Nordeste;24;RN;Rio Grande do Norte;2414209;Tibau do Sul;576214.691;34037.14;578303.647;34160.53;415828.65;28299.21;19197.685;34868.488;228062.309;99757.38;381885.862;33942.788;Demais serviços;Administração, defesa, educação e saúde públicas e seguridade social;Comércio e reparação de veículos automotores e motocicletas;4;True;;;;;;;;;;;;;;;78.0;0.781502;247.09;245.88;4.882833;3.8;;77.8;0.778807;247.09;245.88;4.882833;3.8;;89.7;0.887889;202.55;186.83;5.22642;4.6;;89.7;0.887889;202.55;186.83;5.22642;4.6;;;;;;;;;;;;;;;;;;;;;;;;;;;;;
2;Nordeste;24;RN;Rio Grande do Norte;2414308;Timbaúba dos Batistas;47341.24;20162.37;44946.817;19142.6;43617.334;17971.71;10870.147;1281.349;8684.31;20312.083;41147.888;2469.445;Administração, defesa, educação e saúde públicas e seguridade social;Pecuária, inclusive apoio à pecuária;Demais serviços;6;True;81.7;0.834606;245.9;250.73;3.896609;3.3;;81.7;0.834606;245.9;250.73;3.896609;3.3;;79.8;0.808193;231.92;242.44;4.572667;3.7;;79.8;0.808193;231.92;242.44;4.572667;3.7;;89.9;0.907992;188.2;179.0;4.810201;4.4;;89.9;0.907992;188.2;179.0;4.810201;4.4;;;;;;;;;;;;;;;;;;;;;;;;;;;;;
2;Nordeste;24;RN;Rio Grande do Norte;2414407;Touros;1015670.245;30745.28;979897.517;29662.4;814837.827;24167.69;99515.335;286754.095;173527.307;207128.296;766925.033;47912.795;Eletricidade e gás, água, esgoto, atividades de gestão de resíduos e descontaminação;Administração, defesa, educação e saúde públicas e seguridade social;Demais serviços;7;True;76.8;0.779965;246.31;252.54;3.929463;3.1;;76.8;0.779965;246.31;252.54;3.929463;3.1;;78.1;0.787288;217.44;224.91;4.039167;3.2;;79.3;0.792937;224.02;233.49;4.291833;3.4;;89.4;0.891801;193.0;183.77;4.988532;4.4;;88.6;0.883331;191.64;182.24;4.934759;4.4;;;;;;;;;97.1;0.978179;196.27;187.45;5.117845;5.0;;;;;;;;;;;;;;;
2;Nordeste;24;RN;Rio Grande do Norte;2414456;Triunfo Potiguar;55944.374;16571.2;52838.743;15735.18;45829.479;14344.12;4593.986;1788.599;10042.515;27621.433;44046.534;1782.945;Administração, defesa, educação e saúde públicas e seguridade social;Demais serviços;Produção florestal, pesca e aquicultura;7;True;67.2;0.664104;257.74;269.73;4.347332;2.9;;67.2;0.664104;257.74;269.73;4.347332;2.9;;74.6;0.749769;204.48;214.21;3.644833;2.7;;77.9;0.775133;228.19;238.15;4.439;3.4;;95.2;0.955104;174.62;179.49;4.55995;4.4;;;;;;;;;83.6;0.825278;240.45;250.53;4.849667;4.0;;95.2;0.95606;174.62;179.49;4.55995;4.4;;;;;;;;;;;;;;;
2;Nordeste;24;RN;Rio Grande do Norte;2414506;Umarizal;167072.025;16577.89;167033.623;16574.08;151205.386;14421.11;8624.487;5764.002;61440.549;62538.192;138367.231;12838.155;Administração, defesa, educação e saúde públicas e seguridade social;Demais serviços;Comércio e reparação de veículos automotores e motocicletas;8;True;78.0;0.790864;287.87;288.16;5.046405;4.0;;78.0;0.790864;287.87;288.16;5.046405;4.0;;81.0;0.816678;248.3;247.15;4.924167;4.0;;82.2;0.819694;235.3;240.92;4.603667;3.8;;96.6;0.968704;207.07;195.09;5.462861;5.3;;97.2;0.972617;199.52;191.59;5.255141;5.1;;83.0;0.814246;231.77;239.22;4.5165;3.7;;95.4;0.957518;219.32;200.75;5.799549;5.6;;;;;;;;;;;;;;;
2;Nordeste;24;RN;Rio Grande do Norte;2414605;Upanema;370219.693;27268.15;330522.859;24353.29;214152.413;14337.04;13530.456;40967.751;55722.982;91275.292;201496.481;12655.932;Administração, defesa, educação e saúde públicas e seguridade social;Demais serviços;Indústrias extrativas;8;True;78.0;0.784111;269.32;264.3;4.428685;3.5;;78.0;0.784111;269.32;264.3;4.428685;3.5;;79.0;0.797473;242.11;249.1;4.8535;3.9;;79.8;0.800371;250.62;249.74;5.006;4.0;;94.2;0.943991;191.05;186.5;5.000954;4.7;;94.3;0.94489;190.93;185.87;4.98721;4.7;;82.2;0.80501;262.54;250.64;5.219667;4.2;;93.7;0.935263;191.34;187.99;5.033579;4.7;;;;;;;;;;;;;;;
2;Nordeste;24;RN;Rio Grande do Norte;2414704;Várzea;72802.708;13912.23;65328.033;12483.86;56555.177;10228.83;2198.641;2189.909;14541.974;35560.883;54491.407;2063.771;Administração, defesa, educação e saúde públicas e seguridade social;Demais serviços;Pecuária, inclusive apoio à pecuária;6;True;85.0;0.857035;253.43;263.13;4.187996;3.6;;85.0;0.857035;253.43;263.13;4.187996;3.6;;85.6;0.868387;213.17;220.99;3.902667;3.4;;86.7;0.870986;219.04;225.21;4.070833;3.5;;90.3;0.877958;180.06;168.45;4.46304;3.9;;90.3;0.877958;180.06;168.45;4.46304;3.9;;;;;;;;;;;;;;;;;;;;;;;;;;;;;
2;Nordeste;24;RN;Rio Grande do Norte;2414753;Venha-Ver;47869.532;15882.39;42293.538;14032.36;43201.82;10208.37;2095.645;1031.713;8432.218;30310.995;41870.571;1331.249;Administração, defesa, educação e saúde públicas e seguridade social;Demais serviços;Pecuária, inclusive apoio à pecuária;6;True;87.1;0.884825;287.04;288.79;5.044178;4.5;;87.1;0.884825;287.04;288.79;5.044178;4.5;;73.6;0.742714;260.73;262.74;5.391167;4.0;;73.6;0.742714;260.73;262.74;5.391167;4.0;;93.4;0.940196;195.31;183.13;5.020979;4.7;;93.4;0.940196;195.31;183.13;5.020979;4.7;;;;;;;;;;;;;;;;;;;;;;;;;;;;;
2;Nordeste;24;RN;Rio Grande do Norte;2414803;Vera Cruz;167326.015;15586.96;149591.111;14011.91;133469.11;10436.24;8132.847;6327.992;34880.453;75508.029;124849.32;8619.789;Administração, defesa, educação e saúde públicas e seguridade social;Demais serviços;Comércio e reparação de veículos automotores e motocicletas;4;True;;;;;;;;;;;;;;;86.1;0.864859;251.6;258.36;5.166;4.5;;85.3;0.854631;251.6;258.36;5.166;4.4;;97.7;0.978249;201.98;193.39;5.334815;5.2;;97.7;0.978249;201.98;193.39;5.334815;5.2;;;;;;;;;;;;;;;;;;;;;;;;;;;;;
2;Nordeste;24;RN;Rio Grande do Norte;2414902;Viçosa;29716.758;16309.97;25574.834;14036.68;23238.192;13424.72;1075.359;879.295;5477.018;14892.356;22324.028;914.164;Administração, defesa, educação e saúde públicas e seguridade social;Demais serviços;Pecuária, inclusive apoio à pecuária;6;True;75.0;0.769902;262.87;271.92;4.452167;3.4;;75.0;0.769902;262.87;271.92;4.452167;3.4;;88.4;0.878259;262.27;263.92;5.4365;4.8;;88.4;0.878259;262.27;263.92;5.4365;4.8;;96.4;0.958834;209.34;200.36;5.602;5.4;;96.4;0.958834;209.34;200.36;5.602;5.4;;;;;;;;;;;;;;;;;;;;;;;;;;;;;
2;Nordeste;24;RN;Rio Grande do Norte;2415008;Vila Flor;49863.018;15709.84;47193.778;14868.87;44402.939;13802.59;5806.717;1976.453;9615.615;24949.599;42348.384;2054.555;Administração, defesa, educação e saúde públicas e seguridade social;Demais serviços;Produção florestal, pesca e aquicultura;5;True;81.0;0.814097;239.86;252.51;3.838424;3.1;;81.0;0.814097;239.86;252.51;3.838424;3.1;;;;;;;;;74.9;0.74331;218.8;223.46;4.037667;3.0;;96.0;0.958038;180.07;165.48;4.40923;4.2;;96.0;0.958038;180.07;165.48;4.40923;4.2;;;;;;;;;;;;;;;;;;;;;;;;;;;;;
