region_code;region_name;state_code;state_abbr;state_name;city_code;city_name;gdp_2023_current_prices_thousand_reais;gdp_per_capita_2023_current_reais;gdp_2022_current_prices_thousand_reais;gdp_per_capita_2022_current_reais;gdp_2021_current_prices_thousand_reais;gdp_per_capita_2021_current_reais;gross_value_added_agriculture_2021_current_prices_thousand_reais;gross_value_added_industry_2021_current_prices_thousand_reais;gross_value_added_services_2021_current_prices_thousand_reais;gross_value_added_public_administration_2021_current_prices_thousand_reais;gross_value_added_total_2021_current_prices_thousand_reais;taxes_less_subsidies_2021_current_prices_thousand_reais;main_economic_activity_2021;second_main_economic_activity_2021;third_main_economic_activity_2021;total_school_records;has_any_school_record;approval_rate_estadual_medio_todos_1_4;performance_indicator_estadual_medio_todos_1_4;saeb_math_score_estadual_medio_todos_1_4;saeb_portuguese_score_estadual_medio_todos_1_4;saeb_standardized_average_score_estadual_medio_todos_1_4;ideb_estadual_medio_todos_1_4;ideb_projection_estadual_medio_todos_1_4;approval_rate_publica_medio_todos_1_4;performance_indicator_publica_medio_todos_1_4;saeb_math_score_publica_medio_todos_1_4;saeb_portuguese_score_publica_medio_todos_1_4;saeb_standardized_average_score_publica_medio_todos_1_4;ideb_publica_medio_todos_1_4;ideb_projection_publica_medio_todos_1_4;approval_rate_publica_fundamental_finais_6_9;performance_indicator_publica_fundamental_finais_6_9;saeb_math_score_publica_fundamental_finais_6_9;saeb_portuguese_score_publica_fundamental_finais_6_9;saeb_standardized_average_score_publica_fundamental_finais_6_9;ideb_publica_fundamental_finais_6_9;ideb_projection_publica_fundamental_finais_6_9;approval_rate_municipal_fundamental_finais_6_9;performance_indicator_municipal_fundamental_finais_6_9;saeb_math_score_municipal_fundamental_finais_6_9;saeb_portuguese_score_municipal_fundamental_finais_6_9;saeb_standardized_average_score_municipal_fundamental_finais_6_9;ideb_municipal_fundamental_finais_6_9;ideb_projection_municipal_fundamental_finais_6_9;approval_rate_publica_fundamental_iniciais_1_5;performance_indicator_publica_fundamental_iniciais_1_5;saeb_math_score_publica_fundamental_iniciais_1_5;saeb_portuguese_score_publica_fundamental_iniciais_1_5;saeb_standardized_average_score_publica_fundamental_iniciais_1_5;ideb_publica_fundamental_iniciais_1_5;ideb_projection_publica_fundamental_iniciais_1_5;approval_rate_municipal_fundamental_iniciais_1_5;performance_indicator_municipal_fundamental_iniciais_1_5;saeb_math_score_municipal_fundamental_iniciais_1_5;saeb_portuguese_score_municipal_fundamental_iniciais_1_5;saeb_standardized_average_score_municipal_fundamental_iniciais_1_5;ideb_municipal_fundamental_iniciais_1_5;ideb_projection_municipal_fundamental_iniciais_1_5;approval_rate_estadual_fundamental_iniciais_1_5;performance_indicator_estadual_fundamental_iniciais_1_5;saeb_math_score_estadual_fundamental_iniciais_1_5;saeb_portuguese_score_estadual_fundamental_iniciais_1_5;saeb_standardized_average_score_estadual_fundamental_iniciais_1_5;ideb_estadual_fundamental_iniciais_1_5;ideb_projection_estadual_fundamental_iniciais_1_5;approval_rate_estadual_fundamental_finais_6_9;performance_indicator_estadual_fundamental_finais_6_9;saeb_math_score_estadual_fundamental_finais_6_9;saeb_portuguese_score_estadual_fundamental_finais_6_9;saeb_standardized_average_score_estadual_fundamental_finais_6_9;ideb_estadual_fundamental_finais_6_9;ideb_projection_estadual_fundamental_finais_6_9;approval_rate_municipal_medio_todos_1_4;performance_indicator_municipal_medio_todos_1_4;saeb_math_score_municipal_medio_todos_1_4;saeb_portuguese_score_municipal_medio_todos_1_4;saeb_standardized_average_score_municipal_medio_todos_1_4;ideb_municipal_medio_todos_1_4;ideb_projection_municipal_medio_todos_1_4;approval_rate_federal_medio_todos_1_4;performance_indicator_federal_medio_todos_1_4;saeb_math_score_federal_medio_todos_1_4;saeb_portuguese_score_federal_medio_todos_1_4;saeb_standardized_average_score_federal_medio_todos_1_4;ideb_federal_medio_todos_1_4;ideb_projection_federal_medio_todos_1_4;approval_rate_federal_fundamental_iniciais_1_5;performance_indicator_federal_fundamental_iniciais_1_5;saeb_math_score_federal_fundamental_iniciais_1_5;saeb_portuguese_score_federal_fundamental_iniciais_1_5;saeb_standardized_average_score_federal_fundamental_iniciais_1_5;ideb_federal_fundamental_iniciais_1_5;ideb_projection_federal_fundamental_iniciais_1_5;approval_rate_federal_fundamental_finais_6_9;performance_indicator_federal_fundamental_finais_6_9;saeb_math_score_federal_fundamental_finais_6_9;saeb_portuguese_score_federal_fundamental_finais_6_9;saeb_standardized_average_score_federal_fundamental_finais_6_9;ideb_federal_fundamental_finais_6_9;ideb_projection_federal_fundamental_finais_6_9
4;Sul;43;RS;Rio Grande do Sul;4300034;Aceguá;382340.49;91688.37;291050.785;69796.35;458226.355;91994.85;269423.337;20614.439;99176.155;45049.677;434263.608;23962.747;Agricultura, inclusive apoio à agricultura e a pós colheita;Pecuária, inclusive apoio à pecuária;Demais serviços;6;True;81.3;0.815947;276.82;290.2;4.921747;4.0;;81.3;0.815947;276.82;290.2;4.921747;4.0;;92.0;0.923104;249.86;251.24;5.018333;4.6;;91.5;0.917643;249.86;251.24;5.018333;4.6;;96.0;0.962468;228.04;224.27;6.393598;6.2;;97.4;0.975289;228.04;224.27;6.393598;6.2;;;;;;;;;;;;;;;;;;;;;;;;;;;;;;;;;;;;;;;;;;;
4;Sul;43;RS;Rio Grande do Sul;4300059;Água Santa;418737.672;107039.28;480667.73;122870.07;547412.925;146445.41;158098.364;24609.448;266705.759;28221.107;477634.678;69778.248;Comércio e reparação de veículos automotores e motocicletas;Agricultura, inclusive apoio à agricultura e a pós colheita;Demais serviços;6;True;94.5;0.948529;300.28;291.12;5.265014;5.0;;94.5;0.948529;300.28;291.12;5.265014;5.0;;91.0;0.90955;265.77;242.98;5.145833;4.7;;93.2;0.933063;265.77;242.98;5.145833;4.8;;95.0;0.953365;238.6;220.31;6.523124;6.2;;96.7;0.970726;238.6;220.31;6.523124;6.3;;;;;;;;;;;;;;;;;;;;;;;;;;;;;;;;;;;;;;;;;;;
4;Sul;43;RS;Rio Grande do Sul;4300109;Agudo;780151.895;48634.87;648342.377;40422.87;667876.901;40863.74;201172.602;101412.834;195298.233;99024.946;596908.615;70968.286;Agricultura, inclusive apoio à agricultura e a pós colheita;Demais serviços;Administração, defesa, educação e saúde públicas e seguridade social;8;True;92.6;0.928987;298.87;302.54;5.416169;5.0;;92.6;0.928987;298.87;302.54;5.416169;5.0;;88.2;0.877475;259.73;264.23;5.399333;4.7;;86.0;0.855649;262.14;262.78;5.415333;4.6;;93.2;0.929624;244.24;229.57;6.799121;6.3;;92.7;0.9221;238.02;226.97;6.633146;6.1;;97.7;0.981286;270.48;240.55;7.499521;7.4;;97.7;0.97653;255.27;266.91;5.369667;5.2;;;;;;;;;;;;;;;;;;;;;;;;;;;;;
4;Sul;43;RS;Rio Grande do Sul;4300208;Ajuricaba;383524.803;57072.14;379621.821;56491.34;521060.49;74961.95;247930.517;36130.704;152360.168;44354.687;480776.076;40284.415;Agricultura, inclusive apoio à agricultura e a pós colheita;Demais serviços;Comércio e reparação de veículos automotores e motocicletas;8;True;87.1;0.872316;289.72;302.41;5.285711;4.6;;87.1;0.872316;289.72;302.41;5.285711;4.6;;96.2;0.961596;265.83;266.87;5.545;5.3;;95.0;0.945642;224.16;246.92;4.518;4.3;;99.0;0.990337;251.02;228.41;6.90742;6.8;;98.5;0.985864;251.14;225.73;6.860983;6.8;;100.0;1.0;250.75;234.28;7.008994;7.0;;96.8;0.968757;275.79;271.64;5.7905;5.6;;;;;;;;;;;;;;;;;;;;;;;;;;;;;
4;Sul;43;RS;Rio Grande do Sul;4300307;Alecrim;153719.013;25105.18;137865.214;22515.96;162073.239;28384.1;61908.999;4543.119;54717.617;32254.157;153423.892;8649.347;Pecuária, inclusive apoio à pecuária;Demais serviços;Administração, defesa, educação e saúde públicas e seguridade social;6;True;91.1;0.915716;298.92;293.69;5.284386;4.8;;91.1;0.915716;298.92;293.69;5.284386;4.8;;94.3;0.942069;260.82;256.54;5.289333;5.0;;;;;;;;;99.7;0.996553;243.48;223.06;6.666254;6.6;;;;;;;;;100.0;1.0;243.48;223.06;6.666254;6.7;;95.4;0.951297;260.82;256.54;5.289333;5.0;;;;;;;;;;;;;;;;;;;;;;;;;;;;;
4;Sul;43;RS;Rio Grande do Sul;4300406;Alegrete;3102027.8;42840.36;2620665.238;36192.53;3079885.857;42485.29;1129604.87;260841.761;1042681.721;431648.217;2864776.569;215109.288;Agricultura, inclusive apoio à agricultura e a pós colheita;Demais serviços;Administração, defesa, educação e saúde públicas e seguridade social;8;True;75.8;0.79735;261.86;274.78;4.480796;3.6;;76.6;0.723391;267.46;276.4;4.583699;3.3;;92.4;0.923246;248.81;259.89;5.145;4.8;;91.8;0.919621;243.03;249.4;4.873833;4.5;;95.6;0.956085;217.7;213.51;6.000633;5.7;;93.7;0.934747;209.18;205.15;5.686037;5.3;;96.9;0.969702;222.28;218.01;6.169856;6.0;;92.7;0.926347;250.67;263.26;5.232167;4.8;;;;;;;;;;;;;;;;;;;;;;;;;;;;;
4;Sul;43;RS;Rio Grande do Sul;4300455;Alegria;136099.35;37277.28;119787.123;32809.4;156623.193;47649.28;75782.485;3775.185;39468.23;27213.882;146239.782;10383.411;Agricultura, inclusive apoio à agricultura e a pós colheita;Administração, defesa, educação e saúde públicas e seguridade social;Pecuária, inclusive apoio à pecuária;7;True;81.4;0.819372;281.67;296.62;5.085973;4.2;;81.4;0.819372;281.67;296.62;5.085973;4.2;;95.9;0.959807;269.75;272.03;5.696333;5.5;;93.9;0.943692;258.75;265.8;5.409167;5.1;;98.3;0.983277;237.78;227.82;6.644021;6.5;;96.7;0.963395;225.06;226.53;6.377818;6.1;;;;;;;;;97.6;0.974599;276.12;275.63;5.8625;5.7;;;;;;;;;;;;;;;;;;;;;;;;;;;;;
4;Sul;43;RS;Rio Grande do Sul;4300471;Almirante Tamandaré do Sul;223166.993;113340.27;267475.401;135843.27;276411.847;142848.5;156681.866;28161.484;52314.033;19604.688;256762.07;19649.777;Agricultura, inclusive apoio à agricultura e a pós colheita;Demais serviços;Pecuária, inclusive apoio à pecuária;2;True;;;;;;;;;;;;;;;92.2;0.91954;264.88;270.57;5.590833;5.1;;;;;;;;;;;;;;;;;;;;;;;;;;;;;;93.2;0.906987;264.88;270.57;5.590833;5.1;;;;;;;;;;;;;;;;;;;;;;;;;;;;;
4;Sul;43;RS;Rio Grande do Sul;4300505;Alpestre;302869.447;42555.77;256623.881;36057.87;196383.735;33370.22;67275.681;25565.628;44935.29;50266.926;188043.524;8340.21;Administração, defesa, educação e saúde públicas e seguridade social;Demais serviços;Agricultura, inclusive apoio à agricultura e a pós colheita;8;True;97.2;0.972097;265.56;273.61;4.515248;4.4;;97.2;0.972097;265.56;273.61;4.515248;4.4;;99.7;0.996973;274.29;273.92;5.8035;5.8;;99.5;0.995695;273.03;273.74;5.7795;5.8;;100.0;1.0;257.75;241.83;7.279855;7.3;;100.0;1.0;265.7;248.62;7.555027;7.6;;100.0;1.0;249.01;234.35;6.977061;7.0;;100.0;1.0;275.95;274.16;5.835167;5.8;;;;;;;;;;;;;;;;;;;;;;;;;;;;;
4;Sul;43;RS;Rio Grande do Sul;4300554;Alto Alegre;72441.818;40245.45;67859.366;37699.65;106141.567;66755.7;62503.016;2952.186;20172.453;15898.809;101526.464;4615.103;Agricultura, inclusive apoio à agricultura e a pós colheita;Administração, defesa, educação e saúde públicas e seguridade social;Pecuária, inclusive apoio à pecuária;6;True;71.4;0.711672;290.87;304.82;5.337941;3.8;;71.4;0.711672;290.87;304.82;5.337941;3.8;;100.0;1.0;258.66;267.99;5.444167;5.4;;;;;;;;;98.4;0.988931;243.6;228.95;6.775635;6.7;;;;;;;;;98.4;0.988931;243.6;228.95;6.775635;6.7;;100.0;1.0;258.66;267.99;5.444167;5.4;;;;;;;;;;;;;;;;;;;;;;;;;;;;;
4;Sul;43;RS;Rio Grande do Sul;4300570;Alto Feliz;203171.417;66136.53;174453.624;56788.29;161548.892;53088.69;43492.563;51050.704;25888.848;23132.2;143564.314;17984.577;Indústrias de transformação;Pecuária, inclusive apoio à pecuária;Administração, defesa, educação e saúde públicas e seguridade social;6;True;95.5;0.944141;303.08;300.74;5.448352;5.1;;95.5;0.944141;303.08;300.74;5.448352;5.1;;93.8;0.939224;266.16;264.36;5.508667;5.2;;97.3;0.963066;278.87;262.6;5.691167;5.5;;100.0;1.0;249.65;233.66;6.976729;7.0;;100.0;1.0;249.65;233.66;6.976729;7.0;;;;;;;;;;;;;;;;;;;;;;;;;;;;;;;;;;;;;;;;;;;
4;Sul;43;RS;Rio Grande do Sul;4300604;Alvorada;4129934.297;22048.07;3529383.792;18841.97;3302273.337;15550.94;1325.751;475711.71;1415571.925;1066413.27;2959022.656;343250.681;Administração, defesa, educação e saúde públicas e seguridade social;Demais serviços;Comércio e reparação de veículos automotores e motocicletas;8;True;75.2;0.805844;259.06;269.87;4.367967;3.5;;75.7;0.806416;261.01;271.12;4.414068;3.6;;85.3;0.853242;236.18;248.25;4.7405;4.0;;83.6;0.83781;239.44;249.61;4.8175;4.0;;93.1;0.930787;203.7;196.83;5.430185;5.1;;93.4;0.932357;205.54;198.69;5.499117;5.1;;92.4;0.925614;199.16;192.25;5.260271;4.9;;86.9;0.86855;233.84;247.27;4.685167;4.1;;;;;;;;;;;;;;;;;;;;;;;;;;;;;
4;Sul;43;RS;Rio Grande do Sul;4300638;Amaral Ferrador;174054.484;32778.62;147333.482;27746.42;147633.404;20688.54;58337.401;4029.205;35722.946;44830.062;142919.614;4713.79;Administração, defesa, educação e saúde públicas e seguridade social;Agricultura, inclusive apoio à agricultura e a pós colheita;Demais serviços;4;True;;;;;;;;;;;;;;;89.3;0.891692;254.32;248.19;5.041833;4.5;;;;;;;;;96.0;0.958889;200.97;180.56;5.082267;4.9;;;;;;;;;94.0;0.929621;203.89;182.91;5.18072;4.8;;94.4;0.948153;249.23;246.68;4.931833;4.7;;;;;;;;;;;;;;;;;;;;;;;;;;;;;
4;Sul;43;RS;Rio Grande do Sul;4300646;Ametista do Sul;203478.293;26598.47;181655.19;23745.78;177771.981;24036.23;25211.046;44189.622;44539.693;45172.743;159113.103;18658.878;Administração, defesa, educação e saúde públicas e seguridade social;Indústrias de transformação;Demais serviços;7;True;76.8;0.764267;277.42;281.06;4.793348;3.7;;76.8;0.764267;277.42;281.06;4.793348;3.7;;81.5;0.814521;260.87;267.35;5.470333;4.5;;;;;;;;;96.2;0.960375;222.96;210.34;6.043378;5.8;;95.5;0.953801;219.46;208.62;5.945312;5.7;;98.9;0.983589;238.53;218.01;6.47997;6.4;;77.3;0.751304;242.34;257.67;5.000167;3.8;;;;;;;;;;;;;;;;;;;;;;;;;;;;;
4;Sul;43;RS;Rio Grande do Sul;4300661;André da Rocha;112013.387;98690.21;105227.878;92711.79;193089.736;142923.56;137604.638;5517.474;29133.972;14485.068;186741.153;6348.583;Agricultura, inclusive apoio à agricultura e a pós colheita;Demais serviços;Administração, defesa, educação e saúde públicas e seguridade social;2;True;;;;;;;;;;;;;;;;;;;;;;;;;;;;;95.7;0.9375;254.97;245.54;7.294256;6.8;;95.7;0.9375;254.97;245.54;7.294256;6.8;;;;;;;;;;;;;;;;;;;;;;;;;;;;;;;;;;;;;;;;;;;
4;Sul;43;RS;Rio Grande do Sul;4300703;Anta Gorda;333257.468;55943.84;295481.46;49602.39;322292.755;54248.91;130819.875;20625.894;98989.065;36052.632;286487.466;35805.289;Pecuária, inclusive apoio à pecuária;Demais serviços;Comércio e reparação de veículos automotores e motocicletas;6;True;90.8;0.909327;281.11;279.12;4.816132;4.4;;90.8;0.909327;281.11;279.12;4.816132;4.4;;99.4;0.993371;286.27;267.42;5.894833;5.9;;;;;;;;;98.7;0.986953;238.31;220.3;6.517408;6.4;;;;;;;;;98.2;0.978261;238.31;220.3;6.517408;6.4;;99.2;0.992066;286.27;267.42;5.894833;5.8;;;;;;;;;;;;;;;;;;;;;;;;;;;;;
4;Sul;43;RS;Rio Grande do Sul;4300802;Antônio Prado;926442.744;71018.99;821731.524;63307.51;797512.764;61154.26;83538.591;262422.005;254353.255;80503.457;680817.308;116695.455;Indústrias de transformação;Demais serviços;Administração, defesa, educação e saúde públicas e seguridade social;8;True;83.7;0.841052;299.89;289.35;5.233039;4.4;;83.7;0.841052;299.89;289.35;5.233039;4.4;;89.9;0.898363;273.37;269.66;5.717167;5.1;;92.6;0.928746;274.38;275.08;5.824333;5.4;;95.5;0.954651;230.78;209.25;6.172797;5.9;;95.7;0.953616;229.49;211.97;6.197633;5.9;;95.3;0.955873;232.75;205.09;6.134756;5.9;;87.6;0.871168;272.67;265.93;5.643333;4.9;;;;;;;;;;;;;;;;;;;;;;;;;;;;;
4;Sul;43;RS;Rio Grande do Sul;4300851;Arambaré;233581.546;56804.85;233906.639;56883.91;285089.122;80442.75;190606.431;10440.211;46393.728;31118.772;278559.142;6529.98;Agricultura, inclusive apoio à agricultura e a pós colheita;Demais serviços;Administração, defesa, educação e saúde públicas e seguridade social;7;True;90.2;0.902428;271.76;291.58;4.871338;4.4;;90.2;0.902428;271.76;291.58;4.871338;4.4;;90.7;0.899167;248.59;253.56;5.035833;4.5;;89.8;0.89448;261.23;244.42;5.094167;4.6;;95.1;0.942467;205.13;206.52;5.633656;5.3;;94.2;0.931634;205.13;206.52;5.633656;5.2;;;;;;;;;92.1;0.905869;235.96;262.69;4.9775;4.5;;;;;;;;;;;;;;;;;;;;;;;;;;;;;
4;Sul;43;RS;Rio Grande do Sul;4300877;Araricá;322955.377;37883.33;289317.344;33937.52;236432.38;40485.0;1257.785;91220.05;66928.606;45460.416;204866.856;31565.523;Indústrias de transformação;Demais serviços;Administração, defesa, educação e saúde públicas e seguridade social;6;True;77.4;0.788405;296.92;297.29;5.310188;4.2;;77.4;0.788405;296.92;297.29;5.310188;4.2;;89.2;0.886751;256.03;255.42;5.190833;4.6;;91.4;0.911793;259.43;257.04;5.2745;4.8;;93.6;0.938444;236.76;229.96;6.663464;6.3;;93.6;0.938281;236.76;229.96;6.663464;6.3;;;;;;;;;;;;;;;;;;;;;;;;;;;;;;;;;;;;;;;;;;;
4;Sul;43;RS;Rio Grande do Sul;4300901;Aratiba;1185217.051;182819.23;1178832.186;181834.36;946971.906;154104.46;113658.622;698597.243;64230.438;53001.675;929487.976;17483.929;Eletricidade e gás, água, esgoto, atividades de gestão de resíduos e descontaminação;Pecuária, inclusive apoio à pecuária;Administração, defesa, educação e saúde públicas e seguridade social;8;True;92.6;0.92888;305.58;295.35;5.402775;5.0;;92.6;0.92888;305.58;295.35;5.402775;5.0;;99.6;0.994924;280.46;270.23;5.844833;5.8;;100.0;1.0;296.66;282.5;6.319333;6.3;;100.0;1.0;240.8;226.67;6.680745;6.7;;100.0;1.0;244.25;231.66;6.837312;6.8;;100.0;1.0;233.7;216.39;6.35834;6.4;;98.8;0.989158;260.89;255.41;5.271667;5.2;;;;;;;;;;;;;;;;;;;;;;;;;;;;;
4;Sul;43;RS;Rio Grande do Sul;4301008;Arroio do Meio;1943138.022;88493.4;1781075.948;81094.38;1536560.062;72750.35;89636.05;618763.526;452911.543;120174.86;1281485.979;255074.083;Indústrias de transformação;Demais serviços;Administração, defesa, educação e saúde públicas e seguridade social;5;True;;;;;;;;;;;;;;;93.9;0.939787;279.05;271.95;5.85;5.5;;94.2;0.943297;282.69;276.81;5.991667;5.7;;96.7;0.969508;243.48;227.72;6.750981;6.5;;96.7;0.969508;243.48;227.72;6.750981;6.5;;;;;;;;;90.4;0.900856;249.94;233.04;4.716333;4.2;;;;;;;;;;;;;;;;;;;;;;;;;;;;;
4;Sul;43;RS;Rio Grande do Sul;4301057;Arroio do Sal;353686.792;31987.59;308206.172;27874.3;285580.398;27242.24;3597.415;25137.459;153272.364;79717.63;261724.868;23855.53;Demais serviços;Administração, defesa, educação e saúde públicas e seguridade social;Comércio e reparação de veículos automotores e motocicletas;7;True;91.2;0.914964;275.62;278.28;4.72645;4.3;;91.2;0.914964;275.62;278.28;4.72645;4.3;;91.2;0.911135;256.33;267.68;5.400167;4.9;;89.9;0.899046;253.18;267.27;5.340833;4.8;;95.2;0.949749;219.2;210.64;5.977077;5.7;;95.2;0.949749;219.2;210.64;5.977077;5.7;;;;;;;;;100.0;1.0;274.7;270.08;5.746333;5.7;;;;;;;;;;;;;;;;;;;;;;;;;;;;;
4;Sul;43;RS;Rio Grande do Sul;4301073;Arroio do Padre;96550.913;37149.25;79174.433;30463.42;76784.699;25888.3;32440.687;2805.106;14102.802;23741.083;73089.678;3695.021;Administração, defesa, educação e saúde públicas e seguridade social;Agricultura, inclusive apoio à agricultura e a pós colheita;Demais serviços;4;True;84.2;0.842061;258.88;261.51;4.24029;3.6;;84.2;0.842061;258.88;261.51;4.24029;3.6;;;;;;;;;;;;;;;;94.0;0.939131;241.36;226.73;6.692523;6.3;;94.0;0.939131;241.36;226.73;6.692523;6.3;;;;;;;;;;;;;;;;;;;;;;;;;;;;;;;;;;;;;;;;;;;
4;Sul;43;RS;Rio Grande do Sul;4301107;Arroio dos Ratos;404984.553;27736.77;358088.045;24524.9;357347.875;25163.57;85045.038;37878.064;120837.869;88920.116;332681.087;24666.788;Demais serviços;Administração, defesa, educação e saúde públicas e seguridade social;Produção florestal, pesca e aquicultura;8;True;75.1;0.763023;262.96;278.43;4.550886;3.5;;75.1;0.763023;262.96;278.43;4.550886;3.5;;89.9;0.897243;244.28;249.8;4.901333;4.4;;90.5;0.904092;243.76;248.75;4.875167;4.4;;93.3;0.934087;203.62;194.91;5.393749;5.0;;93.2;0.931441;204.43;195.57;5.421207;5.0;;93.8;0.943139;201.27;193.03;5.31472;5.0;;88.2;0.879385;245.5;252.29;4.963167;4.4;;;;;;;;;;;;;;;;;;;;;;;;;;;;;
4;Sul;43;RS;Rio Grande do Sul;4301206;Arroio do Tigre;472739.311;39205.45;403055.375;33426.39;429273.362;31911.49;163722.857;28257.615;131096.221;78881.529;401958.223;27315.14;Agricultura, inclusive apoio à agricultura e a pós colheita;Demais serviços;Administração, defesa, educação e saúde públicas e seguridade social;7;True;88.4;0.88474;295.41;281.68;5.055298;4.5;;88.4;0.88474;295.41;281.68;5.055298;4.5;;96.8;0.967692;251.09;243.33;4.907;4.7;;;;;;;;;98.9;0.988663;235.05;224.04;6.523194;6.4;;98.6;0.985369;197.64;180.96;5.02599;5.0;;100.0;1.0;258.99;251.62;7.481519;7.5;;100.0;1.0;288.77;288.12;6.2815;6.3;;;;;;;;;;;;;;;;;;;;;;;;;;;;;
4;Sul;43;RS;Rio Grande do Sul;4301305;Arroio Grande;965508.115;54989.64;1005950.314;57292.99;1131511.845;62222.26;675999.037;45049.211;246320.611;112713.843;1080082.702;51429.143;Agricultura, inclusive apoio à agricultura e a pós colheita;Demais serviços;Administração, defesa, educação e saúde públicas e seguridade social;6;True;;;;;;;;;;;;;;;89.2;0.891377;232.3;239.85;4.535833;4.0;;92.9;0.930153;235.78;243.62;4.656667;4.3;;92.8;0.925366;219.76;206.26;5.908128;5.5;;94.6;0.944752;218.95;203.77;5.847397;5.5;;91.6;0.91227;220.1;207.31;5.933707;5.4;;87.5;0.873542;231.25;238.7;4.499167;3.9;;;;;;;;;;;;;;;;;;;;;;;;;;;;;
4;Sul;43;RS;Rio Grande do Sul;4301404;Arvorezinha;404652.153;39202.88;346013.892;33521.98;336248.132;32263.3;83483.8;35137.135;129312.446;58531.769;306465.15;29782.982;Demais serviços;Agricultura, inclusive apoio à agricultura e a pós colheita;Administração, defesa, educação e saúde públicas e seguridade social;5;True;;;;;;;;;;;;;;;97.3;0.972669;264.55;266.1;5.510833;5.4;;96.6;0.96694;256.21;257.0;5.220167;5.0;;99.6;0.996178;245.89;230.97;6.856065;6.8;;;;;;;;;99.4;0.994555;249.64;232.94;6.963448;6.9;;97.7;0.978375;268.71;270.65;5.656;5.5;;;;;;;;;;;;;;;;;;;;;;;;;;;;;
4;Sul;43;RS;Rio Grande do Sul;4301503;Augusto Pestana;350687.048;49054.0;343697.009;48076.24;504184.31;77033.51;243198.048;22390.163;161680.175;41167.912;468436.299;35748.012;Agricultura, inclusive apoio à agricultura e a pós colheita;Demais serviços;Pecuária, inclusive apoio à pecuária;6;True;84.4;0.842177;307.35;306.34;5.592156;4.7;;84.4;0.842177;307.35;306.34;5.592156;4.7;;88.8;0.882843;282.22;274.79;5.950167;5.3;;;;;;;;;98.2;0.982491;263.51;242.22;7.39687;7.3;;;;;;;;;99.3;0.993432;263.51;242.22;7.39687;7.3;;89.7;0.89148;282.22;274.79;5.950167;5.3;;;;;;;;;;;;;;;;;;;;;;;;;;;;;
4;Sul;43;RS;Rio Grande do Sul;4301552;Áurea;177755.631;52342.65;155194.591;45699.23;163439.24;46471.21;68471.12;13627.525;43894.679;26470.385;152463.709;10975.531;Agricultura, inclusive apoio à agricultura e a pós colheita;Demais serviços;Administração, defesa, educação e saúde públicas e seguridade social;6;True;95.8;0.960876;286.76;290.83;5.070785;4.9;;95.8;0.960876;286.76;290.83;5.070785;4.9;;89.6;0.899944;278.58;270.68;5.821;5.2;;;;;;;;;96.2;0.955766;272.58;236.61;7.467961;7.1;;;;;;;;;100.0;1.0;272.58;236.61;7.467961;7.5;;93.8;0.945668;278.58;270.68;5.821;5.5;;;;;;;;;;;;;;;;;;;;;;;;;;;;;
4;Sul;43;RS;Rio Grande do Sul;4301602;Bagé;4414767.606;37432.95;4135744.096;35067.1;3748436.997;30846.76;398452.249;422684.224;1781941.797;769883.383;3372961.653;375475.344;Demais serviços;Administração, defesa, educação e saúde públicas e seguridade social;Comércio e reparação de veículos automotores e motocicletas;8;True;80.6;0.849627;270.71;277.06;4.639226;3.9;;81.0;0.847189;275.58;280.85;4.764361;4.0;;88.8;0.888057;253.99;260.02;5.2335;4.6;;86.9;0.869906;252.66;257.89;5.175833;4.5;;95.6;0.956345;218.28;212.0;5.984247;5.7;;95.1;0.951446;221.48;214.97;6.099316;5.8;;96.6;0.96685;212.16;206.32;5.76418;5.6;;91.3;0.913176;255.67;262.71;5.306333;4.8;;;;;;;;;;;;;;;;;;;;;;;;;;;;;
4;Sul;43;RS;Rio Grande do Sul;4301636;Balneário Pinhal;333149.046;22276.77;332681.911;22245.53;312094.778;21310.67;26133.457;23357.499;139668.049;100671.36;289830.365;22264.413;Demais serviços;Administração, defesa, educação e saúde públicas e seguridade social;Comércio e reparação de veículos automotores e motocicletas;7;True;83.1;0.837656;259.95;278.18;4.504869;3.8;;83.1;0.837656;259.95;278.18;4.504869;3.8;;84.5;0.84566;249.26;262.57;5.197167;4.4;;83.8;0.839203;246.11;259.76;5.097833;4.3;;87.4;0.862678;217.26;208.26;5.896781;5.1;;87.4;0.862678;217.26;208.26;5.896781;5.1;;;;;;;;;100.0;1.0;270.05;281.1;5.8525;5.9;;;;;;;;;;;;;;;;;;;;;;;;;;;;;
4;Sul;43;RS;Rio Grande do Sul;4301651;Barão;462911.085;71646.97;319646.661;49473.25;308102.42;49438.77;39226.044;130019.361;51687.466;36777.906;257710.777;50391.643;Indústrias de transformação;Administração, defesa, educação e saúde públicas e seguridade social;Demais serviços;7;True;89.6;0.929958;308.92;297.7;5.484865;5.1;;89.6;0.929958;308.92;297.7;5.484865;5.1;;94.3;0.93963;274.21;272.48;5.778167;5.4;;91.9;0.912237;280.78;272.95;5.8955;5.4;;97.8;0.978014;241.81;234.61;6.844384;6.7;;97.7;0.977808;245.83;235.69;6.940738;6.8;;;;;;;;;96.7;0.962921;261.52;271.57;5.5515;5.3;;;;;;;;;;;;;;;;;;;;;;;;;;;;;
4;Sul;43;RS;Rio Grande do Sul;4301701;Barão de Cotegipe;324768.863;45460.37;303205.593;42441.99;341673.55;51643.52;123847.838;37642.957;105470.504;40890.013;307851.313;33822.238;Agricultura, inclusive apoio à agricultura e a pós colheita;Demais serviços;Comércio e reparação de veículos automotores e motocicletas;7;True;91.6;0.910377;280.31;279.18;4.805794;4.4;;91.6;0.910377;280.31;279.18;4.805794;4.4;;97.3;0.972497;258.56;271.83;5.5065;5.4;;;;;;;;;99.7;0.996553;233.96;228.01;6.574575;6.6;;99.6;0.995106;231.51;227.2;6.513092;6.5;;100.0;1.0;237.15;229.05;6.654362;6.7;;97.3;0.972497;258.56;271.83;5.5065;5.4;;;;;;;;;;;;;;;;;;;;;;;;;;;;;
4;Sul;43;RS;Rio Grande do Sul;4301750;Barão do Triunfo;142447.239;24188.7;157243.887;26701.29;142319.419;18850.25;65886.499;4638.065;22594.267;43580.898;136699.728;5619.691;Administração, defesa, educação e saúde públicas e seguridade social;Agricultura, inclusive apoio à agricultura e a pós colheita;Produção florestal, pesca e aquicultura;2;True;;;;;;;;;;;;;;;85.6;0.853732;269.69;279.36;5.8175;5.0;;;;;;;;;;;;;;;;;;;;;;;;;;;;;;98.0;0.980609;269.69;279.36;5.8175;5.7;;;;;;;;;;;;;;;;;;;;;;;;;;;;;
4;Sul;43;RS;Rio Grande do Sul;4301800;Barracão;300014.763;62102.0;253629.721;52500.46;317084.779;60547.03;185122.162;18379.837;62411.177;36670.572;302583.748;14501.032;Agricultura, inclusive apoio à agricultura e a pós colheita;Demais serviços;Administração, defesa, educação e saúde públicas e seguridade social;6;True;77.6;0.778351;277.79;290.72;4.943155;3.8;;77.6;0.778351;277.79;290.72;4.943155;3.8;;86.8;0.858291;278.52;286.47;6.083167;5.2;;90.1;0.914244;287.54;283.17;6.1785;5.6;;97.7;0.976451;212.87;193.76;5.549366;5.4;;97.7;0.976451;212.87;193.76;5.549366;5.4;;;;;;;;;;;;;;;;;;;;;;;;;;;;;;;;;;;;;;;;;;;
4;Sul;43;RS;Rio Grande do Sul;4301859;Barra do Guarita;63072.239;19953.25;50753.232;16056.07;56811.54;17394.84;18573.554;2433.84;12018.541;21840.091;54866.026;1945.514;Administração, defesa, educação e saúde públicas e seguridade social;Demais serviços;Agricultura, inclusive apoio à agricultura e a pós colheita;3;True;76.5;0.775264;288.55;285.81;5.020776;3.9;;76.5;0.775264;288.55;285.81;5.020776;3.9;;;;;;;;;;;;;;;;98.2;0.980918;209.18;206.61;5.712583;5.6;;;;;;;;;;;;;;;;;;;;;;;;;;;;;;;;;;;;;;;;;;;;;;;;;;
4;Sul;43;RS;Rio Grande do Sul;4301875;Barra do Quaraí;332589.973;78422.54;231623.353;54615.27;386182.598;91123.78;263546.134;14222.016;58128.39;36264.252;372160.792;14021.806;Agricultura, inclusive apoio à agricultura e a pós colheita;Demais serviços;Administração, defesa, educação e saúde públicas e seguridade social;4;True;;;;;;;;;;;;;;;89.8;0.89488;233.99;252.79;4.779667;4.3;;98.9;0.987841;238.81;251.46;4.837833;4.8;;98.0;0.977938;222.43;207.75;5.986173;5.9;;;;;;;;;93.4;0.929767;210.5;208.87;5.778865;5.4;;;;;;;;;;;;;;;;;;;;;;;;;;;;;;;;;;;;
4;Sul;43;RS;Rio Grande do Sul;4301909;Barra do Ribeiro;581054.183;47529.99;489177.966;40014.56;507428.189;37261.58;222006.554;49671.532;123806.899;77893.014;473378.001;34050.189;Agricultura, inclusive apoio à agricultura e a pós colheita;Demais serviços;Administração, defesa, educação e saúde públicas e seguridade social;8;True;85.7;0.85518;270.64;281.02;4.697524;4.0;;85.7;0.85518;270.64;281.02;4.697524;4.0;;87.8;0.875412;227.34;236.38;4.395333;3.8;;86.8;0.870823;239.42;235.51;4.582167;4.0;;90.2;0.901274;188.48;178.71;4.810272;4.3;;91.5;0.911542;186.66;182.46;4.843721;4.4;;88.7;0.889196;190.01;175.53;4.781652;4.3;;88.5;0.875285;223.32;236.68;4.333333;3.8;;;;;;;;;;;;;;;;;;;;;;;;;;;;;
4;Sul;43;RS;Rio Grande do Sul;4301925;Barra do Rio Azul;78570.978;46327.23;70523.093;41582.01;80747.795;49813.57;52725.768;1287.969;8897.6;15671.012;78582.348;2165.446;Pecuária, inclusive apoio à pecuária;Administração, defesa, educação e saúde públicas e seguridade social;Agricultura, inclusive apoio à agricultura e a pós colheita;0;False;;;;;;;;;;;;;;;;;;;;;;;;;;;;;;;;;;;;;;;;;;;;;;;;;;;;;;;;;;;;;;;;;;;;;;;;;;;;;;;;;;;;
4;Sul;43;RS;Rio Grande do Sul;4301958;Barra Funda;167381.582;67006.24;158838.702;63586.35;165030.035;64389.4;38372.678;33653.315;49364.028;23270.82;144660.841;20369.194;Demais serviços;Administração, defesa, educação e saúde públicas e seguridade social;Agricultura, inclusive apoio à agricultura e a pós colheita;8;True;87.7;0.864016;300.52;302.34;5.436349;4.7;;87.7;0.864016;300.52;302.34;5.436349;4.7;;99.1;0.989691;276.81;275.03;5.864;5.8;;100.0;1.0;274.9;274.14;5.817333;5.8;;100.0;1.0;222.5;206.0;5.95569;6.0;;100.0;1.0;230.0;202.15;6.02882;6.0;;100.0;1.0;214.56;210.08;5.878346;5.9;;97.7;0.975584;278.71;275.91;5.910333;5.8;;;;;;;;;;;;;;;;;;;;;;;;;;;;;
4;Sul;43;RS;Rio Grande do Sul;4302006;Barros Cassal;274473.968;29526.03;222738.646;23960.7;244514.468;21896.16;103558.458;8187.736;56710.795;64831.66;233288.649;11225.819;Agricultura, inclusive apoio à agricultura e a pós colheita;Administração, defesa, educação e saúde públicas e seguridade social;Demais serviços;4;True;;;;;;;;;;;;;;;85.2;0.851995;242.35;237.52;4.6645;4.0;;;;;;;;;93.5;0.931181;211.06;204.46;5.70937;5.3;;;;;;;;;96.1;0.960533;221.71;217.68;6.152978;5.9;;87.1;0.860673;261.95;253.85;5.263333;4.5;;;;;;;;;;;;;;;;;;;;;;;;;;;;;
4;Sul;43;RS;Rio Grande do Sul;4302055;Benjamin Constant do Sul;49986.472;24008.87;45886.157;22039.46;49313.673;25630.81;19516.478;2755.645;8673.689;16896.887;47842.699;1470.974;Administração, defesa, educação e saúde públicas e seguridade social;Agricultura, inclusive apoio à agricultura e a pós colheita;Demais serviços;2;True;;;;;;;;;;;;;;;95.1;0.950474;249.33;245.32;4.910833;4.7;;100.0;1.0;249.33;245.32;4.910833;4.9;;;;;;;;;;;;;;;;;;;;;;;;;;;;;;;;;;;;;;;;;;;;;;;;;;;;;;;;;
4;Sul;43;RS;Rio Grande do Sul;4302105;Bento Gonçalves;9062598.061;73589.32;7759739.076;63009.96;7498525.294;60919.05;104329.086;2456585.89;2985354.024;747145.328;6293414.328;1205110.966;Demais serviços;Indústrias de transformação;Administração, defesa, educação e saúde públicas e seguridade social;9;True;76.3;0.820684;290.88;297.28;5.225207;4.3;;79.6;0.848571;297.24;301.17;5.372766;4.6;;88.9;0.890327;274.86;274.92;5.829667;5.2;;85.5;0.858693;286.15;281.85;6.133333;5.3;;95.6;0.955091;237.66;222.47;6.544458;6.3;;94.3;0.93973;241.11;224.17;6.641207;6.2;;98.3;0.983319;232.06;219.71;6.387406;6.3;;93.1;0.931321;264.25;268.4;5.544167;5.2;;90.8;0.885677;320.72;326.94;6.08832;5.4;;;;;;;;;;;;;;;;;;;;;;
4;Sul;43;RS;Rio Grande do Sul;4302154;Boa Vista das Missões;173199.979;89601.64;162523.335;84078.29;238521.958;114289.39;159796.87;5543.572;43130.718;18848.045;227319.205;11202.753;Agricultura, inclusive apoio à agricultura e a pós colheita;Demais serviços;Comércio e reparação de veículos automotores e motocicletas;8;True;84.1;0.847074;262.69;290.99;4.735118;4.0;;84.1;0.847074;262.69;290.99;4.735118;4.0;;94.8;0.946556;273.77;263.87;5.627333;5.3;;88.0;0.859264;262.16;256.49;5.310833;4.6;;91.8;0.912132;209.19;201.2;5.61441;5.1;;89.8;0.898124;196.71;191.87;5.206606;4.7;;95.7;0.957397;226.67;214.26;6.185452;5.9;;100.0;1.0;282.48;269.41;5.864833;5.9;;;;;;;;;;;;;;;;;;;;;;;;;;;;;
4;Sul;43;RS;Rio Grande do Sul;4302204;Boa Vista do Buricá;354601.866;50904.66;313737.359;45038.38;326886.614;48701.82;82079.434;41300.455;129473.121;40621.909;293474.919;33411.695;Demais serviços;Pecuária, inclusive apoio à pecuária;Comércio e reparação de veículos automotores e motocicletas;8;True;81.0;0.826583;313.97;314.62;5.809085;4.8;;81.0;0.826583;313.97;314.62;5.809085;4.8;;88.9;0.893455;279.93;276.84;5.946167;5.3;;85.2;0.868285;277.69;280.08;5.962833;5.2;;97.9;0.978464;237.11;226.97;6.61578;6.5;;97.8;0.976038;229.02;224.47;6.415936;6.3;;98.2;0.984235;262.31;234.79;7.238878;7.1;;93.0;0.915268;281.22;274.96;5.936333;5.4;;;;;;;;;;;;;;;;;;;;;;;;;;;;;
4;Sul;43;RS;Rio Grande do Sul;4302220;Boa Vista do Cadeado;269990.931;121126.48;230224.212;103285.87;468751.666;190085.83;331893.705;10627.063;81629.873;25043.335;449193.976;19557.69;Agricultura, inclusive apoio à agricultura e a pós colheita;Demais serviços;Comércio e reparação de veículos automotores e motocicletas;6;True;88.9;0.862816;303.46;314.7;5.662671;4.9;;88.9;0.862816;303.46;314.7;5.662671;4.9;;89.7;0.898779;269.0;274.99;5.733167;5.2;;89.7;0.898779;269.0;274.99;5.733167;5.2;;96.9;0.961498;243.38;224.59;6.692164;6.4;;96.9;0.961498;243.38;224.59;6.692164;6.4;;;;;;;;;;;;;;;;;;;;;;;;;;;;;;;;;;;;;;;;;;;
4;Sul;43;RS;Rio Grande do Sul;4302238;Boa Vista do Incra;196998.485;86745.26;194650.644;85711.42;384173.957;146184.92;273985.921;9127.771;60471.121;27161.813;370746.626;13427.331;Agricultura, inclusive apoio à agricultura e a pós colheita;Demais serviços;Administração, defesa, educação e saúde públicas e seguridade social;4;True;78.9;0.784708;276.1;277.76;4.725407;3.7;;78.9;0.784708;276.1;277.76;4.725407;3.7;;;;;;;;;;;;;;;;98.1;0.981529;227.6;207.54;6.081019;6.0;;97.7;0.976597;227.6;207.54;6.081019;5.9;;;;;;;;;;;;;;;;;;;;;;;;;;;;;;;;;;;;;;;;;;;
4;Sul;43;RS;Rio Grande do Sul;4302253;Boa Vista do Sul;134911.77;48546.88;128281.986;46161.2;120127.489;43320.41;32490.39;25929.88;24111.01;20596.769;103128.049;16999.439;Pecuária, inclusive apoio à pecuária;Indústrias de transformação;Administração, defesa, educação e saúde públicas e seguridade social;2;True;;;;;;;;;;;;;;;97.2;0.976648;274.71;272.07;5.779667;5.6;;98.8;0.988357;274.71;272.07;5.779667;5.7;;;;;;;;;;;;;;;;;;;;;;;;;;;;;;;;;;;;;;;;;;;;;;;;;;;;;;;;;
4;Sul;43;RS;Rio Grande do Sul;4302303;Bom Jesus;593402.555;52972.91;432191.386;38581.63;613624.298;54447.59;328272.302;47848.895;139984.107;71006.084;587111.389;26512.91;Agricultura, inclusive apoio à agricultura e a pós colheita;Demais serviços;Administração, defesa, educação e saúde públicas e seguridade social;8;True;87.1;0.901208;267.11;273.42;4.534173;4.1;;87.1;0.901208;267.11;273.42;4.534173;4.1;;91.7;0.918168;267.67;264.57;5.537333;5.1;;85.9;0.862713;277.18;264.28;5.691;4.9;;96.9;0.96902;222.56;214.97;6.119926;5.9;;93.0;0.928709;223.36;205.52;5.963375;5.5;;99.6;0.995935;222.11;220.24;6.207157;6.2;;94.9;0.94846;264.54;264.66;5.486667;5.2;;;;;;;;;;;;;;;;;;;;;;;;;;;;;
4;Sul;43;RS;Rio Grande do Sul;4302352;Bom Princípio;951019.165;72364.87;865227.057;65886.92;906595.961;62757.58;35806.592;295438.406;308255.989;83716.228;723217.215;183378.746;Indústrias de transformação;Demais serviços;Comércio e reparação de veículos automotores e motocicletas;8;True;78.9;0.783211;309.08;294.79;5.443549;4.3;;78.9;0.783211;309.08;294.79;5.443549;4.3;;90.6;0.905358;275.02;264.98;5.666667;5.1;;92.0;0.916724;274.56;264.55;5.651833;5.2;;96.0;0.956985;231.28;218.59;6.352157;6.1;;95.4;0.949677;232.79;220.23;6.410792;6.1;;98.8;0.98674;225.76;212.6;6.137904;6.1;;87.3;0.871975;275.95;265.87;5.697;5.0;;;;;;;;;;;;;;;;;;;;;;;;;;;;;
4;Sul;43;RS;Rio Grande do Sul;4302378;Bom Progresso;73593.306;35111.31;64873.48;30951.09;86280.406;46437.25;41336.906;3421.151;18497.76;19308.45;82564.267;3716.139;Agricultura, inclusive apoio à agricultura e a pós colheita;Administração, defesa, educação e saúde públicas e seguridade social;Demais serviços;0;False;;;;;;;;;;;;;;;;;;;;;;;;;;;;;;;;;;;;;;;;;;;;;;;;;;;;;;;;;;;;;;;;;;;;;;;;;;;;;;;;;;;;
4;Sul;43;RS;Rio Grande do Sul;4302402;Bom Retiro do Sul;509724.682;41461.26;435052.91;35387.42;403056.098;32379.19;33550.478;123410.347;126226.601;73365.632;356553.059;46503.039;Indústrias de transformação;Demais serviços;Administração, defesa, educação e saúde públicas e seguridade social;8;True;80.8;0.810709;295.59;303.36;5.382377;4.4;;80.8;0.810709;295.59;303.36;5.382377;4.4;;91.9;0.919557;269.04;272.17;5.686833;5.2;;89.0;0.89501;270.05;256.38;5.4405;4.9;;94.7;0.947683;251.87;237.3;7.085278;6.7;;93.8;0.937417;249.89;236.27;7.028764;6.6;;99.2;0.994062;260.93;242.01;7.343815;7.3;;94.7;0.947843;268.5;280.7;5.82;5.5;;;;;;;;;;;;;;;;;;;;;;;;;;;;;
4;Sul;43;RS;Rio Grande do Sul;4302451;Boqueirão do Leão;199040.09;31882.12;153755.908;24612.76;150394.643;19554.63;69998.425;6637.245;27463.848;41281.468;145380.986;5013.657;Agricultura, inclusive apoio à agricultura e a pós colheita;Administração, defesa, educação e saúde públicas e seguridade social;Demais serviços;4;True;;;;;;;;;;;;;;;94.4;0.942085;230.6;241.61;4.536833;4.3;;;;;;;;;98.6;0.986233;242.06;233.98;6.8377;6.7;;;;;;;;;100.0;1.0;242.06;233.98;6.8377;6.8;;95.6;0.954515;230.6;241.61;4.536833;4.3;;;;;;;;;;;;;;;;;;;;;;;;;;;;;
4;Sul;43;RS;Rio Grande do Sul;4302501;Bossoroca;250550.159;42538.23;260907.377;44296.67;490599.017;79967.24;312723.606;11968.306;97785.975;44675.758;467153.644;23445.373;Agricultura, inclusive apoio à agricultura e a pós colheita;Demais serviços;Pecuária, inclusive apoio à pecuária;7;True;86.6;0.867369;285.54;282.37;4.927003;4.3;;86.7;0.864477;285.54;282.37;4.927003;4.3;;92.9;0.927183;245.88;243.77;4.8275;4.5;;88.2;0.870434;231.2;224.41;4.260167;3.7;;99.0;0.989401;217.2;207.49;5.881636;5.8;;;;;;;;;99.2;0.992374;227.03;212.18;6.154505;6.1;;98.0;0.98138;252.12;252.0;5.068667;5.0;;;;;;;;;;;;;;;;;;;;;;;;;;;;;
4;Sul;43;RS;Rio Grande do Sul;4302584;Bozano;119424.69;55520.54;133110.457;61883.06;227410.127;108342.13;130939.643;6094.206;55049.998;19490.077;211573.924;15836.203;Agricultura, inclusive apoio à agricultura e a pós colheita;Comércio e reparação de veículos automotores e motocicletas;Demais serviços;4;True;94.0;0.943391;252.61;264.71;4.200132;4.0;;94.0;0.943391;252.61;264.71;4.200132;4.0;;97.5;0.974428;297.32;275.41;6.212167;6.1;;;;;;;;;;;;;;;;;;;;;;;;;;;;;;97.5;0.974428;297.32;275.41;6.212167;6.1;;;;;;;;;;;;;;;;;;;;;;;;;;;;;
4;Sul;43;RS;Rio Grande do Sul;4302600;Braga;109438.7;33487.97;96634.109;29569.8;130948.737;40033.24;61984.893;3709.061;32155.911;25879.166;123729.031;7219.706;Agricultura, inclusive apoio à agricultura e a pós colheita;Administração, defesa, educação e saúde públicas e seguridade social;Demais serviços;7;True;85.9;0.864569;271.59;265.11;4.472693;3.9;;85.9;0.864569;271.59;265.11;4.472693;3.9;;93.0;0.928873;242.7;249.62;4.872;4.5;;;;;;;;;97.4;0.972239;203.37;188.67;5.275523;5.1;;93.5;0.920351;157.76;147.63;3.658922;3.4;;100.0;1.0;241.96;223.39;6.643246;6.6;;94.2;0.945084;242.7;249.62;4.872;4.6;;;;;;;;;;;;;;;;;;;;;;;;;;;;;
4;Sul;43;RS;Rio Grande do Sul;4302659;Brochier;132265.49;26634.21;113650.857;22885.79;117700.928;22934.71;28095.019;13386.999;35675.103;31076.198;108233.32;9467.608;Administração, defesa, educação e saúde públicas e seguridade social;Demais serviços;Pecuária, inclusive apoio à pecuária;7;True;78.7;0.790313;321.21;310.31;5.84625;4.6;;78.7;0.790313;321.21;310.31;5.84625;4.6;;92.8;0.924332;307.21;290.9;6.635167;6.1;;;;;;;;;97.2;0.967299;228.04;210.2;6.137779;5.9;;97.7;0.965134;222.59;205.97;5.956863;5.7;;96.1;0.9536;231.1;212.56;6.239085;5.9;;92.4;0.922196;307.21;290.9;6.635167;6.1;;;;;;;;;;;;;;;;;;;;;;;;;;;;;
4;Sul;43;RS;Rio Grande do Sul;4302709;Butiá;567080.683;29714.98;545589.911;28588.87;543350.848;25919.52;128895.261;89501.31;168309.761;122448.458;509154.79;34196.058;Demais serviços;Administração, defesa, educação e saúde públicas e seguridade social;Agricultura, inclusive apoio à agricultura e a pós colheita;8;True;80.9;0.828328;269.42;283.86;4.722904;3.9;;80.9;0.828328;269.42;283.86;4.722904;3.9;;91.8;0.918921;242.75;258.09;5.014;4.6;;92.2;0.924791;228.39;244.91;4.555;4.2;;93.9;0.938808;215.75;205.51;5.817965;5.5;;93.1;0.928222;208.74;196.01;5.511459;5.1;;95.7;0.959395;228.73;223.11;6.385675;6.1;;91.3;0.912792;258.72;272.74;5.524333;5.0;;;;;;;;;;;;;;;;;;;;;;;;;;;;;
4;Sul;43;RS;Rio Grande do Sul;4302808;Caçapava do Sul;1175802.486;36161.85;1071097.708;32941.65;1122673.641;33536.67;257113.557;195153.932;387617.638;200890.745;1040775.871;81897.77;Demais serviços;Administração, defesa, educação e saúde públicas e seguridade social;Agricultura, inclusive apoio à agricultura e a pós colheita;8;True;87.1;0.904095;272.5;279.19;4.696252;4.2;;87.1;0.904095;272.5;279.19;4.696252;4.2;;90.7;0.907238;254.31;259.61;5.232;4.7;;86.0;0.858667;254.19;259.99;5.236333;4.5;;94.4;0.943013;223.71;212.35;6.094237;5.7;;92.0;0.916681;211.35;199.39;5.622722;5.2;;99.3;0.993538;241.25;230.74;6.763333;6.7;;96.4;0.963663;254.42;259.26;5.228;5.0;;;;;;;;;;;;;;;;;;;;;;;;;;;;;
4;Sul;43;RS;Rio Grande do Sul;4302907;Cacequi;566822.982;50804.25;417324.302;37404.71;623088.146;50694.67;367036.593;21461.057;134337.102;78987.769;601822.521;21265.625;Agricultura, inclusive apoio à agricultura e a pós colheita;Demais serviços;Administração, defesa, educação e saúde públicas e seguridade social;8;True;89.0;0.889608;242.95;241.52;3.717302;3.3;;89.0;0.889608;242.95;241.52;3.717302;3.3;;95.2;0.951477;226.78;238.25;4.417167;4.2;;94.1;0.939624;227.38;235.42;4.38;4.1;;91.9;0.920266;199.58;197.01;5.354831;4.9;;93.4;0.932225;195.24;196.26;5.258371;4.9;;90.2;0.900437;207.37;198.35;5.527859;5.0;;96.7;0.968921;225.97;242.05;4.467;4.3;;;;;;;;;;;;;;;;;;;;;;;;;;;;;
4;Sul;43;RS;Rio Grande do Sul;4303004;Cachoeira do Sul;3371237.249;42103.62;3408150.105;42564.63;3542706.333;43441.07;972403.911;478213.877;1327161.992;446325.03;3224104.811;318601.522;Demais serviços;Agricultura, inclusive apoio à agricultura e a pós colheita;Administração, defesa, educação e saúde públicas e seguridade social;8;True;82.3;0.866887;271.47;281.74;4.71996;4.1;;82.3;0.866887;271.47;281.74;4.71996;4.1;;88.3;0.882664;255.55;263.4;5.315833;4.7;;86.1;0.862186;264.91;269.51;5.573667;4.8;;94.9;0.948891;221.87;214.17;6.092213;5.8;;93.4;0.93328;224.87;217.21;6.204738;5.8;;96.4;0.963265;219.88;212.16;6.01769;5.8;;89.8;0.898108;251.25;260.59;5.197333;4.7;;;;;;;;;;;;;;;;;;;;;;;;;;;;;
4;Sul;43;RS;Rio Grande do Sul;4303103;Cachoeirinha;7781824.403;57110.95;7094389.726;52065.86;6458503.943;48874.74;976.777;1448296.014;2967071.763;803119.269;5219463.823;1239040.121;Demais serviços;Comércio e reparação de veículos automotores e motocicletas;Indústrias de transformação;8;True;82.0;0.739929;268.27;277.45;4.610794;3.4;;82.0;0.739929;268.27;277.45;4.610794;3.4;;89.0;0.889621;246.45;256.65;5.051667;4.5;;88.4;0.882924;247.97;257.1;5.0845;4.5;;93.0;0.930316;219.85;211.23;6.000209;5.6;;92.1;0.921928;220.58;210.71;6.004686;5.5;;95.9;0.958611;217.65;212.81;5.986951;5.7;;90.1;0.900709;244.16;255.96;5.002;4.5;;;;;;;;;;;;;;;;;;;;;;;;;;;;;
4;Sul;43;RS;Rio Grande do Sul;4303202;Cacique Doble;154022.394;33461.31;135719.78;29485.07;169235.943;33294.5;89382.59;7002.779;34253.667;32989.793;163628.829;5607.114;Agricultura, inclusive apoio à agricultura e a pós colheita;Administração, defesa, educação e saúde públicas e seguridade social;Demais serviços;4;True;;;;;;;;;;;;;;;94.7;0.945493;260.29;261.63;5.365333;5.1;;98.3;0.982646;260.29;261.63;5.365333;5.3;;98.9;0.988769;245.3;235.37;6.924805;6.8;;99.4;0.993221;245.3;235.37;6.924805;6.9;;;;;;;;;;;;;;;;;;;;;;;;;;;;;;;;;;;;;;;;;;;
4;Sul;43;RS;Rio Grande do Sul;4303301;Caibaté;180411.933;38352.88;178309.372;37905.9;264916.499;55167.95;128979.547;11317.558;75428.18;32965.934;248691.219;16225.28;Agricultura, inclusive apoio à agricultura e a pós colheita;Demais serviços;Administração, defesa, educação e saúde públicas e seguridade social;7;True;82.3;0.823314;292.7;299.42;5.282805;4.3;;82.3;0.823314;292.7;299.42;5.282805;4.3;;85.1;0.841452;259.51;256.32;5.263833;4.4;;81.1;0.783443;247.42;252.55;4.9995;3.9;;97.3;0.973089;221.93;207.31;5.968631;5.8;;96.3;0.964472;221.53;206.96;5.954634;5.7;;100.0;1.0;222.24;207.59;5.979638;6.0;;;;;;;;;;;;;;;;;;;;;;;;;;;;;;;;;;;;
4;Sul;43;RS;Rio Grande do Sul;4303400;Caiçara;159894.473;33063.37;123647.21;25568.07;149121.997;32007.3;76574.912;6779.425;28811.587;32500.177;144666.101;4455.896;Agricultura, inclusive apoio à agricultura e a pós colheita;Pecuária, inclusive apoio à pecuária;Administração, defesa, educação e saúde públicas e seguridade social;6;True;85.5;0.849861;294.62;286.93;5.122795;4.4;;85.5;0.849861;294.62;286.93;5.122795;4.4;;98.1;0.981252;250.98;255.06;5.100667;5.0;;;;;;;;;100.0;1.0;244.29;232.68;6.856621;6.9;;;;;;;;;100.0;1.0;244.29;232.68;6.856621;6.9;;98.1;0.98153;250.98;255.06;5.100667;5.0;;;;;;;;;;;;;;;;;;;;;;;;;;;;;
4;Sul;43;RS;Rio Grande do Sul;4303509;Camaquã;3154677.298;50718.28;2849113.962;45805.69;2723674.452;40843.27;652969.666;379940.541;1037104.371;386751.421;2456765.999;266908.452;Demais serviços;Agricultura, inclusive apoio à agricultura e a pós colheita;Administração, defesa, educação e saúde públicas e seguridade social;8;True;79.2;0.838513;274.07;283.62;4.78462;4.0;;79.4;0.820184;286.15;294.51;5.117307;4.2;;93.0;0.929736;259.25;266.37;5.427;5.0;;93.3;0.93344;252.66;259.24;5.198333;4.9;;96.9;0.967883;227.83;214.16;6.205772;6.0;;96.6;0.964918;221.27;211.27;6.028035;5.8;;97.3;0.972404;236.16;217.83;6.431468;6.3;;92.7;0.925936;265.35;272.96;5.6385;5.2;;;;;;;;;;;;;;;;;;;;;;;;;;;;;
4;Sul;43;RS;Rio Grande do Sul;4303558;Camargo;612434.517;205446.0;605446.498;203101.81;520482.605;189266.4;92101.532;239339.891;101304.984;23645.274;456391.681;64090.924;Indústrias de transformação;Demais serviços;Pecuária, inclusive apoio à pecuária;4;True;90.8;0.905909;295.53;281.55;5.055037;4.6;;90.8;0.905909;295.53;281.55;5.055037;4.6;;91.9;0.909315;262.47;266.98;5.490833;5.0;;;;;;;;;;;;;;;;;;;;;;;;;;;;;;91.9;0.909315;262.47;266.98;5.490833;5.0;;;;;;;;;;;;;;;;;;;;;;;;;;;;;
4;Sul;43;RS;Rio Grande do Sul;4303608;Cambará do Sul;275332.193;43284.42;248068.831;38998.4;242578.337;38003.81;54919.501;55578.812;68094.23;45874.374;224466.917;18111.42;Demais serviços;Administração, defesa, educação e saúde públicas e seguridade social;Indústrias de transformação;5;True;;;;;;;;;;;;;;;92.0;0.920719;241.79;253.78;4.926167;4.5;;;;;;;;;95.4;0.953765;208.1;207.52;5.708518;5.4;;91.1;0.914096;202.41;195.67;5.384475;4.9;;99.5;0.995521;218.42;228.96;6.295282;6.3;;94.5;0.946296;248.45;257.08;5.092167;4.8;;;;;;;;;;;;;;;;;;;;;;;;;;;;;
4;Sul;43;RS;Rio Grande do Sul;4303673;Campestre da Serra;236802.103;73041.98;184638.656;56952.08;204703.304;60171.46;113110.556;17512.957;32824.588;26842.774;190290.874;14412.43;Agricultura, inclusive apoio à agricultura e a pós colheita;Demais serviços;Administração, defesa, educação e saúde públicas e seguridade social;6;True;83.0;0.798684;276.09;283.25;4.807452;3.8;;83.0;0.798684;276.09;283.25;4.807452;3.8;;94.0;0.931548;249.25;267.51;5.279333;4.9;;94.0;0.931548;249.25;267.51;5.279333;4.9;;97.7;0.977251;237.33;218.62;6.46816;6.3;;97.7;0.977251;237.33;218.62;6.46816;6.3;;;;;;;;;;;;;;;;;;;;;;;;;;;;;;;;;;;;;;;;;;;
4;Sul;43;RS;Rio Grande do Sul;4303707;Campina das Missões;203771.408;34643.22;174020.773;29585.31;239169.628;44914.48;118961.482;10526.08;64132.844;34014.128;227634.534;11535.095;Pecuária, inclusive apoio à pecuária;Agricultura, inclusive apoio à agricultura e a pós colheita;Demais serviços;6;True;97.4;0.960043;309.22;303.9;5.581893;5.4;;97.4;0.960043;309.22;303.9;5.581893;5.4;;92.8;0.926657;292.7;293.67;6.4395;6.0;;;;;;;;;99.0;0.99003;248.29;247.46;7.201684;7.1;;99.0;0.99003;248.29;247.46;7.201684;7.1;;;;;;;;;91.5;0.910982;292.7;293.67;6.4395;5.9;;;;;;;;;;;;;;;;;;;;;;;;;;;;;
4;Sul;43;RS;Rio Grande do Sul;4303806;Campinas do Sul;294874.639;55805.19;330120.902;62475.57;399404.256;73663.64;201010.355;15214.307;117777.466;41059.548;375061.676;24342.58;Agricultura, inclusive apoio à agricultura e a pós colheita;Demais serviços;Comércio e reparação de veículos automotores e motocicletas;7;True;88.3;0.876103;290.75;287.49;5.076824;4.4;;88.3;0.876103;290.75;287.49;5.076824;4.4;;99.1;0.99311;261.27;254.09;5.256;5.2;;100.0;1.0;216.88;212.32;3.82;3.8;;99.6;0.996347;269.45;263.3;7.893501;7.9;;;;;;;;;99.2;0.992374;269.45;263.3;7.893501;7.8;;98.8;0.986743;300.99;291.47;6.541;6.5;;;;;;;;;;;;;;;;;;;;;;;;;;;;;
4;Sul;43;RS;Rio Grande do Sul;4303905;Campo Bom;4528757.407;72015.35;3896594.538;61962.83;3600083.042;51443.72;2915.064;1385783.161;1091223.264;430988.156;2910909.646;689173.396;Indústrias de transformação;Demais serviços;Administração, defesa, educação e saúde públicas e seguridade social;8;True;78.5;0.786433;280.61;283.56;4.875576;3.8;;78.5;0.786433;280.61;283.56;4.875576;3.8;;98.5;0.984993;275.18;277.08;5.871;5.8;;99.1;0.990489;277.31;278.61;5.932;5.9;;99.6;0.995581;245.48;232.92;6.883695;6.9;;99.5;0.995177;246.18;233.23;6.90269;6.9;;100.0;1.0;234.97;228.15;6.596395;6.6;;93.7;0.936025;260.05;266.22;5.437833;5.1;;;;;;;;;;;;;;;;;;;;;;;;;;;;;
4;Sul;43;RS;Rio Grande do Sul;4304002;Campo Novo;287302.289;57749.2;262942.9;52852.84;325739.678;76232.08;103576.602;23095.671;120445.815;33233.18;280351.267;45388.411;Agricultura, inclusive apoio à agricultura e a pós colheita;Demais serviços;Comércio e reparação de veículos automotores e motocicletas;7;True;85.0;0.853558;273.72;283.28;4.774615;4.1;;85.0;0.853558;273.72;283.28;4.774615;4.1;;86.7;0.860551;240.09;237.85;4.632333;4.0;;;;;;;;;98.7;0.986949;235.1;221.29;6.474149;6.4;;98.9;0.988275;220.75;207.55;5.950475;5.9;;98.5;0.988275;249.93;235.49;7.015346;6.9;;90.4;0.890865;241.01;235.34;4.605833;4.1;;;;;;;;;;;;;;;;;;;;;;;;;;;;;
4;Sul;43;RS;Rio Grande do Sul;4304101;Campos Borges;105020.137;29067.3;103162.752;28553.21;150033.64;45853.8;75520.147;8165.13;33185.115;24840.541;141710.934;8322.706;Agricultura, inclusive apoio à agricultura e a pós colheita;Administração, defesa, educação e saúde públicas e seguridade social;Demais serviços;7;True;85.7;0.858153;270.92;271.29;4.555798;3.9;;85.7;0.858153;270.92;271.29;4.555798;3.9;;100.0;1.0;252.09;259.96;5.200833;5.2;;100.0;1.0;223.2;241.26;4.407667;4.4;;99.5;0.992374;212.76;212.25;5.883449;5.8;;99.2;0.988931;208.48;211.79;5.793406;5.7;;100.0;1.0;217.91;212.8;5.991731;6.0;;;;;;;;;;;;;;;;;;;;;;;;;;;;;;;;;;;;
4;Sul;43;RS;Rio Grande do Sul;4304200;Candelária;1234676.842;42713.51;1106858.099;38291.64;1078190.999;34255.47;291983.346;179060.707;335930.663;177486.643;984461.36;93729.639;Agricultura, inclusive apoio à agricultura e a pós colheita;Demais serviços;Administração, defesa, educação e saúde públicas e seguridade social;8;True;83.0;0.834012;267.7;270.84;4.503837;3.8;;83.0;0.834012;267.7;270.84;4.503837;3.8;;90.2;0.902649;259.34;258.32;5.294333;4.8;;85.5;0.855293;257.15;253.31;5.174333;4.4;;93.6;0.9330040000000001;230.75;222.17;6.407133;6.0;;91.6;0.902893;221.24;208.8;5.982554;5.4;;98.6;0.988869;239.29;234.18;6.788474;6.7;;94.7;0.946907;260.71;261.47;5.369667;5.1;;;;;;;;;;;;;;;;;;;;;;;;;;;;;
4;Sul;43;RS;Rio Grande do Sul;4304309;Cândido Godói;375021.605;59583.99;329600.325;52367.39;358437.798;58702.55;145175.179;52330.701;96238.292;39386.851;333131.023;25306.774;Pecuária, inclusive apoio à pecuária;Agricultura, inclusive apoio à agricultura e a pós colheita;Demais serviços;8;True;99.0;0.992066;308.45;301.81;5.539791;5.5;;99.0;0.992066;308.45;301.81;5.539791;5.5;;93.2;0.934226;292.69;285.38;6.301167;5.9;;93.6;0.932644;299.0;294.13;6.552167;6.1;;98.7;0.987361;261.56;238.2;7.286565;7.2;;98.3;0.984434;266.03;236.77;7.34587;7.2;;100.0;1.0;257.75;239.41;7.235855;7.2;;92.7;0.924329;284.62;274.19;5.980167;5.5;;;;;;;;;;;;;;;;;;;;;;;;;;;;;
4;Sul;43;RS;Rio Grande do Sul;4304358;Candiota;1699384.339;158672.67;2165913.963;202232.86;2744010.195;282683.65;130044.317;2351042.258;118675.29;83194.197;2682956.063;61054.132;Eletricidade e gás, água, esgoto, atividades de gestão de resíduos e descontaminação;Agricultura, inclusive apoio à agricultura e a pós colheita;Demais serviços;7;True;84.6;0.849523;245.61;268.55;4.159302;3.5;;84.6;0.849523;245.61;268.55;4.159302;3.5;;90.7;0.907313;223.96;230.89;4.2475;3.9;;;;;;;;;94.3;0.94109;209.51;196.81;5.540699;5.2;;90.3;0.902174;218.36;207.4;5.902137;5.3;;96.6;0.966124;206.94;193.74;5.435835;5.3;;91.0;0.910706;222.18;232.46;4.244;3.9;;;;;;;;;;;;;;;;;;;;;;;;;;;;;
4;Sul;43;RS;Rio Grande do Sul;4304408;Canela;1959718.764;40038.38;1782780.568;36423.42;1595265.167;34712.13;20844.182;399881.836;730739.937;290268.698;1441734.654;153530.513;Demais serviços;Administração, defesa, educação e saúde públicas e seguridade social;Eletricidade e gás, água, esgoto, atividades de gestão de resíduos e descontaminação;8;True;78.8;0.83918;272.39;285.51;4.789318;4.0;;78.8;0.83918;272.39;285.51;4.789318;4.0;;92.1;0.921349;252.38;255.5;5.131333;4.7;;91.4;0.915417;246.27;241.51;4.796333;4.4;;95.7;0.957486;221.77;210.72;6.027577;5.8;;95.0;0.949141;217.92;208.86;5.920286;5.6;;96.9;0.970304;226.86;213.19;6.169624;6.0;;92.8;0.926389;257.64;267.52;5.419333;5.0;;;;;;;;;;;;;;;;;;;;;;;;;;;;;
4;Sul;43;RS;Rio Grande do Sul;4304507;Canguçu;1825527.908;36745.73;1653207.184;33277.12;1660011.425;29448.49;592457.442;55072.474;588604.799;313330.935;1549465.65;110545.775;Agricultura, inclusive apoio à agricultura e a pós colheita;Demais serviços;Administração, defesa, educação e saúde públicas e seguridade social;8;True;84.1;0.811567;288.66;291.04;5.100614;4.1;;84.1;0.811567;288.66;291.04;5.100614;4.1;;86.9;0.867018;280.03;286.89;6.115333;5.3;;84.6;0.845812;277.57;290.72;6.138167;5.2;;92.4;0.923433;239.4;229.58;6.706937;6.2;;91.7;0.91602;233.89;225.87;6.53433;6.0;;94.0;0.942061;249.21;236.2;7.014514;6.6;;92.0;0.919681;282.16;283.58;6.095667;5.6;;;;;;;;;;;;;;;;;;;;;;;;;;;;;
4;Sul;43;RS;Rio Grande do Sul;4304606;Canoas;29166696.701;83895.04;28818822.755;82894.41;21995417.891;62892.93;10474.843;8390682.473;8593965.532;1909022.101;18904144.948;3091272.943;Indústrias de transformação;Demais serviços;Comércio e reparação de veículos automotores e motocicletas;8;True;79.4;0.828468;271.21;282.2;4.723194;3.9;;79.9;0.832651;273.59;283.74;4.779675;4.0;;88.1;0.882242;254.37;263.0;5.2895;4.7;;86.8;0.87116;256.84;263.93;5.346167;4.7;;93.8;0.938027;212.77;206.78;5.784185;5.4;;93.2;0.931565;213.16;207.4;5.802901;5.4;;96.1;0.961477;211.27;204.47;5.713559;5.5;;91.6;0.915386;249.16;261.04;5.17;4.7;;;;;;;;;;;;;;;;;;;;;;;;;;;;;
4;Sul;43;RS;Rio Grande do Sul;4304614;Canudos do Vale;66952.744;40430.4;55371.614;33436.97;67987.692;40158.12;39534.967;1618.947;9596.484;15173.619;65924.017;2063.675;Pecuária, inclusive apoio à pecuária;Administração, defesa, educação e saúde públicas e seguridade social;Agricultura, inclusive apoio à agricultura e a pós colheita;6;True;97.4;0.979528;296.74;281.46;5.070684;5.0;;97.4;0.979528;296.74;281.46;5.070684;5.0;;87.9;0.880263;256.63;249.36;5.099833;4.5;;87.9;0.880263;256.63;249.36;5.099833;4.5;;97.5;0.979806;245.54;217.94;6.612476;6.5;;97.5;0.979806;245.54;217.94;6.612476;6.5;;;;;;;;;;;;;;;;;;;;;;;;;;;;;;;;;;;;;;;;;;;
4;Sul;43;RS;Rio Grande do Sul;4304622;Capão Bonito do Sul;223070.869;128719.49;232999.989;134448.93;342053.357;210106.48;239236.09;14393.209;55520.333;19330.339;328479.971;13573.386;Agricultura, inclusive apoio à agricultura e a pós colheita;Demais serviços;Comércio e reparação de veículos automotores e motocicletas;6;True;100.0;1.0;261.49;266.01;4.344312;4.3;;100.0;1.0;261.49;266.01;4.344312;4.3;;93.2;0.94217;239.1;238.51;4.626833;4.4;;93.2;0.94217;239.1;238.51;4.626833;4.4;;99.2;0.993221;243.51;250.92;7.173372;7.1;;99.2;0.993221;243.51;250.92;7.173372;7.1;;;;;;;;;;;;;;;;;;;;;;;;;;;;;;;;;;;;;;;;;;;
4;Sul;43;RS;Rio Grande do Sul;4304630;Capão da Canoa;2588160.821;40698.19;2132259.562;33529.26;1966028.128;35740.12;3527.823;283086.195;1110289.498;381132.883;1778036.4;187991.727;Demais serviços;Administração, defesa, educação e saúde públicas e seguridade social;Comércio e reparação de veículos automotores e motocicletas;8;True;87.8;0.880892;270.72;284.99;4.758079;4.2;;87.8;0.880892;270.72;284.99;4.758079;4.2;;81.4;0.811961;251.39;259.31;5.178333;4.2;;78.6;0.77963;251.87;259.9;5.196167;4.1;;92.6;0.923049;210.65;203.83;5.690091;5.3;;92.0;0.917237;209.74;203.09;5.65927;5.2;;95.8;0.954913;214.85;207.24;5.832244;5.6;;90.8;0.908422;249.9;257.47;5.122833;4.7;;;;;;;;;;;;;;;;;;;;;;;;;;;;;
4;Sul;43;RS;Rio Grande do Sul;4304655;Capão do Cipó;220125.611;70575.7;276461.95;88638.01;644965.498;172220.43;456954.147;15373.318;112277.634;31879.394;616484.493;28481.005;Agricultura, inclusive apoio à agricultura e a pós colheita;Demais serviços;Comércio e reparação de veículos automotores e motocicletas;2;True;;;;;;;;;;;;;;;96.4;0.964288;261.0;247.63;5.143833;5.0;;95.3;0.950074;261.0;247.63;5.143833;4.9;;;;;;;;;;;;;;;;;;;;;;;;;;;;;;;;;;;;;;;;;;;;;;;;;;;;;;;;;
4;Sul;43;RS;Rio Grande do Sul;4304663;Capão do Leão;854021.503;32243.04;784508.083;29618.61;830088.424;32601.07;153536.103;207562.968;230051.093;161810.073;752960.237;77128.187;Demais serviços;Administração, defesa, educação e saúde públicas e seguridade social;Agricultura, inclusive apoio à agricultura e a pós colheita;8;True;81.1;0.812358;259.29;255.59;4.157425;3.4;;81.1;0.812358;259.29;255.59;4.157425;3.4;;77.5;0.778102;238.49;246.66;4.7525;3.7;;74.4;0.746694;233.79;243.13;4.615333;3.4;;89.7;0.89363;196.7;188.26;5.140779;4.6;;88.6;0.882469;197.48;189.16;5.172028;4.6;;94.4;0.943372;193.89;184.99;5.027698;4.7;;87.7;0.87797;249.22;254.73;5.065833;4.4;;;;;;;;;;;;;;;;;;;;;;;;;;;;;
4;Sul;43;RS;Rio Grande do Sul;4304671;Capivari do Sul;399404.821;100076.38;392771.731;98414.37;386833.547;80708.02;152886.192;32111.147;128650.757;35719.613;349367.709;37465.838;Agricultura, inclusive apoio à agricultura e a pós colheita;Demais serviços;Comércio e reparação de veículos automotores e motocicletas;6;True;87.3;0.87523;282.26;308.55;5.272852;4.6;;87.3;0.87523;282.26;308.55;5.272852;4.6;;99.2;0.991933;282.86;285.11;6.132833;6.1;;;;;;;;;98.3;0.982678;240.82;227.09;6.688763;6.6;;98.5;0.98176;240.82;227.09;6.688763;6.6;;;;;;;;;100.0;1.0;302.13;305.68;6.796833;6.8;;;;;;;;;;;;;;;;;;;;;;;;;;;;;
4;Sul;43;RS;Rio Grande do Sul;4304689;Capela de Santana;315947.179;28313.22;275619.646;24699.31;298587.995;24508.58;30504.888;78966.554;85476.453;73388.373;268336.268;30251.727;Administração, defesa, educação e saúde públicas e seguridade social;Indústrias de transformação;Demais serviços;8;True;72.7;0.735524;251.66;266.25;4.209843;3.1;;72.7;0.735524;251.66;266.25;4.209843;3.1;;82.2;0.825896;244.39;253.82;4.970167;4.1;;75.4;0.765347;269.12;279.52;5.810667;4.4;;90.5;0.906507;227.08;211.33;6.140004;5.6;;90.7;0.908194;232.53;215.48;6.319466;5.7;;88.0;0.881068;179.87;175.36;4.58505;4.0;;90.9;0.909367;232.84;241.83;4.577833;4.2;;;;;;;;;;;;;;;;;;;;;;;;;;;;;
4;Sul;43;RS;Rio Grande do Sul;4304697;Capitão;88568.866;30321.42;83791.427;28725.21;95379.058;34432.87;49037.456;6213.513;13521.484;23589.159;92361.612;3017.446;Pecuária, inclusive apoio à pecuária;Administração, defesa, educação e saúde públicas e seguridade social;Demais serviços;6;True;83.9;0.844964;301.61;291.07;5.282945;4.5;;83.9;0.844964;301.61;291.07;5.282945;4.5;;92.7;0.920827;291.6;277.48;6.151333;5.7;;97.0;0.967033;291.6;277.48;6.151333;5.9;;98.5;0.986287;223.8;216.04;6.163045;6.1;;98.5;0.986287;223.8;216.04;6.163045;6.1;;;;;;;;;;;;;;;;;;;;;;;;;;;;;;;;;;;;;;;;;;;
4;Sul;43;RS;Rio Grande do Sul;4304705;Carazinho;3744966.585;60594.24;4263664.455;68986.87;3846857.51;61635.52;253865.767;381381.86;2185544.679;347812.105;3168604.412;678253.098;Comércio e reparação de veículos automotores e motocicletas;Demais serviços;Administração, defesa, educação e saúde públicas e seguridade social;8;True;82.3;0.428315;277.73;282.38;4.817462;2.1;;82.3;0.428315;277.73;282.38;4.817462;2.1;;91.4;0.913989;258.02;267.91;5.432167;5.0;;90.8;0.907601;251.22;260.18;5.19;4.7;;97.7;0.977341;228.23;220.36;6.326133;6.2;;97.2;0.972727;214.72;209.11;5.863763;5.7;;98.2;0.981269;239.45;229.71;6.710255;6.6;;91.9;0.91931;263.48;274.11;5.6265;5.2;;;;;;;;;;;;;;;;;;;;;;;;;;;;;
4;Sul;43;RS;Rio Grande do Sul;4304713;Caraá;158174.358;21392.26;132726.805;18033.53;165660.85;19660.68;54789.621;22492.229;28400.857;52836.307;158519.013;7141.836;Administração, defesa, educação e saúde públicas e seguridade social;Produção florestal, pesca e aquicultura;Demais serviços;4;True;;;;;;;;;;;;;;;94.4;0.94279;254.2;259.61;5.230167;4.9;;;;;;;;;95.8;0.957389;211.77;206.23;5.755101;5.5;;;;;;;;;96.6;0.943291;211.77;206.23;5.755101;5.4;;92.3;0.913842;254.2;259.61;5.230167;4.8;;;;;;;;;;;;;;;;;;;;;;;;;;;;;
4;Sul;43;RS;Rio Grande do Sul;4304804;Carlos Barbosa;3815080.263;125413.55;3384037.833;111251.16;3529584.152;115232.91;82339.261;1713024.673;769588.805;177808.55;2742761.289;786822.863;Indústrias de transformação;Demais serviços;Administração, defesa, educação e saúde públicas e seguridade social;8;True;94.1;0.94253;286.11;282.46;4.936356;4.7;;94.1;0.94253;286.11;282.46;4.936356;4.7;;95.3;0.95339;283.58;279.44;6.050333;5.8;;93.0;0.9314;300.74;290.85;6.5265;6.1;;97.7;0.976784;253.69;237.44;7.122556;7.0;;97.8;0.977157;264.54;246.14;7.487799;7.3;;97.5;0.97641;240.91;227.2;6.692481;6.5;;98.0;0.979679;268.56;269.46;5.633667;5.5;;;;;;;;;;;;;;;;;;;;;;;;;;;;;
4;Sul;43;RS;Rio Grande do Sul;4304853;Carlos Gomes;61763.318;45281.03;54403.298;39768.49;70447.289;53087.63;41661.111;4650.707;8907.758;13486.125;68705.7;1741.589;Agricultura, inclusive apoio à agricultura e a pós colheita;Administração, defesa, educação e saúde públicas e seguridade social;Pecuária, inclusive apoio à pecuária;0;False;;;;;;;;;;;;;;;;;;;;;;;;;;;;;;;;;;;;;;;;;;;;;;;;;;;;;;;;;;;;;;;;;;;;;;;;;;;;;;;;;;;;
4;Sul;43;RS;Rio Grande do Sul;4304903;Casca;875949.222;92546.14;747422.851;78967.02;717921.359;79153.4;184464.963;132678.581;250558.591;57728.544;625430.679;92490.68;Demais serviços;Indústrias de transformação;Agricultura, inclusive apoio à agricultura e a pós colheita;7;True;89.2;0.892063;292.76;290.71;5.153258;4.6;;89.2;0.892063;292.76;290.71;5.153258;4.6;;96.8;0.96804;266.61;262.99;5.493333;5.3;;;;;;;;;100.0;1.0;258.9;232.83;7.138165;7.1;;100.0;1.0;253.17;228.7;6.953723;7.0;;100.0;1.0;268.27;239.58;7.439709;7.4;;96.3;0.963747;266.61;262.99;5.493333;5.3;;;;;;;;;;;;;;;;;;;;;;;;;;;;;
4;Sul;43;RS;Rio Grande do Sul;4304952;Caseiros;177158.193;59052.73;165298.779;55099.59;199197.079;61709.13;80795.097;9772.971;65869.984;23292.738;179730.791;19466.288;Agricultura, inclusive apoio à agricultura e a pós colheita;Comércio e reparação de veículos automotores e motocicletas;Demais serviços;4;True;90.6;0.90035;280.2;266.68;4.617123;4.2;;90.6;0.90035;280.2;266.68;4.617123;4.2;;96.3;0.962204;265.52;248.78;5.238333;5.0;;;;;;;;;;;;;;;;;;;;;;;;;;;;;;97.0;0.976147;261.5;241.01;5.041833;4.9;;;;;;;;;;;;;;;;;;;;;;;;;;;;;
4;Sul;43;RS;Rio Grande do Sul;4305009;Catuípe;425026.002;49000.0;425148.141;49014.08;638111.603;73932.52;355152.935;21000.701;170918.243;55793.814;602865.693;35245.91;Agricultura, inclusive apoio à agricultura e a pós colheita;Demais serviços;Comércio e reparação de veículos automotores e motocicletas;8;True;81.8;0.826984;278.17;282.38;4.823642;4.0;;81.8;0.826984;278.17;282.38;4.823642;4.0;;99.0;0.989189;281.1;279.18;6.004667;5.9;;98.9;0.988104;275.25;268.52;5.7295;5.7;;99.6;0.996347;258.53;244.79;7.348559;7.3;;99.7;0.996964;251.52;233.96;7.017871;7.0;;99.5;0.995521;275.36;270.78;8.142287;8.1;;99.0;0.990154;287.69;291.22;6.315167;6.3;;;;;;;;;;;;;;;;;;;;;;;;;;;;;
4;Sul;43;RS;Rio Grande do Sul;4305108;Caxias do Sul;37860601.686;81683.97;34342096.943;74118.89;31688551.69;60507.13;275560.455;9594399.142;13646712.13;2900076.465;26416748.193;5271803.498;Demais serviços;Indústrias de transformação;Comércio e reparação de veículos automotores e motocicletas;8;True;78.1;0.831962;274.88;282.48;4.778931;4.0;;78.8;0.834866;278.81;285.39;4.87769;4.1;;90.9;0.908392;258.42;263.84;5.371;4.9;;92.2;0.92238;259.73;264.54;5.4045;5.0;;95.9;0.95849;227.69;218.05;6.273827;6.0;;95.9;0.958712;228.62;218.91;6.307212;6.0;;95.7;0.957231;224.9;215.47;6.173674;5.9;;87.3;0.872915;255.68;262.37;5.300833;4.6;;;;;;;;;;;;;;;;;;;;;;;;;;;;;
4;Sul;43;RS;Rio Grande do Sul;4305116;Centenário;123347.044;45215.19;96415.597;35433.88;120778.779;42156.64;70857.227;5188.331;19732.476;21405.913;117183.945;3594.833;Agricultura, inclusive apoio à agricultura e a pós colheita;Administração, defesa, educação e saúde públicas e seguridade social;Demais serviços;6;True;94.7;0.930235;297.71;289.61;5.206313;4.8;;94.7;0.930235;297.71;289.61;5.206313;4.8;;94.3;0.945624;283.86;278.22;6.034667;5.7;;;;;;;;;100.0;1.0;264.33;239.15;7.3567;7.4;;;;;;;;;100.0;1.0;264.33;239.15;7.3567;7.4;;94.3;0.945624;283.86;278.22;6.034667;5.7;;;;;;;;;;;;;;;;;;;;;;;;;;;;;
4;Sul;43;RS;Rio Grande do Sul;4305124;Cerrito;131165.766;22583.64;158653.478;27316.37;161328.242;26865.65;86122.031;4996.939;28123.506;37337.691;156580.167;4748.075;Agricultura, inclusive apoio à agricultura e a pós colheita;Administração, defesa, educação e saúde públicas e seguridade social;Demais serviços;6;True;79.4;0.833065;259.06;268.61;4.349105;3.6;;79.4;0.833065;259.06;268.61;4.349105;3.6;;95.6;0.954436;239.39;240.64;4.667167;4.5;;;;;;;;;98.5;0.986838;197.25;199.81;5.361275;5.3;;99.0;0.989312;189.42;199.3;5.202575;5.1;;;;;;;;;95.6;0.960106;228.83;231.9;4.3455;4.2;;;;;;;;;;;;;;;;;;;;;;;;;;;;;
4;Sul;43;RS;Rio Grande do Sul;4305132;Cerro Branco;104220.011;27411.89;87040.015;22893.22;90159.336;19101.55;35783.582;3879.984;17471.462;30068.408;87203.435;2955.901;Agricultura, inclusive apoio à agricultura e a pós colheita;Administração, defesa, educação e saúde públicas e seguridade social;Demais serviços;4;True;92.7;0.920446;285.54;295.46;5.122961;4.7;;92.7;0.920446;285.54;295.46;5.122961;4.7;;93.6;0.939891;269.34;270.72;5.667667;5.3;;;;;;;;;;;;;;;;;;;;;;;;;;;;;;84.8;0.843691;269.34;270.72;5.667667;4.8;;;;;;;;;;;;;;;;;;;;;;;;;;;;;
4;Sul;43;RS;Rio Grande do Sul;4305157;Cerro Grande;61938.119;26035.36;65563.242;27559.16;74182.326;32521.84;41836.027;1568.101;9790.045;19157.007;72351.181;1831.146;Agricultura, inclusive apoio à agricultura e a pós colheita;Administração, defesa, educação e saúde públicas e seguridade social;Pecuária, inclusive apoio à pecuária;6;True;88.4;0.870805;251.17;262.45;4.146075;3.6;;88.4;0.870805;251.17;262.45;4.146075;3.6;;99.1;0.988892;255.56;261.92;5.291333;5.2;;;;;;;;;100.0;1.0;243.02;225.79;6.707112;6.7;;;;;;;;;100.0;1.0;243.02;225.79;6.707112;6.7;;98.6;0.975584;255.56;261.92;5.291333;5.2;;;;;;;;;;;;;;;;;;;;;;;;;;;;;
4;Sul;43;RS;Rio Grande do Sul;4305173;Cerro Grande do Sul;251120.043;27361.09;217108.381;23655.3;203184.44;16152.67;58730.027;9901.783;53907.154;67102.643;189641.608;13542.833;Administração, defesa, educação e saúde públicas e seguridade social;Agricultura, inclusive apoio à agricultura e a pós colheita;Demais serviços;8;True;79.4;0.781436;265.53;281.67;4.635485;3.6;;79.4;0.781436;265.53;281.67;4.635485;3.6;;88.8;0.887436;251.85;250.23;5.034667;4.5;;88.2;0.880304;236.19;233.89;4.501333;4.0;;95.2;0.949444;190.56;175.05;4.783421;4.5;;95.1;0.94121;176.42;159.56;4.231938;4.0;;95.3;0.957706;208.43;194.61;5.480088;5.2;;89.7;0.898761;276.28;275.72;5.866667;5.3;;;;;;;;;;;;;;;;;;;;;;;;;;;;;
4;Sul;43;RS;Rio Grande do Sul;4305207;Cerro Largo;807006.841;58884.12;784741.519;57259.51;796777.353;55941.68;83745.884;73911.219;386544.724;79882.424;624084.251;172693.102;Demais serviços;Comércio e reparação de veículos automotores e motocicletas;Administração, defesa, educação e saúde públicas e seguridade social;8;True;69.7;0.702685;302.19;297.06;5.380762;3.8;;69.7;0.702685;302.19;297.06;5.380762;3.8;;89.8;0.896516;276.21;284.41;6.010333;5.4;;88.5;0.876169;272.91;282.04;5.915833;5.2;;97.2;0.972685;234.07;228.09;6.578128;6.4;;97.6;0.976429;227.71;217.43;6.262936;6.1;;96.2;0.964455;243.76;244.29;7.057598;6.8;;91.5;0.915351;279.97;287.11;6.118;5.6;;;;;;;;;;;;;;;;;;;;;;;;;;;;;
4;Sul;43;RS;Rio Grande do Sul;4305306;Chapada;603052.913;63213.09;618858.417;64869.86;741827.744;80537.16;393768.392;47387.392;196005.935;55833.73;692995.449;48832.295;Agricultura, inclusive apoio à agricultura e a pós colheita;Demais serviços;Comércio e reparação de veículos automotores e motocicletas;2;True;;;;;;;;;;;;;;;92.0;0.920002;271.94;274.07;5.766833;5.3;;;;;;;;;;;;;;;;;;;;;;;;;;;;;;97.1;0.9732;258.44;272.01;5.5075;5.4;;;;;;;;;;;;;;;;;;;;;;;;;;;;;
4;Sul;43;RS;Rio Grande do Sul;4305355;Charqueadas;1857420.42;53050.97;1828633.906;52228.78;1736982.796;41649.27;61424.55;778257.796;458582.534;247455.263;1545720.142;191262.653;Indústrias de transformação;Demais serviços;Administração, defesa, educação e saúde públicas e seguridade social;8;True;83.8;0.835372;269.78;283.97;4.729607;4.0;;80.0;0.81312;284.66;295.19;5.10656;4.2;;87.4;0.874841;268.79;272.74;5.692167;5.0;;83.6;0.837807;269.64;278.8;5.807333;4.9;;92.6;0.926255;237.23;227.18;6.621888;6.1;;91.6;0.916865;234.81;224.06;6.518978;6.0;;95.0;0.952712;242.69;234.18;6.853359;6.5;;93.6;0.932157;267.66;264.77;5.5405;5.2;;;;;;;;;;;;;;;;;;;;;;;;;;;;;
4;Sul;43;RS;Rio Grande do Sul;4305371;Charrua;125647.296;45392.81;127992.873;46240.2;149351.766;46267.59;90807.084;3415.057;25605.66;23859.779;143687.579;5664.188;Agricultura, inclusive apoio à agricultura e a pós colheita;Administração, defesa, educação e saúde públicas e seguridade social;Pecuária, inclusive apoio à pecuária;2;True;;;;;;;;;;;;;;;;;;;;;;;;;;;;;97.0;0.975735;224.73;209.85;6.068248;5.9;;95.8;0.960552;224.73;209.85;6.068248;5.8;;;;;;;;;;;;;;;;;;;;;;;;;;;;;;;;;;;;;;;;;;;
4;Sul;43;RS;Rio Grande do Sul;4305405;Chiapetta;265708.116;67903.94;241091.556;61612.97;388836.373;105547.33;274522.283;12097.744;63176.388;29503.766;379300.182;9536.192;Agricultura, inclusive apoio à agricultura e a pós colheita;Demais serviços;Administração, defesa, educação e saúde públicas e seguridade social;6;True;82.6;0.84178;300.61;295.12;5.329529;4.5;;82.6;0.84178;300.61;295.12;5.329529;4.5;;;;;;;;;;;;;;;;97.5;0.970201;239.97;235.59;6.827087;6.6;;98.1;0.982542;213.26;213.26;5.911355;5.8;;97.1;0.952381;253.33;246.75;7.284958;6.9;;80.7;0.799939;275.35;277.59;5.882333;4.7;;;;;;;;;;;;;;;;;;;;;;;;;;;;;
4;Sul;43;RS;Rio Grande do Sul;4305439;Chuí;522359.628;83417.38;422833.735;67523.75;370302.672;54201.21;42647.558;56821.013;179584.731;46916.202;325969.503;44333.168;Comércio e reparação de veículos automotores e motocicletas;Demais serviços;Eletricidade e gás, água, esgoto, atividades de gestão de resíduos e descontaminação;4;True;;;;;;;;;;;;;;;89.7;0.907178;246.24;250.12;4.939333;4.5;;;;;;;;;94.9;0.948235;220.49;216.17;6.102241;5.8;;92.7;0.924271;211.64;210.49;5.830075;5.4;;97.6;0.972222;229.33;221.85;6.374216;6.2;;;;;;;;;;;;;;;;;;;;;;;;;;;;;;;;;;;;
4;Sul;43;RS;Rio Grande do Sul;4305447;Chuvisca;163414.982;35548.18;142419.768;30981.02;129740.739;23512.28;65543.053;3533.777;18186.126;38157.279;125420.236;4320.503;Agricultura, inclusive apoio à agricultura e a pós colheita;Administração, defesa, educação e saúde públicas e seguridade social;Demais serviços;6;True;89.0;0.893947;281.38;281.62;4.857349;4.3;;89.0;0.893947;281.38;281.62;4.857349;4.3;;88.1;0.878834;289.52;270.8;6.005333;5.3;;;;;;;;;94.3;0.942097;244.27;233.54;6.871876;6.5;;;;;;;;;97.4;0.96255;244.27;233.54;6.871876;6.6;;90.5;0.895602;289.52;270.8;6.005333;5.4;;;;;;;;;;;;;;;;;;;;;;;;;;;;;
4;Sul;43;RS;Rio Grande do Sul;4305454;Cidreira;406916.434;23836.71;364733.296;21365.67;362063.294;21427.67;25701.987;23369.24;170700.982;116238.437;336010.646;26052.648;Demais serviços;Administração, defesa, educação e saúde públicas e seguridade social;Comércio e reparação de veículos automotores e motocicletas;8;True;82.0;0.818482;266.42;287.96;4.742147;3.9;;82.0;0.818482;266.42;287.96;4.742147;3.9;;78.4;0.786792;237.99;247.95;4.765667;3.7;;75.5;0.758103;238.22;247.85;4.767833;3.6;;86.4;0.861613;206.8;200.55;5.556981;4.8;;84.8;0.84569;203.49;200.94;5.500904;4.7;;93.7;0.909217;216.87;199.36;5.72752;5.2;;88.0;0.875079;237.26;248.28;4.759;4.2;;;;;;;;;;;;;;;;;;;;;;;;;;;;;
4;Sul;43;RS;Rio Grande do Sul;4305504;Ciríaco;233409.517;56256.81;225963.634;54501.6;264361.122;56330.94;139554.829;15408.895;63664.929;28339.049;246967.701;17393.42;Agricultura, inclusive apoio à agricultura e a pós colheita;Demais serviços;Administração, defesa, educação e saúde públicas e seguridade social;7;True;80.4;0.799811;283.39;285.96;4.950549;4.0;;80.4;0.799811;283.39;285.96;4.950549;4.0;;91.4;0.902018;264.95;267.82;5.546167;5.0;;;;;;;;;99.5;0.994898;208.7;199.59;5.575786;5.5;;99.2;0.992586;191.81;182.85;4.949094;4.9;;100.0;1.0;227.84;218.57;6.286144;6.3;;90.5;0.912135;264.95;267.82;5.546167;5.1;;;;;;;;;;;;;;;;;;;;;;;;;;;;;
4;Sul;43;RS;Rio Grande do Sul;4305587;Colinas;90397.865;37308.24;76751.207;31676.11;87209.73;35364.85;35744.166;9886.693;15813.031;21511.444;82955.334;4254.396;Pecuária, inclusive apoio à pecuária;Administração, defesa, educação e saúde públicas e seguridade social;Demais serviços;6;True;83.6;0.849254;315.56;320.06;5.912854;5.0;;83.6;0.849254;315.56;320.06;5.912854;5.0;;77.7;0.776738;269.43;260.92;5.505833;4.3;;85.4;0.860418;298.27;280.43;6.311667;5.4;;97.2;0.969929;253.03;234.12;7.049597;6.8;;97.2;0.969929;253.03;234.12;7.049597;6.8;;;;;;;;;;;;;;;;;;;;;;;;;;;;;;;;;;;;;;;;;;;
4;Sul;43;RS;Rio Grande do Sul;4305603;Colorado;198977.308;61073.45;241830.374;74226.63;338157.962;109507.11;212849.819;11957.537;70278.627;25694.309;320780.292;17377.67;Agricultura, inclusive apoio à agricultura e a pós colheita;Demais serviços;Comércio e reparação de veículos automotores e motocicletas;6;True;84.0;0.842619;288.94;309.97;5.38793;4.5;;84.0;0.842619;288.94;309.97;5.38793;4.5;;91.1;0.903993;301.1;272.39;6.224833;5.6;;;;;;;;;98.7;0.985698;260.42;244.94;7.387355;7.3;;;;;;;;;100.0;1.0;260.42;244.94;7.387355;7.4;;96.9;0.967177;301.1;272.39;6.224833;6.0;;;;;;;;;;;;;;;;;;;;;;;;;;;;;
4;Sul;43;RS;Rio Grande do Sul;4305702;Condor;470591.921;73461.12;503407.174;78583.7;624707.056;92330.34;292442.851;69822.077;163926.758;48086.669;574278.355;50428.701;Agricultura, inclusive apoio à agricultura e a pós colheita;Demais serviços;Comércio e reparação de veículos automotores e motocicletas;7;True;81.0;0.799101;278.75;278.21;4.769363;3.8;;81.0;0.799101;278.75;278.21;4.769363;3.8;;90.1;0.899528;277.02;259.2;5.603667;5.0;;;;;;;;;95.4;0.949815;233.36;224.77;6.504215;6.2;;94.3;0.932353;225.34;216.83;6.206798;5.8;;100.0;1.0;247.12;238.38;7.014265;7.0;;94.6;0.942636;286.83;270.78;5.960167;5.6;;;;;;;;;;;;;;;;;;;;;;;;;;;;;
4;Sul;43;RS;Rio Grande do Sul;4305801;Constantina;471924.803;45442.93;442900.902;42648.14;432349.568;43658.44;128556.195;37066.474;164809.419;58639.846;389071.934;43277.635;Demais serviços;Agricultura, inclusive apoio à agricultura e a pós colheita;Comércio e reparação de veículos automotores e motocicletas;8;True;85.6;0.866675;292.78;289.79;5.139767;4.5;;85.6;0.866675;292.78;289.79;5.139767;4.5;;90.0;0.901828;270.57;271.68;5.704167;5.1;;90.1;0.901072;268.35;270.94;5.654833;5.1;;98.9;0.988663;235.48;218.75;6.435219;6.4;;98.9;0.987687;230.25;215.46;6.275591;6.2;;98.9;0.991949;244.41;224.36;6.707638;6.7;;89.9;0.895255;273.19;272.55;5.762333;5.2;;;;;;;;;;;;;;;;;;;;;;;;;;;;;
4;Sul;43;RS;Rio Grande do Sul;4305835;Coqueiro Baixo;56010.85;43419.26;46505.291;36050.61;52163.969;35009.38;28711.528;1306.349;6658.636;13916.838;50593.351;1570.618;Pecuária, inclusive apoio à pecuária;Administração, defesa, educação e saúde públicas e seguridade social;Demais serviços;4;True;89.3;0.888753;302.86;298.22;5.407537;4.8;;89.3;0.888753;302.86;298.22;5.407537;4.8;;96.1;0.960674;269.11;284.69;5.896667;5.7;;96.1;0.960674;269.11;284.69;5.896667;5.7;;;;;;;;;;;;;;;;;;;;;;;;;;;;;;;;;;;;;;;;;;;;;;;;;;;;;;;;;
4;Sul;43;RS;Rio Grande do Sul;4305850;Coqueiros do Sul;139283.039;62995.49;154515.936;69885.09;190144.917;83875.13;116788.551;6204.034;35213.353;21976.287;180182.225;9962.691;Agricultura, inclusive apoio à agricultura e a pós colheita;Pecuária, inclusive apoio à pecuária;Administração, defesa, educação e saúde públicas e seguridade social;4;True;86.2;0.862869;283.64;296.21;5.107504;4.4;;86.2;0.862869;283.64;296.21;5.107504;4.4;;;;;;;;;;;;;;;;98.5;0.981298;236.63;214.03;6.371347;6.3;;99.0;0.988275;236.63;214.03;6.371347;6.3;;;;;;;;;;;;;;;;;;;;;;;;;;;;;;;;;;;;;;;;;;;
4;Sul;43;RS;Rio Grande do Sul;4305871;Coronel Barros;143057.556;50693.68;181360.108;64266.52;226126.29;89697.06;102961.165;14257.972;66179.741;23943.827;207342.704;18783.585;Agricultura, inclusive apoio à agricultura e a pós colheita;Comércio e reparação de veículos automotores e motocicletas;Demais serviços;6;True;97.6;0.979528;295.33;306.62;5.427527;5.3;;97.6;0.979528;295.33;306.62;5.427527;5.3;;94.0;0.943636;282.72;263.37;5.768167;5.4;;94.0;0.943636;282.72;263.37;5.768167;5.4;;98.7;0.985841;241.24;242.8;6.982415;6.9;;98.7;0.985841;241.24;242.8;6.982415;6.9;;;;;;;;;;;;;;;;;;;;;;;;;;;;;;;;;;;;;;;;;;;
4;Sul;43;RS;Rio Grande do Sul;4305900;Coronel Bicaco;397095.211;64631.38;359353.786;58488.57;515154.268;71420.25;288705.442;16532.702;132231.161;49320.193;486789.498;28364.769;Agricultura, inclusive apoio à agricultura e a pós colheita;Demais serviços;Comércio e reparação de veículos automotores e motocicletas;8;True;80.5;0.812286;256.51;273.69;4.389338;3.6;;80.5;0.812286;256.51;273.69;4.389338;3.6;;77.3;0.773689;247.94;250.57;4.975167;3.8;;59.1;0.595604;225.01;215.77;4.013;2.4;;92.1;0.92427;220.98;210.73;6.012683;5.6;;88.3;0.893419;195.48;189.2;5.134587;4.6;;97.1;0.972031;242.07;228.53;6.7388;6.6;;89.5;0.895717;258.18;266.11;5.404833;4.8;;;;;;;;;;;;;;;;;;;;;;;;;;;;;
4;Sul;43;RS;Rio Grande do Sul;4305934;Coronel Pilar;58153.052;36187.34;45945.009;28590.55;49059.731;30624.05;23451.347;3093.911;7207.705;13372.926;47125.889;1933.842;Administração, defesa, educação e saúde públicas e seguridade social;Agricultura, inclusive apoio à agricultura e a pós colheita;Pecuária, inclusive apoio à pecuária;6;True;97.3;0.970713;299.01;298.64;5.359752;5.2;;97.3;0.970713;299.01;298.64;5.359752;5.2;;100.0;1.0;294.66;296.07;6.512167;6.5;;100.0;1.0;294.66;296.07;6.512167;6.5;;98.2;0.983589;248.73;228.03;6.856808;6.7;;98.2;0.983589;248.73;228.03;6.856808;6.7;;;;;;;;;;;;;;;;;;;;;;;;;;;;;;;;;;;;;;;;;;;
4;Sul;43;RS;Rio Grande do Sul;4305959;Cotiporã;205101.892;53328.63;167746.445;43615.82;167928.673;43914.4;45672.932;36945.61;42107.788;27240.945;151967.276;15961.397;Demais serviços;Indústrias de transformação;Administração, defesa, educação e saúde públicas e seguridade social;4;True;;;;;;;;;;;;;;;96.5;0.964214;288.1;279.9;6.133333;5.9;;96.5;0.964214;288.1;279.9;6.133333;5.9;;98.8;0.985275;253.97;230.22;6.996627;6.9;;98.8;0.985275;253.97;230.22;6.996627;6.9;;;;;;;;;;;;;;;;;;;;;;;;;;;;;;;;;;;;;;;;;;;
4;Sul;43;RS;Rio Grande do Sul;4305975;Coxilha;349363.704;130995.01;299358.419;112245.38;422465.072;154692.45;297297.885;18741.67;64408.833;27602.863;408051.251;14413.821;Agricultura, inclusive apoio à agricultura e a pós colheita;Demais serviços;Pecuária, inclusive apoio à pecuária;6;True;89.4;0.90237;275.14;273.47;4.647702;4.2;;89.4;0.90237;275.14;273.47;4.647702;4.2;;96.9;0.966191;263.02;273.69;5.611833;5.4;;96.9;0.966191;263.02;273.69;5.611833;5.4;;98.2;0.98259;224.41;214.3;6.14305;6.0;;98.2;0.98259;224.41;214.3;6.14305;6.0;;;;;;;;;;;;;;;;;;;;;;;;;;;;;;;;;;;;;;;;;;;
4;Sul;43;RS;Rio Grande do Sul;4306007;Crissiumal;500660.437;38853.05;493118.613;38267.78;508978.591;38358.47;188787.983;50484.334;151934.495;81612.078;472818.89;36159.702;Agricultura, inclusive apoio à agricultura e a pós colheita;Demais serviços;Administração, defesa, educação e saúde públicas e seguridade social;7;True;86.1;0.859981;265.9;269.76;4.462388;3.8;;86.1;0.859981;265.9;269.76;4.462388;3.8;;91.1;0.907961;281.45;283.24;6.078167;5.5;;93.1;0.934568;289.1;290.09;6.319833;5.9;;96.6;0.969041;239.36;224.85;6.620173;6.4;;96.7;0.969419;239.36;224.85;6.620173;6.4;;;;;;;;;85.8;0.836904;265.89;269.33;5.587;4.7;;;;;;;;;;;;;;;;;;;;;;;;;;;;;
4;Sul;43;RS;Rio Grande do Sul;4306056;Cristal;300530.225;41174.16;332135.753;45504.28;308908.082;38038.18;155760.355;15153.971;70820.389;50145.164;291879.879;17028.202;Agricultura, inclusive apoio à agricultura e a pós colheita;Demais serviços;Administração, defesa, educação e saúde públicas e seguridade social;6;True;80.1;0.822814;270.41;269.51;4.521988;3.7;;80.1;0.822814;270.41;269.51;4.521988;3.7;;93.0;0.929695;236.46;243.5;4.666;4.3;;;;;;;;;91.2;0.905739;210.63;200.49;5.628982;5.1;;;;;;;;;86.3;0.850693;210.63;200.49;5.628982;4.8;;87.9;0.871613;236.46;243.5;4.666;4.1;;;;;;;;;;;;;;;;;;;;;;;;;;;;;
4;Sul;43;RS;Rio Grande do Sul;4306072;Cristal do Sul;98786.982;36696.5;85679.559;31827.47;94741.385;33359.64;56692.387;2157.947;11621.706;21791.288;92263.328;2478.056;Agricultura, inclusive apoio à agricultura e a pós colheita;Pecuária, inclusive apoio à pecuária;Administração, defesa, educação e saúde públicas e seguridade social;7;True;97.5;0.976731;255.73;255.46;4.105479;4.0;;97.5;0.976731;255.73;255.46;4.105479;4.0;;97.8;0.975779;249.01;263.34;5.205833;5.1;;;;;;;;;100.0;1.0;225.01;206.29;6.008864;6.0;;100.0;1.0;234.27;211.82;6.286127;6.3;;100.0;1.0;218.22;202.23;5.805466;5.8;;97.2;0.97541;249.01;263.34;5.205833;5.1;;;;;;;;;;;;;;;;;;;;;;;;;;;;;
4;Sul;43;RS;Rio Grande do Sul;4306106;Cruz Alta;4399886.112;74684.47;4121142.616;69953.03;4609396.587;77389.51;776889.975;418956.442;2347108.638;363715.826;3906670.882;702725.705;Comércio e reparação de veículos automotores e motocicletas;Demais serviços;Agricultura, inclusive apoio à agricultura e a pós colheita;8;True;79.7;0.786171;260.27;269.93;4.38586;3.4;;79.7;0.786171;260.27;269.93;4.38586;3.4;;89.5;0.895225;242.18;251.36;4.892333;4.4;;83.4;0.841385;252.15;257.69;5.164;4.3;;92.4;0.92286;222.55;211.86;6.06319;5.6;;90.8;0.904072;226.77;211.5;6.137179;5.5;;93.8;0.938918;218.79;212.19;5.997434;5.6;;92.1;0.919769;238.14;248.79;4.782167;4.4;;;;;;;;;;;;;;;;;;;;;;;;;;;;;
4;Sul;43;RS;Rio Grande do Sul;4306130;Cruzaltense;104945.418;64186.8;106377.73;65062.83;144764.246;82019.4;84741.218;3963.389;31308.88;17013.62;137027.106;7737.14;Agricultura, inclusive apoio à agricultura e a pós colheita;Pecuária, inclusive apoio à pecuária;Administração, defesa, educação e saúde públicas e seguridade social;2;True;;;;;;;;;;;;;;;100.0;1.0;278.41;263.56;5.6995;5.7;;100.0;1.0;278.41;263.56;5.6995;5.7;;;;;;;;;;;;;;;;;;;;;;;;;;;;;;;;;;;;;;;;;;;;;;;;;;;;;;;;;
4;Sul;43;RS;Rio Grande do Sul;4306205;Cruzeiro do Sul;685746.234;55774.4;663726.737;57217.82;533004.442;42787.54;90458.412;123218.194;176438.379;68255.829;458370.814;74633.629;Demais serviços;Indústrias de transformação;Administração, defesa, educação e saúde públicas e seguridade social;6;True;83.9;0.836417;273.23;278.75;4.699918;3.9;;83.9;0.836417;273.23;278.75;4.699918;3.9;;93.3;0.933152;266.21;267.23;5.557333;5.2;;85.9;0.849951;276.0;264.14;5.669;4.8;;96.8;0.967783;231.94;217.13;6.338207;6.1;;96.4;0.964209;231.94;217.13;6.338207;6.1;;;;;;;;;;;;;;;;;;;;;;;;;;;;;;;;;;;;;;;;;;;
4;Sul;43;RS;Rio Grande do Sul;4306304;David Canabarro;206879.586;47877.71;193222.088;44716.98;229363.65;48470.76;102178.053;9455.064;70792.076;30991.383;213416.577;15947.073;Agricultura, inclusive apoio à agricultura e a pós colheita;Demais serviços;Comércio e reparação de veículos automotores e motocicletas;6;True;98.4;0.98386;311.11;295.57;5.483737;5.4;;98.4;0.98386;311.11;295.57;5.483737;5.4;;99.4;0.99389;279.08;286.19;6.087833;6.1;;;;;;;;;100.0;1.0;258.74;242.54;7.311657;7.3;;;;;;;;;100.0;1.0;258.74;242.54;7.311657;7.3;;100.0;1.0;279.08;286.19;6.087833;6.1;;;;;;;;;;;;;;;;;;;;;;;;;;;;;
4;Sul;43;RS;Rio Grande do Sul;4306320;Derrubadas;117581.469;42741.36;104475.845;37977.41;148407.867;54601.86;92002.751;5332.051;24306.583;22098.437;143739.823;4668.044;Agricultura, inclusive apoio à agricultura e a pós colheita;Administração, defesa, educação e saúde públicas e seguridade social;Demais serviços;6;True;96.6;0.969792;293.88;267.56;4.822432;4.7;;96.6;0.969792;293.88;267.56;4.822432;4.7;;99.2;0.991278;270.22;263.8;5.567;5.5;;99.2;0.991278;270.22;263.8;5.567;5.5;;98.6;0.987155;239.81;226.42;6.657307;6.6;;98.6;0.987155;239.81;226.42;6.657307;6.6;;;;;;;;;;;;;;;;;;;;;;;;;;;;;;;;;;;;;;;;;;;
4;Sul;43;RS;Rio Grande do Sul;4306353;Dezesseis de Novembro;51411.752;20507.28;48710.781;19429.91;57174.927;24528.07;21162.915;1282.107;12311.688;20326.63;55083.341;2091.587;Administração, defesa, educação e saúde públicas e seguridade social;Agricultura, inclusive apoio à agricultura e a pós colheita;Demais serviços;2;True;84.1;0.824964;276.06;277.35;4.718708;3.9;;84.1;0.824964;276.06;277.35;4.718708;3.9;;;;;;;;;;;;;;;;;;;;;;;;;;;;;;;;;;;;;;;;;;;;;;;;;;;;;;;;;;;;;;;;;;;;;;;
4;Sul;43;RS;Rio Grande do Sul;4306379;Dilermando de Aguiar;202939.142;72323.29;180077.877;64176.01;267902.11;89569.41;182178.692;12580.921;39325.982;24860.742;258946.338;8955.772;Agricultura, inclusive apoio à agricultura e a pós colheita;Demais serviços;Administração, defesa, educação e saúde públicas e seguridade social;2;True;;;;;;;;;;;;;;;79.0;0.784991;227.76;242.14;4.498333;3.5;;;;;;;;;;;;;;;;;;;;;;;;;;;;;;73.7;0.697746;227.76;242.14;4.498333;3.1;;;;;;;;;;;;;;;;;;;;;;;;;;;;;
4;Sul;43;RS;Rio Grande do Sul;4306403;Dois Irmãos;2639523.25;85952.76;2502140.829;81479.07;2188545.43;65238.19;20707.721;783119.578;857272.957;180613.411;1841713.667;346831.763;Indústrias de transformação;Demais serviços;Comércio e reparação de veículos automotores e motocicletas;8;True;81.7;0.860046;286.18;285.83;4.987788;4.3;;81.7;0.860046;286.18;285.83;4.987788;4.3;;91.7;0.916903;288.41;284.56;6.216167;5.7;;93.3;0.933444;286.57;281.78;6.139167;5.7;;97.4;0.97357;250.31;230.74;6.936234;6.8;;97.4;0.973638;248.76;227.19;6.842108;6.7;;97.5;0.973755;256.24;244.3;7.295947;7.1;;88.5;0.88364;291.51;289.23;6.345667;5.6;;;;;;;;;;;;;;;;;;;;;;;;;;;;;
4;Sul;43;RS;Rio Grande do Sul;4306429;Dois Irmãos das Missões;125756.576;60170.61;126526.522;60539.01;199195.051;99997.52;135693.173;7711.832;25410.068;21327.883;190142.956;9052.095;Agricultura, inclusive apoio à agricultura e a pós colheita;Administração, defesa, educação e saúde públicas e seguridade social;Demais serviços;5;True;;;;;;;;;;;;;;;98.5;0.981252;244.48;243.11;4.793167;4.7;;;;;;;;;100.0;1.0;220.36;202.36;5.848669;5.8;;100.0;1.0;185.83;170.01;4.601518;4.6;;100.0;1.0;248.42;228.66;6.862347;6.9;;97.0;0.963066;244.48;243.11;4.793167;4.6;;;;;;;;;;;;;;;;;;;;;;;;;;;;;
4;Sul;43;RS;Rio Grande do Sul;4306452;Dois Lajeados;166002.207;53600.97;157965.944;51006.12;172601.617;50616.31;59127.34;33172.774;43611.486;23797.562;159709.162;12892.455;Demais serviços;Pecuária, inclusive apoio à pecuária;Indústrias de transformação;7;True;89.2;0.878449;297.82;304.0;5.423278;4.8;;89.2;0.878449;297.82;304.0;5.423278;4.8;;98.4;0.986829;290.87;283.77;6.244;6.2;;;;;;;;;98.3;0.982592;260.88;245.21;7.401042;7.3;;98.7;0.987363;253.7;253.51;7.414929;7.3;;95.7;0.957;267.41;237.66;7.388388;7.1;;98.4;0.986829;290.87;283.77;6.244;6.2;;;;;;;;;;;;;;;;;;;;;;;;;;;;;
4;Sul;43;RS;Rio Grande do Sul;4306502;Dom Feliciano;418179.091;32041.92;341143.355;26139.25;356859.868;22940.34;155677.78;9625.545;86600.382;89194.481;341098.188;15761.68;Agricultura, inclusive apoio à agricultura e a pós colheita;Administração, defesa, educação e saúde públicas e seguridade social;Demais serviços;8;True;79.5;0.799399;280.27;292.44;5.003735;4.0;;79.5;0.799399;280.27;292.44;5.003735;4.0;;81.4;0.815171;264.18;267.2;5.523;4.5;;78.1;0.782372;269.2;264.3;5.558333;4.3;;89.6;0.895386;210.91;202.73;5.675053;5.1;;88.0;0.88149;201.41;197.76;5.403391;4.8;;99.1;0.988931;232.76;214.17;6.300037;6.2;;100.0;1.0;253.93;273.12;5.450833;5.5;;;;;;;;;;;;;;;;;;;;;;;;;;;;;
4;Sul;43;RS;Rio Grande do Sul;4306551;Dom Pedro de Alcântara;83655.809;32652.54;70195.789;27398.82;65533.689;26005.43;9319.93;4158.789;24986.221;20426.838;58891.778;6641.911;Administração, defesa, educação e saúde públicas e seguridade social;Demais serviços;Comércio e reparação de veículos automotores e motocicletas;4;True;94.4;0.951165;287.95;290.29;5.079414;4.8;;94.4;0.951165;287.95;290.29;5.079414;4.8;;100.0;1.0;289.45;272.86;6.0385;6.0;;;;;;;;;;;;;;;;;;;;;;;;;;;;;;100.0;1.0;289.45;272.86;6.0385;6.0;;;;;;;;;;;;;;;;;;;;;;;;;;;;;
4;Sul;43;RS;Rio Grande do Sul;4306601;Dom Pedrito;2288172.309;61874.27;2000957.742;54107.72;2210948.446;57844.92;1052204.255;132721.867;654686.139;230115.752;2069728.013;141220.433;Agricultura, inclusive apoio à agricultura e a pós colheita;Demais serviços;Administração, defesa, educação e saúde públicas e seguridade social;8;True;85.6;0.874354;267.82;271.18;4.510612;3.9;;85.6;0.874354;267.82;271.18;4.510612;3.9;;83.6;0.838022;241.49;253.46;4.915833;4.1;;78.4;0.789399;233.92;238.76;4.544667;3.6;;91.4;0.912668;217.47;207.58;5.888425;5.4;;86.4;0.861198;206.8;196.38;5.481163;4.7;;97.1;0.970946;227.13;217.73;6.257322;6.1;;88.2;0.882327;246.96;264.1;5.184333;4.6;;;;;;;;;;;;;;;;;;;;;;;;;;;;;
4;Sul;43;RS;Rio Grande do Sul;4306700;Dona Francisca;112216.054;36445.62;90196.092;29293.96;106596.454;36036.66;35158.085;17506.085;25118.489;21545.656;99328.315;7268.139;Agricultura, inclusive apoio à agricultura e a pós colheita;Administração, defesa, educação e saúde públicas e seguridade social;Demais serviços;6;True;80.9;0.835612;280.0;289.56;4.956829;4.1;;80.9;0.835612;280.0;289.56;4.956829;4.1;;88.7;0.876184;244.99;260.89;5.098;4.5;;;;;;;;;97.9;0.976429;227.04;209.65;6.108695;6.0;;97.4;0.961498;216.39;202.61;5.777451;5.6;;;;;;;;;88.7;0.876184;244.99;260.89;5.098;4.5;;;;;;;;;;;;;;;;;;;;;;;;;;;;;
4;Sul;43;RS;Rio Grande do Sul;4306734;Doutor Maurício Cardoso;228266.041;51066.23;236102.657;52819.39;260796.991;59542.69;146062.72;7345.865;64511.265;30486.096;248405.947;12391.044;Agricultura, inclusive apoio à agricultura e a pós colheita;Demais serviços;Administração, defesa, educação e saúde públicas e seguridade social;6;True;95.2;0.94991;307.46;298.19;5.471695;5.2;;95.2;0.94991;307.46;298.19;5.471695;5.2;;98.3;0.982154;275.13;261.15;5.604667;5.5;;98.3;0.982154;275.13;261.15;5.604667;5.5;;98.6;0.986953;236.46;230.72;6.671557;6.6;;98.6;0.986953;236.46;230.72;6.671557;6.6;;;;;;;;;;;;;;;;;;;;;;;;;;;;;;;;;;;;;;;;;;;
4;Sul;43;RS;Rio Grande do Sul;4306759;Doutor Ricardo;89703.861;47512.64;75699.322;40094.98;78890.781;40107.16;27780.825;11112.422;18028.48;16040.611;72962.338;5928.443;Administração, defesa, educação e saúde públicas e seguridade social;Pecuária, inclusive apoio à pecuária;Demais serviços;4;True;88.6;0.886688;283.51;273.37;4.763762;4.2;;88.6;0.886688;283.51;273.37;4.763762;4.2;;98.5;0.986202;289.36;299.97;6.488833;6.4;;;;;;;;;;;;;;;;;;;;;;;;;;;;;;97.2;0.975584;289.36;299.97;6.488833;6.3;;;;;;;;;;;;;;;;;;;;;;;;;;;;;
4;Sul;43;RS;Rio Grande do Sul;4306767;Eldorado do Sul;2623491.095;66318.44;2442465.498;61742.35;2120268.87;49900.42;183079.222;264186.5;921465.306;277193.697;1645924.725;474344.145;Comércio e reparação de veículos automotores e motocicletas;Demais serviços;Administração, defesa, educação e saúde públicas e seguridade social;8;True;84.0;0.848305;264.98;270.18;4.455754;3.8;;84.0;0.848305;264.98;270.18;4.455754;3.8;;89.8;0.900255;242.55;247.25;4.83;4.3;;89.5;0.898284;242.43;246.23;4.811;4.3;;96.6;0.966479;205.8;202.09;5.565897;5.4;;96.5;0.965228;204.56;201.17;5.525506;5.3;;99.3;0.99469;220.52;213.05;6.046086;6.0;;93.5;0.934562;243.77;257.3;5.017833;4.7;;;;;;;;;;;;;;;;;;;;;;;;;;;;;
4;Sul;43;RS;Rio Grande do Sul;4306809;Encantado;1411421.633;61467.71;1230651.48;53595.13;1168357.678;50694.57;51928.813;316052.08;486207.23;118209.893;972398.016;195959.662;Demais serviços;Indústrias de transformação;Comércio e reparação de veículos automotores e motocicletas;6;True;;;;;;;;;;;;;;;94.1;0.93994;274.58;276.28;5.847667;5.5;;95.8;0.955999;281.71;278.3;6.000167;5.7;;98.7;0.986955;243.43;231.09;6.8113;6.7;;99.4;0.993569;237.35;228.94;6.656178;6.6;;97.6;0.976443;251.88;234.07;7.026741;6.9;;92.6;0.924955;269.93;274.96;5.748167;5.3;;;;;;;;;;;;;;;;;;;;;;;;;;;;;
4;Sul;43;RS;Rio Grande do Sul;4306908;Encruzilhada do Sul;1189528.484;49940.32;1103750.562;46339.08;1080948.656;41512.68;568395.984;46320.735;250059.882;160617.267;1025393.867;55554.789;Agricultura, inclusive apoio à agricultura e a pós colheita;Produção florestal, pesca e aquicultura;Demais serviços;8;True;90.0;0.890608;266.03;274.94;4.541759;4.0;;90.0;0.890608;266.03;274.94;4.541759;4.0;;83.9;0.839782;251.37;255.84;5.120167;4.3;;73.8;0.734799;230.73;236.19;4.448667;3.3;;92.9;0.928218;232.16;221.25;6.417314;6.0;;89.5;0.89575;223.77;216.06;6.162836;5.5;;96.3;0.961289;237.61;224.61;6.582413;6.3;;92.9;0.929054;261.6;265.58;5.453;5.1;;;;;;;;;;;;;;;;;;;;;;;;;;;;;
4;Sul;43;RS;Rio Grande do Sul;4306924;Engenho Velho;50748.221;39157.58;54280.199;41882.87;73214.261;78556.07;38447.051;1811.816;14091.042;15825.572;70175.481;3038.779;Agricultura, inclusive apoio à agricultura e a pós colheita;Administração, defesa, educação e saúde públicas e seguridade social;Demais serviços;2;True;;;;;;;;;;;;;;;;;;;;;;;;;;;;;96.4;0.961882;218.26;219.16;6.114047;5.9;;96.4;0.961882;218.26;219.16;6.114047;5.9;;;;;;;;;;;;;;;;;;;;;;;;;;;;;;;;;;;;;;;;;;;
4;Sul;43;RS;Rio Grande do Sul;4306932;Entre-Ijuís;478944.287;52263.67;487687.32;53252.6;687578.061;82344.68;279913.7;26463.504;259974.634;56228.182;622580.021;64998.041;Agricultura, inclusive apoio à agricultura e a pós colheita;Comércio e reparação de veículos automotores e motocicletas;Demais serviços;6;True;88.8;0.879983;268.62;281.86;4.681728;4.1;;88.8;0.879983;268.62;281.86;4.681728;4.1;;85.8;0.85256;248.8;258.53;5.122167;4.4;;;;;;;;;94.0;0.941437;237.86;227.15;6.633366;6.2;;;;;;;;;94.9;0.949465;237.86;227.15;6.633366;6.3;;88.1;0.877702;248.8;258.53;5.122167;4.5;;;;;;;;;;;;;;;;;;;;;;;;;;;;;
4;Sul;43;RS;Rio Grande do Sul;4306957;Entre Rios do Sul;209711.318;78104.77;212452.598;79125.73;207517.071;76181.01;51456.831;91375.698;30195.556;23373.458;196401.543;11115.527;Eletricidade e gás, água, esgoto, atividades de gestão de resíduos e descontaminação;Agricultura, inclusive apoio à agricultura e a pós colheita;Administração, defesa, educação e saúde públicas e seguridade social;4;True;91.7;0.921857;292.52;293.8;5.196145;4.8;;91.7;0.921857;292.52;293.8;5.196145;4.8;;97.0;0.969501;264.34;261.74;5.434667;5.3;;;;;;;;;;;;;;;;;;;;;;;;;;;;;;100.0;1.0;268.97;278.09;5.784333;5.8;;;;;;;;;;;;;;;;;;;;;;;;;;;;;
4;Sul;43;RS;Rio Grande do Sul;4306973;Erebango;152045.966;49785.84;202451.954;66290.75;180479.152;60604.15;84383.625;11793.164;45078.16;25560.393;166815.341;13663.811;Agricultura, inclusive apoio à agricultura e a pós colheita;Administração, defesa, educação e saúde públicas e seguridade social;Demais serviços;7;True;80.4;0.811286;284.38;284.36;4.940502;4.0;;80.4;0.811286;284.38;284.36;4.940502;4.0;;77.6;0.765303;235.75;242.45;4.636667;3.5;;;;;;;;;91.8;0.909276;227.78;219.91;6.309363;5.7;;85.7;0.857173;214.21;202.59;5.735484;4.9;;96.0;0.956648;247.51;245.11;7.144071;6.8;;83.5;0.818794;235.75;242.45;4.636667;3.8;;;;;;;;;;;;;;;;;;;;;;;;;;;;;
4;Sul;43;RS;Rio Grande do Sul;4307005;Erechim;8497105.637;80385.09;7683906.541;72691.99;6882629.057;64103.17;154750.201;2043872.479;2980185.391;601022.905;5779830.975;1102798.082;Demais serviços;Indústrias de transformação;Comércio e reparação de veículos automotores e motocicletas;9;True;84.6;0.875877;286.38;288.7;5.033562;4.4;;85.2;0.882303;287.68;290.13;5.073227;4.5;;93.3;0.933228;268.96;274.08;5.717333;5.3;;93.6;0.938579;272.06;272.18;5.737333;5.4;;98.2;0.981851;239.63;230.09;6.720599;6.6;;98.1;0.978965;240.89;228.94;6.723736;6.6;;98.3;0.982823;239.03;230.64;6.719149;6.6;;93.2;0.931447;267.94;274.7;5.710667;5.3;;;;;;;;;95.2;0.967966;338.95;346.49;6.637024;6.4;;;;;;;;;;;;;;;
4;Sul;43;RS;Rio Grande do Sul;4307054;Ernestina;163434.285;53867.6;184105.502;60680.78;265549.33;83743.09;144265.27;24063.792;54904.752;28734.135;251967.948;13581.383;Agricultura, inclusive apoio à agricultura e a pós colheita;Demais serviços;Administração, defesa, educação e saúde públicas e seguridade social;4;True;83.3;0.821709;270.89;274.64;4.605526;3.8;;83.3;0.821709;270.89;274.64;4.605526;3.8;;91.9;0.905766;253.57;260.41;5.233;4.7;;90.9;0.908849;262.08;267.65;5.4955;5.0;;;;;;;;;;;;;;;;;;;;;;;;;;;;;;;;;;;;;;;;;;;;;;;;;;;;;;;;;
4;Sul;43;RS;Rio Grande do Sul;4307104;Herval;199382.551;32205.23;198899.403;32127.19;253607.506;37256.87;148384.822;6998.822;45702.234;45769.134;246855.012;6752.495;Agricultura, inclusive apoio à agricultura e a pós colheita;Administração, defesa, educação e saúde públicas e seguridade social;Demais serviços;4;True;70.5;0.760784;242.42;244.14;3.74908;2.9;;70.5;0.760784;242.42;244.14;3.74908;2.9;;80.5;0.79723;246.26;254.54;5.013333;4.0;;;;;;;;;89.0;0.885235;195.29;190.03;5.146052;4.6;;;;;;;;;;;;;;;;;;;;;;;;;;;;;;;;;;;;;;;;;;;;;;;;;;
4;Sul;43;RS;Rio Grande do Sul;4307203;Erval Grande;161671.677;32793.44;151707.859;30772.39;150883.195;31565.52;56127.244;8639.365;39985.155;34394.046;139145.81;11737.385;Administração, defesa, educação e saúde públicas e seguridade social;Pecuária, inclusive apoio à pecuária;Demais serviços;7;True;86.5;0.85303;272.32;287.36;4.81603;4.1;;86.5;0.85303;272.32;287.36;4.81603;4.1;;96.9;0.962564;252.53;265.04;5.292833;5.1;;98.3;0.974599;245.65;256.6;5.0375;4.9;;98.9;0.987313;242.95;244.34;7.043049;7.0;;;;;;;;;96.5;0.966131;242.95;244.34;7.043049;6.8;;95.4;0.94949;256.2;269.55;5.429167;5.2;;;;;;;;;;;;;;;;;;;;;;;;;;;;;
4;Sul;43;RS;Rio Grande do Sul;4307302;Erval Seco;299811.189;44174.33;273787.354;40339.97;353968.247;52854.75;168828.017;18709.18;100330.078;43146.903;331014.179;22954.068;Agricultura, inclusive apoio à agricultura e a pós colheita;Demais serviços;Comércio e reparação de veículos automotores e motocicletas;4;True;90.0;0.901641;261.86;268.55;4.387533;4.0;;90.0;0.901641;261.86;268.55;4.387533;4.0;;98.4;0.983891;264.04;255.36;5.323333;5.2;;;;;;;;;;;;;;;;;;;;;;;;;;;;;;97.5;0.974223;264.04;255.36;5.323333;5.2;;;;;;;;;;;;;;;;;;;;;;;;;;;;;
4;Sul;43;RS;Rio Grande do Sul;4307401;Esmeralda;363781.013;113859.47;298731.573;93499.71;392860.08;119374.07;251708.986;10500.759;83223.05;29502.91;374935.705;17924.376;Agricultura, inclusive apoio à agricultura e a pós colheita;Demais serviços;Comércio e reparação de veículos automotores e motocicletas;7;True;76.5;0.750457;274.25;281.89;4.76125;3.6;;76.5;0.750457;274.25;281.89;4.76125;3.6;;91.3;0.913779;254.03;257.37;5.19;4.7;;92.3;0.922973;242.32;245.56;4.798;4.4;;96.5;0.959561;208.82;202.71;5.634804;5.4;;95.7;0.950212;208.82;202.71;5.634804;5.4;;;;;;;;;88.4;0.879336;279.4;282.95;6.039167;5.3;;;;;;;;;;;;;;;;;;;;;;;;;;;;;
4;Sul;43;RS;Rio Grande do Sul;4307450;Esperança do Sul;101345.983;31415.37;92397.756;28641.59;116731.453;41015.97;57991.286;7135.22;21233.991;24288.263;110648.76;6082.694;Agricultura, inclusive apoio à agricultura e a pós colheita;Administração, defesa, educação e saúde públicas e seguridade social;Pecuária, inclusive apoio à pecuária;6;True;86.7;0.864171;268.59;269.56;4.497175;3.9;;86.7;0.864171;268.59;269.56;4.497175;3.9;;100.0;1.0;290.72;281.32;6.200667;6.2;;100.0;1.0;290.72;281.32;6.200667;6.2;;100.0;1.0;238.22;234.31;6.770418;6.8;;100.0;1.0;238.22;234.31;6.770418;6.8;;;;;;;;;;;;;;;;;;;;;;;;;;;;;;;;;;;;;;;;;;;
4;Sul;43;RS;Rio Grande do Sul;4307500;Espumoso;861537.803;56780.98;881528.817;58098.52;1113105.663;71380.38;441675.528;83366.481;388810.343;94964.181;1008816.532;104289.131;Agricultura, inclusive apoio à agricultura e a pós colheita;Demais serviços;Comércio e reparação de veículos automotores e motocicletas;8;True;83.8;0.864344;275.48;275.99;4.690202;4.1;;83.8;0.864344;275.48;275.99;4.690202;4.1;;90.0;0.901092;272.41;267.0;5.656833;5.1;;96.3;0.962817;262.03;247.73;5.162667;5.0;;96.8;0.966098;236.44;230.98;6.675903;6.4;;96.1;0.958743;225.23;218.52;6.235426;6.0;;97.1;0.968949;238.37;233.12;6.751644;6.5;;86.8;0.86837;276.61;274.79;5.856667;5.1;;;;;;;;;;;;;;;;;;;;;;;;;;;;;
4;Sul;43;RS;Rio Grande do Sul;4307559;Estação;397872.381;71277.75;434148.219;77776.46;350708.237;59201.26;59749.798;61395.553;135646.406;41751.369;298543.126;52165.111;Demais serviços;Comércio e reparação de veículos automotores e motocicletas;Indústrias de transformação;6;True;89.8;0.896383;289.11;287.28;5.050647;4.5;;89.8;0.896383;289.11;287.28;5.050647;4.5;;93.2;0.930928;270.8;262.53;5.5555;5.2;;;;;;;;;98.7;0.987133;251.19;235.82;7.045391;7.0;;98.7;0.987133;251.19;235.82;7.045391;7.0;;;;;;;;;93.2;0.930928;270.8;262.53;5.5555;5.2;;;;;;;;;;;;;;;;;;;;;;;;;;;;;
4;Sul;43;RS;Rio Grande do Sul;4307609;Estância Velha;2309196.099;48184.54;1991876.841;41573.65;1875498.487;36565.13;6183.076;566385.688;760897.497;304436.802;1637903.063;237595.424;Demais serviços;Indústrias de transformação;Administração, defesa, educação e saúde públicas e seguridade social;7;True;85.7;0.857541;276.19;288.16;4.88236;4.2;;85.7;0.857541;276.19;288.16;4.88236;4.2;;94.8;0.949144;267.85;272.52;5.672833;5.4;;94.9;0.949161;269.81;274.64;5.740833;5.4;;97.7;0.976454;234.57;227.28;6.572943;6.4;;97.8;0.977698;235.16;227.57;6.589475;6.4;;;;;;;;;94.5;0.941851;250.79;254.02;5.080167;4.8;;;;;;;;;;;;;;;;;;;;;;;;;;;;;
4;Sul;43;RS;Rio Grande do Sul;4307708;Esteio;3998587.375;52518.32;4301274.541;56493.88;3749900.46;44988.73;3288.084;858326.422;1719600.72;567831.368;3149046.594;600853.865;Demais serviços;Comércio e reparação de veículos automotores e motocicletas;Indústrias de transformação;8;True;80.8;0.829839;267.87;281.71;4.668949;3.9;;80.8;0.829839;267.87;281.71;4.668949;3.9;;94.9;0.948958;259.37;266.28;5.4275;5.2;;95.4;0.954351;260.64;268.52;5.486;5.2;;97.9;0.97916;223.65;216.37;6.166183;6.0;;98.1;0.981007;224.62;217.47;6.204694;6.1;;95.3;0.959561;216.47;208.17;5.880069;5.6;;92.4;0.925203;254.18;257.08;5.187667;4.8;;;;;;;;;;;;;;;;;;;;;;;;;;;;;
4;Sul;43;RS;Rio Grande do Sul;4307807;Estrela;2376913.365;73856.18;2197231.744;68273.06;2171447.255;62633.69;140487.649;783046.081;779327.069;201241.811;1904102.611;267344.644;Demais serviços;Indústrias de transformação;Administração, defesa, educação e saúde públicas e seguridade social;8;True;88.7;0.916868;296.59;293.68;5.251511;4.8;;88.7;0.916868;296.59;293.68;5.251511;4.8;;92.6;0.925444;256.74;262.17;5.315167;4.9;;93.2;0.933714;269.14;267.59;5.612167;5.2;;97.5;0.975144;230.6;217.5;6.319362;6.2;;97.4;0.974076;231.37;217.27;6.329874;6.2;;97.8;0.979107;228.68;218.1;6.293629;6.2;;91.4;0.914397;244.44;256.78;5.020333;4.6;;;;;;;;;;;;;;;;;;;;;;;;;;;;;
4;Sul;43;RS;Rio Grande do Sul;4307815;Estrela Velha;145288.697;47325.31;135369.492;44094.3;197415.205;54145.7;111418.855;4819.635;41884.036;29326.108;187448.634;9966.571;Agricultura, inclusive apoio à agricultura e a pós colheita;Administração, defesa, educação e saúde públicas e seguridade social;Demais serviços;4;True;;;;;;;;;;;;;;;93.0;0.927293;240.49;265.82;5.105167;4.7;;92.0;0.924659;240.49;265.82;5.105167;4.7;;96.6;0.96137;238.2;224.94;6.599672;6.3;;96.0;0.952762;238.2;224.94;6.599672;6.3;;;;;;;;;;;;;;;;;;;;;;;;;;;;;;;;;;;;;;;;;;;
4;Sul;43;RS;Rio Grande do Sul;4307831;Eugênio de Castro;224861.798;85401.37;244029.467;92681.15;405443.863;175516.82;262515.136;24038.483;76348.709;23052.394;385954.723;19489.14;Agricultura, inclusive apoio à agricultura e a pós colheita;Demais serviços;Comércio e reparação de veículos automotores e motocicletas;4;True;;;;;;;;;;;;;;;81.0;0.797797;240.43;253.87;4.905;3.9;;;;;;;;;92.6;0.926092;238.19;236.86;6.816209;6.3;;;;;;;;;87.8;0.862541;238.19;236.86;6.816209;5.9;;80.0;0.756585;240.43;253.87;4.905;3.7;;;;;;;;;;;;;;;;;;;;;;;;;;;;;
4;Sul;43;RS;Rio Grande do Sul;4307864;Fagundes Varela;189848.106;73986.01;176738.967;68877.23;197919.259;71970.64;62112.53;68805.568;30453.741;20474.461;181846.301;16072.958;Indústrias de transformação;Pecuária, inclusive apoio à pecuária;Demais serviços;4;True;;;;;;;;;;;;;;;98.0;0.979044;298.23;286.15;6.406333;6.3;;;;;;;;;96.2;0.961571;261.22;246.4;7.429167;7.1;;96.2;0.961571;261.22;246.4;7.429167;7.1;;;;;;;;;98.0;0.979044;298.23;286.15;6.406333;6.3;;;;;;;;;;;;;;;;;;;;;;;;;;;;;
4;Sul;43;RS;Rio Grande do Sul;4307906;Farroupilha;4960620.721;70577.65;4580129.131;65538.09;4398457.494;59633.63;197883.665;1454549.78;1555709.184;383353.198;3591495.827;806961.667;Indústrias de transformação;Demais serviços;Comércio e reparação de veículos automotores e motocicletas;8;True;82.5;0.828929;288.11;291.71;5.102919;4.2;;84.1;0.867194;301.2;300.5;5.418354;4.7;;98.2;0.981741;283.89;279.16;6.050833;5.9;;99.7;0.997497;285.34;281.01;6.105833;6.1;;99.5;0.994787;260.56;245.68;7.403481;7.4;;99.8;0.997796;264.45;248.27;7.524808;7.5;;98.3;0.982637;247.83;237.18;7.005997;6.9;;93.6;0.935119;280.03;274.24;5.9045;5.5;;;;;;;;;;;;;;;;;;;;;;;;;;;;;
4;Sul;43;RS;Rio Grande do Sul;4308003;Faxinal do Soturno;298533.378;44543.92;252774.822;37716.33;270105.956;40611.33;39560.124;31044.724;130307.656;40444.354;241356.858;28749.098;Demais serviços;Administração, defesa, educação e saúde públicas e seguridade social;Comércio e reparação de veículos automotores e motocicletas;7;True;90.2;0.902931;302.96;291.17;5.303403;4.8;;90.2;0.902931;302.96;291.17;5.303403;4.8;;92.7;0.926069;259.14;247.01;5.1025;4.7;;;;;;;;;98.5;0.985261;242.97;226.9;6.726339;6.6;;100.0;1.0;208.23;214.22;5.832817;5.8;;96.9;0.968366;277.71;239.57;7.61968;7.4;;92.7;0.926069;259.14;247.01;5.1025;4.7;;;;;;;;;;;;;;;;;;;;;;;;;;;;;
4;Sul;43;RS;Rio Grande do Sul;4308052;Faxinalzinho;113640.03;45095.25;79769.22;31654.45;103166.464;45729.82;59134.017;4169.477;17919.83;18333.894;99557.218;3609.246;Agricultura, inclusive apoio à agricultura e a pós colheita;Administração, defesa, educação e saúde públicas e seguridade social;Pecuária, inclusive apoio à pecuária;4;True;92.5;0.90745;280.46;269.57;4.664038;4.2;;92.5;0.90745;280.46;269.57;4.664038;4.2;;;;;;;;;;;;;;;;95.6;0.954666;231.7;212.13;6.242718;6.0;;100.0;1.0;231.7;212.13;6.242718;6.2;;;;;;;;;;;;;;;;;;;;;;;;;;;;;;;;;;;;;;;;;;;
4;Sul;43;RS;Rio Grande do Sul;4308078;Fazenda Vilanova;145765.54;33970.06;126583.352;29499.73;140823.742;30090.54;40274.016;14591.691;41376.843;33091.448;129333.998;11489.744;Administração, defesa, educação e saúde públicas e seguridade social;Demais serviços;Pecuária, inclusive apoio à pecuária;6;True;87.6;0.88301;239.54;240.45;3.653391;3.2;;87.6;0.88301;239.54;240.45;3.653391;3.2;;95.0;0.947355;251.6;266.51;5.301833;5.0;;95.0;0.947355;251.6;266.51;5.301833;5.0;;97.3;0.975878;246.86;233.55;6.921485;6.8;;97.3;0.975878;246.86;233.55;6.921485;6.8;;;;;;;;;;;;;;;;;;;;;;;;;;;;;;;;;;;;;;;;;;;
4;Sul;43;RS;Rio Grande do Sul;4308102;Feliz;676580.784;49155.83;589303.435;42814.84;589354.788;42930.86;22681.78;142280.415;269349.261;79080.719;513392.175;75962.613;Demais serviços;Indústrias de transformação;Comércio e reparação de veículos automotores e motocicletas;7;True;91.5;0.932748;272.58;269.29;4.549172;4.2;;;;;;;;;95.2;0.951385;282.98;286.94;6.165333;5.9;;97.0;0.973508;294.66;293.31;6.466167;6.3;;99.6;0.995386;238.87;229.15;6.689004;6.7;;99.5;0.991876;232.06;224.36;6.471951;6.4;;99.7;0.996347;243.69;232.54;6.842625;6.8;;94.2;0.940446;275.12;282.66;5.963;5.6;;;;;;;;;;;;;;;;;;;;;;;;;;;;;
4;Sul;43;RS;Rio Grande do Sul;4308201;Flores da Cunha;3336287.608;107998.43;2843723.297;92053.71;2538141.763;80956.3;132842.135;1041599.322;671373.955;184102.364;2029917.776;508223.987;Indústrias de transformação;Demais serviços;Administração, defesa, educação e saúde públicas e seguridade social;8;True;85.9;0.864528;288.35;291.52;5.103446;4.4;;85.9;0.864528;288.35;291.52;5.103446;4.4;;91.8;0.917377;280.1;279.92;6.000333;5.5;;91.2;0.910707;284.73;284.62;6.155833;5.6;;97.6;0.976336;245.9;235.93;6.946437;6.8;;97.6;0.97601;245.15;235.88;6.931215;6.8;;97.6;0.97689;247.71;236.04;6.982979;6.8;;92.9;0.929488;272.94;272.64;5.759667;5.4;;;;;;;;;;;;;;;;;;;;;;;;;;;;;
4;Sul;43;RS;Rio Grande do Sul;4308250;Floriano Peixoto;77406.347;46406.68;83641.384;50144.71;103059.087;60303.74;60221.285;3993.765;18325.683;16077.426;98618.159;4440.928;Agricultura, inclusive apoio à agricultura e a pós colheita;Administração, defesa, educação e saúde públicas e seguridade social;Demais serviços;6;True;97.1;0.970713;292.19;276.82;4.937318;4.8;;97.1;0.970713;292.19;276.82;4.937318;4.8;;100.0;1.0;271.16;264.22;5.589667;5.6;;;;;;;;;100.0;1.0;256.06;195.93;6.413058;6.4;;100.0;1.0;256.06;195.93;6.413058;6.4;;;;;;;;;100.0;1.0;271.16;264.22;5.589667;5.6;;;;;;;;;;;;;;;;;;;;;;;;;;;;;
4;Sul;43;RS;Rio Grande do Sul;4308300;Fontoura Xavier;260495.099;27276.97;229958.285;24079.4;227470.055;22342.6;66320.562;9637.948;77011.584;59676.832;212646.926;14823.129;Administração, defesa, educação e saúde públicas e seguridade social;Demais serviços;Agricultura, inclusive apoio à agricultura e a pós colheita;7;True;86.1;0.763985;273.53;269.26;4.562066;3.5;;86.1;0.763985;273.53;269.26;4.562066;3.5;;94.6;0.945203;244.84;246.52;4.856;4.6;;;;;;;;;99.1;0.990665;224.61;223.15;6.307776;6.2;;99.4;0.993432;229.26;231.65;6.551062;6.5;;98.6;0.985602;222.58;219.45;6.201763;6.1;;95.3;0.952825;247.09;252.95;5.000667;4.8;;;;;;;;;;;;;;;;;;;;;;;;;;;;;
4;Sul;43;RS;Rio Grande do Sul;4308409;Formigueiro;263216.073;41044.14;223399.42;34835.4;302800.503;46095.37;143621.788;24976.022;72394.392;43389.126;284381.328;18419.175;Agricultura, inclusive apoio à agricultura e a pós colheita;Demais serviços;Administração, defesa, educação e saúde públicas e seguridade social;8;True;69.6;0.701318;262.28;267.65;4.379959;3.1;;69.6;0.701318;262.28;267.65;4.379959;3.1;;96.3;0.961502;238.03;251.25;4.821333;4.6;;95.9;0.960151;259.93;267.48;5.456833;5.2;;96.6;0.963169;220.96;215.98;6.107756;5.9;;95.7;0.952398;198.9;181.88;5.066763;4.8;;97.6;0.973374;231.75;232.65;6.616763;6.4;;96.5;0.966209;221.0;238.63;4.327167;4.2;;;;;;;;;;;;;;;;;;;;;;;;;;;;;
4;Sul;43;RS;Rio Grande do Sul;4308433;Forquetinha;64512.753;26958.94;53273.129;22262.07;58939.919;24671.38;25692.698;4023.136;8957.428;18031.285;56704.547;2235.372;Pecuária, inclusive apoio à pecuária;Administração, defesa, educação e saúde públicas e seguridade social;Demais serviços;6;True;85.6;0.857733;280.63;283.53;4.875408;4.2;;85.6;0.857733;280.63;283.53;4.875408;4.2;;85.0;0.850237;268.64;268.45;5.618167;4.8;;85.0;0.850237;268.64;268.45;5.618167;4.8;;94.3;0.946225;246.35;227.17;6.795752;6.4;;94.3;0.946225;246.35;227.17;6.795752;6.4;;;;;;;;;;;;;;;;;;;;;;;;;;;;;;;;;;;;;;;;;;;
4;Sul;43;RS;Rio Grande do Sul;4308458;Fortaleza dos Valos;330897.86;73910.62;335874.143;75022.14;564772.879;132825.23;326662.846;14527.517;150492.87;38229.501;529912.734;34860.145;Agricultura, inclusive apoio à agricultura e a pós colheita;Comércio e reparação de veículos automotores e motocicletas;Demais serviços;8;True;85.7;0.859598;287.55;286.85;5.0223;4.3;;85.7;0.859598;287.55;286.85;5.0223;4.3;;91.7;0.917302;276.71;287.02;6.062167;5.6;;86.0;0.851494;262.4;273.69;5.6015;4.8;;97.0;0.971171;252.86;237.43;7.106534;6.9;;96.1;0.961415;250.96;237.29;7.067729;6.8;;98.9;0.990664;258.42;237.83;7.219914;7.2;;98.9;0.982364;293.07;302.25;6.588667;6.5;;;;;;;;;;;;;;;;;;;;;;;;;;;;;
4;Sul;43;RS;Rio Grande do Sul;4308508;Frederico Westphalen;1792336.004;54934.13;1568643.176;48078.07;1430610.907;45165.3;140904.71;239544.704;703066.655;173079.028;1256595.098;174015.809;Demais serviços;Comércio e reparação de veículos automotores e motocicletas;Administração, defesa, educação e saúde públicas e seguridade social;9;True;87.2;0.874323;296.23;296.76;5.292563;4.6;;90.3;0.905523;298.69;297.57;5.339239;4.8;;93.2;0.931952;280.99;278.35;5.989;5.6;;89.5;0.893949;259.28;264.26;5.392333;4.8;;98.4;0.984393;245.16;233.44;6.887042;6.8;;98.2;0.98228;218.65;209.2;5.940399;5.8;;98.5;0.984962;254.12;241.63;7.206944;7.1;;94.6;0.946441;286.79;282.11;6.148333;5.8;;;;;;;;;95.7;0.959094;302.82;298.92;5.417454;5.2;;;;;;;;;;;;;;;
4;Sul;43;RS;Rio Grande do Sul;4308607;Garibaldi;3565441.782;103842.78;3135768.835;91328.64;2997968.987;83756.19;61666.493;1269430.55;883295.266;199141.669;2413533.978;584435.009;Indústrias de transformação;Demais serviços;Administração, defesa, educação e saúde públicas e seguridade social;8;True;84.9;0.849117;285.11;291.34;5.055245;4.3;;84.9;0.849117;285.11;291.34;5.055245;4.3;;94.6;0.946022;264.16;264.11;5.471167;5.2;;93.8;0.93912;279.49;272.47;5.866;5.5;;98.2;0.98135;247.08;233.88;6.931684;6.8;;97.7;0.975805;242.98;229.97;6.782348;6.6;;99.5;0.995314;260.3;246.48;7.413065;7.4;;95.6;0.954785;249.59;256.16;5.095833;4.9;;;;;;;;;;;;;;;;;;;;;;;;;;;;;
4;Sul;43;RS;Rio Grande do Sul;4308656;Garruchos;134739.375;50126.26;128026.982;47629.09;200967.158;70490.06;127992.844;4530.184;34145.401;26566.576;193235.005;7732.153;Agricultura, inclusive apoio à agricultura e a pós colheita;Administração, defesa, educação e saúde públicas e seguridade social;Demais serviços;6;True;83.1;0.828036;271.05;245.41;4.170199;3.5;;83.1;0.828036;271.05;245.41;4.170199;3.5;;98.6;0.985282;266.69;272.9;5.659833;5.6;;;;;;;;;96.2;0.963651;239.41;227.84;6.675491;6.4;;;;;;;;;90.9;0.918536;239.41;227.84;6.675491;6.1;;96.9;0.967962;266.69;272.9;5.659833;5.5;;;;;;;;;;;;;;;;;;;;;;;;;;;;;
4;Sul;43;RS;Rio Grande do Sul;4308706;Gaurama;349015.734;61609.13;297936.986;52592.58;282772.69;51913.47;86794.327;56106.255;77730.737;34874.166;255505.485;27267.205;Demais serviços;Agricultura, inclusive apoio à agricultura e a pós colheita;Indústrias de transformação;7;True;94.9;0.94556;273.32;304.44;5.085763;4.8;;94.9;0.94556;273.32;304.44;5.085763;4.8;;92.8;0.927693;286.45;280.3;6.1125;5.7;;88.9;0.888732;294.81;291.38;6.4365;5.7;;94.6;0.948138;241.37;227.63;6.709078;6.4;;94.3;0.94617;241.37;227.63;6.709078;6.3;;;;;;;;;95.2;0.950931;283.11;275.87;5.983;5.7;;;;;;;;;;;;;;;;;;;;;;;;;;;;;
4;Sul;43;RS;Rio Grande do Sul;4308805;General Câmara;234057.579;30748.5;230187.545;30240.09;276374.035;33142.35;159706.939;10673.971;49265.534;48734.167;268380.612;7993.423;Agricultura, inclusive apoio à agricultura e a pós colheita;Administração, defesa, educação e saúde públicas e seguridade social;Demais serviços;6;True;81.1;0.845807;259.58;270.18;4.379912;3.7;;81.1;0.845807;259.58;270.18;4.379912;3.7;;92.9;0.931228;240.41;250.38;4.8465;4.5;;;;;;;;;94.1;0.940032;226.12;215.8;6.202956;5.8;;;;;;;;;94.5;0.945325;226.12;215.8;6.202956;5.9;;93.3;0.931537;240.41;250.38;4.8465;4.5;;;;;;;;;;;;;;;;;;;;;;;;;;;;;
4;Sul;43;RS;Rio Grande do Sul;4308854;Gentil;152255.931;87302.71;144754.459;83096.7;190648.254;117756.8;102370.75;4869.468;51921.417;17306.226;176467.861;14180.393;Agricultura, inclusive apoio à agricultura e a pós colheita;Comércio e reparação de veículos automotores e motocicletas;Pecuária, inclusive apoio à pecuária;4;True;;;;;;;;;;;;;;;95.2;0.948274;295.09;265.74;6.013833;5.7;;;;;;;;;100.0;1.0;234.82;220.35;6.451714;6.5;;100.0;1.0;234.82;220.35;6.451714;6.5;;;;;;;;;95.6;0.954263;295.09;265.74;6.013833;5.7;;;;;;;;;;;;;;;;;;;;;;;;;;;;;
4;Sul;43;RS;Rio Grande do Sul;4308904;Getúlio Vargas;879960.498;53003.28;817984.975;49270.27;793664.01;49118.95;170450.834;130785.709;319887.515;98028.878;719152.936;74511.074;Demais serviços;Agricultura, inclusive apoio à agricultura e a pós colheita;Administração, defesa, educação e saúde públicas e seguridade social;8;True;86.8;0.866031;276.75;284.16;4.830345;4.2;;86.8;0.866031;276.75;284.16;4.830345;4.2;;96.8;0.966756;269.3;279.57;5.8145;5.6;;99.0;0.989637;268.13;298.27;6.106667;6.0;;99.0;0.989899;236.61;228.1;6.626783;6.6;;99.3;0.993221;237.54;227.98;6.64235;6.6;;98.8;0.987426;235.32;228.27;6.605256;6.5;;95.8;0.955747;269.8;271.59;5.689833;5.4;;;;;;;;;;;;;;;;;;;;;;;;;;;;;
4;Sul;43;RS;Rio Grande do Sul;4309001;Giruá;1017467.927;63540.12;939755.879;58687.06;1202945.141;76479.44;541032.344;118633.268;343642.6;108909.011;1112217.223;90727.919;Agricultura, inclusive apoio à agricultura e a pós colheita;Demais serviços;Comércio e reparação de veículos automotores e motocicletas;8;True;86.6;0.893582;264.15;262.03;4.322091;3.9;;86.6;0.893582;264.15;262.03;4.322091;3.9;;97.5;0.974867;246.93;243.96;4.848167;4.7;;96.7;0.968021;241.1;244.15;4.754167;4.6;;99.3;0.992871;222.2;216.15;6.134511;6.1;;99.5;0.994753;211.7;210.56;5.832493;5.8;;98.9;0.989149;238.55;224.86;6.604897;6.5;;98.4;0.98246;252.39;243.78;4.936167;4.8;;;;;;;;;;;;;;;;;;;;;;;;;;;;;
4;Sul;43;RS;Rio Grande do Sul;4309050;Glorinha;595368.852;77744.69;389247.094;50828.82;461887.61;55622.3;33555.137;231698.82;90693.9;59466.242;415414.098;46473.512;Indústrias de transformação;Demais serviços;Administração, defesa, educação e saúde públicas e seguridade social;5;True;;;;;;;;;;;;;;;92.6;0.927464;277.41;273.03;5.840667;5.4;;92.8;0.931135;281.27;273.57;5.914;5.5;;94.1;0.939779;252.79;231.46;6.996653;6.6;;94.1;0.939779;252.79;231.46;6.996653;6.6;;;;;;;;;88.2;0.882;270.69;272.07;5.712667;5.0;;;;;;;;;;;;;;;;;;;;;;;;;;;;;
4;Sul;43;RS;Rio Grande do Sul;4309100;Gramado;3565829.854;88848.11;3140827.016;78258.51;2658033.852;72103.78;24733.464;344063.759;1625286.515;323248.868;2317332.605;340701.247;Demais serviços;Administração, defesa, educação e saúde públicas e seguridade social;Comércio e reparação de veículos automotores e motocicletas;8;True;82.0;0.827827;270.63;287.27;4.790946;4.0;;82.0;0.827827;270.63;287.27;4.790946;4.0;;91.3;0.91334;272.37;271.7;5.7345;5.2;;92.3;0.923192;274.68;273.16;5.797333;5.4;;97.2;0.971949;232.71;220.72;6.418174;6.2;;97.2;0.971544;233.57;222.03;6.458405;6.3;;97.1;0.973691;225.92;210.31;6.099321;5.9;;86.9;0.865504;262.11;265.19;5.455;4.7;;;;;;;;;;;;;;;;;;;;;;;;;;;;;
4;Sul;43;RS;Rio Grande do Sul;4309126;Gramado dos Loureiros;87589.213;43490.18;67782.213;33655.52;94579.68;46453.67;57394.672;3811.431;13271.709;17059.822;91537.633;3042.047;Agricultura, inclusive apoio à agricultura e a pós colheita;Administração, defesa, educação e saúde públicas e seguridade social;Demais serviços;2;True;;;;;;;;;;;;;;;;;;;;;;;;;;;;;88.0;0.878377;231.01;229.12;6.538459;5.7;;;;;;;;;84.8;0.843164;231.01;229.12;6.538459;5.5;;;;;;;;;;;;;;;;;;;;;;;;;;;;;;;;;;;;
4;Sul;43;RS;Rio Grande do Sul;4309159;Gramado Xavier;124279.775;37603.56;108556.829;32856.18;109482.549;25007.43;57594.932;3572.78;14484.352;31232.5;106884.565;2597.984;Agricultura, inclusive apoio à agricultura e a pós colheita;Administração, defesa, educação e saúde públicas e seguridade social;Demais serviços;6;True;93.2;0.932865;276.89;282.66;4.809856;4.5;;93.2;0.932865;276.89;282.66;4.809856;4.5;;92.2;0.916482;247.02;252.05;4.9845;4.6;;;;;;;;;94.6;0.942547;217.75;199.24;5.742133;5.4;;;;;;;;;91.2;0.90963;217.75;199.24;5.742133;5.2;;90.9;0.893068;247.02;252.05;4.9845;4.5;;;;;;;;;;;;;;;;;;;;;;;;;;;;;
4;Sul;43;RS;Rio Grande do Sul;4309209;Gravataí;15545558.074;58646.11;13005577.11;49064.69;10261655.797;35934.7;25205.469;3311021.452;3803172.878;1466510.361;8605910.159;1655745.638;Demais serviços;Indústrias de transformação;Administração, defesa, educação e saúde públicas e seguridade social;8;True;77.0;0.774245;265.47;273.99;4.519672;3.5;;77.3;0.786388;267.1;275.26;4.561577;3.6;;85.5;0.855343;248.05;256.16;5.070167;4.3;;85.7;0.859765;248.48;257.02;5.091667;4.4;;93.0;0.929268;219.34;211.94;6.003385;5.6;;93.1;0.929583;219.31;211.5;5.994813;5.6;;92.8;0.928087;219.5;214.27;6.048802;5.6;;85.0;0.850805;247.31;254.64;5.0325;4.3;;;;;;;;;;;;;;;;;;;;;;;;;;;;;
4;Sul;43;RS;Rio Grande do Sul;4309258;Guabiju;107683.668;75994.12;93574.374;66036.96;132787.951;89843.0;87150.308;4016.282;22320.04;13955.97;127442.6;5345.351;Agricultura, inclusive apoio à agricultura e a pós colheita;Pecuária, inclusive apoio à pecuária;Demais serviços;2;True;;;;;;;;;;;;;;;100.0;1.0;276.24;266.14;5.706333;5.7;;;;;;;;;;;;;;;;;;;;;;;;;;;;;;100.0;1.0;276.24;266.14;5.706333;5.7;;;;;;;;;;;;;;;;;;;;;;;;;;;;;
4;Sul;43;RS;Rio Grande do Sul;4309308;Guaíba;9001785.047;96872.55;8316851.365;89501.65;8284825.478;84254.46;68926.708;1766358.636;2809357.429;604960.82;5249603.593;3035221.885;Indústrias de transformação;Comércio e reparação de veículos automotores e motocicletas;Demais serviços;8;True;85.4;0.887383;268.66;284.82;4.726601;4.2;;85.4;0.887383;268.66;284.82;4.726601;4.2;;89.0;0.891799;251.27;263.53;5.246667;4.7;;86.6;0.870722;254.71;265.9;5.3435;4.7;;94.2;0.941579;213.03;208.76;5.825147;5.5;;93.4;0.933521;215.4;212.51;5.938558;5.5;;96.4;0.965841;207.11;199.41;5.54217;5.4;;93.5;0.934743;246.31;260.12;5.107167;4.8;;;;;;;;;;;;;;;;;;;;;;;;;;;;;
4;Sul;43;RS;Rio Grande do Sul;4309407;Guaporé;1264537.17;50045.0;1123503.378;44463.49;1149054.946;43858.73;106749.851;361090.803;412648.556;150071.143;1030560.353;118494.594;Demais serviços;Indústrias de transformação;Administração, defesa, educação e saúde públicas e seguridade social;8;True;86.3;0.883075;278.53;278.67;4.773159;4.2;;86.3;0.883075;278.53;278.67;4.773159;4.2;;97.3;0.972668;263.09;259.04;5.368833;5.2;;97.4;0.974109;262.37;261.4;5.396167;5.3;;98.9;0.988926;244.34;229.13;6.79303;6.7;;99.1;0.989739;243.77;229.05;6.780697;6.7;;98.6;0.985476;245.83;229.36;6.825647;6.7;;97.0;0.970733;264.22;255.28;5.325;5.2;;;;;;;;;;;;;;;;;;;;;;;;;;;;;
4;Sul;43;RS;Rio Grande do Sul;4309506;Guarani das Missões;295742.866;39884.41;284710.006;38396.49;362624.685;49049.73;134876.972;24642.646;126535.338;44084.498;330139.455;32485.231;Agricultura, inclusive apoio à agricultura e a pós colheita;Demais serviços;Comércio e reparação de veículos automotores e motocicletas;6;True;97.1;0.973106;292.72;277.55;4.95569;4.8;;97.1;0.973106;292.72;277.55;4.95569;4.8;;96.5;0.964596;268.66;268.83;5.624833;5.4;;;;;;;;;99.4;0.994352;225.3;226.87;6.38858;6.4;;;;;;;;;100.0;1.0;225.84;221.78;6.30634;6.3;;95.6;0.962228;260.01;263.87;5.398;5.2;;;;;;;;;;;;;;;;;;;;;;;;;;;;;
4;Sul;43;RS;Rio Grande do Sul;4309555;Harmonia;306940.865;57073.42;260997.015;48530.5;245497.391;49425.69;35724.429;62569.902;79980.428;32733.125;211007.885;34489.506;Indústrias de transformação;Demais serviços;Administração, defesa, educação e saúde públicas e seguridade social;8;True;85.6;0.861805;306.99;312.31;5.676471;4.9;;85.6;0.861805;306.99;312.31;5.676471;4.9;;92.2;0.917196;291.44;292.5;6.399;5.9;;92.4;0.913817;296.33;285.47;6.363333;5.8;;96.5;0.962434;258.66;246.17;7.37613;7.1;;97.9;0.976784;262.65;243.74;7.408094;7.2;;93.6;0.928576;256.37;247.57;7.357883;6.8;;92.1;0.91697;289.12;295.84;6.416;5.9;;;;;;;;;;;;;;;;;;;;;;;;;;;;;
4;Sul;43;RS;Rio Grande do Sul;4309571;Herveiras;88439.464;34492.77;63385.715;25093.32;71143.122;23565.13;31312.036;1842.106;12318.082;23429.559;68901.783;2241.339;Agricultura, inclusive apoio à agricultura e a pós colheita;Administração, defesa, educação e saúde públicas e seguridade social;Demais serviços;6;True;87.7;0.886774;288.8;293.9;5.145395;4.6;;87.7;0.886774;288.8;293.9;5.145395;4.6;;89.9;0.902076;254.54;258.24;5.213;4.7;;;;;;;;;96.4;0.965162;256.34;225.2;6.950583;6.7;;;;;;;;;96.8;0.971605;256.34;225.2;6.950583;6.8;;90.0;0.892791;254.54;258.24;5.213;4.7;;;;;;;;;;;;;;;;;;;;;;;;;;;;;
4;Sul;43;RS;Rio Grande do Sul;4309605;Horizontina;1828050.073;96973.64;3718636.243;197264.67;2608198.333;134125.18;133348.425;1183861.988;536138.392;138631.55;1991980.355;616217.978;Indústrias de transformação;Demais serviços;Administração, defesa, educação e saúde públicas e seguridade social;6;True;90.4;0.903583;268.07;268.95;4.48074;4.0;;90.4;0.903583;268.07;268.95;4.48074;4.0;;97.9;0.978941;273.92;270.21;5.7355;5.6;;97.9;0.978941;273.92;270.21;5.7355;5.6;;99.9;0.998996;261.38;238.15;7.282221;7.3;;99.9;0.998996;261.38;238.15;7.282221;7.3;;;;;;;;;;;;;;;;;;;;;;;;;;;;;;;;;;;;;;;;;;;
4;Sul;43;RS;Rio Grande do Sul;4309654;Hulha Negra;228859.975;38296.52;230213.601;38523.03;314488.195;45617.67;113251.99;65217.258;59011.279;45969.242;283449.77;31038.425;Agricultura, inclusive apoio à agricultura e a pós colheita;Indústrias de transformação;Administração, defesa, educação e saúde públicas e seguridade social;4;True;;;;;;;;;;;;;;;93.8;0.938352;245.98;246.35;4.872167;4.6;;96.7;0.965414;245.98;246.35;4.872167;4.7;;98.8;0.988355;214.88;196.59;5.63918;5.6;;98.2;0.982908;209.34;188.42;5.384909;5.3;;;;;;;;;;;;;;;;;;;;;;;;;;;;;;;;;;;;;;;;;;;
4;Sul;43;RS;Rio Grande do Sul;4309704;Humaitá;218021.109;46575.76;198250.448;42352.16;229248.974;48652.16;91922.805;9765.004;75569.481;29202.211;206459.501;22789.473;Agricultura, inclusive apoio à agricultura e a pós colheita;Demais serviços;Pecuária, inclusive apoio à pecuária;8;True;85.7;0.89274;295.1;292.74;5.216512;4.7;;85.7;0.89274;295.1;292.74;5.216512;4.7;;87.3;0.872172;275.46;283.5;5.982667;5.2;;92.1;0.922786;282.97;282.53;6.091667;5.6;;98.0;0.979564;231.87;218.76;6.366507;6.2;;98.3;0.981275;238.98;224.71;6.610376;6.5;;91.7;0.917;209.99;200.45;5.616041;5.1;;75.4;0.737906;266.54;284.64;5.853;4.3;;;;;;;;;;;;;;;;;;;;;;;;;;;;;
4;Sul;43;RS;Rio Grande do Sul;4309753;Ibarama;105468.908;28260.69;99944.282;26780.35;112227.259;25546.84;46538.937;9246.261;20266.2;30133.827;106185.224;6042.034;Agricultura, inclusive apoio à agricultura e a pós colheita;Administração, defesa, educação e saúde públicas e seguridade social;Demais serviços;4;True;92.5;0.927235;284.99;289.5;5.026015;4.7;;92.5;0.927235;284.99;289.5;5.026015;4.7;;96.9;0.964312;257.77;264.68;5.374167;5.2;;;;;;;;;;;;;;;;;;;;;;;;;;;;;;100.0;1.0;257.77;264.68;5.374167;5.4;;;;;;;;;;;;;;;;;;;;;;;;;;;;;
4;Sul;43;RS;Rio Grande do Sul;4309803;Ibiaçá;298760.648;65995.28;244156.314;53933.36;367295.169;78314.54;203366.949;22580.215;86497.883;34572.236;347017.283;20277.886;Agricultura, inclusive apoio à agricultura e a pós colheita;Demais serviços;Administração, defesa, educação e saúde públicas e seguridade social;7;True;83.3;0.826662;296.25;290.66;5.201526;4.3;;83.3;0.826662;296.25;290.66;5.201526;4.3;;96.6;0.965381;273.44;286.75;6.003167;5.8;;97.6;0.975811;262.62;287.76;5.839667;5.7;;100.0;1.0;234.39;222.5;6.4825990000000004;6.5;;100.0;1.0;234.39;222.5;6.4825990000000004;6.5;;;;;;;;;95.5;0.965517;279.68;286.16;6.097333;5.9;;;;;;;;;;;;;;;;;;;;;;;;;;;;;
4;Sul;43;RS;Rio Grande do Sul;4309902;Ibiraiaras;380199.36;56109.7;346199.532;51092.02;399692.523;55001.04;170383.343;13933.516;121260.13;45180.621;350757.61;48934.912;Agricultura, inclusive apoio à agricultura e a pós colheita;Demais serviços;Comércio e reparação de veículos automotores e motocicletas;4;True;;;;;;;;;;;;;;;81.2;0.812416;265.96;242.7;5.144333;4.2;;;;;;;;;96.0;0.958102;261.47;242.89;7.37012;7.1;;96.6;0.962842;261.47;242.89;7.37012;7.1;;;;;;;;;73.5;0.73814;279.59;248.15;5.462333;4.0;;;;;;;;;;;;;;;;;;;;;;;;;;;;;
4;Sul;43;RS;Rio Grande do Sul;4309951;Ibirapuitã;188101.758;50524.24;169673.528;45574.41;213522.468;53541.24;128142.054;5443.286;42146.218;28405.001;204136.559;9385.908;Agricultura, inclusive apoio à agricultura e a pós colheita;Administração, defesa, educação e saúde públicas e seguridade social;Demais serviços;7;True;92.8;0.931914;262.83;254.97;4.197863;3.9;;92.8;0.931914;262.83;254.97;4.197863;3.9;;91.8;0.917835;237.11;255.81;4.882;4.5;;84.8;0.848597;219.54;242.25;4.363167;3.7;;98.1;0.983995;247.92;225.53;6.795896;6.7;;;;;;;;;100.0;1.0;247.92;225.53;6.795896;6.8;;98.9;0.987552;253.88;268.76;5.377333;5.3;;;;;;;;;;;;;;;;;;;;;;;;;;;;;
4;Sul;43;RS;Rio Grande do Sul;4310009;Ibirubá;1708041.504;79138.28;1721331.767;79754.05;1722057.075;84109.46;453393.299;350982.518;563821.524;126454.576;1494651.917;227405.158;Agricultura, inclusive apoio à agricultura e a pós colheita;Demais serviços;Indústrias de transformação;8;True;82.3;0.829583;282.46;275.72;4.784194;4.0;;86.8;0.872369;287.2;279.6;4.908851;4.3;;87.1;0.871958;280.51;269.33;5.830667;5.1;;84.5;0.848131;299.68;281.0;6.344667;5.4;;95.8;0.957389;249.96;238.98;7.079373;6.8;;94.7;0.948525;251.8;237.83;7.093578;6.7;;96.6;0.964568;248.95;239.61;7.071552;6.8;;89.1;0.890687;272.94;264.72;5.627667;5.0;;;;;;;;;;;;;;;;;;;;;;;;;;;;;
4;Sul;43;RS;Rio Grande do Sul;4310108;Igrejinha;2656127.263;79713.31;2189300.545;66730.69;1888887.333;50031.45;6833.158;811506.534;606400.828;215987.686;1640728.205;248159.127;Indústrias de transformação;Demais serviços;Administração, defesa, educação e saúde públicas e seguridade social;8;True;82.7;0.863099;280.48;284.26;4.884229;4.2;;82.7;0.863099;280.48;284.26;4.884229;4.2;;96.2;0.96224;273.05;273.61;5.777667;5.6;;97.2;0.97181;272.71;276.39;5.818333;5.7;;98.9;0.989109;239.92;223.48;6.605951;6.5;;99.1;0.990943;241.98;225.62;6.684173;6.6;;97.7;0.976177;226.68;209.73;6.10328;6.0;;91.5;0.912142;274.29;263.46;5.629167;5.1;;;;;;;;;;;;;;;;;;;;;;;;;;;;;
4;Sul;43;RS;Rio Grande do Sul;4310207;Ijuí;6105244.061;72012.79;5484607.536;64733.46;5190405.144;61760.39;461042.544;1147434.061;2332812.009;616328.139;4557616.753;632788.39;Demais serviços;Indústrias de transformação;Comércio e reparação de veículos automotores e motocicletas;8;True;82.2;0.651533;296.68;299.41;5.338554;3.5;;83.3;0.813791;296.11;297.57;5.303003;4.3;;94.7;0.947392;272.34;274.85;5.7865;5.5;;97.4;0.974221;277.09;280.34;5.957167;5.8;;97.6;0.975988;242.82;228.26;6.748204;6.6;;98.3;0.982175;249.73;234.73;6.997711;6.9;;96.7;0.968437;234.02;220.02;6.430447;6.2;;92.5;0.925003;268.44;270.34;5.646333;5.2;;;;;;;;;;;;;;;;;;;;;;;;;;;;;
4;Sul;43;RS;Rio Grande do Sul;4310306;Ilópolis;164900.365;39668.12;129558.607;31166.37;140570.202;34674.45;47223.951;16023.055;39699.434;26940.977;129887.417;10682.785;Demais serviços;Administração, defesa, educação e saúde públicas e seguridade social;Agricultura, inclusive apoio à agricultura e a pós colheita;5;True;;;;;;;;;;;;;;;87.3;0.870019;273.19;278.23;5.857;5.1;;92.6;0.926313;269.3;266.75;5.600833;5.2;;99.5;0.994062;254.17;224.9;6.903716;6.9;;99.4;0.990664;254.17;224.9;6.903716;6.8;;;;;;;;;82.9;0.824067;275.56;285.23;6.013167;5.0;;;;;;;;;;;;;;;;;;;;;;;;;;;;;
4;Sul;43;RS;Rio Grande do Sul;4310330;Imbé;762866.405;28439.7;670989.357;25014.52;626822.788;26424.8;2209.685;55540.887;328750.508;192559.293;579060.374;47762.414;Demais serviços;Administração, defesa, educação e saúde públicas e seguridade social;Comércio e reparação de veículos automotores e motocicletas;7;True;84.6;0.855148;290.71;297.01;5.218777;4.5;;84.6;0.855148;290.71;297.01;5.218777;4.5;;87.4;0.875291;258.69;265.32;5.400167;4.7;;86.2;0.863712;262.62;266.07;5.478167;4.7;;92.6;0.924979;220.37;211.38;6.01286;5.6;;92.2;0.919743;220.01;211.09;6.000717;5.5;;99.1;0.991308;225.19;215.35;6.177026;6.1;;;;;;;;;;;;;;;;;;;;;;;;;;;;;;;;;;;;
4;Sul;43;RS;Rio Grande do Sul;4310363;Imigrante;590476.017;191712.99;651738.82;211603.51;519189.71;167318.63;37061.447;321418.627;73120.124;24048.026;455648.225;63541.485;Indústrias de transformação;Demais serviços;Pecuária, inclusive apoio à pecuária;6;True;91.7;0.916392;290.61;288.36;5.087882;4.7;;91.7;0.916392;290.61;288.36;5.087882;4.7;;88.0;0.880286;294.92;285.06;6.333;5.6;;88.0;0.880286;294.92;285.06;6.333;5.6;;96.8;0.967187;245.56;211.63;6.49813;6.3;;96.8;0.967187;245.56;211.63;6.49813;6.3;;;;;;;;;;;;;;;;;;;;;;;;;;;;;;;;;;;;;;;;;;;
4;Sul;43;RS;Rio Grande do Sul;4310405;Independência;443606.056;69022.26;386702.401;60168.41;494165.875;81626.34;204430.896;52109.789;121347.896;45052.612;422941.193;71224.682;Agricultura, inclusive apoio à agricultura e a pós colheita;Demais serviços;Comércio e reparação de veículos automotores e motocicletas;5;True;;;;;;;;;;;;;;;84.1;0.837065;255.76;250.36;5.102;4.3;;;;;;;;;98.0;0.979831;230.06;206.99;6.117965;6.0;;97.8;0.976964;231.6;209.03;6.184446;6.0;;100.0;1.0;222.83;197.39;5.805443;5.8;;89.0;0.890794;247.77;262.4;5.1695;4.6;;;;;;;;;;;;;;;;;;;;;;;;;;;;;
4;Sul;43;RS;Rio Grande do Sul;4310413;Inhacorá;76395.812;37932.38;73657.811;36572.9;110556.688;50093.65;63724.313;3601.794;19696.065;18989.119;106011.29;4545.397;Agricultura, inclusive apoio à agricultura e a pós colheita;Administração, defesa, educação e saúde públicas e seguridade social;Demais serviços;6;True;92.1;0.919132;258.83;275.48;4.448719;4.1;;92.1;0.919132;258.83;275.48;4.448719;4.1;;89.5;0.885732;245.45;256.93;5.039667;4.5;;89.5;0.885732;245.45;256.93;5.039667;4.5;;93.8;0.942003;221.64;205.91;5.937642;5.6;;93.8;0.942003;221.64;205.91;5.937642;5.6;;;;;;;;;;;;;;;;;;;;;;;;;;;;;;;;;;;;;;;;;;;
4;Sul;43;RS;Rio Grande do Sul;4310439;Ipê;392922.433;72776.89;244510.841;45917.53;298582.796;44326.42;157806.471;23864.911;59626.327;41113.928;282411.637;16171.158;Agricultura, inclusive apoio à agricultura e a pós colheita;Demais serviços;Administração, defesa, educação e saúde públicas e seguridade social;8;True;91.3;0.909619;291.58;301.78;5.302404;4.8;;91.3;0.909619;291.58;301.78;5.302404;4.8;;90.4;0.890347;283.46;280.32;6.063;5.4;;86.8;0.859347;303.65;291.43;6.584667;5.7;;97.4;0.973465;231.78;213.17;6.263153;6.1;;96.4;0.962909;237.78;213.41;6.382021;6.1;;100.0;1.0;219.78;212.7;6.0256;6.0;;94.3;0.929499;263.26;269.21;5.541167;5.2;;;;;;;;;;;;;;;;;;;;;;;;;;;;;
4;Sul;43;RS;Rio Grande do Sul;4310462;Ipiranga do Sul;122375.56;71148.58;168815.299;98148.43;177628.988;94937.99;105824.947;7494.336;38424.146;18276.012;170019.44;7609.548;Agricultura, inclusive apoio à agricultura e a pós colheita;Demais serviços;Administração, defesa, educação e saúde públicas e seguridade social;4;True;;;;;;;;;;;;;;;97.1;0.959955;297.94;285.12;6.384333;6.1;;97.1;0.959955;297.94;285.12;6.384333;6.1;;97.8;0.978508;303.59;282.2;8.888664;8.7;;97.8;0.978508;303.59;282.2;8.888664;8.7;;;;;;;;;;;;;;;;;;;;;;;;;;;;;;;;;;;;;;;;;;;
4;Sul;43;RS;Rio Grande do Sul;4310504;Iraí;255785.427;34186.77;239121.843;31959.62;254492.118;36118.67;77563.939;18099.667;93988.223;41341.643;230993.472;23498.646;Demais serviços;Agricultura, inclusive apoio à agricultura e a pós colheita;Administração, defesa, educação e saúde públicas e seguridade social;5;True;;;;;;;;;;;;;;;88.6;0.88538;259.9;284.55;5.740833;5.1;;;;;;;;;98.0;0.979173;247.91;229.97;6.876432;6.7;;97.1;0.963252;247.83;226.3;6.808178;6.6;;98.8;0.990249;247.97;232.44;6.922486;6.9;;90.5;0.907181;262.92;289.31;5.8705;5.3;;;;;;;;;;;;;;;;;;;;;;;;;;;;;
4;Sul;43;RS;Rio Grande do Sul;4310538;Itaara;304166.514;54588.39;268604.091;48206.05;286659.228;51437.15;26282.229;22621.355;184611.642;37427.536;270942.762;15716.466;Demais serviços;Administração, defesa, educação e saúde públicas e seguridade social;Agricultura, inclusive apoio à agricultura e a pós colheita;4;True;;;;;;;;;;;;;;;91.6;0.911889;245.12;254.71;4.997167;4.6;;91.6;0.911889;245.12;254.71;4.997167;4.6;;96.3;0.963024;207.73;207.75;5.705638;5.5;;96.3;0.963024;207.73;207.75;5.705638;5.5;;;;;;;;;;;;;;;;;;;;;;;;;;;;;;;;;;;;;;;;;;;
4;Sul;43;RS;Rio Grande do Sul;4310553;Itacurubi;114341.75;38177.55;90323.253;30158.01;246286.552;71263.47;180540.754;5758.488;28861.022;26936.727;242096.99;4189.562;Agricultura, inclusive apoio à agricultura e a pós colheita;Pecuária, inclusive apoio à pecuária;Administração, defesa, educação e saúde públicas e seguridade social;4;True;;;;;;;;;;;;;;;98.2;0.98317;247.38;238.1;4.758;4.7;;;;;;;;;98.9;0.990879;201.13;190.39;5.264048;5.2;;98.9;0.988931;201.13;190.39;5.264048;5.2;;;;;;;;;100.0;1.0;247.38;238.1;4.758;4.8;;;;;;;;;;;;;;;;;;;;;;;;;;;;;
4;Sul;43;RS;Rio Grande do Sul;4310579;Itapuca;93880.969;48467.2;89664.506;46290.4;94234.684;46261.5;62473.252;3105.357;9409.663;17644.365;92632.637;1602.047;Agricultura, inclusive apoio à agricultura e a pós colheita;Administração, defesa, educação e saúde públicas e seguridade social;Pecuária, inclusive apoio à pecuária;4;True;;;;;;;;;;;;;;;100.0;1.0;269.81;265.94;5.595833;5.6;;100.0;1.0;269.81;265.94;5.595833;5.6;;100.0;1.0;246.3;221.33;6.688616;6.7;;100.0;1.0;246.3;221.33;6.688616;6.7;;;;;;;;;;;;;;;;;;;;;;;;;;;;;;;;;;;;;;;;;;;
4;Sul;43;RS;Rio Grande do Sul;4310603;Itaqui;2068939.243;57843.3;1751877.053;48978.89;2186928.783;58531.94;915962.329;294873.027;559324.005;228505.629;1998664.99;188263.793;Agricultura, inclusive apoio à agricultura e a pós colheita;Demais serviços;Administração, defesa, educação e saúde públicas e seguridade social;8;True;89.1;0.860219;264.75;276.54;4.547733;3.9;;89.1;0.860219;264.75;276.54;4.547733;3.9;;94.9;0.948984;244.23;255.44;4.9945;4.7;;91.4;0.914375;226.18;232.5;4.311333;3.9;;95.2;0.951505;209.79;201.94;5.639315;5.4;;92.0;0.91623;202.73;190.58;5.298037;4.9;;99.1;0.991148;216.46;212.67;5.961696;5.9;;98.5;0.984914;257.06;271.74;5.48;5.4;;;;;;;;;;;;;;;;;;;;;;;;;;;;;
4;Sul;43;RS;Rio Grande do Sul;4310652;Itati;103482.518;39227.64;83433.178;31627.44;86738.63;36490.8;42313.992;3416.954;17029.376;20651.247;83411.569;3327.061;Agricultura, inclusive apoio à agricultura e a pós colheita;Administração, defesa, educação e saúde públicas e seguridade social;Demais serviços;0;False;;;;;;;;;;;;;;;;;;;;;;;;;;;;;;;;;;;;;;;;;;;;;;;;;;;;;;;;;;;;;;;;;;;;;;;;;;;;;;;;;;;;
4;Sul;43;RS;Rio Grande do Sul;4310702;Itatiba do Sul;85113.004;26531.49;73188.385;22814.33;81707.352;25996.61;36840.594;3600.299;14348.683;23883.151;78672.727;3034.625;Administração, defesa, educação e saúde públicas e seguridade social;Agricultura, inclusive apoio à agricultura e a pós colheita;Pecuária, inclusive apoio à pecuária;6;True;93.7;0.932068;278.69;281.96;4.824658;4.5;;93.7;0.932068;278.69;281.96;4.824658;4.5;;99.2;0.99389;311.16;297.42;6.809667;6.8;;;;;;;;;99.4;0.993432;287.32;244.06;7.884713;7.8;;;;;;;;;98.4;0.982219;287.32;244.06;7.884713;7.7;;98.6;0.985386;311.16;297.42;6.809667;6.7;;;;;;;;;;;;;;;;;;;;;;;;;;;;;
4;Sul;43;RS;Rio Grande do Sul;4310751;Ivorá;53952.316;27969.06;48522.537;25154.24;71911.272;38787.09;41547.591;2311.469;9838.622;16479.156;70176.838;1734.434;Agricultura, inclusive apoio à agricultura e a pós colheita;Administração, defesa, educação e saúde públicas e seguridade social;Demais serviços;6;True;90.5;0.915357;312.08;300.38;5.569367;5.1;;90.5;0.915357;312.08;300.38;5.569367;5.1;;91.4;0.911596;247.55;242.27;4.830333;4.4;;;;;;;;;97.6;0.978261;225.85;219.83;6.271076;6.1;;;;;;;;;100.0;1.0;225.85;219.83;6.271076;6.3;;91.4;0.911596;247.55;242.27;4.830333;4.4;;;;;;;;;;;;;;;;;;;;;;;;;;;;;
4;Sul;43;RS;Rio Grande do Sul;4310801;Ivoti;1538878.471;66957.25;1361666.75;59246.69;1180386.953;47087.4;12454.108;301034.421;538473.04;140319.346;992280.915;188106.038;Demais serviços;Indústrias de transformação;Comércio e reparação de veículos automotores e motocicletas;6;True;87.4;0.879461;292.38;296.79;5.238939;4.6;;87.4;0.879461;292.38;296.79;5.238939;4.6;;95.9;0.959525;291.4;285.98;6.289667;6.0;;95.9;0.959525;291.4;285.98;6.289667;6.0;;98.5;0.98412;249.95;229.6;6.908636;6.8;;98.5;0.98412;249.95;229.6;6.908636;6.8;;;;;;;;;;;;;;;;;;;;;;;;;;;;;;;;;;;;;;;;;;;
4;Sul;43;RS;Rio Grande do Sul;4310850;Jaboticaba;106763.479;28251.78;117255.871;31028.28;136729.808;36578.33;63649.144;4740.638;35795.315;26461.522;130646.62;6083.188;Agricultura, inclusive apoio à agricultura e a pós colheita;Demais serviços;Administração, defesa, educação e saúde públicas e seguridade social;8;True;95.5;0.961826;283.04;290.88;5.019286;4.8;;95.5;0.961826;283.04;290.88;5.019286;4.8;;95.1;0.947211;278.7;271.86;5.842667;5.5;;93.9;0.92598;271.26;262.8;5.567667;5.2;;100.0;1.0;232.62;224.34;6.482275;6.5;;100.0;1.0;232.29;221.01;6.415432;6.4;;100.0;1.0;233.19;229.97;6.595516;6.6;;97.1;0.97645;288.01;283.19;6.186667;6.0;;;;;;;;;;;;;;;;;;;;;;;;;;;;;
4;Sul;43;RS;Rio Grande do Sul;4310876;Jacuizinho;125145.633;61345.9;113790.243;55779.53;224026.966;82423.46;164172.697;5453.692;26934.077;22931.152;219491.617;4535.349;Agricultura, inclusive apoio à agricultura e a pós colheita;Administração, defesa, educação e saúde públicas e seguridade social;Demais serviços;4;True;;;;;;;;;;;;;;;92.5;0.924562;257.9;257.26;5.252667;4.9;;92.5;0.924562;257.9;257.26;5.252667;4.9;;94.0;0.950725;202.8;211.64;5.682282;5.4;;94.0;0.950725;202.8;211.64;5.682282;5.4;;;;;;;;;;;;;;;;;;;;;;;;;;;;;;;;;;;;;;;;;;;
4;Sul;43;RS;Rio Grande do Sul;4310900;Jacutinga;188689.161;56527.61;224849.647;67360.59;232300.833;65770.34;114478.106;14831.449;60350.544;26345.693;216005.791;16295.041;Agricultura, inclusive apoio à agricultura e a pós colheita;Demais serviços;Administração, defesa, educação e saúde públicas e seguridade social;8;True;89.3;0.906422;316.63;278.61;5.307373;4.8;;89.3;0.906422;316.63;278.61;5.307373;4.8;;92.6;0.927239;277.33;272.85;5.836333;5.4;;93.1;0.927335;273.09;273.55;5.777333;5.4;;100.0;1.0;260.27;239.16;7.279401;7.3;;100.0;1.0;272.0;253.18;7.758165;7.8;;100.0;1.0;246.06;222.18;6.699491;6.7;;92.2;0.924831;279.72;272.45;5.8695;5.4;;;;;;;;;;;;;;;;;;;;;;;;;;;;;
4;Sul;43;RS;Rio Grande do Sul;4311007;Jaguarão;1034801.744;38897.93;954110.342;35864.76;1059396.276;40239.92;475652.118;42337.837;332571.743;146321.996;996883.694;62512.582;Agricultura, inclusive apoio à agricultura e a pós colheita;Demais serviços;Administração, defesa, educação e saúde públicas e seguridade social;7;True;79.4;0.796482;271.44;290.2;4.846185;3.9;;79.1;0.793098;279.87;295.63;5.045871;4.0;;78.9;0.788999;257.12;255.71;5.213833;4.1;;;;;;;;;90.0;0.900173;224.65;209.52;6.060721;5.5;;85.5;0.851707;209.96;198.28;5.576014;4.7;;96.4;0.964835;239.94;221.23;6.565424;6.3;;93.0;0.928714;261.94;268.72;5.511;5.1;;;;;;;;;;;;;;;;;;;;;;;;;;;;;
4;Sul;43;RS;Rio Grande do Sul;4311106;Jaguari;328936.711;31093.37;293650.303;27757.85;378020.116;35381.89;124482.756;27616.14;136530.985;63584.995;352214.876;25805.24;Agricultura, inclusive apoio à agricultura e a pós colheita;Demais serviços;Administração, defesa, educação e saúde públicas e seguridade social;9;True;75.3;0.719859;279.97;286.13;4.90506;3.5;;85.2;0.857173;283.14;284.1;4.919194;4.2;;83.1;0.831106;283.02;278.21;6.0205;5.0;;82.5;0.825161;271.11;263.47;5.576333;4.6;;96.6;0.966936;239.94;228.0;6.688515;6.5;;95.7;0.95821;231.84;223.48;6.451753;6.2;;98.7;0.986949;260.2;239.28;7.280247;7.2;;83.9;0.838158;294.93;292.95;6.464667;5.4;;;;;;;;;94.8;0.95308;288.55;280.64;4.94338;4.7;;;;;;;;;;;;;;;
4;Sul;43;RS;Rio Grande do Sul;4311122;Jaquirana;101810.11;27590.82;84089.021;22788.35;94041.661;26043.11;36156.904;6380.298;22162.964;23894.427;88594.593;5447.068;Administração, defesa, educação e saúde públicas e seguridade social;Pecuária, inclusive apoio à pecuária;Demais serviços;5;True;;;;;;;;;;;;;;;92.9;0.925368;240.4;246.62;4.783667;4.4;;;;;;;;;97.5;0.974017;213.12;210.2;5.853046;5.7;;99.5;0.995314;207.75;206.34;5.680384;5.7;;93.5;0.931044;226.93;220.14;6.297323;5.9;;82.7;0.785122;243.78;241.73;4.7585;3.7;;;;;;;;;;;;;;;;;;;;;;;;;;;;;
4;Sul;43;RS;Rio Grande do Sul;4311130;Jari;211635.216;63193.56;239812.302;71607.14;469005.939;135082.36;377841.108;11495.683;46620.736;26345.347;462302.874;6703.065;Agricultura, inclusive apoio à agricultura e a pós colheita;Demais serviços;Administração, defesa, educação e saúde públicas e seguridade social;4;True;;;;;;;;;;;;;;;93.6;0.932365;258.21;246.41;5.077;4.7;;;;;;;;;99.5;0.993852;250.86;224.15;6.826912;6.8;;99.5;0.993852;250.86;224.15;6.826912;6.8;;;;;;;;;92.8;0.904162;258.21;246.41;5.077;4.6;;;;;;;;;;;;;;;;;;;;;;;;;;;;;
4;Sul;43;RS;Rio Grande do Sul;4311155;Jóia;345893.658;48147.78;453632.489;63144.83;975409.574;113803.47;709902.449;23079.799;152744.06;59506.155;945232.463;30177.111;Agricultura, inclusive apoio à agricultura e a pós colheita;Demais serviços;Administração, defesa, educação e saúde públicas e seguridade social;5;True;77.9;0.782068;274.5;280.85;4.749193;3.7;;77.9;0.782068;274.5;280.85;4.749193;3.7;;91.1;0.910748;260.72;245.06;5.096333;4.6;;;;;;;;;97.5;0.974775;231.76;219.03;6.369317;6.2;;;;;;;;;98.8;0.985358;231.76;219.03;6.369317;6.3;;;;;;;;;;;;;;;;;;;;;;;;;;;;;;;;;;;;
4;Sul;43;RS;Rio Grande do Sul;4311205;Júlio de Castilhos;1306881.92;71704.26;1411166.663;77426.02;1925175.31;100484.12;741244.686;55762.226;770552.792;123014.535;1690574.24;234601.071;Agricultura, inclusive apoio à agricultura e a pós colheita;Comércio e reparação de veículos automotores e motocicletas;Demais serviços;9;True;79.5;0.804703;257.47;268.5;4.325127;3.5;;82.4;0.835788;274.35;277.87;4.702475;3.9;;88.7;0.886522;238.02;247.71;4.762167;4.2;;86.8;0.867978;234.67;245.75;4.673667;4.1;;93.9;0.937905;215.23;208.48;5.862041;5.5;;94.0;0.939595;215.47;211.55;5.922439;5.6;;93.6;0.93596;214.79;202.91;5.752371;5.4;;90.4;0.903867;240.93;249.42;4.839167;4.4;;;;;;;;;86.3;0.874796;300.24;292.22;5.280919;4.6;;;;;;;;;;;;;;;
4;Sul;43;RS;Rio Grande do Sul;4311239;Lagoa Bonita do Sul;84224.157;37416.33;61444.64;27296.6;68915.543;23448.64;32861.49;2738.741;9193.271;21737.471;66530.974;2384.57;Agricultura, inclusive apoio à agricultura e a pós colheita;Administração, defesa, educação e saúde públicas e seguridade social;Demais serviços;4;True;100.0;1.0;276.33;283.01;4.80723;4.8;;100.0;1.0;276.33;283.01;4.80723;4.8;;100.0;1.0;292.25;266.71;5.982667;6.0;;;;;;;;;;;;;;;;;;;;;;;;;;;;;;100.0;1.0;292.25;266.71;5.982667;6.0;;;;;;;;;;;;;;;;;;;;;;;;;;;;;
4;Sul;43;RS;Rio Grande do Sul;4311254;Lagoão;149770.842;28041.72;115218.74;21572.5;154690.477;23912.58;84629.809;3920.871;22373.926;39334.229;150258.836;4431.641;Agricultura, inclusive apoio à agricultura e a pós colheita;Administração, defesa, educação e saúde públicas e seguridade social;Demais serviços;6;True;82.1;0.841231;291.49;277.23;4.933625;4.2;;82.1;0.841231;291.49;277.23;4.933625;4.2;;87.1;0.865345;309.02;269.7;6.312;5.5;;;;;;;;;93.4;0.937378;262.0;243.06;7.383325;6.9;;;;;;;;;98.3;0.984642;262.0;243.06;7.383325;7.3;;92.1;0.914825;309.02;269.7;6.312;5.8;;;;;;;;;;;;;;;;;;;;;;;;;;;;;
4;Sul;43;RS;Rio Grande do Sul;4311270;Lagoa dos Três Cantos;81864.351;47102.62;94629.917;54447.59;157140.1;97967.64;97987.408;4454.143;30409.925;17176.79;150028.266;7111.834;Agricultura, inclusive apoio à agricultura e a pós colheita;Demais serviços;Administração, defesa, educação e saúde públicas e seguridade social;4;True;;;;;;;;;;;;;;;100.0;1.0;277.06;277.27;5.9055;5.9;;;;;;;;;99.2;0.990664;237.69;230.38;6.688849;6.6;;99.2;0.990664;237.69;230.38;6.688849;6.6;;;;;;;;;100.0;1.0;277.06;277.27;5.9055;5.9;;;;;;;;;;;;;;;;;;;;;;;;;;;;;
4;Sul;43;RS;Rio Grande do Sul;4311304;Lagoa Vermelha;1608162.616;58142.47;1508706.769;54546.69;1513404.145;54535.12;402252.719;272241.161;542867.874;150959.206;1368320.96;145083.186;Agricultura, inclusive apoio à agricultura e a pós colheita;Demais serviços;Indústrias de transformação;8;True;80.1;0.68642;286.57;289.49;5.048056;3.5;;80.1;0.68642;286.57;289.49;5.048056;3.5;;92.5;0.925332;257.02;254.59;5.1935;4.8;;97.8;0.979076;247.89;246.15;4.900667;4.8;;98.0;0.979098;227.63;220.18;6.311409;6.2;;99.7;0.996347;218.66;210.1;5.956954;5.9;;96.9;0.968277;231.61;224.67;6.469;6.3;;90.1;0.900479;260.12;257.46;5.293;4.8;;;;;;;;;;;;;;;;;;;;;;;;;;;;;
4;Sul;43;RS;Rio Grande do Sul;4311403;Lajeado;6705226.542;72137.22;6109234.684;65237.54;5596182.875;65068.11;25702.336;1374061.4;2761482.152;475196.207;4636442.095;959740.78;Demais serviços;Indústrias de transformação;Comércio e reparação de veículos automotores e motocicletas;8;True;83.1;0.825755;280.41;279.09;4.805851;4.0;;84.7;0.87497;293.12;290.2;5.15068;4.5;;95.0;0.94942;273.11;269.18;5.704833;5.4;;95.6;0.955449;276.07;271.14;5.786833;5.5;;97.9;0.978741;233.83;219.48;6.417003;6.3;;98.4;0.983446;235.99;221.81;6.500588;6.4;;96.3;0.963628;227.89;213.09;6.187462;6.0;;93.5;0.935001;267.78;265.65;5.557167;5.2;;;;;;;;;;;;;;;;;;;;;;;;;;;;;
4;Sul;43;RS;Rio Grande do Sul;4311429;Lajeado do Bugre;65433.099;25156.9;59389.274;22833.25;74875.079;29145.61;35159.307;5288.152;10851.364;20955.19;72254.014;2621.065;Agricultura, inclusive apoio à agricultura e a pós colheita;Administração, defesa, educação e saúde públicas e seguridade social;Demais serviços;6;True;88.7;0.885347;247.97;255.74;4.000682;3.5;;88.7;0.885347;247.97;255.74;4.000682;3.5;;97.5;0.974633;233.96;250.52;4.741333;4.6;;;;;;;;;98.8;0.989211;205.27;207.7;5.657783;5.6;;;;;;;;;100.0;1.0;205.27;207.7;5.657783;5.7;;98.8;0.991278;233.96;250.52;4.741333;4.7;;;;;;;;;;;;;;;;;;;;;;;;;;;;;
4;Sul;43;RS;Rio Grande do Sul;4311502;Lavras do Sul;369844.902;51675.97;382168.032;53397.8;497628.613;67156.36;319049.339;12786.202;91111.225;58453.268;481400.035;16228.578;Agricultura, inclusive apoio à agricultura e a pós colheita;Pecuária, inclusive apoio à pecuária;Demais serviços;8;True;89.6;0.901493;273.67;273.58;4.628703;4.2;;89.6;0.901493;273.67;273.58;4.628703;4.2;;83.6;0.835758;243.79;248.26;4.8675;4.1;;68.8;0.686481;234.63;238.89;4.558667;3.1;;93.3;0.931063;219.68;212.56;6.021146;5.6;;92.2;0.911519;202.76;200.52;5.479337;5.0;;97.0;0.975192;260.07;241.33;7.315039;7.1;;97.5;0.975131;250.08;254.71;5.079833;5.0;;;;;;;;;;;;;;;;;;;;;;;;;;;;;
4;Sul;43;RS;Rio Grande do Sul;4311601;Liberato Salzano;152570.985;31911.94;137100.377;28676.09;172443.483;33898.86;88837.88;7006.712;37321.396;30384.05;163550.038;8893.444;Agricultura, inclusive apoio à agricultura e a pós colheita;Administração, defesa, educação e saúde públicas e seguridade social;Demais serviços;6;True;88.2;0.871972;271.78;282.98;4.742877;4.1;;88.2;0.871972;271.78;282.98;4.742877;4.1;;89.2;0.888422;249.73;255.89;5.093667;4.5;;;;;;;;;98.6;0.985907;231.19;220.58;6.386621;6.3;;;;;;;;;98.8;0.988712;231.19;220.58;6.386621;6.3;;93.9;0.934884;249.73;255.89;5.093667;4.8;;;;;;;;;;;;;;;;;;;;;;;;;;;;;
4;Sul;43;RS;Rio Grande do Sul;4311627;Lindolfo Collor;353108.597;56515.46;324204.229;51922.52;365849.514;59074.68;7993.368;220582.224;63317.71;38215.242;330108.544;35740.97;Indústrias de transformação;Demais serviços;Administração, defesa, educação e saúde públicas e seguridade social;6;True;;;;;;;;;;;;;;;96.8;0.967884;276.52;268.88;5.756667;5.6;;99.3;0.992443;277.78;269.23;5.7835;5.7;;98.0;0.980949;226.18;215.62;6.200829;6.1;;99.7;0.99778;226.19;214.05;6.172474;6.2;;88.2;0.882933;226.17;220.55;6.290274;5.6;;88.8;0.886798;273.03;267.94;5.682833;5.0;;;;;;;;;;;;;;;;;;;;;;;;;;;;;
4;Sul;43;RS;Rio Grande do Sul;4311643;Linha Nova;76154.302;45249.14;65803.624;39099.0;65579.42;38039.11;38086.135;3032.225;8218.295;14505.815;63842.47;1736.951;Agricultura, inclusive apoio à agricultura e a pós colheita;Administração, defesa, educação e saúde públicas e seguridade social;Pecuária, inclusive apoio à pecuária;6;True;95.8;0.954545;316.24;308.12;5.743662;5.5;;95.8;0.954545;316.24;308.12;5.743662;5.5;;90.2;0.895444;290.14;275.97;6.101833;5.5;;;;;;;;;100.0;1.0;281.28;266.52;8.17781;8.2;;100.0;1.0;281.28;266.52;8.17781;8.2;;;;;;;;;90.2;0.895444;290.14;275.97;6.101833;5.5;;;;;;;;;;;;;;;;;;;;;;;;;;;;;
4;Sul;43;RS;Rio Grande do Sul;4311700;Machadinho;260894.592;45491.65;252363.681;44004.13;272824.173;50420.29;123140.745;12847.717;80884.777;38957.897;255831.136;16993.037;Agricultura, inclusive apoio à agricultura e a pós colheita;Demais serviços;Administração, defesa, educação e saúde públicas e seguridade social;8;True;92.4;0.925869;304.05;292.42;5.337424;4.9;;92.4;0.925869;304.05;292.42;5.337424;4.9;;91.5;0.915375;273.68;263.65;5.622167;5.1;;92.9;0.928878;275.46;258.92;5.573;5.2;;99.4;0.994148;228.78;210.98;6.166083;6.1;;99.6;0.996553;218.25;199.4;5.754584;5.7;;99.0;0.99301;246.68;230.68;6.865868;6.8;;89.8;0.906817;272.32;267.24;5.659333;5.1;;;;;;;;;;;;;;;;;;;;;;;;;;;;;
4;Sul;43;RS;Rio Grande do Sul;4311718;Maçambará;367963.281;83155.54;282138.384;63760.09;582042.535;128231.45;445452.267;16905.249;66429.02;39318.388;568104.924;13937.611;Agricultura, inclusive apoio à agricultura e a pós colheita;Demais serviços;Administração, defesa, educação e saúde públicas e seguridade social;4;True;;;;;;;;;;;;;;;89.3;0.893432;234.87;256.55;4.857;4.3;;;;;;;;;96.0;0.953072;218.11;218.4;6.097366;5.8;;94.7;0.93613;219.16;219.2;6.13195;5.7;;100.0;1.0;215.76;216.62;6.020155;6.0;;;;;;;;;;;;;;;;;;;;;;;;;;;;;;;;;;;;
4;Sul;43;RS;Rio Grande do Sul;4311734;Mampituba;101220.214;32328.4;79330.28;25337.04;70214.236;23681.02;28644.335;4263.401;11758.993;23367.827;68034.556;2179.68;Agricultura, inclusive apoio à agricultura e a pós colheita;Administração, defesa, educação e saúde públicas e seguridade social;Demais serviços;6;True;76.1;0.774188;267.63;293.29;4.838931;3.7;;76.1;0.774188;267.63;293.29;4.838931;3.7;;86.4;0.863101;257.78;246.84;5.077;4.4;;87.1;0.86776;257.78;246.84;5.077;4.4;;97.8;0.977641;243.32;231.32;6.813382;6.7;;97.8;0.977641;243.32;231.32;6.813382;6.7;;;;;;;;;;;;;;;;;;;;;;;;;;;;;;;;;;;;;;;;;;;
4;Sul;43;RS;Rio Grande do Sul;4311759;Manoel Viana;303342.219;44602.59;350109.975;51479.19;546972.463;74774.09;369993.508;17094.955;90880.638;52659.248;530628.349;16344.114;Agricultura, inclusive apoio à agricultura e a pós colheita;Demais serviços;Administração, defesa, educação e saúde públicas e seguridade social;8;True;75.3;0.714586;280.56;296.97;5.075622;3.6;;75.3;0.714586;280.56;296.97;5.075622;3.6;;83.4;0.833926;254.31;259.53;5.230667;4.4;;75.7;0.747891;207.57;233.96;4.0255;3.0;;95.9;0.956678;231.58;219.86;6.380973;6.1;;97.0;0.963201;211.55;205.3;5.733994;5.5;;95.3;0.95125;237.87;224.44;6.584284;6.3;;86.8;0.867645;267.06;266.51;5.5595;4.8;;;;;;;;;;;;;;;;;;;;;;;;;;;;;
4;Sul;43;RS;Rio Grande do Sul;4311775;Maquiné;228748.225;30836.91;200381.67;27012.9;190484.311;28232.45;36971.782;34598.025;62269.919;42909.265;176748.992;13735.319;Demais serviços;Administração, defesa, educação e saúde públicas e seguridade social;Agricultura, inclusive apoio à agricultura e a pós colheita;6;True;86.4;0.867215;276.8;284.71;4.83928;4.2;;86.4;0.867215;276.8;284.71;4.83928;4.2;;89.9;0.898369;262.0;260.54;5.375667;4.8;;;;;;;;;95.2;0.952181;219.43;204.82;5.875648;5.6;;;;;;;;;97.0;0.968779;219.43;204.82;5.875648;5.7;;89.6;0.895055;262.0;260.54;5.375667;4.8;;;;;;;;;;;;;;;;;;;;;;;;;;;;;
4;Sul;43;RS;Rio Grande do Sul;4311791;Maratá;104146.76;42164.68;77023.497;31183.6;80817.415;29788.95;34015.821;4254.377;16321.859;22769.063;77361.12;3456.295;Pecuária, inclusive apoio à pecuária;Administração, defesa, educação e saúde públicas e seguridade social;Demais serviços;4;True;91.5;0.910043;303.65;309.22;5.583303;5.1;;91.5;0.910043;303.65;309.22;5.583303;5.1;;89.4;0.895399;268.18;276.1;5.738;5.1;;;;;;;;;;;;;;;;;;;;;;;;;;;;;;89.8;0.894356;268.18;276.1;5.738;5.1;;;;;;;;;;;;;;;;;;;;;;;;;;;;;
4;Sul;43;RS;Rio Grande do Sul;4311809;Marau;3738294.771;82844.93;3393310.838;75196.36;3060022.14;67219.25;398072.295;982152.496;985665.091;270007.599;2635897.481;424124.659;Indústrias de transformação;Demais serviços;Agricultura, inclusive apoio à agricultura e a pós colheita;8;True;88.6;0.889473;278.51;286.4;4.888597;4.3;;88.6;0.889473;278.51;286.4;4.888597;4.3;;93.6;0.936095;259.46;262.31;5.362833;5.0;;91.9;0.918588;251.43;255.47;5.115;4.7;;96.8;0.968443;228.61;221.61;6.356112;6.2;;96.3;0.962662;224.46;217.1;6.194913;6.0;;98.3;0.982951;238.77;232.64;6.75055;6.6;;97.5;0.975298;275.21;275.71;5.848667;5.7;;;;;;;;;;;;;;;;;;;;;;;;;;;;;
4;Sul;43;RS;Rio Grande do Sul;4311908;Marcelino Ramos;192535.053;44568.3;161879.735;37472.16;167824.965;39590.7;55057.734;16950.477;54122.563;30892.422;157023.196;10801.769;Demais serviços;Agricultura, inclusive apoio à agricultura e a pós colheita;Administração, defesa, educação e saúde públicas e seguridade social;6;True;94.5;0.946397;285.0;284.54;4.951904;4.7;;94.5;0.946397;285.0;284.54;4.951904;4.7;;98.9;0.98811;259.55;242.64;5.0365;5.0;;98.7;0.987341;259.55;242.64;5.0365;5.0;;100.0;1.0;215.66;228.38;6.232065;6.2;;100.0;1.0;215.66;228.38;6.232065;6.2;;;;;;;;;;;;;;;;;;;;;;;;;;;;;;;;;;;;;;;;;;;
4;Sul;43;RS;Rio Grande do Sul;4311981;Mariana Pimentel;117787.008;30078.4;91982.977;23489.01;104496.157;26848.96;47537.997;2700.746;20192.87;28862.708;99294.32;5201.836;Administração, defesa, educação e saúde públicas e seguridade social;Produção florestal, pesca e aquicultura;Agricultura, inclusive apoio à agricultura e a pós colheita;6;True;93.4;0.932963;271.24;254.24;4.305053;4.0;;93.4;0.932963;271.24;254.24;4.305053;4.0;;83.4;0.831135;257.77;247.13;5.081667;4.2;;83.7;0.833297;257.77;247.13;5.081667;4.2;;96.3;0.963509;240.96;250.44;7.115981;6.9;;96.1;0.961468;240.96;250.44;7.115981;6.8;;;;;;;;;;;;;;;;;;;;;;;;;;;;;;;;;;;;;;;;;;;
4;Sul;43;RS;Rio Grande do Sul;4312005;Mariano Moro;71582.525;38526.65;67224.682;36181.21;72887.986;36682.43;33820.34;4087.322;13185.199;18421.365;69514.226;3373.76;Pecuária, inclusive apoio à pecuária;Administração, defesa, educação e saúde públicas e seguridade social;Demais serviços;6;True;98.1;0.978442;279.65;286.91;4.912243;4.8;;98.1;0.978442;279.65;286.91;4.912243;4.8;;98.6;0.987013;291.03;290.7;6.362167;6.3;;;;;;;;;100.0;1.0;228.01;225.71;6.419207;6.4;;100.0;1.0;228.01;225.71;6.419207;6.4;;;;;;;;;98.6;0.987013;291.03;290.7;6.362167;6.3;;;;;;;;;;;;;;;;;;;;;;;;;;;;;
4;Sul;43;RS;Rio Grande do Sul;4312054;Marques de Souza;137494.749;34642.16;123506.515;31117.79;124135.324;31181.95;44743.464;9400.289;33053.08;26645.145;113841.979;10293.345;Pecuária, inclusive apoio à pecuária;Administração, defesa, educação e saúde públicas e seguridade social;Demais serviços;4;True;;;;;;;;;;;;;;;95.8;0.959383;290.65;276.16;6.1135;5.9;;96.7;0.971137;290.65;276.16;6.1135;5.9;;98.9;0.989428;243.37;221.15;6.629427;6.6;;98.7;0.987776;243.37;221.15;6.629427;6.5;;;;;;;;;;;;;;;;;;;;;;;;;;;;;;;;;;;;;;;;;;;
4;Sul;43;RS;Rio Grande do Sul;4312104;Mata;174005.675;37038.24;147192.898;31330.97;169006.469;35505.56;62877.034;14224.456;47467.599;31020.746;155589.835;13416.635;Agricultura, inclusive apoio à agricultura e a pós colheita;Administração, defesa, educação e saúde públicas e seguridade social;Demais serviços;4;True;;;;;;;;;;;;;;;91.0;0.909907;272.51;250.55;5.384333;4.9;;;;;;;;;96.2;0.960003;253.28;239.36;7.149641;6.9;;;;;;;;;98.9;0.991094;253.28;239.36;7.149641;7.1;;96.9;0.96803;269.06;234.57;5.0605;4.9;;;;;;;;;;;;;;;;;;;;;;;;;;;;;
4;Sul;43;RS;Rio Grande do Sul;4312138;Mato Castelhano;128502.171;50333.79;111973.846;43859.71;168254.86;66163.92;92071.205;4277.021;38929.869;22796.337;158074.432;10180.428;Agricultura, inclusive apoio à agricultura e a pós colheita;Administração, defesa, educação e saúde públicas e seguridade social;Comércio e reparação de veículos automotores e motocicletas;6;True;95.7;0.95301;285.1;270.74;4.746722;4.5;;95.7;0.95301;285.1;270.74;4.746722;4.5;;97.3;0.971961;243.5;244.61;4.801833;4.7;;;;;;;;;96.6;0.961541;200.57;194.27;5.323906;5.1;;97.4;0.970981;200.57;194.27;5.323906;5.2;;;;;;;;;92.3;0.91246;243.5;244.61;4.801833;4.4;;;;;;;;;;;;;;;;;;;;;;;;;;;;;
4;Sul;43;RS;Rio Grande do Sul;4312153;Mato Leitão;295044.211;60721.18;226173.444;46547.32;180537.064;39018.17;38710.176;46484.418;43432.002;35263.862;163890.458;16646.606;Indústrias de transformação;Administração, defesa, educação e saúde públicas e seguridade social;Demais serviços;7;True;90.3;0.89627;312.63;311.82;5.748349;5.2;;90.3;0.89627;312.63;311.82;5.748349;5.2;;97.1;0.970592;303.8;287.36;6.519333;6.3;;;;;;;;;100.0;1.0;252.18;235.25;7.053921;7.1;;100.0;1.0;256.72;231.73;7.076562;7.1;;100.0;1.0;248.26;238.28;7.034203;7.0;;98.0;0.980006;303.8;287.36;6.519333;6.4;;;;;;;;;;;;;;;;;;;;;;;;;;;;;
4;Sul;43;RS;Rio Grande do Sul;4312179;Mato Queimado;61648.446;34344.54;57921.608;32268.31;88446.376;54901.54;56532.788;2399.395;11894.33;15454.683;86281.196;2165.18;Agricultura, inclusive apoio à agricultura e a pós colheita;Administração, defesa, educação e saúde públicas e seguridade social;Pecuária, inclusive apoio à pecuária;4;True;100.0;1.0;300.35;273.4;5.000727;5.0;;100.0;1.0;300.35;273.4;5.000727;5.0;;94.3;0.949504;255.92;250.18;5.101667;4.8;;93.3;0.932707;255.92;250.18;5.101667;4.8;;;;;;;;;;;;;;;;;;;;;;;;;;;;;;;;;;;;;;;;;;;;;;;;;;;;;;;;;
4;Sul;43;RS;Rio Grande do Sul;4312203;Maximiliano de Almeida;159588.3;38096.99;154824.508;36942.14;161123.342;37875.73;67399.662;14017.706;42502.663;28732.135;152652.166;8471.176;Agricultura, inclusive apoio à agricultura e a pós colheita;Demais serviços;Administração, defesa, educação e saúde públicas e seguridade social;8;True;94.5;0.93289;279.39;284.68;4.875208;4.5;;94.5;0.93289;279.39;284.68;4.875208;4.5;;100.0;1.0;275.73;268.34;5.7345;5.7;;100.0;1.0;234.2;240.36;4.576;4.6;;100.0;1.0;234.72;221.45;6.469806;6.5;;100.0;1.0;207.58;198.71;5.538412;5.5;;100.0;1.0;254.78;238.26;7.158266;7.2;;100.0;1.0;290.01;277.95;6.132667;6.1;;;;;;;;;;;;;;;;;;;;;;;;;;;;;
4;Sul;43;RS;Rio Grande do Sul;4312252;Minas do Leão;291060.534;38782.22;257252.951;34277.54;279177.366;34339.16;99414.486;12177.806;80397.97;50976.456;242966.719;36210.647;Agricultura, inclusive apoio à agricultura e a pós colheita;Administração, defesa, educação e saúde públicas e seguridade social;Demais serviços;8;True;76.2;0.776902;276.94;289.77;4.916995;3.8;;76.2;0.776902;276.94;289.77;4.916995;3.8;;85.1;0.84822;249.66;251.19;5.014167;4.3;;90.4;0.905106;255.06;257.3;5.206;4.7;;91.3;0.912173;220.67;208.67;5.969312;5.4;;94.4;0.947325;231.38;218.67;6.35552;6.0;;86.2;0.835481;208.02;196.87;5.513355;4.6;;75.7;0.744345;242.13;242.66;4.7465;3.5;;;;;;;;;;;;;;;;;;;;;;;;;;;;;
4;Sul;43;RS;Rio Grande do Sul;4312302;Miraguaí;200597.337;45312.25;186920.95;42222.94;190386.336;38862.29;61065.205;33760.531;45073.396;32556.436;172455.569;17930.767;Agricultura, inclusive apoio à agricultura e a pós colheita;Demais serviços;Administração, defesa, educação e saúde públicas e seguridade social;8;True;79.6;0.835643;271.53;280.26;4.698647;3.9;;79.6;0.835643;271.53;280.26;4.698647;3.9;;91.2;0.909827;254.76;244.33;4.984833;4.5;;99.2;0.991803;248.8;227.6;4.606667;4.6;;98.5;0.984102;218.2;202.85;5.816357;5.7;;99.6;0.995935;217.98;209.94;5.941067;5.9;;97.2;0.973832;218.34;198.53;5.740483;5.6;;85.4;0.848242;260.0;259.04;5.317333;4.5;;;;;;;;;;;;;;;;;;;;;;;;;;;;;
4;Sul;43;RS;Rio Grande do Sul;4312351;Montauri;73732.732;49187.95;60169.45;40139.73;98137.833;68627.85;53647.74;7553.49;13424.268;14264.198;88889.696;9248.137;Agricultura, inclusive apoio à agricultura e a pós colheita;Pecuária, inclusive apoio à pecuária;Administração, defesa, educação e saúde públicas e seguridade social;4;True;91.7;0.907115;304.77;292.51;5.348884;4.9;;91.7;0.907115;304.77;292.51;5.348884;4.9;;;;;;;;;;;;;;;;100.0;1.0;278.06;264.55;8.080541;8.1;;100.0;1.0;278.06;264.55;8.080541;8.1;;;;;;;;;;;;;;;;;;;;;;;;;;;;;;;;;;;;;;;;;;;
4;Sul;43;RS;Rio Grande do Sul;4312377;Monte Alegre dos Campos;117051.122;36808.53;90048.556;28317.16;109729.989;33898.67;60995.551;3321.238;15266.856;27568.492;107152.137;2577.852;Agricultura, inclusive apoio à agricultura e a pós colheita;Administração, defesa, educação e saúde públicas e seguridade social;Demais serviços;4;True;93.3;0.93928;254.58;273.28;4.356094;4.1;;93.3;0.93928;254.58;273.28;4.356094;4.1;;85.4;0.868684;266.74;248.64;5.256333;4.6;;84.5;0.860561;266.74;248.64;5.256333;4.5;;;;;;;;;;;;;;;;;;;;;;;;;;;;;;;;;;;;;;;;;;;;;;;;;;;;;;;;;
4;Sul;43;RS;Rio Grande do Sul;4312385;Monte Belo do Sul;126816.218;49595.71;97828.882;38259.24;94435.146;37563.7;30045.353;18665.453;16187.674;20884.014;85782.494;8652.652;Agricultura, inclusive apoio à agricultura e a pós colheita;Administração, defesa, educação e saúde públicas e seguridade social;Indústrias de transformação;0;False;;;;;;;;;;;;;;;;;;;;;;;;;;;;;;;;;;;;;;;;;;;;;;;;;;;;;;;;;;;;;;;;;;;;;;;;;;;;;;;;;;;;
4;Sul;43;RS;Rio Grande do Sul;4312401;Montenegro;5259436.987;81767.31;6467582.126;101653.18;5752344.64;86949.9;130558.423;2376131.12;1700796.144;408415.036;4615900.723;1136443.917;Indústrias de transformação;Demais serviços;Administração, defesa, educação e saúde públicas e seguridade social;8;True;84.8;0.853416;273.42;283.51;4.773844;4.1;;84.8;0.853416;273.42;283.51;4.773844;4.1;;89.9;0.900513;256.87;258.55;5.257;4.7;;89.8;0.899864;254.29;261.56;5.264167;4.7;;95.7;0.956259;221.03;210.76;6.014183;5.8;;95.4;0.953828;223.07;214.13;6.114387;5.8;;96.0;0.959465;219.27;207.87;5.928049;5.7;;90.0;0.900906;258.75;256.36;5.251833;4.7;;;;;;;;;;;;;;;;;;;;;;;;;;;;;
4;Sul;43;RS;Rio Grande do Sul;4312427;Mormaço;102288.927;37115.0;113863.236;41314.67;153333.932;48848.02;69722.948;4159.63;43619.273;23898.908;141400.759;11933.173;Agricultura, inclusive apoio à agricultura e a pós colheita;Comércio e reparação de veículos automotores e motocicletas;Administração, defesa, educação e saúde públicas e seguridade social;2;True;85.6;0.856088;282.44;289.92;4.996488;4.3;;85.6;0.856088;282.44;289.92;4.996488;4.3;;;;;;;;;;;;;;;;;;;;;;;;;;;;;;;;;;;;;;;;;;;;;;;;;;;;;;;;;;;;;;;;;;;;;;;
4;Sul;43;RS;Rio Grande do Sul;4312443;Morrinhos do Sul;103248.39;33620.45;82696.583;26928.23;81465.793;28179.11;33149.278;3620.321;17330.357;23555.717;77655.673;3810.12;Agricultura, inclusive apoio à agricultura e a pós colheita;Administração, defesa, educação e saúde públicas e seguridade social;Demais serviços;6;True;96.4;0.962624;312.54;292.49;5.457714;5.3;;96.4;0.962624;312.54;292.49;5.457714;5.3;;96.1;0.961291;293.43;288.11;6.359;6.1;;;;;;;;;98.8;0.987126;270.23;235.87;7.409659;7.3;;;;;;;;;98.0;0.989583;270.23;235.87;7.409659;7.3;;95.0;0.952272;293.43;288.11;6.359;6.1;;;;;;;;;;;;;;;;;;;;;;;;;;;;;
4;Sul;43;RS;Rio Grande do Sul;4312450;Morro Redondo;153226.152;25343.39;145054.785;23991.86;132444.65;20040.04;26385.958;14466.244;36616.036;42294.359;119762.597;12682.054;Administração, defesa, educação e saúde públicas e seguridade social;Demais serviços;Agricultura, inclusive apoio à agricultura e a pós colheita;6;True;;;;;;;;;;;;;;;93.9;0.93986;263.18;268.65;5.5305;5.2;;95.4;0.952681;260.35;268.21;5.476;5.2;;97.5;0.973721;240.8;230.08;6.742745;6.6;;97.2;0.971205;240.45;227.69;6.692611;6.5;;98.5;0.986953;241.47;234.71;6.839713;6.8;;90.4;0.904191;270.48;269.8;5.671333;5.1;;;;;;;;;;;;;;;;;;;;;;;;;;;;;
4;Sul;43;RS;Rio Grande do Sul;4312476;Morro Reuter;304040.26;50429.63;277915.988;46096.53;274167.428;41730.2;46513.428;88453.216;71027.642;40901.562;246895.848;27271.581;Indústrias de transformação;Demais serviços;Administração, defesa, educação e saúde públicas e seguridade social;8;True;89.4;0.889003;295.09;294.09;5.236582;4.7;;89.4;0.889003;295.09;294.09;5.236582;4.7;;95.3;0.95183;286.49;286.49;6.216333;5.9;;93.5;0.929207;272.35;279.32;5.861167;5.4;;99.7;0.997373;253.81;232.99;7.043937;7.0;;99.6;0.995728;246.51;218.55;6.642078;6.6;;100.0;1.0;259.65;244.54;7.365387;7.4;;98.0;0.981668;300.62;293.67;6.5715;6.5;;;;;;;;;;;;;;;;;;;;;;;;;;;;;
4;Sul;43;RS;Rio Grande do Sul;4312500;Mostardas;494341.206;40888.44;497282.536;41131.72;643325.586;49916.63;348815.083;38139.852;147719.497;79311.534;613985.966;29339.619;Agricultura, inclusive apoio à agricultura e a pós colheita;Demais serviços;Administração, defesa, educação e saúde públicas e seguridade social;7;True;78.7;0.803536;280.37;284.71;4.889421;3.9;;78.7;0.803536;280.37;284.71;4.889421;3.9;;85.6;0.856259;256.43;267.43;5.397667;4.6;;82.5;0.826919;274.55;286.92;6.0245;5.0;;92.4;0.918834;220.58;210.37;5.998504;5.5;;91.5;0.915022;224.88;217.03;6.201656;5.7;;95.9;0.921;204.09;184.77;5.218355;4.8;;;;;;;;;;;;;;;;;;;;;;;;;;;;;;;;;;;;
4;Sul;43;RS;Rio Grande do Sul;4312609;Muçum;273362.887;59413.8;269145.845;58497.25;301851.969;60771.49;30773.268;134583.838;77630.986;32474.826;275462.918;26389.051;Indústrias de transformação;Demais serviços;Administração, defesa, educação e saúde públicas e seguridade social;2;True;;;;;;;;;;;;;;;;;;;;;;;;;;;;;94.8;0.951124;250.18;231.09;6.940117;6.6;;92.7;0.934622;250.18;231.09;6.940117;6.5;;;;;;;;;;;;;;;;;;;;;;;;;;;;;;;;;;;;;;;;;;;
4;Sul;43;RS;Rio Grande do Sul;4312617;Muitos Capões;950302.141;330080.63;851698.035;295831.2;1122085.559;352413.81;677494.173;180344.057;168323.051;29915.697;1056076.979;66008.581;Agricultura, inclusive apoio à agricultura e a pós colheita;Indústrias de transformação;Demais serviços;6;True;84.8;0.854449;271.9;264.53;4.468364;3.8;;84.8;0.854449;271.9;264.53;4.468364;3.8;;96.7;0.963136;246.81;243.72;4.842167;4.7;;;;;;;;;99.0;0.988814;223.39;216.93;6.171402;6.1;;97.7;0.973803;247.96;250.96;7.259023;7.1;;100.0;1.0;192.68;174.39;4.811879;4.8;;;;;;;;;;;;;;;;;;;;;;;;;;;;;;;;;;;;
4;Sul;43;RS;Rio Grande do Sul;4312625;Muliterno;71170.277;41354.02;51791.418;30093.79;91988.394;48389.48;58336.638;2700.173;12058.865;16753.199;89848.875;2139.519;Agricultura, inclusive apoio à agricultura e a pós colheita;Pecuária, inclusive apoio à pecuária;Administração, defesa, educação e saúde públicas e seguridade social;4;True;87.5;0.883741;255.18;265.13;4.242515;3.7;;87.5;0.883741;255.18;265.13;4.242515;3.7;;89.7;0.895078;255.87;265.78;5.360833;4.8;;;;;;;;;;;;;;;;;;;;;;;;;;;;;;89.7;0.895078;255.87;265.78;5.360833;4.8;;;;;;;;;;;;;;;;;;;;;;;;;;;;;
4;Sul;43;RS;Rio Grande do Sul;4312658;Não-Me-Toque;2951959.557;164932.37;2758225.352;154108.02;2207534.783;123422.5;214105.467;907580.574;622861.113;113869.081;1858416.236;349118.547;Indústrias de transformação;Demais serviços;Comércio e reparação de veículos automotores e motocicletas;6;True;;;;;;;;;;;;;;;90.3;0.903228;248.95;252.74;5.028167;4.5;;86.9;0.870378;243.57;249.73;4.888333;4.3;;97.1;0.970538;241.92;229.69;6.757028;6.6;;96.3;0.963192;237.14;225.74;6.593989;6.4;;100.0;1.0;252.49;238.4;7.11711;7.1;;99.5;0.994924;260.95;259.43;5.339667;5.3;;;;;;;;;;;;;;;;;;;;;;;;;;;;;
4;Sul;43;RS;Rio Grande do Sul;4312674;Nicolau Vergueiro;101822.964;52703.4;100510.078;52023.85;146251.896;87733.59;83655.088;3286.352;32920.236;17366.133;137227.809;9024.087;Agricultura, inclusive apoio à agricultura e a pós colheita;Pecuária, inclusive apoio à pecuária;Administração, defesa, educação e saúde públicas e seguridade social;6;True;94.6;0.950386;271.65;272.18;4.579374;4.4;;94.6;0.950386;271.65;272.18;4.579374;4.4;;93.6;0.937295;265.76;249.79;5.259167;4.9;;;;;;;;;98.3;0.988055;244.7;231.03;6.834446;6.8;;98.3;0.988055;244.7;231.03;6.834446;6.8;;;;;;;;;93.6;0.937295;265.76;249.79;5.259167;4.9;;;;;;;;;;;;;;;;;;;;;;;;;;;;;
4;Sul;43;RS;Rio Grande do Sul;4312708;Nonoai;539373.949;39315.84;513799.396;37451.67;525506.508;45404.05;129571.118;31826.123;231881.211;69842.486;463120.937;62385.571;Comércio e reparação de veículos automotores e motocicletas;Agricultura, inclusive apoio à agricultura e a pós colheita;Demais serviços;6;True;;;;;;;;;;;;;;;91.2;0.911914;248.98;251.11;5.0015;4.6;;94.2;0.94448;234.95;238.16;4.551833;4.3;;97.9;0.977955;223.4;220.64;6.239048;6.1;;98.7;0.986115;217.61;211.66;5.965279;5.9;;97.2;0.970617;228.72;228.89;6.490575;6.3;;89.2;0.89082;256.42;257.99;5.240167;4.7;;;;;;;;;;;;;;;;;;;;;;;;;;;;;
4;Sul;43;RS;Rio Grande do Sul;4312757;Nova Alvorada;201942.301;63845.18;199829.956;63177.35;236575.421;63973.88;84527.431;12325.534;73776.212;27751.25;198380.426;38194.995;Comércio e reparação de veículos automotores e motocicletas;Agricultura, inclusive apoio à agricultura e a pós colheita;Pecuária, inclusive apoio à pecuária;5;True;;;;;;;;;;;;;;;93.3;0.922489;307.6;289.59;6.619833;6.1;;;;;;;;;100.0;1.0;255.13;240.58;7.207128;7.2;;100.0;1.0;251.88;244.52;7.216741;7.2;;100.0;1.0;258.37;236.64;7.197323;7.2;;90.1;0.887469;307.6;289.59;6.619833;5.9;;;;;;;;;;;;;;;;;;;;;;;;;;;;;
4;Sul;43;RS;Rio Grande do Sul;4312807;Nova Araçá;474774.986;95836.69;345621.009;69766.05;327226.422;66917.47;62893.967;107502.907;79823.153;30723.176;280943.203;46283.22;Indústrias de transformação;Demais serviços;Pecuária, inclusive apoio à pecuária;6;True;92.2;0.921236;253.43;253.44;4.042936;3.7;;92.2;0.921236;253.43;253.44;4.042936;3.7;;100.0;1.0;251.02;247.06;4.968;5.0;;;;;;;;;99.4;0.993329;220.29;203.76;5.872788;5.8;;99.4;0.993329;220.29;203.76;5.872788;5.8;;;;;;;;;100.0;1.0;251.02;247.06;4.968;5.0;;;;;;;;;;;;;;;;;;;;;;;;;;;;;
4;Sul;43;RS;Rio Grande do Sul;4312906;Nova Bassano;765058.372;79288.88;809139.968;83857.39;802207.384;79513.07;135479.761;400424.024;145876.566;57170.356;738950.708;63256.676;Indústrias de transformação;Construção;Demais serviços;6;True;;;;;;;;;;;;;;;91.5;0.914605;264.43;265.02;5.490833;5.0;;92.1;0.920269;275.42;272.01;5.7905;5.3;;98.7;0.987602;237.79;216.7;6.44203;6.4;;98.2;0.983654;246.88;221.59;6.704412;6.6;;100.0;1.0;220.53;207.42;5.943913;5.9;;90.6;0.902374;252.28;257.27;5.159167;4.7;;;;;;;;;;;;;;;;;;;;;;;;;;;;;
4;Sul;43;RS;Rio Grande do Sul;4312955;Nova Boa Vista;137786.208;67476.11;139367.374;68250.43;145342.946;83964.73;55103.235;27608.271;31340.009;16189.152;130240.667;15102.278;Agricultura, inclusive apoio à agricultura e a pós colheita;Pecuária, inclusive apoio à pecuária;Indústrias de transformação;6;True;98.1;0.983531;320.49;313.2;5.879401;5.8;;98.1;0.983531;320.49;313.2;5.879401;5.8;;97.7;0.976977;288.19;290.22;6.306833;6.2;;97.7;0.976977;288.19;290.22;6.306833;6.2;;100.0;1.0;267.64;255.4;7.715323;7.7;;100.0;1.0;267.64;255.4;7.715323;7.7;;;;;;;;;;;;;;;;;;;;;;;;;;;;;;;;;;;;;;;;;;;
4;Sul;43;RS;Rio Grande do Sul;4313003;Nova Bréscia;153973.167;50582.51;127413.896;41857.39;141144.092;42195.54;60100.347;16170.954;30520.769;24290.483;131082.553;10061.539;Pecuária, inclusive apoio à pecuária;Demais serviços;Administração, defesa, educação e saúde públicas e seguridade social;4;True;;;;;;;;;;;;;;;98.8;0.988357;294.11;291.33;6.424;6.3;;;;;;;;;100.0;1.0;265.03;239.73;7.380604;7.4;;100.0;1.0;265.03;239.73;7.380604;7.4;;;;;;;;;98.8;0.988357;294.11;291.33;6.424;6.3;;;;;;;;;;;;;;;;;;;;;;;;;;;;;
4;Sul;43;RS;Rio Grande do Sul;4313011;Nova Candelária;225891.713;73796.7;197086.921;64386.45;229431.453;85704.69;87287.239;58652.065;36999.737;21586.129;204525.17;24906.283;Pecuária, inclusive apoio à pecuária;Indústrias de transformação;Demais serviços;6;True;87.7;0.863932;302.13;294.66;5.343991;4.6;;87.7;0.863932;302.13;294.66;5.343991;4.6;;86.9;0.868509;277.62;270.57;5.803167;5.0;;;;;;;;;97.0;0.968496;268.21;236.09;7.37511;7.1;;97.0;0.968496;268.21;236.09;7.37511;7.1;;;;;;;;;89.8;0.894578;277.62;270.57;5.803167;5.2;;;;;;;;;;;;;;;;;;;;;;;;;;;;;
4;Sul;43;RS;Rio Grande do Sul;4313037;Nova Esperança do Sul;197237.834;40542.21;133013.758;27340.96;172365.831;31539.95;39991.074;35829.7;47678.466;33980.488;157479.728;14886.103;Administração, defesa, educação e saúde públicas e seguridade social;Demais serviços;Agricultura, inclusive apoio à agricultura e a pós colheita;4;True;;;;;;;;;;;;;;;94.3;0.941713;242.45;255.47;4.965333;4.7;;;;;;;;;98.9;0.989374;240.4;225.95;6.660021;6.6;;98.6;0.98189;240.4;225.95;6.660021;6.5;;;;;;;;;94.4;0.936213;246.09;269.01;5.251667;4.9;;;;;;;;;;;;;;;;;;;;;;;;;;;;;
4;Sul;43;RS;Rio Grande do Sul;4313060;Nova Hartz;1054362.101;52487.16;894687.175;44538.39;805697.885;36379.55;3903.378;416574.979;189503.552;123989.769;733971.678;71726.207;Indústrias de transformação;Demais serviços;Administração, defesa, educação e saúde públicas e seguridade social;8;True;91.7;0.914957;270.86;284.22;4.748518;4.3;;91.7;0.914957;270.86;284.22;4.748518;4.3;;95.7;0.957657;263.73;264.14;5.4645;5.2;;95.8;0.958646;257.11;257.63;5.245667;5.0;;96.7;0.966894;234.29;220.4;6.442509;6.2;;96.2;0.961659;234.15;221.15;6.453473;6.2;;100.0;1.0;234.99;216.67;6.388049;6.4;;95.7;0.956969;270.74;271.04;5.696333;5.5;;;;;;;;;;;;;;;;;;;;;;;;;;;;;
4;Sul;43;RS;Rio Grande do Sul;4313086;Nova Pádua;115883.567;49459.48;95083.357;40581.89;100211.425;39099.27;37256.654;13694.329;21631.676;17932.718;90515.378;9696.047;Agricultura, inclusive apoio à agricultura e a pós colheita;Administração, defesa, educação e saúde públicas e seguridade social;Demais serviços;6;True;98.2;0.976622;281.57;284.1;4.897143;4.8;;98.2;0.976622;281.57;284.1;4.897143;4.8;;98.7;0.981252;283.24;270.49;5.8955;5.8;;;;;;;;;96.4;0.963193;248.92;243.4;7.139889;6.9;;;;;;;;;96.4;0.963193;248.92;243.4;7.139889;6.9;;98.7;0.981252;283.24;270.49;5.8955;5.8;;;;;;;;;;;;;;;;;;;;;;;;;;;;;
4;Sul;43;RS;Rio Grande do Sul;4313102;Nova Palma;306852.216;54932.37;307919.509;55123.44;382688.782;58703.6;105604.618;87138.912;118830.946;42493.042;354067.517;28621.265;Agricultura, inclusive apoio à agricultura e a pós colheita;Eletricidade e gás, água, esgoto, atividades de gestão de resíduos e descontaminação;Demais serviços;8;True;90.1;0.904223;291.21;298.95;5.254842;4.8;;90.1;0.904223;291.21;298.95;5.254842;4.8;;92.0;0.92497;273.72;270.96;5.744667;5.3;;77.1;0.765819;241.59;243.84;4.757167;3.6;;98.6;0.985791;242.41;225.12;6.683289;6.6;;97.2;0.971396;221.99;200.05;5.837776;5.7;;99.4;0.994481;257.94;244.18;7.326208;7.3;;99.3;0.99389;292.99;287.22;6.336833;6.3;;;;;;;;;;;;;;;;;;;;;;;;;;;;;
4;Sul;43;RS;Rio Grande do Sul;4313201;Nova Petrópolis;1103618.078;47365.58;1044948.898;45085.6;972688.767;44789.28;57426.464;200432.364;415780.809;135472.009;809111.646;163577.121;Demais serviços;Indústrias de transformação;Administração, defesa, educação e saúde públicas e seguridade social;8;True;81.0;0.818079;289.76;296.12;5.192111;4.2;;81.0;0.818079;289.76;296.12;5.192111;4.2;;96.0;0.959109;284.82;277.53;6.039167;5.8;;98.1;0.981534;283.84;278.69;6.042167;5.9;;97.1;0.971181;237.49;220.9;6.512668;6.3;;96.6;0.965709;241.63;225.72;6.679312;6.5;;97.7;0.976007;231.58;214.03;6.274973;6.1;;93.6;0.935214;285.77;276.42;6.0365;5.6;;;;;;;;;;;;;;;;;;;;;;;;;;;;;
4;Sul;43;RS;Rio Grande do Sul;4313300;Nova Prata;1559275.729;60691.1;1449629.504;56423.38;1730043.315;61740.96;94572.007;597217.398;589995.54;177060.934;1458845.879;271197.436;Indústrias de transformação;Demais serviços;Administração, defesa, educação e saúde públicas e seguridade social;8;True;85.5;0.891589;266.19;268.18;4.442808;4.0;;85.5;0.891589;266.19;268.18;4.442808;4.0;;94.0;0.939779;266.82;265.84;5.544333;5.2;;92.9;0.928305;268.44;266.77;5.586833;5.2;;97.7;0.976055;238.98;226.84;6.649103;6.5;;97.4;0.973546;242.13;229.13;6.750854;6.6;;98.2;0.981225;234.33;223.45;6.498727;6.4;;95.4;0.953184;265.57;265.12;5.5115;5.3;;;;;;;;;;;;;;;;;;;;;;;;;;;;;
4;Sul;43;RS;Rio Grande do Sul;4313334;Nova Ramada;204996.501;94774.16;199441.062;92205.76;304678.132;138805.53;160982.261;34708.368;64640.619;20333.058;280664.306;24013.826;Agricultura, inclusive apoio à agricultura e a pós colheita;Demais serviços;Indústrias de transformação;6;True;95.9;0.964025;314.3;320.21;5.897403;5.7;;95.9;0.964025;314.3;320.21;5.897403;5.7;;84.5;0.843438;259.93;272.05;5.533;4.7;;83.5;0.830842;259.93;272.05;5.533;4.6;;91.6;0.922217;233.05;221.41;6.437208;5.9;;91.6;0.922217;233.05;221.41;6.437208;5.9;;;;;;;;;;;;;;;;;;;;;;;;;;;;;;;;;;;;;;;;;;;
4;Sul;43;RS;Rio Grande do Sul;4313359;Nova Roma do Sul;206673.612;59628.86;177535.146;51221.91;169305.176;45232.48;45505.912;40090.735;37190.135;28823.191;151609.973;17695.203;Indústrias de transformação;Administração, defesa, educação e saúde públicas e seguridade social;Pecuária, inclusive apoio à pecuária;4;True;97.9;0.974053;286.96;281.23;4.929881;4.8;;97.9;0.974053;286.96;281.23;4.929881;4.8;;95.8;0.963101;276.94;264.41;5.689167;5.5;;;;;;;;;;;;;;;;;;;;;;;;;;;;;;98.8;0.987355;276.94;264.41;5.689167;5.6;;;;;;;;;;;;;;;;;;;;;;;;;;;;;
4;Sul;43;RS;Rio Grande do Sul;4313375;Nova Santa Rita;3229383.162;111265.96;2758041.615;95026.24;2487522.375;81606.27;40367.791;615230.545;866890.5;201355.02;1723843.857;763678.518;Indústrias de transformação;Comércio e reparação de veículos automotores e motocicletas;Demais serviços;7;True;74.8;0.755123;269.6;281.19;4.685462;3.5;;74.8;0.755123;269.6;281.19;4.685462;3.5;;90.5;0.907053;263.02;269.0;5.533667;5.0;;91.0;0.912719;265.55;270.72;5.6045;5.1;;97.0;0.969551;222.08;223.88;6.272766;6.1;;97.1;0.971146;221.67;223.2;6.252578;6.1;;;;;;;;;87.2;0.875442;230.71;247.08;4.629833;4.1;;;;;;;;;;;;;;;;;;;;;;;;;;;;;
4;Sul;43;RS;Rio Grande do Sul;4313391;Novo Cabrais;131684.47;36907.08;131086.366;36739.45;133171.676;31364.03;68698.316;6485.325;23257.728;29878.279;128319.648;4852.028;Agricultura, inclusive apoio à agricultura e a pós colheita;Administração, defesa, educação e saúde públicas e seguridade social;Demais serviços;2;True;95.2;0.949273;280.45;280.09;4.821383;4.6;;95.2;0.949273;280.45;280.09;4.821383;4.6;;;;;;;;;;;;;;;;;;;;;;;;;;;;;;;;;;;;;;;;;;;;;;;;;;;;;;;;;;;;;;;;;;;;;;;
4;Sul;43;RS;Rio Grande do Sul;4313409;Novo Hamburgo;11936582.053;52434.84;10915914.742;47933.16;10037922.921;40589.57;28059.998;2274986.282;5086530.804;1289673.172;8679250.256;1358672.664;Demais serviços;Indústrias de transformação;Administração, defesa, educação e saúde públicas e seguridade social;9;True;82.4;0.843853;301.99;298.0;5.392025;4.6;;82.8;0.847787;303.4;298.88;5.425002;4.6;;91.7;0.916481;253.81;260.62;5.2405;4.8;;96.3;0.963319;253.69;260.89;5.243;5.1;;98.4;0.983659;224.39;215.65;6.167214;6.1;;98.4;0.98388;224.2;215.42;6.159406;6.1;;97.4;0.975079;226.82;218.44;6.264315;6.1;;88.9;0.890052;253.85;260.54;5.239833;4.7;;;;;;;;;99.5;0.995438;349.03;327.23;6.490274;6.5;;;;;;;;;;;;;;;
4;Sul;43;RS;Rio Grande do Sul;4313425;Novo Machado;140898.981;44058.47;143697.794;44933.64;186354.643;58400.08;111828.672;4555.861;35025.768;26805.842;178216.144;8138.499;Agricultura, inclusive apoio à agricultura e a pós colheita;Administração, defesa, educação e saúde públicas e seguridade social;Demais serviços;6;True;72.3;0.718252;324.61;306.72;5.84026;4.2;;72.3;0.718252;324.61;306.72;5.84026;4.2;;82.1;0.807506;281.06;271.19;5.870833;4.7;;;;;;;;;98.0;0.980371;245.66;220.0;6.652221;6.5;;;;;;;;;100.0;1.0;245.66;220.0;6.652221;6.7;;82.1;0.807506;281.06;271.19;5.870833;4.7;;;;;;;;;;;;;;;;;;;;;;;;;;;;;
4;Sul;43;RS;Rio Grande do Sul;4313441;Novo Tiradentes;73352.814;34181.18;65769.408;30647.44;74728.666;34138.27;39000.823;1546.392;13684.501;17642.658;71874.374;2854.292;Agricultura, inclusive apoio à agricultura e a pós colheita;Administração, defesa, educação e saúde públicas e seguridade social;Pecuária, inclusive apoio à pecuária;8;True;78.7;0.787603;270.27;261.76;4.404004;3.5;;78.7;0.787603;270.27;261.76;4.404004;3.5;;96.9;0.971356;269.61;272.09;5.695;5.5;;96.4;0.966326;278.63;278.61;5.954;5.8;;100.0;1.0;236.67;216.87;6.423747;6.4;;100.0;1.0;238.18;228.75;6.668563;6.7;;100.0;1.0;234.42;199.06;6.05699;6.1;;97.6;0.972973;258.95;264.39;5.389;5.2;;;;;;;;;;;;;;;;;;;;;;;;;;;;;
4;Sul;43;RS;Rio Grande do Sul;4313466;Novo Xingu;67740.643;41154.7;65004.759;39492.56;75033.685;44008.03;39697.108;2605.991;13183.207;16768.875;72255.182;2778.502;Agricultura, inclusive apoio à agricultura e a pós colheita;Pecuária, inclusive apoio à pecuária;Administração, defesa, educação e saúde públicas e seguridade social;6;True;94.9;0.942349;281.01;270.44;4.684787;4.4;;94.9;0.942349;281.01;270.44;4.684787;4.4;;96.8;0.964674;266.52;263.8;5.505333;5.3;;;;;;;;;100.0;1.0;257.05;238.97;7.214496;7.2;;;;;;;;;100.0;1.0;257.05;238.97;7.214496;7.2;;96.8;0.964674;266.52;263.8;5.505333;5.3;;;;;;;;;;;;;;;;;;;;;;;;;;;;;
4;Sul;43;RS;Rio Grande do Sul;4313490;Novo Barreiro;120313.354;28163.24;114368.115;26771.56;135200.085;32305.87;56439.44;8135.019;33503.689;29760.019;127838.167;7361.919;Agricultura, inclusive apoio à agricultura e a pós colheita;Administração, defesa, educação e saúde públicas e seguridade social;Demais serviços;4;True;;;;;;;;;;;;;;;98.0;0.979328;257.34;253.12;5.174333;5.1;;;;;;;;;99.6;0.996347;234.96;221.56;6.476386;6.5;;;;;;;;;100.0;1.0;234.96;221.56;6.476386;6.5;;96.2;0.964803;257.34;253.12;5.174333;5.0;;;;;;;;;;;;;;;;;;;;;;;;;;;;;
4;Sul;43;RS;Rio Grande do Sul;4313508;Osório;2141949.769;45192.63;1992122.993;42027.91;1819038.27;38855.89;62368.929;252178.265;999382.723;333844.445;1647774.362;171263.908;Demais serviços;Administração, defesa, educação e saúde públicas e seguridade social;Comércio e reparação de veículos automotores e motocicletas;8;True;78.8;0.823927;287.35;291.07;5.082664;4.2;;82.6;0.857865;300.55;303.3;5.451141;4.7;;89.9;0.897844;251.12;254.06;5.086333;4.6;;85.9;0.847253;246.45;246.61;4.884333;4.1;;94.3;0.941056;223.37;213.71;6.112475;5.8;;93.2;0.930014;219.8;209.41;5.966164;5.5;;96.9;0.967632;227.62;218.83;6.286673;6.1;;92.7;0.926749;254.18;258.93;5.2185;4.8;;;;;;;;;;;;;;;;;;;;;;;;;;;;;
4;Sul;43;RS;Rio Grande do Sul;4313607;Paim Filho;162820.804;44841.86;138641.205;38203.69;167645.571;44933.15;76430.43;9641.311;43672.695;26683.973;156428.409;11217.162;Agricultura, inclusive apoio à agricultura e a pós colheita;Pecuária, inclusive apoio à pecuária;Demais serviços;6;True;94.1;0.935299;275.27;281.23;4.765696;4.5;;94.1;0.935299;275.27;281.23;4.765696;4.5;;98.5;0.984513;275.27;272.9;5.802833;5.7;;;;;;;;;100.0;1.0;223.21;208.53;6.01524;6.0;;100.0;1.0;223.21;208.53;6.01524;6.0;;;;;;;;;96.8;0.968;275.27;272.9;5.802833;5.6;;;;;;;;;;;;;;;;;;;;;;;;;;;;;
4;Sul;43;RS;Rio Grande do Sul;4313656;Palmares do Sul;739854.785;57603.14;666940.214;51926.21;735606.463;64856.86;171623.373;266750.347;177309.519;77086.369;692769.608;42836.855;Eletricidade e gás, água, esgoto, atividades de gestão de resíduos e descontaminação;Agricultura, inclusive apoio à agricultura e a pós colheita;Demais serviços;6;True;79.2;0.801518;274.93;274.26;4.656579;3.7;;79.2;0.801518;274.93;274.26;4.656579;3.7;;88.2;0.883254;258.89;260.61;5.325;4.7;;;;;;;;;93.8;0.935232;209.61;202.21;5.640789;5.3;;;;;;;;;94.8;0.946285;228.51;217.6;6.281294;5.9;;91.8;0.912237;271.13;277.85;5.816333;5.3;;;;;;;;;;;;;;;;;;;;;;;;;;;;;
4;Sul;43;RS;Rio Grande do Sul;4313706;Palmeira das Missões;1708324.224;51430.76;1808604.646;54449.8;2215056.907;67190.13;980810.395;82280.057;772013.213;203814.79;2038918.456;176138.452;Agricultura, inclusive apoio à agricultura e a pós colheita;Demais serviços;Comércio e reparação de veículos automotores e motocicletas;8;True;87.1;0.895353;284.4;290.43;5.031651;4.5;;87.1;0.895353;284.4;290.43;5.031651;4.5;;91.1;0.910445;259.09;267.59;5.444667;5.0;;85.7;0.859021;276.12;272.53;5.810833;5.0;;94.8;0.947671;227.94;220.79;6.328416;6.0;;91.3;0.90575;222.2;210.51;6.031965;5.5;;96.5;0.965271;228.95;222.6;6.3806;6.2;;92.4;0.923221;258.42;267.39;5.430167;5.0;;;;;;;;;;;;;;;;;;;;;;;;;;;;;
4;Sul;43;RS;Rio Grande do Sul;4313805;Palmitinho;265325.492;33846.85;233999.245;29850.65;271642.607;38498.1;82355.807;42591.861;81138.14;48358.22;254444.028;17198.58;Pecuária, inclusive apoio à pecuária;Demais serviços;Administração, defesa, educação e saúde públicas e seguridade social;6;True;85.6;0.836472;281.05;291.06;4.994031;4.2;;85.6;0.836472;281.05;291.06;4.994031;4.2;;97.0;0.971957;281.35;276.38;5.962167;5.8;;;;;;;;;99.2;0.991697;256.12;247.31;7.348384;7.3;;;;;;;;;98.4;0.982975;256.12;247.31;7.348384;7.2;;96.2;0.961707;281.35;276.38;5.962167;5.7;;;;;;;;;;;;;;;;;;;;;;;;;;;;;
4;Sul;43;RS;Rio Grande do Sul;4313904;Panambi;4011216.467;92180.09;3651828.273;83921.14;3167751.973;71052.91;263177.14;1330220.658;929973.749;261823.12;2785194.667;382557.306;Indústrias de transformação;Demais serviços;Comércio e reparação de veículos automotores e motocicletas;8;True;88.1;0.878985;290.5;296.66;5.210588;4.6;;89.3;0.89399;298.06;300.08;5.367966;4.8;;93.0;0.929995;271.72;277.85;5.826167;5.4;;91.5;0.915382;270.23;277.1;5.788833;5.3;;96.6;0.966454;243.65;229.78;6.79168;6.6;;95.6;0.955541;240.24;226.81;6.672604;6.4;;98.3;0.982953;248.75;234.23;6.969917;6.9;;94.7;0.947469;273.18;278.58;5.862667;5.6;;;;;;;;;;;;;;;;;;;;;;;;;;;;;
4;Sul;43;RS;Rio Grande do Sul;4313953;Pantano Grande;576614.361;56464.39;552950.217;54147.1;533689.393;59331.78;180370.309;103903.356;146544.875;61121.753;491940.292;41749.1;Agricultura, inclusive apoio à agricultura e a pós colheita;Demais serviços;Indústrias de transformação;6;True;;;;;;;;;;;;;;;93.4;0.929364;240.53;245.39;4.765333;4.4;;91.2;0.905086;224.4;230.96;4.256;3.9;;96.3;0.964369;217.09;212.57;5.971901;5.8;;95.5;0.956884;210.5;205.29;5.713774;5.5;;100.0;1.0;246.88;245.52;7.139503;7.1;;99.3;0.995438;260.85;263.56;5.406833;5.4;;;;;;;;;;;;;;;;;;;;;;;;;;;;;
4;Sul;43;RS;Rio Grande do Sul;4314001;Paraí;488255.924;67869.88;412317.14;57314.03;424446.847;54465.14;82993.188;112017.92;119137.832;46141.696;360290.636;64156.211;Indústrias de transformação;Demais serviços;Pecuária, inclusive apoio à pecuária;6;True;;;;;;;;;;;;;;;99.3;0.993201;275.55;279.31;5.914333;5.9;;100.0;1.0;260.21;249.43;5.160667;5.2;;100.0;1.0;241.23;229.95;6.748588;6.7;;100.0;1.0;234.91;222.34;6.489613;6.5;;100.0;1.0;247.55;237.56;7.007562;7.0;;99.1;0.990401;280.27;288.5;6.146167;6.1;;;;;;;;;;;;;;;;;;;;;;;;;;;;;
4;Sul;43;RS;Rio Grande do Sul;4314027;Paraíso do Sul;230034.251;35286.74;185970.03;28527.39;207385.922;27162.53;87614.911;6396.511;56384.963;45257.089;195653.473;11732.449;Agricultura, inclusive apoio à agricultura e a pós colheita;Administração, defesa, educação e saúde públicas e seguridade social;Demais serviços;7;True;82.7;0.816733;285.95;296.45;5.14354;4.2;;82.7;0.816733;285.95;296.45;5.14354;4.2;;92.2;0.922584;264.67;263.41;5.468;5.0;;;;;;;;;96.8;0.967903;226.18;220.94;6.297556;6.1;;96.4;0.962045;200.69;206.57;5.549833;5.3;;97.6;0.972222;263.25;241.85;7.38518;7.2;;95.4;0.955041;264.67;263.41;5.468;5.2;;;;;;;;;;;;;;;;;;;;;;;;;;;;;
4;Sul;43;RS;Rio Grande do Sul;4314035;Pareci Novo;159254.017;36872.89;134708.553;31189.76;136434.855;35118.37;37733.312;9818.579;44875.052;28719.901;121146.843;15288.012;Administração, defesa, educação e saúde públicas e seguridade social;Demais serviços;Agricultura, inclusive apoio à agricultura e a pós colheita;4;True;;;;;;;;;;;;;;;96.1;0.965643;263.97;276.84;5.680167;5.5;;96.1;0.965643;263.97;276.84;5.680167;5.5;;98.8;0.984043;237.81;229.86;6.681684;6.6;;98.8;0.984043;237.81;229.86;6.681684;6.6;;;;;;;;;;;;;;;;;;;;;;;;;;;;;;;;;;;;;;;;;;;
4;Sul;43;RS;Rio Grande do Sul;4314050;Parobé;1725746.396;33154.28;1497394.666;28763.97;1390320.469;23398.58;6234.416;383041.855;563796.442;311126.451;1264199.165;126121.304;Demais serviços;Indústrias de transformação;Administração, defesa, educação e saúde públicas e seguridade social;8;True;77.4;0.780396;269.8;275.94;4.609678;3.6;;77.4;0.780396;269.8;275.94;4.609678;3.6;;88.4;0.884275;262.13;260.74;5.381167;4.8;;88.0;0.879983;261.28;258.99;5.337833;4.7;;96.0;0.959744;219.33;211.32;5.991922;5.8;;95.8;0.958093;217.81;210.73;5.952187;5.7;;98.9;0.988931;247.43;222.13;6.724727;6.7;;93.2;0.931631;269.87;276.62;5.774833;5.4;;;;;;;;;;;;;;;;;;;;;;;;;;;;;
4;Sul;43;RS;Rio Grande do Sul;4314068;Passa Sete;144618.439;36308.92;115483.897;29001.48;132983.397;22967.77;70065.789;3655.983;20410.667;34432.354;128564.792;4418.605;Agricultura, inclusive apoio à agricultura e a pós colheita;Administração, defesa, educação e saúde públicas e seguridade social;Demais serviços;4;True;93.5;0.935353;281.99;276.56;4.790168;4.5;;93.5;0.935353;281.99;276.56;4.790168;4.5;;96.3;0.961853;264.45;269.36;5.5635;5.4;;;;;;;;;;;;;;;;;;;;;;;;;;;;;;100.0;1.0;264.45;269.36;5.5635;5.6;;;;;;;;;;;;;;;;;;;;;;;;;;;;;
4;Sul;43;RS;Rio Grande do Sul;4314076;Passo do Sobrado;281871.212;46783.6;253071.797;42003.62;229641.338;34730.99;97046.05;26114.577;44826.867;43114.736;211102.23;18539.109;Agricultura, inclusive apoio à agricultura e a pós colheita;Administração, defesa, educação e saúde públicas e seguridade social;Demais serviços;6;True;95.0;0.949527;276.45;286.53;4.86161;4.6;;95.0;0.949527;276.45;286.53;4.86161;4.6;;97.9;0.97816;283.26;279.36;6.043667;5.9;;;;;;;;;98.2;0.981709;240.68;228.34;6.708819;6.6;;;;;;;;;100.0;1.0;240.68;228.34;6.708819;6.7;;100.0;1.0;283.26;279.36;6.043667;6.0;;;;;;;;;;;;;;;;;;;;;;;;;;;;;
4;Sul;43;RS;Rio Grande do Sul;4314100;Passo Fundo;14069539.725;68227.53;13619805.995;66043.75;12552866.647;60905.79;329161.056;1433975.382;7675071.294;1141234.358;10579442.09;1973424.557;Demais serviços;Comércio e reparação de veículos automotores e motocicletas;Administração, defesa, educação e saúde públicas e seguridade social;9;True;77.6;0.791171;274.15;278.47;4.708648;3.7;;77.9;0.792909;275.28;279.11;4.7341;3.8;;87.5;0.875476;249.79;258.17;5.132667;4.5;;87.7;0.879084;251.71;259.97;5.194667;4.6;;93.9;0.937882;218.47;209.77;5.947328;5.6;;93.3;0.931976;222.9;213.04;6.091324;5.7;;94.8;0.947981;211.21;204.4;5.711142;5.4;;87.2;0.871679;247.79;256.31;5.068333;4.4;;;;;;;;;88.0;0.892562;314.64;301.5;5.622088;5.0;;;;;;;;;;;;;;;
4;Sul;43;RS;Rio Grande do Sul;4314134;Paulo Bento;238557.905;111267.68;197857.41;92284.24;195870.201;85050.02;66392.949;61249.079;29248.29;20830.917;177721.235;18148.966;Indústrias de transformação;Agricultura, inclusive apoio à agricultura e a pós colheita;Demais serviços;6;True;89.7;0.873758;275.44;295.41;4.980359;4.4;;89.7;0.873758;275.44;295.41;4.980359;4.4;;92.3;0.921665;264.17;269.13;5.555;5.1;;;;;;;;;98.0;0.983811;221.89;206.14;5.946595;5.9;;98.0;0.983811;221.89;206.14;5.946595;5.9;;;;;;;;;92.3;0.921665;264.17;269.13;5.555;5.1;;;;;;;;;;;;;;;;;;;;;;;;;;;;;
4;Sul;43;RS;Rio Grande do Sul;4314159;Paverama;301261.996;37761.59;261231.219;32743.95;242457.974;28387.54;63292.829;57712.701;51681.235;48838.815;221525.581;20932.393;Administração, defesa, educação e saúde públicas e seguridade social;Indústrias de transformação;Demais serviços;8;True;93.0;0.929608;304.31;303.17;5.502004;5.1;;93.0;0.929608;304.31;303.17;5.502004;5.1;;90.3;0.900009;254.68;256.19;5.181167;4.7;;87.5;0.870178;248.26;248.72;4.949667;4.3;;92.5;0.927367;238.26;222.44;6.555363;6.1;;90.3;0.905472;236.35;221.85;6.508185;5.9;;100.0;1.0;243.03;223.92;6.673303;6.7;;98.8;0.984567;268.31;272.08;5.673167;5.6;;;;;;;;;;;;;;;;;;;;;;;;;;;;;
4;Sul;43;RS;Rio Grande do Sul;4314175;Pedras Altas;172851.793;83867.92;358700.158;174041.8;386190.228;200306.14;306315.446;9382.279;40636.35;22858.702;379192.777;6997.452;Agricultura, inclusive apoio à agricultura e a pós colheita;Demais serviços;Pecuária, inclusive apoio à pecuária;4;True;;;;;;;;;;;;;;;83.2;0.821555;226.82;217.69;4.075167;3.3;;83.2;0.821555;226.82;217.69;4.075167;3.3;;100.0;1.0;212.87;198.85;5.641912;5.6;;100.0;1.0;212.87;198.85;5.641912;5.6;;;;;;;;;;;;;;;;;;;;;;;;;;;;;;;;;;;;;;;;;;;
4;Sul;43;RS;Rio Grande do Sul;4314209;Pedro Osório;242414.966;32391.1;245041.742;32742.08;270651.352;35227.3;139066.537;12283.096;65305.645;43708.47;260363.748;10287.604;Agricultura, inclusive apoio à agricultura e a pós colheita;Demais serviços;Administração, defesa, educação e saúde públicas e seguridade social;5;True;;;;;;;;;;;;;;;90.4;0.904579;245.39;249.62;4.916833;4.4;;;;;;;;;91.6;0.920746;205.81;189.75;5.341724;4.9;;89.7;0.901192;202.05;181.62;5.122151;4.6;;94.2;0.942085;216.16;212.08;5.945244;5.6;;98.8;0.98785;251.24;258.02;5.154333;5.1;;;;;;;;;;;;;;;;;;;;;;;;;;;;;
4;Sul;43;RS;Rio Grande do Sul;4314308;Pejuçara;293083.799;78260.03;294044.21;78516.48;464212.34;120888.63;304801.821;13123.654;96259.527;31228.476;445413.479;18798.862;Agricultura, inclusive apoio à agricultura e a pós colheita;Demais serviços;Comércio e reparação de veículos automotores e motocicletas;7;True;92.0;0.912589;281.42;272.27;4.717941;4.3;;92.0;0.912589;281.42;272.27;4.717941;4.3;;92.2;0.920832;288.45;279.52;6.132833;5.6;;91.3;0.894258;288.45;279.52;6.132833;5.5;;96.9;0.969117;238.67;224.1;6.593369;6.4;;96.4;0.962895;228.94;218.08;6.298228;6.1;;98.4;0.980371;268.76;242.71;7.505969;7.4;;;;;;;;;;;;;;;;;;;;;;;;;;;;;;;;;;;;
4;Sul;43;RS;Rio Grande do Sul;4314407;Pelotas;12480919.075;38322.06;11740930.051;36049.51;10778176.433;31347.76;434023.91;1319877.782;5896027.179;1916619.417;9566548.288;1211628.145;Demais serviços;Administração, defesa, educação e saúde públicas e seguridade social;Comércio e reparação de veículos automotores e motocicletas;6;True;;;;;;;;;;;;;;;83.2;0.832347;238.91;246.88;4.763167;4.0;;83.3;0.833621;242.24;248.94;4.853;4.0;;90.8;0.903878;202.46;192.56;5.328884;4.8;;91.1;0.906578;205.71;196.36;5.459998;4.9;;90.2;0.897984;197.56;186.82;5.131009;4.6;;83.0;0.829765;235.15;244.55;4.661667;3.9;;;;;;;;;;;;;;;;;;;;;;;;;;;;;
4;Sul;43;RS;Rio Grande do Sul;4314423;Picada Café;393451.853;73528.66;382226.464;71430.85;386452.843;66860.35;16996.517;184984.101;84104.199;40958.412;327043.23;59409.613;Indústrias de transformação;Demais serviços;Administração, defesa, educação e saúde públicas e seguridade social;8;True;92.7;0.932283;304.48;313.98;5.666218;5.3;;92.7;0.932283;304.48;313.98;5.666218;5.3;;97.9;0.97932;292.5;287.67;6.336167;6.2;;100.0;1.0;302.7;293.04;6.595667;6.6;;99.0;0.990942;244.42;241.32;7.016193;7.0;;99.3;0.993326;253.11;241.64;7.187851;7.1;;97.1;0.969603;233.56;240.91;6.801486;6.6;;91.2;0.904369;278.91;280.5;5.990167;5.4;;;;;;;;;;;;;;;;;;;;;;;;;;;;;
4;Sul;43;RS;Rio Grande do Sul;4314456;Pinhal;154126.687;52087.42;133617.181;45156.2;123341.742;47788.35;54474.959;15904.915;22656.23;21851.047;114887.151;8454.591;Pecuária, inclusive apoio à pecuária;Administração, defesa, educação e saúde públicas e seguridade social;Demais serviços;6;True;83.9;0.831009;300.44;301.2;5.418159;4.5;;83.9;0.831009;300.44;301.2;5.418159;4.5;;95.4;0.94965;275.76;282.5;5.971;5.7;;;;;;;;;100.0;1.0;232.59;228.87;6.564066;6.6;;100.0;1.0;232.59;228.87;6.564066;6.6;;;;;;;;;95.8;0.956168;275.76;282.5;5.971;5.7;;;;;;;;;;;;;;;;;;;;;;;;;;;;;
4;Sul;43;RS;Rio Grande do Sul;4314464;Pinhal da Serra;249015.902;110772.2;285483.708;126994.53;304724.814;160719.84;84947.004;147783.774;21729.135;25846.925;280306.839;24417.975;Eletricidade e gás, água, esgoto, atividades de gestão de resíduos e descontaminação;Agricultura, inclusive apoio à agricultura e a pós colheita;Administração, defesa, educação e saúde públicas e seguridade social;6;True;74.3;0.745084;272.77;291.69;4.88717;3.6;;74.3;0.745084;272.77;291.69;4.88717;3.6;;95.2;0.947307;251.77;271.04;5.380167;5.1;;;;;;;;;97.1;0.973497;240.1;219.19;6.531387;6.4;;96.9;0.971429;240.1;219.19;6.531387;6.3;;;;;;;;;88.7;0.947307;251.77;271.04;5.380167;5.1;;;;;;;;;;;;;;;;;;;;;;;;;;;;;
4;Sul;43;RS;Rio Grande do Sul;4314472;Pinhal Grande;500997.765;131668.27;727915.323;191304.95;931834.039;216252.97;164251.026;654427.424;61969.484;36279.806;916927.74;14906.3;Eletricidade e gás, água, esgoto, atividades de gestão de resíduos e descontaminação;Agricultura, inclusive apoio à agricultura e a pós colheita;Administração, defesa, educação e saúde públicas e seguridade social;5;True;;;;;;;;;;;;;;;81.4;0.809526;255.4;258.58;5.233;4.2;;88.5;0.874327;238.11;242.28;4.673167;4.1;;96.1;0.955391;233.55;213.51;6.303114;6.0;;98.6;0.983589;257.08;227.37;7.00416;6.9;;90.8;0.885453;217.38;203.97;5.821071;5.2;;;;;;;;;;;;;;;;;;;;;;;;;;;;;;;;;;;;
4;Sul;43;RS;Rio Grande do Sul;4314498;Pinheirinho do Vale;140566.168;30961.71;114032.383;25117.27;131548.7;26704.97;65037.261;7035.409;21481.898;33792.922;127347.491;4201.209;Pecuária, inclusive apoio à pecuária;Administração, defesa, educação e saúde públicas e seguridade social;Demais serviços;7;True;86.7;0.864135;282.48;276.77;4.800193;4.1;;86.7;0.864135;282.48;276.77;4.800193;4.1;;96.6;0.966132;287.17;274.13;6.021667;5.8;;;;;;;;;99.3;0.994149;244.32;223.02;6.681557;6.6;;100.0;1.0;244.26;220.03;6.626049;6.6;;98.6;0.986113;244.42;229.01;6.792375;6.7;;96.4;0.963349;287.17;274.13;6.021667;5.8;;;;;;;;;;;;;;;;;;;;;;;;;;;;;
4;Sul;43;RS;Rio Grande do Sul;4314506;Pinheiro Machado;357895.602;31915.07;340023.602;30321.35;397725.54;32810.22;111162.402;76850.264;110610.191;73156.793;371779.649;25945.891;Demais serviços;Administração, defesa, educação e saúde públicas e seguridade social;Indústrias de transformação;6;True;;;;;;;;;;;;;;;84.4;0.849321;241.06;241.51;4.7095;4.0;;84.2;0.847108;234.94;240.4;4.589;3.9;;92.0;0.918656;203.52;192.04;5.339659;4.9;;91.5;0.91385;194.24;181.97;4.979468;4.6;;93.9;0.927251;224.03;214.3;6.135798;5.7;;85.0;0.850093;255.27;244.1;4.9895;4.2;;;;;;;;;;;;;;;;;;;;;;;;;;;;;
4;Sul;43;RS;Rio Grande do Sul;4314548;Pinto Bandeira;93134.27;34202.82;69200.373;25413.28;74285.516;24213.01;21670.513;7830.643;15656.525;20159.588;65317.268;8968.248;Administração, defesa, educação e saúde públicas e seguridade social;Agricultura, inclusive apoio à agricultura e a pós colheita;Demais serviços;6;True;98.0;0.978442;297.22;287.03;5.160809;5.0;;98.0;0.978442;297.22;287.03;5.160809;5.0;;98.1;0.985386;299.23;273.6;6.213833;6.1;;;;;;;;;97.6;0.976218;262.15;234.61;7.232552;7.1;;;;;;;;;95.5;0.95702;262.15;234.61;7.232552;6.9;;98.1;0.985386;299.23;273.6;6.213833;6.1;;;;;;;;;;;;;;;;;;;;;;;;;;;;;
4;Sul;43;RS;Rio Grande do Sul;4314555;Pirapó;72015.695;31865.35;60884.769;26940.16;94671.544;42934.94;54200.592;1949.079;15562.934;20299.674;92012.279;2659.264;Agricultura, inclusive apoio à agricultura e a pós colheita;Administração, defesa, educação e saúde públicas e seguridade social;Pecuária, inclusive apoio à pecuária;6;True;95.1;0.960043;255.2;285.39;4.546089;4.4;;95.1;0.960043;255.2;285.39;4.546089;4.4;;94.8;0.944581;284.05;275.51;5.992667;5.7;;;;;;;;;99.0;0.990664;240.76;230.85;6.755982;6.7;;;;;;;;;98.3;0.982219;240.76;230.85;6.755982;6.6;;93.4;0.934521;284.05;275.51;5.992667;5.6;;;;;;;;;;;;;;;;;;;;;;;;;;;;;
4;Sul;43;RS;Rio Grande do Sul;4314605;Piratini;744360.817;42525.18;806428.893;46076.39;880277.054;42437.31;518081.084;47488.488;158181.886;124245.387;847996.845;32280.21;Agricultura, inclusive apoio à agricultura e a pós colheita;Produção florestal, pesca e aquicultura;Administração, defesa, educação e saúde públicas e seguridade social;7;True;66.9;0.665419;255.35;262.91;4.211669;2.8;;66.9;0.665419;255.35;262.91;4.211669;2.8;;83.3;0.831783;240.48;247.7;4.803;4.0;;81.5;0.816387;225.23;244.58;4.496833;3.7;;92.6;0.924457;234.35;214.46;6.335654;5.9;;;;;;;;;94.2;0.937618;238.98;220.94;6.541831;6.1;;84.8;0.847738;242.91;248.19;4.851667;4.1;;;;;;;;;;;;;;;;;;;;;;;;;;;;;
4;Sul;43;RS;Rio Grande do Sul;4314704;Planalto;325777.528;31306.7;279419.802;26851.8;252508.19;25359.87;50623.973;32544.706;89004.902;60291.281;232464.862;20043.328;Demais serviços;Administração, defesa, educação e saúde públicas e seguridade social;Pecuária, inclusive apoio à pecuária;8;True;91.9;0.937486;275.69;275.52;4.686116;4.4;;91.9;0.937486;275.69;275.52;4.686116;4.4;;95.2;0.954469;269.16;268.04;5.62;5.4;;97.9;0.980225;265.88;266.59;5.541167;5.4;;99.1;0.990942;243.43;231.52;6.819118;6.8;;99.7;0.997577;237.9;225.9;6.611402;6.6;;98.4;0.984968;251.96;240.18;7.139359;7.0;;91.0;0.912893;275.88;271.0;5.781333;5.3;;;;;;;;;;;;;;;;;;;;;;;;;;;;;
4;Sul;43;RS;Rio Grande do Sul;4314753;Poço das Antas;100774.015;46418.25;154361.992;71101.79;131757.135;62592.46;30988.991;42235.91;26067.579;18114.571;117407.051;14350.083;Indústrias de transformação;Demais serviços;Pecuária, inclusive apoio à pecuária;6;True;81.8;0.827354;314.1;288.79;5.424235;4.5;;81.8;0.827354;314.1;288.79;5.424235;4.5;;98.9;0.985386;283.86;262.14;5.766667;5.7;;;;;;;;;100.0;1.0;254.22;233.33;7.057943;7.1;;100.0;1.0;254.22;233.33;7.057943;7.1;;;;;;;;;98.9;0.985386;283.86;262.14;5.766667;5.7;;;;;;;;;;;;;;;;;;;;;;;;;;;;;
4;Sul;43;RS;Rio Grande do Sul;4314779;Pontão;271978.148;82517.64;297879.005;90375.91;403317.288;103467.75;284898.998;11536.562;61232.068;32841.038;390508.666;12808.622;Agricultura, inclusive apoio à agricultura e a pós colheita;Pecuária, inclusive apoio à pecuária;Demais serviços;2;True;;;;;;;;;;;;;;;;;;;;;;;;;;;;;96.9;0.968228;215.13;201.21;5.727951;5.5;;98.8;0.989366;215.13;201.21;5.727951;5.7;;;;;;;;;;;;;;;;;;;;;;;;;;;;;;;;;;;;;;;;;;;
4;Sul;43;RS;Rio Grande do Sul;4314787;Ponte Preta;78317.469;49725.38;70210.123;44577.86;96048.857;63989.91;58572.269;3403.234;13962.993;15297.53;91236.025;4812.832;Agricultura, inclusive apoio à agricultura e a pós colheita;Pecuária, inclusive apoio à pecuária;Administração, defesa, educação e saúde públicas e seguridade social;4;True;90.0;0.899976;292.01;286.37;5.077754;4.6;;90.0;0.899976;292.01;286.37;5.077754;4.6;;94.8;0.952732;264.91;251.07;5.266333;5.0;;;;;;;;;;;;;;;;;;;;;;;;;;;;;;94.8;0.952732;264.91;251.07;5.266333;5.0;;;;;;;;;;;;;;;;;;;;;;;;;;;;;
4;Sul;43;RS;Rio Grande do Sul;4314803;Portão;1816676.821;53320.33;1543413.779;45298.6;1662403.405;43654.41;54303.801;596853.819;538541.064;202731.864;1392430.548;269972.858;Indústrias de transformação;Demais serviços;Administração, defesa, educação e saúde públicas e seguridade social;8;True;78.9;0.815151;303.21;309.27;5.577872;4.5;;78.9;0.815151;303.21;309.27;5.577872;4.5;;89.0;0.892492;266.69;265.24;5.532167;4.9;;89.3;0.900197;277.47;274.85;5.872;5.3;;95.0;0.951077;226.81;215.24;6.205942;5.9;;95.2;0.952255;228.36;216.79;6.263704;6.0;;92.8;0.938937;206.34;194.75;5.442748;5.1;;87.8;0.879507;248.39;248.92;4.955167;4.4;;;;;;;;;;;;;;;;;;;;;;;;;;;;;
4;Sul;43;RS;Rio Grande do Sul;4314902;Porto Alegre;104743272.125;78586.94;90214952.143;67699.97;81563063.461;54647.52;36859.951;6584096.623;54872538.979;7908539.164;69402034.718;12161028.743;Demais serviços;Comércio e reparação de veículos automotores e motocicletas;Administração, defesa, educação e saúde públicas e seguridade social;10;True;75.5;0.805351;263.18;274.61;4.496791;3.6;;75.9;0.793133;266.22;276.38;4.565984;3.6;;86.5;0.865114;237.84;244.96;4.713333;4.1;;87.7;0.877309;228.04;234.14;4.369667;3.8;;92.6;0.92418;198.77;192.52;5.257737;4.9;;93.4;0.932974;191.83;185.54;4.998385;4.7;;92.1;0.919163;202.53;196.31;5.398402;5.0;;85.6;0.856842;239.93;248.28;4.8035;4.1;;;;;;;;;;;;;;;;100.0;1.0;238.46;233.32;6.756998;6.8;;96.2;0.962647;329.73;310.85;7.343;7.1;
4;Sul;43;RS;Rio Grande do Sul;4315008;Porto Lucena;128971.832;29580.7;114412.688;26241.44;135662.02;30053.62;58768.258;3437.42;38773.857;29152.13;130131.665;5530.355;Administração, defesa, educação e saúde públicas e seguridade social;Demais serviços;Agricultura, inclusive apoio à agricultura e a pós colheita;6;True;93.3;0.933411;267.95;290.13;4.79612;4.5;;93.3;0.933411;267.95;290.13;4.79612;4.5;;91.6;0.90193;276.95;279.73;5.944667;5.4;;;;;;;;;96.8;0.968579;241.06;226.01;6.673707;6.5;;;;;;;;;96.6;0.967665;241.06;226.01;6.673707;6.5;;89.8;0.872049;276.95;279.73;5.944667;5.2;;;;;;;;;;;;;;;;;;;;;;;;;;;;;
4;Sul;43;RS;Rio Grande do Sul;4315057;Porto Mauá;79556.903;37141.41;69658.141;32520.14;89350.093;38314.79;44033.923;1949.551;20166.851;18536.79;84687.114;4662.98;Agricultura, inclusive apoio à agricultura e a pós colheita;Administração, defesa, educação e saúde públicas e seguridade social;Pecuária, inclusive apoio à pecuária;6;True;83.7;0.806722;241.01;266.97;4.071043;3.3;;83.7;0.806722;241.01;266.97;4.071043;3.3;;91.3;0.896566;232.9;234.38;4.454667;4.0;;;;;;;;;96.6;0.963936;276.0;234.84;7.501046;7.2;;96.6;0.963936;276.0;234.84;7.501046;7.2;;;;;;;;;91.3;0.896566;232.9;234.38;4.454667;4.0;;;;;;;;;;;;;;;;;;;;;;;;;;;;;
4;Sul;43;RS;Rio Grande do Sul;4315073;Porto Vera Cruz;48373.04;31008.36;40675.04;26073.74;45212.119;35939.68;22095.442;894.699;7465.927;13405.57;43861.637;1350.482;Pecuária, inclusive apoio à pecuária;Administração, defesa, educação e saúde públicas e seguridade social;Agricultura, inclusive apoio à agricultura e a pós colheita;0;False;;;;;;;;;;;;;;;;;;;;;;;;;;;;;;;;;;;;;;;;;;;;;;;;;;;;;;;;;;;;;;;;;;;;;;;;;;;;;;;;;;;;
4;Sul;43;RS;Rio Grande do Sul;4315107;Porto Xavier;230081.527;23151.69;204759.257;20603.67;210927.252;20793.3;37564.764;9214.4;85068.422;62229.359;194076.946;16850.306;Administração, defesa, educação e saúde públicas e seguridade social;Demais serviços;Comércio e reparação de veículos automotores e motocicletas;6;True;92.4;0.941655;286.95;290.05;5.061777;4.8;;92.4;0.941655;286.95;290.05;5.061777;4.8;;95.0;0.948747;282.78;273.76;5.942333;5.6;;;;;;;;;99.5;0.994781;265.26;256.86;7.696448;7.7;;;;;;;;;100.0;1.0;265.26;256.86;7.696448;7.7;;94.9;0.947791;282.78;273.76;5.942333;5.6;;;;;;;;;;;;;;;;;;;;;;;;;;;;;
4;Sul;43;RS;Rio Grande do Sul;4315131;Pouso Novo;57903.861;33297.22;51514.389;29623.0;61420.195;38726.48;25752.723;2617.393;15434.355;14725.571;58530.042;2890.153;Pecuária, inclusive apoio à pecuária;Administração, defesa, educação e saúde públicas e seguridade social;Demais serviços;0;False;;;;;;;;;;;;;;;;;;;;;;;;;;;;;;;;;;;;;;;;;;;;;;;;;;;;;;;;;;;;;;;;;;;;;;;;;;;;;;;;;;;;
4;Sul;43;RS;Rio Grande do Sul;4315149;Presidente Lucena;371733.887;120810.49;294671.794;95765.94;213813.066;71942.49;16630.235;106418.043;42038.104;21215.747;186302.129;27510.937;Indústrias de transformação;Demais serviços;Administração, defesa, educação e saúde públicas e seguridade social;4;True;100.0;1.0;300.55;282.41;5.138417;5.1;;100.0;1.0;300.55;282.41;5.138417;5.1;;90.9;0.906006;287.55;283.68;6.187167;5.6;;;;;;;;;;;;;;;;;;;;;;;;;;;;;;90.9;0.906006;287.55;283.68;6.187167;5.6;;;;;;;;;;;;;;;;;;;;;;;;;;;;;
4;Sul;43;RS;Rio Grande do Sul;4315156;Progresso;181523.261;33993.12;155898.74;29194.52;166517.474;26706.89;72787.775;9272.471;40016.545;37689.649;159766.441;6751.033;Administração, defesa, educação e saúde públicas e seguridade social;Pecuária, inclusive apoio à pecuária;Demais serviços;5;True;;;;;;;;;;;;;;;98.7;0.986011;266.75;253.91;5.344333;5.3;;99.3;0.992589;277.32;270.42;5.795667;5.8;;100.0;1.0;228.81;215.94;6.256838;6.3;;100.0;1.0;228.81;215.94;6.256838;6.3;;;;;;;;;97.8;0.980413;259.06;241.91;5.016167;4.9;;;;;;;;;;;;;;;;;;;;;;;;;;;;;
4;Sul;43;RS;Rio Grande do Sul;4315172;Protásio Alves;93358.025;46102.73;85918.457;42428.87;93263.32;48348.01;51781.443;8701.967;12456.87;15901.747;88842.027;4421.294;Pecuária, inclusive apoio à pecuária;Agricultura, inclusive apoio à agricultura e a pós colheita;Administração, defesa, educação e saúde públicas e seguridade social;4;True;;;;;;;;;;;;;;;93.0;0.9379;252.76;239.95;4.8785;4.6;;;;;;;;;100.0;1.0;232.05;217.99;6.355942;6.4;;100.0;1.0;232.05;217.99;6.355942;6.4;;;;;;;;;93.0;0.9379;252.76;239.95;4.8785;4.6;;;;;;;;;;;;;;;;;;;;;;;;;;;;;
4;Sul;43;RS;Rio Grande do Sul;4315206;Putinga;153757.741;41034.89;124597.381;33252.57;133442.659;34561.68;61639.007;11236.368;28619.95;24714.84;126210.165;7232.493;Pecuária, inclusive apoio à pecuária;Administração, defesa, educação e saúde públicas e seguridade social;Agricultura, inclusive apoio à agricultura e a pós colheita;6;True;95.3;0.948207;293.26;278.73;4.980939;4.7;;95.3;0.948207;293.26;278.73;4.980939;4.7;;92.1;0.918957;257.09;274.28;5.522833;5.1;;;;;;;;;100.0;1.0;255.9;236.61;7.149641;7.1;;100.0;1.0;255.9;236.61;7.149641;7.1;;;;;;;;;92.1;0.918957;257.09;274.28;5.522833;5.1;;;;;;;;;;;;;;;;;;;;;;;;;;;;;
4;Sul;43;RS;Rio Grande do Sul;4315305;Quaraí;720056.58;30640.71;588978.159;25062.9;625752.379;27772.95;201581.038;25408.059;234117.565;123786.445;584893.107;40859.271;Demais serviços;Administração, defesa, educação e saúde públicas e seguridade social;Pecuária, inclusive apoio à pecuária;8;True;80.6;0.851182;278.82;288.62;4.926184;4.2;;80.6;0.851182;278.82;288.62;4.926184;4.2;;89.4;0.894221;256.49;264.87;5.356;4.8;;99.3;0.992951;257.51;261.83;5.322333;5.3;;95.2;0.951621;228.87;220.47;6.340346;6.0;;98.5;0.984425;233.87;226.52;6.545766;6.4;;93.8;0.937802;227.28;218.55;6.275094;5.9;;86.0;0.859868;256.32;265.39;5.361833;4.6;;;;;;;;;;;;;;;;;;;;;;;;;;;;;
4;Sul;43;RS;Rio Grande do Sul;4315313;Quatro Irmãos;136522.53;87965.55;145777.692;93928.93;185963.125;99980.17;122341.761;8271.875;30121.271;18486.57;179221.477;6741.648;Agricultura, inclusive apoio à agricultura e a pós colheita;Demais serviços;Administração, defesa, educação e saúde públicas e seguridade social;2;True;;;;;;;;;;;;;;;80.0;0.806186;244.53;245.35;4.831333;3.9;;;;;;;;;;;;;;;;;;;;;;;;;;;;;;81.8;0.819394;244.53;245.35;4.831333;4.0;;;;;;;;;;;;;;;;;;;;;;;;;;;;;
4;Sul;43;RS;Rio Grande do Sul;4315321;Quevedos;156253.021;62326.69;189792.899;75705.19;299303.714;107162.09;198235.211;6705.91;53344.809;25437.955;283723.885;15579.829;Agricultura, inclusive apoio à agricultura e a pós colheita;Demais serviços;Administração, defesa, educação e saúde públicas e seguridade social;4;True;53.7;0.501651;285.9;281.98;4.926221;2.5;;53.7;0.501651;285.9;281.98;4.926221;2.5;;;;;;;;;;;;;;;;92.5;0.927668;210.02;211.92;5.825159;5.4;;;;;;;;;87.9;0.865994;210.02;211.92;5.825159;5.0;;;;;;;;;;;;;;;;;;;;;;;;;;;;;;;;;;;;
4;Sul;43;RS;Rio Grande do Sul;4315354;Quinze de Novembro;172890.809;44217.6;161878.221;41401.08;255121.101;66960.92;142175.88;15232.682;54708.165;30018.363;242135.09;12986.011;Agricultura, inclusive apoio à agricultura e a pós colheita;Pecuária, inclusive apoio à pecuária;Demais serviços;8;True;91.1;0.910836;283.17;283.62;4.912429;4.5;;91.1;0.910836;283.17;283.62;4.912429;4.5;;96.3;0.962093;281.6;268.0;5.826667;5.6;;94.8;0.947794;296.65;277.23;6.231333;5.9;;98.0;0.979317;257.96;238.21;7.218044;7.1;;97.8;0.974238;259.0;239.3;7.25771;7.1;;98.6;0.984945;255.12;235.25;7.110028;7.0;;98.8;0.988892;267.86;259.57;5.457167;5.4;;;;;;;;;;;;;;;;;;;;;;;;;;;;;
4;Sul;43;RS;Rio Grande do Sul;4315404;Redentora;207603.983;21318.95;186012.106;19101.67;232904.289;19767.81;103316.707;6118.846;50361.414;62346.594;222143.562;10760.728;Agricultura, inclusive apoio à agricultura e a pós colheita;Administração, defesa, educação e saúde públicas e seguridade social;Demais serviços;8;True;69.2;0.694207;243.05;237.62;3.660323;2.5;;69.2;0.694207;243.05;237.62;3.660323;2.5;;78.3;0.781059;241.09;248.14;4.8205;3.8;;85.4;0.851509;228.64;219.07;4.1285;3.5;;90.9;0.901003;224.07;234.11;6.496743;5.9;;96.3;0.957426;204.62;205.22;5.600287;5.4;;88.6;0.882897;228.58;240.81;6.70463;5.9;;76.4;0.762279;248.47;265.37;5.230667;4.0;;;;;;;;;;;;;;;;;;;;;;;;;;;;;
4;Sul;43;RS;Rio Grande do Sul;4315453;Relvado;75597.034;42091.89;62683.35;34901.64;82687.271;39984.17;48501.222;3139.566;12856.619;15345.581;79842.988;2844.283;Pecuária, inclusive apoio à pecuária;Administração, defesa, educação e saúde públicas e seguridade social;Agricultura, inclusive apoio à agricultura e a pós colheita;6;True;98.1;0.981686;263.77;303.12;4.931874;4.8;;98.1;0.981686;263.77;303.12;4.931874;4.8;;100.0;1.0;252.93;270.17;5.385;5.4;;;;;;;;;98.7;0.986953;261.08;254.35;7.571041;7.5;;98.7;0.986953;261.08;254.35;7.571041;7.5;;;;;;;;;100.0;1.0;252.93;270.17;5.385;5.4;;;;;;;;;;;;;;;;;;;;;;;;;;;;;
4;Sul;43;RS;Rio Grande do Sul;4315503;Restinga Sêca;643230.024;43057.1;562183.37;37631.93;673422.787;42887.71;277829.65;53165.914;206020.483;92180.301;629196.347;44226.439;Agricultura, inclusive apoio à agricultura e a pós colheita;Demais serviços;Administração, defesa, educação e saúde públicas e seguridade social;4;True;;;;;;;;;;;;;;;90.3;0.903924;261.34;260.71;5.3675;4.9;;;;;;;;;97.2;0.969544;219.86;211.86;6.011854;5.8;;95.8;0.958075;200.65;191.86;5.281615;5.1;;99.1;0.988931;234.04;226.63;6.55101;6.5;;;;;;;;;;;;;;;;;;;;;;;;;;;;;;;;;;;;
4;Sul;43;RS;Rio Grande do Sul;4315552;Rio dos Índios;116659.938;41149.89;112293.358;39609.65;136485.517;53086.55;75282.269;3846.729;27258.786;23215.906;129603.691;6881.826;Agricultura, inclusive apoio à agricultura e a pós colheita;Administração, defesa, educação e saúde públicas e seguridade social;Demais serviços;4;True;83.5;0.849213;268.55;285.02;4.72805;4.0;;83.5;0.849213;268.55;285.02;4.72805;4.0;;99.3;0.99311;260.12;259.79;5.331833;5.3;;;;;;;;;;;;;;;;;;;;;;;;;;;;;;98.1;0.97957;260.12;259.79;5.331833;5.2;;;;;;;;;;;;;;;;;;;;;;;;;;;;;
4;Sul;43;RS;Rio Grande do Sul;4315602;Rio Grande;14106680.075;73510.58;13059825.401;68055.37;13282201.438;62392.61;440805.76;4237228.688;5052638.265;1322966.159;11053638.871;2228562.567;Demais serviços;Indústrias de transformação;Administração, defesa, educação e saúde públicas e seguridade social;8;True;78.1;0.7859;266.14;278.85;4.601837;3.6;;78.9;0.817075;280.25;288.57;4.94552;4.0;;82.3;0.823482;247.57;252.57;5.002333;4.1;;82.9;0.829655;252.78;256.46;5.154;4.3;;89.5;0.892205;212.9;207.07;5.791939;5.2;;89.8;0.894785;217.02;211.4;5.949292;5.3;;88.3;0.884073;202.95;196.59;5.411508;4.8;;81.3;0.81186;240.42;247.22;4.794;3.9;;;;;;;;;;;;;;;;;;;;;;;;;;;;;
4;Sul;43;RS;Rio Grande do Sul;4315701;Rio Pardo;1248018.944;36013.71;1460422.297;42142.96;1390524.912;36346.94;571616.887;106576.164;405450.118;222503.192;1306146.361;84378.551;Agricultura, inclusive apoio à agricultura e a pós colheita;Demais serviços;Administração, defesa, educação e saúde públicas e seguridade social;6;True;90.1;0.907348;266.61;278.59;4.604546;4.2;;90.1;0.907348;266.61;278.59;4.604546;4.2;;93.0;0.929829;246.9;251.21;4.9685;4.6;;;;;;;;;97.4;0.973134;226.55;213.98;6.178071;6.0;;;;;;;;;97.5;0.974158;226.21;213.64;6.165401;6.0;;93.0;0.930666;246.9;251.21;4.9685;4.6;;;;;;;;;;;;;;;;;;;;;;;;;;;;;
4;Sul;43;RS;Rio Grande do Sul;4315750;Riozinho;165771.634;37060.5;147174.466;32902.85;155849.301;33173.54;7065.514;64500.419;36461.249;31216.362;139243.545;16605.756;Indústrias de transformação;Demais serviços;Administração, defesa, educação e saúde públicas e seguridade social;8;True;93.8;0.9396;268.77;282.47;4.692967;4.4;;93.8;0.9396;268.77;282.47;4.692967;4.4;;95.8;0.957267;258.23;262.92;5.3525;5.1;;95.4;0.951816;248.68;253.02;5.028333;4.8;;98.8;0.989001;235.8;223.84;6.533871;6.5;;98.8;0.985696;227.99;218.92;6.295371;6.2;;99.0;0.992374;242.92;228.33;6.751385;6.7;;96.2;0.962248;262.69;267.54;5.503833;5.3;;;;;;;;;;;;;;;;;;;;;;;;;;;;;
4;Sul;43;RS;Rio Grande do Sul;4315800;Roca Sales;626610.876;60146.95;563915.95;54129.0;576083.233;49851.44;78995.557;257697.047;125811.347;66704.718;529208.669;46874.564;Indústrias de transformação;Demais serviços;Administração, defesa, educação e saúde públicas e seguridade social;1;True;;;;;;;;;;;;;;;;;;;;;;83.8;0.850374;264.75;264.22;5.482833;4.7;;;;;;;;;;;;;;;;;;;;;;;;;;;;;;;;;;;;;;;;;;;;;;;;;;;;;;;;;
4;Sul;43;RS;Rio Grande do Sul;4315909;Rodeio Bonito;301149.817;45258.46;258613.936;38865.94;279279.531;47593.65;79225.343;21890.882;86620.93;40816.318;228553.472;50726.059;Demais serviços;Pecuária, inclusive apoio à pecuária;Administração, defesa, educação e saúde públicas e seguridade social;8;True;76.6;0.737719;286.02;287.64;5.012637;3.7;;76.6;0.737719;286.02;287.64;5.012637;3.7;;94.9;0.949196;264.72;263.16;5.464667;5.2;;91.1;0.908645;242.67;250.0;4.877833;4.4;;98.2;0.981262;239.81;231.71;6.753489;6.6;;96.4;0.96157;220.39;225.44;6.268878;6.0;;100.0;1.0;254.92;236.59;7.130575;7.1;;98.2;0.980623;276.36;270.1;5.774333;5.7;;;;;;;;;;;;;;;;;;;;;;;;;;;;;
4;Sul;43;RS;Rio Grande do Sul;4315958;Rolador;91405.286;39897.55;90147.762;39348.65;161913.636;71327.59;109714.254;3582.509;21606.25;22481.603;157384.617;4529.02;Agricultura, inclusive apoio à agricultura e a pós colheita;Administração, defesa, educação e saúde públicas e seguridade social;Demais serviços;4;True;97.0;0.976622;293.45;281.99;5.03241;4.9;;97.0;0.976622;293.45;281.99;5.03241;4.9;;98.1;0.983997;261.55;252.53;5.234667;5.2;;;;;;;;;;;;;;;;;;;;;;;;;;;;;;98.5;0.982364;261.55;252.53;5.234667;5.1;;;;;;;;;;;;;;;;;;;;;;;;;;;;;
4;Sul;43;RS;Rio Grande do Sul;4316006;Rolante;951008.499;44747.02;822059.276;38679.68;731610.966;33885.0;27746.592;223350.107;263319.317;124384.987;638801.002;92809.963;Indústrias de transformação;Demais serviços;Administração, defesa, educação e saúde públicas e seguridade social;8;True;80.5;0.812261;287.67;286.51;5.018895;4.1;;86.2;0.894248;299.76;299.45;5.382411;4.8;;95.9;0.959989;272.73;271.92;5.744167;5.5;;96.0;0.961923;269.94;269.53;5.657833;5.4;;99.1;0.991876;240.66;226.88;6.681892;6.6;;99.1;0.99202;236.16;220.6;6.481832;6.4;;99.1;0.99301;251.07;241.42;7.14492;7.1;;95.4;0.957469;280.59;278.64;5.987167;5.7;;;;;;;;;;;;;;;;;;;;;;;;;;;;;
4;Sul;43;RS;Rio Grande do Sul;4316105;Ronda Alta;402815.63;41200.33;431807.87;44165.68;471553.637;44348.13;201776.906;17612.557;161711.172;59302.528;440403.162;31150.475;Agricultura, inclusive apoio à agricultura e a pós colheita;Demais serviços;Comércio e reparação de veículos automotores e motocicletas;6;True;80.4;0.797049;303.54;300.54;5.451818;4.3;;80.4;0.797049;303.54;300.54;5.451818;4.3;;90.4;0.904207;278.89;279.04;5.9655;5.4;;;;;;;;;96.6;0.966;258.11;243.87;7.323816;7.1;;;;;;;;;96.1;0.965601;258.11;243.87;7.323816;7.1;;90.6;0.905859;278.89;279.04;5.9655;5.4;;;;;;;;;;;;;;;;;;;;;;;;;;;;;
4;Sul;43;RS;Rio Grande do Sul;4316204;Rondinha;227715.902;45625.31;233571.661;46798.57;268874.423;53422.3;139558.033;7479.391;70575.197;36428.265;254040.886;14833.538;Pecuária, inclusive apoio à pecuária;Agricultura, inclusive apoio à agricultura e a pós colheita;Demais serviços;8;True;96.0;0.965354;295.58;296.96;5.286428;5.1;;96.0;0.965354;295.58;296.96;5.286428;5.1;;99.1;0.991427;272.09;266.69;5.646333;5.6;;99.2;0.99311;282.12;268.42;5.842333;5.8;;100.0;1.0;242.82;228.37;6.750204;6.8;;100.0;1.0;242.41;222.86;6.642198;6.6;;100.0;1.0;243.5;237.66;6.93209;6.9;;98.9;0.989691;254.25;263.61;5.297667;5.2;;;;;;;;;;;;;;;;;;;;;;;;;;;;;
4;Sul;43;RS;Rio Grande do Sul;4316303;Roque Gonzales;396753.067;60333.5;410043.622;62354.57;437026.241;64744.63;105670.669;210361.294;66231.213;41169.348;423432.523;13593.717;Eletricidade e gás, água, esgoto, atividades de gestão de resíduos e descontaminação;Agricultura, inclusive apoio à agricultura e a pós colheita;Pecuária, inclusive apoio à pecuária;2;True;;;;;;;;;;;;;;;85.4;0.852548;296.13;279.94;6.267833;5.3;;;;;;;;;;;;;;;;;;;;;;;;;;;;;;91.4;0.91589;296.13;279.94;6.267833;5.7;;;;;;;;;;;;;;;;;;;;;;;;;;;;;
4;Sul;43;RS;Rio Grande do Sul;4316402;Rosário do Sul;1498312.719;40903.98;1155784.518;31552.95;1381975.671;35245.49;507511.855;60427.173;498668.904;214817.676;1281425.608;100550.063;Agricultura, inclusive apoio à agricultura e a pós colheita;Demais serviços;Administração, defesa, educação e saúde públicas e seguridade social;8;True;75.7;0.811179;257.04;264.77;4.263249;3.5;;75.7;0.811179;257.04;264.77;4.263249;3.5;;88.1;0.880943;232.67;236.78;4.490833;4.0;;89.7;0.894768;235.44;231.31;4.445833;4.0;;95.4;0.952481;216.6;211.56;5.944186;5.7;;96.5;0.963074;214.79;211.7;5.912189;5.7;;94.8;0.94685;217.43;211.5;5.958935;5.6;;87.3;0.873378;231.6;238.9;4.508333;3.9;;;;;;;;;;;;;;;;;;;;;;;;;;;;;
4;Sul;43;RS;Rio Grande do Sul;4316428;Sagrada Família;67102.486;27057.45;63226.699;25494.64;82616.031;31763.18;38775.748;2647.466;17593.879;19971.132;78988.225;3627.805;Agricultura, inclusive apoio à agricultura e a pós colheita;Administração, defesa, educação e saúde públicas e seguridade social;Demais serviços;6;True;81.6;0.790541;271.72;275.56;4.630956;3.7;;81.6;0.790541;271.72;275.56;4.630956;3.7;;94.7;0.946277;265.88;266.39;5.537833;5.2;;;;;;;;;100.0;1.0;241.8;225.36;6.676011;6.7;;;;238.04;224.0;6.579528;;;;;;;;;;94.7;0.946277;265.88;266.39;5.537833;5.2;;;;;;;;;;;;;;;;;;;;;;;;;;;;;
4;Sul;43;RS;Rio Grande do Sul;4316436;Saldanha Marinho;170088.539;66053.8;174882.81;67915.65;254248.495;97938.56;145083.811;5557.85;66453.248;21682.318;238777.227;15471.267;Agricultura, inclusive apoio à agricultura e a pós colheita;Demais serviços;Comércio e reparação de veículos automotores e motocicletas;7;True;98.1;0.967708;270.06;272.49;4.561683;4.4;;98.1;0.967708;270.06;272.49;4.561683;4.4;;99.0;0.990486;269.13;274.07;5.72;5.7;;;;;;;;;98.2;0.981766;231.31;223.79;6.447275;6.3;;97.2;0.967806;203.22;202.14;5.51757;5.3;;100.0;1.0;261.42;246.98;7.443529;7.4;;98.3;0.987013;269.13;274.07;5.72;5.6;;;;;;;;;;;;;;;;;;;;;;;;;;;;;
4;Sul;43;RS;Rio Grande do Sul;4316451;Salto do Jacuí;594921.188;58308.46;844871.546;82806.19;1213457.71;96983.51;204201.854;772161.604;128570.764;81144.591;1186078.813;27378.897;Eletricidade e gás, água, esgoto, atividades de gestão de resíduos e descontaminação;Agricultura, inclusive apoio à agricultura e a pós colheita;Demais serviços;7;True;69.5;0.703225;292.47;310.13;5.439904;3.8;;69.5;0.703225;292.47;310.13;5.439904;3.8;;72.0;0.721945;264.37;267.16;5.5255;4.0;;;;;;;;;93.6;0.933727;227.04;220.36;6.303423;5.9;;91.2;0.907443;212.02;204.44;5.727327;5.2;;96.5;0.964753;235.63;229.45;6.632627;6.4;;78.2;0.782146;266.15;268.01;5.569333;4.4;;;;;;;;;;;;;;;;;;;;;;;;;;;;;
4;Sul;43;RS;Rio Grande do Sul;4316477;Salvador das Missões;162260.348;56399.15;149877.902;52095.2;178469.506;65277.8;66041.703;18015.493;55159.577;22287.222;161503.995;16965.511;Pecuária, inclusive apoio à pecuária;Demais serviços;Agricultura, inclusive apoio à agricultura e a pós colheita;4;True;;;;;;;;;;;;;;;93.6;0.930599;260.55;265.75;5.438333;5.1;;;;;;;;;99.4;0.993642;246.49;222.88;6.720424;6.7;;;;;;;;;100.0;1.0;246.49;222.88;6.720424;6.7;;87.7;0.876568;260.55;265.75;5.438333;4.8;;;;;;;;;;;;;;;;;;;;;;;;;;;;;
4;Sul;43;RS;Rio Grande do Sul;4316501;Salvador do Sul;395635.911;57513.58;322723.984;46914.37;337662.858;42340.17;73681.383;72995.832;102285.925;46829.998;295793.138;41869.72;Pecuária, inclusive apoio à pecuária;Demais serviços;Administração, defesa, educação e saúde públicas e seguridade social;7;True;84.9;0.852845;306.22;304.63;5.550686;4.7;;84.9;0.852845;306.22;304.63;5.550686;4.7;;91.1;0.90831;288.35;292.66;6.350167;5.8;;100.0;1.0;285.91;292.33;6.304;6.3;;100.0;1.0;268.17;259.72;7.803983;7.8;;100.0;1.0;268.17;259.72;7.803983;7.8;;;;;;;;;81.5;0.804793;291.15;293.04;6.403167;5.2;;;;;;;;;;;;;;;;;;;;;;;;;;;;;
4;Sul;43;RS;Rio Grande do Sul;4316600;Sananduva;877957.067;53537.23;827815.632;50479.64;843826.291;51509.36;214642.74;108381.452;320788.863;92857.408;736670.463;107155.828;Demais serviços;Agricultura, inclusive apoio à agricultura e a pós colheita;Comércio e reparação de veículos automotores e motocicletas;8;True;73.6;0.731319;293.59;299.25;5.29276;3.9;;73.6;0.731319;293.59;299.25;5.29276;3.9;;97.3;0.973313;269.67;266.15;5.597;5.4;;97.3;0.973282;256.09;254.18;5.171167;5.0;;99.5;0.994573;249.35;240.11;7.088277;7.0;;99.8;0.997984;240.52;231.5;6.76322;6.7;;98.9;0.98794;265.43;255.79;7.680238;7.6;;97.4;0.973488;286.46;280.94;6.123333;6.0;;;;;;;;;;;;;;;;;;;;;;;;;;;;;
4;Sul;43;RS;Rio Grande do Sul;4316709;Santa Bárbara do Sul;875560.86;107801.14;981525.146;120847.72;1336030.058;171000.9;703242.055;52270.539;404252.949;58478.134;1218243.676;117786.382;Agricultura, inclusive apoio à agricultura e a pós colheita;Comércio e reparação de veículos automotores e motocicletas;Demais serviços;6;True;;;;;;;;;;;;;;;98.1;0.981569;240.32;234.08;4.573333;4.5;;97.8;0.979753;258.78;253.56;5.205667;5.1;;99.8;0.99778;236.22;224.02;6.545159;6.5;;99.7;0.997168;233.75;225.36;6.522385;6.5;;100.0;1.0;247.43;217.94;6.648545;6.6;;98.4;0.988357;233.89;227.31;4.353333;4.3;;;;;;;;;;;;;;;;;;;;;;;;;;;;;
4;Sul;43;RS;Rio Grande do Sul;4316733;Santa Cecília do Sul;91361.099;54576.52;103168.044;61629.66;143880.074;88269.98;105055.4;3274.87;16218.225;16702.955;141251.45;2628.624;Agricultura, inclusive apoio à agricultura e a pós colheita;Pecuária, inclusive apoio à pecuária;Administração, defesa, educação e saúde públicas e seguridade social;4;True;;;;;;;;;;;;;;;98.7;0.981252;280.62;265.92;5.775667;5.7;;98.7;0.981252;280.62;265.92;5.775667;5.7;;100.0;1.0;242.83;217.94;6.560759;6.6;;100.0;1.0;242.83;217.94;6.560759;6.6;;;;;;;;;;;;;;;;;;;;;;;;;;;;;;;;;;;;;;;;;;;
4;Sul;43;RS;Rio Grande do Sul;4316758;Santa Clara do Sul;427743.869;62108.88;360574.688;52355.84;339107.076;50200.9;40526.829;141859.009;79170.639;43990.472;305546.949;33560.127;Indústrias de transformação;Administração, defesa, educação e saúde públicas e seguridade social;Demais serviços;6;True;88.5;0.890114;298.75;292.56;5.265082;4.7;;88.5;0.890114;298.75;292.56;5.265082;4.7;;86.9;0.862914;281.88;266.32;5.803333;5.0;;;;;;;;;99.5;0.994352;254.23;227.89;6.959225;6.9;;;;;;;;;99.3;0.987615;254.23;227.89;6.959225;6.9;;88.6;0.884393;281.88;266.32;5.803333;5.1;;;;;;;;;;;;;;;;;;;;;;;;;;;;;
4;Sul;43;RS;Rio Grande do Sul;4316808;Santa Cruz do Sul;13396617.903;100540.49;11189591.279;83987.02;9815200.528;74205.23;244596.681;2071989.953;3858200.032;831549.939;7006336.605;2808863.923;Demais serviços;Indústrias de transformação;Comércio e reparação de veículos automotores e motocicletas;8;True;86.5;0.869197;288.95;294.77;5.160525;4.5;;86.5;0.869197;288.95;294.77;5.160525;4.5;;89.5;0.894623;269.55;272.29;5.697333;5.1;;86.7;0.868184;261.92;267.29;5.486833;4.8;;96.0;0.960224;239.12;227.85;6.670139;6.4;;94.4;0.943993;232.13;222.0;6.430378;6.1;;98.2;0.982392;246.23;233.79;6.913826;6.8;;91.8;0.917664;273.16;274.65;5.796833;5.3;;;;;;;;;;;;;;;;;;;;;;;;;;;;;
4;Sul;43;RS;Rio Grande do Sul;4316907;Santa Maria;10932023.988;40230.46;9799720.912;36077.06;9562065.76;33532.4;390982.204;1097558.104;5489814.547;1488180.297;8466535.152;1095530.608;Demais serviços;Administração, defesa, educação e saúde públicas e seguridade social;Comércio e reparação de veículos automotores e motocicletas;10;True;72.9;0.56543;280.37;290.71;4.979241;2.8;;74.0;0.464927;292.67;297.68;5.256335;2.4;;86.7;0.86878;256.43;262.23;5.311;4.6;;87.3;0.876166;256.48;264.47;5.349167;4.7;;94.6;0.94469;221.54;214.83;6.097915;5.8;;95.1;0.948981;223.29;215.53;6.14404;5.8;;93.7;0.936799;218.84;213.74;6.02657;5.6;;85.0;0.84986;246.75;253.41;5.002667;4.3;;;;;;;;;82.4;0.493422;349.33;329.81;6.53311;3.2;;;;;;;;;96.5;0.965319;340.09;321.09;7.686333;7.4;
4;Sul;43;RS;Rio Grande do Sul;4316956;Santa Maria do Herval;271501.038;42823.51;263463.177;41555.71;279409.025;43780.79;83767.082;67732.901;67164.212;39010.118;257674.314;21734.712;Indústrias de transformação;Demais serviços;Administração, defesa, educação e saúde públicas e seguridade social;7;True;86.5;0.861052;331.16;309.49;5.973722;5.1;;86.5;0.861052;331.16;309.49;5.973722;5.1;;92.8;0.927523;285.82;273.22;5.984;5.6;;90.7;0.908264;288.26;272.48;6.012333;5.5;;98.4;0.983731;248.33;219.19;6.688448;6.6;;98.4;0.984015;248.33;219.19;6.688448;6.6;;;;;;;;;94.5;0.9446;284.77;273.54;5.971833;5.6;;;;;;;;;;;;;;;;;;;;;;;;;;;;;
4;Sul;43;RS;Rio Grande do Sul;4316972;Santa Margarida do Sul;278310.094;107207.28;248129.63;95581.52;361015.792;139227.07;241653.95;13717.933;62355.88;24803.663;342531.426;18484.366;Agricultura, inclusive apoio à agricultura e a pós colheita;Demais serviços;Comércio e reparação de veículos automotores e motocicletas;2;True;;;;;;;;;;;;;;;82.8;0.81349;261.02;271.18;5.536667;4.5;;81.9;0.821937;261.02;271.18;5.536667;4.6;;;;;;;;;;;;;;;;;;;;;;;;;;;;;;;;;;;;;;;;;;;;;;;;;;;;;;;;;
4;Sul;43;RS;Rio Grande do Sul;4317004;Santana da Boa Vista;237629.272;33831.05;307801.774;43821.44;364901.024;45402.64;236344.462;10502.788;56975.118;52404.603;356226.972;8674.052;Agricultura, inclusive apoio à agricultura e a pós colheita;Administração, defesa, educação e saúde públicas e seguridade social;Demais serviços;6;True;;;;;;;;;;;;;;;70.7;0.708987;246.03;247.4;4.8905;3.5;;59.6;0.596675;221.91;239.76;4.361167;2.6;;91.7;0.917927;201.19;199.41;5.429193;5.0;;90.3;0.895521;195.37;192.24;5.187761;4.6;;94.2;0.947528;211.56;212.17;5.859094;5.6;;80.4;0.805598;265.48;253.57;5.3175;4.3;;;;;;;;;;;;;;;;;;;;;;;;;;;;;
4;Sul;43;RS;Rio Grande do Sul;4317103;Sant'Ana do Livramento;3143614.301;37237.35;2819393.957;33396.83;2823927.505;37330.33;639519.192;455492.259;1088429.76;442509.596;2625950.807;197976.698;Demais serviços;Administração, defesa, educação e saúde públicas e seguridade social;Agricultura, inclusive apoio à agricultura e a pós colheita;8;True;84.5;0.790217;265.76;274.31;4.528536;3.6;;84.8;0.847569;274.02;281.84;4.757271;4.0;;87.2;0.871611;242.06;250.37;4.873833;4.2;;82.5;0.820573;236.67;246.81;4.724667;3.9;;91.8;0.914341;212.54;204.9;5.745614;5.3;;88.8;0.881706;203.15;199.84;5.474416;4.8;;93.5;0.931378;216.34;206.95;5.855406;5.5;;89.1;0.890997;243.3;251.19;4.908167;4.4;;;;;;;;;;;;;;;;;;;;;;;;;;;;;
4;Sul;43;RS;Rio Grande do Sul;4317202;Santa Rosa;4530356.238;58864.08;4050229.739;52625.67;3732053.349;50513.7;258498.553;925505.242;1562773.81;456263.56;3203041.164;529012.186;Demais serviços;Indústrias de transformação;Administração, defesa, educação e saúde públicas e seguridade social;9;True;79.9;0.82451;288.65;283.77;4.991641;4.1;;81.7;0.840391;291.52;286.06;5.066232;4.3;;92.3;0.923762;270.55;272.34;5.714833;5.3;;95.4;0.955713;276.57;276.72;5.888167;5.6;;96.8;0.966984;238.45;228.68;6.672443;6.5;;97.0;0.971081;244.91;235.96;6.92809;6.7;;96.4;0.961285;229.64;218.76;6.32395;6.1;;89.3;0.892627;266.0;269.03;5.583833;5.0;;;;;;;;;96.8;0.971661;323.12;311.36;5.888794;5.7;;;;;;;;;;;;;;;
4;Sul;43;RS;Rio Grande do Sul;4317251;Santa Tereza;53741.883;35708.89;45553.277;30267.96;49851.093;28949.53;19685.097;3582.158;9796.116;14178.741;47242.112;2608.981;Administração, defesa, educação e saúde públicas e seguridade social;Pecuária, inclusive apoio à pecuária;Agricultura, inclusive apoio à agricultura e a pós colheita;4;True;96.9;0.937359;315.52;291.6;5.486244;5.1;;96.9;0.937359;315.52;291.6;5.486244;5.1;;100.0;1.0;286.77;268.61;5.923;5.9;;;;;;;;;;;;;;;;;;;;;;;;;;;;;;100.0;1.0;286.77;268.61;5.923;5.9;;;;;;;;;;;;;;;;;;;;;;;;;;;;;
4;Sul;43;RS;Rio Grande do Sul;4317301;Santa Vitória do Palmar;1990738.865;64252.62;1602179.493;51711.57;1755631.465;59923.25;822389.873;264676.323;375764.62;218294.331;1681125.147;74506.318;Agricultura, inclusive apoio à agricultura e a pós colheita;Demais serviços;Administração, defesa, educação e saúde públicas e seguridade social;8;True;76.0;0.762836;262.56;262.46;4.306197;3.3;;77.0;0.771617;260.3;262.04;4.268168;3.3;;92.5;0.925384;251.35;254.63;5.099667;4.7;;91.0;0.91106;240.23;245.94;4.7695;4.3;;94.5;0.945628;213.52;207.09;5.804135;5.5;;93.3;0.935446;201.0;195.86;5.361022;5.0;;97.3;0.971735;233.0;224.55;6.493345;6.3;;95.2;0.951895;261.62;262.66;5.404667;5.1;;;;;;;;;;;;;;;;;;;;;;;;;;;;;
4;Sul;43;RS;Rio Grande do Sul;4317400;Santiago;1861691.263;38041.83;1758686.562;35937.03;2021450.931;41004.72;425748.693;107700.554;1011024.174;263575.756;1808049.177;213401.755;Demais serviços;Comércio e reparação de veículos automotores e motocicletas;Agricultura, inclusive apoio à agricultura e a pós colheita;8;True;84.3;0.83493;280.82;286.69;4.925382;4.1;;84.3;0.83493;280.82;286.69;4.925382;4.1;;94.8;0.947941;256.64;263.06;5.328333;5.1;;94.0;0.942535;246.43;256.6;5.0505;4.8;;96.9;0.968699;231.19;220.17;6.379167;6.2;;96.5;0.964429;228.2;220.34;6.325196;6.1;;97.6;0.977002;235.49;219.92;6.456682;6.3;;95.5;0.955875;262.14;266.54;5.478;5.2;;;;;;;;;;;;;;;;;;;;;;;;;;;;;
4;Sul;43;RS;Rio Grande do Sul;4317509;Santo Ângelo;3379818.284;43941.11;3062172.956;39811.39;3180273.497;41012.5;332631.923;469692.71;1604726.197;415011.068;2822061.898;358211.599;Demais serviços;Comércio e reparação de veículos automotores e motocicletas;Administração, defesa, educação e saúde públicas e seguridade social;9;True;83.3;0.873233;287.43;288.21;5.040973;4.4;;84.8;0.885315;290.95;291.25;5.135921;4.5;;88.5;0.885417;255.82;263.28;5.318333;4.7;;80.7;0.811573;260.58;270.65;5.5205;4.5;;95.1;0.9523;222.95;213.22;6.095551;5.8;;94.3;0.940688;218.17;209.95;5.944875;5.6;;95.9;0.962178;226.31;215.52;6.201491;6.0;;91.8;0.918401;254.56;261.33;5.264833;4.8;;;;;;;;;93.3;0.936749;306.73;304.85;5.561143;5.2;;;;;;;;;;;;;;;
4;Sul;43;RS;Rio Grande do Sul;4317558;Santo Antônio do Palma;112424.775;53766.03;99139.64;47412.55;119797.325;56561.53;67582.262;5314.407;22526.133;17377.286;112800.088;6997.237;Pecuária, inclusive apoio à pecuária;Agricultura, inclusive apoio à agricultura e a pós colheita;Administração, defesa, educação e saúde públicas e seguridade social;6;True;92.3;0.927942;275.63;287.45;4.863866;4.5;;92.3;0.927942;275.63;287.45;4.863866;4.5;;89.0;0.879635;269.75;264.29;5.567333;4.9;;;;;;;;;100.0;1.0;243.62;217.99;6.576744;6.6;;100.0;1.0;243.62;217.99;6.576744;6.6;;;;;;;;;89.0;0.879635;269.75;264.29;5.567333;4.9;;;;;;;;;;;;;;;;;;;;;;;;;;;;;
4;Sul;43;RS;Rio Grande do Sul;4317608;Santo Antônio da Patrulha;2178830.731;50733.01;1909247.075;44461.07;1680504.515;38723.98;182189.763;465688.202;587257.813;241371.736;1476507.514;203997.001;Demais serviços;Indústrias de transformação;Administração, defesa, educação e saúde públicas e seguridade social;8;True;84.8;0.881861;272.18;285.72;4.789513;4.2;;84.8;0.881861;272.18;285.72;4.789513;4.2;;95.1;0.951134;256.27;262.31;5.309667;5.1;;95.1;0.950543;264.2;266.8;5.516667;5.2;;98.3;0.982997;242.53;226.32;6.707397;6.6;;98.0;0.980164;250.98;232.01;6.972111;6.8;;98.5;0.98538;228.09;216.58;6.254734;6.2;;95.1;0.951385;246.4;256.71;5.051833;4.8;;;;;;;;;;;;;;;;;;;;;;;;;;;;;
4;Sul;43;RS;Rio Grande do Sul;4317707;Santo Antônio das Missões;433322.536;42070.15;374215.811;36331.63;673946.023;67869.69;432305.911;16958.793;130644.25;62008.16;641917.114;32028.909;Agricultura, inclusive apoio à agricultura e a pós colheita;Demais serviços;Administração, defesa, educação e saúde públicas e seguridade social;8;True;80.1;0.792002;272.8;285.35;4.792681;3.8;;80.1;0.792002;272.8;285.35;4.792681;3.8;;86.3;0.862003;235.75;246.84;4.709833;4.1;;84.2;0.836585;231.67;240.42;4.534833;3.8;;96.0;0.960328;222.04;215.76;6.124366;5.9;;95.2;0.949947;216.82;211.47;5.946748;5.6;;98.6;0.987615;244.13;233.92;6.876113;6.8;;89.5;0.907976;239.65;252.98;4.877167;4.4;;;;;;;;;;;;;;;;;;;;;;;;;;;;;
4;Sul;43;RS;Rio Grande do Sul;4317756;Santo Antônio do Planalto;166647.313;79773.73;167164.047;80021.09;189469.866;93889.92;97950.296;21845.553;32867.876;23501.394;176165.12;13304.746;Agricultura, inclusive apoio à agricultura e a pós colheita;Administração, defesa, educação e saúde públicas e seguridade social;Demais serviços;4;True;92.1;0.929666;291.82;292.37;5.164906;4.8;;92.1;0.929666;291.82;292.37;5.164906;4.8;;96.0;0.957039;270.96;289.88;6.014;5.8;;;;;;;;;;;;;;;;;;;;;;;;;;;;;;96.0;0.957039;270.96;289.88;6.014;5.8;;;;;;;;;;;;;;;;;;;;;;;;;;;;;
4;Sul;43;RS;Rio Grande do Sul;4317806;Santo Augusto;728450.437;52398.97;705693.618;50762.02;848438.805;61423.21;335207.03;56337.965;297949.388;80566.828;770061.21;78377.595;Agricultura, inclusive apoio à agricultura e a pós colheita;Demais serviços;Comércio e reparação de veículos automotores e motocicletas;8;True;88.4;0.888849;290.94;284.98;5.041918;4.5;;88.8;0.891383;294.33;287.23;5.123213;4.6;;92.6;0.925082;257.37;259.79;5.286;4.9;;92.0;0.92256;251.81;256.25;5.134333;4.7;;98.1;0.97986;240.22;227.93;6.692586;6.6;;97.7;0.97479;225.78;217.35;6.22465;6.1;;98.8;0.988065;255.07;238.81;7.173801;7.1;;93.1;0.929431;260.11;261.54;5.360833;5.0;;;;;;;;;;;;;;;;;;;;;;;;;;;;;
4;Sul;43;RS;Rio Grande do Sul;4317905;Santo Cristo;766616.238;50040.22;690812.7;45092.21;784070.634;55305.82;229302.884;74578.658;280685.488;84796.354;669363.384;114707.25;Demais serviços;Pecuária, inclusive apoio à pecuária;Comércio e reparação de veículos automotores e motocicletas;6;True;;;;;;;;;;;;;;;90.6;0.906795;280.24;273.48;5.895333;5.3;;88.6;0.889455;278.09;273.43;5.858667;5.2;;95.3;0.951813;242.64;224.9;6.683678;6.4;;94.7;0.944467;237.45;223.26;6.554814;6.2;;97.1;0.971178;254.1;228.51;6.968017;6.8;;93.5;0.93227;283.01;273.53;5.942333;5.5;;;;;;;;;;;;;;;;;;;;;;;;;;;;;
4;Sul;43;RS;Rio Grande do Sul;4317954;Santo Expedito do Sul;105537.385;44928.64;97433.977;41478.92;128953.434;56385.41;78803.61;7142.255;17819.16;20431.599;124196.623;4756.811;Agricultura, inclusive apoio à agricultura e a pós colheita;Pecuária, inclusive apoio à pecuária;Administração, defesa, educação e saúde públicas e seguridade social;4;True;87.3;0.862299;282.74;300.48;5.158785;4.4;;87.3;0.862299;282.74;300.48;5.158785;4.4;;96.9;0.969945;271.76;303.23;6.249833;6.1;;;;;;;;;;;;;;;;;;;;;;;;;;;;;;97.5;0.981252;271.76;303.23;6.249833;6.1;;;;;;;;;;;;;;;;;;;;;;;;;;;;;
4;Sul;43;RS;Rio Grande do Sul;4318002;São Borja;2550388.196;42737.25;2355190.893;39466.3;2570766.452;43012.42;795875.038;274240.166;928202.838;351229.359;2349547.401;221219.051;Agricultura, inclusive apoio à agricultura e a pós colheita;Demais serviços;Administração, defesa, educação e saúde públicas e seguridade social;8;True;85.0;0.884912;263.48;274.77;4.503399;4.0;;85.3;0.887998;267.02;277.82;4.598777;4.1;;92.8;0.927624;244.78;254.16;4.982333;4.6;;91.5;0.915661;239.19;248.17;4.789333;4.4;;97.7;0.975725;225.14;217.62;6.217345;6.1;;98.3;0.981175;228.19;221.16;6.339915;6.2;;96.8;0.967945;221.35;213.22;6.065017;5.9;;93.4;0.933549;246.31;255.81;5.035333;4.7;;;;;;;;;;;;;;;;;;;;;;;;;;;;;
4;Sul;43;RS;Rio Grande do Sul;4318051;São Domingos do Sul;130564.498;47409.04;114438.585;41553.59;123436.188;39934.06;46576.644;23318.061;23453.033;22904.328;116252.066;7184.122;Pecuária, inclusive apoio à pecuária;Administração, defesa, educação e saúde públicas e seguridade social;Agricultura, inclusive apoio à agricultura e a pós colheita;6;True;88.2;0.878994;315.24;306.05;5.698629;5.0;;88.2;0.878994;315.24;306.05;5.698629;5.0;;91.1;0.905629;280.21;253.24;5.5575;5.0;;;;;;;;;98.4;0.983607;250.62;223.46;6.809786;6.7;;;;;;;;;100.0;1.0;250.62;223.46;6.809786;6.8;;91.1;0.905629;280.21;253.24;5.5575;5.0;;;;;;;;;;;;;;;;;;;;;;;;;;;;;
4;Sul;43;RS;Rio Grande do Sul;4318101;São Francisco de Assis;592569.47;33634.32;487080.274;27646.74;804123.538;44473.4;437723.414;23417.341;197344.907;113929.478;772415.139;31708.399;Agricultura, inclusive apoio à agricultura e a pós colheita;Demais serviços;Administração, defesa, educação e saúde públicas e seguridade social;8;True;92.0;0.936828;254.29;269.45;4.294686;4.0;;92.0;0.936828;254.29;269.45;4.294686;4.0;;96.4;0.964223;236.48;248.45;4.748833;4.6;;94.4;0.944444;230.54;241.2;4.529;4.3;;98.6;0.984992;215.89;208.54;5.875727;5.8;;97.9;0.978364;211.75;203.28;5.701083;5.6;;100.0;1.0;225.86;221.18;6.295813;6.3;;99.6;0.996718;245.07;258.93;5.066667;5.1;;;;;;;;;;;;;;;;;;;;;;;;;;;;;
4;Sul;43;RS;Rio Grande do Sul;4318200;São Francisco de Paula;1202081.557;54907.12;1035535.458;47299.84;1026517.633;46935.1;475150.937;92412.594;261245.659;133619.535;962428.725;64088.908;Produção florestal, pesca e aquicultura;Demais serviços;Agricultura, inclusive apoio à agricultura e a pós colheita;8;True;83.1;0.873295;258.14;261.83;4.234687;3.7;;83.1;0.873295;258.14;261.83;4.234687;3.7;;92.2;0.921619;246.62;246.94;4.892667;4.5;;95.4;0.951376;248.15;243.96;4.8685;4.6;;97.2;0.971777;203.18;195.26;5.391715;5.2;;99.5;0.994346;194.76;189.08;5.118665;5.1;;95.7;0.956855;207.15;198.17;5.520388;5.3;;91.1;0.911111;246.17;247.82;4.899833;4.5;;;;;;;;;;;;;;;;;;;;;;;;;;;;;
4;Sul;43;RS;Rio Grande do Sul;4318309;São Gabriel;2682926.041;45872.18;2430982.789;41564.5;2723192.851;43790.39;1040024.38;225013.042;921001.686;343476.172;2529515.28;193677.571;Agricultura, inclusive apoio à agricultura e a pós colheita;Demais serviços;Administração, defesa, educação e saúde públicas e seguridade social;8;True;74.0;0.791975;272.35;279.38;4.69699;3.7;;70.5;0.781801;270.75;278.52;4.661644;3.6;;86.1;0.862266;240.67;252.52;4.8865;4.2;;86.9;0.870373;241.01;253.78;4.913167;4.3;;91.0;0.906098;220.32;214.62;6.070815;5.5;;89.7;0.890914;214.19;208.78;5.847648;5.2;;93.9;0.936795;230.85;224.66;6.454314;6.0;;85.2;0.85113;240.34;251.26;4.86;4.1;;;;;;;;;;;;;;;;;;;;;;;;;;;;;
4;Sul;43;RS;Rio Grande do Sul;4318408;São Jerônimo;712278.282;33872.85;658231.971;31302.64;667014.089;27148.61;102922.096;83039.032;295957.183;132544.607;614462.917;52551.172;Demais serviços;Administração, defesa, educação e saúde públicas e seguridade social;Indústrias de transformação;7;True;73.4;0.750511;271.04;278.25;4.661675;3.5;;73.4;0.750511;271.04;278.25;4.661675;3.5;;89.7;0.895993;241.17;249.15;4.838667;4.3;;;;;;;;;96.0;0.959153;212.34;207.12;5.782161;5.5;;98.2;0.981457;200.24;198.26;5.390154;5.3;;94.7;0.946455;215.16;209.19;5.873614;5.6;;87.6;0.873741;240.82;249.11;4.832167;4.2;;;;;;;;;;;;;;;;;;;;;;;;;;;;;
4;Sul;43;RS;Rio Grande do Sul;4318424;São João da Urtiga;198261.234;44443.23;156461.276;35073.14;184149.401;39816.09;77046.398;5997.57;56506.83;29044.011;168594.808;15554.592;Agricultura, inclusive apoio à agricultura e a pós colheita;Pecuária, inclusive apoio à pecuária;Administração, defesa, educação e saúde públicas e seguridade social;8;True;88.9;0.870407;297.57;282.83;5.10285;4.4;;88.9;0.870407;297.57;282.83;5.10285;4.4;;96.8;0.969016;272.37;262.62;5.583167;5.4;;96.7;0.96127;249.45;242.11;4.859333;4.7;;100.0;1.0;245.66;232.95;6.887675;6.9;;100.0;1.0;252.04;236.72;7.077976;7.1;;100.0;1.0;228.46;222.76;6.374158;6.4;;97.0;0.97325;289.79;278.21;6.133333;6.0;;;;;;;;;;;;;;;;;;;;;;;;;;;;;
4;Sul;43;RS;Rio Grande do Sul;4318432;São João do Polêsine;117972.869;44534.87;100561.152;37961.93;104817.588;41348.16;22130.625;10294.731;43975.329;18987.309;95387.995;9429.594;Demais serviços;Agricultura, inclusive apoio à agricultura e a pós colheita;Administração, defesa, educação e saúde públicas e seguridade social;2;True;;;;;;;;;;;;;;;;;;;;;;;;;;;;;99.4;0.993642;224.38;206.4;5.998841;6.0;;;;;;;;;99.1;0.992162;224.38;206.4;5.998841;6.0;;;;;;;;;;;;;;;;;;;;;;;;;;;;;;;;;;;;
4;Sul;43;RS;Rio Grande do Sul;4318440;São Jorge;113153.705;38857.73;105496.468;36228.18;133331.46;47482.71;69617.796;11305.681;24650.047;21053.408;126626.932;6704.528;Pecuária, inclusive apoio à pecuária;Agricultura, inclusive apoio à agricultura e a pós colheita;Administração, defesa, educação e saúde públicas e seguridade social;4;True;;;;;;;;;;;;;;;93.4;0.92801;280.22;261.11;5.688833;5.3;;;;;;;;;100.0;1.0;256.14;244.33;7.294584;7.3;;100.0;1.0;256.14;244.33;7.294584;7.3;;;;;;;;;93.4;0.92801;280.22;261.11;5.688833;5.3;;;;;;;;;;;;;;;;;;;;;;;;;;;;;
4;Sul;43;RS;Rio Grande do Sul;4318457;São José das Missões;76281.491;32295.3;71926.351;30451.46;93351.402;37475.47;43978.052;2842.392;19654.02;22781.605;89256.069;4095.333;Agricultura, inclusive apoio à agricultura e a pós colheita;Administração, defesa, educação e saúde públicas e seguridade social;Demais serviços;4;True;78.9;0.795651;306.98;312.12;5.673486;4.5;;78.9;0.795651;306.98;312.12;5.673486;4.5;;;;;;;;;;;;;;;;99.1;0.992586;233.17;221.16;6.434953;6.4;;99.1;0.992586;233.17;221.16;6.434953;6.4;;;;;;;;;;;;;;;;;;;;;;;;;;;;;;;;;;;;;;;;;;;
4;Sul;43;RS;Rio Grande do Sul;4318465;São José do Herval;55693.984;29281.8;52578.923;27644.02;59112.891;30836.15;21944.984;1774.154;14687.708;17178.968;55585.814;3527.076;Administração, defesa, educação e saúde públicas e seguridade social;Pecuária, inclusive apoio à pecuária;Demais serviços;6;True;82.4;0.8236;265.39;279.43;4.599986;3.8;;82.4;0.8236;265.39;279.43;4.599986;3.8;;96.5;0.960208;240.17;250.07;4.837333;4.6;;;;;;;;;100.0;1.0;225.63;213.94;6.159787;6.2;;;;;;;;;100.0;1.0;225.63;213.94;6.159787;6.2;;100.0;1.0;240.17;250.07;4.837333;4.8;;;;;;;;;;;;;;;;;;;;;;;;;;;;;
4;Sul;43;RS;Rio Grande do Sul;4318481;São José do Hortêncio;149146.05;33538.58;125767.58;28281.44;117866.32;23937.11;19147.391;25039.363;31916.105;29968.04;106070.899;11795.422;Administração, defesa, educação e saúde públicas e seguridade social;Demais serviços;Indústrias de transformação;7;True;93.8;0.937141;290.06;288.31;5.079409;4.8;;93.8;0.937141;290.06;288.31;5.079409;4.8;;88.6;0.886813;296.26;286.53;6.379833;5.7;;91.3;0.919447;307.84;290.31;6.635833;6.1;;95.7;0.961738;255.32;246.36;7.315845;7.0;;95.7;0.961738;255.32;246.36;7.315845;7.0;;;;;;;;;85.8;0.859259;283.18;282.26;6.090667;5.2;;;;;;;;;;;;;;;;;;;;;;;;;;;;;
4;Sul;43;RS;Rio Grande do Sul;4318499;São José do Inhacorá;214097.053;88984.64;185264.89;77001.2;183794.024;90095.11;58444.02;60200.744;32019.473;19396.103;170060.34;13733.684;Indústrias de transformação;Pecuária, inclusive apoio à pecuária;Demais serviços;4;True;100.0;1.0;317.82;293.71;5.550135;5.6;;100.0;1.0;317.82;293.71;5.550135;5.6;;100.0;1.0;284.73;267.36;5.868167;5.9;;100.0;1.0;284.73;267.36;5.868167;5.9;;;;;;;;;;;;;;;;;;;;;;;;;;;;;;;;;;;;;;;;;;;;;;;;;;;;;;;;;
4;Sul;43;RS;Rio Grande do Sul;4318507;São José do Norte;1273463.684;50051.63;651592.737;25609.9;792704.131;28447.0;117292.739;241974.325;213838.977;168616.982;741723.023;50981.108;Indústrias de transformação;Demais serviços;Administração, defesa, educação e saúde públicas e seguridade social;8;True;58.3;0.585272;251.92;242.35;3.85571;2.3;;58.3;0.585272;251.92;242.35;3.85571;2.3;;82.9;0.83347;242.61;251.7;4.905167;4.1;;79.5;0.80573;247.39;254.33;5.028667;4.1;;88.6;0.880072;222.65;214.5;6.113099;5.4;;87.6;0.869904;219.57;213.22;6.031047;5.2;;92.5;0.917469;232.35;218.51;6.371122;5.8;;87.5;0.874227;238.22;249.28;4.791667;4.2;;;;;;;;;;;;;;;;;;;;;;;;;;;;;
4;Sul;43;RS;Rio Grande do Sul;4318606;São José do Ouro;426237.689;62370.16;422708.533;61853.75;463017.948;66997.24;164757.323;24718.878;185888.313;41391.821;416756.336;46261.612;Agricultura, inclusive apoio à agricultura e a pós colheita;Demais serviços;Comércio e reparação de veículos automotores e motocicletas;6;True;;;;;;;;;;;;;;;98.5;0.984996;273.07;279.86;5.882167;5.8;;96.7;0.965452;264.1;267.75;5.530833;5.3;;99.7;0.997168;246.22;230.02;6.84509;6.8;;99.5;0.995106;234.83;218.9;6.425541;6.4;;100.0;1.0;258.64;242.15;7.302658;7.3;;100.0;1.0;278.13;286.7;6.0805;6.1;;;;;;;;;;;;;;;;;;;;;;;;;;;;;
4;Sul;43;RS;Rio Grande do Sul;4318614;São José do Sul;111513.648;46854.47;92819.453;40621.21;94019.297;38157.18;36729.988;12292.206;16810.252;19823.695;85656.14;8363.157;Administração, defesa, educação e saúde públicas e seguridade social;Pecuária, inclusive apoio à pecuária;Produção florestal, pesca e aquicultura;6;True;91.3;0.906343;277.61;299.59;5.073411;4.6;;91.3;0.906343;277.61;299.59;5.073411;4.6;;91.9;0.917813;276.97;260.28;5.620833;5.2;;89.2;0.894533;276.97;260.28;5.620833;5.0;;100.0;1.0;258.79;235.44;7.18352;7.2;;100.0;1.0;258.79;235.44;7.18352;7.2;;;;;;;;;;;;;;;;;;;;;;;;;;;;;;;;;;;;;;;;;;;
4;Sul;43;RS;Rio Grande do Sul;4318622;São José dos Ausentes;177177.208;42468.17;150167.174;35994.05;155632.438;43729.26;73182.022;13518.653;35332.48;27675.703;149708.858;5923.579;Agricultura, inclusive apoio à agricultura e a pós colheita;Demais serviços;Administração, defesa, educação e saúde públicas e seguridade social;4;True;85.6;0.854831;256.31;266.65;4.28114;3.7;;85.6;0.854831;256.31;266.65;4.28114;3.7;;;;;;;;;;;;;;;;95.2;0.949843;211.52;211.08;5.838512;5.5;;94.8;0.944209;211.52;211.08;5.838512;5.5;;;;;;;;;;;;;;;;;;;;;;;;;;;;;;;;;;;;;;;;;;;
4;Sul;43;RS;Rio Grande do Sul;4318705;São Leopoldo;11740912.547;54003.8;11108700.061;51095.63;10855414.196;45159.77;2470.137;2557762.236;4500358.16;1425924.635;8486515.169;2368899.027;Demais serviços;Indústrias de transformação;Administração, defesa, educação e saúde públicas e seguridade social;8;True;73.6;0.742749;277.55;290.42;4.935293;3.7;;73.6;0.742749;277.55;290.42;4.935293;3.7;;86.4;0.864496;253.4;260.83;5.237167;4.5;;87.5;0.876177;252.66;258.18;5.180667;4.5;;94.1;0.940244;214.25;208.61;5.845702;5.5;;94.4;0.943497;214.52;209.17;5.861037;5.5;;93.0;0.927495;213.04;206.14;5.777702;5.4;;84.0;0.837717;254.62;265.24;5.331;4.5;;;;;;;;;;;;;;;;;;;;;;;;;;;;;
4;Sul;43;RS;Rio Grande do Sul;4318804;São Lourenço do Sul;1719595.707;40953.48;1625159.151;38704.4;1701071.096;39104.18;654873.033;111238.296;562263.799;253480.023;1581855.15;119215.945;Agricultura, inclusive apoio à agricultura e a pós colheita;Demais serviços;Administração, defesa, educação e saúde públicas e seguridade social;8;True;80.6;0.809563;274.95;275.97;4.682459;3.8;;80.6;0.809563;274.95;275.97;4.682459;3.8;;86.6;0.871139;262.6;266.23;5.4805;4.8;;86.6;0.873324;268.54;278.93;5.791167;5.1;;91.9;0.918925;228.54;217.68;6.283321;5.8;;92.4;0.922552;228.99;216.23;6.265545;5.8;;90.5;0.909972;227.72;220.29;6.315127;5.7;;86.8;0.869192;256.32;252.79;5.151833;4.5;;;;;;;;;;;;;;;;;;;;;;;;;;;;;
4;Sul;43;RS;Rio Grande do Sul;4318903;São Luiz Gonzaga;1712989.662;49291.83;1735289.758;49933.52;1903782.677;57474.42;561192.509;188430.104;774792.389;185592.458;1710007.46;193775.217;Agricultura, inclusive apoio à agricultura e a pós colheita;Demais serviços;Comércio e reparação de veículos automotores e motocicletas;8;True;84.4;0.799784;286.16;286.41;4.99619;4.0;;84.4;0.799784;286.16;286.41;4.99619;4.0;;90.4;0.904877;263.19;268.12;5.521833;5.0;;82.2;0.830838;253.7;259.93;5.227167;4.3;;96.3;0.962291;235.81;223.42;6.526425;6.3;;94.4;0.938004;219.53;209.16;5.956466;5.6;;97.8;0.978467;246.96;233.19;6.916848;6.8;;94.0;0.938946;266.04;270.57;5.610167;5.3;;;;;;;;;;;;;;;;;;;;;;;;;;;;;
4;Sul;43;RS;Rio Grande do Sul;4319000;São Marcos;1488757.457;70610.77;1215871.424;57667.97;1145393.172;52647.23;48242.017;409878.051;374442.249;121565.687;954128.004;191265.168;Indústrias de transformação;Demais serviços;Administração, defesa, educação e saúde públicas e seguridade social;8;True;82.4;0.829194;287.72;295.37;5.152232;4.3;;82.4;0.829194;287.72;295.37;5.152232;4.3;;89.9;0.89794;271.32;269.6;5.682;5.1;;88.7;0.889324;268.05;264.63;5.544667;4.9;;95.8;0.958539;241.08;227.63;6.703543;6.4;;95.1;0.951351;232.96;217.72;6.3684;6.1;;96.9;0.969454;251.28;240.08;7.124563;6.9;;91.2;0.914544;273.72;273.25;5.782833;5.3;;;;;;;;;;;;;;;;;;;;;;;;;;;;;
4;Sul;43;RS;Rio Grande do Sul;4319109;São Martinho;304939.015;55635.65;294724.977;53772.12;354029.704;66347.4;144527.297;27835.889;115880.16;35339.121;323582.468;30447.236;Agricultura, inclusive apoio à agricultura e a pós colheita;Demais serviços;Comércio e reparação de veículos automotores e motocicletas;7;True;71.3;0.704657;260.42;255.8;4.17644;2.9;;71.3;0.704657;260.42;255.8;4.17644;2.9;;90.9;0.89767;295.65;289.58;6.4205;5.8;;92.8;0.91457;304.81;300.3;6.751833;6.2;;94.4;0.942858;242.42;223.95;6.662207;6.3;;94.2;0.940953;242.42;223.95;6.662207;6.3;;;;;;;;;84.9;0.859807;284.2;276.18;6.006333;5.2;;;;;;;;;;;;;;;;;;;;;;;;;;;;;
4;Sul;43;RS;Rio Grande do Sul;4319125;São Martinho da Serra;211209.833;73849.59;248748.329;88146.11;336099.765;104120.13;232319.343;8614.779;54425.751;26837.672;322197.546;13902.219;Agricultura, inclusive apoio à agricultura e a pós colheita;Demais serviços;Administração, defesa, educação e saúde públicas e seguridade social;4;True;;;;;;;;;;;;;;;83.6;0.822976;223.96;230.87;4.247167;3.5;;;;;;;;;96.8;0.967876;215.51;219.22;6.062657;5.9;;;;;;;;;94.7;0.941729;215.51;219.22;6.062657;5.7;;83.6;0.822976;223.96;230.87;4.247167;3.5;;;;;;;;;;;;;;;;;;;;;;;;;;;;;
4;Sul;43;RS;Rio Grande do Sul;4319158;São Miguel das Missões;517182.43;73296.83;512975.346;72700.59;867930.023;112835.42;564984.073;25771.19;182818.768;56202.289;829776.32;38153.703;Agricultura, inclusive apoio à agricultura e a pós colheita;Demais serviços;Comércio e reparação de veículos automotores e motocicletas;8;True;84.8;0.852129;261.41;276.98;4.50741;3.8;;84.8;0.852129;261.41;276.98;4.50741;3.8;;96.0;0.959946;257.94;266.68;5.410333;5.2;;97.3;0.972794;266.82;272.21;5.6505;5.5;;98.6;0.98624;228.5;220.9;6.341103;6.3;;100.0;1.0;221.99;211.54;6.046685;6.0;;93.7;0.938241;239.6;236.86;6.843117;6.4;;93.3;0.937196;252.61;263.36;5.266167;4.9;;;;;;;;;;;;;;;;;;;;;;;;;;;;;
4;Sul;43;RS;Rio Grande do Sul;4319208;São Nicolau;178748.939;34925.55;171472.966;33503.9;228046.547;44255.1;130813.64;6671.775;44769.234;37330.995;219585.644;8460.903;Agricultura, inclusive apoio à agricultura e a pós colheita;Administração, defesa, educação e saúde públicas e seguridade social;Demais serviços;6;True;87.8;0.865896;276.51;277.87;4.732812;4.1;;87.8;0.865896;276.51;277.87;4.732812;4.1;;93.0;0.930387;261.11;253.7;5.246833;4.9;;;;;;;;;99.1;0.989927;225.27;218.02;6.227099;6.2;;;;;;;;;99.5;0.993432;240.51;239.08;6.900847;6.9;;95.4;0.953233;279.23;278.33;5.959333;5.7;;;;;;;;;;;;;;;;;;;;;;;;;;;;;
4;Sul;43;RS;Rio Grande do Sul;4319307;São Paulo das Missões;214702.705;36726.43;181060.055;30971.61;200548.895;35470.27;87915.017;13698.591;50195.661;38247.75;190057.018;10491.878;Pecuária, inclusive apoio à pecuária;Administração, defesa, educação e saúde públicas e seguridade social;Demais serviços;6;True;91.9;0.918986;292.25;282.69;5.026035;4.6;;91.9;0.918986;292.25;282.69;5.026035;4.6;;96.3;0.964217;259.78;254.18;5.232667;5.0;;96.3;0.964217;259.78;254.18;5.232667;5.0;;99.3;0.992718;245.92;233.42;6.901183;6.9;;99.3;0.992718;245.92;233.42;6.901183;6.9;;;;;;;;;;;;;;;;;;;;;;;;;;;;;;;;;;;;;;;;;;;
4;Sul;43;RS;Rio Grande do Sul;4319356;São Pedro da Serra;122650.888;34569.02;104627.264;29489.08;113228.481;29175.08;29123.718;23684.426;24306.206;25679.8;102794.149;10434.332;Administração, defesa, educação e saúde públicas e seguridade social;Pecuária, inclusive apoio à pecuária;Indústrias de transformação;4;True;;;;;;;;;;;;;;;81.1;0.805191;274.62;254.35;5.482833;4.4;;;;;;;;;97.5;0.977145;258.31;240.34;7.263451;7.1;;97.4;0.976334;258.31;240.34;7.263451;7.1;;;;;;;;;81.1;0.805191;274.62;254.35;5.482833;4.4;;;;;;;;;;;;;;;;;;;;;;;;;;;;;
4;Sul;43;RS;Rio Grande do Sul;4319364;São Pedro das Missões;72910.985;41497.43;102130.975;58128.04;114178.451;56384.42;55256.288;2470.562;27989.038;20751.775;106467.662;7710.789;Agricultura, inclusive apoio à agricultura e a pós colheita;Administração, defesa, educação e saúde públicas e seguridade social;Comércio e reparação de veículos automotores e motocicletas;2;True;84.1;0.855921;263.64;269.66;4.42915;3.8;;84.1;0.855921;263.64;269.66;4.42915;3.8;;;;;;;;;;;;;;;;;;;;;;;;;;;;;;;;;;;;;;;;;;;;;;;;;;;;;;;;;;;;;;;;;;;;;;;
4;Sul;43;RS;Rio Grande do Sul;4319372;São Pedro do Butiá;139485.247;45434.93;128336.23;41803.33;161664.594;54801.56;89211.726;13583.977;27501.396;23843.208;154140.308;7524.286;Pecuária, inclusive apoio à pecuária;Agricultura, inclusive apoio à agricultura e a pós colheita;Administração, defesa, educação e saúde públicas e seguridade social;6;True;86.0;0.859048;323.43;300.5;5.730573;4.9;;86.0;0.859048;323.43;300.5;5.730573;4.9;;96.9;0.966202;308.37;293.68;6.700833;6.5;;;;;;;;;99.3;0.993221;259.23;230.24;7.097372;7.0;;;;;;;;;98.8;0.990664;259.23;230.24;7.097372;7.0;;96.8;0.963967;308.37;293.68;6.700833;6.5;;;;;;;;;;;;;;;;;;;;;;;;;;;;;
4;Sul;43;RS;Rio Grande do Sul;4319406;São Pedro do Sul;505803.24;32471.16;457770.117;29387.57;532258.126;33059.51;168609.625;45732.68;182433.418;96283.185;493058.908;39199.218;Agricultura, inclusive apoio à agricultura e a pós colheita;Demais serviços;Administração, defesa, educação e saúde públicas e seguridade social;6;True;;;;;;;;;;;;;;;92.1;0.920393;263.84;269.11;5.549167;5.1;;94.7;0.943072;243.18;251.9;4.918;4.6;;96.7;0.967793;237.49;234.47;6.759396;6.5;;97.0;0.969676;230.12;230.11;6.539474;6.3;;96.0;0.968506;248.02;240.71;7.073804;6.9;;89.0;0.890733;280.46;282.96;6.057;5.4;;;;;;;;;;;;;;;;;;;;;;;;;;;;;
4;Sul;43;RS;Rio Grande do Sul;4319505;São Sebastião do Caí;1123567.771;45995.08;988053.321;40447.57;899461.375;34381.77;31529.723;204862.957;384946.406;146703.534;768042.62;131418.755;Demais serviços;Indústrias de transformação;Administração, defesa, educação e saúde públicas e seguridade social;7;True;78.3;0.821546;287.55;292.79;5.111222;4.2;;78.3;0.821546;287.55;292.79;5.111222;4.2;;82.6;0.827549;263.37;274.64;5.6335;4.7;;;;;;;;;92.8;0.926863;234.01;220.27;6.434802;6.0;;90.8;0.901215;200.34;186.25;5.173699;4.7;;95.3;0.955121;240.11;226.44;6.663396;6.4;;86.9;0.869538;263.37;274.64;5.6335;4.9;;;;;;;;;;;;;;;;;;;;;;;;;;;;;
4;Sul;43;RS;Rio Grande do Sul;4319604;São Sepé;1059509.123;49932.09;895943.134;42223.63;1331321.195;56671.26;588229.839;99056.564;405917.149;141868.479;1235072.03;96249.165;Agricultura, inclusive apoio à agricultura e a pós colheita;Demais serviços;Comércio e reparação de veículos automotores e motocicletas;8;True;82.9;0.868503;286.4;296.81;5.15525;4.5;;82.9;0.868503;286.4;296.81;5.15525;4.5;;94.6;0.946366;249.75;262.08;5.197167;4.9;;98.2;0.982466;252.34;260.03;5.206167;5.1;;97.4;0.973887;224.97;220.86;6.27301;6.1;;98.4;0.983505;227.42;222.7;6.35322;6.2;;94.9;0.951381;220.49;217.52;6.126786;5.8;;87.5;0.875583;245.27;265.63;5.181667;4.5;;;;;;;;;;;;;;;;;;;;;;;;;;;;;
4;Sul;43;RS;Rio Grande do Sul;4319703;São Valentim;124877.898;38259.16;117332.56;35947.48;135540.82;42093.42;52067.138;11896.297;37299.643;25006.946;126270.024;9270.796;Agricultura, inclusive apoio à agricultura e a pós colheita;Demais serviços;Administração, defesa, educação e saúde públicas e seguridade social;7;True;97.5;0.976622;287.42;299.46;5.209246;5.1;;97.5;0.976622;287.42;299.46;5.209246;5.1;;98.4;0.984567;297.21;294.16;6.522833;6.4;;99.0;0.987013;285.14;282.26;6.123333;6.0;;98.4;0.985841;261.45;241.28;7.340466;7.2;;98.4;0.985841;261.45;241.28;7.340466;7.2;;;;;;;;;96.4;0.963193;312.74;309.46;7.036667;6.8;;;;;;;;;;;;;;;;;;;;;;;;;;;;;
4;Sul;43;RS;Rio Grande do Sul;4319711;São Valentim do Sul;84856.729;38448.9;77018.554;34897.4;95576.034;42516.03;37286.256;18640.347;17226.679;16907.06;90060.341;5515.693;Pecuária, inclusive apoio à pecuária;Administração, defesa, educação e saúde públicas e seguridade social;Indústrias de transformação;6;True;97.1;0.979528;296.84;319.63;5.643496;5.5;;97.1;0.979528;296.84;319.63;5.643496;5.5;;98.9;0.983744;284.46;266.95;5.856833;5.8;;;;;;;;;99.1;0.992586;240.3;231.45;6.758112;6.7;;;;;;;;;100.0;1.0;240.3;231.45;6.758112;6.8;;98.9;0.983744;284.46;266.95;5.856833;5.8;;;;;;;;;;;;;;;;;;;;;;;;;;;;;
4;Sul;43;RS;Rio Grande do Sul;4319737;São Valério do Sul;67840.614;26677.39;56571.0;22245.77;90429.573;33100.14;55412.44;2364.68;11522.877;19611.035;88911.033;1518.54;Agricultura, inclusive apoio à agricultura e a pós colheita;Administração, defesa, educação e saúde públicas e seguridade social;Demais serviços;4;True;;;;;;;;;;;;;;;72.8;0.71936;261.38;272.6;5.566333;4.0;;81.6;0.812564;261.38;272.6;5.566333;4.5;;91.1;0.913295;221.36;212.72;6.056117;5.5;;88.3;0.874173;221.36;212.72;6.056117;5.3;;;;;;;;;;;;;;;;;;;;;;;;;;;;;;;;;;;;;;;;;;;
4;Sul;43;RS;Rio Grande do Sul;4319752;São Vendelino;105310.987;46784.09;89106.028;39585.09;95747.93;41847.87;8265.052;33258.923;22670.376;18033.949;82228.3;13519.629;Indústrias de transformação;Demais serviços;Administração, defesa, educação e saúde públicas e seguridade social;7;True;91.9;0.9215;304.83;282.11;5.194038;4.8;;91.9;0.9215;304.83;282.11;5.194038;4.8;;95.7;0.956719;288.12;276.3;6.073667;5.8;;100.0;1.0;308.93;302.83;6.862667;6.9;;99.4;0.993852;258.09;238.52;7.226162;7.2;;100.0;1.0;246.11;227.01;6.788263;6.8;;98.6;0.984945;274.07;253.87;7.810214;7.7;;;;;;;;;;;;;;;;;;;;;;;;;;;;;;;;;;;;
4;Sul;43;RS;Rio Grande do Sul;4319802;São Vicente do Sul;469885.58;58032.06;646468.257;79840.47;730554.837;83568.39;278835.866;217461.54;129518.765;55458.111;681274.282;49280.555;Agricultura, inclusive apoio à agricultura e a pós colheita;Indústrias de transformação;Demais serviços;7;True;;;;;;;;92.8;0.920486;281.18;282.61;4.86936;4.5;;81.1;0.808607;255.99;263.77;5.329333;4.3;;75.7;0.745627;256.55;259.0;5.259167;3.9;;95.4;0.952199;232.03;223.38;6.453561;6.1;;94.3;0.939281;228.67;225.51;6.428166;6.0;;97.7;0.975;236.93;220.28;6.490709;6.3;;85.1;0.846339;255.7;266.25;5.365833;4.5;;;;;;;;;;;;;;;;;;;;;;;;;;;;;
4;Sul;43;RS;Rio Grande do Sul;4319901;Sapiranga;4674054.049;61786.88;3686148.124;48727.63;3615599.007;44906.46;9686.306;1531903.586;1187851.917;467531.624;3196973.434;418625.573;Indústrias de transformação;Demais serviços;Administração, defesa, educação e saúde públicas e seguridade social;8;True;79.6;0.806934;282.74;293.65;5.05654;4.1;;80.8;0.832988;289.12;296.55;5.18956;4.3;;92.1;0.920961;275.27;275.72;5.849833;5.4;;91.7;0.917858;277.98;278.87;5.9475;5.5;;96.4;0.963936;238.68;224.1;6.59356;6.4;;96.0;0.960165;236.78;221.9;6.5173;6.3;;98.0;0.98021;246.56;233.22;6.90976;6.8;;93.5;0.934732;267.06;266.16;5.553667;5.2;;;;;;;;;;;;;;;;;;;;;;;;;;;;;
4;Sul;43;RS;Rio Grande do Sul;4320008;Sapucaia do Sul;4729407.944;35799.83;4378885.252;33146.5;4204086.389;29500.7;6544.982;1366829.852;1455496.148;821088.456;3649959.438;554126.951;Demais serviços;Indústrias de transformação;Administração, defesa, educação e saúde públicas e seguridade social;8;True;78.5;0.826859;263.35;275.84;4.517592;3.7;;81.0;0.834593;277.42;288.31;4.901881;4.1;;90.1;0.902912;258.96;266.67;5.427167;4.9;;91.0;0.911803;257.08;264.14;5.353667;4.9;;94.7;0.946526;221.34;215.42;6.104826;5.8;;94.6;0.945869;221.39;217.13;6.136871;5.8;;95.0;0.951395;221.17;209.49;5.993763;5.7;;87.1;0.870575;265.32;275.21;5.6755;4.9;;;;;;;;;;;;;;;;;;;;;;;;;;;;;
4;Sul;43;RS;Rio Grande do Sul;4320107;Sarandi;1427660.579;62476.94;1388514.464;60763.84;1299139.021;51915.72;171575.226;213643.784;583686.073;146495.546;1115400.629;183738.393;Demais serviços;Comércio e reparação de veículos automotores e motocicletas;Administração, defesa, educação e saúde públicas e seguridade social;8;True;75.1;0.756571;286.78;288.89;5.042024;3.8;;75.1;0.756571;286.78;288.89;5.042024;3.8;;96.7;0.96612;256.63;263.59;5.337;5.2;;97.8;0.975646;258.14;263.47;5.360167;5.2;;99.7;0.99617;228.22;218.39;6.290124;6.3;;100.0;1.0;227.48;216.69;6.245092;6.2;;98.7;0.98681;231.3;225.5;6.478175;6.4;;94.3;0.943477;250.72;264.07;5.2465;4.9;;;;;;;;;;;;;;;;;;;;;;;;;;;;;
4;Sul;43;RS;Rio Grande do Sul;4320206;Seberi;827495.705;69246.5;653026.2;54646.54;617245.447;57805.34;156819.369;89973.696;230598.033;69508.469;546899.567;70345.88;Demais serviços;Agricultura, inclusive apoio à agricultura e a pós colheita;Comércio e reparação de veículos automotores e motocicletas;8;True;76.6;0.800652;298.44;295.94;5.311327;4.3;;76.6;0.800652;298.44;295.94;5.311327;4.3;;94.2;0.940593;271.43;267.43;5.647667;5.3;;99.5;0.995951;256.71;240.68;4.9565;4.9;;97.9;0.979368;242.96;228.28;6.751239;6.6;;100.0;1.0;217.7;197.99;5.718451;5.7;;96.4;0.965502;251.66;238.72;7.107088;6.9;;91.4;0.912203;276.12;275.97;5.868167;5.4;;;;;;;;;;;;;;;;;;;;;;;;;;;;;
4;Sul;43;RS;Rio Grande do Sul;4320230;Sede Nova;122594.738;45338.29;112472.386;41594.82;157534.955;54794.77;82626.985;6573.134;36573.927;21613.384;147387.431;10147.524;Agricultura, inclusive apoio à agricultura e a pós colheita;Pecuária, inclusive apoio à pecuária;Administração, defesa, educação e saúde públicas e seguridade social;4;True;;;;;;;;;;;;;;;86.7;0.84965;228.51;230.49;4.316667;3.7;;88.1;0.863237;228.51;230.49;4.316667;3.7;;97.4;0.975637;235.04;227.81;6.591549;6.4;;97.4;0.975637;235.04;227.81;6.591549;6.4;;;;;;;;;;;;;;;;;;;;;;;;;;;;;;;;;;;;;;;;;;;
4;Sul;43;RS;Rio Grande do Sul;4320263;Segredo;181685.939;30235.64;131665.356;21911.36;163088.173;21847.04;81878.663;5048.92;29252.588;42350.273;158530.444;4557.729;Agricultura, inclusive apoio à agricultura e a pós colheita;Administração, defesa, educação e saúde públicas e seguridade social;Demais serviços;4;True;86.8;0.877356;282.88;289.66;4.998775;4.4;;86.8;0.877356;282.88;289.66;4.998775;4.4;;;;;;;;;;;;;;;;97.3;0.970022;248.75;221.61;6.740463;6.5;;;;;;;;;100.0;1.0;248.75;221.61;6.740463;6.7;;;;;;;;;;;;;;;;;;;;;;;;;;;;;;;;;;;;
4;Sul;43;RS;Rio Grande do Sul;4320305;Selbach;286809.651;56160.1;315596.889;61796.92;375174.279;73362.2;152709.713;39413.303;107103.167;33864.768;333090.95;42083.328;Agricultura, inclusive apoio à agricultura e a pós colheita;Comércio e reparação de veículos automotores e motocicletas;Demais serviços;6;True;87.5;0.870609;303.52;300.29;5.447795;4.7;;87.5;0.870609;303.52;300.29;5.447795;4.7;;85.7;0.845484;292.39;275.77;6.136;5.2;;;;;;;;;98.0;0.980106;229.55;227.69;6.484596;6.4;;;;;;;;;97.5;0.973178;229.55;227.69;6.484596;6.3;;84.7;0.837113;292.39;275.77;6.136;5.1;;;;;;;;;;;;;;;;;;;;;;;;;;;;;
4;Sul;43;RS;Rio Grande do Sul;4320321;Senador Salgado Filho;93393.407;34939.55;108602.993;40629.63;149059.603;53987.54;88835.578;4532.828;24903.191;24019.517;142291.114;6768.488;Agricultura, inclusive apoio à agricultura e a pós colheita;Pecuária, inclusive apoio à pecuária;Administração, defesa, educação e saúde públicas e seguridade social;4;True;92.6;0.922255;287.85;269.5;4.766782;4.4;;92.6;0.922255;287.85;269.5;4.766782;4.4;;89.3;0.881351;270.61;251.28;5.364833;4.7;;;;;;;;;;;;;;;;;;;;;;;;;;;;;;89.3;0.881351;270.61;251.28;5.364833;4.7;;;;;;;;;;;;;;;;;;;;;;;;;;;;;
4;Sul;43;RS;Rio Grande do Sul;4320354;Sentinela do Sul;179897.373;33904.52;150052.126;28279.71;136267.289;24182.31;50448.855;17886.253;25998.014;32851.995;127185.117;9082.172;Agricultura, inclusive apoio à agricultura e a pós colheita;Administração, defesa, educação e saúde públicas e seguridade social;Demais serviços;0;False;;;;;;;;;;;;;;;;;;;;;;;;;;;;;;;;;;;;;;;;;;;;;;;;;;;;;;;;;;;;;;;;;;;;;;;;;;;;;;;;;;;;
4;Sul;43;RS;Rio Grande do Sul;4320404;Serafina Corrêa;988516.381;58281.73;830136.314;48943.83;782302.678;43283.32;106448.374;174289.327;297530.844;111846.559;690115.105;92187.573;Demais serviços;Indústrias de transformação;Administração, defesa, educação e saúde públicas e seguridade social;6;True;;;;;;;;;;;;;;;97.8;0.977655;259.42;266.72;5.435667;5.3;;97.2;0.972021;251.79;264.45;5.270667;5.1;;99.1;0.99071;238.5;222.25;6.556489;6.5;;98.7;0.986407;240.88;220.56;6.571181;6.5;;100.0;1.0;233.19;225.99;6.523153;6.5;;98.8;0.988449;268.26;269.35;5.626833;5.6;;;;;;;;;;;;;;;;;;;;;;;;;;;;;
4;Sul;43;RS;Rio Grande do Sul;4320453;Sério;70328.654;36233.21;58837.614;30313.04;59571.578;31536.04;30779.538;2617.78;8229.629;15210.181;56837.128;2734.449;Pecuária, inclusive apoio à pecuária;Administração, defesa, educação e saúde públicas e seguridade social;Agricultura, inclusive apoio à agricultura e a pós colheita;4;True;97.0;0.972944;289.76;266.87;4.754237;4.6;;97.0;0.972944;289.76;266.87;4.754237;4.6;;89.3;0.889443;258.06;250.52;5.143;4.6;;;;;;;;;;;;;;;;;;;;;;;;;;;;;;89.3;0.889443;258.06;250.52;5.143;4.6;;;;;;;;;;;;;;;;;;;;;;;;;;;;;
4;Sul;43;RS;Rio Grande do Sul;4320503;Sertão;389513.968;70296.69;397349.286;71710.75;534503.189;102395.25;350091.923;29203.095;91282.861;43070.738;513648.617;20854.571;Agricultura, inclusive apoio à agricultura e a pós colheita;Demais serviços;Pecuária, inclusive apoio à pecuária;6;True;84.9;0.852987;268.47;273.55;4.55522;3.9;;;;;;;;;96.1;0.959503;261.3;253.2;5.241667;5.0;;95.1;0.948445;261.3;253.2;5.241667;5.0;;97.6;0.972961;231.28;225.56;6.478884;6.3;;97.5;0.966425;230.69;224.93;6.45617;6.2;;97.8;0.980371;232.68;227.05;6.532693;6.4;;;;;;;;;;;;;;;;;;;;;;;;;;;;;;;;;;;;
4;Sul;43;RS;Rio Grande do Sul;4320552;Sertão Santana;344570.747;58770.38;338546.653;57742.91;314767.751;47793.46;43701.001;58188.302;123081.007;40125.7;265096.01;49671.741;Comércio e reparação de veículos automotores e motocicletas;Demais serviços;Indústrias de transformação;7;True;90.1;0.898033;275.2;282.56;4.784623;4.3;;90.1;0.898033;275.2;282.56;4.784623;4.3;;88.8;0.887032;266.69;260.94;5.4605;4.8;;88.2;0.883652;274.51;277.73;5.870667;5.2;;93.3;0.933224;229.18;218.22;6.305353;5.9;;93.3;0.933224;229.18;218.22;6.305353;5.9;;;;;;;;;100.0;1.0;252.71;230.94;4.7275;4.7;;;;;;;;;;;;;;;;;;;;;;;;;;;;;
4;Sul;43;RS;Rio Grande do Sul;4320578;Sete de Setembro;77185.838;42178.05;61049.08;33360.15;105651.704;54713.47;66907.103;3978.256;13631.089;18323.111;102839.56;2812.144;Agricultura, inclusive apoio à agricultura e a pós colheita;Administração, defesa, educação e saúde públicas e seguridade social;Pecuária, inclusive apoio à pecuária;4;True;98.2;0.979528;268.34;276.62;4.599352;4.5;;98.2;0.979528;268.34;276.62;4.599352;4.5;;97.1;0.97957;261.69;266.45;5.469;5.4;;;;;;;;;;;;;;;;;;;;;;;;;;;;;;97.1;0.97957;261.69;266.45;5.469;5.4;;;;;;;;;;;;;;;;;;;;;;;;;;;;;
4;Sul;43;RS;Rio Grande do Sul;4320602;Severiano de Almeida;142412.486;41812.24;126366.102;37101.03;149413.809;41423.29;71165.059;7538.881;34215.9;28852.731;141772.57;7641.238;Pecuária, inclusive apoio à pecuária;Agricultura, inclusive apoio à agricultura e a pós colheita;Administração, defesa, educação e saúde públicas e seguridade social;6;True;98.8;0.988404;292.61;273.83;4.898457;4.8;;98.8;0.988404;292.61;273.83;4.898457;4.8;;99.4;0.99311;304.32;293.23;6.625833;6.6;;;;;;;;;100.0;1.0;286.48;261.75;8.190319;8.2;;;;;;;;;100.0;1.0;286.48;261.75;8.190319;8.2;;100.0;1.0;304.32;293.23;6.625833;6.6;;;;;;;;;;;;;;;;;;;;;;;;;;;;;
4;Sul;43;RS;Rio Grande do Sul;4320651;Silveira Martins;72204.098;35603.6;69071.012;32141.0;86630.915;36630.41;39602.366;4195.376;18826.102;19911.428;82535.272;4095.643;Agricultura, inclusive apoio à agricultura e a pós colheita;Administração, defesa, educação e saúde públicas e seguridade social;Demais serviços;0;False;;;;;;;;;;;;;;;;;;;;;;;;;;;;;;;;;;;;;;;;;;;;;;;;;;;;;;;;;;;;;;;;;;;;;;;;;;;;;;;;;;;;
4;Sul;43;RS;Rio Grande do Sul;4320677;Sinimbu;248267.158;29013.34;197556.993;23030.66;213481.977;21028.56;76341.432;9102.737;53608.171;63599.643;202651.983;10829.994;Administração, defesa, educação e saúde públicas e seguridade social;Agricultura, inclusive apoio à agricultura e a pós colheita;Demais serviços;6;True;93.6;0.938399;288.67;287.71;5.050904;4.7;;93.6;0.938399;288.67;287.71;5.050904;4.7;;86.3;0.853472;281.85;272.13;5.899667;5.0;;86.3;0.853472;281.85;272.13;5.899667;5.0;;93.6;0.932906;231.81;227.32;6.520999;6.1;;93.6;0.932906;231.81;227.32;6.520999;6.1;;;;;;;;;;;;;;;;;;;;;;;;;;;;;;;;;;;;;;;;;;;
4;Sul;43;RS;Rio Grande do Sul;4320701;Sobradinho;523240.067;36780.55;472339.869;33202.58;438643.874;29163.21;62844.922;35674.739;213708.802;84076.445;396304.909;42338.965;Demais serviços;Administração, defesa, educação e saúde públicas e seguridade social;Comércio e reparação de veículos automotores e motocicletas;8;True;86.0;0.89078;294.9;299.58;5.316099;4.7;;86.0;0.89078;294.9;299.58;5.316099;4.7;;94.0;0.940057;262.75;266.65;5.49;5.2;;92.0;0.920354;257.1;262.6;5.328333;4.9;;98.1;0.979634;236.3;221.45;6.499958;6.4;;98.0;0.976958;233.77;212.97;6.297494;6.2;;98.3;0.983282;240.84;236.65;6.862963;6.7;;96.7;0.966715;269.43;271.43;5.681;5.5;;;;;;;;;;;;;;;;;;;;;;;;;;;;;
4;Sul;43;RS;Rio Grande do Sul;4320800;Soledade;1312842.494;43774.55;1218857.85;40640.79;1405196.472;45231.16;383179.929;186754.309;519655.474;175955.228;1265544.94;139651.533;Agricultura, inclusive apoio à agricultura e a pós colheita;Demais serviços;Comércio e reparação de veículos automotores e motocicletas;8;True;76.8;0.816471;275.22;287.15;4.853616;4.0;;76.8;0.816471;275.22;287.15;4.853616;4.0;;91.1;0.911437;259.05;267.73;5.446333;5.0;;93.1;0.931647;243.37;263.63;5.116667;4.8;;97.6;0.974734;232.89;221.24;6.431064;6.3;;96.8;0.966345;230.79;217.53;6.323533;6.1;;98.0;0.979083;233.69;222.65;6.471967;6.3;;90.2;0.902492;263.65;268.92;5.542833;5.0;;;;;;;;;;;;;;;;;;;;;;;;;;;;;
4;Sul;43;RS;Rio Grande do Sul;4320859;Tabaí;176254.446;39510.08;157891.78;35393.81;142086.634;29503.04;67974.613;8287.984;25783.018;33340.941;135386.556;6700.078;Produção florestal, pesca e aquicultura;Administração, defesa, educação e saúde públicas e seguridade social;Demais serviços;6;True;88.9;0.908112;280.64;292.56;5.010728;4.6;;89.7;0.914572;280.64;292.56;5.010728;4.6;;87.0;0.867856;254.94;265.28;5.337;4.6;;;;;;;;;95.5;0.952896;256.67;257.98;7.552881;7.2;;;;;;;;;95.9;0.942118;256.67;257.98;7.552881;7.1;;84.8;0.844196;254.94;265.28;5.337;4.5;;;;;;;;;;;;;;;;;;;;;;;;;;;;;
4;Sul;43;RS;Rio Grande do Sul;4320909;Tapejara;1870496.881;76169.6;1690647.926;68845.87;1644547.577;65853.02;132150.019;592961.55;500711.333;143803.233;1369626.134;274921.443;Indústrias de transformação;Demais serviços;Administração, defesa, educação e saúde públicas e seguridade social;6;True;;;;;;;;;;;;;;;95.7;0.956835;268.85;269.47;5.638667;5.4;;97.5;0.974572;265.96;264.67;5.5105;5.4;;98.8;0.986871;246.5;226.03;6.777888;6.7;;99.0;0.98931;244.63;223.6;6.698019;6.6;;96.6;0.973158;256.56;239.12;7.207872;7.0;;88.1;0.879687;278.76;285.94;6.078333;5.3;;;;;;;;;;;;;;;;;;;;;;;;;;;;;
4;Sul;43;RS;Rio Grande do Sul;4321006;Tapera;584149.166;55150.03;588432.078;55554.39;640274.997;60580.47;147802.419;106202.422;234120.684;60780.938;548906.464;91368.533;Demais serviços;Agricultura, inclusive apoio à agricultura e a pós colheita;Comércio e reparação de veículos automotores e motocicletas;8;True;84.2;0.846482;287.51;295.96;5.158115;4.4;;84.2;0.846482;287.51;295.96;5.158115;4.4;;90.5;0.904056;276.08;278.72;5.913333;5.3;;86.0;0.865185;280.08;275.42;5.925;5.1;;98.7;0.985486;253.4;235.65;7.084476;7.0;;97.5;0.972294;241.9;221.74;6.612101;6.4;;99.6;0.996347;265.35;250.1;7.575257;7.5;;93.3;0.933622;275.1;279.52;5.910333;5.5;;;;;;;;;;;;;;;;;;;;;;;;;;;;;
4;Sul;43;RS;Rio Grande do Sul;4321105;Tapes;634090.285;43150.07;550849.587;37577.57;603914.039;34781.66;268829.564;50515.689;160665.623;93456.249;573467.125;30446.914;Agricultura, inclusive apoio à agricultura e a pós colheita;Demais serviços;Administração, defesa, educação e saúde públicas e seguridade social;8;True;75.5;0.75351;281.24;284.38;4.8967;3.7;;75.5;0.75351;281.24;284.38;4.8967;3.7;;83.5;0.83417;248.63;262.84;5.191167;4.3;;83.4;0.835496;253.98;267.67;5.360833;4.5;;92.5;0.928449;225.03;216.99;6.203791;5.8;;90.8;0.912127;235.87;226.65;6.586298;6.0;;95.1;0.951733;212.11;205.48;5.747954;5.5;;83.6;0.83226;245.63;260.14;5.096167;4.2;;;;;;;;;;;;;;;;;;;;;;;;;;;;;
4;Sul;43;RS;Rio Grande do Sul;4321204;Taquara;1815774.92;34105.46;1650287.676;30995.97;1568879.819;27171.46;31086.828;295705.462;778293.407;302818.917;1407904.614;160975.204;Demais serviços;Administração, defesa, educação e saúde públicas e seguridade social;Indústrias de transformação;9;True;81.8;0.849353;298.29;297.62;5.33437;4.5;;81.4;0.847488;294.86;294.95;5.246226;4.4;;94.5;0.944785;256.41;263.44;5.330833;5.0;;96.4;0.963735;259.25;264.99;5.404;5.2;;97.5;0.974483;223.28;215.46;6.142576;6.0;;99.1;0.991136;221.56;217.57;6.148115;6.1;;94.0;0.939285;225.64;212.55;6.134705;5.8;;89.5;0.89506;250.71;260.33;5.184;4.6;;78.9;0.792151;265.42;272.09;4.490527;3.6;;;;;;;;;;;;;;;;;;;;;;
4;Sul;43;RS;Rio Grande do Sul;4321303;Taquari;1123745.154;44596.6;1018376.162;40414.96;1094083.427;40661.67;104213.613;371987.309;330218.924;142458.649;948878.495;145204.933;Indústrias de transformação;Demais serviços;Administração, defesa, educação e saúde públicas e seguridade social;8;True;86.3;0.893352;271.0;283.56;4.740604;4.2;;86.3;0.893352;271.0;283.56;4.740604;4.2;;95.7;0.957343;261.73;261.95;5.394667;5.2;;91.8;0.914424;253.35;255.38;5.1455;4.7;;98.0;0.980066;225.61;212.14;6.126678;6.0;;95.8;0.959393;218.02;207.21;5.892194;5.7;;99.4;0.993764;230.73;215.47;6.284933;6.2;;97.5;0.975189;265.04;264.55;5.493167;5.4;;;;;;;;;;;;;;;;;;;;;;;;;;;;;
4;Sul;43;RS;Rio Grande do Sul;4321329;Taquaruçu do Sul;188337.259;60383.86;172597.589;55337.48;188857.718;61297.54;67474.049;7460.348;68915.43;24130.591;167980.419;20877.3;Pecuária, inclusive apoio à pecuária;Comércio e reparação de veículos automotores e motocicletas;Demais serviços;8;True;89.5;0.911849;276.23;288.97;4.895047;4.5;;89.5;0.911849;276.23;288.97;4.895047;4.5;;92.3;0.908632;282.18;281.94;6.068667;5.5;;94.7;0.948122;280.22;307.5;6.462;6.1;;99.0;0.989433;246.42;240.51;7.039634;7.0;;98.2;0.981286;224.49;232.44;6.474395;6.4;;100.0;1.0;266.26;247.81;7.550987;7.6;;90.0;0.866769;284.13;256.37;5.675;4.9;;;;;;;;;;;;;;;;;;;;;;;;;;;;;
4;Sul;43;RS;Rio Grande do Sul;4321352;Tavares;135924.272;26079.1;123164.918;23631.03;124254.218;22657.59;44680.537;3154.032;34251.891;35984.789;118071.249;6182.969;Administração, defesa, educação e saúde públicas e seguridade social;Agricultura, inclusive apoio à agricultura e a pós colheita;Demais serviços;6;True;;;;;;;;;;;;;;;94.5;0.94439;232.98;245.09;4.6345;4.4;;90.2;0.902928;206.6;223.61;3.836833;3.5;;97.7;0.976775;201.99;195.84;5.379551;5.3;;96.2;0.961822;200.05;187.51;5.191074;5.0;;100.0;1.0;204.23;205.51;5.598117;5.6;;97.6;0.977837;245.83;255.56;5.023167;4.9;;;;;;;;;;;;;;;;;;;;;;;;;;;;;
4;Sul;43;RS;Rio Grande do Sul;4321402;Tenente Portela;614913.536;42416.61;531864.45;36687.9;579215.207;43273.46;134995.934;37446.929;280478.816;77896.729;530818.408;48396.799;Demais serviços;Agricultura, inclusive apoio à agricultura e a pós colheita;Comércio e reparação de veículos automotores e motocicletas;8;True;77.9;0.798458;266.37;260.67;4.332911;3.5;;77.9;0.798458;266.37;260.67;4.332911;3.5;;91.5;0.912821;252.95;264.13;5.284667;4.8;;98.8;0.987445;248.33;264.33;5.211;5.1;;96.4;0.964522;226.39;217.92;6.246654;6.0;;99.3;0.992957;220.44;216.41;6.10565;6.1;;92.4;0.925815;230.43;218.94;6.342299;5.9;;86.0;0.858065;255.54;264.02;5.326;4.6;;;;;;;;;;;;;;;;;;;;;;;;;;;;;
4;Sul;43;RS;Rio Grande do Sul;4321436;Terra de Areia;342570.174;33149.81;317410.135;30858.46;291340.236;25729.95;20329.306;21543.05;146486.854;69434.949;257794.159;33546.077;Demais serviços;Administração, defesa, educação e saúde públicas e seguridade social;Comércio e reparação de veículos automotores e motocicletas;8;True;78.0;0.79374;288.38;299.78;5.22752;4.1;;78.0;0.79374;288.38;299.78;5.22752;4.1;;82.6;0.829434;262.13;269.1;5.5205;4.6;;80.1;0.807372;266.45;269.11;5.592667;4.5;;91.7;0.913997;227.76;222.1;6.348799;5.8;;91.4;0.911715;221.27;218.46;6.158763;5.6;;92.6;0.913995;244.39;231.44;6.835984;6.2;;86.9;0.865978;256.51;269.08;5.4265;4.7;;;;;;;;;;;;;;;;;;;;;;;;;;;;;
4;Sul;43;RS;Rio Grande do Sul;4321451;Teutônia;2003350.793;61083.35;1779423.438;54255.68;1576010.97;45981.36;117910.11;445990.55;584228.101;206825.495;1354954.256;221056.714;Indústrias de transformação;Demais serviços;Administração, defesa, educação e saúde públicas e seguridade social;8;True;84.1;0.849659;292.75;285.77;5.079166;4.3;;84.1;0.849659;292.75;285.77;5.079166;4.3;;92.0;0.920109;273.93;270.92;5.7475;5.3;;92.7;0.928862;271.93;268.24;5.6695;5.3;;97.1;0.971119;243.51;229.49;6.783736;6.6;;96.9;0.969421;240.87;227.68;6.700445;6.5;;97.9;0.979197;253.55;236.33;7.099702;7.0;;90.0;0.897956;278.07;276.5;5.9095;5.3;;;;;;;;;;;;;;;;;;;;;;;;;;;;;
4;Sul;43;RS;Rio Grande do Sul;4321469;Tio Hugo;173558.886;53124.85;186236.254;57005.28;174783.916;56784.9;65148.734;14830.131;51230.212;27019.331;158228.408;16555.508;Agricultura, inclusive apoio à agricultura e a pós colheita;Administração, defesa, educação e saúde públicas e seguridade social;Demais serviços;6;True;88.6;0.915888;290.77;293.87;5.172614;4.7;;88.6;0.915888;290.77;293.87;5.172614;4.7;;97.7;0.977244;252.19;267.34;5.3255;5.2;;97.7;0.977244;252.19;267.34;5.3255;5.2;;98.6;0.98649;260.93;243.54;7.371633;7.3;;98.6;0.98649;260.93;243.54;7.371633;7.3;;;;;;;;;;;;;;;;;;;;;;;;;;;;;;;;;;;;;;;;;;;
4;Sul;43;RS;Rio Grande do Sul;4321477;Tiradentes do Sul;162975.258;31775.25;156601.07;30532.48;196242.688;35474.09;87340.314;6524.199;52623.632;35128.842;181616.986;14625.702;Agricultura, inclusive apoio à agricultura e a pós colheita;Administração, defesa, educação e saúde públicas e seguridade social;Pecuária, inclusive apoio à pecuária;6;True;90.8;0.910877;300.89;286.65;5.206665;4.7;;90.8;0.910877;300.89;286.65;5.206665;4.7;;94.6;0.944083;290.26;273.69;6.065833;5.7;;;;;;;;;97.9;0.980865;230.43;230.01;6.543572;6.4;;;;;;;;;97.1;0.973277;230.43;230.01;6.543572;6.4;;94.4;0.940027;290.26;273.69;6.065833;5.7;;;;;;;;;;;;;;;;;;;;;;;;;;;;;
4;Sul;43;RS;Rio Grande do Sul;4321493;Toropi;82303.849;32225.47;75078.123;29396.29;101333.696;36808.46;45506.274;2255.42;26656.343;21301.186;95719.222;5614.474;Agricultura, inclusive apoio à agricultura e a pós colheita;Administração, defesa, educação e saúde públicas e seguridade social;Pecuária, inclusive apoio à pecuária;4;True;90.7;0.891623;300.33;289.89;5.247303;4.7;;90.7;0.891623;300.33;289.89;5.247303;4.7;;96.2;0.964595;250.33;275.82;5.435833;5.2;;;;;;;;;;;;;;;;;;;;;;;;;;;;;;96.2;0.964595;250.33;275.82;5.435833;5.2;;;;;;;;;;;;;;;;;;;;;;;;;;;;;
4;Sul;43;RS;Rio Grande do Sul;4321501;Torres;1835529.325;43963.72;1544810.07;37000.55;1382106.936;35095.78;49869.375;169906.228;796069.465;252181.737;1268026.805;114080.131;Demais serviços;Administração, defesa, educação e saúde públicas e seguridade social;Comércio e reparação de veículos automotores e motocicletas;8;True;84.6;0.882315;286.77;290.93;5.072422;4.5;;84.6;0.882315;286.77;290.93;5.072422;4.5;;93.5;0.934662;259.13;265.44;5.4095;5.1;;92.6;0.925605;252.6;254.11;5.111833;4.7;;97.0;0.968269;237.94;228.26;6.655074;6.4;;97.0;0.967886;226.3;219.05;6.265482;6.1;;96.9;0.968293;245.92;234.57;6.922092;6.7;;94.2;0.941916;262.08;270.55;5.543833;5.2;;;;;;;;;;;;;;;;;;;;;;;;;;;;;
4;Sul;43;RS;Rio Grande do Sul;4321600;Tramandaí;1579725.122;29046.01;1329518.584;24445.52;1234555.638;23072.79;16772.655;113567.441;671816.577;334146.48;1136303.153;98252.485;Demais serviços;Administração, defesa, educação e saúde públicas e seguridade social;Comércio e reparação de veículos automotores e motocicletas;8;True;80.3;0.84453;281.04;291.28;4.997184;4.2;;80.3;0.84453;281.04;291.28;4.997184;4.2;;90.7;0.909641;262.5;268.41;5.515167;5.0;;89.1;0.896162;264.12;269.02;5.552333;5.0;;93.8;0.936329;219.52;207.99;5.935002;5.6;;92.7;0.925097;215.74;205.14;5.811046;5.4;;98.9;0.989057;237.66;221.67;6.529913;6.5;;95.1;0.950708;259.59;267.32;5.4485;5.2;;;;;;;;;;;;;;;;;;;;;;;;;;;;;
4;Sul;43;RS;Rio Grande do Sul;4321626;Travesseiro;86077.838;39999.0;75525.521;35095.5;78087.622;33499.62;38219.19;12164.044;7632.112;17121.093;75136.439;2951.183;Pecuária, inclusive apoio à pecuária;Administração, defesa, educação e saúde públicas e seguridade social;Indústrias de transformação;6;True;100.0;1.0;309.92;302.09;5.564629;5.6;;100.0;1.0;309.92;302.09;5.564629;5.6;;98.6;0.987552;303.04;284.67;6.461833;6.4;;;;;;;;;100.0;1.0;261.46;238.58;7.291566;7.3;;100.0;1.0;261.46;238.58;7.291566;7.3;;;;;;;;;98.0;0.983471;303.04;284.67;6.461833;6.4;;;;;;;;;;;;;;;;;;;;;;;;;;;;;
4;Sul;43;RS;Rio Grande do Sul;4321634;Três Arroios;134290.645;51829.66;122485.371;47273.4;141196.66;53891.85;58789.558;11256.706;37427.248;20557.016;128030.529;13166.131;Agricultura, inclusive apoio à agricultura e a pós colheita;Pecuária, inclusive apoio à pecuária;Demais serviços;6;True;100.0;1.0;304.44;297.42;5.417752;5.4;;100.0;1.0;304.44;297.42;5.417752;5.4;;100.0;1.0;276.56;284.21;6.012833;6.0;;;;;;;;;100.0;1.0;265.99;238.81;7.382198;7.4;;100.0;1.0;265.99;238.81;7.382198;7.4;;;;;;;;;100.0;1.0;276.56;284.21;6.012833;6.0;;;;;;;;;;;;;;;;;;;;;;;;;;;;;
4;Sul;43;RS;Rio Grande do Sul;4321667;Três Cachoeiras;372783.278;34006.87;337653.886;30802.22;308569.617;27614.96;29246.461;27495.461;151156.97;62880.52;270779.411;37790.206;Demais serviços;Administração, defesa, educação e saúde públicas e seguridade social;Comércio e reparação de veículos automotores e motocicletas;8;True;87.5;0.902305;298.46;297.61;5.336608;4.8;;87.5;0.902305;298.46;297.61;5.336608;4.8;;93.9;0.937332;269.63;268.57;5.636667;5.3;;95.2;0.952139;262.39;257.93;5.338667;5.1;;96.8;0.966239;240.94;219.42;6.551599;6.3;;96.3;0.962774;243.93;228.26;6.769387;6.5;;97.3;0.970531;237.74;209.97;6.318712;6.1;;92.7;0.924033;274.9;276.3;5.853333;5.4;;;;;;;;;;;;;;;;;;;;;;;;;;;;;
4;Sul;43;RS;Rio Grande do Sul;4321709;Três Coroas;1046073.454;43732.17;940955.385;38524.27;805149.122;27813.64;11290.74;290944.891;256719.904;152963.705;711919.24;93229.882;Indústrias de transformação;Demais serviços;Administração, defesa, educação e saúde públicas e seguridade social;4;True;;;;;;;;;;;;;;;93.5;0.935159;270.61;265.15;5.596;5.2;;93.5;0.935159;270.61;265.15;5.596;5.2;;96.6;0.966011;238.11;222.15;6.547228;6.3;;96.6;0.966011;238.11;222.15;6.547228;6.3;;;;;;;;;;;;;;;;;;;;;;;;;;;;;;;;;;;;;;;;;;;
4;Sul;43;RS;Rio Grande do Sul;4321808;Três de Maio;1525082.331;61208.96;1382580.442;55489.66;1353675.659;56767.41;218441.635;179925.973;625864.141;141468.917;1165700.666;187974.993;Demais serviços;Comércio e reparação de veículos automotores e motocicletas;Agricultura, inclusive apoio à agricultura e a pós colheita;8;True;80.8;0.83851;286.72;294.28;5.12187;4.3;;80.8;0.83851;286.72;294.28;5.12187;4.3;;89.5;0.894354;266.48;262.74;5.487;4.9;;89.6;0.896881;270.57;261.39;5.532667;5.0;;98.5;0.985674;239.7;225.09;6.631026;6.5;;99.1;0.990975;242.06;226.13;6.694973;6.6;;97.1;0.972302;233.46;222.36;6.462305;6.3;;89.4;0.8943;262.1;264.17;5.437833;4.9;;;;;;;;;;;;;;;;;;;;;;;;;;;;;
4;Sul;43;RS;Rio Grande do Sul;4321832;Três Forquilhas;79196.797;28694.49;65535.117;23744.61;64219.229;24297.85;25510.45;3099.566;11674.073;21559.529;61843.618;2375.612;Agricultura, inclusive apoio à agricultura e a pós colheita;Administração, defesa, educação e saúde públicas e seguridade social;Demais serviços;6;True;88.3;0.891853;295.01;301.14;5.340997;4.8;;88.3;0.891853;295.01;301.14;5.340997;4.8;;85.2;0.852311;260.89;266.23;5.452;4.6;;;;;;;;;94.9;0.947785;234.79;222.89;6.497323;6.2;;;;;;;;;93.3;0.928679;234.79;222.89;6.497323;6.0;;97.8;0.978014;260.89;266.23;5.452;5.3;;;;;;;;;;;;;;;;;;;;;;;;;;;;;
4;Sul;43;RS;Rio Grande do Sul;4321857;Três Palmeiras;165900.513;35178.23;167220.606;35458.14;178529.898;42185.7;68917.6;11505.261;54087.971;28923.032;163433.864;15096.034;Agricultura, inclusive apoio à agricultura e a pós colheita;Administração, defesa, educação e saúde públicas e seguridade social;Demais serviços;8;True;92.9;0.929319;268.25;269.87;4.49704;4.2;;92.9;0.929319;268.25;269.87;4.49704;4.2;;97.4;0.973783;244.31;239.42;4.728833;4.6;;98.1;0.980542;252.59;246.81;4.99;4.9;;100.0;1.0;238.77;228.66;6.678187;6.7;;100.0;1.0;236.83;225.72;6.587709;6.6;;100.0;1.0;242.54;234.35;6.853588;6.9;;94.7;0.967033;235.69;231.73;4.457;4.3;;;;;;;;;;;;;;;;;;;;;;;;;;;;;
4;Sul;43;RS;Rio Grande do Sul;4321907;Três Passos;1228031.658;48279.28;1042890.605;41000.57;1033033.997;43406.61;165137.732;164113.709;444842.215;152401.702;926495.358;106538.639;Demais serviços;Administração, defesa, educação e saúde públicas e seguridade social;Comércio e reparação de veículos automotores e motocicletas;8;True;79.0;0.835178;296.98;307.1;5.457887;4.6;;79.0;0.835178;296.98;307.1;5.457887;4.6;;88.7;0.884;274.02;270.74;5.746;5.1;;92.4;0.921912;282.3;275.5;5.963333;5.5;;98.6;0.985459;237.33;225.33;6.59016;6.5;;98.4;0.983205;236.57;224.3;6.556929;6.4;;99.5;0.996553;240.51;229.68;6.729938;6.7;;83.6;0.830781;266.78;266.58;5.556;4.6;;;;;;;;;;;;;;;;;;;;;;;;;;;;;
4;Sul;43;RS;Rio Grande do Sul;4321956;Trindade do Sul;403530.887;53405.36;350215.514;46349.33;351370.562;60780.24;107355.752;86868.08;83911.474;39985.952;318121.258;33249.305;Agricultura, inclusive apoio à agricultura e a pós colheita;Demais serviços;Indústrias de transformação;5;True;;;;;;;;;;;;;;;97.3;0.971091;249.55;263.23;5.213;5.1;;97.0;0.968104;251.78;262.77;5.2425;5.1;;99.4;0.993925;215.27;210.48;5.899168;5.9;;99.5;0.994144;218.97;213.47;6.024142;6.0;;99.4;0.994272;208.47;204.98;5.669397;5.6;;;;;;;;;;;;;;;;;;;;;;;;;;;;;;;;;;;;
4;Sul;43;RS;Rio Grande do Sul;4322004;Triunfo;7571335.466;275341.31;8100072.988;294569.53;12982403.916;430465.33;186213.314;7196781.409;2420609.341;318807.316;10122411.38;2859992.536;Indústrias de transformação;Demais serviços;Administração, defesa, educação e saúde públicas e seguridade social;9;True;73.9;0.741626;251.29;254.95;4.035485;3.0;;81.7;0.825314;273.7;280.95;4.739454;3.9;;93.9;0.939378;264.61;265.41;5.500333;5.2;;95.1;0.951401;273.74;268.36;5.701667;5.4;;95.8;0.958627;238.91;223.83;6.59304;6.3;;95.7;0.957546;242.16;226.57;6.704881;6.4;;96.0;0.960104;229.71;216.08;6.276559;6.0;;91.5;0.913463;242.63;258.33;5.016;4.6;;85.7;0.865879;284.83;293.87;5.089187;4.4;;;;;;;;;;;;;;;;;;;;;;
4;Sul;43;RS;Rio Grande do Sul;4322103;Tucunduva;231162.492;41711.02;231815.629;41828.88;259331.502;46210.18;91247.855;10975.604;99462.355;36499.908;238185.723;21145.78;Agricultura, inclusive apoio à agricultura e a pós colheita;Demais serviços;Comércio e reparação de veículos automotores e motocicletas;7;True;90.2;0.915042;310.79;311.65;5.719961;5.2;;90.2;0.915042;310.79;311.65;5.719961;5.2;;95.2;0.952506;279.64;280.86;6.008333;5.7;;;;;;;;;98.0;0.979656;235.8;228.97;6.627144;6.5;;93.3;0.935654;194.64;195.39;5.231102;4.9;;100.0;1.0;248.15;239.04;7.045922;7.0;;95.8;0.958682;281.22;286.56;6.129667;5.9;;;;;;;;;;;;;;;;;;;;;;;;;;;;;
4;Sul;43;RS;Rio Grande do Sul;4322152;Tunas;94250.377;25604.56;94230.047;25599.03;120844.574;26356.5;61120.498;3007.547;22614.328;28372.561;115114.934;5729.641;Agricultura, inclusive apoio à agricultura e a pós colheita;Administração, defesa, educação e saúde públicas e seguridade social;Demais serviços;3;True;;;;;;;;;;;;;;;97.2;0.970035;250.16;255.71;5.097833;4.9;;;;;;;;;;;;;;;;;;;;;;;100.0;1.0;227.29;239.97;6.664739;6.7;;93.7;0.935572;267.77;271.83;5.66;5.3;;;;;;;;;;;;;;;;;;;;;;;;;;;;;
4;Sul;43;RS;Rio Grande do Sul;4322186;Tupanci do Sul;79798.196;58077.29;69335.288;50462.36;94727.582;65464.81;56293.544;3613.954;16289.67;15370.703;91567.87;3159.711;Agricultura, inclusive apoio à agricultura e a pós colheita;Administração, defesa, educação e saúde públicas e seguridade social;Demais serviços;6;True;100.0;1.0;292.94;301.26;5.31372;5.3;;100.0;1.0;292.94;301.26;5.31372;5.3;;98.4;0.989691;311.87;292.98;6.7475;6.7;;;;;;;;;100.0;1.0;239.26;245.52;6.994083;7.0;;100.0;1.0;239.26;245.52;6.994083;7.0;;;;;;;;;96.0;0.96;311.87;292.98;6.7475;6.5;;;;;;;;;;;;;;;;;;;;;;;;;;;;;
4;Sul;43;RS;Rio Grande do Sul;4322202;Tupanciretã;1275253.921;63746.76;1376718.571;68818.72;2052014.726;84857.11;1096641.338;62815.191;597036.96;149535.624;1906029.114;145985.613;Agricultura, inclusive apoio à agricultura e a pós colheita;Demais serviços;Comércio e reparação de veículos automotores e motocicletas;8;True;75.6;0.801497;268.57;276.31;4.597942;3.7;;75.6;0.801497;268.57;276.31;4.597942;3.7;;85.2;0.850374;248.04;249.77;4.9635;4.2;;86.6;0.866286;256.89;256.59;5.224667;4.5;;94.4;0.943677;230.01;220.11;6.355557;6.0;;95.1;0.950533;230.51;219.79;6.35928;6.0;;93.4;0.931702;229.21;220.63;6.349744;5.9;;83.3;0.830064;240.61;244.04;4.744167;3.9;;;;;;;;;;;;;;;;;;;;;;;;;;;;;
4;Sul;43;RS;Rio Grande do Sul;4322251;Tupandi;604244.088;120151.94;492125.819;97857.59;533593.469;106314.7;60507.327;294613.129;79559.211;36281.713;470961.379;62632.09;Indústrias de transformação;Demais serviços;Pecuária, inclusive apoio à pecuária;6;True;82.0;0.804561;314.5;310.79;5.759194;4.6;;82.0;0.804561;314.5;310.79;5.759194;4.6;;86.1;0.864497;300.06;281.93;6.3665;5.5;;86.1;0.864497;300.06;281.93;6.3665;5.5;;97.8;0.975527;260.24;251.75;7.507738;7.3;;97.8;0.975527;260.24;251.75;7.507738;7.3;;;;;;;;;;;;;;;;;;;;;;;;;;;;;;;;;;;;;;;;;;;
4;Sul;43;RS;Rio Grande do Sul;4322301;Tuparendi;375005.554;44841.03;337679.968;40377.85;383534.613;49616.38;141235.053;34282.03;129732.117;46879.154;352128.354;31406.259;Agricultura, inclusive apoio à agricultura e a pós colheita;Demais serviços;Comércio e reparação de veículos automotores e motocicletas;6;True;80.9;0.806094;281.04;293.02;5.023232;4.0;;80.9;0.806094;281.04;293.02;5.023232;4.0;;88.3;0.882717;245.24;250.77;4.9335;4.4;;;;;;;;;99.2;0.992374;232.92;215.06;6.319273;6.3;;99.4;0.994481;232.92;215.06;6.319273;6.3;;;;;;;;;88.3;0.882717;245.24;250.77;4.9335;4.4;;;;;;;;;;;;;;;;;;;;;;;;;;;;;
4;Sul;43;RS;Rio Grande do Sul;4322327;Turuçu;161326.001;47185.14;155552.66;45496.54;163727.492;48042.1;87414.153;5125.934;34060.915;29206.888;155807.89;7919.602;Agricultura, inclusive apoio à agricultura e a pós colheita;Administração, defesa, educação e saúde públicas e seguridade social;Demais serviços;6;True;88.8;0.872385;288.16;283.3;4.977723;4.3;;88.8;0.872385;288.16;283.3;4.977723;4.3;;94.2;0.945077;252.13;245.14;4.9545;4.7;;94.2;0.945077;252.13;245.14;4.9545;4.7;;95.6;0.955284;233.8;229.09;6.591158;6.3;;95.6;0.955284;233.8;229.09;6.591158;6.3;;;;;;;;;;;;;;;;;;;;;;;;;;;;;;;;;;;;;;;;;;;
4;Sul;43;RS;Rio Grande do Sul;4322343;Ubiretama;73526.022;36873.63;66301.422;33250.46;110732.498;56727.71;69554.07;1771.403;17369.711;18172.396;106867.58;3864.917;Pecuária, inclusive apoio à pecuária;Agricultura, inclusive apoio à agricultura e a pós colheita;Administração, defesa, educação e saúde públicas e seguridade social;6;True;93.8;0.931822;277.52;268.53;4.607177;4.3;;93.8;0.931822;277.52;268.53;4.607177;4.3;;81.8;0.818578;277.76;268.09;5.764167;4.7;;;;;;;;;100.0;1.0;271.12;250.88;7.699553;7.7;;;;;;;;;100.0;1.0;271.12;250.88;7.699553;7.7;;81.8;0.818578;277.76;268.09;5.764167;4.7;;;;;;;;;;;;;;;;;;;;;;;;;;;;;
4;Sul;43;RS;Rio Grande do Sul;4322350;União da Serra;64312.655;54968.08;61154.299;52268.63;91173.884;84108.75;62755.022;2766.274;10011.272;13320.518;88853.086;2320.798;Agricultura, inclusive apoio à agricultura e a pós colheita;Pecuária, inclusive apoio à pecuária;Administração, defesa, educação e saúde públicas e seguridade social;2;True;;;;;;;;;;;;;;;;;;;;;;;;;;;;;100.0;1.0;251.89;219.12;6.755114;6.8;;;;;;;;;100.0;1.0;251.89;219.12;6.755114;6.8;;;;;;;;;;;;;;;;;;;;;;;;;;;;;;;;;;;;
4;Sul;43;RS;Rio Grande do Sul;4322376;Unistalda;71038.009;35608.02;72706.03;36444.13;149067.231;64643.21;101856.028;3867.224;19725.51;20395.344;145844.106;3223.125;Agricultura, inclusive apoio à agricultura e a pós colheita;Pecuária, inclusive apoio à pecuária;Administração, defesa, educação e saúde públicas e seguridade social;4;True;;;;;;;;;;;;;;;98.3;0.981132;243.86;245.97;4.8305;4.7;;;;;;;;;96.8;0.967229;259.01;253.54;7.51681;7.3;;;;;;;;;94.7;0.952329;259.01;253.54;7.51681;7.2;;98.6;0.983744;243.86;245.97;4.8305;4.8;;;;;;;;;;;;;;;;;;;;;;;;;;;;;
4;Sul;43;RS;Rio Grande do Sul;4322400;Uruguaiana;3915554.297;33406.32;3458296.287;29505.13;3717112.957;29322.63;927382.448;310419.648;1454888.981;723940.474;3416631.552;300481.405;Demais serviços;Agricultura, inclusive apoio à agricultura e a pós colheita;Administração, defesa, educação e saúde públicas e seguridade social;8;True;77.6;0.777201;257.23;270.4;4.350199;3.4;;78.0;0.781586;259.16;273.26;4.42012;3.5;;92.8;0.927646;238.42;247.37;4.763167;4.4;;94.9;0.948612;239.1;247.67;4.7795;4.5;;96.7;0.966631;205.19;200.32;5.522074;5.3;;96.7;0.965896;205.47;201.82;5.55469;5.4;;96.7;0.967119;204.89;198.67;5.486349;5.3;;90.7;0.906687;237.82;247.1;4.748667;4.3;;;;;;;;;;;;;;;;;;;;;;;;;;;;;
4;Sul;43;RS;Rio Grande do Sul;4322509;Vacaria;3701332.67;57655.85;3123584.676;48663.82;3245679.024;48503.78;882933.948;326464.691;1287635.487;399044.072;2896078.198;349600.826;Demais serviços;Agricultura, inclusive apoio à agricultura e a pós colheita;Comércio e reparação de veículos automotores e motocicletas;8;True;75.9;0.812052;278.89;289.61;4.941988;4.0;;77.3;0.810673;286.43;294.81;5.125731;4.2;;90.5;0.906156;258.13;263.08;5.3535;4.9;;88.9;0.891292;250.72;254.94;5.094333;4.5;;97.2;0.97148;222.34;214.6;6.109001;5.9;;96.0;0.958249;212.62;204.67;5.742959;5.5;;99.1;0.991101;232.89;225.39;6.506518;6.4;;92.0;0.920351;263.2;268.66;5.531;5.1;;;;;;;;;;;;;;;;;;;;;;;;;;;;;
4;Sul;43;RS;Rio Grande do Sul;4322525;Vale Verde;156860.172;49796.88;124468.303;39513.75;130452.824;36945.01;66470.422;8980.794;22445.099;26665.927;124562.243;5890.582;Agricultura, inclusive apoio à agricultura e a pós colheita;Administração, defesa, educação e saúde públicas e seguridade social;Demais serviços;4;True;;;;;;;;;;;;;;;100.0;1.0;260.21;249.34;5.159167;5.2;;;;;;;;;99.5;0.994481;220.9;218.15;6.146065;6.1;;99.5;0.994481;220.9;218.15;6.146065;6.1;;;;;;;;;100.0;1.0;260.21;249.34;5.159167;5.2;;;;;;;;;;;;;;;;;;;;;;;;;;;;;
4;Sul;43;RS;Rio Grande do Sul;4322533;Vale do Sol;380488.696;38425.44;308990.182;32129.58;272714.173;22969.27;111974.674;12127.078;64925.161;69322.52;258349.433;14364.74;Agricultura, inclusive apoio à agricultura e a pós colheita;Administração, defesa, educação e saúde públicas e seguridade social;Demais serviços;8;True;72.8;0.739963;292.66;293.09;5.187482;3.8;;72.8;0.739963;292.66;293.09;5.187482;3.8;;83.6;0.83603;267.21;256.14;5.389167;4.5;;82.6;0.828424;232.53;225.48;4.300167;3.6;;94.3;0.945636;238.64;224.46;6.599342;6.2;;91.7;0.925711;219.22;198.91;5.764186;5.3;;98.4;0.98268;248.74;237.75;7.033727;6.9;;84.8;0.847861;285.07;271.93;5.95;5.0;;;;;;;;;;;;;;;;;;;;;;;;;;;;;
4;Sul;43;RS;Rio Grande do Sul;4322541;Vale Real;298091.166;49206.2;236643.297;39062.94;198293.989;32797.55;28472.43;60633.729;50655.298;37393.089;177154.546;21139.443;Indústrias de transformação;Demais serviços;Administração, defesa, educação e saúde públicas e seguridade social;8;True;86.2;0.83787;321.45;303.92;5.753962;4.8;;86.2;0.83787;321.45;303.92;5.753962;4.8;;81.0;0.809271;284.61;282.68;6.1215;5.0;;84.5;0.815492;283.81;281.33;6.085667;5.0;;90.6;0.903727;242.2;222.69;6.635099;6.0;;90.2;0.902965;237.88;219.47;6.494111;5.9;;91.8;0.908959;254.6;231.96;7.040286;6.4;;78.8;0.775736;285.17;283.65;6.147;4.8;;;;;;;;;;;;;;;;;;;;;;;;;;;;;
4;Sul;43;RS;Rio Grande do Sul;4322558;Vanini;81723.911;40780.39;66961.193;33413.77;94776.466;44495.99;50984.034;4063.268;17746.724;18958.6;91752.627;3023.839;Pecuária, inclusive apoio à pecuária;Agricultura, inclusive apoio à agricultura e a pós colheita;Administração, defesa, educação e saúde públicas e seguridade social;4;True;100.0;1.0;320.04;313.39;5.875925;5.9;;100.0;1.0;320.04;313.39;5.875925;5.9;;;;;;;;;;;;;;;;97.8;0.977454;246.03;238.6;6.997464;6.8;;97.8;0.977454;246.03;238.6;6.997464;6.8;;;;;;;;;;;;;;;;;;;;;;;;;;;;;;;;;;;;;;;;;;;
4;Sul;43;RS;Rio Grande do Sul;4322608;Venâncio Aires;4683133.717;68105.43;3876144.523;56459.94;3732042.12;51566.77;279545.632;1116190.358;1374332.87;404102.865;3174171.725;557870.395;Demais serviços;Indústrias de transformação;Administração, defesa, educação e saúde públicas e seguridade social;8;True;88.2;0.884534;291.16;299.04;5.255487;4.6;;89.9;0.922146;297.63;302.88;5.403843;5.0;;93.6;0.93608;274.07;271.68;5.7625;5.4;;92.1;0.921982;279.8;270.85;5.844167;5.4;;97.6;0.976171;244.01;229.93;6.801278;6.6;;95.8;0.957726;245.57;230.16;6.83523;6.5;;99.4;0.993975;242.45;229.7;6.767325;6.7;;94.6;0.945621;270.54;272.19;5.712167;5.4;;;;;;;;;;;;;;;;;;;;;;;;;;;;;
4;Sul;43;RS;Rio Grande do Sul;4322707;Vera Cruz;1126736.42;42177.75;879951.983;32944.66;826721.756;30255.14;78996.215;126283.705;336223.547;167608.758;709112.225;117609.531;Demais serviços;Administração, defesa, educação e saúde públicas e seguridade social;Comércio e reparação de veículos automotores e motocicletas;8;True;81.5;0.822358;286.54;293.76;5.111557;4.2;;81.5;0.822358;286.54;293.76;5.111557;4.2;;90.4;0.903121;264.24;266.53;5.512833;5.0;;86.4;0.859207;244.19;244.99;4.819667;4.1;;95.1;0.951238;242.0;227.61;6.720737;6.4;;94.2;0.941889;232.72;222.32;6.447456;6.1;;98.6;0.983995;260.71;238.3;7.272162;7.2;;95.1;0.949712;276.86;280.09;5.949167;5.6;;;;;;;;;;;;;;;;;;;;;;;;;;;;;
4;Sul;43;RS;Rio Grande do Sul;4322806;Veranópolis;2395417.386;99721.8;2153389.185;89646.11;1738705.951;64845.63;63959.129;702405.703;530389.046;145984.784;1442738.663;295967.288;Indústrias de transformação;Demais serviços;Administração, defesa, educação e saúde públicas e seguridade social;7;True;61.7;0.635503;291.15;295.45;5.201604;3.3;;71.1;0.733396;295.76;298.36;5.309914;3.9;;94.2;0.94411;291.03;286.75;6.296333;5.9;;94.2;0.94335;291.03;286.75;6.296333;5.9;;97.7;0.97685;243.2;227.86;6.748183;6.6;;97.7;0.97685;243.2;227.86;6.748183;6.6;;;;;;;;;;;;;;;;;;;;;;;99.1;0.983471;310.64;307.75;5.659472;5.6;;;;;;;;;;;;;;;
4;Sul;43;RS;Rio Grande do Sul;4322855;Vespasiano Corrêa;104348.308;57397.31;96634.599;53154.34;119439.667;67252.06;72325.652;5844.34;18754.106;16129.957;113054.056;6385.611;Pecuária, inclusive apoio à pecuária;Agricultura, inclusive apoio à agricultura e a pós colheita;Administração, defesa, educação e saúde públicas e seguridade social;6;True;92.3;0.918708;284.2;271.18;4.740668;4.4;;92.3;0.918708;284.2;271.18;4.740668;4.4;;90.4;0.917245;278.17;258.38;5.609167;5.1;;;;;;;;;97.4;0.97394;234.08;214.98;6.339956;6.2;;97.4;0.97394;234.08;214.98;6.339956;6.2;;;;;;;;;90.4;0.917245;278.17;258.38;5.609167;5.1;;;;;;;;;;;;;;;;;;;;;;;;;;;;;
4;Sul;43;RS;Rio Grande do Sul;4322905;Viadutos;191223.343;40122.4;180272.986;37801.0;204581.595;44205.18;108403.783;10095.647;48724.99;29302.451;196526.871;8054.723;Agricultura, inclusive apoio à agricultura e a pós colheita;Demais serviços;Administração, defesa, educação e saúde públicas e seguridade social;6;True;;;;;;;;;;;;;;;97.3;0.974316;269.9;266.92;5.613667;5.5;;98.9;0.990221;290.86;278.16;6.150333;6.1;;100.0;1.0;244.28;226.54;6.744794;6.7;;100.0;1.0;255.36;233.07;7.074972;7.1;;100.0;1.0;214.05;208.72;5.843885;5.8;;95.0;0.95519;245.63;253.91;4.992333;4.8;;;;;;;;;;;;;;;;;;;;;;;;;;;;;
4;Sul;43;RS;Rio Grande do Sul;4323002;Viamão;5545183.665;24741.59;4647664.1;20737.76;4335081.083;16846.39;239232.644;682027.996;1744921.007;1286877.964;3953059.611;382021.472;Demais serviços;Administração, defesa, educação e saúde públicas e seguridade social;Indústrias de transformação;8;True;75.9;0.812367;257.28;267.42;4.306291;3.5;;76.2;0.800183;258.38;268.6;4.339405;3.5;;87.6;0.87659;241.46;251.18;4.877333;4.3;;88.1;0.882637;243.6;252.87;4.941167;4.4;;93.6;0.934095;211.45;206.77;5.758813;5.4;;93.7;0.935048;215.68;211.38;5.923356;5.5;;92.8;0.930476;196.05;190.01;5.160192;4.8;;86.7;0.866581;238.17;248.59;4.779333;4.1;;;;;;;;;;;;;;;;;;;;;;;;;;;;;
4;Sul;43;RS;Rio Grande do Sul;4323101;Vicente Dutra;147863.798;31696.42;116894.533;25057.78;126514.694;27928.19;67359.135;4233.209;21075.734;30825.709;123493.787;3020.907;Agricultura, inclusive apoio à agricultura e a pós colheita;Administração, defesa, educação e saúde públicas e seguridade social;Pecuária, inclusive apoio à pecuária;6;True;;;;;;;;;;;;;;;89.4;0.886238;241.31;245.61;4.782;4.2;;94.3;0.948787;239.36;244.5;4.731;4.5;;97.7;0.971809;214.2;209.76;5.865657;5.7;;98.0;0.971841;201.24;202.95;5.494511;5.3;;96.8;0.969479;232.71;219.5;6.395992;6.2;;83.0;0.840114;242.05;246.04;4.8015;4.0;;;;;;;;;;;;;;;;;;;;;;;;;;;;;
4;Sul;43;RS;Rio Grande do Sul;4323200;Victor Graeff;235753.534;84803.43;183146.981;65880.21;295871.559;104180.13;160658.232;23958.444;67007.003;24925.705;276549.385;19322.174;Agricultura, inclusive apoio à agricultura e a pós colheita;Demais serviços;Pecuária, inclusive apoio à pecuária;8;True;94.7;0.946084;288.46;297.75;5.198254;4.9;;94.7;0.946084;288.46;297.75;5.198254;4.9;;88.8;0.888993;274.16;275.75;5.831833;5.2;;89.9;0.902416;299.98;293.25;6.553833;5.9;;98.7;0.987776;236.57;225.44;6.577656;6.5;;98.2;0.979381;223.65;220.02;6.232546;6.1;;100.0;1.0;258.87;234.78;7.173047;7.2;;87.2;0.91038;263.4;268.45;5.530833;5.0;;;;;;;;;;;;;;;;;;;;;;;;;;;;;
4;Sul;43;RS;Rio Grande do Sul;4323309;Vila Flores;376708.951;103321.16;331034.417;90793.86;297552.916;87335.75;53069.259;124030.256;56044.879;25604.912;258749.306;38803.61;Indústrias de transformação;Demais serviços;Pecuária, inclusive apoio à pecuária;6;True;95.6;0.964286;274.5;280.5;4.743953;4.6;;95.6;0.964286;274.5;280.5;4.743953;4.6;;89.3;0.899164;300.86;295.09;6.599167;5.9;;89.3;0.899164;300.86;295.09;6.599167;5.9;;99.5;0.993432;250.0;232.86;6.968863;6.9;;99.5;0.993432;250.0;232.86;6.968863;6.9;;;;;;;;;;;;;;;;;;;;;;;;;;;;;;;;;;;;;;;;;;;
4;Sul;43;RS;Rio Grande do Sul;4323358;Vila Lângaro;155270.798;74685.33;159763.548;76846.34;168932.547;81609.93;96346.631;11928.539;29614.56;20946.482;158836.212;10096.335;Agricultura, inclusive apoio à agricultura e a pós colheita;Pecuária, inclusive apoio à pecuária;Administração, defesa, educação e saúde públicas e seguridade social;6;True;93.5;0.923694;316.98;315.46;5.863936;5.4;;93.5;0.923694;316.98;315.46;5.863936;5.4;;97.7;0.978804;247.07;235.13;4.703333;4.6;;97.7;0.978804;247.07;235.13;4.703333;4.6;;98.9;0.986953;249.16;231.61;6.930105;6.8;;98.9;0.986953;249.16;231.61;6.930105;6.8;;;;;;;;;;;;;;;;;;;;;;;;;;;;;;;;;;;;;;;;;;;
4;Sul;43;RS;Rio Grande do Sul;4323408;Vila Maria;393599.585;89190.93;326670.498;74024.59;389406.637;89149.87;142343.133;77706.615;87427.918;30011.113;337488.779;51917.857;Agricultura, inclusive apoio à agricultura e a pós colheita;Pecuária, inclusive apoio à pecuária;Indústrias de transformação;7;True;82.2;0.82596;273.58;280.9;4.73702;3.9;;82.2;0.82596;273.58;280.9;4.73702;3.9;;91.7;0.913637;277.69;268.07;5.762667;5.3;;;;;;;;;97.6;0.977871;229.77;222.81;6.400067;6.3;;99.0;0.993642;229.4;223.92;6.413188;6.4;;96.2;0.961498;229.95;222.27;6.393684;6.1;;84.5;0.831454;267.83;261.48;5.4885;4.6;;;;;;;;;;;;;;;;;;;;;;;;;;;;;
4;Sul;43;RS;Rio Grande do Sul;4323457;Vila Nova do Sul;217497.78;56302.82;158884.355;41129.78;195942.606;45845.25;97359.594;22737.639;34996.759;31040.964;186134.955;9807.652;Agricultura, inclusive apoio à agricultura e a pós colheita;Administração, defesa, educação e saúde públicas e seguridade social;Demais serviços;8;True;83.3;0.832846;265.6;296.48;4.858175;4.0;;83.3;0.832846;265.6;296.48;4.858175;4.0;;100.0;1.0;236.19;241.66;4.630833;4.6;;100.0;1.0;231.77;241.45;4.553667;4.6;;93.1;0.919903;206.0;207.31;5.664623;5.2;;91.0;0.897195;196.2;197.85;5.3056;4.8;;100.0;1.0;236.27;236.53;6.773568;6.8;;100.0;1.0;240.85;241.88;4.712167;4.7;;;;;;;;;;;;;;;;;;;;;;;;;;;;;
4;Sul;43;RS;Rio Grande do Sul;4323507;Vista Alegre;137184.989;51573.3;120420.117;45270.72;137064.206;50280.34;66667.924;6774.905;31374.76;22612.852;127430.441;9633.765;Pecuária, inclusive apoio à pecuária;Administração, defesa, educação e saúde públicas e seguridade social;Demais serviços;6;True;94.7;0.943657;254.48;258.61;4.135079;3.9;;94.7;0.943657;254.48;258.61;4.135079;3.9;;100.0;1.0;282.44;259.08;5.692;5.7;;;;;;;;;100.0;1.0;235.95;248.1;6.977824;7.0;;;;;;;;;100.0;1.0;235.95;248.1;6.977824;7.0;;100.0;1.0;282.44;259.08;5.692;5.7;;;;;;;;;;;;;;;;;;;;;;;;;;;;;
4;Sul;43;RS;Rio Grande do Sul;4323606;Vista Alegre do Prata;76366.871;48029.48;74431.58;46812.31;85228.829;54880.12;43155.579;3168.362;16574.633;16382.169;79280.744;5948.085;Pecuária, inclusive apoio à pecuária;Administração, defesa, educação e saúde públicas e seguridade social;Agricultura, inclusive apoio à agricultura e a pós colheita;4;True;;;;;;;;;;;;;;;92.2;0.924173;284.05;251.42;5.591167;5.2;;;;;;;;;98.8;0.982219;258.07;227.92;7.033053;6.9;;98.8;0.982219;258.07;227.92;7.033053;6.9;;;;;;;;;92.2;0.924173;284.05;251.42;5.591167;5.2;;;;;;;;;;;;;;;;;;;;;;;;;;;;;
4;Sul;43;RS;Rio Grande do Sul;4323705;Vista Gaúcha;94255.711;33868.38;87314.963;31374.4;103512.56;36218.53;52501.614;3345.763;22084.175;20474.288;98405.839;5106.721;Pecuária, inclusive apoio à pecuária;Agricultura, inclusive apoio à agricultura e a pós colheita;Administração, defesa, educação e saúde públicas e seguridade social;4;True;;;;;;;;;;;;;;;98.3;0.978723;250.84;249.76;5.01;4.9;;98.8;0.984567;250.84;249.76;5.01;4.9;;100.0;1.0;232.43;236.76;6.704467;6.7;;100.0;1.0;232.43;236.76;6.704467;6.7;;;;;;;;;;;;;;;;;;;;;;;;;;;;;;;;;;;;;;;;;;;
4;Sul;43;RS;Rio Grande do Sul;4323754;Vitória das Missões;89071.444;27372.91;80086.715;24566.48;159528.014;52269.99;90826.464;6333.18;27260.326;23414.125;147834.096;11693.919;Agricultura, inclusive apoio à agricultura e a pós colheita;Administração, defesa, educação e saúde públicas e seguridade social;Demais serviços;4;True;;;;;;;;;;;;;;;91.2;0.91163;308.79;289.22;6.6335;6.0;;;;;;;;;95.9;0.958354;255.15;231.62;7.0446;6.8;;;;;;;;;100.0;1.0;255.15;231.62;7.0446;7.0;;93.1;0.937377;308.79;289.22;6.6335;6.2;;;;;;;;;;;;;;;;;;;;;;;;;;;;;
4;Sul;43;RS;Rio Grande do Sul;4323770;Westfália;234678.22;75751.52;255847.242;82584.65;264839.915;86946.79;70246.616;81691.606;51828.222;26321.107;230087.551;34752.365;Indústrias de transformação;Pecuária, inclusive apoio à pecuária;Demais serviços;6;True;95.3;0.955532;317.71;304.77;5.714158;5.5;;95.3;0.955532;317.71;304.77;5.714158;5.5;;92.8;0.926942;298.24;278.38;6.277;5.8;;92.8;0.926942;298.24;278.38;6.277;5.8;;98.0;0.981342;256.3;237.55;7.174365;7.0;;98.0;0.981342;256.3;237.55;7.174365;7.0;;;;;;;;;;;;;;;;;;;;;;;;;;;;;;;;;;;;;;;;;;;
4;Sul;43;RS;Rio Grande do Sul;4323804;Xangri-lá;914703.994;55561.2;790855.45;48038.36;733160.396;42809.79;4233.232;93835.691;388915.41;176284.692;663269.025;69891.371;Demais serviços;Administração, defesa, educação e saúde públicas e seguridade social;Comércio e reparação de veículos automotores e motocicletas;4;True;;;;;;;;;;;;;;;88.8;0.889583;255.66;256.14;5.196667;4.6;;88.8;0.889583;255.66;256.14;5.196667;4.6;;95.3;0.953009;214.31;205.85;5.796666;5.5;;95.3;0.953009;214.31;205.85;5.796666;5.5;;;;;;;;;;;;;;;;;;;;;;;;;;;;;;;;;;;;;;;;;;;
