region_code;region_name;state_code;state_abbr;state_name;city_code;city_name;gdp_2023_current_prices_thousand_reais;gdp_per_capita_2023_current_reais;gdp_2022_current_prices_thousand_reais;gdp_per_capita_2022_current_reais;gdp_2021_current_prices_thousand_reais;gdp_per_capita_2021_current_reais;gross_value_added_agriculture_2021_current_prices_thousand_reais;gross_value_added_industry_2021_current_prices_thousand_reais;gross_value_added_services_2021_current_prices_thousand_reais;gross_value_added_public_administration_2021_current_prices_thousand_reais;gross_value_added_total_2021_current_prices_thousand_reais;taxes_less_subsidies_2021_current_prices_thousand_reais;main_economic_activity_2021;second_main_economic_activity_2021;third_main_economic_activity_2021;total_school_records;has_any_school_record;approval_rate_publica_fundamental_finais_6_9;performance_indicator_publica_fundamental_finais_6_9;saeb_math_score_publica_fundamental_finais_6_9;saeb_portuguese_score_publica_fundamental_finais_6_9;saeb_standardized_average_score_publica_fundamental_finais_6_9;ideb_publica_fundamental_finais_6_9;ideb_projection_publica_fundamental_finais_6_9;approval_rate_estadual_fundamental_finais_6_9;performance_indicator_estadual_fundamental_finais_6_9;saeb_math_score_estadual_fundamental_finais_6_9;saeb_portuguese_score_estadual_fundamental_finais_6_9;saeb_standardized_average_score_estadual_fundamental_finais_6_9;ideb_estadual_fundamental_finais_6_9;ideb_projection_estadual_fundamental_finais_6_9;approval_rate_estadual_medio_todos_1_4;performance_indicator_estadual_medio_todos_1_4;saeb_math_score_estadual_medio_todos_1_4;saeb_portuguese_score_estadual_medio_todos_1_4;saeb_standardized_average_score_estadual_medio_todos_1_4;ideb_estadual_medio_todos_1_4;ideb_projection_estadual_medio_todos_1_4;approval_rate_publica_medio_todos_1_4;performance_indicator_publica_medio_todos_1_4;saeb_math_score_publica_medio_todos_1_4;saeb_portuguese_score_publica_medio_todos_1_4;saeb_standardized_average_score_publica_medio_todos_1_4;ideb_publica_medio_todos_1_4;ideb_projection_publica_medio_todos_1_4;approval_rate_publica_fundamental_iniciais_1_5;performance_indicator_publica_fundamental_iniciais_1_5;saeb_math_score_publica_fundamental_iniciais_1_5;saeb_portuguese_score_publica_fundamental_iniciais_1_5;saeb_standardized_average_score_publica_fundamental_iniciais_1_5;ideb_publica_fundamental_iniciais_1_5;ideb_projection_publica_fundamental_iniciais_1_5;approval_rate_municipal_fundamental_iniciais_1_5;performance_indicator_municipal_fundamental_iniciais_1_5;saeb_math_score_municipal_fundamental_iniciais_1_5;saeb_portuguese_score_municipal_fundamental_iniciais_1_5;saeb_standardized_average_score_municipal_fundamental_iniciais_1_5;ideb_municipal_fundamental_iniciais_1_5;ideb_projection_municipal_fundamental_iniciais_1_5;approval_rate_estadual_fundamental_iniciais_1_5;performance_indicator_estadual_fundamental_iniciais_1_5;saeb_math_score_estadual_fundamental_iniciais_1_5;saeb_portuguese_score_estadual_fundamental_iniciais_1_5;saeb_standardized_average_score_estadual_fundamental_iniciais_1_5;ideb_estadual_fundamental_iniciais_1_5;ideb_projection_estadual_fundamental_iniciais_1_5;approval_rate_municipal_fundamental_finais_6_9;performance_indicator_municipal_fundamental_finais_6_9;saeb_math_score_municipal_fundamental_finais_6_9;saeb_portuguese_score_municipal_fundamental_finais_6_9;saeb_standardized_average_score_municipal_fundamental_finais_6_9;ideb_municipal_fundamental_finais_6_9;ideb_projection_municipal_fundamental_finais_6_9;approval_rate_municipal_medio_todos_1_4;performance_indicator_municipal_medio_todos_1_4;saeb_math_score_municipal_medio_todos_1_4;saeb_portuguese_score_municipal_medio_todos_1_4;saeb_standardized_average_score_municipal_medio_todos_1_4;ideb_municipal_medio_todos_1_4;ideb_projection_municipal_medio_todos_1_4;approval_rate_federal_medio_todos_1_4;performance_indicator_federal_medio_todos_1_4;saeb_math_score_federal_medio_todos_1_4;saeb_portuguese_score_federal_medio_todos_1_4;saeb_standardized_average_score_federal_medio_todos_1_4;ideb_federal_medio_todos_1_4;ideb_projection_federal_medio_todos_1_4;approval_rate_federal_fundamental_iniciais_1_5;performance_indicator_federal_fundamental_iniciais_1_5;saeb_math_score_federal_fundamental_iniciais_1_5;saeb_portuguese_score_federal_fundamental_iniciais_1_5;saeb_standardized_average_score_federal_fundamental_iniciais_1_5;ideb_federal_fundamental_iniciais_1_5;ideb_projection_federal_fundamental_iniciais_1_5;approval_rate_federal_fundamental_finais_6_9;performance_indicator_federal_fundamental_finais_6_9;saeb_math_score_federal_fundamental_finais_6_9;saeb_portuguese_score_federal_fundamental_finais_6_9;saeb_standardized_average_score_federal_fundamental_finais_6_9;ideb_federal_fundamental_finais_6_9;ideb_projection_federal_fundamental_finais_6_9
4;Sul;42;SC;Santa Catarina;4200051;Abdon Batista;115985.219;44644.04;110319.136;42463.1;75130.849;29649.11;29846.495;3426.206;16052.332;22296.53;71621.562;3509.287;Administração, defesa, educação e saúde públicas e seguridade social;Demais serviços;Pecuária, inclusive apoio à pecuária;6;True;89.5;0.884371;251.07;241.2;4.871167;4.3;;89.5;0.884371;251.07;241.2;4.871167;4.3;;91.8;0.915571;257.46;260.13;4.199687;3.8;;91.8;0.915571;257.46;260.13;4.199687;3.8;;98.9;0.986287;238.94;233.7;6.773067;6.7;;98.9;0.986287;238.94;233.7;6.773067;6.7;;;;;;;;;;;;;;;;;;;;;;;;;;;;;;;;;;;;;;;;;;;
4;Sul;42;SC;Santa Catarina;4200101;Abelardo Luz;1085858.106;62434.34;1018505.521;58561.73;785908.066;43625.2;253354.051;99921.301;278883.447;100027.724;732186.523;53721.543;Agricultura, inclusive apoio à agricultura e a pós colheita;Demais serviços;Administração, defesa, educação e saúde públicas e seguridade social;8;True;91.7;0.916728;252.79;254.88;5.127833;4.7;;76.6;0.726855;227.73;235.7;4.3905;3.2;;85.4;0.861139;262.45;267.9;4.386089;3.8;;86.3;0.870168;262.45;267.9;4.386089;3.8;;96.5;0.962745;233.0;219.52;6.40189;6.2;;96.4;0.961408;234.95;221.48;6.47474;6.2;;97.4;0.975593;207.17;193.57;5.437133;5.3;;94.4;0.944469;264.84;264.11;5.4825;5.2;;;;;;;;;;;;;;;;;;;;;;;;;;;;;
4;Sul;42;SC;Santa Catarina;4200200;Agrolândia;496110.326;45141.98;450052.033;40951.05;396148.384;35497.17;55175.622;127230.682;119960.432;61677.39;364044.127;32104.257;Indústrias de transformação;Demais serviços;Administração, defesa, educação e saúde públicas e seguridade social;5;True;87.9;0.874338;262.26;262.77;5.417167;4.7;;85.3;0.847827;258.97;258.81;5.296333;4.5;;;;;;;;;;;;;;;;96.8;0.967432;238.97;227.64;6.663458;6.4;;96.8;0.967432;238.97;227.64;6.663458;6.4;;;;;;;;;94.5;0.943832;272.29;274.87;5.786;5.5;;;;;;;;;;;;;;;;;;;;;;;;;;;;;
4;Sul;42;SC;Santa Catarina;4200309;Agronômica;279405.695;46144.62;234769.166;38772.78;232893.071;41812.04;69700.205;46955.272;58194.749;32887.083;207737.308;25155.763;Agricultura, inclusive apoio à agricultura e a pós colheita;Demais serviços;Indústrias de transformação;4;True;;;;;;;;;;;;;;;90.2;0.898233;268.53;266.62;4.45232;4.0;;90.2;0.898233;268.53;266.62;4.45232;4.0;;99.4;0.994272;218.78;203.23;5.834334;5.8;;;;;;;;;92.9;0.929;218.78;203.23;5.834334;5.4;;;;;;;;;;;;;;;;;;;;;;;;;;;;;;;;;;;;
4;Sul;42;SC;Santa Catarina;4200408;Água Doce;747811.766;114906.54;755266.607;116052.03;651091.671;90934.59;194892.198;226011.45;145766.059;47717.035;614386.741;36704.931;Eletricidade e gás, água, esgoto, atividades de gestão de resíduos e descontaminação;Agricultura, inclusive apoio à agricultura e a pós colheita;Demais serviços;6;True;89.5;0.897653;248.55;247.53;4.934667;4.4;;90.9;0.910378;248.55;247.53;4.934667;4.5;;90.0;0.901887;285.25;265.81;4.675026;4.2;;90.0;0.901887;285.25;265.81;4.675026;4.2;;96.7;0.968446;229.82;226.97;6.476658;6.3;;96.7;0.968446;229.82;226.97;6.476658;6.3;;;;;;;;;;;;;;;;;;;;;;;;;;;;;;;;;;;;;;;;;;;
4;Sul;42;SC;Santa Catarina;4200507;Águas de Chapecó;240633.331;39866.36;159833.2;26479.99;137706.696;21043.2;51528.909;8299.492;36815.471;35180.063;131823.934;5882.761;Administração, defesa, educação e saúde públicas e seguridade social;Pecuária, inclusive apoio à pecuária;Demais serviços;5;True;85.0;0.852654;258.55;243.63;5.036333;4.3;;85.0;0.852654;258.55;243.63;5.036333;4.3;;;;;;;;;;;;;;;;97.9;0.979345;195.2;188.9;5.123789;5.0;;100.0;1.0;200.83;205.93;5.540868;5.5;;96.7;0.967615;193.91;185.02;5.028625;4.9;;;;;;;;;;;;;;;;;;;;;;;;;;;;;;;;;;;;
4;Sul;42;SC;Santa Catarina;4200556;Águas Frias;183331.993;64576.26;206975.31;72904.3;163075.085;69660.44;31273.407;29827.735;63111.56;18040.967;142253.668;20821.417;Comércio e reparação de veículos automotores e motocicletas;Demais serviços;Pecuária, inclusive apoio à pecuária;4;True;87.9;0.872953;242.76;240.45;4.720167;4.1;;87.9;0.872953;242.76;240.45;4.720167;4.1;;;;;;;;;;;;;;;;99.5;0.996141;258.88;243.84;7.337965;7.3;;99.5;0.996141;258.88;243.84;7.337965;7.3;;;;;;;;;;;;;;;;;;;;;;;;;;;;;;;;;;;;;;;;;;;
4;Sul;42;SC;Santa Catarina;4200606;Águas Mornas;281792.179;41790.33;211415.892;31353.39;199589.555;30031.53;51584.999;22262.914;77980.415;35813.706;187642.035;11947.519;Demais serviços;Agricultura, inclusive apoio à agricultura e a pós colheita;Administração, defesa, educação e saúde públicas e seguridade social;7;True;91.9;0.90415;258.91;254.04;5.215833;4.7;;91.9;0.90415;258.91;254.04;5.215833;4.7;;90.4;0.903093;279.33;263.3;4.554305;4.1;;90.4;0.903093;279.33;263.3;4.554305;4.1;;99.8;0.997984;241.85;238.23;6.910965;6.9;;99.7;0.997168;249.48;246.11;7.199849;7.2;;100.0;1.0;225.74;221.6;6.301159;6.3;;;;;;;;;;;;;;;;;;;;;;;;;;;;;;;;;;;;
4;Sul;42;SC;Santa Catarina;4200705;Alfredo Wagner;414786.613;39575.1;352092.918;33593.45;336468.535;33195.4;153640.895;17235.244;108411.334;43305.384;322592.858;13875.677;Agricultura, inclusive apoio à agricultura e a pós colheita;Demais serviços;Administração, defesa, educação e saúde públicas e seguridade social;5;True;90.7;0.904993;252.04;237.11;4.819167;4.4;;89.9;0.895228;252.04;237.11;4.819167;4.3;;;;;;;;;;;;;;;;97.2;0.974001;232.7;216.9;6.348529;6.2;;97.3;0.974476;221.89;211.73;6.048231;5.9;;97.0;0.97305;244.37;222.48;6.672693;6.5;;;;;;;;;;;;;;;;;;;;;;;;;;;;;;;;;;;;
4;Sul;42;SC;Santa Catarina;4200754;Alto Bela Vista;94012.018;50653.03;82056.61;44211.54;78996.026;41251.19;31860.51;9183.349;16673.616;16834.175;74551.651;4444.375;Pecuária, inclusive apoio à pecuária;Administração, defesa, educação e saúde públicas e seguridade social;Demais serviços;6;True;91.6;0.911824;289.71;278.31;6.133667;5.6;;91.6;0.911824;289.71;278.31;6.133667;5.6;;96.6;0.966192;316.03;306.1;5.710473;5.5;;96.6;0.966192;316.03;306.1;5.710473;5.5;;99.0;0.990017;232.57;219.64;6.395866;6.3;;99.0;0.990017;232.57;219.64;6.395866;6.3;;;;;;;;;;;;;;;;;;;;;;;;;;;;;;;;;;;;;;;;;;;
4;Sul;42;SC;Santa Catarina;4200804;Anchieta;261385.394;43982.06;221545.064;37278.32;203805.111;37211.08;64150.255;34190.437;56863.803;34696.899;189901.393;13903.718;Pecuária, inclusive apoio à pecuária;Demais serviços;Administração, defesa, educação e saúde públicas e seguridade social;5;True;92.7;0.922378;277.06;262.59;5.660833;5.2;;90.3;0.904106;239.3;232.84;4.535667;4.1;;;;;;;;;;;;;;;;98.3;0.985841;249.27;221.49;6.748205;6.7;;97.9;0.982449;249.27;221.49;6.748205;6.6;;;;;;;;;95.2;0.947418;291.45;273.92;6.0895;5.8;;;;;;;;;;;;;;;;;;;;;;;;;;;;;
4;Sul;42;SC;Santa Catarina;4200903;Angelina;192261.927;35883.15;147479.271;27525.06;174561.296;37251.66;76673.388;17931.585;45588.243;28030.201;168223.417;6337.879;Agricultura, inclusive apoio à agricultura e a pós colheita;Demais serviços;Administração, defesa, educação e saúde públicas e seguridade social;4;True;;;;;;;;;;;;;;;95.2;0.953158;271.87;268.87;4.532913;4.3;;95.2;0.953158;271.87;268.87;4.532913;4.3;;97.2;0.971798;260.88;249.81;7.484679;7.3;;;;;;;;;96.4;0.960761;260.88;249.81;7.484679;7.2;;;;;;;;;;;;;;;;;;;;;;;;;;;;;;;;;;;;
4;Sul;42;SC;Santa Catarina;4201000;Anita Garibaldi;251490.95;30354.97;214198.478;25853.77;231506.848;34130.45;85973.651;26831.54;64173.742;44288.757;221267.69;10239.158;Demais serviços;Administração, defesa, educação e saúde públicas e seguridade social;Produção florestal, pesca e aquicultura;6;True;91.1;0.91209;248.74;247.09;4.9305;4.5;;91.1;0.91209;248.74;247.09;4.9305;4.5;;90.5;0.907946;274.81;258.43;4.417918;4.0;;90.5;0.907946;274.81;258.43;4.417918;4.0;;99.6;0.996347;223.55;218.46;6.202274;6.2;;100.0;1.0;223.55;218.46;6.202274;6.2;;;;;;;;;;;;;;;;;;;;;;;;;;;;;;;;;;;;;;;;;;;
4;Sul;42;SC;Santa Catarina;4201109;Anitápolis;117402.73;32675.41;94169.91;26209.27;84567.856;26238.86;30440.632;5422.546;23876.025;21331.606;81070.808;3497.048;Administração, defesa, educação e saúde públicas e seguridade social;Demais serviços;Pecuária, inclusive apoio à pecuária;4;True;88.2;0.874069;257.27;254.91;5.203;4.5;;88.2;0.874069;257.27;254.91;5.203;4.5;;;;;;;;;;;;;;;;100.0;1.0;238.17;236.4;6.807464;6.8;;100.0;1.0;238.17;236.4;6.807464;6.8;;;;;;;;;;;;;;;;;;;;;;;;;;;;;;;;;;;;;;;;;;;
4;Sul;42;SC;Santa Catarina;4201208;Antônio Carlos;1163092.146;103625.46;818936.578;72962.99;796530.665;91429.14;244182.115;184384.574;230887.778;54865.076;714319.544;82211.121;Agricultura, inclusive apoio à agricultura e a pós colheita;Demais serviços;Indústrias de transformação;5;True;93.9;0.940262;287.71;279.58;6.1215;5.8;;93.9;0.940262;287.71;279.58;6.1215;5.8;;;;;;;;;;;;;;;;99.5;0.994788;246.02;237.13;6.970545;6.9;;99.7;0.996986;243.08;232.99;6.839166;6.8;;98.8;0.988384;252.26;245.91;7.249266;7.2;;;;;;;;;;;;;;;;;;;;;;;;;;;;;;;;;;;;
4;Sul;42;SC;Santa Catarina;4201257;Apiúna;510609.771;52044.62;483694.933;49301.29;442459.788;40403.6;19360.0;141490.881;143996.509;65417.111;370264.501;72195.287;Indústrias de transformação;Demais serviços;Administração, defesa, educação e saúde públicas e seguridade social;7;True;91.9;0.919675;267.94;266.73;5.577833;5.1;;;;;;;;;79.5;0.798575;277.36;281.72;4.802385;3.8;;79.5;0.798575;277.36;281.72;4.802385;3.8;;98.2;0.981981;228.63;218.52;6.300312;6.2;;98.6;0.986291;229.3;217.67;6.297643;6.2;;92.7;0.925538;225.6;222.43;6.313578;5.8;;94.0;0.941711;273.49;271.5;5.749833;5.4;;;;;;;;;;;;;;;;;;;;;;;;;;;;;
4;Sul;42;SC;Santa Catarina;4201273;Arabutã;400560.968;91494.05;346773.689;79208.24;284413.836;66638.67;89178.533;80033.966;61053.681;30938.749;261204.928;23208.908;Pecuária, inclusive apoio à pecuária;Indústrias de transformação;Demais serviços;6;True;98.6;0.986435;276.79;267.29;5.734667;5.7;;98.6;0.986435;276.79;267.29;5.734667;5.7;;94.7;0.953353;286.65;280.63;4.916545;4.7;;94.7;0.953353;286.65;280.63;4.916545;4.7;;98.3;0.982047;258.87;240.81;7.282684;7.2;;98.3;0.982047;258.87;240.81;7.282684;7.2;;;;;;;;;;;;;;;;;;;;;;;;;;;;;;;;;;;;;;;;;;;
4;Sul;42;SC;Santa Catarina;4201307;Araquari;9900039.604;218625.97;7985861.509;176756.56;7487999.648;183125.45;101623.922;2605744.841;2001887.656;244247.013;4953503.432;2534496.217;Indústrias de transformação;Demais serviços;Comércio e reparação de veículos automotores e motocicletas;6;True;91.4;0.912101;238.66;242.13;4.679833;4.3;;91.4;0.912101;238.66;242.13;4.679833;4.3;;83.4;0.837067;257.69;264.7;4.271331;3.6;;85.0;0.849983;279.26;281.96;4.832663;4.1;;98.3;0.982278;209.72;200.75;5.616343;5.5;;98.4;0.984047;209.72;200.75;5.616343;5.5;;;;;;;;;;;;;;;;;;;;;;;;;;;;;;;;;;;;;;;;;;;
4;Sul;42;SC;Santa Catarina;4201406;Araranguá;3023099.859;42033.03;2693788.511;37454.3;2385270.069;34323.89;147412.04;374557.939;1319470.683;315505.981;2156946.643;228323.426;Demais serviços;Comércio e reparação de veículos automotores e motocicletas;Administração, defesa, educação e saúde públicas e seguridade social;8;True;90.6;0.905846;261.06;265.26;5.438667;4.9;;91.0;0.909727;264.98;268.82;5.563333;5.1;;83.9;0.842933;266.73;273.04;4.523147;3.8;;83.5;0.838544;269.69;277.99;4.638822;3.9;;96.3;0.963369;222.65;214.77;6.118008;5.9;;95.9;0.961918;215.22;210.76;5.903305;5.7;;96.4;0.966395;225.63;216.38;6.204151;6.0;;89.2;0.895917;245.9;251.47;4.956167;4.4;;;;;;;;;;;;;;;;;;;;;;;;;;;;;
4;Sul;42;SC;Santa Catarina;4201505;Armazém;343668.227;38902.9;286197.963;32397.32;272105.707;30770.75;55432.033;53718.935;86766.289;48585.335;244502.591;27603.116;Demais serviços;Administração, defesa, educação e saúde públicas e seguridade social;Indústrias de transformação;4;True;90.3;0.903303;257.22;273.34;5.509333;5.0;;89.6;0.896104;257.22;273.34;5.509333;4.9;;;;;;;;;;;;;;;;96.9;0.97164;235.48;230.07;6.641037;6.5;;;;;;;;;99.1;0.990879;235.48;230.07;6.641037;6.6;;;;;;;;;;;;;;;;;;;;;;;;;;;;;;;;;;;;
4;Sul;42;SC;Santa Catarina;4201604;Arroio Trinta;154297.375;43390.71;137049.129;38540.25;125952.959;35509.72;38017.844;14180.152;40812.518;24723.907;117734.421;8218.538;Demais serviços;Pecuária, inclusive apoio à pecuária;Administração, defesa, educação e saúde públicas e seguridade social;4;True;92.4;0.921057;278.72;273.4;5.868667;5.4;;92.4;0.921057;278.72;273.4;5.868667;5.4;;;;;;;;;;;;;;;;98.6;0.986057;255.13;249.99;7.378219;7.3;;98.6;0.986057;255.13;249.99;7.378219;7.3;;;;;;;;;;;;;;;;;;;;;;;;;;;;;;;;;;;;;;;;;;;
4;Sul;42;SC;Santa Catarina;4201653;Arvoredo;194587.973;77525.09;184169.327;73374.23;203871.883;91504.44;47415.312;89090.671;28723.894;18325.668;183555.545;20316.339;Eletricidade e gás, água, esgoto, atividades de gestão de resíduos e descontaminação;Pecuária, inclusive apoio à pecuária;Indústrias de transformação;6;True;99.3;0.994924;251.27;247.72;4.983167;5.0;;99.3;0.994924;251.27;247.72;4.983167;5.0;;95.2;0.950981;276.48;270.14;4.616672;4.4;;95.2;0.950981;276.48;270.14;4.616672;4.4;;99.4;0.993852;223.9;207.01;6.000772;6.0;;99.4;0.993852;223.9;207.01;6.000772;6.0;;;;;;;;;;;;;;;;;;;;;;;;;;;;;;;;;;;;;;;;;;;
4;Sul;42;SC;Santa Catarina;4201703;Ascurra;315202.085;37889.42;275531.432;33120.74;244991.08;30543.71;10123.221;53554.318;111423.773;43069.579;218170.891;26820.189;Demais serviços;Indústrias de transformação;Administração, defesa, educação e saúde públicas e seguridade social;5;True;85.8;0.856994;246.01;244.49;4.841667;4.1;;85.8;0.856994;246.01;244.49;4.841667;4.1;;;;;;;;;;;;;;;;94.9;0.95238;225.9;217.18;6.223849;5.9;;93.3;0.940204;247.24;234.98;6.954737;6.5;;95.4;0.958069;222.17;214.07;6.09612;5.8;;;;;;;;;;;;;;;;;;;;;;;;;;;;;;;;;;;;
4;Sul;42;SC;Santa Catarina;4201802;Atalanta;146755.371;45477.34;140200.098;43445.96;125980.531;39628.98;40858.543;16357.429;40038.211;22866.869;120121.052;5859.478;Agricultura, inclusive apoio à agricultura e a pós colheita;Demais serviços;Administração, defesa, educação e saúde públicas e seguridade social;4;True;97.5;0.974511;274.95;271.72;5.777833;5.6;;97.5;0.974511;274.95;271.72;5.777833;5.6;;;;;;;;;;;;;;;;99.6;0.995728;247.44;230.02;6.868372;6.8;;;;;;;;;98.7;0.988275;247.44;230.02;6.868372;6.8;;;;;;;;;;;;;;;;;;;;;;;;;;;;;;;;;;;;
4;Sul;42;SC;Santa Catarina;4201901;Aurora;468008.17;69027.75;408304.177;60221.86;406918.387;71552.38;104160.348;87276.775;128505.706;36177.048;356119.877;50798.51;Agricultura, inclusive apoio à agricultura e a pós colheita;Demais serviços;Indústrias de transformação;5;True;90.6;0.901326;256.63;252.33;5.149333;4.6;;88.5;0.865146;250.89;239.03;4.832;4.2;;;;;;;;;;;;;;;;98.3;0.985649;224.56;210.16;6.07064;6.0;;99.5;0.995521;227.85;222.16;6.351608;6.3;;97.4;0.979437;222.71;203.39;5.912244;5.8;;;;;;;;;;;;;;;;;;;;;;;;;;;;;;;;;;;;
4;Sul;42;SC;Santa Catarina;4201950;Balneário Arroio do Silva;302101.421;19096.17;251898.178;15922.77;221906.845;16101.21;22435.212;9396.824;107623.392;70840.884;210296.312;11610.533;Demais serviços;Administração, defesa, educação e saúde públicas e seguridade social;Comércio e reparação de veículos automotores e motocicletas;5;True;88.7;0.887402;233.42;241.95;4.5895;4.1;;80.9;0.80338;238.4;244.24;4.710667;3.8;;;;;;;;;;;;;;;;95.8;0.959633;204.08;198.65;5.470527;5.2;;96.2;0.962945;199.05;194.61;5.30108;5.1;;;;;;;;;95.6;0.958799;228.08;239.49;4.4595;4.3;;;;;;;;;;;;;;;;;;;;;;;;;;;;;
4;Sul;42;SC;Santa Catarina;4202008;Balneário Camboriú;9004372.567;64707.5;7981314.792;57355.57;7358668.959;49311.91;22555.156;802038.885;4538549.702;1169951.791;6533095.534;825573.425;Demais serviços;Comércio e reparação de veículos automotores e motocicletas;Administração, defesa, educação e saúde públicas e seguridade social;8;True;92.7;0.926844;257.11;259.38;5.274833;4.9;;84.1;0.841115;243.63;244.97;4.81;4.0;;73.4;0.751325;260.54;265.79;4.327676;3.3;;73.4;0.751325;260.54;265.79;4.327676;3.3;;95.4;0.954172;224.96;217.29;6.20791;5.9;;95.4;0.954179;224.95;217.46;6.21081;5.9;;94.2;0.93272;225.16;213.36;6.140272;5.7;;93.2;0.931926;258.43;260.79;5.320333;5.0;;;;;;;;;;;;;;;;;;;;;;;;;;;;;
4;Sul;42;SC;Santa Catarina;4202057;Balneário Barra do Sul;321609.088;21567.13;282156.115;18921.41;254639.12;22592.42;21374.287;23000.908;123507.656;70953.466;238836.317;15802.804;Demais serviços;Administração, defesa, educação e saúde públicas e seguridade social;Comércio e reparação de veículos automotores e motocicletas;4;True;91.7;0.913955;236.63;235.15;4.529667;4.1;;91.7;0.913955;236.63;235.15;4.529667;4.1;;;;;;;;;;;;;;;;91.4;0.907485;219.92;203.0;5.851908;5.3;;91.3;0.905998;219.92;203.0;5.851908;5.3;;;;;;;;;;;;;;;;;;;;;;;;;;;;;;;;;;;;;;;;;;;
4;Sul;42;SC;Santa Catarina;4202073;Balneário Gaivota;308869.231;19712.12;258903.887;16523.32;216995.498;18808.66;28837.918;18806.724;89546.691;68766.52;205957.853;11037.645;Demais serviços;Administração, defesa, educação e saúde públicas e seguridade social;Comércio e reparação de veículos automotores e motocicletas;5;True;85.5;0.854838;260.41;254.08;5.2415;4.5;;82.6;0.828012;255.74;247.83;5.0595;4.2;;;;;;;;;;;;;;;;93.2;0.929501;214.11;205.81;5.792121;5.4;;92.9;0.920453;214.58;202.98;5.749636;5.3;;93.8;0.942895;213.44;209.88;5.853335;5.5;;;;;;;;;;;;;;;;;;;;;;;;;;;;;;;;;;;;
4;Sul;42;SC;Santa Catarina;4202081;Bandeirante;130219.536;41418.43;108416.077;34483.48;102211.895;39041.98;28331.557;25086.178;21734.495;20734.644;95886.875;6325.02;Indústrias de transformação;Administração, defesa, educação e saúde públicas e seguridade social;Pecuária, inclusive apoio à pecuária;0;False;;;;;;;;;;;;;;;;;;;;;;;;;;;;;;;;;;;;;;;;;;;;;;;;;;;;;;;;;;;;;;;;;;;;;;;;;;;;;;;;;;;;
4;Sul;42;SC;Santa Catarina;4202099;Barra Bonita;66205.889;39691.78;55813.496;33461.33;52280.698;32172.74;26895.831;2446.752;6992.14;14636.186;50970.909;1309.789;Pecuária, inclusive apoio à pecuária;Administração, defesa, educação e saúde públicas e seguridade social;Produção florestal, pesca e aquicultura;2;True;;;;;;;;;;;;;;;;;;;;;;;;;;;;;98.1;0.985394;236.5;202.86;6.165775;6.1;;;;;;;;;95.6;0.962366;236.5;202.86;6.165775;5.9;;;;;;;;;;;;;;;;;;;;;;;;;;;;;;;;;;;;
4;Sul;42;SC;Santa Catarina;4202107;Barra Velha;2468504.623;54409.5;2554303.917;56298.16;2372445.256;77685.75;63744.693;209301.296;1513429.81;195439.027;1981914.827;390530.429;Comércio e reparação de veículos automotores e motocicletas;Demais serviços;Administração, defesa, educação e saúde públicas e seguridade social;8;True;93.6;0.93578;252.41;254.39;5.113333;4.8;;89.7;0.905258;256.6;267.26;5.397667;4.9;;72.1;0.734842;263.23;265.54;4.361714;3.2;;72.1;0.734842;263.23;265.54;4.361714;3.2;;98.0;0.979995;218.25;207.72;5.905856;5.8;;98.2;0.981785;216.45;206.39;5.847323;5.7;;95.9;0.95682;236.03;220.82;6.483351;6.2;;94.4;0.94454;250.39;248.17;4.976;4.7;;;;;;;;;;;;;;;;;;;;;;;;;;;;;
4;Sul;42;SC;Santa Catarina;4202131;Bela Vista do Toldo;277735.033;47298.2;211493.886;36017.35;196847.46;30824.84;110209.439;7114.754;35103.732;39436.967;191864.893;4982.567;Agricultura, inclusive apoio à agricultura e a pós colheita;Administração, defesa, educação e saúde públicas e seguridade social;Demais serviços;2;True;;;;;;;;;;;;;;;87.7;0.879369;263.55;265.18;4.36082;3.8;;87.7;0.879369;263.55;265.18;4.36082;3.8;;;;;;;;;;;;;;;;;;;;;;;;;;;;;;;;;;;;;;;;;;;;;;;;;;;;;;;;;
4;Sul;42;SC;Santa Catarina;4202156;Belmonte;86050.263;32374.06;73718.533;27734.59;57652.351;21258.24;20640.962;1628.601;14239.659;19087.717;55596.94;2055.411;Administração, defesa, educação e saúde públicas e seguridade social;Pecuária, inclusive apoio à pecuária;Demais serviços;6;True;91.8;0.919921;258.13;252.8;5.182167;4.8;;91.8;0.919921;258.13;252.8;5.182167;4.8;;90.6;0.921324;265.23;262.16;4.339206;4.0;;90.6;0.921324;265.23;262.16;4.339206;4.0;;97.7;0.974887;243.12;241.87;7.001384;6.8;;97.7;0.974887;243.12;241.87;7.001384;6.8;;;;;;;;;;;;;;;;;;;;;;;;;;;;;;;;;;;;;;;;;;;
4;Sul;42;SC;Santa Catarina;4202206;Benedito Novo;496824.432;47226.66;462699.795;43982.87;470160.185;39522.54;20417.6;210166.796;118331.043;60691.504;409606.944;60553.241;Indústrias de transformação;Demais serviços;Administração, defesa, educação e saúde públicas e seguridade social;7;True;95.7;0.956551;244.04;245.42;4.824333;4.6;;95.7;0.956551;244.04;245.42;4.824333;4.6;;90.1;0.904346;266.16;276.08;4.560651;4.1;;90.1;0.904346;266.16;276.08;4.560651;4.1;;96.2;0.959628;224.84;214.82;6.160711;5.9;;96.7;0.967721;239.04;224.5;6.607703;6.4;;96.0;0.951737;219.54;211.2;5.993747;5.7;;;;;;;;;;;;;;;;;;;;;;;;;;;;;;;;;;;;
4;Sul;42;SC;Santa Catarina;4202305;Biguaçu;3523317.578;45892.67;2970824.059;38696.21;2670278.406;37891.88;121060.592;434983.465;1379494.995;371032.182;2306571.234;363707.172;Demais serviços;Comércio e reparação de veículos automotores e motocicletas;Administração, defesa, educação e saúde públicas e seguridade social;8;True;82.6;0.825349;254.61;256.84;5.190833;4.3;;81.4;0.813183;255.14;255.73;5.181167;4.2;;80.1;0.810172;271.23;276.57;4.639194;3.8;;80.1;0.810172;271.23;276.57;4.639194;3.8;;94.3;0.943117;216.62;206.62;5.854749;5.5;;92.9;0.929019;216.94;206.76;5.863402;5.4;;95.2;0.952577;216.44;206.54;5.84986;5.6;;85.5;0.856892;253.22;259.74;5.216;4.5;;;;;;;;;;;;;;;;;;;;;;;;;;;;;
4;Sul;42;SC;Santa Catarina;4202404;Blumenau;24871919.56;68847.51;22791289.37;63088.15;20579489.926;56163.97;120512.053;4729189.794;10521312.552;2024062.667;17395077.066;3184412.86;Demais serviços;Indústrias de transformação;Comércio e reparação de veículos automotores e motocicletas;9;True;94.0;0.939927;264.59;270.05;5.577333;5.2;;87.0;0.868665;257.33;261.98;5.321833;4.6;;79.3;0.800452;275.2;282.33;4.78118;3.8;;80.1;0.80885;278.75;285.16;4.873405;3.9;;97.5;0.975133;232.07;222.85;6.444688;6.3;;99.0;0.989599;237.73;228.48;6.655067;6.6;;94.5;0.945171;221.97;212.82;6.069576;5.7;;98.7;0.986733;270.02;276.08;5.768333;5.7;;97.6;0.974844;335.41;329.86;6.338353;6.2;;;;;;;;;;;;;;;;;;;;;;
4;Sul;42;SC;Santa Catarina;4202438;Bocaina do Sul;145083.681;41275.58;131812.375;37499.96;135898.464;38817.04;78646.831;6731.643;22364.806;24015.165;131758.444;4140.02;Produção florestal, pesca e aquicultura;Administração, defesa, educação e saúde públicas e seguridade social;Agricultura, inclusive apoio à agricultura e a pós colheita;6;True;79.7;0.8113;256.57;265.43;5.366667;4.4;;;;;;;;;84.6;0.846786;286.7;273.58;4.811709;4.1;;84.6;0.846786;286.7;273.58;4.811709;4.1;;90.3;0.907127;202.68;194.35;5.365628;4.9;;90.3;0.907127;202.68;194.35;5.365628;4.9;;;;;;;;;79.7;0.8113;256.57;265.43;5.366667;4.4;;;;;;;;;;;;;;;;;;;;;;;;;;;;;
4;Sul;42;SC;Santa Catarina;4202453;Bombinhas;1178867.901;47045.57;965945.882;38548.4;877594.115;42012.26;33297.619;125697.905;484998.176;170919.018;814912.718;62681.397;Demais serviços;Administração, defesa, educação e saúde públicas e seguridade social;Comércio e reparação de veículos automotores e motocicletas;7;True;95.9;0.959275;262.96;266.99;5.499167;5.3;;93.9;0.937234;262.81;267.57;5.506333;5.2;;84.5;0.850204;276.25;278.86;4.743981;4.0;;84.5;0.850204;276.25;278.86;4.743981;4.0;;98.3;0.982887;232.58;229.24;6.570602;6.5;;98.3;0.982887;232.58;229.24;6.570602;6.5;;;;;;;;;96.7;0.966494;263.06;266.6;5.494333;5.3;;;;;;;;;;;;;;;;;;;;;;;;;;;;;
4;Sul;42;SC;Santa Catarina;4202503;Bom Jardim da Serra;338788.253;84150.09;270769.266;67255.16;371657.948;77412.61;159136.025;117382.209;59480.395;29195.074;365193.704;6464.244;Agricultura, inclusive apoio à agricultura e a pós colheita;Eletricidade e gás, água, esgoto, atividades de gestão de resíduos e descontaminação;Demais serviços;3;True;89.8;0.895377;238.84;244.65;4.724833;4.2;;;;;;;;;;;;;;;;;;;;;;;98.6;0.985947;232.91;225.0;6.499809;6.4;;;;;;;;;99.2;0.992586;236.32;221.12;6.49434;6.4;;;;;;;;;;;;;;;;;;;;;;;;;;;;;;;;;;;;
4;Sul;42;SC;Santa Catarina;4202537;Bom Jesus;187851.87;67645.61;180265.482;64913.75;159057.296;51242.69;27973.301;39682.465;54207.818;21129.17;142992.755;16064.542;Indústrias de transformação;Demais serviços;Administração, defesa, educação e saúde públicas e seguridade social;2;True;;;;;;;;;;;;;;;;;;;;;;;;;;;;;96.1;0.965319;241.26;226.74;6.690797;6.5;;96.1;0.965319;241.26;226.74;6.690797;6.5;;;;;;;;;;;;;;;;;;;;;;;;;;;;;;;;;;;;;;;;;;;
4;Sul;42;SC;Santa Catarina;4202578;Bom Jesus do Oeste;103571.913;47357.98;83782.659;38309.4;73701.571;34504.48;31422.063;5716.906;16622.572;16905.171;70666.713;3034.858;Administração, defesa, educação e saúde públicas e seguridade social;Pecuária, inclusive apoio à pecuária;Agricultura, inclusive apoio à agricultura e a pós colheita;4;True;;;;;;;;;;;;;;;89.3;0.891764;279.85;291.13;4.978225;4.4;;89.3;0.891764;279.85;291.13;4.978225;4.4;;97.8;0.977054;229.79;218.78;6.327176;6.2;;97.8;0.977054;229.79;218.78;6.327176;6.2;;;;;;;;;;;;;;;;;;;;;;;;;;;;;;;;;;;;;;;;;;;
4;Sul;42;SC;Santa Catarina;4202602;Bom Retiro;454469.762;53987.85;417364.588;49580.02;422363.462;41599.87;199308.12;30128.108;121691.951;52322.559;403450.738;18912.724;Agricultura, inclusive apoio à agricultura e a pós colheita;Demais serviços;Administração, defesa, educação e saúde públicas e seguridade social;3;True;;;;;;;;;;;;;;;;;;;;;;;;;;;;;96.8;0.968844;212.25;200.46;5.659353;5.5;;99.3;0.99312;220.26;209.6;5.978397;5.9;;90.8;0.920627;202.59;189.41;5.274092;4.9;;;;;;;;;;;;;;;;;;;;;;;;;;;;;;;;;;;;
4;Sul;42;SC;Santa Catarina;4202701;Botuverá;554189.345;103335.7;464899.82;86686.52;430641.064;79807.46;17496.918;233982.236;77252.514;35145.595;363877.262;66763.802;Indústrias de transformação;Demais serviços;Indústrias extrativas;7;True;86.7;0.859434;268.86;273.7;5.709333;4.9;;86.7;0.859434;268.86;273.7;5.709333;4.9;;91.8;0.925506;289.29;290.09;5.095241;4.7;;91.8;0.925506;289.29;290.09;5.095241;4.7;;97.3;0.973357;232.33;224.21;6.474377;6.3;;98.1;0.981763;233.42;220.45;6.426815;6.3;;96.4;0.963388;231.02;228.74;6.53174;6.3;;;;;;;;;;;;;;;;;;;;;;;;;;;;;;;;;;;;
4;Sul;42;SC;Santa Catarina;4202800;Braço do Norte;2195934.726;65020.42;1962656.197;58113.17;1745016.783;50884.03;152487.483;453311.538;741550.264;185471.735;1532821.02;212195.763;Demais serviços;Indústrias de transformação;Comércio e reparação de veículos automotores e motocicletas;6;True;86.8;0.867215;246.19;245.95;4.869;4.2;;86.9;0.867047;242.79;240.8;4.7265;4.1;;;;;;;;;;;;;;;;95.1;0.952535;211.37;206.76;5.757104;5.5;;95.6;0.95616;218.88;213.66;6.025879;5.8;;94.3;0.9472;192.32;189.24;5.075009;4.8;;86.7;0.866738;254.79;258.97;5.229333;4.5;;;;;;;;;;;;;;;;;;;;;;;;;;;;;
4;Sul;42;SC;Santa Catarina;4202859;Braço do Trombudo;273815.765;68011.86;259027.451;64338.66;250150.765;65933.25;16315.57;116825.887;54661.301;28222.198;216024.957;34125.808;Indústrias de transformação;Demais serviços;Administração, defesa, educação e saúde públicas e seguridade social;5;True;95.2;0.946535;276.99;263.37;5.672667;5.4;;92.8;0.91503;271.05;256.09;5.452333;5.0;;;;;;;;;;;;;;;;97.3;0.974114;235.64;230.5;6.651908;6.5;;97.3;0.974114;235.64;230.5;6.651908;6.5;;;;;;;;;100.0;1.0;288.56;277.55;6.101833;6.1;;;;;;;;;;;;;;;;;;;;;;;;;;;;;
4;Sul;42;SC;Santa Catarina;4202875;Brunópolis;143765.601;57760.39;113026.174;45410.27;137959.227;59516.49;73418.888;4470.044;37153.813;17537.644;132580.388;5378.839;Agricultura, inclusive apoio à agricultura e a pós colheita;Demais serviços;Administração, defesa, educação e saúde públicas e seguridade social;4;True;;;;;;;;;;;;;;;93.1;0.933165;261.68;257.88;4.225274;3.9;;93.1;0.933165;261.68;257.88;4.225274;3.9;;99.4;0.993852;215.76;207.7;5.857974;5.8;;99.1;0.991094;215.76;207.7;5.857974;5.8;;;;;;;;;;;;;;;;;;;;;;;;;;;;;;;;;;;;;;;;;;;
4;Sul;42;SC;Santa Catarina;4202909;Brusque;11071535.293;78307.71;9919247.136;70157.71;8724534.162;62053.49;6558.617;2672351.163;3562043.835;810740.686;7051694.301;1672839.861;Demais serviços;Indústrias de transformação;Comércio e reparação de veículos automotores e motocicletas;8;True;92.3;0.922708;263.23;266.36;5.493167;5.1;;86.7;0.866283;256.39;259.14;5.258833;4.6;;78.8;0.798373;281.39;287.78;4.949705;4.0;;80.1;0.810422;281.39;287.78;4.949705;4.0;;97.7;0.977182;235.74;225.53;6.563453;6.4;;99.4;0.993791;243.76;230.68;6.810143;6.8;;94.9;0.950585;225.17;218.74;6.238281;5.9;;97.6;0.975719;270.37;273.91;5.738;5.6;;;;;;;;;;;;;;;;;;;;;;;;;;;;;
4;Sul;42;SC;Santa Catarina;4203006;Caçador;5375160.552;72913.19;4922085.794;66767.31;4703416.329;58780.21;207717.19;1946905.342;1441932.869;397419.915;3993975.315;709441.014;Indústrias de transformação;Demais serviços;Administração, defesa, educação e saúde públicas e seguridade social;8;True;87.9;0.878558;254.86;259.82;5.244667;4.6;;85.6;0.855277;256.17;261.07;5.287333;4.5;;80.2;0.813619;273.25;280.36;4.724301;3.8;;81.7;0.824489;273.87;282.63;4.766991;3.9;;97.0;0.970386;227.37;217.03;6.249175;6.1;;97.1;0.970638;225.65;213.61;6.154169;6.0;;96.9;0.97141;230.27;222.78;6.409064;6.2;;90.9;0.911257;252.34;257.4;5.162333;4.7;;;;;;;;;;;;;;;;;;;;;;;;;;;;;
4;Sul;42;SC;Santa Catarina;4203105;Caibi;382026.643;60600.67;339318.949;53825.98;316774.558;51828.3;79137.707;73931.942;101826.138;36402.865;291298.653;25475.905;Demais serviços;Indústrias de transformação;Pecuária, inclusive apoio à pecuária;7;True;98.9;0.989714;270.0;257.79;5.463167;5.4;;98.9;0.989714;270.0;257.79;5.463167;5.4;;92.7;0.927637;293.92;291.12;5.175688;4.8;;92.7;0.927637;293.92;291.12;5.175688;4.8;;100.0;1.0;245.55;230.21;6.835758;6.8;;100.0;1.0;245.95;230.71;6.852482;6.9;;100.0;1.0;244.35;228.7;6.785402;6.8;;;;;;;;;;;;;;;;;;;;;;;;;;;;;;;;;;;;
4;Sul;42;SC;Santa Catarina;4203154;Calmon;135172.658;39260.14;105794.463;30727.41;97691.198;29380.81;52355.365;2924.217;14897.825;24423.034;94600.441;3090.757;Administração, defesa, educação e saúde públicas e seguridade social;Agricultura, inclusive apoio à agricultura e a pós colheita;Pecuária, inclusive apoio à pecuária;6;True;87.9;0.87185;243.29;242.08;4.756167;4.1;;88.7;0.867215;243.29;242.08;4.756167;4.1;;91.7;0.924233;253.88;250.21;4.000903;3.7;;91.7;0.924233;253.88;250.21;4.000903;3.7;;97.0;0.971321;206.27;203.29;5.596685;5.4;;97.0;0.971321;206.27;203.29;5.596685;5.4;;;;;;;;;;;;;;;;;;;;;;;;;;;;;;;;;;;;;;;;;;;
4;Sul;42;SC;Santa Catarina;4203204;Camboriú;2703377.996;26227.55;2560908.633;24845.34;2242671.529;25724.91;43031.541;309179.451;1174321.846;441096.456;1967629.295;275042.234;Demais serviços;Comércio e reparação de veículos automotores e motocicletas;Administração, defesa, educação e saúde públicas e seguridade social;8;True;91.4;0.915261;254.79;260.03;5.247;4.8;;88.2;0.877718;248.59;255.79;5.073;4.5;;77.8;0.810362;258.96;268.26;4.342461;3.5;;79.2;0.820563;268.5;280.41;4.658336;3.8;;95.3;0.953469;216.89;210.14;5.923902;5.6;;95.3;0.952857;215.72;209.53;5.890483;5.6;;96.2;0.961782;237.42;220.93;6.511878;6.3;;92.4;0.926094;257.61;261.96;5.326167;4.9;;;;;;;;;;;;;;;;;;;;;;;;;;;;;
4;Sul;42;SC;Santa Catarina;4203253;Capão Alto;281798.429;107351.78;194683.986;74165.33;235019.49;95265.3;115896.829;25046.73;54286.207;27450.325;222680.091;12339.399;Agricultura, inclusive apoio à agricultura e a pós colheita;Produção florestal, pesca e aquicultura;Demais serviços;4;True;99.2;0.990221;251.25;270.71;5.366;5.3;;;;;;;;;;;;;;;;;;;;;;;92.8;0.925809;199.38;208.76;5.564651;5.2;;92.8;0.925809;199.38;208.76;5.564651;5.2;;;;;;;;;99.2;0.990221;251.25;270.71;5.366;5.3;;;;;;;;;;;;;;;;;;;;;;;;;;;;;
4;Sul;42;SC;Santa Catarina;4203303;Campo Alegre;872665.444;69807.65;770692.171;61650.44;699702.975;58381.56;51047.141;320176.972;173332.238;69206.205;613762.556;85940.418;Indústrias de transformação;Demais serviços;Administração, defesa, educação e saúde públicas e seguridade social;7;True;95.1;0.950869;249.61;244.9;4.9085;4.7;;85.3;0.846241;248.3;237.59;4.764833;4.0;;74.0;0.744568;272.24;273.81;4.612062;3.4;;74.0;0.744568;272.24;273.81;4.612062;3.4;;98.8;0.987644;242.05;222.14;6.622237;6.5;;98.8;0.987644;242.05;222.14;6.622237;6.5;;;;;;;;;97.8;0.977671;250.11;247.7;4.9635;4.9;;;;;;;;;;;;;;;;;;;;;;;;;;;;;
4;Sul;42;SC;Santa Catarina;4203402;Campo Belo do Sul;401476.284;55322.62;304908.99;42015.85;333024.021;48341.42;188440.97;21835.216;66434.802;43283.364;319994.352;13029.67;Produção florestal, pesca e aquicultura;Agricultura, inclusive apoio à agricultura e a pós colheita;Demais serviços;3;True;91.8;0.913551;243.32;237.75;4.6845;4.3;;;;;;;;;;;;;;;;;;;;;;;;;;;;;;100.0;1.0;205.57;194.74;5.427872;5.4;;;;;;;;;90.3;0.894346;241.45;237.53;4.649667;4.2;;;;;;;;;;;;;;;;;;;;;;;;;;;;;
4;Sul;42;SC;Santa Catarina;4203501;Campo Erê;532118.702;55296.55;487076.776;50615.9;437828.568;52674.27;125539.7;43501.901;189946.146;49383.525;408371.273;29457.295;Demais serviços;Agricultura, inclusive apoio à agricultura e a pós colheita;Comércio e reparação de veículos automotores e motocicletas;6;True;94.9;0.947107;249.08;245.02;4.901667;4.6;;94.9;0.947107;249.08;245.02;4.901667;4.6;;80.1;0.814107;272.99;269.16;4.552985;3.7;;80.1;0.814107;272.99;269.16;4.552985;3.7;;99.7;0.997188;240.25;221.09;6.568795;6.6;;99.7;0.997188;240.25;221.09;6.568795;6.6;;;;;;;;;;;;;;;;;;;;;;;;;;;;;;;;;;;;;;;;;;;
4;Sul;42;SC;Santa Catarina;4203600;Campos Novos;3456853.516;93600.5;3229122.835;87434.28;2610346.588;70815.95;443450.531;582985.036;1040696.953;234288.285;2301420.805;308925.783;Demais serviços;Indústrias de transformação;Comércio e reparação de veículos automotores e motocicletas;8;True;85.6;0.856887;252.64;254.07;5.111833;4.4;;78.3;0.780131;247.9;249.01;4.9485;3.9;;82.3;0.828683;265.43;276.24;4.552793;3.8;;82.3;0.828683;265.43;276.24;4.552793;3.8;;97.1;0.971013;222.23;211.61;6.052538;5.9;;98.6;0.985725;230.03;215.85;6.278484;6.2;;94.2;0.942918;211.84;205.97;5.75171;5.4;;97.3;0.974088;261.05;263.03;5.401333;5.3;;;;;;;;;;;;;;;;;;;;;;;;;;;;;
4;Sul;42;SC;Santa Catarina;4203709;Canelinha;412707.977;32190.0;363976.644;28389.1;295662.498;23553.13;7095.995;76484.619;112221.161;67376.907;263178.682;32483.816;Demais serviços;Administração, defesa, educação e saúde públicas e seguridade social;Indústrias de transformação;4;True;86.2;0.863044;262.1;264.05;5.435833;4.7;;86.2;0.863044;262.1;264.05;5.435833;4.7;;;;;;;;;;;;;;;;98.5;0.98477;247.41;232.11;6.905799;6.8;;98.6;0.986363;247.41;232.11;6.905799;6.8;;;;;;;;;;;;;;;;;;;;;;;;;;;;;;;;;;;;;;;;;;;
4;Sul;42;SC;Santa Catarina;4203808;Canoinhas;2759647.733;50160.82;2418105.457;43952.77;2203147.006;40381.74;475769.52;319194.606;942646.397;286612.548;2024223.07;178923.936;Demais serviços;Comércio e reparação de veículos automotores e motocicletas;Administração, defesa, educação e saúde públicas e seguridade social;8;True;96.2;0.961898;262.12;267.05;5.486167;5.3;;95.6;0.955812;261.15;268.61;5.496;5.3;;89.1;0.913524;270.97;269.76;4.533596;4.1;;89.7;0.917874;273.69;273.12;4.622098;4.2;;99.0;0.99016;241.06;229.41;6.735525;6.7;;99.0;0.989919;242.84;232.34;6.822768;6.8;;99.0;0.989896;239.72;227.2;6.669771;6.6;;96.9;0.968241;263.79;264.36;5.469167;5.3;;;;;;;;;;;;;;;;;;;;;;;;;;;;;
4;Sul;42;SC;Santa Catarina;4203907;Capinzal;1482553.727;63590.71;1280648.277;54930.44;1070739.935;46116.8;90411.259;327183.283;406527.906;128724.08;952846.528;117893.407;Demais serviços;Indústrias de transformação;Administração, defesa, educação e saúde públicas e seguridade social;7;True;93.4;0.933658;269.3;267.94;5.620667;5.2;;89.0;0.888667;254.29;256.29;5.176333;4.6;;83.8;0.837257;278.63;274.24;4.708246;3.9;;83.8;0.837257;278.63;274.24;4.708246;3.9;;99.4;0.993981;239.64;227.41;6.672062;6.6;;99.4;0.993981;239.64;227.41;6.672062;6.6;;;;;;;;;97.6;0.976101;290.18;284.15;6.238833;6.1;;;;;;;;;;;;;;;;;;;;;;;;;;;;;
4;Sul;42;SC;Santa Catarina;4203956;Capivari de Baixo;689018.546;28739.04;592015.205;24693.02;1348603.35;52934.15;15546.32;904014.18;241699.22;146953.698;1308213.418;40389.932;Eletricidade e gás, água, esgoto, atividades de gestão de resíduos e descontaminação;Demais serviços;Administração, defesa, educação e saúde públicas e seguridade social;6;True;87.1;0.873421;244.5;252.68;4.953;4.3;;86.5;0.865397;248.56;253.2;5.029333;4.4;;;;;;;;;;;;;;;;94.4;0.944843;225.77;213.91;6.161913;5.8;;94.9;0.950781;227.34;217.02;6.248421;5.9;;93.3;0.937338;224.02;210.46;6.065789;5.7;;87.8;0.883794;239.1;251.98;4.851333;4.3;;;;;;;;;;;;;;;;;;;;;;;;;;;;;
4;Sul;42;SC;Santa Catarina;4204004;Catanduvas;676611.076;64036.63;625627.889;59211.42;530880.731;47801.25;43939.034;170812.232;191136.032;62784.959;468672.257;62208.475;Indústrias de transformação;Demais serviços;Administração, defesa, educação e saúde públicas e seguridade social;2;True;;;;;;;;;;;;;;;;;;;;;;;;;;;;;95.9;0.955665;227.13;225.6;6.400413;6.1;;95.9;0.955665;227.13;225.6;6.400413;6.1;;;;;;;;;;;;;;;;;;;;;;;;;;;;;;;;;;;;;;;;;;;
4;Sul;42;SC;Santa Catarina;4204103;Caxambu do Sul;248344.204;53824.06;213040.78;46172.69;164148.108;47414.24;55786.973;22788.681;50031.451;25485.804;154092.909;10055.199;Demais serviços;Pecuária, inclusive apoio à pecuária;Administração, defesa, educação e saúde públicas e seguridade social;4;True;86.3;0.857564;258.14;259.43;5.292833;4.5;;86.3;0.857564;258.14;259.43;5.292833;4.5;;;;;;;;;;;;;;;;99.4;0.994272;237.31;219.76;6.488506;6.5;;99.3;0.993642;237.31;219.76;6.488506;6.4;;;;;;;;;;;;;;;;;;;;;;;;;;;;;;;;;;;;;;;;;;;
4;Sul;42;SC;Santa Catarina;4204152;Celso Ramos;96486.981;34398.21;83430.852;29743.62;65903.292;24327.53;18777.987;3399.585;17370.823;22631.994;62180.389;3722.903;Administração, defesa, educação e saúde públicas e seguridade social;Demais serviços;Agricultura, inclusive apoio à agricultura e a pós colheita;4;True;94.3;0.940191;249.5;261.31;5.180167;4.9;;;;;;;;;;;;;;;;;;;;;;;98.9;0.989226;249.89;253.72;7.346037;7.3;;98.9;0.989226;249.89;253.72;7.346037;7.3;;;;;;;;;94.3;0.940191;249.5;261.31;5.180167;4.9;;;;;;;;;;;;;;;;;;;;;;;;;;;;;
4;Sul;42;SC;Santa Catarina;4204178;Cerro Negro;152293.215;45912.94;106659.576;32155.43;141415.813;46935.22;85042.76;5004.216;26597.328;21508.506;138152.809;3263.004;Agricultura, inclusive apoio à agricultura e a pós colheita;Administração, defesa, educação e saúde públicas e seguridade social;Produção florestal, pesca e aquicultura;2;True;;;;;;;;;;;;;;;;;;;;;;;;;;;;;99.6;0.995106;209.42;190.1;5.416981;5.4;;100.0;1.0;202.88;172.42;4.970718;5.0;;;;;;;;;;;;;;;;;;;;;;;;;;;;;;;;;;;;;;;;;;;
4;Sul;42;SC;Santa Catarina;4204194;Chapadão do Lageado;147114.718;49869.4;111050.535;37644.25;97931.662;32374.1;51855.865;4619.717;17082.396;21598.39;95156.367;2775.295;Agricultura, inclusive apoio à agricultura e a pós colheita;Administração, defesa, educação e saúde públicas e seguridade social;Demais serviços;6;True;94.0;0.934391;276.62;252.33;5.4825;5.1;;94.0;0.934391;276.62;252.33;5.4825;5.1;;91.4;0.909767;275.22;281.93;4.775473;4.3;;91.4;0.909767;275.22;281.93;4.775473;4.3;;93.3;0.933271;236.93;220.09;6.487254;6.1;;93.3;0.933271;236.93;220.09;6.487254;6.1;;;;;;;;;;;;;;;;;;;;;;;;;;;;;;;;;;;;;;;;;;;
4;Sul;42;SC;Santa Catarina;4204202;Chapecó;17619284.312;69153.54;15615663.571;61290.53;13694779.507;60173.82;253596.394;3391868.311;7093466.178;1223422.26;11962353.143;1732426.364;Demais serviços;Indústrias de transformação;Comércio e reparação de veículos automotores e motocicletas;8;True;90.1;0.90091;257.91;260.72;5.3105;4.8;;87.6;0.875798;258.35;260.96;5.321833;4.7;;74.1;0.748623;271.82;279.56;4.692241;3.5;;74.9;0.797794;276.04;282.82;4.800313;3.8;;98.2;0.982048;224.48;216.31;6.180931;6.1;;98.9;0.987926;221.62;212.26;6.052715;6.0;;97.0;0.971097;228.39;221.85;6.356277;6.2;;93.7;0.938467;257.04;260.25;5.288167;5.0;;;;;;;;;;;;;;;;;;;;;;;;;;;;;
4;Sul;42;SC;Santa Catarina;4204251;Cocal do Sul;1084929.853;62930.97;999972.658;58003.05;888493.104;52399.92;32311.489;325650.676;294334.015;103189.991;755486.17;133006.934;Indústrias de transformação;Demais serviços;Administração, defesa, educação e saúde públicas e seguridade social;6;True;98.2;0.980418;264.84;256.93;5.362833;5.3;;95.3;0.940632;258.3;247.32;5.093667;4.8;;;;;;;;;;;;;;;;99.3;0.99311;248.74;239.56;7.066636;7.0;;100.0;1.0;249.84;240.38;7.102537;7.1;;97.4;0.979512;247.11;238.34;7.013347;6.9;;99.6;0.996235;269.08;263.16;5.537333;5.5;;;;;;;;;;;;;;;;;;;;;;;;;;;;;
4;Sul;42;SC;Santa Catarina;4204301;Concórdia;5510391.821;67491.26;5116747.179;62669.91;4559829.025;60249.05;312111.192;1115388.775;2177609.45;404194.378;4009303.795;550525.23;Demais serviços;Indústrias de transformação;Comércio e reparação de veículos automotores e motocicletas;8;True;94.0;0.939477;269.28;265.42;5.578333;5.2;;93.2;0.93279;267.42;262.46;5.498;5.1;;80.8;0.800368;275.83;282.31;4.789729;3.8;;83.5;0.819868;284.35;288.32;4.999362;4.1;;97.4;0.974122;237.42;226.15;6.606787;6.4;;97.3;0.972767;240.35;228.12;6.698521;6.5;;97.9;0.979278;228.82;220.36;6.337392;6.2;;94.5;0.945182;270.93;268.03;5.649333;5.3;;;;;;;;;;;;;;;;;;;;;;;;;;;;;
4;Sul;42;SC;Santa Catarina;4204350;Cordilheira Alta;529197.692;110687.66;449634.745;94046.17;434572.746;94781.41;56051.61;54184.178;236368.723;33048.244;379652.756;54919.99;Comércio e reparação de veículos automotores e motocicletas;Demais serviços;Pecuária, inclusive apoio à pecuária;6;True;96.1;0.9636;248.85;251.54;5.0065;4.8;;93.5;0.939289;248.85;251.54;5.0065;4.7;;84.0;0.840247;273.02;261.72;4.442029;3.7;;84.0;0.840247;273.02;261.72;4.442029;3.7;;100.0;1.0;244.78;227.59;6.773427;6.8;;100.0;1.0;244.78;227.59;6.773427;6.8;;;;;;;;;;;;;;;;;;;;;;;;;;;;;;;;;;;;;;;;;;;
4;Sul;42;SC;Santa Catarina;4204400;Coronel Freitas;484592.888;46649.3;407480.425;39226.07;381582.577;38543.69;94458.898;85012.897;115394.729;55989.025;350855.549;30727.028;Demais serviços;Pecuária, inclusive apoio à pecuária;Indústrias de transformação;4;True;88.5;0.884282;250.16;250.11;5.0045;4.4;;88.5;0.884282;250.16;250.11;5.0045;4.4;;;;;;;;;;;;;;;;98.5;0.984889;230.63;225.95;6.47357;6.4;;98.3;0.983467;230.63;225.95;6.47357;6.4;;;;;;;;;;;;;;;;;;;;;;;;;;;;;;;;;;;;;;;;;;;
4;Sul;42;SC;Santa Catarina;4204459;Coronel Martins;74760.809;36203.78;54428.182;26357.47;57378.062;22413.31;22265.255;2196.092;13505.021;17308.274;55274.643;2103.42;Administração, defesa, educação e saúde públicas e seguridade social;Pecuária, inclusive apoio à pecuária;Demais serviços;6;True;91.6;0.917067;242.06;240.97;4.717167;4.3;;87.8;0.868656;242.06;240.97;4.717167;4.1;;93.1;0.932812;244.98;228.45;3.550155;3.3;;93.1;0.932812;244.98;228.45;3.550155;3.3;;99.1;0.985841;248.43;234.33;6.965629;6.9;;99.1;0.985841;248.43;234.33;6.965629;6.9;;;;;;;;;;;;;;;;;;;;;;;;;;;;;;;;;;;;;;;;;;;
4;Sul;42;SC;Santa Catarina;4204509;Corupá;1055553.352;69139.54;838130.317;55748.99;797604.513;48932.79;208627.689;210023.994;219340.452;90822.212;728814.347;68790.166;Agricultura, inclusive apoio à agricultura e a pós colheita;Indústrias de transformação;Demais serviços;4;True;91.5;0.908247;268.16;261.35;5.491833;5.0;;;;;;;;;;;;;;;;;;;;;;;98.2;0.982155;236.11;225.63;6.572332;6.5;;98.2;0.982155;236.11;225.63;6.572332;6.5;;;;;;;;;91.5;0.908247;268.16;261.35;5.491833;5.0;;;;;;;;;;;;;;;;;;;;;;;;;;;;;
4;Sul;42;SC;Santa Catarina;4204558;Correia Pinto;763282.446;48533.25;649992.102;41329.69;591364.311;48019.84;91134.102;207144.529;158986.951;76417.342;533682.923;57681.387;Indústrias de transformação;Demais serviços;Administração, defesa, educação e saúde públicas e seguridade social;8;True;92.0;0.919839;250.44;249.21;4.994167;4.6;;89.3;0.892934;248.53;249.6;4.968833;4.4;;78.5;0.785739;252.72;257.5;4.093743;3.2;;78.5;0.785739;252.72;257.5;4.093743;3.2;;97.5;0.974323;215.35;208.44;5.863604;5.7;;98.1;0.979488;213.12;211.62;5.878865;5.8;;95.8;0.957607;219.68;202.27;5.834056;5.6;;94.9;0.949929;254.18;248.45;5.043833;4.8;;;;;;;;;;;;;;;;;;;;;;;;;;;;;
4;Sul;42;SC;Santa Catarina;4204608;Criciúma;12339547.621;57528.91;11211117.068;52267.99;10065323.051;45878.05;56718.252;2256226.762;5047335.752;1099694.276;8459975.042;1605348.009;Demais serviços;Indústrias de transformação;Comércio e reparação de veículos automotores e motocicletas;9;True;94.0;0.939355;259.82;262.05;5.3645;5.0;;85.9;0.857706;254.64;257.39;5.2005;4.5;;78.9;0.786051;272.08;278.21;4.675683;3.7;;79.2;0.788464;274.79;280.09;4.741888;3.7;;99.2;0.991959;230.79;222.46;6.413169;6.4;;99.8;0.998198;232.41;224.08;6.47354;6.5;;95.1;0.953111;223.55;215.18;6.142638;5.9;;98.5;0.984422;263.87;265.69;5.492667;5.4;;;;;;;;;86.5;0.869973;339.38;324.85;6.319111;5.5;;;;;;;;;;;;;;;
4;Sul;42;SC;Santa Catarina;4204707;Cunha Porã;1090030.707;99518.92;1013553.799;92536.64;927562.198;83189.43;102198.322;199392.849;442216.347;62213.77;806021.289;121540.91;Comércio e reparação de veículos automotores e motocicletas;Demais serviços;Indústrias de transformação;6;True;87.0;0.869412;268.2;261.73;5.498833;4.8;;82.7;0.826552;259.33;258.46;5.2965;4.4;;;;;;;;;;;;;;;;95.4;0.95321;240.87;224.92;6.650263;6.3;;95.4;0.948494;241.48;225.55;6.673359;6.3;;95.4;0.954038;240.37;224.41;6.631448;6.3;;92.3;0.919845;277.73;265.25;5.716333;5.3;;;;;;;;;;;;;;;;;;;;;;;;;;;;;
4;Sul;42;SC;Santa Catarina;4204756;Cunhataí;106831.281;54284.19;79176.105;40231.76;66625.103;33785.55;31377.221;2750.273;14788.728;14955.946;63872.17;2752.934;Pecuária, inclusive apoio à pecuária;Administração, defesa, educação e saúde públicas e seguridade social;Demais serviços;4;True;86.7;0.848288;276.98;267.52;5.741667;4.9;;86.7;0.848288;276.98;267.52;5.741667;4.9;;;;;;;;;;;;;;;;98.4;0.985394;271.13;237.01;7.447562;7.3;;;;;;;;;98.0;0.981298;271.13;237.01;7.447562;7.3;;;;;;;;;;;;;;;;;;;;;;;;;;;;;;;;;;;;
4;Sul;42;SC;Santa Catarina;4204806;Curitibanos;2003887.722;50040.9;2004549.876;50057.43;1875347.794;46840.37;116614.982;579541.805;794309.296;193629.814;1684095.897;191251.898;Indústrias de transformação;Demais serviços;Comércio e reparação de veículos automotores e motocicletas;8;True;93.0;0.928681;243.57;249.98;4.8925;4.5;;91.5;0.91421;244.46;251.27;4.928833;4.5;;86.3;0.785207;261.95;266.15;4.352869;3.4;;86.3;0.785207;261.95;266.15;4.352869;3.4;;97.5;0.975345;218.88;212.45;6.003879;5.9;;98.9;0.988716;222.77;214.12;6.10848;6.0;;95.7;0.957241;214.1;210.38;5.875022;5.6;;97.1;0.969929;239.82;244.57;4.739833;4.6;;;;;;;;;;;;;;;;;;;;;;;;;;;;;
4;Sul;42;SC;Santa Catarina;4204905;Descanso;382121.357;44797.35;328520.011;38513.48;299005.534;36750.93;110542.042;16285.545;112937.863;42211.9;281977.35;17028.183;Pecuária, inclusive apoio à pecuária;Demais serviços;Comércio e reparação de veículos automotores e motocicletas;6;True;87.6;0.874222;266.2;256.15;5.3725;4.7;;86.8;0.865998;266.2;256.15;5.3725;4.7;;82.6;0.845376;258.15;267.84;4.324797;3.7;;82.6;0.845376;258.15;267.84;4.324797;3.7;;97.7;0.977588;239.2;228.96;6.691847;6.5;;97.6;0.97599;239.2;228.96;6.691847;6.5;;;;;;;;;;;;;;;;;;;;;;;;;;;;;;;;;;;;;;;;;;;
4;Sul;42;SC;Santa Catarina;4205001;Dionísio Cerqueira;674812.751;44963.54;585415.774;39006.91;636297.338;40809.22;99875.71;23511.506;313645.009;84274.807;521307.032;114990.306;Comércio e reparação de veículos automotores e motocicletas;Demais serviços;Administração, defesa, educação e saúde públicas e seguridade social;6;True;89.9;0.897278;248.84;251.98;5.013667;4.5;;89.9;0.897278;248.84;251.98;5.013667;4.5;;84.1;0.837487;265.58;270.19;4.464331;3.7;;84.1;0.837487;265.58;270.19;4.464331;3.7;;99.2;0.992328;239.32;225.55;6.632137;6.6;;99.5;0.994979;239.32;225.55;6.632137;6.6;;;;;;;;;;;;;;;;;;;;;;;;;;;;;;;;;;;;;;;;;;;
4;Sul;42;SC;Santa Catarina;4205100;Dona Emma;184448.32;43697.78;176688.507;41859.4;165733.246;39236.09;30064.726;55782.031;40421.337;26884.767;153152.862;12580.383;Indústrias de transformação;Demais serviços;Administração, defesa, educação e saúde públicas e seguridade social;7;True;95.8;0.960331;280.06;268.21;5.8045;5.6;;95.8;0.960331;280.06;268.21;5.8045;5.6;;87.7;0.8687;285.36;296.59;5.137349;4.5;;87.7;0.8687;285.36;296.59;5.137349;4.5;;98.2;0.982951;226.82;208.02;6.074861;6.0;;99.2;0.995521;231.64;226.37;6.500482;6.5;;97.4;0.970964;225.25;202.06;5.936535;5.8;;;;;;;;;;;;;;;;;;;;;;;;;;;;;;;;;;;;
4;Sul;42;SC;Santa Catarina;4205159;Doutor Pedrinho;184032.493;50600.08;165112.242;45397.92;175716.334;42198.93;11818.886;73016.789;35046.706;25530.835;145413.217;30303.117;Indústrias de transformação;Demais serviços;Administração, defesa, educação e saúde públicas e seguridade social;6;True;95.6;0.954542;256.46;252.31;5.146167;4.9;;95.6;0.954542;256.46;252.31;5.146167;4.9;;86.2;0.861173;275.31;274.44;4.664611;4.0;;86.2;0.861173;275.31;274.44;4.664611;4.0;;100.0;1.0;230.7;219.97;6.366179;6.4;;100.0;1.0;230.7;219.97;6.366179;6.4;;;;;;;;;;;;;;;;;;;;;;;;;;;;;;;;;;;;;;;;;;;
4;Sul;42;SC;Santa Catarina;4205175;Entre Rios;75980.775;22334.15;67856.885;19946.17;60605.602;18751.73;22461.863;1538.448;12751.337;22057.305;58808.953;1796.649;Administração, defesa, educação e saúde públicas e seguridade social;Pecuária, inclusive apoio à pecuária;Demais serviços;6;True;87.2;0.870948;259.05;249.84;5.148167;4.5;;87.2;0.870948;259.05;249.84;5.148167;4.5;;84.9;0.847114;255.33;257.56;4.131298;3.5;;84.9;0.847114;255.33;257.56;4.131298;3.5;;97.6;0.976824;215.81;207.88;5.862201;5.7;;98.4;0.984994;215.81;207.88;5.862201;5.8;;;;;;;;;;;;;;;;;;;;;;;;;;;;;;;;;;;;;;;;;;;
4;Sul;42;SC;Santa Catarina;4205191;Ermo;241247.32;106323.19;180978.069;79761.16;176552.303;85746.63;39966.12;59780.655;43246.295;16755.754;159748.825;16803.478;Indústrias de transformação;Demais serviços;Agricultura, inclusive apoio à agricultura e a pós colheita;4;True;96.2;0.960118;253.1;265.3;5.306667;5.1;;96.2;0.960118;253.1;265.3;5.306667;5.1;;86.1;0.860126;272.73;269.29;4.551279;3.9;;88.6;0.889652;272.73;269.29;4.551279;4.0;;;;;;;;;;;;;;;;;;;;;;;;;;;;;;;;;;;;;;;;;;;;;;;;;;;;;;;;;
4;Sul;42;SC;Santa Catarina;4205209;Erval Velho;253179.087;51827.86;239100.183;48945.79;183148.747;41408.26;66925.107;17161.596;59724.807;27580.381;171391.892;11756.856;Pecuária, inclusive apoio à pecuária;Demais serviços;Administração, defesa, educação e saúde públicas e seguridade social;2;True;;;;;;;;;;;;;;;;;;;;;;;;;;;;;94.6;0.9461;216.44;216.03;6.022405;5.7;;94.6;0.9461;216.44;216.03;6.022405;5.7;;;;;;;;;;;;;;;;;;;;;;;;;;;;;;;;;;;;;;;;;;;
4;Sul;42;SC;Santa Catarina;4205308;Faxinal dos Guedes;845386.994;75534.94;802802.722;71730.05;758371.392;71342.56;192989.961;181048.199;206174.842;66221.413;646434.415;111936.977;Indústrias de transformação;Demais serviços;Pecuária, inclusive apoio à pecuária;7;True;95.1;0.949115;264.64;263.48;5.468667;5.2;;91.0;0.914071;240.24;245.81;4.7675;4.4;;86.3;0.869115;261.73;264.2;4.320587;3.8;;86.3;0.869115;261.73;264.2;4.320587;3.8;;96.6;0.966251;227.11;226.91;6.423849;6.2;;96.6;0.966251;227.11;226.91;6.423849;6.2;;;;;;;;;96.5;0.963268;272.31;269.04;5.689167;5.5;;;;;;;;;;;;;;;;;;;;;;;;;;;;;
4;Sul;42;SC;Santa Catarina;4205357;Flor do Sertão;95652.975;53647.21;79685.687;44691.92;64277.694;40811.23;18856.896;8933.244;16372.932;15711.716;59874.788;4402.906;Administração, defesa, educação e saúde públicas e seguridade social;Pecuária, inclusive apoio à pecuária;Demais serviços;6;True;89.3;0.900893;257.71;245.41;5.052;4.6;;89.3;0.900893;257.71;245.41;5.052;4.6;;92.3;0.933357;286.89;282.37;4.945964;4.6;;92.3;0.933357;286.89;282.37;4.945964;4.6;;100.0;1.0;223.24;214.77;6.129267;6.1;;100.0;1.0;223.24;214.77;6.129267;6.1;;;;;;;;;;;;;;;;;;;;;;;;;;;;;;;;;;;;;;;;;;;
4;Sul;42;SC;Santa Catarina;4205407;Florianópolis;31190132.216;58059.37;26552426.154;49426.25;23559946.53;45612.49;75454.253;1668678.76;15084988.907;2994962.432;19824084.351;3735862.179;Demais serviços;Administração, defesa, educação e saúde públicas e seguridade social;Comércio e reparação de veículos automotores e motocicletas;11;True;89.7;0.896715;245.14;249.63;4.912833;4.4;;81.3;0.811323;248.53;253.99;5.042;4.1;;75.2;0.766135;264.75;270.14;4.451925;3.4;;76.6;0.800479;276.06;276.96;4.712869;3.8;;96.0;0.959821;211.78;204.61;5.725838;5.5;;99.0;0.989791;214.63;209.25;5.864591;5.8;;91.8;0.919323;207.02;197.63;5.508089;5.1;;97.6;0.975644;240.11;243.74;4.730833;4.6;;;;;;;;;87.6;0.886217;330.77;309.95;5.97513;5.3;;100.0;1.0;241.99;234.48;6.845455;6.8;;92.0;0.919983;278.15;277.03;5.919667;5.4;
4;Sul;42;SC;Santa Catarina;4205431;Formosa do Sul;104803.4;39076.58;87118.114;32482.52;78636.998;31695.69;26169.343;6717.582;22915.738;18802.487;74605.15;4031.848;Pecuária, inclusive apoio à pecuária;Administração, defesa, educação e saúde públicas e seguridade social;Demais serviços;4;True;;;;;;;;;;;;;;;87.7;0.880226;274.28;272.87;4.626642;4.1;;87.7;0.880226;274.28;272.87;4.626642;4.1;;99.3;0.993432;268.83;252.62;7.687487;7.6;;99.3;0.993432;268.83;252.62;7.687487;7.6;;;;;;;;;;;;;;;;;;;;;;;;;;;;;;;;;;;;;;;;;;;
4;Sul;42;SC;Santa Catarina;4205456;Forquilhinha;1525924.405;48548.39;1338681.771;42591.13;1224547.814;44333.94;136864.052;372147.019;436689.667;146184.844;1091885.582;132662.231;Demais serviços;Indústrias de transformação;Administração, defesa, educação e saúde públicas e seguridade social;7;True;91.0;0.909541;258.29;258.97;5.287667;4.8;;91.0;0.909541;258.29;258.97;5.287667;4.8;;85.7;0.861369;277.71;276.28;4.725864;4.1;;85.7;0.861369;277.71;276.28;4.725864;4.1;;99.8;0.997591;236.98;225.27;6.58239;6.6;;99.8;0.998194;237.64;225.32;6.595895;6.6;;99.4;0.993852;230.82;224.74;6.455196;6.4;;;;;;;;;;;;;;;;;;;;;;;;;;;;;;;;;;;;
4;Sul;42;SC;Santa Catarina;4205506;Fraiburgo;1596213.305;47675.2;1386572.415;41413.71;1273658.568;34682.86;203800.661;212541.521;518003.515;203632.857;1137978.554;135680.014;Demais serviços;Administração, defesa, educação e saúde públicas e seguridade social;Comércio e reparação de veículos automotores e motocicletas;9;True;96.0;0.960396;280.57;281.79;6.039333;5.8;;88.4;0.881977;285.11;279.56;6.077833;5.4;;74.6;0.750582;275.46;284.54;4.817915;3.6;;77.6;0.782515;280.58;286.75;4.922909;3.9;;98.7;0.98752;244.59;235.86;6.920164;6.8;;98.9;0.989696;246.5;237.89;6.993524;6.9;;95.6;0.97148;228.46;218.67;6.299795;6.1;;97.5;0.976096;279.45;282.34;6.029833;5.9;;;;;;;;;98.2;0.987004;323.0;305.03;5.792348;5.7;;;;;;;;;;;;;;;
4;Sul;42;SC;Santa Catarina;4205555;Frei Rogério;114310.223;47411.95;96981.101;40224.43;102097.904;53231.44;51734.875;5304.783;24725.084;17022.601;98787.344;3310.56;Agricultura, inclusive apoio à agricultura e a pós colheita;Administração, defesa, educação e saúde públicas e seguridade social;Demais serviços;4;True;;;;;;;;;;;;;;;90.2;0.89679;263.75;267.7;4.401353;3.9;;90.2;0.89679;263.75;267.7;4.401353;3.9;;100.0;1.0;230.14;211.44;6.200401;6.2;;100.0;1.0;230.14;211.44;6.200401;6.2;;;;;;;;;;;;;;;;;;;;;;;;;;;;;;;;;;;;;;;;;;;
4;Sul;42;SC;Santa Catarina;4205605;Galvão;159894.354;49811.33;123184.871;38268.06;99962.901;36873.07;29836.095;9199.998;34300.147;20777.989;94114.229;5848.672;Demais serviços;Administração, defesa, educação e saúde públicas e seguridade social;Pecuária, inclusive apoio à pecuária;4;True;90.2;0.905672;266.07;267.84;5.565167;5.0;;89.8;0.899938;266.07;267.84;5.565167;5.0;;;;;;;;;;;;;;;;100.0;1.0;226.7;217.65;6.247661;6.2;;100.0;1.0;226.7;217.65;6.247661;6.2;;;;;;;;;;;;;;;;;;;;;;;;;;;;;;;;;;;;;;;;;;;
4;Sul;42;SC;Santa Catarina;4205704;Garopaba;1005307.519;33556.11;863321.265;28816.76;773365.453;32129.85;20305.14;81403.988;446439.58;140980.277;689128.986;84236.468;Demais serviços;Administração, defesa, educação e saúde públicas e seguridade social;Comércio e reparação de veículos automotores e motocicletas;5;True;87.2;0.870697;259.32;256.09;5.256833;4.6;;87.2;0.870697;259.32;256.09;5.256833;4.6;;;;;;;;;84.5;0.851423;269.94;279.09;4.6588;4.0;;98.6;0.985979;248.2;236.15;6.99433;6.9;;98.6;0.985979;248.2;236.15;6.99433;6.9;;;;;;;;;;;;;;;;;;;;;;;;;;;;;;;;;;;;;;;;;;;
4;Sul;42;SC;Santa Catarina;4205803;Garuva;1982039.347;106877.29;1767664.5;95261.07;2033242.159;108059.21;43212.963;920172.274;530168.549;118271.076;1611824.861;421417.298;Indústrias de transformação;Demais serviços;Comércio e reparação de veículos automotores e motocicletas;5;True;76.7;0.766722;255.82;257.97;5.229833;4.0;;93.9;0.93876;249.13;251.89;5.017;4.7;;;;;;;;;;;;;;;;94.8;0.946744;216.39;209.91;5.910178;5.6;;94.8;0.946545;216.39;209.91;5.910178;5.6;;;;;;;;;74.6;0.745104;257.82;259.78;5.293333;3.9;;;;;;;;;;;;;;;;;;;;;;;;;;;;;
4;Sul;42;SC;Santa Catarina;4205902;Gaspar;5058949.212;69711.3;4963886.853;68401.36;4157382.576;57801.63;29665.074;1404880.98;1718818.047;374955.354;3528319.455;629063.121;Indústrias de transformação;Demais serviços;Comércio e reparação de veículos automotores e motocicletas;8;True;96.1;0.961184;262.33;259.46;5.363167;5.2;;92.0;0.919146;261.48;261.32;5.38;4.9;;79.6;0.807205;270.71;278.45;4.660034;3.8;;81.5;0.825158;277.98;284.22;4.848518;4.0;;98.3;0.983362;231.74;221.64;6.41639;6.3;;99.8;0.998197;236.11;224.79;6.55706;6.5;;95.2;0.953142;224.14;216.17;6.171897;5.9;;99.1;0.990951;262.98;258.05;5.3505;5.3;;;;;;;;;;;;;;;;;;;;;;;;;;;;;
4;Sul;42;SC;Santa Catarina;4206009;Governador Celso Ramos;661697.403;39118.97;554945.776;32807.91;449767.859;30515.49;60334.56;39744.335;202323.947;112101.562;414504.404;35263.455;Demais serviços;Administração, defesa, educação e saúde públicas e seguridade social;Produção florestal, pesca e aquicultura;6;True;93.2;0.932168;267.83;272.53;5.672667;5.3;;;;;;;;;90.1;0.905971;269.53;275.75;4.603042;4.2;;90.1;0.905971;269.53;275.75;4.603042;4.2;;93.4;0.933083;251.64;241.55;7.158161;6.7;;93.4;0.933083;251.64;241.55;7.158161;6.7;;;;;;;;;93.2;0.933072;271.66;275.69;5.789167;5.4;;;;;;;;;;;;;;;;;;;;;;;;;;;;;
4;Sul;42;SC;Santa Catarina;4206108;Grão-Pará;406387.201;64742.27;355167.329;56582.34;329165.919;49715.44;101341.146;68404.653;90973.059;41191.742;301910.599;27255.321;Pecuária, inclusive apoio à pecuária;Demais serviços;Indústrias de transformação;4;True;86.4;0.862388;252.25;242.95;4.92;4.2;;86.4;0.862388;252.25;242.95;4.92;4.2;;;;;;;;;;;;;;;;96.0;0.958807;221.47;211.76;6.040761;5.8;;99.0;0.988275;208.11;198.25;5.540163;5.5;;;;;;;;;;;;;;;;;;;;;;;;;;;;;;;;;;;;;;;;;;;
4;Sul;42;SC;Santa Catarina;4206207;Gravatal;456980.67;36749.55;390451.143;31399.37;387303.669;33239.24;26386.556;99886.147;166678.035;62869.502;355820.24;31483.429;Demais serviços;Indústrias de transformação;Administração, defesa, educação e saúde públicas e seguridade social;7;True;87.9;0.876128;258.32;255.44;5.229333;4.6;;86.2;0.861516;258.32;255.44;5.229333;4.5;;85.4;0.861853;261.0;265.28;4.326502;3.7;;85.4;0.861853;261.0;265.28;4.326502;3.7;;96.1;0.962184;216.24;210.49;5.917861;5.7;;98.5;0.987615;238.14;214.35;6.405982;6.3;;95.1;0.956764;212.63;209.85;5.837332;5.6;;;;;;;;;;;;;;;;;;;;;;;;;;;;;;;;;;;;
4;Sul;42;SC;Santa Catarina;4206306;Guabiruba;1492565.307;60814.3;1328996.798;54149.73;1262926.124;50675.15;4390.566;414396.011;416791.733;131963.17;967541.48;295384.644;Indústrias de transformação;Demais serviços;Administração, defesa, educação e saúde públicas e seguridade social;6;True;91.9;0.918073;275.92;275.88;5.863333;5.4;;;;;;;;;80.3;0.801565;277.8;275.93;4.721888;3.8;;80.3;0.801565;277.8;275.93;4.721888;3.8;;98.4;0.98457;239.76;228.42;6.692716;6.6;;98.4;0.98457;239.76;228.42;6.692716;6.6;;;;;;;;;91.9;0.918073;275.92;275.88;5.863333;5.4;;;;;;;;;;;;;;;;;;;;;;;;;;;;;
4;Sul;42;SC;Santa Catarina;4206405;Guaraciaba;615278.476;56991.34;509033.635;47150.21;454636.503;45627.91;144044.448;58089.826;160055.287;57374.621;419564.182;35072.321;Pecuária, inclusive apoio à pecuária;Demais serviços;Comércio e reparação de veículos automotores e motocicletas;7;True;96.5;0.964908;289.72;286.23;6.265833;6.0;;95.2;0.947716;272.62;271.75;5.7395;5.4;;94.4;0.946826;284.27;280.21;4.876831;4.6;;94.4;0.946826;284.27;280.21;4.876831;4.6;;99.8;0.99778;249.59;233.52;6.973039;7.0;;99.8;0.99778;249.59;233.52;6.973039;7.0;;;;;;;;;97.5;0.973324;297.62;292.91;6.508833;6.3;;;;;;;;;;;;;;;;;;;;;;;;;;;;;
4;Sul;42;SC;Santa Catarina;4206504;Guaramirim;3136749.682;67152.27;2908382.788;62263.34;2514409.984;53776.12;74199.973;779485.043;1014761.487;268433.418;2136879.922;377530.062;Indústrias de transformação;Demais serviços;Comércio e reparação de veículos automotores e motocicletas;7;True;91.6;0.914871;259.28;257.82;5.285;4.8;;91.9;0.919619;256.71;257.71;5.240333;4.8;;79.7;0.805283;278.44;276.72;4.742703;3.8;;79.7;0.805283;278.44;276.72;4.742703;3.8;;99.4;0.994574;247.21;232.86;6.915619;6.9;;99.7;0.996996;253.02;237.81;7.116497;7.1;;97.5;0.979146;228.24;216.67;6.259232;6.1;;;;;;;;;;;;;;;;;;;;;;;;;;;;;;;;;;;;
4;Sul;42;SC;Santa Catarina;4206603;Guarujá do Sul;262918.154;54445.67;224030.97;46392.83;202565.371;38984.87;35257.141;44679.479;68829.598;32308.676;181074.894;21490.477;Demais serviços;Indústrias de transformação;Administração, defesa, educação e saúde públicas e seguridade social;4;True;90.2;0.902999;262.93;256.89;5.330333;4.8;;;;;;;;;;;;;;;;;;;;;;;96.7;0.968793;240.9;226.59;6.681199;6.5;;96.7;0.968793;240.9;226.59;6.681199;6.5;;;;;;;;;89.1;0.887699;262.93;256.89;5.330333;4.7;;;;;;;;;;;;;;;;;;;;;;;;;;;;;
4;Sul;42;SC;Santa Catarina;4206652;Guatambú;617585.465;73303.91;475207.721;56404.48;354999.366;75660.56;72172.666;125700.922;78247.523;33348.376;309469.488;45529.877;Indústrias de transformação;Demais serviços;Pecuária, inclusive apoio à pecuária;2;True;;;;;;;;;;;;;;;;;;;;;;;;;;;;;98.1;0.980205;220.85;211.59;6.025838;5.9;;99.0;0.990049;220.85;211.59;6.025838;6.0;;;;;;;;;;;;;;;;;;;;;;;;;;;;;;;;;;;;;;;;;;;
4;Sul;42;SC;Santa Catarina;4206702;Herval d'Oeste;723521.698;33305.18;664735.154;30599.11;624023.233;27345.45;50453.541;120451.38;271309.498;123249.788;565464.206;58559.026;Demais serviços;Administração, defesa, educação e saúde públicas e seguridade social;Comércio e reparação de veículos automotores e motocicletas;8;True;88.0;0.879645;260.54;253.96;5.241667;4.6;;88.7;0.883729;262.37;255.29;5.294333;4.7;;66.7;0.686514;257.05;250.47;4.049318;2.8;;66.7;0.686514;257.05;250.47;4.049318;2.8;;94.8;0.94681;229.95;221.51;6.379866;6.0;;94.7;0.944985;241.12;232.89;6.799943;6.4;;95.4;0.963923;200.56;191.55;5.274261;5.1;;86.2;0.86494;254.99;249.94;5.082167;4.4;;;;;;;;;;;;;;;;;;;;;;;;;;;;;
4;Sul;42;SC;Santa Catarina;4206751;Ibiam;90693.309;45165.99;74450.879;37077.13;75608.041;38733.63;36937.08;7322.9;11343.278;16030.214;71633.472;3974.568;Pecuária, inclusive apoio à pecuária;Administração, defesa, educação e saúde públicas e seguridade social;Agricultura, inclusive apoio à agricultura e a pós colheita;6;True;93.7;0.924071;262.05;258.74;5.3465;4.9;;93.7;0.924071;262.05;258.74;5.3465;4.9;;87.9;0.903518;270.68;262.52;4.42114;4.0;;87.9;0.903518;270.68;262.52;4.42114;4.0;;96.8;0.968449;226.96;224.52;6.377532;6.2;;96.8;0.968449;226.96;224.52;6.377532;6.2;;;;;;;;;;;;;;;;;;;;;;;;;;;;;;;;;;;;;;;;;;;
4;Sul;42;SC;Santa Catarina;4206801;Ibicaré;174344.419;53332.65;155011.981;47418.78;145417.704;46105.8;58345.776;15092.974;40150.994;22641.614;136231.357;9186.347;Pecuária, inclusive apoio à pecuária;Demais serviços;Administração, defesa, educação e saúde públicas e seguridade social;6;True;95.7;0.956516;269.14;259.68;5.480333;5.2;;95.7;0.956516;269.14;259.68;5.480333;5.2;;90.9;0.90358;278.56;284.67;4.863401;4.4;;90.9;0.90358;278.56;284.67;4.863401;4.4;;92.8;0.924315;246.84;231.13;6.877103;6.4;;92.8;0.924315;246.84;231.13;6.877103;6.4;;;;;;;;;;;;;;;;;;;;;;;;;;;;;;;;;;;;;;;;;;;
4;Sul;42;SC;Santa Catarina;4206900;Ibirama;774395.357;38988.79;680120.889;34242.32;599218.638;31147.66;25671.675;152574.803;245959.356;109123.188;533329.023;65889.615;Demais serviços;Indústrias de transformação;Administração, defesa, educação e saúde públicas e seguridade social;9;True;91.0;0.909609;271.34;267.5;5.647333;5.1;;90.4;0.910512;262.92;261.34;5.404333;4.9;;84.5;0.848431;275.84;276.72;4.706187;4.0;;88.3;0.887616;294.63;294.29;5.233115;4.6;;97.2;0.971645;230.39;224.23;6.437718;6.3;;97.5;0.974955;236.98;228.15;6.634754;6.5;;94.0;0.95754;215.38;215.3;5.988904;5.7;;93.0;0.929424;280.59;274.27;5.914333;5.5;;;;;;;;;94.2;0.947798;322.96;320.77;6.027415;5.7;;;;;;;;;;;;;;;
4;Sul;42;SC;Santa Catarina;4207007;Içara;4878273.748;82633.59;4331901.262;73378.53;3521709.778;60661.61;121900.592;1133577.414;1545644.864;295488.502;3096611.371;425098.407;Indústrias de transformação;Demais serviços;Comércio e reparação de veículos automotores e motocicletas;8;True;93.5;0.935222;272.13;272.67;5.746667;5.4;;87.6;0.875672;258.78;261.01;5.329833;4.7;;82.6;0.834177;271.54;271.12;4.561961;3.8;;82.6;0.834177;271.54;271.12;4.561961;3.8;;98.3;0.983412;236.06;224.44;6.549742;6.4;;99.5;0.99438;247.35;234.21;6.942836;6.9;;96.2;0.964314;223.26;213.38;6.104376;5.9;;98.6;0.98593;287.41;286.02;6.223833;6.1;;;;;;;;;;;;;;;;;;;;;;;;;;;;;
4;Sul;42;SC;Santa Catarina;4207106;Ilhota;1190605.336;69846.61;1237649.107;72606.42;1215355.675;83638.82;57228.638;201933.972;623215.875;90684.999;973063.484;242292.191;Comércio e reparação de veículos automotores e motocicletas;Demais serviços;Indústrias de transformação;6;True;93.8;0.93695;248.04;254.2;5.037333;4.7;;87.5;0.872561;252.27;257.54;5.1635;4.5;;;;;;;;;;;;;;;;97.8;0.977736;216.04;207.13;5.852954;5.7;;99.2;0.992183;218.57;216.1;6.064327;6.0;;93.9;0.932409;213.87;199.46;5.672087;5.3;;99.2;0.991365;238.23;246.46;4.744833;4.7;;;;;;;;;;;;;;;;;;;;;;;;;;;;;
4;Sul;42;SC;Santa Catarina;4207205;Imaruí;320779.62;26999.38;279511.531;23525.93;252843.029;25895.44;89816.06;32604.838;71819.058;51039.612;245279.568;7563.461;Demais serviços;Administração, defesa, educação e saúde públicas e seguridade social;Produção florestal, pesca e aquicultura;7;True;90.8;0.910472;253.1;253.39;5.108167;4.7;;91.3;0.912601;264.31;266.1;5.506833;5.0;;91.8;0.902177;272.5;277.98;4.678139;4.2;;91.8;0.902177;272.5;277.98;4.678139;4.2;;96.8;0.966143;208.84;202.11;5.624276;5.4;;96.5;0.959486;208.84;202.11;5.624276;5.4;;;;;;;;;90.4;0.912751;248.68;248.37;4.950833;4.5;;;;;;;;;;;;;;;;;;;;;;;;;;;;;
4;Sul;42;SC;Santa Catarina;4207304;Imbituba;3250687.753;61824.83;2831613.673;53852.41;2502978.422;54756.59;55967.001;317188.289;1431460.699;272304.51;2076920.498;426057.924;Demais serviços;Comércio e reparação de veículos automotores e motocicletas;Administração, defesa, educação e saúde públicas e seguridade social;8;True;88.5;0.88481;265.16;261.62;5.446333;4.8;;87.9;0.878636;262.84;260.08;5.382;4.7;;82.0;0.823526;268.99;277.16;4.616565;3.8;;82.0;0.823526;268.99;277.16;4.616565;3.8;;94.2;0.941804;235.93;227.71;6.606715;6.2;;94.4;0.943188;246.19;235.86;6.950699;6.6;;94.1;0.943325;224.44;218.59;6.221622;5.9;;91.4;0.912128;272.12;266.25;5.6395;5.1;;;;;;;;;;;;;;;;;;;;;;;;;;;;;
4;Sul;42;SC;Santa Catarina;4207403;Imbuia;319440.817;53400.34;291402.116;48713.16;260686.901;41484.23;99349.693;13599.861;96354.437;35907.135;245211.127;15475.774;Agricultura, inclusive apoio à agricultura e a pós colheita;Demais serviços;Comércio e reparação de veículos automotores e motocicletas;4;True;95.8;0.957631;273.89;261.74;5.593833;5.4;;95.8;0.957631;273.89;261.74;5.593833;5.4;;;;;;;;;;;;;;;;98.9;0.988513;233.26;216.13;6.345216;6.3;;98.9;0.988513;233.26;216.13;6.345216;6.3;;;;;;;;;;;;;;;;;;;;;;;;;;;;;;;;;;;;;;;;;;;
4;Sul;42;SC;Santa Catarina;4207502;Indaial;4484717.577;62680.37;4043553.304;56514.46;3675993.288;50811.29;26629.508;1340369.231;1413064.112;379570.006;3159632.858;516360.429;Indústrias de transformação;Demais serviços;Comércio e reparação de veículos automotores e motocicletas;8;True;94.0;0.940483;271.76;271.57;5.722167;5.4;;93.6;0.935197;266.17;264.24;5.506833;5.1;;76.4;0.777941;279.67;288.02;4.92914;3.8;;76.4;0.777941;279.67;288.02;4.92914;3.8;;95.9;0.958424;236.75;224.17;6.558001;6.3;;96.2;0.961673;240.46;227.46;6.68862;6.4;;94.9;0.950581;228.98;217.27;6.284264;6.0;;94.3;0.94247;274.96;275.77;5.8455;5.5;;;;;;;;;;;;;;;;;;;;;;;;;;;;;
4;Sul;42;SC;Santa Catarina;4207577;Iomerê;381384.196;132563.15;276144.381;95983.45;227779.969;76461.89;76072.199;69004.896;42987.888;21546.703;209611.686;18168.283;Indústrias de transformação;Pecuária, inclusive apoio à pecuária;Demais serviços;6;True;96.4;0.96281;308.11;280.46;6.476167;6.2;;;;;;;;;89.7;0.895958;298.95;289.7;5.225077;4.7;;89.7;0.895958;298.95;289.7;5.225077;4.7;;96.5;0.964951;244.14;230.48;6.813759;6.6;;96.5;0.964951;244.14;230.48;6.813759;6.6;;;;;;;;;96.4;0.96281;308.11;280.46;6.476167;6.2;;;;;;;;;;;;;;;;;;;;;;;;;;;;;
4;Sul;42;SC;Santa Catarina;4207601;Ipira;134994.59;29487.68;117758.292;25722.65;107134.918;24532.84;36027.284;6676.438;30390.205;29664.201;102758.128;4376.789;Administração, defesa, educação e saúde públicas e seguridade social;Pecuária, inclusive apoio à pecuária;Demais serviços;4;True;97.6;0.975158;278.64;274.5;5.885667;5.7;;;;;;;;;;;;;;;;;;;;;;;99.0;0.989932;260.62;244.71;7.38699;7.3;;99.0;0.989932;260.62;244.71;7.38699;7.3;;;;;;;;;97.6;0.975158;278.64;274.5;5.885667;5.7;;;;;;;;;;;;;;;;;;;;;;;;;;;;;
4;Sul;42;SC;Santa Catarina;4207650;Iporã do Oeste;486273.637;52091.44;409313.363;43856.57;381311.08;41934.57;142246.805;26586.649;136050.672;49873.623;354757.748;26553.331;Pecuária, inclusive apoio à pecuária;Demais serviços;Comércio e reparação de veículos automotores e motocicletas;8;True;92.8;0.92977;306.04;290.41;6.6075;6.1;;88.4;0.884221;282.32;273.75;5.9345;5.2;;94.5;0.941605;292.62;290.17;5.143208;4.8;;94.5;0.941605;292.62;290.17;5.143208;4.8;;97.7;0.976546;258.94;239.72;7.264201;7.1;;97.2;0.972123;284.67;260.8;8.138505;7.9;;98.2;0.984087;235.78;220.75;6.477307;6.4;;97.3;0.973584;326.93;305.09;7.200333;7.0;;;;;;;;;;;;;;;;;;;;;;;;;;;;;
4;Sul;42;SC;Santa Catarina;4207684;Ipuaçu;435899.804;56390.66;378147.014;50412.88;321242.512;42030.94;73961.169;108935.48;72261.275;44907.028;300064.953;21177.56;Eletricidade e gás, água, esgoto, atividades de gestão de resíduos e descontaminação;Demais serviços;Administração, defesa, educação e saúde públicas e seguridade social;4;True;86.1;0.853617;265.54;244.64;5.169667;4.4;;84.7;0.838405;265.54;244.64;5.169667;4.3;;;;;;;;;;;;;;;;95.6;0.957237;244.28;239.61;6.98243;6.7;;98.3;0.980673;244.28;239.61;6.98243;6.8;;;;;;;;;;;;;;;;;;;;;;;;;;;;;;;;;;;;;;;;;;;
4;Sul;42;SC;Santa Catarina;4207700;Ipumirim;564807.509;72262.99;518696.175;66363.38;465730.067;60903.63;95165.076;155715.957;123090.485;46636.223;420607.741;45122.326;Indústrias de transformação;Demais serviços;Pecuária, inclusive apoio à pecuária;7;True;93.0;0.925254;279.55;270.18;5.828833;5.4;;99.4;0.994408;281.28;273.67;5.915833;5.9;;93.3;0.933654;297.27;284.21;5.119295;4.8;;93.3;0.933654;297.27;284.21;5.119295;4.8;;97.5;0.973043;247.72;242.16;7.094443;6.9;;97.5;0.973043;247.72;242.16;7.094443;6.9;;;;;;;;;85.1;0.845829;277.83;266.7;5.742167;4.9;;;;;;;;;;;;;;;;;;;;;;;;;;;;;
4;Sul;42;SC;Santa Catarina;4207759;Iraceminha;258922.509;64957.98;196841.248;49383.15;133805.952;34300.42;57591.727;6889.245;34912.079;25040.754;124433.805;9372.147;Pecuária, inclusive apoio à pecuária;Administração, defesa, educação e saúde públicas e seguridade social;Demais serviços;7;True;91.7;0.908949;271.97;257.41;5.489667;5.0;;91.7;0.908949;271.97;257.41;5.489667;5.0;;96.1;0.960552;279.66;273.47;4.711185;4.5;;96.1;0.960552;279.66;273.47;4.711185;4.5;;99.1;0.992162;240.49;236.65;6.856284;6.8;;99.0;0.989583;224.75;221.58;6.281902;6.2;;99.1;0.993642;256.23;251.73;7.430847;7.4;;;;;;;;;;;;;;;;;;;;;;;;;;;;;;;;;;;;
4;Sul;42;SC;Santa Catarina;4207809;Irani;339803.198;33330.38;311687.719;30572.61;282689.951;26731.91;73490.968;27434.576;107272.86;56261.816;264460.219;18229.731;Demais serviços;Administração, defesa, educação e saúde públicas e seguridade social;Pecuária, inclusive apoio à pecuária;4;True;90.7;0.906298;256.98;263.43;5.340167;4.8;;88.6;0.880335;263.49;266.41;5.498333;4.8;;;;;;;;;;;;;;;;95.3;0.953314;227.71;212.28;6.1693;5.9;;95.5;0.956456;229.58;208.65;6.138987;5.9;;;;;;;;;;;;;;;;;;;;;;;;;;;;;;;;;;;;;;;;;;;
4;Sul;42;SC;Santa Catarina;4207858;Irati;78559.622;37969.85;66801.306;32286.76;56618.622;30004.57;15730.073;6023.281;14663.079;16104.742;52521.175;4097.447;Administração, defesa, educação e saúde públicas e seguridade social;Pecuária, inclusive apoio à pecuária;Demais serviços;6;True;85.6;0.826246;255.58;256.05;5.193833;4.3;;85.6;0.826246;255.58;256.05;5.193833;4.3;;88.5;0.869401;267.67;258.38;4.316888;3.8;;88.5;0.869401;267.67;258.38;4.316888;3.8;;100.0;1.0;225.31;223.6;6.329316;6.3;;100.0;1.0;225.31;223.6;6.329316;6.3;;;;;;;;;;;;;;;;;;;;;;;;;;;;;;;;;;;;;;;;;;;
4;Sul;42;SC;Santa Catarina;4207908;Irineópolis;636425.684;61879.02;532410.109;51765.69;458977.286;40424.28;192747.337;22013.789;155140.616;65961.923;435863.664;23113.622;Agricultura, inclusive apoio à agricultura e a pós colheita;Demais serviços;Comércio e reparação de veículos automotores e motocicletas;4;True;94.7;0.946712;288.61;281.02;6.1605;5.8;;;;;;;;;;;;;;;;;;;;;;;98.2;0.982301;269.27;248.09;7.61352;7.5;;98.2;0.982301;269.27;248.09;7.61352;7.5;;;;;;;;;94.7;0.946712;288.61;281.02;6.1605;5.8;;;;;;;;;;;;;;;;;;;;;;;;;;;;;
4;Sul;42;SC;Santa Catarina;4208005;Itá;550221.666;77857.88;487918.866;69041.87;404731.702;66447.5;68267.805;111762.628;131295.518;46219.397;357545.348;47186.354;Demais serviços;Indústrias de transformação;Pecuária, inclusive apoio à pecuária;4;True;90.7;0.905078;296.43;285.12;6.359167;5.8;;;;;;;;;;;;;;;;;;;;;;;95.2;0.94973;245.18;228.44;6.796515;6.5;;94.7;0.944502;245.18;228.44;6.796515;6.4;;;;;;;;;89.3;0.887257;296.43;285.12;6.359167;5.6;;;;;;;;;;;;;;;;;;;;;;;;;;;;;
4;Sul;42;SC;Santa Catarina;4208104;Itaiópolis;1404661.539;63700.58;1173580.538;53221.19;1047674.635;47863.07;322530.801;233672.731;291373.805;120739.985;968317.322;79357.313;Agricultura, inclusive apoio à agricultura e a pós colheita;Demais serviços;Indústrias de transformação;8;True;89.9;0.899528;271.73;262.57;5.571667;5.0;;90.6;0.904699;258.79;250.83;5.160333;4.7;;86.8;0.875247;279.09;267.03;4.606773;4.0;;86.8;0.875247;279.09;267.03;4.606773;4.0;;95.7;0.956323;225.18;212.54;6.125745;5.9;;96.2;0.959405;239.44;226.95;6.659882;6.4;;95.0;0.947868;207.92;195.09;5.479083;5.2;;89.1;0.894922;288.39;277.67;6.101;5.5;;;;;;;;;;;;;;;;;;;;;;;;;;;;;
4;Sul;42;SC;Santa Catarina;4208203;Itajaí;48195908.536;182522.93;50816696.214;192448.12;47757206.618;210739.74;101269.868;3907277.644;20856461.199;1633111.984;26498120.695;21259085.924;Comércio e reparação de veículos automotores e motocicletas;Demais serviços;Indústrias de transformação;8;True;95.6;0.956218;264.12;265.22;5.489;5.2;;85.4;0.855486;255.57;260.36;5.2655;4.5;;77.1;0.810632;263.23;269.08;4.414709;3.6;;77.3;0.81242;265.65;271.38;4.483128;3.6;;98.0;0.980319;230.3;219.95;6.358182;6.2;;98.2;0.981332;231.07;220.4;6.381058;6.3;;96.0;0.963559;223.87;216.2;6.16729;5.9;;97.5;0.975445;266.21;266.41;5.543667;5.4;;;;;;;;;;;;;;;;;;;;;;;;;;;;;
4;Sul;42;SC;Santa Catarina;4208302;Itapema;3799730.364;50035.95;3214850.016;42334.08;2889464.364;41681.18;10290.962;645028.907;1422154.938;463823.515;2541298.321;348166.043;Demais serviços;Construção;Administração, defesa, educação e saúde públicas e seguridade social;8;True;97.1;0.970873;265.98;271.42;5.623333;5.5;;98.6;0.986202;272.88;284.19;5.951167;5.9;;74.9;0.793551;273.95;275.16;4.656288;3.7;;74.9;0.793551;273.95;275.16;4.656288;3.7;;97.2;0.971646;232.89;227.18;6.539064;6.4;;97.2;0.971237;233.11;227.35;6.546353;6.4;;100.0;1.0;219.71;217.14;6.104992;6.1;;97.0;0.970873;265.85;271.18;5.617167;5.5;;;;;;;;;;;;;;;;;;;;;;;;;;;;;
4;Sul;42;SC;Santa Catarina;4208401;Itapiranga;1369949.152;82338.57;1229482.942;73896.08;1064833.334;62129.26;174837.006;326219.95;350414.094;101106.325;952577.375;112255.959;Demais serviços;Indústrias de transformação;Pecuária, inclusive apoio à pecuária;8;True;93.8;0.938405;282.39;275.24;5.9605;5.6;;92.9;0.929307;280.94;273.45;5.9065;5.5;;94.0;0.944228;291.48;298.11;5.246059;5.0;;94.0;0.944228;291.48;298.11;5.246059;5.0;;98.2;0.981667;251.28;237.49;7.077473;6.9;;97.9;0.979633;246.94;234.83;6.946285;6.8;;99.4;0.995314;277.53;253.57;7.87079;7.8;;97.2;0.969554;285.71;279.34;6.084167;5.9;;;;;;;;;;;;;;;;;;;;;;;;;;;;;
4;Sul;42;SC;Santa Catarina;4208450;Itapoá;1990651.159;64736.62;1976756.967;64284.78;1688955.169;77596.03;28725.564;69989.871;899609.975;162488.694;1160814.104;528141.064;Demais serviços;Comércio e reparação de veículos automotores e motocicletas;Administração, defesa, educação e saúde públicas e seguridade social;4;True;89.9;0.900137;268.63;273.37;5.7;5.1;;;;;;;;;;;;;;;;;;;;;;;96.3;0.962543;226.48;219.6;6.278917;6.0;;96.3;0.962543;226.48;219.6;6.278917;6.0;;;;;;;;;89.9;0.900137;268.63;273.37;5.7;5.1;;;;;;;;;;;;;;;;;;;;;;;;;;;;;
4;Sul;42;SC;Santa Catarina;4208500;Ituporanga;1565743.138;59028.96;1400351.731;52793.66;1399717.486;54635.91;278774.712;333170.899;530838.377;137444.634;1280228.622;119488.864;Demais serviços;Agricultura, inclusive apoio à agricultura e a pós colheita;Indústrias de transformação;8;True;88.1;0.881342;264.62;261.36;5.433;4.8;;87.5;0.875967;268.68;266.85;5.592167;4.9;;83.0;0.837196;291.86;287.69;5.095408;4.3;;83.0;0.837196;291.86;287.69;5.095408;4.3;;97.1;0.972502;230.6;219.2;6.350271;6.2;;98.3;0.984567;227.55;222.52;6.352428;6.3;;96.5;0.968011;231.37;218.37;6.349874;6.1;;91.7;0.908863;245.7;235.74;4.690667;4.3;;;;;;;;;;;;;;;;;;;;;;;;;;;;;
4;Sul;42;SC;Santa Catarina;4208609;Jaborá;236969.898;54981.41;211114.145;48982.4;181353.593;46512.85;72985.982;17353.092;49531.158;27500.044;167370.276;13983.317;Pecuária, inclusive apoio à pecuária;Demais serviços;Administração, defesa, educação e saúde públicas e seguridade social;2;True;;;;;;;;;;;;;;;;;;;;;;;;;;;;;97.8;0.977967;222.62;209.23;6.016708;5.9;;97.8;0.977967;222.62;209.23;6.016708;5.9;;;;;;;;;;;;;;;;;;;;;;;;;;;;;;;;;;;;;;;;;;;
4;Sul;42;SC;Santa Catarina;4208708;Jacinto Machado;733561.608;69047.59;598807.027;56363.61;529784.59;51251.29;132480.171;130615.668;166197.196;53663.044;482956.079;46828.511;Demais serviços;Agricultura, inclusive apoio à agricultura e a pós colheita;Indústrias de transformação;4;True;93.4;0.933772;264.46;268.39;5.5475;5.2;;;;;;;;;;;;;;;;;;;;;;;98.4;0.984062;238.14;239.24;6.858527;6.7;;98.4;0.982857;238.14;239.24;6.858527;6.7;;;;;;;;;93.7;0.938131;268.54;273.13;5.6945;5.3;;;;;;;;;;;;;;;;;;;;;;;;;;;;;
4;Sul;42;SC;Santa Catarina;4208807;Jaguaruna;887385.693;43552.67;815250.478;40012.29;852029.138;41467.33;105209.231;127553.506;454592.368;110327.371;797682.477;54346.661;Demais serviços;Administração, defesa, educação e saúde públicas e seguridade social;Comércio e reparação de veículos automotores e motocicletas;6;True;88.3;0.88511;250.01;256.18;5.103167;4.5;;92.1;0.922229;252.93;261.74;5.2445;4.8;;;;;;;;;;;;;;;;94.4;0.945096;226.29;217.39;6.23511;5.9;;93.7;0.936045;221.62;211.36;6.036351;5.7;;95.5;0.953044;230.3;222.56;6.405636;6.1;;84.7;0.850344;246.14;248.79;4.9155;4.2;;;;;;;;;;;;;;;;;;;;;;;;;;;;;
4;Sul;42;SC;Santa Catarina;4208906;Jaraguá do Sul;15509262.572;84907.82;13778059.647;75430.09;12053538.705;65302.87;95605.63;4529691.875;4400392.074;1009005.174;10034694.753;2018843.952;Indústrias de transformação;Demais serviços;Comércio e reparação de veículos automotores e motocicletas;8;True;96.1;0.960889;280.82;277.2;5.967;5.7;;91.5;0.918042;268.88;267.14;5.600333;5.1;;83.7;0.836808;279.49;284.16;4.868828;4.1;;84.6;0.867771;285.1;289.17;5.02262;4.4;;99.1;0.991105;249.05;234.0;6.971461;6.9;;99.5;0.994778;252.08;236.95;7.082922;7.0;;97.9;0.979481;239.13;224.35;6.606693;6.5;;98.5;0.984963;289.0;284.09;6.218167;6.1;;;;;;;;;;;;;;;;;;;;;;;;;;;;;
4;Sul;42;SC;Santa Catarina;4208955;Jardinópolis;82848.772;46649.08;71750.988;40400.33;67321.491;44290.45;25434.155;7981.861;15332.156;15433.282;64181.453;3140.038;Pecuária, inclusive apoio à pecuária;Administração, defesa, educação e saúde públicas e seguridade social;Demais serviços;4;True;77.1;0.738278;284.3;250.65;5.5825;4.1;;77.1;0.738278;284.3;250.65;5.5825;4.1;;;;;;;;;;;;;;;;99.2;0.988275;251.75;231.61;6.979533;6.9;;99.2;0.988275;251.75;231.61;6.979533;6.9;;;;;;;;;;;;;;;;;;;;;;;;;;;;;;;;;;;;;;;;;;;
4;Sul;42;SC;Santa Catarina;4209003;Joaçaba;2754514.296;91372.46;2588135.2;85853.35;2381233.814;77605.06;88356.286;544797.905;1271907.438;199121.885;2104183.514;277050.3;Demais serviços;Indústrias de transformação;Comércio e reparação de veículos automotores e motocicletas;7;True;84.4;0.843092;272.03;276.39;5.807;4.9;;89.5;0.895626;258.12;261.91;5.333833;4.8;;81.4;0.82207;272.91;277.51;4.676861;3.8;;81.4;0.82207;272.91;277.51;4.676861;3.8;;95.2;0.948925;234.11;228.83;6.592346;6.3;;94.8;0.944338;234.11;228.83;6.592346;6.2;;;;;;;;;81.6;0.820245;284.3;289.15;6.224167;5.1;;;;;;;;;;;;;;;;;;;;;;;;;;;;;
4;Sul;42;SC;Santa Catarina;4209102;Joinville;49815876.84;80828.33;45511050.608;73842.86;45074734.617;74539.67;161181.921;11937738.039;18178228.343;3385040.454;33662188.758;11412545.859;Demais serviços;Indústrias de transformação;Comércio e reparação de veículos automotores e motocicletas;8;True;96.3;0.962981;279.27;277.96;5.953833;5.7;;89.6;0.895613;260.52;262.23;5.379167;4.8;;81.7;0.832859;275.56;281.12;4.768122;4.0;;82.0;0.84401;278.61;283.24;4.842696;4.1;;99.2;0.991577;248.54;232.32;6.931183;6.9;;99.6;0.995389;251.86;234.59;7.035814;7.0;;96.5;0.964332;229.66;219.43;6.336514;6.1;;98.3;0.983718;285.34;283.06;6.14;6.0;;;;;;;;;;;;;;;;;;;;;;;;;;;;;
4;Sul;42;SC;Santa Catarina;4209151;José Boiteux;171771.933;28700.41;140264.294;23435.97;130477.132;25996.64;33622.695;23590.501;34359.459;31990.783;123563.438;6913.694;Administração, defesa, educação e saúde públicas e seguridade social;Demais serviços;Agricultura, inclusive apoio à agricultura e a pós colheita;6;True;92.6;0.921199;242.68;242.43;4.751833;4.4;;;;;;;;;87.5;0.875162;266.58;271.84;4.503076;3.9;;87.5;0.875162;266.58;271.84;4.503076;3.9;;99.3;0.993311;224.89;221.45;6.28221;6.2;;99.7;0.997577;224.89;221.45;6.28221;6.3;;;;;;;;;95.4;0.946468;240.29;243.34;4.727167;4.5;;;;;;;;;;;;;;;;;;;;;;;;;;;;;
4;Sul;42;SC;Santa Catarina;4209177;Jupiá;109998.735;43052.34;96074.765;37735.57;88239.748;42361.86;29350.342;15564.228;19184.5;17613.978;81713.048;6526.7;Pecuária, inclusive apoio à pecuária;Administração, defesa, educação e saúde públicas e seguridade social;Demais serviços;6;True;91.2;0.908861;273.22;261.58;5.58;5.1;;91.2;0.908861;273.22;261.58;5.58;5.1;;82.3;0.81678;279.52;261.84;4.535117;3.7;;82.3;0.81678;279.52;261.84;4.535117;3.7;;99.3;0.992586;214.26;212.65;5.919348;5.9;;99.3;0.992586;214.26;212.65;5.919348;5.9;;;;;;;;;;;;;;;;;;;;;;;;;;;;;;;;;;;;;;;;;;;
4;Sul;42;SC;Santa Catarina;4209201;Lacerdópolis;186584.359;83000.16;161857.814;72000.81;137761.05;61281.61;41277.513;26678.889;40170.849;17747.681;125874.931;11886.119;Pecuária, inclusive apoio à pecuária;Demais serviços;Indústrias de transformação;6;True;96.3;0.953328;272.83;258.06;5.514833;5.3;;96.3;0.953328;272.83;258.06;5.514833;5.3;;83.7;0.826539;276.71;251.5;4.340861;3.6;;83.7;0.826539;276.71;251.5;4.340861;3.6;;97.2;0.969926;242.52;229.19;6.759388;6.6;;97.2;0.969926;242.52;229.19;6.759388;6.6;;;;;;;;;;;;;;;;;;;;;;;;;;;;;;;;;;;;;;;;;;;
4;Sul;42;SC;Santa Catarina;4209300;Lages;8341649.834;50561.28;7540244.295;45703.71;6577420.391;41852.28;240400.057;1298813.002;3380704.237;890544.761;5810462.057;766958.334;Demais serviços;Indústrias de transformação;Comércio e reparação de veículos automotores e motocicletas;8;True;87.3;0.872899;243.78;249.46;4.887333;4.3;;83.8;0.837258;240.03;246.08;4.7685;4.0;;80.9;0.82022;261.49;271.86;4.431887;3.6;;81.1;0.821812;260.88;271.36;4.415835;3.6;;96.2;0.962763;203.18;199.33;5.465715;5.3;;98.7;0.986331;207.68;203.0;5.618321;5.5;;93.3;0.935898;199.56;196.39;5.343177;5.0;;94.4;0.945011;252.86;257.62;5.174667;4.9;;;;;;;;;;;;;;;;;;;;;;;;;;;;;
4;Sul;42;SC;Santa Catarina;4209409;Laguna;1404149.986;32818.74;1181763.878;27620.99;1093923.16;23563.74;130256.34;93220.463;570497.772;230253.761;1024228.336;69694.824;Demais serviços;Administração, defesa, educação e saúde públicas e seguridade social;Comércio e reparação de veículos automotores e motocicletas;6;True;90.8;0.908254;255.83;256.55;5.206333;4.7;;90.9;0.908484;255.95;256.28;5.203833;4.7;;85.4;0.844819;260.87;271.37;4.415844;3.7;;85.4;0.844819;260.87;271.37;4.415844;3.7;;95.2;0.952999;220.53;210.0;5.990822;5.7;;;;;;;;;94.7;0.948536;222.12;211.9;6.055711;5.7;;;;;;;;;;;;;;;;;;;;;;;;;;;;;;;;;;;;
4;Sul;42;SC;Santa Catarina;4209458;Lajeado Grande;108718.509;63876.91;82294.392;48351.58;59138.731;42001.94;28335.042;3658.288;12086.886;12768.875;56849.091;2289.641;Pecuária, inclusive apoio à pecuária;Administração, defesa, educação e saúde públicas e seguridade social;Agricultura, inclusive apoio à agricultura e a pós colheita;4;True;;;;;;;;;;;;;;;89.8;0.8831;283.04;269.68;4.701921;4.2;;89.8;0.8831;283.04;269.68;4.701921;4.2;;100.0;1.0;243.67;228.97;6.777334;6.8;;100.0;1.0;243.67;228.97;6.777334;6.8;;;;;;;;;;;;;;;;;;;;;;;;;;;;;;;;;;;;;;;;;;;
4;Sul;42;SC;Santa Catarina;4209508;Laurentino;536260.96;67607.28;524620.729;66139.78;444804.117;62175.58;23767.927;129537.158;187364.104;42969.687;383638.876;61165.241;Indústrias de transformação;Demais serviços;Comércio e reparação de veículos automotores e motocicletas;4;True;89.4;0.893928;246.22;236.71;4.7155;4.2;;89.4;0.893928;246.22;236.71;4.7155;4.2;;;;;;;;;;;;;;;;98.0;0.979456;226.85;221.2;6.315069;6.2;;98.0;0.979456;226.85;221.2;6.315069;6.2;;;;;;;;;;;;;;;;;;;;;;;;;;;;;;;;;;;;;;;;;;;
4;Sul;42;SC;Santa Catarina;4209607;Lauro Müller;481730.009;33497.67;417062.129;29000.91;418821.316;27231.56;48823.39;102072.364;152680.558;88514.523;392090.836;26730.481;Demais serviços;Administração, defesa, educação e saúde públicas e seguridade social;Indústrias extrativas;8;True;91.5;0.913503;261.35;259.34;5.344833;4.9;;87.3;0.872209;253.1;244.61;4.961833;4.3;;85.4;0.869915;243.85;230.56;3.565871;3.1;;85.4;0.869915;243.85;230.56;3.565871;3.1;;96.1;0.960197;231.29;226.57;6.497439;6.2;;96.2;0.961839;231.39;227.15;6.509892;6.3;;95.8;0.957011;231.12;225.58;6.476194;6.2;;95.0;0.948013;267.43;270.19;5.627;5.3;;;;;;;;;;;;;;;;;;;;;;;;;;;;;
4;Sul;42;SC;Santa Catarina;4209706;Lebon Régis;466724.315;40683.78;375556.776;32736.82;416799.839;34383.75;165853.807;54324.433;112206.535;62185.312;394570.087;22229.753;Agricultura, inclusive apoio à agricultura e a pós colheita;Demais serviços;Administração, defesa, educação e saúde públicas e seguridade social;4;True;87.1;0.87165;243.68;248.18;4.864333;4.2;;86.9;0.869553;243.68;248.18;4.864333;4.2;;;;;;;;;;;;;;;;97.3;0.972646;242.12;233.22;6.825027;6.6;;97.1;0.97083;242.12;233.22;6.825027;6.6;;;;;;;;;;;;;;;;;;;;;;;;;;;;;;;;;;;;;;;;;;;
4;Sul;42;SC;Santa Catarina;4209805;Leoberto Leal;169622.368;50937.65;153711.069;46159.48;119785.227;40467.98;55113.58;7669.044;31541.843;21642.145;115966.613;3818.615;Agricultura, inclusive apoio à agricultura e a pós colheita;Demais serviços;Administração, defesa, educação e saúde públicas e seguridade social;4;True;98.5;0.981252;260.09;260.85;5.349;5.2;;98.3;0.980132;260.09;260.85;5.349;5.2;;;;;;;;;;;;;;;;97.1;0.970481;249.54;235.01;6.999176;6.8;;97.1;0.970481;249.54;235.01;6.999176;6.8;;;;;;;;;;;;;;;;;;;;;;;;;;;;;;;;;;;;;;;;;;;
4;Sul;42;SC;Santa Catarina;4209854;Lindóia do Sul;201026.15;44191.28;162695.675;35765.15;151920.221;33536.47;78963.056;9558.745;30004.063;27443.091;145968.955;5951.266;Pecuária, inclusive apoio à pecuária;Administração, defesa, educação e saúde públicas e seguridade social;Demais serviços;6;True;99.5;0.995951;290.32;282.48;6.213333;6.2;;99.5;0.995951;290.32;282.48;6.213333;6.2;;96.8;0.975157;284.58;280.04;4.87864;4.8;;96.8;0.975157;284.58;280.04;4.87864;4.8;;97.5;0.977946;258.87;258.81;7.609956;7.4;;97.5;0.977946;258.87;258.81;7.609956;7.4;;;;;;;;;;;;;;;;;;;;;;;;;;;;;;;;;;;;;;;;;;;
4;Sul;42;SC;Santa Catarina;4209904;Lontras;579987.199;45054.55;528412.454;41048.12;466218.077;37306.4;41001.465;98154.337;192803.957;67559.883;399519.642;66698.435;Demais serviços;Comércio e reparação de veículos automotores e motocicletas;Indústrias de transformação;5;True;82.7;0.830031;262.8;262.61;5.4235;4.5;;82.7;0.830031;262.8;262.61;5.4235;4.5;;;;;;;;;;;;;;;;95.5;0.954994;219.03;213.92;6.033469;5.8;;95.8;0.958577;222.46;216.81;6.151473;5.9;;89.6;0.920463;188.83;188.5;4.994951;4.6;;;;;;;;;;;;;;;;;;;;;;;;;;;;;;;;;;;;
4;Sul;42;SC;Santa Catarina;4210001;Luiz Alves;1138041.979;97401.74;937508.771;80238.68;792774.535;59397.21;185372.427;230216.221;201607.146;75814.437;693010.232;99764.302;Indústrias de transformação;Agricultura, inclusive apoio à agricultura e a pós colheita;Demais serviços;7;True;88.0;0.880694;266.32;260.74;5.451;4.8;;86.8;0.871595;266.32;260.74;5.451;4.8;;82.2;0.821141;265.51;275.61;4.544485;3.7;;82.2;0.821141;265.51;275.61;4.544485;3.7;;94.5;0.943844;235.85;218.64;6.44028;6.1;;96.9;0.969067;251.96;241.36;7.160813;6.9;;90.7;0.910508;227.94;207.49;6.086598;5.5;;;;;;;;;;;;;;;;;;;;;;;;;;;;;;;;;;;;
4;Sul;42;SC;Santa Catarina;4210035;Luzerna;346309.27;59770.33;325563.471;56189.76;292995.148;51556.42;35526.286;105928.363;83326.302;37479.872;262260.823;30734.324;Indústrias de transformação;Demais serviços;Administração, defesa, educação e saúde públicas e seguridade social;6;True;97.9;0.97746;286.39;284.5;6.1815;6.0;;95.7;0.953638;277.25;272.14;5.823167;5.6;;;;;;;;;91.7;0.917826;307.25;301.03;5.51126;5.1;;98.1;0.983438;271.88;250.22;7.702057;7.6;;98.1;0.983438;271.88;250.22;7.702057;7.6;;;;;;;;;99.1;0.990662;294.19;295.02;6.486833;6.4;;;;;;;;;;;;;;;;;;;;;;;;;;;;;
4;Sul;42;SC;Santa Catarina;4210050;Macieira;70007.53;39374.31;67237.805;37816.54;59146.838;33663.54;28093.416;4481.889;8733.918;16001.339;57310.563;1836.275;Administração, defesa, educação e saúde públicas e seguridade social;Agricultura, inclusive apoio à agricultura e a pós colheita;Pecuária, inclusive apoio à pecuária;4;True;;;;;;;;;;;;;;;92.3;0.9152;292.64;303.67;5.345585;4.9;;92.3;0.9152;292.64;303.67;5.345585;4.9;;97.9;0.978083;234.7;215.4;6.359424;6.2;;97.9;0.978083;234.7;215.4;6.359424;6.2;;;;;;;;;;;;;;;;;;;;;;;;;;;;;;;;;;;;;;;;;;;
4;Sul;42;SC;Santa Catarina;4210100;Mafra;3296811.911;59631.95;3025375.602;54722.27;2490227.212;43822.74;356576.29;515467.762;1085596.996;297160.4;2254801.447;235425.765;Demais serviços;Indústrias de transformação;Comércio e reparação de veículos automotores e motocicletas;8;True;94.9;0.94944;257.94;254.95;5.214833;5.0;;93.1;0.930374;247.71;244.85;4.876;4.5;;86.8;0.900744;270.06;271.1;4.540875;4.1;;86.8;0.900744;270.06;271.1;4.540875;4.1;;98.4;0.983485;239.79;229.05;6.704743;6.6;;99.4;0.994391;251.01;239.65;7.111593;7.1;;96.9;0.968786;230.52;220.29;6.368562;6.2;;97.4;0.974909;281.54;278.23;5.996167;5.8;;;;;;;;;;;;;;;;;;;;;;;;;;;;;
4;Sul;42;SC;Santa Catarina;4210209;Major Gercino;86474.067;26905.43;73674.494;22922.99;62143.68;17934.68;15986.672;5362.127;14824.534;23112.878;59286.211;2857.469;Administração, defesa, educação e saúde públicas e seguridade social;Demais serviços;Produção florestal, pesca e aquicultura;4;True;89.8;0.901955;270.66;271.52;5.703;5.1;;89.8;0.901955;270.66;271.52;5.703;5.1;;94.0;0.938572;282.39;276.73;4.798331;4.5;;94.0;0.938572;282.39;276.73;4.798331;4.5;;;;;;;;;;;;;;;;;;;;;;;;;;;;;;;;;;;;;;;;;;;;;;;;;;;;;;;;;
4;Sul;42;SC;Santa Catarina;4210308;Major Vieira;417208.898;56189.75;352564.848;47483.48;300319.059;36584.12;113610.55;33331.175;87931.697;45265.707;280139.13;20179.929;Agricultura, inclusive apoio à agricultura e a pós colheita;Demais serviços;Administração, defesa, educação e saúde públicas e seguridade social;6;True;93.5;0.935222;266.97;261.37;5.472333;5.1;;92.0;0.917699;266.97;261.37;5.472333;5.0;;82.9;0.831395;271.75;264.66;4.468204;3.7;;82.9;0.831395;271.75;264.66;4.468204;3.7;;98.3;0.981647;225.11;224.78;6.346954;6.2;;98.3;0.981647;225.11;224.78;6.346954;6.2;;;;;;;;;;;;;;;;;;;;;;;;;;;;;;;;;;;;;;;;;;;
4;Sul;42;SC;Santa Catarina;4210407;Maracajá;355365.128;45472.19;319263.876;40852.7;273081.312;36601.17;27992.42;49644.92;126147.75;40907.274;244692.363;28388.949;Demais serviços;Comércio e reparação de veículos automotores e motocicletas;Administração, defesa, educação e saúde públicas e seguridade social;5;True;94.0;0.940846;235.77;254.85;4.843667;4.6;;;;;;;;;;;;;;;;;;;;;;;97.5;0.974325;213.98;207.05;5.812186;5.7;;97.5;0.97307;217.71;206.27;5.869187;5.7;;98.0;0.985287;207.8;208.33;5.71752;5.6;;93.5;0.934979;241.38;261.33;5.045167;4.7;;;;;;;;;;;;;;;;;;;;;;;;;;;;;
4;Sul;42;SC;Santa Catarina;4210506;Maravilha;2499222.596;88464.92;2250308.488;79654.12;1794179.067;67799.53;68493.796;628960.618;658210.469;146974.497;1502639.38;291539.687;Indústrias de transformação;Demais serviços;Comércio e reparação de veículos automotores e motocicletas;8;True;88.6;0.88532;274.89;270.37;5.754333;5.1;;89.3;0.891603;276.52;272.22;5.812333;5.2;;81.4;0.826733;300.82;301.51;5.428137;4.5;;81.4;0.826733;300.82;301.51;5.428137;4.5;;96.3;0.963415;245.42;232.28;6.870913;6.6;;97.2;0.970908;243.45;236.5;6.910045;6.7;;95.3;0.958525;246.45;230.06;6.850206;6.6;;87.0;0.882361;268.47;263.11;5.526333;4.9;;;;;;;;;;;;;;;;;;;;;;;;;;;;;
4;Sul;42;SC;Santa Catarina;4210555;Marema;111255.266;50941.06;100177.255;45868.71;97311.841;57141.42;58959.52;2752.092;15543.379;17169.217;94424.209;2887.632;Pecuária, inclusive apoio à pecuária;Administração, defesa, educação e saúde públicas e seguridade social;Demais serviços;6;True;83.0;0.824691;280.74;272.25;5.883167;4.9;;83.0;0.824691;280.74;272.25;5.883167;4.9;;100.0;1.0;271.12;284.1;4.750373;4.8;;100.0;1.0;271.12;284.1;4.750373;4.8;;94.0;0.92564;239.56;232.7;6.766718;6.3;;94.0;0.92564;239.56;232.7;6.766718;6.3;;;;;;;;;;;;;;;;;;;;;;;;;;;;;;;;;;;;;;;;;;;
4;Sul;42;SC;Santa Catarina;4210605;Massaranduba;1050211.472;61194.0;870023.275;50694.75;751874.012;43385.69;128165.648;212482.932;239000.828;94532.108;674181.517;77692.495;Indústrias de transformação;Demais serviços;Agricultura, inclusive apoio à agricultura e a pós colheita;8;True;95.1;0.949211;283.14;277.12;6.004333;5.7;;93.0;0.927358;275.2;277.35;5.875833;5.4;;91.1;0.909704;280.36;281.32;4.838532;4.4;;91.1;0.909704;280.36;281.32;4.838532;4.4;;97.6;0.975471;242.24;221.58;6.615681;6.5;;98.8;0.987643;246.82;222.53;6.720358;6.6;;93.8;0.947174;236.04;220.31;6.474269;6.1;;97.5;0.974877;293.31;276.83;6.169;6.0;;;;;;;;;;;;;;;;;;;;;;;;;;;;;
4;Sul;42;SC;Santa Catarina;4210704;Matos Costa;77764.272;28165.26;66968.255;24255.07;62589.53;25630.44;26709.11;2730.259;12893.089;18317.52;60649.978;1939.552;Administração, defesa, educação e saúde públicas e seguridade social;Agricultura, inclusive apoio à agricultura e a pós colheita;Demais serviços;4;True;79.3;0.786932;252.21;260.42;5.2105;4.1;;79.3;0.786932;252.21;260.42;5.2105;4.1;;;;;;;;;;;;;;;;97.2;0.969456;217.82;214.68;6.024196;5.8;;97.2;0.969456;217.82;214.68;6.024196;5.8;;;;;;;;;;;;;;;;;;;;;;;;;;;;;;;;;;;;;;;;;;;
4;Sul;42;SC;Santa Catarina;4210803;Meleiro;469315.843;66987.7;377837.278;53930.53;340386.062;48703.11;115203.902;41941.925;120232.262;41733.169;319111.258;21274.803;Agricultura, inclusive apoio à agricultura e a pós colheita;Demais serviços;Administração, defesa, educação e saúde públicas e seguridade social;5;True;94.2;0.941051;272.61;263.15;5.596;5.3;;97.1;0.964499;244.79;237.55;4.705667;4.5;;;;;;;;;;;;;;;;97.9;0.977633;221.83;220.05;6.198359;6.1;;97.9;0.977633;221.83;220.05;6.198359;6.1;;;;;;;;;92.8;0.929386;295.13;283.88;6.316833;5.9;;;;;;;;;;;;;;;;;;;;;;;;;;;;;
4;Sul;42;SC;Santa Catarina;4210852;Mirim Doce;106937.446;42587.59;96429.906;38602.84;89443.905;39629.55;31813.996;17260.025;17616.472;18072.835;84763.329;4680.577;Administração, defesa, educação e saúde públicas e seguridade social;Pecuária, inclusive apoio à pecuária;Indústrias de transformação;2;True;95.9;0.956203;247.54;232.19;4.662167;4.5;;97.0;0.968257;247.54;232.19;4.662167;4.5;;;;;;;;;;;;;;;;;;;;;;;;;;;;;;;;;;;;;;;;;;;;;;;;;;;;;;;;;;;;;;;;;;;;;;;
4;Sul;42;SC;Santa Catarina;4210902;Modelo;203355.814;49842.11;179834.628;44077.11;170305.626;40289.95;47080.239;32809.695;52393.862;25847.923;158131.719;12173.907;Demais serviços;Pecuária, inclusive apoio à pecuária;Administração, defesa, educação e saúde públicas e seguridade social;6;True;86.1;0.857061;263.6;264.01;5.460167;4.7;;86.1;0.857061;263.6;264.01;5.460167;4.7;;88.0;0.894142;306.67;292.24;5.371527;4.8;;88.0;0.894142;306.67;292.24;5.371527;4.8;;97.1;0.970198;241.31;220.83;6.584296;6.4;;97.1;0.970198;241.31;220.83;6.584296;6.4;;;;;;;;;;;;;;;;;;;;;;;;;;;;;;;;;;;;;;;;;;;
4;Sul;42;SC;Santa Catarina;4211009;Mondaí;1249316.724;124112.53;1131737.394;112431.69;1089189.108;90509.32;79175.289;535334.746;281765.523;65789.679;962065.236;127123.871;Indústrias de transformação;Demais serviços;Administração, defesa, educação e saúde públicas e seguridade social;4;True;91.4;0.915179;269.03;265.94;5.582833;5.1;;;;;;;;;;;;;;;;;;;;;;;96.9;0.968577;243.6;235.33;6.891635;6.7;;96.9;0.968276;243.6;235.33;6.891635;6.7;;;;;;;;;90.4;0.904862;276.11;265.36;5.691167;5.1;;;;;;;;;;;;;;;;;;;;;;;;;;;;;
4;Sul;42;SC;Santa Catarina;4211058;Monte Carlo;325033.469;35651.36;249273.48;27341.61;233427.237;23471.82;54206.721;44193.266;64314.304;58333.085;221047.376;12379.862;Administração, defesa, educação e saúde públicas e seguridade social;Demais serviços;Agricultura, inclusive apoio à agricultura e a pós colheita;7;True;89.9;0.898686;253.12;260.88;5.233333;4.7;;93.7;0.931426;265.47;272.02;5.624833;5.2;;79.0;0.802115;259.95;253.53;4.135857;3.3;;79.0;0.802115;259.95;253.53;4.135857;3.3;;98.4;0.983608;221.43;210.25;6.012543;5.9;;98.4;0.983608;221.43;210.25;6.012543;5.9;;;;;;;;;88.3;0.885273;248.15;256.4;5.075833;4.5;;;;;;;;;;;;;;;;;;;;;;;;;;;;;
4;Sul;42;SC;Santa Catarina;4211108;Monte Castelo;285959.084;36964.72;262775.246;33967.84;237436.61;28734.92;57035.065;31228.163;87533.144;44921.367;220717.739;16718.872;Demais serviços;Administração, defesa, educação e saúde públicas e seguridade social;Comércio e reparação de veículos automotores e motocicletas;8;True;90.5;0.90393;255.12;256.22;5.189;4.7;;89.0;0.88321;256.43;256.98;5.2235;4.6;;83.1;0.871196;259.1;251.69;4.096374;3.6;;83.1;0.871196;259.1;251.69;4.096374;3.6;;98.2;0.981206;221.32;211.42;6.031717;5.9;;98.7;0.9858;219.17;204.34;5.861959;5.8;;97.6;0.975908;223.3;217.89;6.187139;6.0;;93.0;0.935043;249.48;252.94;5.040333;4.7;;;;;;;;;;;;;;;;;;;;;;;;;;;;;
4;Sul;42;SC;Santa Catarina;4211207;Morro da Fumaça;1019641.349;55005.74;919663.19;49612.3;922591.542;50985.99;16711.304;360134.093;301440.622;101687.754;779973.773;142617.769;Indústrias de transformação;Demais serviços;Administração, defesa, educação e saúde públicas e seguridade social;7;True;90.1;0.900054;272.13;268.64;5.6795;5.1;;85.0;0.850953;260.23;262.41;5.377333;4.6;;82.5;0.833495;262.72;268.56;4.399761;3.7;;82.5;0.833495;262.72;268.56;4.399761;3.7;;98.5;0.984744;236.64;218.71;6.456629;6.4;;98.5;0.984744;236.64;218.71;6.456629;6.4;;;;;;;;;93.2;0.934662;282.24;273.94;5.936333;5.5;;;;;;;;;;;;;;;;;;;;;;;;;;;;;
4;Sul;42;SC;Santa Catarina;4211256;Morro Grande;194418.422;64590.84;174039.231;57820.34;145129.597;50322.33;44193.978;35892.979;33321.68;21273.833;134682.471;10447.126;Agricultura, inclusive apoio à agricultura e a pós colheita;Indústrias de transformação;Demais serviços;2;True;90.8;0.911849;237.67;245.82;4.724833;4.3;;92.7;0.908975;237.67;245.82;4.724833;4.3;;;;;;;;;;;;;;;;;;;;;;;;;;;;;;;;;;;;;;;;;;;;;;;;;;;;;;;;;;;;;;;;;;;;;;;
4;Sul;42;SC;Santa Catarina;4211306;Navegantes;7939673.784;91893.31;7166303.337;82942.37;6143029.433;71652.2;138103.325;1013212.579;2910950.296;495144.552;4557410.751;1585618.682;Demais serviços;Comércio e reparação de veículos automotores e motocicletas;Indústrias de transformação;8;True;87.2;0.873702;256.21;258.87;5.251333;4.6;;87.3;0.864541;251.18;257.5;5.144667;4.4;;76.1;0.769049;269.25;279.38;4.653451;3.6;;76.1;0.769049;269.25;279.38;4.653451;3.6;;95.8;0.95671;222.71;212.94;6.08588;5.8;;95.9;0.957236;222.99;213.7;6.105042;5.8;;93.2;0.906572;219.21;203.58;5.848904;5.3;;87.2;0.874814;257.59;259.25;5.280667;4.6;;;;;;;;;;;;;;;;;;;;;;;;;;;;;
4;Sul;42;SC;Santa Catarina;4211405;Nova Erechim;266502.424;51697.85;255483.951;49560.42;248376.626;48107.04;60834.752;56167.339;81070.198;31585.099;229657.387;18719.238;Demais serviços;Pecuária, inclusive apoio à pecuária;Indústrias de transformação;6;True;82.5;0.825197;259.43;258.2;5.293833;4.4;;82.5;0.825197;259.43;258.2;5.293833;4.4;;81.5;0.819372;269.85;277.1;4.627746;3.8;;81.5;0.819372;269.85;277.1;4.627746;3.8;;98.1;0.981529;249.9;237.19;7.045682;6.9;;98.1;0.981529;249.9;237.19;7.045682;6.9;;;;;;;;;;;;;;;;;;;;;;;;;;;;;;;;;;;;;;;;;;;
4;Sul;42;SC;Santa Catarina;4211454;Nova Itaberaba;191951.536;42317.36;167423.284;36909.9;189438.609;43780.59;42746.598;55345.542;40190.576;28887.374;167170.09;22268.519;Indústrias de transformação;Pecuária, inclusive apoio à pecuária;Demais serviços;6;True;89.6;0.893278;257.86;256.61;5.241167;4.7;;89.6;0.893278;257.86;256.61;5.241167;4.7;;88.9;0.895008;264.26;257.59;4.257169;3.8;;88.9;0.895008;264.26;257.59;4.257169;3.8;;97.9;0.980435;236.7;220.18;6.484501;6.4;;97.9;0.980435;236.7;220.18;6.484501;6.4;;;;;;;;;;;;;;;;;;;;;;;;;;;;;;;;;;;;;;;;;;;
4;Sul;42;SC;Santa Catarina;4211504;Nova Trento;972888.071;70874.05;826323.501;60196.95;691558.991;46073.22;23442.985;330221.194;187247.29;78783.392;619694.86;71864.131;Indústrias de transformação;Demais serviços;Construção;7;True;93.0;0.929216;261.53;255.43;5.282667;4.9;;;;;;;;;88.9;0.882312;262.24;268.4;4.390624;3.9;;88.9;0.882312;262.24;268.4;4.390624;3.9;;95.0;0.951689;242.35;225.95;6.697235;6.4;;93.6;0.937653;236.73;221.13;6.502346;6.1;;97.8;0.97853;250.88;233.26;6.99293;6.8;;90.2;0.901626;257.87;248.22;5.1015;4.6;;;;;;;;;;;;;;;;;;;;;;;;;;;;;
4;Sul;42;SC;Santa Catarina;4211603;Nova Veneza;1333549.26;97595.82;1165147.257;85271.32;1074610.27;69262.67;114354.933;378007.464;353831.863;87589.452;933783.711;140826.559;Indústrias de transformação;Demais serviços;Comércio e reparação de veículos automotores e motocicletas;8;True;94.1;0.941219;265.46;264.17;5.493833;5.2;;92.1;0.915683;260.8;255.17;5.266167;4.8;;87.9;0.882974;265.67;273.51;4.515296;4.0;;87.9;0.882974;265.67;273.51;4.515296;4.0;;98.9;0.989891;245.28;235.21;6.921514;6.9;;99.5;0.994543;245.2;238.16;6.973624;6.9;;97.5;0.979802;245.42;230.62;6.840731;6.7;;95.9;0.96171;273.01;278.75;5.862667;5.6;;;;;;;;;;;;;;;;;;;;;;;;;;;;;
4;Sul;42;SC;Santa Catarina;4211652;Novo Horizonte;160908.453;60880.99;140227.818;52916.16;119843.694;50652.45;42780.761;25357.842;26465.339;17162.177;111766.119;8077.574;Agricultura, inclusive apoio à agricultura e a pós colheita;Demais serviços;Indústrias de transformação;6;True;94.1;0.921187;255.34;244.53;4.997833;4.6;;94.1;0.921187;255.34;244.53;4.997833;4.6;;88.1;0.877576;288.38;277.98;4.901172;4.3;;88.1;0.877576;288.38;277.98;4.901172;4.3;;98.4;0.97898;233.73;224.13;6.49964;6.4;;98.4;0.97898;233.73;224.13;6.49964;6.4;;;;;;;;;;;;;;;;;;;;;;;;;;;;;;;;;;;;;;;;;;;
4;Sul;42;SC;Santa Catarina;4211702;Orleans;1408943.914;59547.1;1273948.74;53841.71;1188043.986;51295.02;152445.458;326659.796;424858.206;129320.673;1033284.134;154759.851;Demais serviços;Indústrias de transformação;Administração, defesa, educação e saúde públicas e seguridade social;6;True;88.6;0.882698;253.15;254.95;5.135;4.5;;89.4;0.889938;254.46;257.21;5.1945;4.6;;;;;;;;;;;;;;;;96.5;0.966398;232.03;223.21;6.45047;6.2;;96.7;0.968371;250.01;235.25;7.012509;6.8;;96.3;0.964535;217.5;213.47;5.996089;5.8;;85.1;0.852694;236.19;225.48;4.361167;3.7;;;;;;;;;;;;;;;;;;;;;;;;;;;;;
4;Sul;42;SC;Santa Catarina;4211751;Otacílio Costa;1267787.562;73231.72;1107127.068;63951.42;998100.361;51981.69;127279.513;390055.491;258871.369;118178.559;894384.932;103715.429;Indústrias de transformação;Demais serviços;Administração, defesa, educação e saúde públicas e seguridade social;8;True;90.4;0.902867;258.88;253.92;5.213333;4.7;;76.1;0.752308;251.0;248.82;4.997;3.8;;80.2;0.810708;270.79;274.42;4.600828;3.7;;80.2;0.810708;270.79;274.42;4.600828;3.7;;97.7;0.97613;232.91;221.35;6.433446;6.3;;99.2;0.991697;240.72;226.82;6.681946;6.6;;93.6;0.935508;213.7;207.92;5.822661;5.4;;97.6;0.975851;262.3;256.12;5.307;5.2;;;;;;;;;;;;;;;;;;;;;;;;;;;;;
4;Sul;42;SC;Santa Catarina;4211801;Ouro;307201.54;43686.23;261035.349;37121.07;252631.351;34840.9;95434.836;24856.203;74519.447;41739.768;236550.254;16081.097;Pecuária, inclusive apoio à pecuária;Demais serviços;Administração, defesa, educação e saúde públicas e seguridade social;4;True;89.1;0.884845;273.01;271.6;5.7435;5.1;;89.1;0.884845;273.01;271.6;5.7435;5.1;;86.9;0.865347;283.01;292.64;5.045212;4.4;;86.9;0.865347;283.01;292.64;5.045212;4.4;;;;;;;;;;;;;;;;;;;;;;;;;;;;;;;;;;;;;;;;;;;;;;;;;;;;;;;;;
4;Sul;42;SC;Santa Catarina;4211850;Ouro Verde;170819.679;78321.72;177247.729;81269.02;137266.498;62479.06;74509.54;4114.731;36254.133;17302.138;132180.541;5085.958;Agricultura, inclusive apoio à agricultura e a pós colheita;Demais serviços;Administração, defesa, educação e saúde públicas e seguridade social;4;True;80.2;0.776549;253.25;241.62;4.9145;3.8;;80.2;0.776549;253.25;241.62;4.9145;3.8;;;;;;;;;;;;;;;;100.0;1.0;235.55;244.94;6.912736;6.9;;100.0;1.0;235.55;244.94;6.912736;6.9;;;;;;;;;;;;;;;;;;;;;;;;;;;;;;;;;;;;;;;;;;;
4;Sul;42;SC;Santa Catarina;4211876;Paial;73787.528;38291.4;74424.121;38621.75;58313.816;40383.53;21084.673;4616.587;13080.607;14902.944;53684.812;4629.004;Administração, defesa, educação e saúde públicas e seguridade social;Pecuária, inclusive apoio à pecuária;Demais serviços;6;True;97.7;0.978272;265.75;267.38;5.552167;5.4;;97.7;0.978272;265.75;267.38;5.552167;5.4;;94.3;0.94253;297.71;294.23;5.275475;5.0;;94.3;0.94253;297.71;294.23;5.275475;5.0;;100.0;1.0;225.99;220.21;6.280657;6.3;;100.0;1.0;225.99;220.21;6.280657;6.3;;;;;;;;;;;;;;;;;;;;;;;;;;;;;;;;;;;;;;;;;;;
4;Sul;42;SC;Santa Catarina;4211892;Painel;111005.961;50115.56;93594.479;42254.84;84940.762;36114.27;48031.984;2388.839;14478.946;17929.971;82829.74;2111.022;Agricultura, inclusive apoio à agricultura e a pós colheita;Administração, defesa, educação e saúde públicas e seguridade social;Pecuária, inclusive apoio à pecuária;2;True;;;;;;;;;;;;;;;;;;;;;;;;;;;;;88.7;0.894521;214.9;204.39;5.78138;5.2;;;;;;;;;85.8;0.867418;214.9;204.39;5.78138;5.0;;;;;;;;;;;;;;;;;;;;;;;;;;;;;;;;;;;;
4;Sul;42;SC;Santa Catarina;4211900;Palhoça;10294550.237;46247.27;9105303.952;40904.7;8210037.213;45948.53;51110.205;1158657.522;4245620.782;1022737.279;6478125.789;1731911.424;Demais serviços;Comércio e reparação de veículos automotores e motocicletas;Administração, defesa, educação e saúde públicas e seguridade social;8;True;84.0;0.841244;252.14;256.48;5.143667;4.3;;81.4;0.813177;249.48;253.98;5.057667;4.1;;75.5;0.761851;266.09;273.3;4.518051;3.4;;75.7;0.774904;268.67;277.06;4.610574;3.6;;92.6;0.92647;216.39;208.31;5.881087;5.4;;93.2;0.930268;217.54;209.28;5.92067;5.5;;91.9;0.919974;215.44;207.5;5.84823;5.4;;88.3;0.885983;257.34;261.36;5.311667;4.7;;;;;;;;;;;;;;;;;;;;;;;;;;;;;
4;Sul;42;SC;Santa Catarina;4212007;Palma Sola;361215.376;47497.09;330780.036;43495.07;332286.617;45388.15;96306.038;12033.174;153512.834;43614.159;305466.206;26820.411;Comércio e reparação de veículos automotores e motocicletas;Demais serviços;Administração, defesa, educação e saúde públicas e seguridade social;2;True;;;;;;;;;;;;;;;;;;;;;;;;;;;;;100.0;1.0;249.77;242.85;7.14611;7.1;;100.0;1.0;249.77;242.85;7.14611;7.1;;;;;;;;;;;;;;;;;;;;;;;;;;;;;;;;;;;;;;;;;;;
4;Sul;42;SC;Santa Catarina;4212056;Palmeira;205053.15;80067.61;181020.042;70683.34;187896.54;70294.25;66429.01;55810.963;30194.997;21427.667;173862.637;14033.903;Indústrias de transformação;Produção florestal, pesca e aquicultura;Demais serviços;4;True;95.6;0.958791;248.08;247.25;4.922167;4.7;;95.6;0.958791;248.08;247.25;4.922167;4.7;;;;;;;;;;;;;;;;96.6;0.966495;264.54;245.73;7.480344;7.2;;96.6;0.966495;264.54;245.73;7.480344;7.2;;;;;;;;;;;;;;;;;;;;;;;;;;;;;;;;;;;;;;;;;;;
4;Sul;42;SC;Santa Catarina;4212106;Palmitos;1211264.223;77515.95;1021331.589;65361.04;913812.689;56603.86;269136.943;58690.467;429785.976;81902.482;839515.868;74296.821;Pecuária, inclusive apoio à pecuária;Comércio e reparação de veículos automotores e motocicletas;Demais serviços;7;True;88.1;0.879836;260.62;250.52;5.185667;4.6;;87.5;0.87157;260.13;249.37;5.158333;4.5;;89.2;0.898495;276.4;281.32;4.782914;4.3;;89.2;0.898495;276.4;281.32;4.782914;4.3;;96.3;0.963488;230.0;213.79;6.240457;6.0;;96.8;0.966005;241.19;221.74;6.598552;6.4;;95.7;0.96156;222.24;208.28;5.992183;5.8;;;;;;;;;;;;;;;;;;;;;;;;;;;;;;;;;;;;
4;Sul;42;SC;Santa Catarina;4212205;Papanduva;1183058.194;61778.5;1048776.845;54766.41;853825.629;43738.83;199738.601;188619.705;293590.517;97692.496;779641.318;74184.311;Demais serviços;Indústrias de transformação;Agricultura, inclusive apoio à agricultura e a pós colheita;7;True;86.2;0.860299;258.86;255.97;5.247167;4.5;;86.2;0.860018;258.86;255.97;5.247167;4.5;;85.8;0.860923;272.0;268.9;4.535188;3.9;;85.8;0.860923;272.0;268.9;4.535188;3.9;;98.2;0.982679;234.32;223.16;6.493263;6.4;;98.9;0.989725;245.35;233.08;6.884123;6.8;;94.3;0.953412;198.88;191.3;5.237654;5.0;;;;;;;;;;;;;;;;;;;;;;;;;;;;;;;;;;;;
4;Sul;42;SC;Santa Catarina;4212239;Paraíso;194243.981;45522.38;184625.575;43268.24;143301.458;43636.25;43923.581;28162.433;36930.922;23525.108;132542.043;10759.415;Pecuária, inclusive apoio à pecuária;Demais serviços;Indústrias de transformação;2;True;90.5;0.905019;276.01;267.48;5.724833;5.2;;89.1;0.890377;276.01;267.48;5.724833;5.1;;;;;;;;;;;;;;;;;;;;;;;;;;;;;;;;;;;;;;;;;;;;;;;;;;;;;;;;;;;;;;;;;;;;;;;
4;Sul;42;SC;Santa Catarina;4212254;Passo de Torres;301934.066;23411.19;274891.023;21314.34;237368.224;25608.83;28781.298;19958.439;119723.008;53193.862;221656.607;15711.617;Demais serviços;Administração, defesa, educação e saúde públicas e seguridade social;Comércio e reparação de veículos automotores e motocicletas;6;True;77.9;0.785706;256.22;275.97;5.5365;4.4;;;;;;;;;83.5;0.839566;271.29;293.27;4.890037;4.1;;83.5;0.839566;271.29;293.27;4.890037;4.1;;91.8;0.915349;242.72;224.61;6.679932;6.1;;91.8;0.915349;242.72;224.61;6.679932;6.1;;;;;;;;;77.9;0.785706;256.22;275.97;5.5365;4.4;;;;;;;;;;;;;;;;;;;;;;;;;;;;;
4;Sul;42;SC;Santa Catarina;4212270;Passos Maia;218824.223;54244.97;175427.805;43487.31;175185.287;43021.93;102386.638;10859.854;28027.452;27748.753;169022.696;6162.591;Pecuária, inclusive apoio à pecuária;Produção florestal, pesca e aquicultura;Agricultura, inclusive apoio à agricultura e a pós colheita;6;True;84.0;0.83611;261.61;266.81;5.473667;4.6;;78.7;0.754524;261.61;266.81;5.473667;4.1;;79.5;0.810136;268.13;266.9;4.450894;3.6;;79.5;0.810136;268.13;266.9;4.450894;3.6;;96.1;0.955989;209.66;209.92;5.781925;5.5;;;;;;;;;95.9;0.952816;209.66;209.92;5.781925;5.5;;;;;;;;;;;;;;;;;;;;;;;;;;;;;;;;;;;;
4;Sul;42;SC;Santa Catarina;4212304;Paulo Lopes;417795.002;46098.97;299198.749;33002.29;250072.785;32723.47;39666.302;28557.804;118372.289;45716.478;232312.872;17759.912;Demais serviços;Administração, defesa, educação e saúde públicas e seguridade social;Comércio e reparação de veículos automotores e motocicletas;6;True;88.1;0.884343;243.92;248.62;4.875667;4.3;;86.1;0.865405;240.43;247.24;4.7945;4.1;;;;;;;;;;;;;;;;96.5;0.964015;228.77;221.49;6.356983;6.1;;96.8;0.966821;230.85;224.91;6.45886;6.2;;94.3;0.949767;222.45;211.11;6.047645;5.7;;92.1;0.926763;254.37;252.78;5.119167;4.7;;;;;;;;;;;;;;;;;;;;;;;;;;;;;
4;Sul;42;SC;Santa Catarina;4212403;Pedras Grandes;305366.304;71935.53;286003.748;67374.26;243931.21;62053.22;59675.029;62212.795;71957.673;26323.259;220168.756;23762.454;Indústrias de transformação;Demais serviços;Administração, defesa, educação e saúde públicas e seguridade social;4;True;90.4;0.902009;280.4;259.33;5.662167;5.1;;90.4;0.902009;280.4;259.33;5.662167;5.1;;;;;;;;;;;;;;;;96.3;0.965831;264.64;250.31;7.565525;7.3;;95.8;0.961926;264.64;250.31;7.565525;7.3;;;;;;;;;;;;;;;;;;;;;;;;;;;;;;;;;;;;;;;;;;;
4;Sul;42;SC;Santa Catarina;4212502;Penha;1340663.262;39826.02;1147219.644;34079.54;1037152.613;30484.76;66821.984;121452.803;551779.199;197201.298;937255.284;99897.328;Demais serviços;Administração, defesa, educação e saúde públicas e seguridade social;Comércio e reparação de veículos automotores e motocicletas;8;True;93.8;0.938458;249.62;248.7;4.972;4.7;;93.3;0.933784;248.02;250.53;4.975833;4.6;;81.8;0.825583;261.95;272.86;4.453318;3.7;;81.8;0.825583;261.95;272.86;4.453318;3.7;;98.4;0.984555;228.65;217.74;6.286511;6.2;;98.5;0.984154;228.85;218.62;6.306328;6.2;;98.3;0.979104;227.72;213.5;6.191672;6.1;;94.3;0.943605;251.28;246.8;4.968;4.7;;;;;;;;;;;;;;;;;;;;;;;;;;;;;
4;Sul;42;SC;Santa Catarina;4212601;Peritiba;166701.472;55715.73;145411.648;48600.15;120957.018;44257.97;30537.253;15846.766;46291.529;19601.864;112277.413;8679.605;Demais serviços;Pecuária, inclusive apoio à pecuária;Administração, defesa, educação e saúde públicas e seguridade social;4;True;96.6;0.956857;273.15;261.9;5.584167;5.3;;96.6;0.956857;273.15;261.9;5.584167;5.3;;;;;;;;;;;;;;;;98.0;0.976385;255.56;241.36;7.229516;7.1;;98.0;0.976385;255.56;241.36;7.229516;7.1;;;;;;;;;;;;;;;;;;;;;;;;;;;;;;;;;;;;;;;;;;;
4;Sul;42;SC;Santa Catarina;4212650;Pescaria Brava;164482.919;16141.6;138525.255;13594.24;119467.627;11683.88;5294.367;10430.277;43533.186;54236.662;113494.492;5973.135;Administração, defesa, educação e saúde públicas e seguridade social;Demais serviços;Comércio e reparação de veículos automotores e motocicletas;2;True;;;;;;;;;;;;;;;88.1;0.883401;254.81;257.64;4.125193;3.6;;88.1;0.883401;254.81;257.64;4.125193;3.6;;;;;;;;;;;;;;;;;;;;;;;;;;;;;;;;;;;;;;;;;;;;;;;;;;;;;;;;;
4;Sul;42;SC;Santa Catarina;4212700;Petrolândia;265681.595;39559.5;247125.907;36796.59;223564.253;38066.45;86522.805;20709.295;69275.652;33952.152;210459.904;13104.348;Agricultura, inclusive apoio à agricultura e a pós colheita;Demais serviços;Administração, defesa, educação e saúde públicas e seguridade social;6;True;92.1;0.917593;269.51;257.14;5.444167;5.0;;92.1;0.917593;269.51;257.14;5.444167;5.0;;91.0;0.918468;289.25;275.84;4.881356;4.5;;91.0;0.918468;289.25;275.84;4.881356;4.5;;95.9;0.957581;223.41;211.39;6.071057;5.8;;95.9;0.957581;223.41;211.39;6.071057;5.8;;;;;;;;;;;;;;;;;;;;;;;;;;;;;;;;;;;;;;;;;;;
4;Sul;42;SC;Santa Catarina;4212809;Balneário Piçarras;2097521.043;77322.26;1587685.516;58527.87;1513947.496;62085.2;59633.483;233847.124;667487.374;160298.798;1121266.78;392680.716;Demais serviços;Comércio e reparação de veículos automotores e motocicletas;Indústrias de transformação;6;True;92.7;0.927232;266.88;264.88;5.529333;5.1;;96.0;0.949864;279.61;281.81;6.023667;5.7;;;;;;;;;;;;;;;;95.6;0.955195;222.05;212.5;6.065285;5.8;;95.7;0.956193;223.41;213.44;6.10833;5.8;;87.0;0.87;197.37;195.54;5.285929;4.6;;92.5;0.924996;265.59;263.16;5.479167;5.1;;;;;;;;;;;;;;;;;;;;;;;;;;;;;
4;Sul;42;SC;Santa Catarina;4212908;Pinhalzinho;1941701.252;88371.62;1738798.976;79137.04;1514219.441;71753.75;84312.953;575318.14;538923.057;120275.295;1318829.444;195389.998;Indústrias de transformação;Demais serviços;Administração, defesa, educação e saúde públicas e seguridade social;8;True;86.2;0.861737;269.78;261.97;5.529167;4.8;;81.6;0.810712;266.95;262.23;5.486333;4.4;;83.7;0.845894;285.44;288.23;5.013323;4.2;;83.7;0.845894;285.44;288.23;5.013323;4.2;;97.3;0.97247;232.85;224.63;6.491937;6.3;;97.6;0.974635;239.16;226.29;6.642539;6.5;;96.9;0.970387;227.09;223.11;6.354377;6.2;;92.1;0.919677;274.66;261.51;5.602833;5.2;;;;;;;;;;;;;;;;;;;;;;;;;;;;;
4;Sul;42;SC;Santa Catarina;4213005;Pinheiro Preto;323208.867;93063.31;241832.63;69632.2;227281.515;62525.86;40509.036;65358.805;58765.621;25546.893;190180.355;37101.16;Indústrias de transformação;Demais serviços;Administração, defesa, educação e saúde públicas e seguridade social;4;True;;;;;;;;;;;;;;;85.8;0.841172;275.23;268.07;4.568128;3.8;;85.8;0.841172;275.23;268.07;4.568128;3.8;;96.9;0.970374;235.67;226.34;6.576845;6.4;;96.9;0.970374;235.67;226.34;6.576845;6.4;;;;;;;;;;;;;;;;;;;;;;;;;;;;;;;;;;;;;;;;;;;
4;Sul;42;SC;Santa Catarina;4213104;Piratuba;953671.082;165309.6;419813.99;72770.67;801158.678;220280.09;37414.861;620211.461;98281.08;33491.878;789399.28;11759.398;Eletricidade e gás, água, esgoto, atividades de gestão de resíduos e descontaminação;Demais serviços;Administração, defesa, educação e saúde públicas e seguridade social;6;True;99.0;0.99039;286.71;286.23;6.215667;6.2;;;;;;;;;93.5;0.934921;294.13;292.85;5.204536;4.9;;93.5;0.934921;294.13;292.85;5.204536;4.9;;99.2;0.991752;260.69;241.94;7.337962;7.3;;99.2;0.991752;260.69;241.94;7.337962;7.3;;;;;;;;;99.0;0.99039;286.71;286.23;6.215667;6.2;;;;;;;;;;;;;;;;;;;;;;;;;;;;;
4;Sul;42;SC;Santa Catarina;4213153;Planalto Alegre;144006.502;48882.04;152929.72;51910.97;141935.084;48825.28;47353.457;7827.242;55787.287;20965.797;131933.782;10001.302;Pecuária, inclusive apoio à pecuária;Comércio e reparação de veículos automotores e motocicletas;Demais serviços;6;True;91.6;0.914697;259.84;264.55;5.4065;4.9;;91.6;0.914697;259.84;264.55;5.4065;4.9;;80.2;0.811366;282.24;262.66;4.585595;3.7;;80.2;0.811366;282.24;262.66;4.585595;3.7;;100.0;1.0;228.21;210.15;6.140115;6.1;;100.0;1.0;228.21;210.15;6.140115;6.1;;;;;;;;;;;;;;;;;;;;;;;;;;;;;;;;;;;;;;;;;;;
4;Sul;42;SC;Santa Catarina;4213203;Pomerode;3184672.108;92877.37;2964120.485;86510.83;2806452.879;81202.88;31201.489;976319.151;805348.126;221105.032;2033973.798;772479.081;Indústrias de transformação;Demais serviços;Comércio e reparação de veículos automotores e motocicletas;6;True;96.7;0.966495;286.63;282.8;6.157167;6.0;;;;;;;;;80.8;0.809041;284.37;285.83;4.962367;4.0;;80.8;0.809041;284.37;285.83;4.962367;4.0;;96.8;0.967563;251.87;235.31;7.049096;6.8;;96.8;0.967563;251.87;235.31;7.049096;6.8;;;;;;;;;96.7;0.966495;286.63;282.8;6.157167;6.0;;;;;;;;;;;;;;;;;;;;;;;;;;;;;
4;Sul;42;SC;Santa Catarina;4213302;Ponte Alta;205504.401;46316.07;171154.538;38574.38;175776.261;38055.05;58455.859;36993.101;38959.523;30719.11;165127.593;10648.668;Demais serviços;Administração, defesa, educação e saúde públicas e seguridade social;Indústrias de transformação;5;True;80.5;0.80673;238.11;237.28;4.589833;3.7;;87.2;0.873097;230.75;232.21;4.382667;3.8;;;;;;;;;;;;;;;;94.4;0.945241;212.08;208.21;5.797017;5.5;;93.7;0.936469;217.64;207.68;5.893488;5.5;;95.3;0.957501;207.19;208.67;5.71206;5.5;;;;;;;;;;;;;;;;;;;;;;;;;;;;;;;;;;;;
4;Sul;42;SC;Santa Catarina;4213351;Ponte Alta do Norte;158355.365;49331.89;153410.076;47791.3;166641.327;48640.2;65665.71;32646.573;31434.321;24536.043;154282.647;12358.68;Produção florestal, pesca e aquicultura;Indústrias de transformação;Administração, defesa, educação e saúde públicas e seguridade social;2;True;;;;;;;;;;;;;;;;;;;;;;;;;;;;;100.0;1.0;208.0;209.31;5.739155;5.7;;100.0;1.0;208.0;209.31;5.739155;5.7;;;;;;;;;;;;;;;;;;;;;;;;;;;;;;;;;;;;;;;;;;;
4;Sul;42;SC;Santa Catarina;4213401;Ponte Serrada;390492.155;36669.37;322644.84;30298.14;291075.288;24933.64;80922.899;26541.725;106172.652;60651.797;274289.072;16786.215;Demais serviços;Administração, defesa, educação e saúde públicas e seguridade social;Comércio e reparação de veículos automotores e motocicletas;8;True;80.6;0.807492;249.85;250.62;5.007833;4.0;;83.8;0.838301;257.81;257.31;5.252;4.4;;83.7;0.843597;264.22;272.02;4.472625;3.8;;83.7;0.843597;264.22;272.02;4.472625;3.8;;96.6;0.966479;212.42;208.17;5.802779;5.6;;98.4;0.981529;198.87;197.67;5.353282;5.3;;95.6;0.954134;218.08;212.55;5.99043;5.7;;74.5;0.743618;235.36;238.47;4.563833;3.4;;;;;;;;;;;;;;;;;;;;;;;;;;;;;
4;Sul;42;SC;Santa Catarina;4213500;Porto Belo;2090678.166;75508.46;1721133.778;62161.72;1472148.818;65527.86;33796.488;136543.852;945433.708;149321.844;1265095.891;207052.927;Comércio e reparação de veículos automotores e motocicletas;Demais serviços;Administração, defesa, educação e saúde públicas e seguridade social;4;True;92.9;0.931018;254.18;260.83;5.250167;4.9;;;;;;;;;;;;;;;;;;;;;;;96.8;0.968348;220.45;212.4;6.032932;5.8;;96.8;0.968348;220.45;212.4;6.032932;5.8;;;;;;;;;93.1;0.935914;253.2;259.23;5.207167;4.9;;;;;;;;;;;;;;;;;;;;;;;;;;;;;
4;Sul;42;SC;Santa Catarina;4213609;Porto União;1314938.113;39882.87;1347343.507;40865.74;1149833.435;32221.76;107608.232;300731.883;462954.654;172604.37;1043899.138;105934.296;Demais serviços;Indústrias de transformação;Administração, defesa, educação e saúde públicas e seguridade social;8;True;89.9;0.898802;265.11;263.07;5.469667;4.9;;87.7;0.876249;263.88;263.46;5.455667;4.8;;78.3;0.805433;263.23;261.0;4.29375;3.5;;78.3;0.805433;263.23;261.0;4.29375;3.5;;96.6;0.96717;231.69;218.14;6.351799;6.1;;98.7;0.986407;248.76;232.35;6.935926;6.8;;95.1;0.953651;225.3;212.82;6.133126;5.8;;96.5;0.965435;271.23;261.11;5.539;5.3;;;;;;;;;;;;;;;;;;;;;;;;;;;;;
4;Sul;42;SC;Santa Catarina;4213708;Pouso Redondo;912670.161;53300.83;813931.902;47528.87;719080.676;40026.76;76166.527;212709.071;269089.14;90164.914;648129.652;70951.024;Indústrias de transformação;Demais serviços;Administração, defesa, educação e saúde públicas e seguridade social;7;True;89.8;0.897781;241.86;240.0;4.697667;4.2;;88.9;0.889173;242.07;239.91;4.699667;4.2;;85.1;0.861364;255.14;249.28;4.004678;3.4;;85.1;0.861364;255.14;249.28;4.004678;3.4;;95.5;0.956079;220.92;209.18;5.983356;5.7;;95.4;0.953123;223.48;209.84;6.044211;5.8;;95.5;0.956659;220.78;209.14;5.979957;5.7;;;;;;;;;;;;;;;;;;;;;;;;;;;;;;;;;;;;
4;Sul;42;SC;Santa Catarina;4213807;Praia Grande;312293.605;37762.23;239795.286;28995.8;223278.882;30565.21;44600.449;25347.762;100508.62;37441.12;207897.95;15380.931;Demais serviços;Agricultura, inclusive apoio à agricultura e a pós colheita;Administração, defesa, educação e saúde públicas e seguridade social;5;True;96.3;0.962653;259.37;264.62;5.399833;5.2;;97.7;0.978157;266.37;269.85;5.603667;5.5;;;;;;;;;;;;;;;;98.7;0.985847;233.48;224.37;6.499232;6.4;;98.5;0.980384;234.97;229.76;6.625668;6.5;;99.1;0.9898;231.64;217.73;6.343391;6.3;;;;;;;;;;;;;;;;;;;;;;;;;;;;;;;;;;;;
4;Sul;42;SC;Santa Catarina;4213906;Presidente Castello Branco;88879.33;52622.46;81851.137;48461.3;75922.983;49752.94;31305.071;2815.057;19772.791;16863.645;70756.564;5166.419;Pecuária, inclusive apoio à pecuária;Administração, defesa, educação e saúde públicas e seguridade social;Demais serviços;4;True;97.6;0.97645;282.45;273.82;5.937833;5.8;;97.6;0.97645;282.45;273.82;5.937833;5.8;;;;;;;;;;;;;;;;100.0;1.0;251.87;239.61;7.127278;7.1;;100.0;1.0;251.87;239.61;7.127278;7.1;;;;;;;;;;;;;;;;;;;;;;;;;;;;;;;;;;;;;;;;;;;
4;Sul;42;SC;Santa Catarina;4214003;Presidente Getúlio;1091871.499;54566.29;1001043.455;50027.16;985125.186;54811.39;79440.131;397134.304;317799.421;101842.878;896216.734;88908.451;Indústrias de transformação;Demais serviços;Administração, defesa, educação e saúde públicas e seguridade social;8;True;92.5;0.926522;256.49;257.01;5.225;4.8;;91.7;0.919122;254.65;252.87;5.125333;4.7;;87.7;0.884912;269.48;271.73;4.54216;4.0;;87.7;0.884912;269.48;271.73;4.54216;4.0;;96.5;0.965255;208.22;199.93;5.572808;5.4;;97.6;0.975109;223.39;207.41;5.998312;5.8;;95.3;0.956287;195.62;193.71;5.219259;5.0;;94.4;0.944388;259.69;264.23;5.398667;5.1;;;;;;;;;;;;;;;;;;;;;;;;;;;;;
4;Sul;42;SC;Santa Catarina;4214102;Presidente Nereu;81283.338;35325.22;71753.181;31183.48;62744.222;27531.47;24918.496;3697.832;14876.302;17075.688;60568.318;2175.905;Agricultura, inclusive apoio à agricultura e a pós colheita;Administração, defesa, educação e saúde públicas e seguridade social;Demais serviços;6;True;87.5;0.874449;296.39;270.25;6.110667;5.3;;87.5;0.874449;296.39;270.25;6.110667;5.3;;92.5;0.92639;286.98;291.13;5.078366;4.7;;92.5;0.92639;286.98;291.13;5.078366;4.7;;96.7;0.966571;235.15;235.15;6.727103;6.5;;96.7;0.966571;235.15;235.15;6.727103;6.5;;;;;;;;;;;;;;;;;;;;;;;;;;;;;;;;;;;;;;;;;;;
4;Sul;42;SC;Santa Catarina;4214151;Princesa;134567.034;45400.48;158481.834;53468.9;135910.565;46071.38;32983.136;44960.13;22468.819;21876.419;122288.504;13622.061;Indústrias de transformação;Pecuária, inclusive apoio à pecuária;Administração, defesa, educação e saúde públicas e seguridade social;6;True;97.0;0.966763;272.97;271.3;5.737833;5.5;;97.0;0.966763;272.97;271.3;5.737833;5.5;;95.2;0.928998;270.73;282.85;4.726183;4.4;;95.2;0.928998;270.73;282.85;4.726183;4.4;;96.4;0.965057;247.25;223.23;6.741291;6.5;;96.4;0.965057;247.25;223.23;6.741291;6.5;;;;;;;;;;;;;;;;;;;;;;;;;;;;;;;;;;;;;;;;;;;
4;Sul;42;SC;Santa Catarina;4214201;Quilombo;670409.31;60824.65;581416.575;53160.52;462641.713;47338.76;85828.654;128113.803;153807.027;52106.1;419855.585;42786.129;Demais serviços;Indústrias de transformação;Administração, defesa, educação e saúde públicas e seguridade social;2;True;;;;;;;;;;;;;;;;;;;;;;;;;;;;;98.4;0.981067;244.55;228.71;6.789401;6.7;;98.4;0.981067;244.55;228.71;6.789401;6.7;;;;;;;;;;;;;;;;;;;;;;;;;;;;;;;;;;;;;;;;;;;
4;Sul;42;SC;Santa Catarina;4214300;Rancho Queimado;227901.573;69503.38;166661.777;50827.01;165750.944;57214.69;69531.125;13838.716;50270.64;22354.237;155994.718;9756.226;Agricultura, inclusive apoio à agricultura e a pós colheita;Demais serviços;Administração, defesa, educação e saúde públicas e seguridade social;4;True;89.9;0.895935;274.46;249.35;5.396833;4.8;;89.9;0.895935;274.46;249.35;5.396833;4.8;;;;;;;;;;;;;;;;95.8;0.958829;218.14;209.83;5.942121;5.7;;96.4;0.964872;218.14;209.83;5.942121;5.7;;;;;;;;;;;;;;;;;;;;;;;;;;;;;;;;;;;;;;;;;;;
4;Sul;42;SC;Santa Catarina;4214409;Rio das Antas;328939.713;52605.1;300067.482;47987.76;288090.395;46473.69;128246.455;42450.188;56436.792;42429.628;269563.063;18527.332;Pecuária, inclusive apoio à pecuária;Agricultura, inclusive apoio à agricultura e a pós colheita;Administração, defesa, educação e saúde públicas e seguridade social;6;True;96.1;0.962162;246.63;242.94;4.826167;4.6;;;;;;;;;73.3;0.734355;270.29;272.84;4.570153;3.4;;73.3;0.734355;270.29;272.84;4.570153;3.4;;96.6;0.964361;231.41;220.71;6.393183;6.2;;96.6;0.964361;231.41;220.71;6.393183;6.2;;;;;;;;;96.1;0.962162;246.63;242.94;4.826167;4.6;;;;;;;;;;;;;;;;;;;;;;;;;;;;;
4;Sul;42;SC;Santa Catarina;4214508;Rio do Campo;265322.667;41122.55;240771.651;37317.37;212940.736;36313.22;72002.603;27790.485;63252.729;36732.283;199778.101;13162.635;Demais serviços;Agricultura, inclusive apoio à agricultura e a pós colheita;Administração, defesa, educação e saúde públicas e seguridade social;7;True;96.2;0.962116;243.9;243.95;4.7975;4.6;;95.8;0.95884;243.9;243.95;4.7975;4.6;;83.1;0.836266;272.35;271.82;4.583816;3.8;;83.1;0.836266;272.35;271.82;4.583816;3.8;;99.5;0.995314;225.12;217.92;6.222418;6.2;;99.5;0.994062;226.41;225.04;6.376491;6.3;;99.5;0.996141;224.64;215.32;6.165985;6.1;;;;;;;;;;;;;;;;;;;;;;;;;;;;;;;;;;;;
4;Sul;42;SC;Santa Catarina;4214607;Rio do Oeste;348707.84;45011.98;296743.23;38304.28;276135.741;36564.58;109044.197;31931.504;78362.365;41642.79;260980.857;15154.885;Agricultura, inclusive apoio à agricultura e a pós colheita;Demais serviços;Administração, defesa, educação e saúde públicas e seguridade social;0;False;;;;;;;;;;;;;;;;;;;;;;;;;;;;;;;;;;;;;;;;;;;;;;;;;;;;;;;;;;;;;;;;;;;;;;;;;;;;;;;;;;;;
4;Sul;42;SC;Santa Catarina;4214706;Rio dos Cedros;565977.434;52091.8;506213.884;46591.25;475004.798;39792.64;39231.848;151591.359;172072.384;62155.849;425051.441;49953.357;Indústrias de transformação;Demais serviços;Administração, defesa, educação e saúde públicas e seguridade social;2;True;96.8;0.963345;259.34;265.96;5.421667;5.2;;91.3;0.906913;259.34;265.96;5.421667;4.9;;;;;;;;;;;;;;;;;;;;;;;;;;;;;;;;;;;;;;;;;;;;;;;;;;;;;;;;;;;;;;;;;;;;;;;
4;Sul;42;SC;Santa Catarina;4214805;Rio do Sul;4621903.114;63673.98;4306891.4;59334.2;3690347.019;50600.53;31947.211;765569.991;1987906.971;416920.432;3202344.604;488002.414;Demais serviços;Indústrias de transformação;Comércio e reparação de veículos automotores e motocicletas;9;True;87.2;0.870638;259.33;258.33;5.294333;4.6;;82.9;0.825258;256.37;256.59;5.216;4.3;;74.5;0.749823;275.65;278.95;4.736901;3.6;;77.8;0.783593;283.13;284.94;4.931628;3.9;;96.5;0.96599;226.39;215.1;6.195382;6.0;;98.1;0.979659;235.73;222.29;6.504353;6.4;;94.5;0.946974;217.92;208.58;5.915195;5.6;;93.7;0.937656;264.69;261.47;5.436;5.1;;;;;;;;;91.3;0.912164;306.38;303.56;5.536915;5.1;;;;;;;;;;;;;;;
4;Sul;42;SC;Santa Catarina;4214904;Rio Fortuna;373207.524;76997.63;315109.729;65011.29;302785.144;65396.36;104014.473;93510.816;58556.12;28558.953;284640.362;18144.782;Pecuária, inclusive apoio à pecuária;Eletricidade e gás, água, esgoto, atividades de gestão de resíduos e descontaminação;Demais serviços;6;True;94.3;0.942158;253.78;255.25;5.1505;4.9;;94.3;0.942158;253.78;255.25;5.1505;4.9;;94.0;0.937834;286.66;272.25;4.791237;4.5;;94.0;0.937834;286.66;272.25;4.791237;4.5;;96.5;0.963497;239.81;225.7;6.644216;6.4;;96.5;0.963497;239.81;225.7;6.644216;6.4;;;;;;;;;;;;;;;;;;;;;;;;;;;;;;;;;;;;;;;;;;;
4;Sul;42;SC;Santa Catarina;4215000;Rio Negrinho;1731868.057;44111.66;1709158.99;43536.58;1614642.813;37827.82;75100.528;497243.499;632678.0;229571.77;1434593.798;180049.015;Indústrias de transformação;Demais serviços;Administração, defesa, educação e saúde públicas e seguridade social;8;True;96.4;0.964201;259.97;257.05;5.283667;5.1;;95.2;0.952445;257.26;254.37;5.193833;4.9;;75.4;0.786964;271.15;265.86;4.477741;3.5;;75.4;0.786964;271.15;265.86;4.477741;3.5;;99.0;0.98955;230.91;218.19;6.337823;6.3;;99.1;0.990572;229.78;217.92;6.311349;6.3;;98.0;0.977787;238.88;220.06;6.523922;6.4;;97.0;0.968897;260.96;258.02;5.316333;5.2;;;;;;;;;;;;;;;;;;;;;;;;;;;;;
4;Sul;42;SC;Santa Catarina;4215059;Rio Rufino;96784.355;40377.29;86405.101;36047.18;70066.429;28207.1;32641.399;2976.187;14338.564;18188.401;68144.551;1921.878;Agricultura, inclusive apoio à agricultura e a pós colheita;Administração, defesa, educação e saúde públicas e seguridade social;Demais serviços;2;True;;;;;;;;;;;;;;;90.7;0.909073;260.01;268.68;4.363496;4.0;;90.7;0.909073;260.01;268.68;4.363496;4.0;;;;;;;;;;;;;;;;;;;;;;;;;;;;;;;;;;;;;;;;;;;;;;;;;;;;;;;;;
4;Sul;42;SC;Santa Catarina;4215075;Riqueza;198674.043;41668.21;169647.645;35580.46;147664.822;32633.11;46110.654;21103.069;43372.344;28553.415;139139.481;8525.341;Demais serviços;Pecuária, inclusive apoio à pecuária;Administração, defesa, educação e saúde públicas e seguridade social;6;True;90.4;0.901096;266.43;251.58;5.300167;4.8;;90.4;0.901096;266.43;251.58;5.300167;4.8;;93.0;0.923639;290.61;280.8;4.974708;4.6;;93.0;0.923639;290.61;280.8;4.974708;4.6;;100.0;1.0;260.38;243.69;7.363864;7.4;;100.0;1.0;260.38;243.69;7.363864;7.4;;;;;;;;;;;;;;;;;;;;;;;;;;;;;;;;;;;;;;;;;;;
4;Sul;42;SC;Santa Catarina;4215109;Rodeio;456659.972;35796.82;452502.288;35470.9;390081.08;33491.98;25957.339;108787.176;139166.98;61351.888;335263.383;54817.698;Demais serviços;Indústrias de transformação;Administração, defesa, educação e saúde públicas e seguridade social;7;True;92.3;0.921158;265.15;261.7;5.4475;5.0;;;;;;;;;86.6;0.872814;279.79;279.4;4.801784;4.2;;86.6;0.872814;279.79;279.4;4.801784;4.2;;98.1;0.981522;231.82;228.1;6.535371;6.4;;98.0;0.98074;232.86;228.78;6.567582;6.4;;98.8;0.987615;224.24;223.14;6.300533;6.2;;92.5;0.922072;267.97;263.93;5.531667;5.1;;;;;;;;;;;;;;;;;;;;;;;;;;;;;
4;Sul;42;SC;Santa Catarina;4215208;Romelândia;132525.469;27477.81;112803.834;23388.73;111332.805;24287.26;48642.61;2742.994;28343.054;27673.645;107402.303;3930.502;Pecuária, inclusive apoio à pecuária;Administração, defesa, educação e saúde públicas e seguridade social;Demais serviços;7;True;86.8;0.858559;256.11;259.28;5.2565;4.5;;86.8;0.858559;256.11;259.28;5.2565;4.5;;78.8;0.79371;262.24;248.85;4.09796;3.3;;78.8;0.79371;262.24;248.85;4.09796;3.3;;94.3;0.9469;211.71;197.24;5.590502;5.3;;94.7;0.935235;207.5;194.24;5.455613;5.1;;93.9;0.958196;217.26;201.21;5.7686;5.5;;;;;;;;;;;;;;;;;;;;;;;;;;;;;;;;;;;;
4;Sul;42;SC;Santa Catarina;4215307;Salete;383453.011;51202.16;343522.156;45870.23;318173.816;41461.27;40585.703;110222.03;99286.491;45287.699;295381.923;22791.893;Indústrias de transformação;Demais serviços;Administração, defesa, educação e saúde públicas e seguridade social;8;True;97.7;0.977349;267.1;260.66;5.462667;5.3;;98.1;0.981496;270.17;263.36;5.558833;5.5;;83.7;0.839937;268.74;262.34;4.391198;3.7;;83.7;0.839937;268.74;262.34;4.391198;3.7;;99.0;0.989503;231.4;213.31;6.258447;6.2;;98.8;0.987833;240.41;224.1;6.626575;6.5;;99.4;0.99301;207.4;184.53;5.277159;5.2;;97.3;0.975062;264.52;258.4;5.382;5.2;;;;;;;;;;;;;;;;;;;;;;;;;;;;;
4;Sul;42;SC;Santa Catarina;4215356;Saltinho;115351.402;31759.75;99145.921;27297.89;93630.124;25122.12;37066.974;6830.061;22345.05;23614.097;89856.182;3773.942;Pecuária, inclusive apoio à pecuária;Administração, defesa, educação e saúde públicas e seguridade social;Demais serviços;4;True;91.0;0.906575;284.4;272.05;5.940833;5.4;;91.0;0.906575;284.4;272.05;5.940833;5.4;;;;;;;;;;;;;;;;93.3;0.926714;247.1;233.26;6.920793;6.4;;93.3;0.926714;247.1;233.26;6.920793;6.4;;;;;;;;;;;;;;;;;;;;;;;;;;;;;;;;;;;;;;;;;;;
4;Sul;42;SC;Santa Catarina;4215406;Salto Veloso;347635.839;79188.12;307000.985;69931.89;266923.34;55701.87;26234.405;87873.575;93629.843;30706.144;238443.966;28479.373;Indústrias de transformação;Demais serviços;Administração, defesa, educação e saúde públicas e seguridade social;4;True;94.2;0.945916;292.9;279.97;6.2145;5.9;;;;;;;;;;;;;;;;;;;;;;;98.1;0.980756;252.39;236.29;7.076838;6.9;;98.1;0.980756;252.39;236.29;7.076838;6.9;;;;;;;;;94.2;0.945916;292.9;279.97;6.2145;5.9;;;;;;;;;;;;;;;;;;;;;;;;;;;;;
4;Sul;42;SC;Santa Catarina;4215455;Sangão;701076.24;54422.93;569973.677;44245.74;466691.592;35549.33;19910.069;149923.094;127810.216;65697.497;363340.876;103350.716;Indústrias de transformação;Demais serviços;Administração, defesa, educação e saúde públicas e seguridade social;6;True;83.6;0.835111;259.67;259.37;5.317333;4.4;;83.6;0.835111;259.67;259.37;5.317333;4.4;;75.4;0.770086;277.7;278.53;4.759406;3.7;;75.4;0.770086;277.7;278.53;4.759406;3.7;;94.7;0.944679;220.52;202.48;5.853904;5.5;;;;;;;;;93.1;0.931032;220.52;202.48;5.853904;5.5;;;;;;;;;;;;;;;;;;;;;;;;;;;;;;;;;;;;
4;Sul;42;SC;Santa Catarina;4215505;Santa Cecília;672249.587;43242.61;678193.565;43624.96;662060.3;38935.56;70363.595;240239.796;192888.319;95047.067;598538.778;63521.522;Indústrias de transformação;Demais serviços;Administração, defesa, educação e saúde públicas e seguridade social;6;True;95.3;0.954073;236.5;241.39;4.6315;4.4;;95.3;0.954073;236.5;241.39;4.6315;4.4;;85.4;0.856845;252.63;254.05;4.040832;3.5;;85.4;0.856845;252.63;254.05;4.040832;3.5;;98.9;0.989143;209.29;202.71;5.643773;5.6;;98.9;0.989143;209.29;202.71;5.643773;5.6;;;;;;;;;;;;;;;;;;;;;;;;;;;;;;;;;;;;;;;;;;;
4;Sul;42;SC;Santa Catarina;4215554;Santa Helena;128409.249;52952.27;121919.142;50275.93;103612.985;47572.54;33038.509;21175.799;24204.703;17305.964;95724.974;7888.011;Pecuária, inclusive apoio à pecuária;Indústrias de transformação;Demais serviços;6;True;97.2;0.972636;268.22;252.36;5.343;5.2;;97.2;0.972636;268.22;252.36;5.343;5.2;;100.0;1.0;268.32;279.34;4.63979;4.6;;100.0;1.0;268.32;279.34;4.63979;4.6;;100.0;1.0;265.45;253.92;7.64662;7.6;;100.0;1.0;265.45;253.92;7.64662;7.6;;;;;;;;;;;;;;;;;;;;;;;;;;;;;;;;;;;;;;;;;;;
4;Sul;42;SC;Santa Catarina;4215604;Santa Rosa de Lima;108833.819;52123.48;89003.248;42626.08;72830.02;33858.68;27207.751;7335.152;15554.575;19354.4;69451.877;3378.143;Administração, defesa, educação e saúde públicas e seguridade social;Pecuária, inclusive apoio à pecuária;Demais serviços;7;True;100.0;1.0;268.63;245.02;5.2275;5.2;;100.0;1.0;257.65;231.87;4.825333;4.8;;94.0;0.937359;228.96;206.53;2.997011;2.8;;94.0;0.937359;228.96;206.53;2.997011;2.8;;97.9;0.976137;250.75;226.05;6.859358;6.7;;97.9;0.976137;250.75;226.05;6.859358;6.7;;;;;;;;;100.0;1.0;282.91;262.1;5.750167;5.8;;;;;;;;;;;;;;;;;;;;;;;;;;;;;
4;Sul;42;SC;Santa Catarina;4215653;Santa Rosa do Sul;277593.894;28349.05;229214.071;23408.3;199093.56;23710.08;53003.645;10614.544;74694.683;47028.955;185341.828;13751.732;Administração, defesa, educação e saúde públicas e seguridade social;Demais serviços;Agricultura, inclusive apoio à agricultura e a pós colheita;7;True;91.0;0.909454;266.27;266.19;5.541;5.0;;87.6;0.874379;263.68;260.64;5.405333;4.7;;93.7;0.941702;284.82;276.99;4.836352;4.6;;;;;;;;;97.5;0.973512;232.95;232.18;6.631118;6.5;;97.5;0.97293;229.39;229.54;6.515179;6.3;;97.8;0.976356;240.3;237.64;6.870658;6.7;;93.2;0.931214;270.81;275.96;5.7795;5.4;;;;;;;;;;;;;;;;;;;;;;;;;;;;;
4;Sul;42;SC;Santa Catarina;4215679;Santa Terezinha;342768.701;42495.5;268998.678;33349.7;268987.889;30706.38;121067.12;26611.952;61304.885;47938.625;256922.583;12065.306;Agricultura, inclusive apoio à agricultura e a pós colheita;Administração, defesa, educação e saúde públicas e seguridade social;Demais serviços;6;True;93.7;0.936016;239.27;243.45;4.712;4.4;;88.7;0.884392;239.27;243.45;4.712;4.2;;88.3;0.883244;274.77;266.86;4.543554;4.0;;88.3;0.883244;274.77;266.86;4.543554;4.0;;99.8;0.998187;238.86;211.21;6.362632;6.4;;;;;;;;;99.4;0.99469;238.86;211.21;6.362632;6.3;;;;;;;;;;;;;;;;;;;;;;;;;;;;;;;;;;;;
4;Sul;42;SC;Santa Catarina;4215687;Santa Terezinha do Progresso;89006.068;34552.04;92259.567;35815.05;65118.802;28104.79;24150.555;7354.837;13078.817;17483.196;62067.404;3051.398;Administração, defesa, educação e saúde públicas e seguridade social;Pecuária, inclusive apoio à pecuária;Demais serviços;6;True;99.2;0.99311;261.56;254.8;5.272667;5.2;;99.2;0.99311;261.56;254.8;5.272667;5.2;;97.6;0.973651;283.14;276.85;4.810661;4.7;;97.6;0.973651;283.14;276.85;4.810661;4.7;;94.3;0.936479;241.43;201.03;6.226586;5.8;;94.3;0.936479;241.43;201.03;6.226586;5.8;;;;;;;;;;;;;;;;;;;;;;;;;;;;;;;;;;;;;;;;;;;
4;Sul;42;SC;Santa Catarina;4215695;Santiago do Sul;62417.195;37805.69;52159.544;31592.7;48481.683;40034.42;16312.219;4127.902;12063.922;13889.751;46393.794;2087.889;Administração, defesa, educação e saúde públicas e seguridade social;Pecuária, inclusive apoio à pecuária;Demais serviços;4;True;93.5;0.938618;254.09;254.21;5.138333;4.8;;93.5;0.938618;254.09;254.21;5.138333;4.8;;;;;;;;;;;;;;;;93.4;0.929884;243.04;230.73;6.797312;6.3;;93.4;0.929884;243.04;230.73;6.797312;6.3;;;;;;;;;;;;;;;;;;;;;;;;;;;;;;;;;;;;;;;;;;;
4;Sul;42;SC;Santa Catarina;4215703;Santo Amaro da Imperatriz;1749916.489;64165.32;1377649.898;50515.18;1256506.631;52558.11;36487.538;620128.163;399328.24;135383.866;1191327.807;65178.824;Eletricidade e gás, água, esgoto, atividades de gestão de resíduos e descontaminação;Demais serviços;Administração, defesa, educação e saúde públicas e seguridade social;8;True;84.7;0.846366;278.97;275.61;5.909667;5.0;;87.1;0.867668;286.6;277.32;6.065333;5.3;;87.8;0.884897;275.27;278.87;4.730367;4.2;;87.8;0.884897;275.27;278.87;4.730367;4.2;;93.7;0.938318;228.52;216.33;6.258394;5.9;;94.9;0.94877;225.47;212.52;6.130915;5.8;;90.8;0.906272;235.99;225.65;6.570406;6.0;;82.8;0.829845;273.29;274.34;5.793833;4.8;;;;;;;;;;;;;;;;;;;;;;;;;;;;;
4;Sul;42;SC;Santa Catarina;4215752;São Bernardino;110781.413;41274.74;101830.906;37939.98;88164.024;39376.52;30720.006;15765.926;18982.054;17345.27;82813.255;5350.768;Pecuária, inclusive apoio à pecuária;Administração, defesa, educação e saúde públicas e seguridade social;Demais serviços;6;True;91.0;0.902559;257.31;251.74;5.150833;4.6;;91.0;0.902559;257.31;251.74;5.150833;4.6;;88.7;0.845355;281.45;259.63;4.52914;3.8;;88.7;0.845355;281.45;259.63;4.52914;3.8;;96.3;0.960457;252.37;227.73;6.92082;6.6;;96.3;0.960457;252.37;227.73;6.92082;6.6;;;;;;;;;;;;;;;;;;;;;;;;;;;;;;;;;;;;;;;;;;;
4;Sul;42;SC;Santa Catarina;4215802;São Bento do Sul;5038223.34;60499.58;4807395.768;57729.16;4697510.537;54421.61;64365.78;1915425.504;1657826.918;482135.563;4119753.766;577756.771;Indústrias de transformação;Demais serviços;Administração, defesa, educação e saúde públicas e seguridade social;8;True;97.6;0.975731;270.17;271.12;5.688167;5.6;;94.4;0.943707;267.68;273.24;5.682;5.4;;84.3;0.848957;281.17;282.94;4.87416;4.1;;84.8;0.85326;286.92;287.45;5.022433;4.3;;99.4;0.993758;247.67;233.43;6.934761;6.9;;99.6;0.995989;244.79;230.1;6.819254;6.8;;98.5;0.984131;256.4;243.56;7.285546;7.2;;99.1;0.99099;271.27;270.18;5.690833;5.6;;;;;;;;;;;;;;;;;;;;;;;;;;;;;
4;Sul;42;SC;Santa Catarina;4215901;São Bonifácio;265329.55;90064.34;228604.85;77598.39;112431.565;40283.61;26427.337;23823.362;33868.658;19386.867;103506.224;8925.341;Demais serviços;Indústrias de transformação;Administração, defesa, educação e saúde públicas e seguridade social;4;True;96.4;0.96973;254.59;252.43;5.117;5.0;;96.4;0.96973;254.59;252.43;5.117;5.0;;;;;;;;;;;;;;;;94.6;0.94579;243.69;233.45;6.859171;6.5;;;;;;;;;98.7;0.988275;243.69;233.45;6.859171;6.8;;;;;;;;;;;;;;;;;;;;;;;;;;;;;;;;;;;;
4;Sul;42;SC;Santa Catarina;4216008;São Carlos;794989.549;77318.57;655147.95;63717.95;520825.076;45463.08;118741.955;150364.47;147121.39;64043.882;480271.696;40553.38;Indústrias de transformação;Demais serviços;Pecuária, inclusive apoio à pecuária;7;True;88.5;0.89146;258.2;266.36;5.409333;4.8;;88.5;0.888978;258.75;266.75;5.425;4.8;;;;;;;;;86.0;0.864383;294.19;299.53;5.305378;4.6;;95.8;0.960381;231.3;214.4;6.276357;6.0;;98.5;0.98522;221.53;197.3;5.778997;5.7;;94.6;0.950166;233.22;217.76;6.374089;6.1;;88.4;0.894371;255.52;264.44;5.332667;4.8;;;;;;;;;;;;;;;;;;;;;;;;;;;;;
4;Sul;42;SC;Santa Catarina;4216057;São Cristóvão do Sul;197298.749;32429.12;188145.667;30924.67;219812.268;38932.39;28269.461;66090.671;65460.975;33659.905;193481.013;26331.255;Indústrias de transformação;Demais serviços;Administração, defesa, educação e saúde públicas e seguridade social;4;True;79.5;0.79613;247.5;260.75;5.1375;4.1;;79.5;0.79613;247.5;260.75;5.1375;4.1;;;;;;;;;;;;;;;;99.5;0.994149;223.48;209.63;6.040393;6.0;;99.5;0.994149;223.48;209.63;6.040393;6.0;;;;;;;;;;;;;;;;;;;;;;;;;;;;;;;;;;;;;;;;;;;
4;Sul;42;SC;Santa Catarina;4216107;São Domingos;536173.65;58115.51;501291.152;54334.61;450004.216;47761.01;111814.084;101208.641;157898.071;48436.979;419357.775;30646.442;Demais serviços;Agricultura, inclusive apoio à agricultura e a pós colheita;Comércio e reparação de veículos automotores e motocicletas;3;True;;;;;;;;;;;;;;;;;;;;;;;;;;;;;99.1;0.990315;235.18;222.73;6.501857;6.4;;100.0;1.0;239.01;225.87;6.63204;6.6;;96.6;0.965516;219.89;210.14;5.981154;5.8;;;;;;;;;;;;;;;;;;;;;;;;;;;;;;;;;;;;
4;Sul;42;SC;Santa Catarina;4216206;São Francisco do Sul;7396331.907;140417.13;7730884.966;146768.52;8516614.709;155551.77;37017.877;3145501.912;3223222.287;361017.458;6766759.535;1749855.174;Indústrias de transformação;Demais serviços;Comércio e reparação de veículos automotores e motocicletas;8;True;90.7;0.907312;240.39;242.66;4.7175;4.3;;88.5;0.886016;237.38;238.04;4.590333;4.1;;79.4;0.837445;244.59;240.29;3.721923;3.1;;81.0;0.850627;250.39;249.23;3.937216;3.3;;95.9;0.959484;216.76;204.88;5.825785;5.6;;95.7;0.956863;217.63;206.47;5.871297;5.6;;96.4;0.965577;215.4;202.41;5.754922;5.6;;92.7;0.927259;242.54;245.94;4.808;4.5;;;;;;;;;;;;;;;;;;;;;;;;;;;;;
4;Sul;42;SC;Santa Catarina;4216255;São João do Oeste;463168.42;73577.19;407938.473;64803.57;353230.205;54994.58;109595.8;62042.825;110046.406;38884.429;320569.46;32660.745;Pecuária, inclusive apoio à pecuária;Demais serviços;Indústrias de transformação;6;True;92.3;0.92307;300.5;285.03;6.4255;5.9;;92.3;0.92307;300.5;285.03;6.4255;5.9;;94.0;0.935088;308.13;305.68;5.593231;5.2;;94.0;0.935088;308.13;305.68;5.593231;5.2;;98.1;0.980566;259.0;244.46;7.351528;7.2;;98.0;0.979322;259.0;244.46;7.351528;7.2;;;;;;;;;;;;;;;;;;;;;;;;;;;;;;;;;;;;;;;;;;;
4;Sul;42;SC;Santa Catarina;4216305;São João Batista;1303724.455;39885.11;1258894.574;38513.62;1029818.998;25927.62;19831.154;306958.256;393246.023;193175.008;913210.441;116608.557;Demais serviços;Indústrias de transformação;Administração, defesa, educação e saúde públicas e seguridade social;8;True;88.0;0.879703;258.71;256.25;5.249333;4.6;;88.5;0.885102;252.75;251.57;5.072;4.5;;77.2;0.777123;256.4;264.42;4.249021;3.3;;77.2;0.777123;256.4;264.42;4.249021;3.3;;94.7;0.947287;232.95;220.26;6.414391;6.1;;94.6;0.946938;232.89;219.46;6.3987;6.1;;94.9;0.954945;233.34;225.21;6.511833;6.2;;87.7;0.876863;263.22;259.78;5.383333;4.7;;;;;;;;;;;;;;;;;;;;;;;;;;;;;
4;Sul;42;SC;Santa Catarina;4216354;São João do Itaperiú;455830.482;102135.44;397288.552;89018.27;338152.428;89363.75;94603.399;110151.955;76217.517;27267.767;308240.638;29911.79;Indústrias de transformação;Demais serviços;Agricultura, inclusive apoio à agricultura e a pós colheita;2;True;;;;;;;;;;;;;;;81.0;0.822593;262.49;272.35;4.453267;3.7;;81.0;0.822593;262.49;272.35;4.453267;3.7;;;;;;;;;;;;;;;;;;;;;;;;;;;;;;;;;;;;;;;;;;;;;;;;;;;;;;;;;
4;Sul;42;SC;Santa Catarina;4216404;São João do Sul;434705.1;50150.57;321117.268;37046.29;282920.264;38587.05;106916.571;22832.491;95292.126;41540.477;266581.665;16338.6;Agricultura, inclusive apoio à agricultura e a pós colheita;Demais serviços;Administração, defesa, educação e saúde públicas e seguridade social;4;True;89.9;0.893188;254.6;261.98;5.276333;4.7;;;;;;;;;;;;;;;;;;;;;;;95.8;0.956486;239.72;231.83;6.753953;6.5;;95.8;0.956486;239.72;231.83;6.753953;6.5;;;;;;;;;90.3;0.888897;253.68;258.58;5.204333;4.6;;;;;;;;;;;;;;;;;;;;;;;;;;;;;
4;Sul;42;SC;Santa Catarina;4216503;São Joaquim;1484850.704;57243.95;1186502.208;45742.02;1133377.656;41482.24;483707.047;56441.081;404481.714;140728.175;1085358.016;48019.64;Agricultura, inclusive apoio à agricultura e a pós colheita;Demais serviços;Administração, defesa, educação e saúde públicas e seguridade social;8;True;93.6;0.93575;239.84;245.57;4.756833;4.5;;90.5;0.90402;244.69;251.55;4.937333;4.5;;86.7;0.880445;264.6;270.42;4.45401;3.9;;86.7;0.880445;264.6;270.42;4.45401;3.9;;97.4;0.973503;208.56;200.26;5.585296;5.4;;98.6;0.985489;201.8;195.98;5.378471;5.3;;94.8;0.956137;212.96;203.04;5.719811;5.5;;96.8;0.967292;224.15;226.18;4.172167;4.0;;;;;;;;;;;;;;;;;;;;;;;;;;;;;
4;Sul;42;SC;Santa Catarina;4216602;São José;15575672.162;57623.86;14466880.637;53522.56;13840194.7;54552.31;9971.472;1507099.842;7911688.371;1337225.25;10765984.936;3074209.764;Demais serviços;Comércio e reparação de veículos automotores e motocicletas;Administração, defesa, educação e saúde públicas e seguridade social;8;True;91.5;0.91542;266.06;270.57;5.6105;5.1;;85.9;0.85812;260.53;267.59;5.468667;4.7;;80.0;0.825321;268.15;272.88;4.540696;3.7;;80.3;0.832813;274.29;277.43;4.695046;3.9;;96.5;0.964606;228.18;221.21;6.340633;6.1;;97.7;0.976984;233.38;226.23;6.531142;6.4;;94.2;0.943337;219.47;212.8;6.021502;5.7;;95.6;0.955471;269.89;272.64;5.708833;5.5;;;;;;;;;;;;;;;;;;;;;;;;;;;;;
4;Sul;42;SC;Santa Catarina;4216701;São José do Cedro;681891.491;48132.38;594284.453;41948.5;568199.725;41141.1;109036.011;112565.303;215672.0;77646.805;514920.119;53279.606;Demais serviços;Indústrias de transformação;Pecuária, inclusive apoio à pecuária;8;True;92.0;0.918474;277.76;269.61;5.7895;5.3;;89.0;0.887987;270.31;263.61;5.565333;4.9;;86.1;0.864069;292.85;292.15;5.176079;4.5;;86.1;0.864069;292.85;292.15;5.176079;4.5;;98.6;0.985666;240.32;233.27;6.791585;6.7;;99.0;0.990274;247.91;239.52;7.050069;7.0;;97.1;0.976117;204.45;203.74;5.570134;5.4;;98.1;0.982585;298.19;286.06;6.404167;6.3;;;;;;;;;;;;;;;;;;;;;;;;;;;;;
4;Sul;42;SC;Santa Catarina;4216800;São José do Cerrito;355893.941;40869.77;290139.317;33318.71;318823.866;39585.78;155720.835;47799.045;65132.558;40050.53;308702.967;10120.898;Agricultura, inclusive apoio à agricultura e a pós colheita;Produção florestal, pesca e aquicultura;Demais serviços;4;True;;;;;;;;;;;;;;;93.8;0.942099;263.15;260.82;4.289932;4.0;;93.8;0.942099;263.15;260.82;4.289932;4.0;;99.8;0.99839;206.04;199.92;5.531023;5.5;;99.7;0.99778;203.5;203.57;5.548913;5.5;;;;;;;;;;;;;;;;;;;;;;;;;;;;;;;;;;;;;;;;;;;
4;Sul;42;SC;Santa Catarina;4216909;São Lourenço do Oeste;1843473.333;74360.59;1556977.839;62819.36;1389520.744;56712.82;88701.725;404412.969;545332.356;146848.733;1185295.783;204224.962;Demais serviços;Indústrias de transformação;Comércio e reparação de veículos automotores e motocicletas;6;True;90.5;0.906874;270.02;270.03;5.6675;5.1;;;;;;;;;87.3;0.875032;276.35;280.8;4.774427;4.2;;87.3;0.875032;276.35;280.8;4.774427;4.2;;95.3;0.952774;235.15;222.7;6.500739;6.2;;95.3;0.952774;235.15;222.7;6.500739;6.2;;;;;;;;;90.5;0.906874;270.02;270.03;5.6675;5.1;;;;;;;;;;;;;;;;;;;;;;;;;;;;;
4;Sul;42;SC;Santa Catarina;4217006;São Ludgero;1241477.563;91900.03;1048990.788;77651.25;929265.153;66921.01;178637.198;286433.327;270384.989;76313.802;811769.316;117495.837;Indústrias de transformação;Demais serviços;Pecuária, inclusive apoio à pecuária;5;True;;;;;;;;;;;;;;;87.8;0.883518;273.34;268.34;4.545625;4.0;;87.8;0.883518;273.34;268.34;4.545625;4.0;;99.0;0.990023;222.17;217.78;6.163575;6.1;;99.1;0.991079;222.31;218.93;6.187155;6.1;;98.5;0.96145;221.52;212.39;6.05317;5.8;;;;;;;;;;;;;;;;;;;;;;;;;;;;;;;;;;;;
4;Sul;42;SC;Santa Catarina;4217105;São Martinho;148540.885;43624.34;125066.649;36730.29;109265.51;34555.82;35909.752;9944.627;34207.848;20829.406;100891.633;8373.878;Demais serviços;Pecuária, inclusive apoio à pecuária;Administração, defesa, educação e saúde públicas e seguridade social;3;True;94.9;0.947891;252.02;259.02;5.184;4.9;;94.9;0.947891;252.02;259.02;5.184;4.9;;;;;;;;;;;;;;;;97.9;0.981249;247.8;233.32;6.935242;6.8;;;;;;;;;;;;;;;;;;;;;;;;;;;;;;;;;;;;;;;;;;;;;;;;;;
4;Sul;42;SC;Santa Catarina;4217154;São Miguel da Boa Vista;73871.298;41477.43;52062.341;29232.08;50299.691;28037.73;22592.8;1164.038;9621.561;15343.47;48721.869;1577.822;Pecuária, inclusive apoio à pecuária;Administração, defesa, educação e saúde públicas e seguridade social;Demais serviços;2;True;;;;;;;;;;;;;;;;;;;;;;;;;;;;;100.0;1.0;247.29;228.96;6.846237;6.8;;100.0;1.0;247.29;228.96;6.846237;6.8;;;;;;;;;;;;;;;;;;;;;;;;;;;;;;;;;;;;;;;;;;;
4;Sul;42;SC;Santa Catarina;4217204;São Miguel do Oeste;3105097.849;70045.07;2534987.264;57184.46;2174479.84;52719.78;84878.616;529496.317;1106142.097;222904.852;1943421.882;231057.958;Demais serviços;Indústrias de transformação;Comércio e reparação de veículos automotores e motocicletas;8;True;93.5;0.935334;271.24;270.42;5.694333;5.3;;93.8;0.937156;270.35;269.2;5.659167;5.3;;93.0;0.931757;279.02;278.93;4.783933;4.5;;92.6;0.928042;290.52;287.26;5.070151;4.7;;97.5;0.974111;237.88;230.08;6.68702;6.5;;97.4;0.973089;244.47;236.53;6.930056;6.7;;97.8;0.979398;219.41;212.02;6.006176;5.9;;92.7;0.932158;276.42;277.57;5.899833;5.5;;;;;;;;;;;;;;;;;;;;;;;;;;;;;
4;Sul;42;SC;Santa Catarina;4217253;São Pedro de Alcântara;148310.928;25677.1;112862.644;19539.93;101139.775;16728.38;21105.78;7299.118;33887.666;32675.496;94968.06;6171.715;Administração, defesa, educação e saúde públicas e seguridade social;Demais serviços;Agricultura, inclusive apoio à agricultura e a pós colheita;8;True;95.3;0.954279;269.35;269.19;5.642333;5.4;;94.5;0.942874;267.31;265.07;5.539667;5.2;;98.4;0.987242;272.94;291.68;4.889408;4.8;;98.4;0.987242;272.94;291.68;4.889408;4.8;;98.3;0.983887;229.18;216.14;6.267535;6.2;;98.1;0.981274;224.87;213.75;6.141829;6.0;;98.6;0.989641;235.07;219.39;6.439031;6.4;;96.2;0.95502;272.91;276.36;5.821167;5.6;;;;;;;;;;;;;;;;;;;;;;;;;;;;;
4;Sul;42;SC;Santa Catarina;4217303;Saudades;718462.655;69991.49;610268.544;59451.39;527168.233;53389.53;98201.446;179098.119;133039.963;52750.736;463090.263;64077.97;Indústrias de transformação;Demais serviços;Pecuária, inclusive apoio à pecuária;6;True;90.0;0.89943;275.42;266.49;5.6985;5.1;;90.0;0.89943;275.42;266.49;5.6985;5.1;;90.5;0.903474;280.03;277.59;4.778059;4.3;;90.5;0.903474;280.03;277.59;4.778059;4.3;;95.5;0.953101;265.36;247.89;7.535266;7.2;;94.8;0.945874;265.36;247.89;7.535266;7.1;;;;;;;;;;;;;;;;;;;;;;;;;;;;;;;;;;;;;;;;;;;
4;Sul;42;SC;Santa Catarina;4217402;Schroeder;906591.286;45191.73;821542.207;40952.21;759499.228;33598.73;33413.417;230649.237;278336.83;116519.597;658919.081;100580.148;Indústrias de transformação;Demais serviços;Administração, defesa, educação e saúde públicas e seguridade social;8;True;95.9;0.958855;270.06;270.93;5.683167;5.4;;95.8;0.958494;261.52;264.18;5.428333;5.2;;88.6;0.890709;277.31;275.41;4.707222;4.2;;88.6;0.890709;277.31;275.41;4.707222;4.2;;96.9;0.968994;234.45;227.32;6.57138;6.4;;97.1;0.96993;235.0;228.11;6.59624;6.4;;95.7;0.957493;232.19;224.07;6.46916;6.2;;96.0;0.960113;280.64;279.29;5.998833;5.8;;;;;;;;;;;;;;;;;;;;;;;;;;;;;
4;Sul;42;SC;Santa Catarina;4217501;Seara;1506647.813;80915.56;1304972.868;70084.47;1178643.916;66930.38;156687.212;394791.712;388888.195;102127.126;1042494.244;136149.672;Indústrias de transformação;Demais serviços;Pecuária, inclusive apoio à pecuária;8;True;93.9;0.938307;268.05;262.72;5.512833;5.2;;92.3;0.923215;268.13;262.08;5.5035;5.1;;89.5;0.896841;280.09;274.43;4.731596;4.2;;89.5;0.896841;280.09;274.43;4.731596;4.2;;99.1;0.990703;237.55;221.65;6.52745;6.5;;99.9;0.998592;243.19;225.96;6.713447;6.7;;98.0;0.97853;234.35;219.21;6.422017;6.3;;98.7;0.986524;267.26;268.91;5.602833;5.5;;;;;;;;;;;;;;;;;;;;;;;;;;;;;
4;Sul;42;SC;Santa Catarina;4217550;Serra Alta;147398.192;44625.55;125602.535;38026.8;118038.145;36330.61;37282.027;14639.279;37124.467;20484.016;109529.789;8508.355;Pecuária, inclusive apoio à pecuária;Demais serviços;Administração, defesa, educação e saúde públicas e seguridade social;6;True;86.6;0.868654;266.62;253.74;5.339333;4.6;;86.6;0.868654;266.62;253.74;5.339333;4.6;;90.1;0.907192;290.61;278.57;4.941325;4.5;;90.1;0.907192;290.61;278.57;4.941325;4.5;;99.0;0.989366;228.21;218.92;6.299569;6.2;;99.0;0.989366;228.21;218.92;6.299569;6.2;;;;;;;;;;;;;;;;;;;;;;;;;;;;;;;;;;;;;;;;;;;
4;Sul;42;SC;Santa Catarina;4217600;Siderópolis;804481.763;58661.35;701825.896;51175.87;679557.005;47937.15;34886.752;291546.921;221068.21;76079.115;623580.998;55976.007;Demais serviços;Indústrias de transformação;Indústrias extrativas;6;True;90.5;0.902837;258.0;263.06;5.351;4.8;;86.8;0.860504;251.78;258.54;5.172;4.5;;;;;;;;;;;;;;;;98.0;0.980135;218.45;211.09;5.970946;5.9;;97.8;0.977817;246.86;223.97;6.747303;6.6;;98.8;0.987126;200.51;202.95;5.480579;5.4;;94.8;0.949433;284.27;282.15;6.107;5.8;;;;;;;;;;;;;;;;;;;;;;;;;;;;;
4;Sul;42;SC;Santa Catarina;4217709;Sombrio;1304359.187;43491.69;1077546.186;35928.98;910385.849;29287.92;180626.219;133752.203;382998.547;146621.73;843998.698;66387.151;Demais serviços;Administração, defesa, educação e saúde públicas e seguridade social;Comércio e reparação de veículos automotores e motocicletas;8;True;89.7;0.896943;260.66;266.29;5.449167;4.9;;88.8;0.884281;259.03;268.24;5.4545;4.8;;82.7;0.860059;272.39;277.85;4.674648;4.0;;84.7;0.879853;280.13;286.3;4.909852;4.3;;96.7;0.967345;224.06;213.36;6.11928;5.9;;97.0;0.971852;220.24;211.73;6.016743;5.8;;95.9;0.961145;228.06;215.07;6.226706;6.0;;90.5;0.906441;263.0;263.49;5.4415;4.9;;;;;;;;;;;;;;;;;;;;;;;;;;;;;
4;Sul;42;SC;Santa Catarina;4217758;Sul Brasil;123619.65;43651.01;95897.508;33862.11;83394.824;34951.73;36759.53;6051.668;19602.015;16667.685;79080.899;4313.925;Pecuária, inclusive apoio à pecuária;Administração, defesa, educação e saúde públicas e seguridade social;Demais serviços;4;True;89.9;0.89286;275.47;265.81;5.688;5.1;;89.9;0.89286;275.47;265.81;5.688;5.1;;;;;;;;;;;;;;;;99.5;0.994272;243.4;222.35;6.651818;6.6;;99.5;0.994272;243.4;222.35;6.651818;6.6;;;;;;;;;;;;;;;;;;;;;;;;;;;;;;;;;;;;;;;;;;;
4;Sul;42;SC;Santa Catarina;4217808;Taió;1038272.967;56705.24;935846.943;51088.93;844678.391;45471.49;134780.637;183929.673;330865.807;99963.843;749539.96;95138.431;Demais serviços;Indústrias de transformação;Administração, defesa, educação e saúde públicas e seguridade social;4;True;98.5;0.984913;260.63;259.2;5.3305;5.3;;;;;;;;;;;;;;;;;;;;;;;99.5;0.994543;226.54;217.69;6.245335;6.2;;;;;;;;;99.2;0.99312;237.43;224.18;6.57116;6.5;;98.3;0.982861;265.12;268.06;5.553;5.5;;;;;;;;;;;;;;;;;;;;;;;;;;;;;
4;Sul;42;SC;Santa Catarina;4217907;Tangará;760284.682;93366.66;622901.804;76495.37;600872.17;69481.06;136333.567;201333.013;147616.802;56453.991;541737.372;59134.798;Indústrias de transformação;Demais serviços;Agricultura, inclusive apoio à agricultura e a pós colheita;5;True;92.1;0.922557;251.57;261.74;5.221833;4.8;;;;;;;;;;;;;;;;;;;;;;;98.0;0.981049;236.37;222.26;6.516022;6.4;;100.0;1.0;241.16;224.61;6.650161;6.7;;94.1;0.930289;231.68;219.96;6.3847;5.9;;96.6;0.965546;256.8;266.61;5.390167;5.2;;;;;;;;;;;;;;;;;;;;;;;;;;;;;
4;Sul;42;SC;Santa Catarina;4217956;Tigrinhos;88349.107;37934.35;78720.294;33800.04;65553.687;40817.99;24485.768;7995.719;14314.391;15465.409;62261.287;3292.399;Administração, defesa, educação e saúde públicas e seguridade social;Agricultura, inclusive apoio à agricultura e a pós colheita;Pecuária, inclusive apoio à pecuária;6;True;93.3;0.926335;282.65;267.7;5.839167;5.4;;93.3;0.926335;282.65;267.7;5.839167;5.4;;98.4;0.984536;264.64;254.48;4.215949;4.2;;98.4;0.984536;264.64;254.48;4.215949;4.2;;97.3;0.97349;254.98;226.57;6.949538;6.8;;97.3;0.97349;254.98;226.57;6.949538;6.8;;;;;;;;;;;;;;;;;;;;;;;;;;;;;;;;;;;;;;;;;;;
4;Sul;42;SC;Santa Catarina;4218004;Tijucas;3687049.288;71465.52;2976676.689;57696.48;2438156.377;61123.53;48605.881;556676.071;1155306.604;231877.393;1992465.949;445690.428;Demais serviços;Comércio e reparação de veículos automotores e motocicletas;Indústrias de transformação;8;True;86.8;0.869955;248.62;251.0;4.993667;4.3;;82.0;0.820215;250.01;249.87;4.998;4.1;;66.4;0.661703;272.02;274.19;4.614661;3.1;;66.4;0.661703;272.02;274.19;4.614661;3.1;;94.4;0.944279;217.39;211.28;5.954171;5.6;;94.2;0.940919;213.13;210.57;5.859965;5.5;;95.5;0.955079;228.68;213.14;6.203448;5.9;;91.5;0.91729;247.41;251.98;4.989833;4.6;;;;;;;;;;;;;;;;;;;;;;;;;;;;;
4;Sul;42;SC;Santa Catarina;4218103;Timbé do Sul;197892.454;36742.01;156048.933;28973.07;154884.569;29015.47;59263.4;7968.842;47076.975;32400.195;146709.413;8175.156;Agricultura, inclusive apoio à agricultura e a pós colheita;Demais serviços;Administração, defesa, educação e saúde públicas e seguridade social;4;True;95.0;0.948844;242.68;244.14;4.780333;4.5;;95.0;0.948844;242.68;244.14;4.780333;4.5;;;;;;;;;;;;;;;;94.9;0.949686;226.33;215.02;6.192782;5.9;;94.9;0.949686;226.33;215.02;6.192782;5.9;;;;;;;;;;;;;;;;;;;;;;;;;;;;;;;;;;;;;;;;;;;
4;Sul;42;SC;Santa Catarina;4218202;Timbó;2737816.587;59389.93;2594452.153;56280.01;2534741.041;55461.15;14515.394;876012.103;1009577.221;255853.356;2155958.074;378782.967;Indústrias de transformação;Demais serviços;Comércio e reparação de veículos automotores e motocicletas;8;True;95.5;0.955549;279.89;279.45;5.989;5.7;;91.5;0.914872;268.56;272.86;5.690333;5.2;;82.4;0.825199;287.07;289.81;5.059869;4.2;;82.4;0.825199;287.07;289.81;5.059869;4.2;;97.5;0.975405;242.24;228.83;6.747499;6.6;;99.3;0.993149;258.54;239.83;7.258568;7.2;;95.2;0.953435;224.84;217.09;6.201983;5.9;;98.9;0.989709;289.86;285.25;6.251833;6.2;;;;;;;;;;;;;;;;;;;;;;;;;;;;;
4;Sul;42;SC;Santa Catarina;4218251;Timbó Grande;304452.754;41467.28;276657.823;37681.53;303296.122;37897.8;64362.061;117478.082;55595.263;46240.549;283675.954;19620.167;Indústrias de transformação;Produção florestal, pesca e aquicultura;Administração, defesa, educação e saúde públicas e seguridade social;2;True;;;;;;;;;;;;;;;;;;;;;;;;;;;;;99.8;0.99839;226.39;216.2;6.215382;6.2;;99.8;0.99839;226.39;216.2;6.215382;6.2;;;;;;;;;;;;;;;;;;;;;;;;;;;;;;;;;;;;;;;;;;;
4;Sul;42;SC;Santa Catarina;4218301;Três Barras;2060109.557;104330.47;1799355.844;91125.08;1522852.302;78275.63;59845.836;882484.395;296497.053;118300.994;1357128.278;165724.024;Indústrias de transformação;Demais serviços;Administração, defesa, educação e saúde públicas e seguridade social;8;True;88.7;0.885393;247.16;254.93;5.034833;4.5;;89.6;0.897421;237.59;246.05;4.727333;4.2;;77.8;0.82405;251.82;259.99;4.118378;3.4;;77.8;0.82405;251.82;259.99;4.118378;3.4;;96.5;0.965067;216.94;203.91;5.811584;5.6;;96.3;0.962772;219.96;208.29;5.948854;5.7;;97.6;0.983396;210.17;194.1;5.504022;5.4;;88.2;0.880563;254.8;262.01;5.280167;4.6;;;;;;;;;;;;;;;;;;;;;;;;;;;;;
4;Sul;42;SC;Santa Catarina;4218350;Treviso;198899.904;52591.2;179962.764;48783.62;232256.933;58035.22;9544.535;118204.606;56044.672;34854.697;218648.51;13608.423;Indústrias extrativas;Demais serviços;Administração, defesa, educação e saúde públicas e seguridade social;6;True;96.0;0.959532;264.73;265.77;5.508333;5.3;;96.0;0.959532;264.73;265.77;5.508333;5.3;;89.7;0.913882;300.43;289.01;5.235534;4.8;;89.7;0.913882;300.43;289.01;5.235534;4.8;;94.1;0.930047;250.38;239.43;7.09557;6.6;;94.1;0.930047;250.38;239.43;7.09557;6.6;;;;;;;;;;;;;;;;;;;;;;;;;;;;;;;;;;;;;;;;;;;
4;Sul;42;SC;Santa Catarina;4218400;Treze de Maio;255516.011;34707.42;229972.69;31237.8;199732.0;28115.43;43532.537;30054.608;68778.976;38459.227;180825.348;18906.653;Demais serviços;Administração, defesa, educação e saúde públicas e seguridade social;Agricultura, inclusive apoio à agricultura e a pós colheita;4;True;;;;;;;;;;;;;;;86.0;0.868502;277.96;278.1;4.75662;4.1;;86.0;0.868502;277.96;278.1;4.75662;4.1;;99.6;0.995935;238.96;219.92;6.522904;6.5;;99.6;0.995935;238.96;219.92;6.522904;6.5;;;;;;;;;;;;;;;;;;;;;;;;;;;;;;;;;;;;;;;;;;;
4;Sul;42;SC;Santa Catarina;4218509;Treze Tílias;1194854.233;135979.77;983840.809;111965.5;829531.908;101933.14;66978.863;309994.803;295247.502;52868.763;725089.93;104441.977;Indústrias de transformação;Demais serviços;Comércio e reparação de veículos automotores e motocicletas;6;True;85.0;0.844086;280.11;274.22;5.9055;5.0;;;;;;;;;69.7;0.70667;287.95;294.27;5.138995;3.6;;69.7;0.70667;287.95;294.27;5.138995;3.6;;92.4;0.928093;255.06;239.4;7.184337;6.7;;92.4;0.928093;255.06;239.4;7.184337;6.7;;;;;;;;;92.1;0.933145;304.73;295.93;6.677667;6.2;;;;;;;;;;;;;;;;;;;;;;;;;;;;;
4;Sul;42;SC;Santa Catarina;4218608;Trombudo Central;433329.734;59572.41;416086.077;57201.83;437964.649;58348.61;45094.746;177041.289;110191.487;44658.395;376985.917;60978.732;Indústrias de transformação;Demais serviços;Administração, defesa, educação e saúde públicas e seguridade social;2;True;;;;;;;;;;;;;;;;;;;;;;;;;;;;;97.1;0.971351;230.9;221.94;6.405814;6.2;;97.1;0.971351;230.9;221.94;6.405814;6.2;;;;;;;;;;;;;;;;;;;;;;;;;;;;;;;;;;;;;;;;;;;
4;Sul;42;SC;Santa Catarina;4218707;Tubarão;6007107.895;54566.42;5336570.929;48475.5;4817595.577;44964.17;73584.854;856169.577;2843748.689;535583.745;4309086.865;508508.712;Demais serviços;Comércio e reparação de veículos automotores e motocicletas;Administração, defesa, educação e saúde públicas e seguridade social;8;True;87.5;0.874522;253.69;257.47;5.186;4.5;;87.8;0.876201;252.05;254.9;5.115833;4.5;;85.2;0.856011;277.23;279.66;4.769721;4.1;;85.2;0.856011;277.23;279.66;4.769721;4.1;;94.7;0.947558;229.18;221.74;6.369353;6.0;;95.1;0.951456;233.34;226.35;6.532561;6.2;;94.4;0.94527;227.36;219.73;6.298075;6.0;;86.6;0.868446;261.19;269.24;5.507167;4.8;;;;;;;;;;;;;;;;;;;;;;;;;;;;;
4;Sul;42;SC;Santa Catarina;4218756;Tunápolis;229505.878;46685.49;190289.439;38708.19;182315.835;40451.71;88932.88;10300.17;45322.295;29431.221;173986.566;8329.269;Pecuária, inclusive apoio à pecuária;Demais serviços;Administração, defesa, educação e saúde públicas e seguridade social;6;True;97.3;0.975425;282.29;279.71;6.033333;5.9;;97.3;0.975425;282.29;279.71;6.033333;5.9;;89.8;0.898941;302.2;298.71;5.405603;4.9;;89.8;0.898941;302.2;298.71;5.405603;4.9;;96.8;0.969836;259.31;235.32;7.191262;7.0;;96.8;0.970475;259.31;235.32;7.191262;7.0;;;;;;;;;;;;;;;;;;;;;;;;;;;;;;;;;;;;;;;;;;;
4;Sul;42;SC;Santa Catarina;4218806;Turvo;992638.805;76105.1;820536.127;62910.08;737916.019;56415.6;146869.284;166715.236;287801.786;68872.528;670258.834;67657.185;Demais serviços;Agricultura, inclusive apoio à agricultura e a pós colheita;Indústrias de transformação;5;True;92.1;0.921958;251.84;251.56;5.056667;4.7;;92.6;0.927043;251.84;251.56;5.056667;4.7;;;;;;;;;;;;;;;;99.9;0.998592;222.28;209.0;6.006037;6.0;;99.8;0.99778;223.13;205.43;5.95735;5.9;;100.0;1.0;221.6;211.82;6.044333;6.0;;;;;;;;;;;;;;;;;;;;;;;;;;;;;;;;;;;;
4;Sul;42;SC;Santa Catarina;4218855;União do Oeste;116752.879;42088.28;102217.779;36848.51;85131.946;36011.82;35505.446;5736.604;21613.89;18822.027;81677.967;3453.979;Pecuária, inclusive apoio à pecuária;Administração, defesa, educação e saúde públicas e seguridade social;Demais serviços;2;True;;;;;;;;;;;;;;;;;;;;;;;;;;;;;100.0;1.0;224.81;220.54;6.264138;6.3;;100.0;1.0;224.81;220.54;6.264138;6.3;;;;;;;;;;;;;;;;;;;;;;;;;;;;;;;;;;;;;;;;;;;
4;Sul;42;SC;Santa Catarina;4218905;Urubici;471775.601;43545.84;389361.974;35938.89;356315.297;31501.66;118694.151;14822.362;139498.374;63725.975;336740.863;19574.434;Demais serviços;Agricultura, inclusive apoio à agricultura e a pós colheita;Administração, defesa, educação e saúde públicas e seguridade social;6;True;81.0;0.810867;246.81;252.53;4.989;4.0;;81.0;0.810867;246.81;252.53;4.989;4.0;;82.9;0.822593;280.77;268.33;4.649829;3.8;;82.9;0.822593;280.77;268.33;4.649829;3.8;;99.2;0.991738;219.33;206.91;5.91174;5.9;;99.2;0.991738;219.33;206.91;5.91174;5.9;;;;;;;;;;;;;;;;;;;;;;;;;;;;;;;;;;;;;;;;;;;
4;Sul;42;SC;Santa Catarina;4218954;Urupema;131850.079;49642.35;85176.109;32069.32;88458.9;36061.52;46233.514;3276.883;18283.204;18343.642;86137.243;2321.657;Agricultura, inclusive apoio à agricultura e a pós colheita;Administração, defesa, educação e saúde públicas e seguridade social;Demais serviços;4;True;85.6;0.862172;244.87;250.87;4.929;4.2;;85.6;0.862172;244.87;250.87;4.929;4.2;;;;;;;;;;;;;;;;94.2;0.946089;220.05;221.04;6.182389;5.8;;;;;;;;;95.1;0.956594;220.05;221.04;6.182389;5.9;;;;;;;;;;;;;;;;;;;;;;;;;;;;;;;;;;;;
4;Sul;42;SC;Santa Catarina;4219002;Urussanga;1222446.926;58437.16;1279368.707;61158.22;1087691.42;50781.62;49832.8;466994.394;328297.409;124565.504;969690.107;118001.314;Indústrias de transformação;Demais serviços;Administração, defesa, educação e saúde públicas e seguridade social;8;True;93.8;0.937742;270.59;264.19;5.579667;5.2;;91.2;0.912175;271.95;268.58;5.6755;5.2;;86.7;0.868775;263.36;252.56;4.169229;3.6;;86.7;0.868775;263.36;252.56;4.169229;3.6;;98.2;0.981312;238.05;221.53;6.53481;6.4;;99.6;0.995974;246.09;226.85;6.784972;6.8;;96.6;0.963712;233.94;218.82;6.407102;6.2;;99.3;0.991803;266.64;251.45;5.3015;5.3;;;;;;;;;;;;;;;;;;;;;;;;;;;;;
4;Sul;42;SC;Santa Catarina;4219101;Vargeão;301834.497;83058.47;257604.939;70887.43;201009.745;56321.03;60911.134;35579.131;61806.49;24088.829;182385.583;18624.161;Demais serviços;Pecuária, inclusive apoio à pecuária;Indústrias de transformação;6;True;84.8;0.847214;262.62;250.95;5.226167;4.4;;83.6;0.881657;263.87;255.27;5.319;4.7;;78.7;0.796222;268.92;261.21;4.37681;3.5;;78.7;0.796222;268.92;261.21;4.37681;3.5;;95.7;0.96189;228.59;212.43;6.188821;6.0;;95.7;0.96189;228.59;212.43;6.188821;6.0;;;;;;;;;;;;;;;;;;;;;;;;;;;;;;;;;;;;;;;;;;;
4;Sul;42;SC;Santa Catarina;4219150;Vargem;100063.874;38090.55;86743.421;33019.95;116146.444;48657.92;25471.966;49988.281;19098.06;19085.247;113643.554;2502.89;Construção;Administração, defesa, educação e saúde públicas e seguridade social;Agricultura, inclusive apoio à agricultura e a pós colheita;4;True;84.6;0.826169;263.68;259.4;5.384667;4.4;;84.6;0.826169;263.68;259.4;5.384667;4.4;;;;;;;;;;;;;;;;97.6;0.97789;223.75;227.99;6.379364;6.2;;97.6;0.97789;223.75;227.99;6.379364;6.2;;;;;;;;;;;;;;;;;;;;;;;;;;;;;;;;;;;;;;;;;;;
4;Sul;42;SC;Santa Catarina;4219176;Vargem Bonita;661591.361;144578.53;598894.605;130877.32;539920.021;122403.09;49496.537;290997.529;103029.037;32861.428;476384.531;63535.49;Indústrias de transformação;Demais serviços;Administração, defesa, educação e saúde públicas e seguridade social;6;True;86.3;0.859947;261.62;265.54;5.452667;4.7;;86.3;0.859947;261.62;265.54;5.452667;4.7;;79.7;0.799633;249.78;243.58;3.844067;3.1;;79.7;0.799633;249.78;243.58;3.844067;3.1;;99.7;0.996553;228.97;212.68;6.200618;6.2;;99.6;0.995728;218.34;200.63;5.778665;5.8;;;;;;;;;;;;;;;;;;;;;;;;;;;;;;;;;;;;;;;;;;;
4;Sul;42;SC;Santa Catarina;4219200;Vidal Ramos;401953.374;64946.42;360332.404;58221.43;354849.28;56138.16;87141.187;96483.577;99592.736;40076.397;323293.898;31555.382;Demais serviços;Agricultura, inclusive apoio à agricultura e a pós colheita;Indústrias de transformação;6;True;97.1;0.96966;274.68;266.71;5.689833;5.5;;97.1;0.96966;274.68;266.71;5.689833;5.5;;91.2;0.91609;270.86;289.68;4.830255;4.4;;91.2;0.935719;270.86;289.68;4.830255;4.5;;100.0;1.0;253.05;234.72;7.060888;7.1;;100.0;1.0;253.05;234.72;7.060888;7.1;;;;;;;;;;;;;;;;;;;;;;;;;;;;;;;;;;;;;;;;;;;
4;Sul;42;SC;Santa Catarina;4219309;Videira;4129522.675;74451.42;3846541.252;69349.53;3456102.14;63830.49;266364.788;990765.827;1432744.321;305963.695;2995838.631;460263.509;Demais serviços;Indústrias de transformação;Comércio e reparação de veículos automotores e motocicletas;8;True;90.7;0.906968;270.37;266.21;5.609667;5.1;;81.9;0.817019;262.53;260.33;5.381;4.4;;66.2;0.669855;280.2;289.06;4.952153;3.3;;73.5;0.742516;293.31;297.75;5.266372;3.9;;95.8;0.958262;236.38;228.97;6.638212;6.4;;97.2;0.971986;242.37;232.96;6.825071;6.6;;93.1;0.93301;226.36;222.28;6.325355;5.9;;96.6;0.965215;275.9;270.35;5.770833;5.6;;;;;;;;;;;;;;;;;;;;;;;;;;;;;
4;Sul;42;SC;Santa Catarina;4219358;Vitor Meireles;193745.239;36079.19;163976.322;30535.63;142287.674;28996.88;54766.779;11893.228;39553.96;29483.364;135697.33;6590.344;Agricultura, inclusive apoio à agricultura e a pós colheita;Administração, defesa, educação e saúde públicas e seguridade social;Demais serviços;4;True;92.1;0.920997;270.77;255.76;5.442167;5.0;;92.1;0.920997;270.77;255.76;5.442167;5.0;;;;;;;;;;;;;;;;99.4;0.993538;246.03;216.62;6.597827;6.6;;99.4;0.993538;246.03;216.62;6.597827;6.6;;;;;;;;;;;;;;;;;;;;;;;;;;;;;;;;;;;;;;;;;;;
4;Sul;42;SC;Santa Catarina;4219408;Witmarsum;197838.976;46495.65;188824.137;44377.0;175207.745;43454.3;41815.141;45944.524;48648.372;27068.917;163476.954;11730.791;Indústrias de transformação;Demais serviços;Administração, defesa, educação e saúde públicas e seguridade social;7;True;92.8;0.92767;271.89;270.64;5.708833;5.3;;92.8;0.92767;271.89;270.64;5.708833;5.3;;88.7;0.891339;295.42;269.64;4.875198;4.3;;88.7;0.891339;295.42;269.64;4.875198;4.3;;97.1;0.970088;239.96;223.94;6.615078;6.4;;98.1;0.982542;237.97;222.66;6.553829;6.4;;93.5;0.942793;241.94;225.21;6.675956;6.3;;;;;;;;;;;;;;;;;;;;;;;;;;;;;;;;;;;;
4;Sul;42;SC;Santa Catarina;4219507;Xanxerê;3145564.606;60952.29;2885926.279;55921.22;2639976.938;50487.22;152012.725;470725.435;1456984.089;263250.303;2342972.552;297004.386;Demais serviços;Comércio e reparação de veículos automotores e motocicletas;Indústrias de transformação;8;True;88.7;0.887007;261.54;265.01;5.4425;4.8;;88.0;0.880113;258.93;264.29;5.387;4.7;;71.0;0.716046;279.62;285.71;4.893857;3.5;;75.4;0.761095;286.8;292.67;5.098892;3.9;;97.3;0.973131;236.31;230.71;6.668513;6.5;;98.0;0.979101;239.74;233.8;6.790153;6.6;;96.0;0.961765;231.24;226.14;6.488666;6.2;;92.2;0.922937;279.32;269.95;5.821167;5.4;;;;;;;;;;;;;;;;;;;;;;;;;;;;;
4;Sul;42;SC;Santa Catarina;4219606;Xavantina;249449.508;68286.21;204112.474;55875.3;211879.818;54706.9;103298.384;31515.73;43523.925;25472.045;203810.084;8069.734;Pecuária, inclusive apoio à pecuária;Eletricidade e gás, água, esgoto, atividades de gestão de resíduos e descontaminação;Demais serviços;2;True;;;;;;;;;;;;;;;;;;;;;;;;;;;;;97.2;0.971851;237.51;234.02;6.751595;6.6;;97.2;0.971851;237.51;234.02;6.751595;6.6;;;;;;;;;;;;;;;;;;;;;;;;;;;;;;;;;;;;;;;;;;;
4;Sul;42;SC;Santa Catarina;4219705;Xaxim;1737477.331;54435.66;1563334.946;48979.73;1471922.481;50315.26;168906.84;526441.807;452698.221;164828.932;1312875.8;159046.68;Indústrias de transformação;Demais serviços;Administração, defesa, educação e saúde públicas e seguridade social;7;True;88.9;0.887717;268.76;269.12;5.631333;5.0;;87.9;0.877687;259.37;257.93;5.288333;4.6;;81.5;0.821471;289.68;287.05;5.055209;4.2;;81.5;0.821471;289.68;287.05;5.055209;4.2;;95.3;0.951522;246.76;235.71;6.958849;6.6;;95.2;0.951091;246.76;235.71;6.958849;6.6;;;;;;;;;89.6;0.90021;280.39;282.99;6.056333;5.5;;;;;;;;;;;;;;;;;;;;;;;;;;;;;
4;Sul;42;SC;Santa Catarina;4219853;Zortéa;135060.002;34366.41;140182.265;35669.79;103656.515;30202.95;36853.739;4273.723;32246.489;25637.367;99011.318;4645.197;Administração, defesa, educação e saúde públicas e seguridade social;Agricultura, inclusive apoio à agricultura e a pós colheita;Demais serviços;4;True;88.8;0.886756;284.26;273.34;5.96;5.3;;;;;;;;;;;;;;;;;;;;;;;87.1;0.86719;240.34;217.17;6.499239;5.6;;87.1;0.86719;240.34;217.17;6.499239;5.6;;;;;;;;;88.8;0.886756;284.26;273.34;5.96;5.3;;;;;;;;;;;;;;;;;;;;;;;;;;;;;
4;Sul;42;SC;Santa Catarina;4220000;Balneário Rincão;420207.739;26294.21;354556.83;22186.15;294751.343;22450.4;8563.785;24827.864;165235.312;73319.097;271946.058;22805.285;Demais serviços;Administração, defesa, educação e saúde públicas e seguridade social;Comércio e reparação de veículos automotores e motocicletas;5;True;84.6;0.849035;246.28;250.28;4.942667;4.2;;84.6;0.849035;246.28;250.28;4.942667;4.2;;;;;;;;;;;;;;;;98.1;0.9823;216.99;208.62;5.898174;5.8;;100.0;1.0;222.81;218.28;6.184879;6.2;;93.2;0.940095;207.96;193.65;5.453664;5.1;;;;;;;;;;;;;;;;;;;;;;;;;;;;;;;;;;;;
