region_code;region_name;state_code;state_abbr;state_name;city_code;city_name;gdp_2023_current_prices_thousand_reais;gdp_per_capita_2023_current_reais;gdp_2022_current_prices_thousand_reais;gdp_per_capita_2022_current_reais;gdp_2021_current_prices_thousand_reais;gdp_per_capita_2021_current_reais;gross_value_added_agriculture_2021_current_prices_thousand_reais;gross_value_added_industry_2021_current_prices_thousand_reais;gross_value_added_services_2021_current_prices_thousand_reais;gross_value_added_public_administration_2021_current_prices_thousand_reais;gross_value_added_total_2021_current_prices_thousand_reais;taxes_less_subsidies_2021_current_prices_thousand_reais;main_economic_activity_2021;second_main_economic_activity_2021;third_main_economic_activity_2021;total_school_records;has_any_school_record;approval_rate_estadual_medio_todos_1_4;performance_indicator_estadual_medio_todos_1_4;saeb_math_score_estadual_medio_todos_1_4;saeb_portuguese_score_estadual_medio_todos_1_4;saeb_standardized_average_score_estadual_medio_todos_1_4;ideb_estadual_medio_todos_1_4;ideb_projection_estadual_medio_todos_1_4;approval_rate_publica_medio_todos_1_4;performance_indicator_publica_medio_todos_1_4;saeb_math_score_publica_medio_todos_1_4;saeb_portuguese_score_publica_medio_todos_1_4;saeb_standardized_average_score_publica_medio_todos_1_4;ideb_publica_medio_todos_1_4;ideb_projection_publica_medio_todos_1_4;approval_rate_publica_fundamental_finais_6_9;performance_indicator_publica_fundamental_finais_6_9;saeb_math_score_publica_fundamental_finais_6_9;saeb_portuguese_score_publica_fundamental_finais_6_9;saeb_standardized_average_score_publica_fundamental_finais_6_9;ideb_publica_fundamental_finais_6_9;ideb_projection_publica_fundamental_finais_6_9;approval_rate_estadual_fundamental_finais_6_9;performance_indicator_estadual_fundamental_finais_6_9;saeb_math_score_estadual_fundamental_finais_6_9;saeb_portuguese_score_estadual_fundamental_finais_6_9;saeb_standardized_average_score_estadual_fundamental_finais_6_9;ideb_estadual_fundamental_finais_6_9;ideb_projection_estadual_fundamental_finais_6_9;approval_rate_publica_fundamental_iniciais_1_5;performance_indicator_publica_fundamental_iniciais_1_5;saeb_math_score_publica_fundamental_iniciais_1_5;saeb_portuguese_score_publica_fundamental_iniciais_1_5;saeb_standardized_average_score_publica_fundamental_iniciais_1_5;ideb_publica_fundamental_iniciais_1_5;ideb_projection_publica_fundamental_iniciais_1_5;approval_rate_municipal_fundamental_iniciais_1_5;performance_indicator_municipal_fundamental_iniciais_1_5;saeb_math_score_municipal_fundamental_iniciais_1_5;saeb_portuguese_score_municipal_fundamental_iniciais_1_5;saeb_standardized_average_score_municipal_fundamental_iniciais_1_5;ideb_municipal_fundamental_iniciais_1_5;ideb_projection_municipal_fundamental_iniciais_1_5;approval_rate_municipal_fundamental_finais_6_9;performance_indicator_municipal_fundamental_finais_6_9;saeb_math_score_municipal_fundamental_finais_6_9;saeb_portuguese_score_municipal_fundamental_finais_6_9;saeb_standardized_average_score_municipal_fundamental_finais_6_9;ideb_municipal_fundamental_finais_6_9;ideb_projection_municipal_fundamental_finais_6_9;approval_rate_estadual_fundamental_iniciais_1_5;performance_indicator_estadual_fundamental_iniciais_1_5;saeb_math_score_estadual_fundamental_iniciais_1_5;saeb_portuguese_score_estadual_fundamental_iniciais_1_5;saeb_standardized_average_score_estadual_fundamental_iniciais_1_5;ideb_estadual_fundamental_iniciais_1_5;ideb_projection_estadual_fundamental_iniciais_1_5;approval_rate_federal_medio_todos_1_4;performance_indicator_federal_medio_todos_1_4;saeb_math_score_federal_medio_todos_1_4;saeb_portuguese_score_federal_medio_todos_1_4;saeb_standardized_average_score_federal_medio_todos_1_4;ideb_federal_medio_todos_1_4;ideb_projection_federal_medio_todos_1_4;approval_rate_municipal_medio_todos_1_4;performance_indicator_municipal_medio_todos_1_4;saeb_math_score_municipal_medio_todos_1_4;saeb_portuguese_score_municipal_medio_todos_1_4;saeb_standardized_average_score_municipal_medio_todos_1_4;ideb_municipal_medio_todos_1_4;ideb_projection_municipal_medio_todos_1_4;approval_rate_federal_fundamental_iniciais_1_5;performance_indicator_federal_fundamental_iniciais_1_5;saeb_math_score_federal_fundamental_iniciais_1_5;saeb_portuguese_score_federal_fundamental_iniciais_1_5;saeb_standardized_average_score_federal_fundamental_iniciais_1_5;ideb_federal_fundamental_iniciais_1_5;ideb_projection_federal_fundamental_iniciais_1_5
3;Sudeste;35;SP;São Paulo;3500105;Adamantina;1705894.987;49179.66;1542108.768;44457.83;1370865.929;38997.12;54224.142;178323.41;785582.034;228217.171;1246346.757;124519.171;Demais serviços;Administração, defesa, educação e saúde públicas e seguridade social;Comércio e reparação de veículos automotores e motocicletas;6;True;95.2;0.953572;278.15;289.92;4.936235;4.7;;95.2;0.953572;278.15;289.92;4.936235;4.7;;98.7;0.986973;268.13;262.63;5.512667;5.4;;98.7;0.986973;268.13;262.63;5.512667;5.4;;99.8;0.998396;239.75;215.83;6.463616;6.5;;99.8;0.998396;239.75;215.83;6.463616;6.5;;;;;;;;;;;;;;;;;;;;;;;;;;;;;;;;;;;;
3;Sudeste;35;SP;São Paulo;3500204;Adolfo;215282.976;49478.96;152744.965;35105.71;115489.988;32578.28;22826.148;17782.937;42622.327;27140.209;110371.621;5118.367;Demais serviços;Administração, defesa, educação e saúde públicas e seguridade social;Agricultura, inclusive apoio à agricultura e a pós colheita;6;True;99.0;0.990143;280.04;285.4;4.895115;4.8;;99.0;0.990143;280.04;285.4;4.895115;4.8;;99.0;0.988876;276.86;273.79;5.844167;5.8;;;;;;;;;100.0;1.0;248.39;228.17;6.852865;6.9;;100.0;1.0;248.39;228.17;6.852865;6.9;;99.0;0.988876;276.86;273.79;5.844167;5.8;;;;;;;;;;;;;;;;;;;;;;;;;;;;;
3;Sudeste;35;SP;São Paulo;3500303;Aguaí;1773842.732;55308.14;1538788.797;47979.2;1314737.257;35551.7;121795.919;358840.73;437984.526;151739.51;1070360.685;244376.572;Demais serviços;Indústrias de transformação;Administração, defesa, educação e saúde públicas e seguridade social;8;True;89.0;0.899118;262.67;273.83;4.477951;4.0;;89.0;0.899118;262.67;273.83;4.477951;4.0;;97.2;0.971965;258.03;258.69;5.278667;5.1;;97.2;0.970323;249.7;248.27;4.966167;4.8;;97.6;0.97697;220.88;211.54;6.025502;5.9;;97.3;0.972809;220.95;211.37;6.023747;5.9;;97.3;0.973765;272.74;277.09;5.8305;5.7;;100.0;1.0;220.39;212.79;6.038878;6.0;;;;;;;;;;;;;;;;;;;;;;
3;Sudeste;35;SP;São Paulo;3500402;Águas da Prata;272358.712;36960.06;237447.327;32222.46;209003.992;25297.02;25096.376;25550.804;106278.688;36922.718;193848.586;15155.406;Demais serviços;Administração, defesa, educação e saúde públicas e seguridade social;Comércio e reparação de veículos automotores e motocicletas;6;True;90.2;0.904626;276.78;290.01;4.918341;4.4;;90.2;0.904626;276.78;290.01;4.918341;4.4;;95.7;0.956735;273.93;277.15;5.851333;5.6;;95.7;0.956735;273.93;277.15;5.851333;5.6;;97.5;0.976202;232.27;222.85;6.448505;6.3;;97.5;0.976202;232.27;222.85;6.448505;6.3;;;;;;;;;;;;;;;;;;;;;;;;;;;;;;;;;;;;
3;Sudeste;35;SP;São Paulo;3500501;Águas de Lindóia;801114.539;44680.12;709589.578;39799.74;585603.941;30971.23;10298.965;41438.678;372529.721;114950.716;539218.08;46385.86;Demais serviços;Administração, defesa, educação e saúde públicas e seguridade social;Comércio e reparação de veículos automotores e motocicletas;8;True;89.2;0.904564;286.93;295.49;5.142933;4.7;;89.2;0.904564;286.93;295.49;5.142933;4.7;;93.4;0.932694;284.22;282.02;6.104;5.7;;99.4;0.992949;284.06;279.58;6.060667;6.0;;94.7;0.944903;258.0;236.81;7.193353;6.8;;94.2;0.940029;256.83;234.03;7.12048;6.7;;89.9;0.897075;284.31;283.32;6.127167;5.5;;100.0;1.0;263.21;249.28;7.519508;7.5;;;;;;;;;;;;;;;;;;;;;;
3;Sudeste;35;SP;São Paulo;3500550;Águas de Santa Bárbara;375561.879;52328.53;254816.779;35504.64;217295.581;35378.64;70378.677;9944.378;82958.154;41021.111;204302.32;12993.261;Demais serviços;Agricultura, inclusive apoio à agricultura e a pós colheita;Administração, defesa, educação e saúde públicas e seguridade social;6;True;93.0;0.937247;271.23;275.34;4.620781;4.3;;93.0;0.937247;271.23;275.34;4.620781;4.3;;98.9;0.988498;281.34;275.42;5.946;5.9;;98.9;0.988498;281.34;275.42;5.946;5.9;;100.0;1.0;233.28;214.42;6.314507;6.3;;100.0;1.0;233.28;214.42;6.314507;6.3;;;;;;;;;;;;;;;;;;;;;;;;;;;;;;;;;;;;
3;Sudeste;35;SP;São Paulo;3500600;Águas de São Pedro;185389.984;66687.04;160664.986;57793.16;147855.135;41208.23;0.0;8858.841;98194.675;31514.802;138568.318;9286.817;Demais serviços;Administração, defesa, educação e saúde públicas e seguridade social;Comércio e reparação de veículos automotores e motocicletas;6;True;99.2;0.994268;278.75;288.43;4.922357;4.9;;99.2;0.994268;278.75;288.43;4.922357;4.9;;99.2;0.992327;305.35;290.32;6.5945;6.5;;;;;;;;;99.3;0.99313;254.37;238.95;7.162988;7.1;;99.3;0.99313;254.37;238.95;7.162988;7.1;;99.2;0.992327;305.35;290.32;6.5945;6.5;;;;;;;;;;;;;;;;;;;;;;;;;;;;;
3;Sudeste;35;SP;São Paulo;3500709;Agudos;3415808.553;90653.09;2685446.015;71269.8;2638622.611;70209.74;85373.367;1120495.303;780808.117;207612.863;2194289.65;444332.962;Indústrias de transformação;Demais serviços;Administração, defesa, educação e saúde públicas e seguridade social;6;True;94.0;0.939831;259.48;271.61;4.399914;4.1;;94.0;0.939831;259.48;271.61;4.399914;4.1;;97.0;0.969786;251.26;252.23;5.058167;4.9;;97.0;0.969786;251.26;252.23;5.058167;4.9;;97.7;0.976259;237.22;218.96;6.472243;6.3;;97.7;0.976259;237.22;218.96;6.472243;6.3;;;;;;;;;;;;;;;;;;;;;;;;;;;;;;;;;;;;
3;Sudeste;35;SP;São Paulo;3500758;Alambari;160252.134;26095.45;133707.111;21772.86;129389.561;20765.46;35450.074;11402.717;42753.369;32355.482;121961.643;7427.919;Demais serviços;Administração, defesa, educação e saúde públicas e seguridade social;Agricultura, inclusive apoio à agricultura e a pós colheita;6;True;94.7;0.950083;254.52;262.43;4.192826;4.0;;94.7;0.950083;254.52;262.43;4.192826;4.0;;97.9;0.97902;254.11;261.69;5.263333;5.2;;97.9;0.97902;254.11;261.69;5.263333;5.2;;96.3;0.962282;233.62;221.36;6.447177;6.2;;96.3;0.962282;233.62;221.36;6.447177;6.2;;;;;;;;;;;;;;;;;;;;;;;;;;;;;;;;;;;;
3;Sudeste;35;SP;São Paulo;3500808;Alfredo Marcondes;158136.921;35576.36;129964.952;29238.46;120354.905;28649.11;9081.353;21154.99;35648.145;24617.494;90501.981;29852.924;Demais serviços;Administração, defesa, educação e saúde públicas e seguridade social;Indústrias de transformação;6;True;94.5;0.955222;254.49;256.87;4.109171;3.9;;94.5;0.955222;254.49;256.87;4.109171;3.9;;95.8;0.951194;253.89;258.93;5.213667;5.0;;95.8;0.951194;253.89;258.93;5.213667;5.0;;100.0;1.0;218.14;201.02;5.781939;5.8;;;;;;;;;;;;;;;;100.0;1.0;218.14;201.02;5.781939;5.8;;;;;;;;;;;;;;;;;;;;;;
3;Sudeste;35;SP;São Paulo;3500907;Altair;210528.68;61005.12;126933.661;36781.7;112274.385;26662.17;48058.627;5048.541;24150.276;29230.491;106487.936;5786.449;Agricultura, inclusive apoio à agricultura e a pós colheita;Administração, defesa, educação e saúde públicas e seguridade social;Demais serviços;6;True;91.2;0.912718;252.62;258.02;4.100123;3.7;;91.2;0.912718;252.62;258.02;4.100123;3.7;;97.1;0.969273;271.91;263.66;5.592833;5.4;;97.1;0.969273;271.91;263.66;5.592833;5.4;;100.0;1.0;238.85;217.15;6.470441;6.5;;100.0;1.0;238.85;217.15;6.470441;6.5;;;;;;;;;;;;;;;;;;;;;;;;;;;;;;;;;;;;
3;Sudeste;35;SP;São Paulo;3501004;Altinópolis;946537.783;56281.23;646572.298;38445.25;833396.279;51377.61;386045.395;28793.595;296402.138;82123.3;793364.428;40031.851;Agricultura, inclusive apoio à agricultura e a pós colheita;Demais serviços;Administração, defesa, educação e saúde públicas e seguridade social;7;True;93.6;0.934914;273.81;277.39;4.687705;4.4;;93.6;0.934914;273.81;277.39;4.687705;4.4;;99.0;0.989933;261.58;264.04;5.427;5.4;;98.7;0.988357;258.04;266.01;5.400833;5.3;;99.5;0.995785;255.17;230.76;7.029346;7.0;;99.5;0.995785;255.17;230.76;7.029346;7.0;;99.3;0.992981;265.24;261.99;5.453833;5.4;;;;;;;;;;;;;;;;;;;;;;;;;;;;;
3;Sudeste;35;SP;São Paulo;3501103;Alto Alegre;172396.107;44883.13;113062.323;29435.65;113584.879;27853.08;38450.218;7851.695;34981.123;26679.913;107962.95;5621.929;Demais serviços;Agricultura, inclusive apoio à agricultura e a pós colheita;Administração, defesa, educação e saúde públicas e seguridade social;6;True;100.0;1.0;265.49;259.67;4.305582;4.3;;100.0;1.0;265.49;259.67;4.305582;4.3;;100.0;1.0;274.47;266.85;5.688667;5.7;;100.0;1.0;274.47;266.85;5.688667;5.7;;100.0;1.0;278.2;251.0;7.836849;7.8;;100.0;1.0;278.2;251.0;7.836849;7.8;;;;;;;;;;;;;;;;;;;;;;;;;;;;;;;;;;;;
3;Sudeste;35;SP;São Paulo;3501152;Alumínio;3438994.015;198774.29;3594285.557;207750.16;3982313.077;210670.96;1155.379;2236917.868;793351.243;117203.345;3148627.836;833685.242;Indústrias de transformação;Demais serviços;Eletricidade e gás, água, esgoto, atividades de gestão de resíduos e descontaminação;6;True;98.9;0.989259;263.4;267.75;4.397186;4.3;;98.9;0.989259;263.4;267.75;4.397186;4.3;;92.0;0.921541;260.71;254.09;5.246667;4.8;;;;;;;;;99.0;0.989317;221.5;210.1;6.011152;5.9;;99.0;0.989317;221.5;210.1;6.011152;5.9;;92.0;0.921541;260.71;254.09;5.246667;4.8;;;;;;;;;;;;;;;;;;;;;;;;;;;;;
3;Sudeste;35;SP;São Paulo;3501202;Álvares Florence;175598.215;44852.67;135133.659;34516.9;124350.991;34389.1;60047.108;4639.805;30252.83;25587.09;120526.834;3824.157;Agricultura, inclusive apoio à agricultura e a pós colheita;Demais serviços;Administração, defesa, educação e saúde públicas e seguridade social;6;True;99.0;0.989101;267.43;254.42;4.254236;4.2;;99.0;0.989101;267.43;254.42;4.254236;4.2;;100.0;1.0;267.34;257.41;5.4125;5.4;;100.0;1.0;292.04;277.27;6.155167;6.2;;99.5;0.995728;272.81;260.95;7.914896;7.9;;99.5;0.995728;272.81;260.95;7.914896;7.9;;;;;;;;;;;;;;;;;;;;;;;;;;;;;;;;;;;;
3;Sudeste;35;SP;São Paulo;3501301;Álvares Machado;859771.399;31545.46;820450.639;30113.81;709875.985;28306.72;43126.087;121125.549;335572.053;111961.378;611785.067;98090.919;Demais serviços;Administração, defesa, educação e saúde públicas e seguridade social;Indústrias de transformação;6;True;90.1;0.899196;260.78;257.76;4.210837;3.8;;90.1;0.899196;260.78;257.76;4.210837;3.8;;93.3;0.931962;269.35;265.69;5.584;5.2;;;;;;;;;97.7;0.976222;241.08;219.1;6.548452;6.4;;97.7;0.976222;241.08;219.1;6.548452;6.4;;93.3;0.931962;269.35;265.69;5.584;5.2;;;;;;;;;;;;;;;;;;;;;;;;;;;;;
3;Sudeste;35;SP;São Paulo;3501400;Álvaro de Carvalho;69376.886;14429.47;59626.427;12401.5;58586.473;11012.49;11040.51;2988.031;19064.229;23331.816;56424.586;2161.887;Administração, defesa, educação e saúde públicas e seguridade social;Demais serviços;Agricultura, inclusive apoio à agricultura e a pós colheita;2;True;;;;;;;;;;;;;;;;;;;;;;;;;;;;;99.5;0.995935;247.9;212.14;6.55206;6.5;;99.5;0.995935;247.9;212.14;6.55206;6.5;;;;;;;;;;;;;;;;;;;;;;;;;;;;;;;;;;;;
3;Sudeste;35;SP;São Paulo;3501509;Alvinlândia;82612.841;28635.3;64404.105;22323.78;58404.989;17965.24;14785.63;3008.25;17207.521;21289.36;56290.761;2114.228;Administração, defesa, educação e saúde públicas e seguridade social;Demais serviços;Agricultura, inclusive apoio à agricultura e a pós colheita;4;True;;;;;;;;;;;;;;;99.5;0.995181;257.85;256.86;5.245167;5.2;;99.5;0.995181;257.85;256.86;5.245167;5.2;;100.0;1.0;229.29;205.53;6.076725;6.1;;100.0;1.0;229.29;205.53;6.076725;6.1;;;;;;;;;;;;;;;;;;;;;;;;;;;;;;;;;;;;
3;Sudeste;35;SP;São Paulo;3501608;Americana;17600565.714;74188.86;16677590.536;70296.32;15217279.783;62271.47;14187.998;4499621.881;7144793.007;1169763.33;12828366.216;2388913.567;Demais serviços;Indústrias de transformação;Comércio e reparação de veículos automotores e motocicletas;8;True;90.7;0.906793;281.4;289.06;4.969007;4.5;;90.7;0.906793;281.4;289.06;4.969007;4.5;;97.0;0.969088;270.6;272.28;5.714667;5.5;;96.6;0.966061;267.48;269.93;5.6235;5.4;;99.0;0.990463;246.87;229.29;6.844221;6.8;;98.4;0.984963;249.58;232.36;6.951757;6.8;;97.9;0.97855;280.29;279.59;5.998;5.9;;99.7;0.996995;244.01;226.04;6.73055;6.7;;;;;;;;;;;;;;;;;;;;;;
3;Sudeste;35;SP;São Paulo;3501707;Américo Brasiliense;1504961.923;45578.66;1376814.274;41697.64;1230443.649;29617.13;21524.539;363182.168;506588.317;206818.123;1098113.146;132330.503;Demais serviços;Indústrias de transformação;Administração, defesa, educação e saúde públicas e seguridade social;7;True;94.0;0.939298;264.3;269.75;4.439767;4.2;;94.0;0.939298;264.3;269.75;4.439767;4.2;;98.8;0.987918;259.01;264.76;5.396167;5.3;;97.6;0.975887;240.05;249.76;4.830167;4.7;;99.4;0.993545;236.39;226.61;6.595494;6.6;;99.4;0.993545;236.39;226.61;6.595494;6.6;;99.5;0.994485;267.93;271.82;5.6625;5.6;;;;;;;;;;;;;;;;;;;;;;;;;;;;;
3;Sudeste;35;SP;São Paulo;3501806;Américo de Campos;175847.704;29957.02;141692.241;24138.37;126802.294;21158.4;38291.032;3852.177;46794.721;33232.582;122170.512;4631.782;Demais serviços;Administração, defesa, educação e saúde públicas e seguridade social;Agricultura, inclusive apoio à agricultura e a pós colheita;7;True;100.0;1.0;268.29;258.88;4.333081;4.3;;100.0;1.0;268.29;258.88;4.333081;4.3;;98.8;0.988249;301.09;279.68;6.346167;6.3;;100.0;1.0;282.47;267.91;5.839667;5.8;;99.7;0.996964;258.7;245.46;7.363985;7.3;;99.7;0.996964;258.7;245.46;7.363985;7.3;;98.4;0.983746;305.45;282.44;6.464833;6.4;;;;;;;;;;;;;;;;;;;;;;;;;;;;;
3;Sudeste;35;SP;São Paulo;3501905;Amparo;6698468.843;98495.31;6156333.064;90523.66;5152155.514;70437.56;120904.072;2105977.151;1830744.15;372174.994;4429800.367;722355.147;Indústrias de transformação;Demais serviços;Administração, defesa, educação e saúde públicas e seguridade social;7;True;93.1;0.931174;291.75;295.79;5.215121;4.9;;93.1;0.931174;291.75;295.79;5.215121;4.9;;98.0;0.979917;267.87;264.39;5.537667;5.4;;98.0;0.979917;267.87;264.39;5.537667;5.4;;99.2;0.992757;234.58;217.01;6.386407;6.3;;99.0;0.990519;229.85;213.2;6.226867;6.2;;;;;;;;;99.9;0.998794;249.25;228.81;6.880914;6.9;;;;;;;;;;;;;;;;;;;;;;
3;Sudeste;35;SP;São Paulo;3502002;Analândia;266291.597;58028.24;210931.789;45964.65;208314.004;40726.1;46530.602;55494.842;61449.911;35351.738;198827.093;9486.911;Demais serviços;Indústrias extrativas;Agricultura, inclusive apoio à agricultura e a pós colheita;6;True;96.3;0.968079;280.67;281.29;4.842437;4.7;;96.3;0.968079;280.67;281.29;4.842437;4.7;;96.5;0.964938;255.58;250.4;5.099667;4.9;;;;;;;;;96.6;0.963656;236.43;228.4;6.628803;6.4;;96.6;0.963656;236.43;228.4;6.628803;6.4;;96.5;0.964938;255.58;250.4;5.099667;4.9;;;;;;;;;;;;;;;;;;;;;;;;;;;;;
3;Sudeste;35;SP;São Paulo;3502101;Andradina;4464940.278;74685.78;4038899.084;67559.32;2845285.223;49703.65;170531.469;808159.873;1295767.928;297745.612;2572204.882;273080.342;Demais serviços;Indústrias de transformação;Administração, defesa, educação e saúde públicas e seguridade social;6;True;94.4;0.946271;265.95;271.8;4.493629;4.3;;94.4;0.946271;265.95;271.8;4.493629;4.3;;98.2;0.982002;252.8;254.28;5.118;5.0;;98.2;0.982002;252.8;254.28;5.118;5.0;;99.4;0.993897;234.02;227.55;6.567356;6.5;;99.4;0.993897;234.02;227.55;6.567356;6.5;;;;;;;;;;;;;;;;;;;;;;;;;;;;;;;;;;;;
3;Sudeste;35;SP;São Paulo;3502200;Angatuba;1776474.762;73951.99;1661556.472;69168.12;1474152.0;57306.48;198300.809;508780.547;497926.495;127711.898;1332719.749;141432.251;Indústrias de transformação;Demais serviços;Administração, defesa, educação e saúde públicas e seguridade social;7;True;94.3;0.941642;279.74;290.33;4.964704;4.7;;94.3;0.941642;279.74;290.33;4.964704;4.7;;97.1;0.970838;271.83;273.22;5.750833;5.6;;94.2;0.941163;264.16;272.63;5.613167;5.3;;97.9;0.979676;244.01;228.37;6.772914;6.6;;97.9;0.979676;244.01;228.37;6.772914;6.6;;97.7;0.977123;274.08;273.39;5.791167;5.7;;;;;;;;;;;;;;;;;;;;;;;;;;;;;
3;Sudeste;35;SP;São Paulo;3502309;Anhembi;315143.922;55541.76;171606.634;30244.38;169558.184;24534.54;56225.58;19234.224;44275.513;38943.673;158678.99;10879.194;Agricultura, inclusive apoio à agricultura e a pós colheita;Demais serviços;Administração, defesa, educação e saúde públicas e seguridade social;6;True;96.2;0.966171;265.56;269.25;4.449978;4.3;;96.2;0.966171;265.56;269.25;4.449978;4.3;;99.5;0.993631;257.75;262.39;5.335667;5.3;;;;;;;;;99.2;0.992764;214.19;202.7;5.737103;5.7;;99.2;0.992764;214.19;202.7;5.737103;5.7;;99.5;0.993631;257.75;262.39;5.335667;5.3;;;;;;;;;;;;;;;;;;;;;;;;;;;;;
3;Sudeste;35;SP;São Paulo;3502408;Anhumas;132375.558;32904.69;100740.061;25041.03;105620.787;25316.58;42784.181;7637.856;26549.261;25164.508;102135.806;3484.981;Agricultura, inclusive apoio à agricultura e a pós colheita;Administração, defesa, educação e saúde públicas e seguridade social;Demais serviços;6;True;87.4;0.8721;265.33;258.32;4.283125;3.7;;87.4;0.8721;265.33;258.32;4.283125;3.7;;95.5;0.951971;243.52;235.51;4.6505;4.4;;95.5;0.951971;243.52;235.51;4.6505;4.4;;100.0;1.0;278.13;247.71;7.775695;7.8;;100.0;1.0;278.13;247.71;7.775695;7.8;;;;;;;;;;;;;;;;;;;;;;;;;;;;;;;;;;;;
3;Sudeste;35;SP;São Paulo;3502507;Aparecida;1369698.939;42055.3;1145412.617;35168.8;1041067.256;28750.03;3002.998;39568.222;762868.88;183286.905;988727.005;52340.251;Demais serviços;Administração, defesa, educação e saúde públicas e seguridade social;Comércio e reparação de veículos automotores e motocicletas;6;True;90.4;0.908792;273.85;282.7;4.767758;4.3;;90.4;0.908792;273.85;282.7;4.767758;4.3;;95.5;0.954937;278.0;272.7;5.845;5.6;;;;;;;;;97.8;0.978135;244.0;226.44;6.737632;6.6;;97.8;0.978135;244.0;226.44;6.737632;6.6;;95.5;0.954937;278.0;272.7;5.845;5.6;;;;;;;;;;;;;;;;;;;;;;;;;;;;;
3;Sudeste;35;SP;São Paulo;3502606;Aparecida d'Oeste;225793.852;55260.37;168206.305;41166.5;151539.639;36763.62;27847.111;38503.623;49290.585;24954.089;140595.408;10944.231;Demais serviços;Indústrias de transformação;Administração, defesa, educação e saúde públicas e seguridade social;6;True;94.5;0.939399;267.96;264.81;4.417219;4.1;;94.5;0.939399;267.96;264.81;4.417219;4.1;;98.9;0.988364;277.14;267.96;5.751667;5.7;;98.9;0.988364;277.14;267.96;5.751667;5.7;;100.0;1.0;261.95;225.43;7.061826;7.1;;100.0;1.0;261.95;225.43;7.061826;7.1;;;;;;;;;;;;;;;;;;;;;;;;;;;;;;;;;;;;
3;Sudeste;35;SP;São Paulo;3502705;Apiaí;1235625.606;50259.33;982326.22;39956.32;897712.778;37278.88;259420.988;190903.342;257956.291;116332.264;824612.886;73099.893;Agricultura, inclusive apoio à agricultura e a pós colheita;Demais serviços;Indústrias de transformação;7;True;98.5;0.985322;266.63;276.42;4.572342;4.5;;98.5;0.985322;266.63;276.42;4.572342;4.5;;99.4;0.993982;261.96;266.59;5.475833;5.4;;99.4;0.993982;261.96;266.59;5.475833;5.4;;98.7;0.986896;236.07;230.75;6.66466;6.6;;98.0;0.977044;250.35;245.12;7.198452;7.0;;;;;;;;;99.6;0.995729;213.72;208.25;5.829042;5.8;;;;;;;;;;;;;;;;;;;;;;
3;Sudeste;35;SP;São Paulo;3502754;Araçariguama;4832076.525;224518.01;5128859.234;238307.74;4814503.906;206250.44;1760.733;1504367.05;2112508.413;135830.003;3754466.199;1060037.707;Indústrias de transformação;Demais serviços;Comércio e reparação de veículos automotores e motocicletas;6;True;94.8;0.951414;254.78;271.78;4.336448;4.1;;94.8;0.951414;254.78;271.78;4.336448;4.1;;94.8;0.947976;243.31;251.13;4.907333;4.7;;;;;;;;;92.8;0.929;217.98;206.68;5.881795;5.5;;92.8;0.929;217.98;206.68;5.881795;5.5;;94.8;0.947976;243.31;251.13;4.907333;4.7;;;;;;;;;;;;;;;;;;;;;;;;;;;;;
3;Sudeste;35;SP;São Paulo;3502804;Araçatuba;11457739.505;57253.2;10301206.377;51474.12;9017953.471;45268.58;136998.286;1312463.577;5822666.385;803250.216;8075378.464;942575.008;Demais serviços;Comércio e reparação de veículos automotores e motocicletas;Indústrias de transformação;6;True;97.2;0.970595;269.92;279.71;4.667801;4.5;;97.2;0.970595;269.92;279.71;4.667801;4.5;;99.0;0.989737;267.5;271.48;5.649667;5.6;;99.0;0.989737;267.5;271.48;5.649667;5.6;;98.8;0.988267;252.8;233.1;7.026662;6.9;;98.8;0.988267;252.8;233.1;7.026662;6.9;;;;;;;;;;;;;;;;;;;;;;;;;;;;;;;;;;;;
3;Sudeste;35;SP;São Paulo;3502903;Araçoiaba da Serra;1523193.918;46949.85;1215670.7;37470.97;1205883.673;34075.1;29828.131;358400.839;522977.879;167090.539;1078297.388;127586.285;Demais serviços;Indústrias de transformação;Administração, defesa, educação e saúde públicas e seguridade social;6;True;95.2;0.953067;264.57;268.94;4.431433;4.2;;95.2;0.953067;264.57;268.94;4.431433;4.2;;98.8;0.988205;259.17;261.09;5.337667;5.3;;;;;;;;;99.0;0.990179;230.39;215.99;6.287899;6.2;;99.0;0.990179;230.39;215.99;6.287899;6.2;;98.8;0.988205;259.17;261.09;5.337667;5.3;;;;;;;;;;;;;;;;;;;;;;;;;;;;;
3;Sudeste;35;SP;São Paulo;3503000;Aramina;219178.923;40438.92;172550.026;31835.8;150276.697;26415.31;27475.441;3773.778;76856.653;29777.843;137883.714;12392.983;Demais serviços;Administração, defesa, educação e saúde públicas e seguridade social;Comércio e reparação de veículos automotores e motocicletas;6;True;89.0;0.900064;255.82;238.06;3.846264;3.5;;89.0;0.900064;255.82;238.06;3.846264;3.5;;96.8;0.969022;258.19;251.92;5.1685;5.0;;96.8;0.969022;258.19;251.92;5.1685;5.0;;95.3;0.952704;218.25;212.85;5.999129;5.7;;95.3;0.952704;218.25;212.85;5.999129;5.7;;;;;;;;;;;;;;;;;;;;;;;;;;;;;;;;;;;;
3;Sudeste;35;SP;São Paulo;3503109;Arandu;217238.409;31552.42;188931.424;27441.02;194817.975;30569.27;92862.428;9501.675;50612.103;35295.107;188271.313;6546.662;Agricultura, inclusive apoio à agricultura e a pós colheita;Demais serviços;Administração, defesa, educação e saúde públicas e seguridade social;6;True;94.1;0.939015;259.45;251.68;4.10114;3.9;;94.1;0.939015;259.45;251.68;4.10114;3.9;;97.9;0.979833;249.16;245.56;4.912;4.8;;97.9;0.979833;249.16;245.56;4.912;4.8;;100.0;1.0;213.59;196.93;5.620743;5.6;;100.0;1.0;213.59;196.93;5.620743;5.6;;;;;;;;;;;;;;;;;;;;;;;;;;;;;;;;;;;;
3;Sudeste;35;SP;São Paulo;3503158;Arapeí;53235.83;22848.0;47563.096;20413.35;45568.033;18584.03;2768.908;1887.547;17210.205;21324.697;43191.358;2376.675;Administração, defesa, educação e saúde públicas e seguridade social;Demais serviços;Comércio e reparação de veículos automotores e motocicletas;6;True;90.5;0.904648;270.12;255.92;4.314472;3.9;;90.5;0.904648;270.12;255.92;4.314472;3.9;;91.9;0.9218;235.05;255.01;4.834333;4.5;;;;;;;;;95.2;0.951305;209.87;186.62;5.362296;5.1;;95.2;0.951305;209.87;186.62;5.362296;5.1;;91.9;0.9218;235.05;255.01;4.834333;4.5;;;;;;;;;;;;;;;;;;;;;;;;;;;;;
3;Sudeste;35;SP;São Paulo;3503208;Araraquara;14689500.266;60643.28;13194878.807;54472.97;11953237.471;49692.93;124542.96;2194729.915;6924500.954;1257072.962;10500846.791;1452390.68;Demais serviços;Indústrias de transformação;Comércio e reparação de veículos automotores e motocicletas;9;True;90.9;0.908984;272.66;280.05;4.711374;4.3;;91.1;0.93091;276.21;282.79;4.802251;4.5;;96.5;0.965408;260.87;263.5;5.406167;5.2;;96.4;0.964564;259.36;261.74;5.351667;5.2;;99.2;0.992198;230.79;220.8;6.382988;6.3;;98.7;0.987389;223.12;215.34;6.137341;6.1;;96.8;0.968497;265.5;268.88;5.573;5.4;;99.7;0.996796;238.02;225.95;6.614601;6.6;;95.0;0.958403;333.39;327.01;6.267317;6.0;;;;;;;;;;;;;;;
3;Sudeste;35;SP;São Paulo;3503307;Araras;10022873.262;76588.83;8447070.79;64547.48;6942567.272;50772.4;174528.66;1569122.471;3673554.205;611475.853;6028681.189;913886.083;Demais serviços;Indústrias de transformação;Comércio e reparação de veículos automotores e motocicletas;8;True;90.7;0.91076;277.64;284.76;4.851827;4.4;;90.7;0.91076;277.64;284.76;4.851827;4.4;;97.6;0.976202;268.94;268.97;5.631833;5.5;;97.7;0.977213;268.66;270.3;5.649333;5.5;;98.9;0.98889;248.07;229.82;6.876759;6.8;;98.4;0.984801;240.79;224.3;6.637464;6.5;;97.5;0.974865;269.32;267.19;5.6085;5.5;;99.7;0.997382;261.23;239.81;7.30954;7.3;;;;;;;;;;;;;;;;;;;;;;
3;Sudeste;35;SP;São Paulo;3503356;Arco-Íris;136328.537;66696.94;62022.282;30343.58;62095.903;35382.28;28248.212;3645.73;13120.455;14986.793;60001.19;2094.713;Agricultura, inclusive apoio à agricultura e a pós colheita;Administração, defesa, educação e saúde públicas e seguridade social;Demais serviços;4;True;96.1;0.923077;260.05;264.12;4.295794;4.0;;96.1;0.923077;260.05;264.12;4.295794;4.0;;;;;;;;;;;;;;;;100.0;1.0;249.71;226.22;6.842602;6.8;;100.0;1.0;249.71;226.22;6.842602;6.8;;;;;;;;;;;;;;;;;;;;;;;;;;;;;;;;;;;;
3;Sudeste;35;SP;São Paulo;3503406;Arealva;301110.079;37036.91;252102.363;31008.9;227079.326;26206.5;66917.908;18060.968;87290.859;41911.349;214181.084;12898.242;Demais serviços;Agricultura, inclusive apoio à agricultura e a pós colheita;Administração, defesa, educação e saúde públicas e seguridade social;6;True;91.9;0.923608;272.8;276.36;4.658101;4.3;;91.9;0.923608;272.8;276.36;4.658101;4.3;;95.6;0.953721;269.15;268.92;5.6345;5.4;;95.6;0.953721;269.15;268.92;5.6345;5.4;;100.0;1.0;243.99;225.45;6.719441;6.7;;100.0;1.0;243.99;225.45;6.719441;6.7;;;;;;;;;;;;;;;;;;;;;;;;;;;;;;;;;;;;
3;Sudeste;35;SP;São Paulo;3503505;Areias;75042.147;20979.07;63771.274;17828.14;58113.412;14877.99;8333.767;1480.002;19688.428;26213.31;55715.507;2397.905;Administração, defesa, educação e saúde públicas e seguridade social;Demais serviços;Pecuária, inclusive apoio à pecuária;6;True;92.3;0.923281;280.53;279.87;4.819213;4.4;;92.3;0.923281;280.53;279.87;4.819213;4.4;;98.5;0.984414;262.99;262.21;5.42;5.3;;;;;;;;;100.0;1.0;212.03;195.66;5.567881;5.6;;100.0;1.0;212.03;195.66;5.567881;5.6;;98.5;0.984414;262.99;262.21;5.42;5.3;;;;;;;;;;;;;;;;;;;;;;;;;;;;;
3;Sudeste;35;SP;São Paulo;3503604;Areiópolis;221706.617;21886.14;174095.007;17186.08;163060.489;14577.19;22630.239;12987.426;65257.559;53409.163;154284.387;8776.101;Demais serviços;Administração, defesa, educação e saúde públicas e seguridade social;Agricultura, inclusive apoio à agricultura e a pós colheita;6;True;92.5;0.927807;254.92;257.13;4.119103;3.8;;92.5;0.927807;254.92;257.13;4.119103;3.8;;97.1;0.971429;258.63;260.2;5.313833;5.2;;;;;;;;;97.4;0.974151;236.97;221.68;6.516926;6.3;;97.4;0.974151;236.97;221.68;6.516926;6.3;;97.1;0.971429;258.63;260.2;5.313833;5.2;;;;;;;;;;;;;;;;;;;;;;;;;;;;;
3;Sudeste;35;SP;São Paulo;3503703;Ariranha;1252002.226;164693.79;1283203.618;168798.16;1136911.24;115410.74;22472.846;198111.9;676702.037;52038.896;949325.678;187585.562;Comércio e reparação de veículos automotores e motocicletas;Demais serviços;Indústrias de transformação;6;True;100.0;1.0;280.48;280.8;4.832433;4.8;;100.0;1.0;280.48;280.8;4.832433;4.8;;100.0;1.0;278.79;267.43;5.770333;5.8;;100.0;1.0;278.79;267.43;5.770333;5.8;;99.7;0.997577;265.0;235.44;7.302032;7.3;;99.7;0.997577;265.0;235.44;7.302032;7.3;;;;;;;;;;;;;;;;;;;;;;;;;;;;;;;;;;;;
3;Sudeste;35;SP;São Paulo;3503802;Artur Nogueira;2162832.741;42032.66;2306807.284;44830.68;1721737.239;30610.29;207404.495;318941.386;689121.712;248271.341;1463738.934;257998.305;Demais serviços;Indústrias de transformação;Administração, defesa, educação e saúde públicas e seguridade social;6;True;97.2;0.972264;273.59;282.96;4.767999;4.6;;97.2;0.972264;273.59;282.96;4.767999;4.6;;99.0;0.989488;261.13;264.7;5.4305;5.4;;99.0;0.989488;261.13;264.7;5.4305;5.4;;99.6;0.995389;236.55;218.09;6.443638;6.4;;99.6;0.995389;236.55;218.09;6.443638;6.4;;;;;;;;;;;;;;;;;;;;;;;;;;;;;;;;;;;;
3;Sudeste;35;SP;São Paulo;3503901;Arujá;10426127.299;120285.74;9448587.81;109007.91;8293370.162;89703.63;44134.148;1393204.769;4787584.375;456647.894;6681571.185;1611798.977;Demais serviços;Comércio e reparação de veículos automotores e motocicletas;Indústrias de transformação;6;True;91.9;0.919084;265.13;276.03;4.545436;4.2;;91.9;0.919084;265.13;276.03;4.545436;4.2;;98.8;0.98737;259.65;261.03;5.344667;5.3;;98.8;0.98737;259.65;261.03;5.344667;5.3;;99.4;0.994122;234.06;219.27;6.417574;6.4;;99.4;0.994122;234.06;219.27;6.417574;6.4;;;;;;;;;;;;;;;;;;;;;;;;;;;;;;;;;;;;
3;Sudeste;35;SP;São Paulo;3503950;Aspásia;65850.757;35749.6;44376.593;24091.53;39545.858;21788.35;10329.13;2056.231;11473.173;14201.728;38060.261;1485.597;Administração, defesa, educação e saúde públicas e seguridade social;Demais serviços;Agricultura, inclusive apoio à agricultura e a pós colheita;6;True;98.2;0.980609;301.18;302.67;5.450558;5.3;;98.2;0.980609;301.18;302.67;5.450558;5.3;;100.0;1.0;291.08;288.42;6.325;6.3;;100.0;1.0;291.08;288.42;6.325;6.3;;100.0;1.0;236.51;233.88;6.729966;6.7;;;;;;;;;;;;;;;;100.0;1.0;236.51;233.88;6.729966;6.7;;;;;;;;;;;;;;;;;;;;;;
3;Sudeste;35;SP;São Paulo;3504008;Assis;4682609.402;46175.48;4581890.59;45182.29;4082515.789;38598.78;56956.795;675200.021;2381900.859;491705.084;3605762.76;476753.029;Demais serviços;Comércio e reparação de veículos automotores e motocicletas;Administração, defesa, educação e saúde públicas e seguridade social;6;True;91.5;0.919837;282.12;293.02;5.038401;4.6;;91.5;0.919837;282.12;293.02;5.038401;4.6;;97.2;0.971413;262.37;264.4;5.446167;5.3;;97.2;0.971413;262.37;264.4;5.446167;5.3;;99.6;0.996393;233.42;218.24;6.386633;6.4;;99.6;0.996393;233.42;218.24;6.386633;6.4;;;;;;;;;;;;;;;;;;;;;;;;;;;;;;;;;;;;
3;Sudeste;35;SP;São Paulo;3504107;Atibaia;9426583.645;59418.61;8826312.128;55637.37;8361032.444;57512.36;305859.573;1833695.583;4034661.197;744743.295;6918959.647;1442072.796;Demais serviços;Indústrias de transformação;Comércio e reparação de veículos automotores e motocicletas;7;True;96.0;0.959981;272.86;282.42;4.749662;4.6;;96.0;0.959981;272.86;282.42;4.749662;4.6;;98.8;0.988222;265.08;268.33;5.556833;5.5;;98.8;0.988222;265.08;268.33;5.556833;5.5;;100.0;1.0;255.49;241.81;7.236362;7.2;;100.0;1.0;256.28;242.78;7.269074;7.3;;;;;;;;;100.0;1.0;216.02;193.08;5.597117;5.6;;;;;;;;;;;;;;;;;;;;;;
3;Sudeste;35;SP;São Paulo;3504206;Auriflama;443572.489;32396.47;392588.991;28672.87;358543.955;23409.76;36448.745;40184.864;189741.791;69482.265;335857.665;22686.289;Demais serviços;Administração, defesa, educação e saúde públicas e seguridade social;Comércio e reparação de veículos automotores e motocicletas;6;True;90.0;0.905403;278.11;282.12;4.818907;4.4;;90.0;0.905403;278.11;282.12;4.818907;4.4;;98.0;0.980645;273.59;274.44;5.8005;5.7;;98.0;0.980645;273.59;274.44;5.8005;5.7;;100.0;1.0;243.76;231.53;6.825598;6.8;;100.0;1.0;243.76;231.53;6.825598;6.8;;;;;;;;;;;;;;;;;;;;;;;;;;;;;;;;;;;;
3;Sudeste;35;SP;São Paulo;3504305;Avaí;500953.319;111745.11;330717.148;73771.39;376093.832;68793.46;249016.016;11779.377;71769.962;33327.197;365892.551;10201.28;Agricultura, inclusive apoio à agricultura e a pós colheita;Demais serviços;Administração, defesa, educação e saúde públicas e seguridade social;6;True;97.5;0.982481;252.58;260.79;4.141028;4.1;;97.5;0.982481;252.58;260.79;4.141028;4.1;;98.3;0.982324;246.54;247.18;4.895333;4.8;;98.3;0.982324;246.54;247.18;4.895333;4.8;;98.9;0.988692;205.75;200.25;5.531489;5.5;;100.0;1.0;205.75;200.25;5.531489;5.5;;;;;;;;;;;;;;;;;;;;;;;;;;;;;;;;;;;;
3;Sudeste;35;SP;São Paulo;3504404;Avanhandava;295754.756;26258.97;219883.034;19522.6;199389.023;14178.27;38333.36;7235.928;81275.776;62365.673;189210.737;10178.286;Demais serviços;Administração, defesa, educação e saúde públicas e seguridade social;Agricultura, inclusive apoio à agricultura e a pós colheita;6;True;93.6;0.941016;266.06;268.14;4.440384;4.2;;93.6;0.941016;266.06;268.14;4.440384;4.2;;98.3;0.981372;249.9;243.86;4.896;4.8;;98.3;0.981372;249.9;243.86;4.896;4.8;;99.7;0.996785;261.23;232.77;7.18154;7.2;;99.7;0.996785;261.23;232.77;7.18154;7.2;;;;;;;;;;;;;;;;;;;;;;;;;;;;;;;;;;;;
3;Sudeste;35;SP;São Paulo;3504503;Avaré;4408538.237;47503.24;3871414.811;41715.58;3278921.999;35721.22;154849.966;483492.486;1879750.021;428688.601;2946781.075;332140.924;Demais serviços;Comércio e reparação de veículos automotores e motocicletas;Administração, defesa, educação e saúde públicas e seguridade social;7;True;90.2;0.904663;268.23;273.5;4.551101;4.1;;90.8;0.911006;276.12;280.28;4.763413;4.3;;95.9;0.95897;251.89;254.83;5.112;4.9;;95.9;0.95897;251.89;254.83;5.112;4.9;;99.7;0.996983;228.94;217.74;6.292046;6.3;;99.7;0.996983;228.94;217.74;6.292046;6.3;;;;;;;;;;;;;;;;95.8;0.958797;329.23;325.91;6.192423;5.9;;;;;;;;;;;;;;;
3;Sudeste;35;SP;São Paulo;3504602;Bady Bassitt;762195.13;27960.2;666077.876;24434.26;551848.518;30636.12;19642.938;82367.89;305637.979;92624.609;500273.415;51575.103;Demais serviços;Comércio e reparação de veículos automotores e motocicletas;Administração, defesa, educação e saúde públicas e seguridade social;7;True;89.1;0.90163;274.14;282.53;4.769286;4.3;;89.1;0.90163;274.14;282.53;4.769286;4.3;;95.2;0.94994;268.55;257.28;5.4305;5.2;;96.1;0.963813;275.56;265.14;5.678333;5.5;;98.1;0.982459;247.55;226.67;6.809562;6.7;;98.1;0.982459;247.55;226.67;6.809562;6.7;;94.8;0.939192;263.49;251.62;5.251833;4.9;;;;;;;;;;;;;;;;;;;;;;;;;;;;;
3;Sudeste;35;SP;São Paulo;3504701;Balbinos;82894.684;21326.13;62119.349;15981.31;65400.429;10674.14;16589.312;4811.167;13341.383;28648.209;63390.071;2010.359;Administração, defesa, educação e saúde públicas e seguridade social;Agricultura, inclusive apoio à agricultura e a pós colheita;Demais serviços;4;True;;;;;;;;;;;;;;;100.0;1.0;258.76;256.17;5.248833;5.2;;100.0;1.0;258.76;256.17;5.248833;5.2;;100.0;1.0;227.65;237.69;6.630155;6.6;;100.0;1.0;227.65;237.69;6.630155;6.6;;;;;;;;;;;;;;;;;;;;;;;;;;;;;;;;;;;;
3;Sudeste;35;SP;São Paulo;3504800;Bálsamo;367870.867;38335.86;311240.963;32434.45;278641.735;30257.55;37092.377;46855.998;122318.312;44542.767;250809.454;27832.281;Demais serviços;Administração, defesa, educação e saúde públicas e seguridade social;Agricultura, inclusive apoio à agricultura e a pós colheita;6;True;94.2;0.939923;265.6;268.49;4.439163;4.2;;94.2;0.939923;265.6;268.49;4.439163;4.2;;97.5;0.973036;261.35;268.91;5.504333;5.4;;97.5;0.973036;261.35;268.91;5.504333;5.4;;100.0;1.0;277.61;254.29;7.885408;7.9;;100.0;1.0;277.61;254.29;7.885408;7.9;;;;;;;;;;;;;;;;;;;;;;;;;;;;;;;;;;;;
3;Sudeste;35;SP;São Paulo;3504909;Bananal;282443.967;28332.23;236093.43;23682.76;216018.384;19568.66;11795.709;36130.381;93761.83;59069.421;200757.341;15261.043;Demais serviços;Administração, defesa, educação e saúde públicas e seguridade social;Indústrias de transformação;6;True;83.2;0.835559;269.0;269.45;4.501287;3.8;;83.2;0.835559;269.0;269.45;4.501287;3.8;;90.4;0.902481;234.32;233.01;4.4555;4.0;;;;;;;;;95.0;0.95045;221.64;205.19;5.924551;5.6;;95.0;0.95045;221.64;205.19;5.924551;5.6;;90.4;0.902481;234.32;233.01;4.4555;4.0;;;;;;;;;;;;;;;;;;;;;;;;;;;;;
3;Sudeste;35;SP;São Paulo;3505005;Barão de Antonina;80403.485;22770.74;78067.42;22109.15;74956.416;21264.23;28042.81;2887.531;21294.932;20522.39;72747.665;2208.752;Agricultura, inclusive apoio à agricultura e a pós colheita;Administração, defesa, educação e saúde públicas e seguridade social;Demais serviços;6;True;98.6;0.988753;242.88;236.72;3.644463;3.6;;98.6;0.988753;242.88;236.72;3.644463;3.6;;99.0;0.987835;262.24;254.43;5.277833;5.2;;99.0;0.987835;262.24;254.43;5.277833;5.2;;100.0;1.0;232.48;208.05;6.183421;6.2;;100.0;1.0;232.48;208.05;6.183421;6.2;;;;;;;;;;;;;;;;;;;;;;;;;;;;;;;;;;;;
3;Sudeste;35;SP;São Paulo;3505104;Barbosa;186922.613;33142.31;129133.155;22895.95;109124.812;14488.16;13932.561;4509.921;49617.647;34220.36;102280.489;6844.323;Demais serviços;Administração, defesa, educação e saúde públicas e seguridade social;Comércio e reparação de veículos automotores e motocicletas;6;True;98.1;0.980475;271.71;275.92;4.636205;4.5;;98.1;0.980475;271.71;275.92;4.636205;4.5;;96.8;0.967666;246.41;247.63;4.900667;4.7;;96.8;0.967666;246.41;247.63;4.900667;4.7;;99.8;0.997984;232.22;215.98;6.322641;6.3;;99.8;0.997984;232.22;215.98;6.322641;6.3;;;;;;;;;;;;;;;;;;;;;;;;;;;;;;;;;;;;
3;Sudeste;35;SP;São Paulo;3505203;Bariri;1863763.724;58989.2;1810874.475;57315.22;1623405.551;45290.86;88983.09;426105.012;723694.352;179472.67;1418255.124;205150.428;Demais serviços;Indústrias de transformação;Comércio e reparação de veículos automotores e motocicletas;7;True;85.4;0.859173;270.09;276.74;4.625727;4.0;;85.4;0.859173;270.09;276.74;4.625727;4.0;;96.4;0.964375;267.63;263.14;5.512833;5.3;;96.5;0.963971;262.09;257.03;5.318667;5.1;;99.8;0.998194;251.76;232.28;6.991906;7.0;;99.8;0.998194;251.76;232.28;6.991906;7.0;;96.4;0.963791;270.69;266.52;5.620167;5.4;;;;;;;;;;;;;;;;;;;;;;;;;;;;;
3;Sudeste;35;SP;São Paulo;3505302;Barra Bonita;2077900.588;60499.06;1760475.822;51257.08;1515652.893;41955.79;20125.292;405060.551;732206.507;181639.088;1339031.439;176621.454;Demais serviços;Indústrias de transformação;Administração, defesa, educação e saúde públicas e seguridade social;6;True;98.1;0.979934;284.08;294.64;5.09018;5.0;;98.1;0.979934;284.08;294.64;5.09018;5.0;;98.7;0.986634;262.15;269.12;5.521167;5.4;;98.7;0.986634;262.15;269.12;5.521167;5.4;;100.0;1.0;261.01;240.17;7.311887;7.3;;100.0;1.0;261.01;240.17;7.311887;7.3;;;;;;;;;;;;;;;;;;;;;;;;;;;;;;;;;;;;
3;Sudeste;35;SP;São Paulo;3505351;Barra do Chapéu;202870.405;39171.73;163231.519;31621.76;133738.024;23082.16;70754.163;4986.453;25568.106;27781.296;129090.019;4648.005;Agricultura, inclusive apoio à agricultura e a pós colheita;Administração, defesa, educação e saúde públicas e seguridade social;Demais serviços;4;True;97.5;0.975317;260.72;263.86;4.301312;4.2;;97.5;0.975317;260.72;263.86;4.301312;4.2;;99.4;0.994408;246.63;247.84;4.907833;4.9;;99.4;0.994408;246.63;247.84;4.907833;4.9;;;;;;;;;;;;;;;;;;;;;;;;;;;;;;;;;;;;;;;;;;;;;;;;;;
3;Sudeste;35;SP;São Paulo;3505401;Barra do Turvo;145159.017;21110.97;138337.709;20121.85;125820.885;16542.32;5097.223;5416.054;60596.92;42933.558;114043.755;11777.13;Administração, defesa, educação e saúde públicas e seguridade social;Demais serviços;Comércio e reparação de veículos automotores e motocicletas;6;True;98.8;0.989564;257.42;256.42;4.143586;4.1;;98.8;0.989564;257.42;256.42;4.143586;4.1;;99.4;0.993737;253.71;244.63;4.972333;4.9;;99.4;0.993737;253.71;244.63;4.972333;4.9;;100.0;1.0;220.77;204.4;5.893584;5.9;;100.0;1.0;220.77;204.4;5.893584;5.9;;;;;;;;;;;;;;;;;;;;;;;;;;;;;;;;;;;;
3;Sudeste;35;SP;São Paulo;3505500;Barretos;6715414.139;54826.42;6174110.187;50407.07;5903515.961;47783.95;251329.34;1315471.882;3146637.758;625247.805;5338686.786;564829.175;Demais serviços;Indústrias de transformação;Administração, defesa, educação e saúde públicas e seguridade social;7;True;94.9;0.952369;271.21;279.02;4.67559;4.5;;94.4;0.947205;275.65;281.94;4.781662;4.5;;98.8;0.987494;266.86;267.22;5.568;5.5;;98.7;0.987249;267.44;267.78;5.587;5.5;;99.0;0.990129;257.81;240.48;7.256455;7.2;;99.0;0.990129;257.81;240.48;7.256455;7.2;;99.0;0.989395;264.12;264.57;5.478167;5.4;;;;;;;;;;;;;;;;;;;;;;;;;;;;;
3;Sudeste;35;SP;São Paulo;3505609;Barrinha;737580.107;22983.3;658639.234;20523.47;624816.297;18630.66;30338.226;112693.333;272051.402;165926.345;581009.306;43806.991;Demais serviços;Administração, defesa, educação e saúde públicas e seguridade social;Construção;6;True;95.1;0.948238;260.68;274.51;4.460181;4.2;;95.1;0.948238;260.68;274.51;4.460181;4.2;;99.0;0.989415;273.68;272.78;5.774333;5.7;;;;;;;;;99.3;0.993362;227.79;209.71;6.124099;6.1;;99.3;0.993362;227.79;209.71;6.124099;6.1;;99.0;0.989415;273.68;272.78;5.774333;5.7;;;;;;;;;;;;;;;;;;;;;;;;;;;;;
3;Sudeste;35;SP;São Paulo;3505708;Barueri;71646709.835;226391.22;69665768.916;220131.79;58027666.618;207460.98;464.12;5741034.37;36185003.015;2282410.141;44208911.645;13818754.973;Demais serviços;Comércio e reparação de veículos automotores e motocicletas;Indústrias de transformação;7;True;92.0;0.922405;265.07;276.16;4.546539;4.2;;94.9;0.951812;278.3;290.08;4.940737;4.7;;97.7;0.976424;266.48;272.28;5.646;5.5;;;;;;;;;98.0;0.980508;233.55;224.03;6.494387;6.4;;98.0;0.980508;233.55;224.03;6.494387;6.4;;97.7;0.976424;266.48;272.28;5.646;5.5;;;;;;;;;;;;;;;;98.2;0.981995;290.75;303.18;5.311704;5.2;;;;;;;;
3;Sudeste;35;SP;São Paulo;3505807;Bastos;1596603.168;74250.25;1141590.238;53089.81;1067216.916;50936.28;461927.562;123142.997;306440.458;110153.086;1001664.102;65552.814;Pecuária, inclusive apoio à pecuária;Demais serviços;Administração, defesa, educação e saúde públicas e seguridade social;6;True;92.5;0.92312;271.76;278.45;4.674781;4.3;;92.5;0.92312;271.76;278.45;4.674781;4.3;;99.3;0.992997;267.54;272.24;5.663;5.6;;99.3;0.992997;267.54;272.24;5.663;5.6;;99.8;0.997387;224.64;213.35;6.130167;6.1;;99.8;0.997387;224.64;213.35;6.130167;6.1;;;;;;;;;;;;;;;;;;;;;;;;;;;;;;;;;;;;
3;Sudeste;35;SP;São Paulo;3505906;Batatais;3328690.303;56996.17;2795758.224;47870.93;2416802.575;38097.08;200057.769;532695.391;1109478.862;309286.69;2151518.713;265283.862;Demais serviços;Indústrias de transformação;Administração, defesa, educação e saúde públicas e seguridade social;8;True;89.7;0.900581;282.91;289.76;5.000694;4.5;;89.7;0.900581;282.91;289.76;5.000694;4.5;;96.5;0.964774;261.98;263.67;5.4275;5.2;;95.9;0.958023;261.49;263.99;5.424667;5.2;;100.0;0.999599;243.3;224.38;6.686819;6.7;;100.0;0.999599;239.77;221.78;6.57218;6.6;;99.3;0.992687;264.31;262.14;5.440833;5.4;;100.0;1.0;251.4;230.31;6.949217;6.9;;;;;;;;;;;;;;;;;;;;;;
3;Sudeste;35;SP;São Paulo;3506003;Bauru;20654759.202;54477.06;18612852.852;49091.52;16721368.423;43806.93;49289.643;2524991.881;10733608.532;1570814.18;14878704.236;1842664.187;Demais serviços;Comércio e reparação de veículos automotores e motocicletas;Administração, defesa, educação e saúde públicas e seguridade social;8;True;90.4;0.905191;272.33;280.44;4.712577;4.3;;90.4;0.905191;272.33;280.44;4.712577;4.3;;95.4;0.953594;252.48;256.49;5.1495;4.9;;95.9;0.957967;251.14;255.15;5.104833;4.9;;98.1;0.980947;222.35;209.3;6.012828;5.9;;96.8;0.968219;224.13;210.27;6.064434;5.9;;91.5;0.916533;264.87;268.85;5.562;5.1;;99.0;0.989983;221.13;208.62;5.977182;5.9;;;;;;;;;;;;;;;;;;;;;;
3;Sudeste;35;SP;São Paulo;3506102;Bebedouro;5343661.449;69967.94;4756160.024;62275.41;4080484.537;52575.43;117188.252;535906.051;2466710.36;370865.661;3490670.324;589814.213;Demais serviços;Comércio e reparação de veículos automotores e motocicletas;Indústrias de transformação;6;True;92.5;0.92892;274.75;280.17;4.742524;4.4;;92.5;0.92892;274.75;280.17;4.742524;4.4;;95.8;0.957745;257.78;255.33;5.2185;5.0;;95.8;0.957745;257.78;255.33;5.2185;5.0;;99.8;0.997999;233.23;217.36;6.367007;6.4;;99.8;0.997999;233.23;217.36;6.367007;6.4;;;;;;;;;;;;;;;;;;;;;;;;;;;;;;;;;;;;
3;Sudeste;35;SP;São Paulo;3506201;Bento de Abreu;288020.154;110521.93;249335.05;95677.3;210459.776;69504.55;36684.157;77654.509;53272.578;22863.965;190475.209;19984.566;Indústrias de transformação;Demais serviços;Agricultura, inclusive apoio à agricultura e a pós colheita;6;True;100.0;1.0;276.02;277.25;4.716649;4.7;;100.0;1.0;276.02;277.25;4.716649;4.7;;100.0;1.0;287.69;276.98;6.077833;6.1;;100.0;1.0;287.69;276.98;6.077833;6.1;;100.0;1.0;231.51;209.75;6.195819;6.2;;100.0;1.0;231.51;209.75;6.195819;6.2;;;;;;;;;;;;;;;;;;;;;;;;;;;;;;;;;;;;
3;Sudeste;35;SP;São Paulo;3506300;Bernardino de Campos;605499.302;52166.74;482828.213;41598.02;377950.244;33842.25;37651.106;75862.582;169941.979;58597.339;342053.006;35897.238;Demais serviços;Indústrias de transformação;Administração, defesa, educação e saúde públicas e seguridade social;6;True;94.9;0.945859;279.46;278.36;4.78158;4.5;;94.9;0.945859;279.46;278.36;4.78158;4.5;;98.8;0.98756;264.52;265.73;5.504167;5.4;;98.8;0.98756;264.52;265.73;5.504167;5.4;;100.0;1.0;229.52;213.6;6.227842;6.2;;100.0;1.0;229.52;213.6;6.227842;6.2;;;;;;;;;;;;;;;;;;;;;;;;;;;;;;;;;;;;
3;Sudeste;35;SP;São Paulo;3506359;Bertioga;2663550.123;41496.08;2276073.111;35459.48;2067677.07;31255.51;8254.705;141038.881;1318462.442;454875.988;1922632.016;145045.054;Demais serviços;Administração, defesa, educação e saúde públicas e seguridade social;Comércio e reparação de veículos automotores e motocicletas;6;True;91.8;0.9146;261.15;270.0;4.399267;4.0;;91.8;0.9146;261.15;270.0;4.399267;4.0;;95.4;0.953069;251.56;256.52;5.134667;4.9;;95.4;0.953069;251.56;256.52;5.134667;4.9;;99.1;0.990961;231.69;219.91;6.383981;6.3;;99.1;0.990961;231.69;219.91;6.383981;6.3;;;;;;;;;;;;;;;;;;;;;;;;;;;;;;;;;;;;
3;Sudeste;35;SP;São Paulo;3506409;Bilac;307745.487;42047.48;279245.349;38153.48;292576.746;35693.15;124813.102;10506.76;103764.105;37895.962;276979.929;15596.817;Agricultura, inclusive apoio à agricultura e a pós colheita;Demais serviços;Administração, defesa, educação e saúde públicas e seguridade social;6;True;99.5;0.993585;270.18;264.19;4.439117;4.4;;99.5;0.993585;270.18;264.19;4.439117;4.4;;100.0;1.0;279.87;270.62;5.8415;5.8;;100.0;1.0;279.87;270.62;5.8415;5.8;;100.0;1.0;255.73;236.27;7.140214;7.1;;100.0;1.0;255.73;236.27;7.140214;7.1;;;;;;;;;;;;;;;;;;;;;;;;;;;;;;;;;;;;
3;Sudeste;35;SP;São Paulo;3506508;Birigui;4866489.546;40902.09;4489460.775;37733.22;3947388.396;31305.12;80294.46;720788.391;2179371.339;547944.686;3528398.875;418989.52;Demais serviços;Indústrias de transformação;Administração, defesa, educação e saúde públicas e seguridade social;6;True;90.9;0.913442;272.52;279.26;4.697581;4.3;;91.3;0.918109;276.98;282.87;4.814264;4.4;;98.3;0.982886;275.39;275.32;5.845167;5.7;;98.3;0.982886;275.39;275.32;5.845167;5.7;;99.7;0.996978;252.22;236.62;7.079593;7.1;;99.7;0.996978;252.22;236.62;7.079593;7.1;;;;;;;;;;;;;;;;;;;;;;;;;;;;;;;;;;;;
3;Sudeste;35;SP;São Paulo;3506607;Biritiba Mirim;1111541.124;37447.06;929917.405;31335.67;971015.868;29190.32;471703.726;46492.911;280352.889;132717.148;931266.674;39749.194;Agricultura, inclusive apoio à agricultura e a pós colheita;Demais serviços;Administração, defesa, educação e saúde públicas e seguridade social;6;True;91.9;0.914511;260.35;266.67;4.338181;4.0;;91.9;0.914511;260.35;266.67;4.338181;4.0;;98.0;0.9785;248.59;247.09;4.928;4.8;;98.0;0.9785;248.59;247.09;4.928;4.8;;97.6;0.974873;215.81;202.89;5.771473;5.6;;97.6;0.974873;215.81;202.89;5.771473;5.6;;;;;;;;;;;;;;;;;;;;;;;;;;;;;;;;;;;;
3;Sudeste;35;SP;São Paulo;3506706;Boa Esperança do Sul;633216.137;48791.5;426174.943;32838.26;380753.261;25197.09;98617.081;33976.541;144513.832;77746.827;354854.28;25898.981;Demais serviços;Agricultura, inclusive apoio à agricultura e a pós colheita;Administração, defesa, educação e saúde públicas e seguridade social;6;True;92.6;0.923838;263.32;264.88;4.353098;4.0;;92.6;0.923838;263.32;264.88;4.353098;4.0;;94.8;0.947536;247.66;250.15;4.9635;4.7;;;;;;;;;98.9;0.988948;212.11;195.35;5.563772;5.5;;98.9;0.988948;212.11;195.35;5.563772;5.5;;94.8;0.947536;247.66;250.15;4.9635;4.7;;;;;;;;;;;;;;;;;;;;;;;;;;;;;
3;Sudeste;35;SP;São Paulo;3506805;Bocaina;381376.277;33873.02;306478.797;27220.78;281963.936;22429.71;43685.843;33095.832;111188.154;71175.229;259145.058;22818.878;Demais serviços;Administração, defesa, educação e saúde públicas e seguridade social;Agricultura, inclusive apoio à agricultura e a pós colheita;6;True;88.4;0.889332;268.49;272.86;4.545172;4.0;;88.4;0.889332;268.49;272.86;4.545172;4.0;;97.5;0.976695;260.46;261.19;5.360833;5.2;;97.5;0.976695;260.46;261.19;5.360833;5.2;;99.3;0.993772;224.59;202.9;5.939212;5.9;;99.3;0.993772;224.59;202.9;5.939212;5.9;;;;;;;;;;;;;;;;;;;;;;;;;;;;;;;;;;;;
3;Sudeste;35;SP;São Paulo;3506904;Bofete;309772.994;29615.01;237971.226;22750.6;212434.109;17546.39;33004.035;24084.799;84052.911;57485.84;198627.585;13806.524;Demais serviços;Administração, defesa, educação e saúde públicas e seguridade social;Produção florestal, pesca e aquicultura;7;True;98.3;0.9853;264.5;278.03;4.566528;4.5;;98.3;0.9853;264.5;278.03;4.566528;4.5;;97.1;0.97003;266.22;260.81;5.4505;5.3;;97.2;0.96973;292.8;280.27;6.217833;6.0;;99.4;0.99379;232.37;219.66;6.392413;6.4;;99.4;0.99379;232.37;219.66;6.392413;6.4;;97.1;0.970145;250.27;249.14;4.990167;4.8;;;;;;;;;;;;;;;;;;;;;;;;;;;;;
3;Sudeste;35;SP;São Paulo;3507001;Boituva;4474129.933;73249.13;3980439.889;65166.58;3393228.685;53597.04;29902.417;1115746.09;1412349.422;331520.89;2889518.819;503709.865;Demais serviços;Indústrias de transformação;Administração, defesa, educação e saúde públicas e seguridade social;7;True;95.5;0.956154;261.71;269.32;4.396953;4.2;;95.6;0.956429;269.56;275.87;4.60526;4.4;;98.5;0.985486;262.67;263.08;5.429167;5.4;;;;;;;;;99.5;0.995581;236.38;223.69;6.542212;6.5;;99.5;0.995581;236.38;223.69;6.542212;6.5;;98.5;0.985486;262.67;263.08;5.429167;5.4;;;;;;;;;96.1;0.961794;313.9;312.84;5.781456;5.6;;;;;;;;;;;;;;;
3;Sudeste;35;SP;São Paulo;3507100;Bom Jesus dos Perdões;1627411.043;73953.06;1845067.499;84088.39;1463036.18;55196.42;14056.192;575826.055;524790.85;114518.447;1229191.543;233844.637;Indústrias de transformação;Demais serviços;Comércio e reparação de veículos automotores e motocicletas;6;True;91.2;0.932614;262.04;270.63;4.421199;4.1;;91.2;0.932614;262.04;270.63;4.421199;4.1;;98.9;0.989322;254.77;260.11;5.248;5.2;;98.9;0.989322;254.77;260.11;5.248;5.2;;99.9;0.998592;228.46;213.6;6.207613;6.2;;99.9;0.998592;228.46;213.6;6.207613;6.2;;;;;;;;;;;;;;;;;;;;;;;;;;;;;;;;;;;;
3;Sudeste;35;SP;São Paulo;3507159;Bom Sucesso de Itararé;77487.097;21796.65;66937.225;18829.04;63856.52;15912.41;5368.545;12078.165;19547.589;23248.737;60243.036;3613.483;Administração, defesa, educação e saúde públicas e seguridade social;Demais serviços;Indústrias extrativas;6;True;99.0;0.990286;261.83;270.72;4.419596;4.4;;99.0;0.990286;261.83;270.72;4.419596;4.4;;100.0;1.0;252.76;248.88;5.027333;5.0;;100.0;1.0;252.76;248.88;5.027333;5.0;;100.0;1.0;224.26;209.23;6.048006;6.0;;100.0;1.0;224.26;209.23;6.048006;6.0;;;;;;;;;;;;;;;;;;;;;;;;;;;;;;;;;;;;
3;Sudeste;35;SP;São Paulo;3507209;Borá;120962.346;133365.32;92174.455;101625.64;74195.054;88432.72;13495.84;23466.937;19787.573;11528.515;68278.865;5916.189;Indústrias de transformação;Demais serviços;Agricultura, inclusive apoio à agricultura e a pós colheita;6;True;97.0;0.967708;271.72;275.02;4.622872;4.5;;97.0;0.967708;271.72;275.02;4.622872;4.5;;98.4;0.987552;274.89;268.57;5.724333;5.7;;98.4;0.987552;274.89;268.57;5.724333;5.7;;98.4;0.990017;257.59;232.6;7.108983;7.0;;98.4;0.990017;257.59;232.6;7.108983;7.0;;;;;;;;;;;;;;;;;;;;;;;;;;;;;;;;;;;;
3;Sudeste;35;SP;São Paulo;3507308;Boracéia;657535.084;139456.01;582110.672;123459.32;519153.445;105669.34;25545.06;193575.27;204730.266;28494.395;452344.991;66808.454;Indústrias de transformação;Demais serviços;Comércio e reparação de veículos automotores e motocicletas;6;True;94.0;0.941276;267.84;258.36;4.318977;4.1;;94.0;0.941276;267.84;258.36;4.318977;4.1;;99.7;0.996207;263.55;253.43;5.283;5.3;;99.7;0.996207;263.55;253.43;5.283;5.3;;100.0;1.0;232.02;211.94;6.24537;6.2;;100.0;1.0;232.02;211.94;6.24537;6.2;;;;;;;;;;;;;;;;;;;;;;;;;;;;;;;;;;;;
3;Sudeste;35;SP;São Paulo;3507407;Borborema;704920.778;49551.58;559934.293;39359.93;518182.236;31833.29;115708.776;37147.716;242451.536;81903.718;477211.745;40970.49;Demais serviços;Agricultura, inclusive apoio à agricultura e a pós colheita;Administração, defesa, educação e saúde públicas e seguridade social;6;True;95.3;0.952851;263.26;268.51;4.406597;4.2;;95.3;0.952851;263.26;268.51;4.406597;4.2;;99.8;0.998241;272.66;267.95;5.676833;5.7;;99.8;0.998241;272.66;267.95;5.676833;5.7;;99.7;0.996784;226.58;212.18;6.145917;6.1;;;;;;;;;;;;;;;;99.5;0.994214;226.58;212.18;6.145917;6.1;;;;;;;;;;;;;;;;;;;;;;
3;Sudeste;35;SP;São Paulo;3507456;Borebi;118452.374;43661.03;81815.965;30157.01;73943.332;27255.19;22761.505;3665.512;20404.136;22310.19;69141.344;4801.988;Administração, defesa, educação e saúde públicas e seguridade social;Demais serviços;Produção florestal, pesca e aquicultura;6;True;94.7;0.949342;264.91;261.81;4.329472;4.1;;94.7;0.949342;264.91;261.81;4.329472;4.1;;91.2;0.913092;242.84;252.71;4.925833;4.5;;;;;;;;;96.3;0.963934;236.88;228.6;6.641027;6.4;;96.3;0.963934;236.88;228.6;6.641027;6.4;;91.2;0.913092;242.84;252.71;4.925833;4.5;;;;;;;;;;;;;;;;;;;;;;;;;;;;;
3;Sudeste;35;SP;São Paulo;3507506;Botucatu;7992147.651;55059.4;6709748.564;46224.72;5979359.062;39937.48;165588.281;1498002.597;3160156.426;550504.369;5374251.672;605107.39;Demais serviços;Indústrias de transformação;Comércio e reparação de veículos automotores e motocicletas;7;True;90.0;0.900463;268.47;273.56;4.55537;4.1;;90.0;0.900463;268.47;273.56;4.55537;4.1;;96.6;0.965941;257.67;259.94;5.2935;5.1;;96.1;0.96123;249.32;252.51;5.0305;4.8;;99.8;0.997593;232.21;216.5;6.331905;6.3;;99.8;0.997593;232.21;216.5;6.331905;6.3;;97.4;0.97362;270.83;271.64;5.707833;5.6;;;;;;;;;;;;;;;;;;;;;;;;;;;;;
3;Sudeste;35;SP;São Paulo;3507605;Bragança Paulista;10443287.83;59064.7;9125116.908;51609.44;7954300.053;46153.09;99838.174;1987758.259;3946313.675;748675.698;6782585.806;1171714.247;Demais serviços;Indústrias de transformação;Comércio e reparação de veículos automotores e motocicletas;7;True;95.7;0.958945;269.2;281.34;4.68209;4.5;;95.8;0.959607;272.1;283.41;4.753808;4.6;;98.7;0.986724;262.59;267.8;5.5065;5.4;;98.7;0.986724;262.59;267.8;5.5065;5.4;;95.9;0.961075;231.93;217.64;6.347289;6.1;;95.9;0.961075;231.93;217.64;6.347289;6.1;;;;;;;;;;;;;;;;97.1;0.971864;325.63;321.51;6.075993;5.9;;;;;;;;;;;;;;;
3;Sudeste;35;SP;São Paulo;3507704;Braúna;157855.147;29472.58;118469.734;22119.07;120686.813;20826.02;36630.741;6689.06;43388.546;29032.923;115741.269;4945.544;Demais serviços;Agricultura, inclusive apoio à agricultura e a pós colheita;Administração, defesa, educação e saúde públicas e seguridade social;6;True;89.5;0.89453;266.41;280.78;4.634521;4.1;;89.5;0.89453;266.41;280.78;4.634521;4.1;;98.9;0.9881;276.57;277.86;5.907167;5.8;;98.9;0.9881;276.57;277.86;5.907167;5.8;;99.1;0.991094;246.85;232.55;6.903112;6.8;;99.1;0.990664;246.85;232.55;6.903112;6.8;;;;;;;;;;;;;;;;;;;;;;;;;;;;;;;;;;;;
3;Sudeste;35;SP;São Paulo;3507753;Brejo Alegre;90696.609;35359.3;78574.226;30633.23;75675.127;25996.26;22314.874;3598.637;24671.31;20677.961;71262.782;4412.344;Administração, defesa, educação e saúde públicas e seguridade social;Agricultura, inclusive apoio à agricultura e a pós colheita;Demais serviços;6;True;93.9;0.937505;237.94;233.03;3.519841;3.3;;93.9;0.937505;237.94;233.03;3.519841;3.3;;99.4;0.993631;261.19;262.55;5.395667;5.4;;99.4;0.993631;261.19;262.55;5.395667;5.4;;100.0;1.0;263.4;244.09;7.42877;7.4;;100.0;1.0;263.4;244.09;7.42877;7.4;;;;;;;;;;;;;;;;;;;;;;;;;;;;;;;;;;;;
3;Sudeste;35;SP;São Paulo;3507803;Brodowski;1210304.604;48026.05;971558.236;38552.37;894830.751;34947.5;93166.358;147133.404;414073.83;134494.493;788868.084;105962.667;Demais serviços;Administração, defesa, educação e saúde públicas e seguridade social;Comércio e reparação de veículos automotores e motocicletas;5;True;;;;;;;;;;;;;;;94.5;0.94459;251.39;252.59;5.066333;4.8;;90.2;0.897077;240.0;240.42;4.673667;4.2;;98.3;0.983305;234.05;215.79;6.35411;6.2;;98.3;0.983305;234.05;215.79;6.35411;6.2;;95.4;0.953891;254.99;256.44;5.1905;5.0;;;;;;;;;;;;;;;;;;;;;;;;;;;;;
3;Sudeste;35;SP;São Paulo;3507902;Brotas;1555980.462;65109.23;1355480.802;56719.42;1123986.566;45209.02;109572.985;280079.79;482124.959;131686.685;1003464.419;120522.147;Demais serviços;Indústrias de transformação;Administração, defesa, educação e saúde públicas e seguridade social;7;True;95.8;0.960556;260.52;266.91;4.344162;4.2;;95.8;0.960556;260.52;266.91;4.344162;4.2;;99.2;0.992225;256.52;259.02;5.259;5.2;;99.4;0.993951;247.22;249.43;4.944167;4.9;;100.0;1.0;239.74;223.6;6.604698;6.6;;100.0;1.0;239.74;223.6;6.604698;6.6;;98.9;0.988427;270.9;273.84;5.745667;5.7;;;;;;;;;;;;;;;;;;;;;;;;;;;;;
3;Sudeste;35;SP;São Paulo;3508009;Buri;907832.787;44831.25;702838.485;34708.07;684130.186;34121.21;225588.326;54818.881;250755.84;99504.385;630667.432;53462.753;Agricultura, inclusive apoio à agricultura e a pós colheita;Demais serviços;Administração, defesa, educação e saúde públicas e seguridade social;6;True;91.6;0.916806;266.92;275.44;4.561744;4.2;;91.6;0.916806;266.92;275.44;4.561744;4.2;;96.5;0.964889;265.05;263.63;5.478;5.3;;;;;;;;;98.1;0.981696;243.81;226.99;6.744006;6.6;;98.1;0.981696;243.81;226.99;6.744006;6.6;;96.5;0.964889;265.05;263.63;5.478;5.3;;;;;;;;;;;;;;;;;;;;;;;;;;;;;
3;Sudeste;35;SP;São Paulo;3508108;Buritama;746203.785;43358.73;646238.949;37550.2;627565.183;36037.97;72979.446;155316.735;274828.036;82493.996;585618.214;41946.969;Demais serviços;Eletricidade e gás, água, esgoto, atividades de gestão de resíduos e descontaminação;Administração, defesa, educação e saúde públicas e seguridade social;6;True;95.6;0.955816;265.86;270.75;4.476647;4.3;;95.6;0.955816;265.86;270.75;4.476647;4.3;;99.7;0.997494;258.58;259.22;5.296667;5.3;;99.7;0.997494;258.58;259.22;5.296667;5.3;;99.9;0.998996;240.72;223.76;6.62631;6.6;;99.9;0.998996;240.72;223.76;6.62631;6.6;;;;;;;;;;;;;;;;;;;;;;;;;;;;;;;;;;;;
3;Sudeste;35;SP;São Paulo;3508207;Buritizal;305567.589;70148.67;257455.029;59103.54;244488.126;53769.11;39267.935;119328.791;42011.06;32876.518;233484.303;11003.823;Eletricidade e gás, água, esgoto, atividades de gestão de resíduos e descontaminação;Demais serviços;Administração, defesa, educação e saúde públicas e seguridade social;6;True;88.0;0.863833;290.57;298.27;5.235673;4.5;;88.0;0.863833;290.57;298.27;5.235673;4.5;;91.0;0.911292;261.3;269.69;5.5165;5.0;;;;;;;;;98.4;0.985841;239.57;217.83;6.496545;6.4;;98.4;0.985841;239.57;217.83;6.496545;6.4;;91.0;0.911292;261.3;269.69;5.5165;5.0;;;;;;;;;;;;;;;;;;;;;;;;;;;;;
3;Sudeste;35;SP;São Paulo;3508306;Cabrália Paulista;177481.056;41284.27;120867.281;28115.21;102881.808;24368.03;25609.109;17340.874;29701.611;25045.665;97697.258;5184.55;Demais serviços;Administração, defesa, educação e saúde públicas e seguridade social;Pecuária, inclusive apoio à pecuária;6;True;92.8;0.934532;284.37;290.58;5.033475;4.7;;92.8;0.934532;284.37;290.58;5.033475;4.7;;94.6;0.942284;265.68;264.62;5.505;5.2;;94.6;0.942284;265.68;264.62;5.505;5.2;;98.9;0.988512;228.9;216.24;6.26401;6.2;;98.9;0.988512;228.9;216.24;6.26401;6.2;;;;;;;;;;;;;;;;;;;;;;;;;;;;;;;;;;;;
3;Sudeste;35;SP;São Paulo;3508405;Cabreúva;7240981.438;154027.39;6625402.201;140933.02;5961333.424;116591.7;35185.854;1863557.206;2651030.382;282544.292;4832317.735;1129015.689;Indústrias de transformação;Demais serviços;Comércio e reparação de veículos automotores e motocicletas;6;True;95.5;0.954609;262.73;272.81;4.463524;4.3;;95.5;0.954609;262.73;272.81;4.463524;4.3;;98.3;0.982736;259.14;266.82;5.432667;5.3;;98.3;0.982736;259.14;266.82;5.432667;5.3;;99.7;0.997191;238.52;225.5;6.615961;6.6;;99.7;0.997191;238.52;225.5;6.615961;6.6;;;;;;;;;;;;;;;;;;;;;;;;;;;;;;;;;;;;
3;Sudeste;35;SP;São Paulo;3508504;Caçapava;6516271.282;67735.3;5870325.31;61020.82;5214553.271;54458.95;23143.72;1890322.691;2018774.412;430221.897;4362462.72;852090.551;Demais serviços;Indústrias de transformação;Comércio e reparação de veículos automotores e motocicletas;7;True;93.0;0.928961;272.51;284.56;4.776782;4.4;;93.0;0.928961;272.51;284.56;4.776782;4.4;;95.2;0.952922;257.94;263.32;5.354333;5.1;;97.0;0.969314;257.18;262.38;5.326;5.2;;95.8;0.958725;230.82;218.14;6.335196;6.1;;95.8;0.958725;230.82;218.14;6.335196;6.1;;89.3;0.892948;261.23;267.41;5.477333;4.9;;;;;;;;;;;;;;;;;;;;;;;;;;;;;
3;Sudeste;35;SP;São Paulo;3508603;Cachoeira Paulista;847786.431;26859.28;727280.9;23041.47;673632.424;19914.05;19887.221;54496.617;405443.2;156847.736;636674.774;36957.65;Demais serviços;Administração, defesa, educação e saúde públicas e seguridade social;Comércio e reparação de veículos automotores e motocicletas;6;True;89.3;0.896692;269.24;275.93;4.601664;4.1;;89.3;0.896692;269.24;275.93;4.601664;4.1;;96.9;0.967774;256.62;257.17;5.229833;5.1;;98.1;0.980138;259.67;263.51;5.386333;5.3;;99.4;0.994364;217.84;205.79;5.862941;5.8;;99.4;0.994364;217.84;205.79;5.862941;5.8;;;;;;;;;;;;;;;;;;;;;;;;;;;;;;;;;;;;
3;Sudeste;35;SP;São Paulo;3508702;Caconde;554109.419;32402.16;479156.063;28019.18;574394.938;30182.07;249083.086;33498.821;185525.681;83830.762;551938.351;22456.588;Agricultura, inclusive apoio à agricultura e a pós colheita;Demais serviços;Administração, defesa, educação e saúde públicas e seguridade social;7;True;92.5;0.93375;258.87;269.49;4.35961;4.1;;92.5;0.93375;258.87;269.49;4.35961;4.1;;98.4;0.983651;258.85;259.73;5.309667;5.2;;98.4;0.983651;258.85;259.73;5.309667;5.2;;98.1;0.981707;238.69;220.14;6.521751;6.4;;98.1;0.980835;240.45;221.65;6.582793;6.5;;;;;;;;;98.8;0.986953;223.44;207.15;5.994539;5.9;;;;;;;;;;;;;;;;;;;;;;
3;Sudeste;35;SP;São Paulo;3508801;Cafelândia;930635.174;55880.58;737488.829;44282.98;682544.49;38094.8;107405.166;170241.413;243593.291;89667.674;610907.543;71636.947;Demais serviços;Indústrias de transformação;Agricultura, inclusive apoio à agricultura e a pós colheita;7;True;92.2;0.921285;264.63;270.65;4.457874;4.1;;92.2;0.921285;264.63;270.65;4.457874;4.1;;98.1;0.980325;251.98;251.6;5.059667;5.0;;98.1;0.980325;251.98;251.6;5.059667;5.0;;99.6;0.995966;226.79;211.6;6.139379;6.1;;99.9;0.998794;229.98;210.57;6.181529;6.2;;;;;;;;;97.4;0.972222;203.09;219.26;5.826362;5.7;;;;;;;;;;;;;;;;;;;;;;
3;Sudeste;35;SP;São Paulo;3508900;Caiabu;88015.441;23711.06;70620.504;19024.92;69806.4;16640.38;19484.968;3832.668;20301.493;24116.477;67735.606;2070.794;Administração, defesa, educação e saúde públicas e seguridade social;Demais serviços;Agricultura, inclusive apoio à agricultura e a pós colheita;6;True;95.8;0.966171;255.57;254.39;4.087214;3.9;;95.8;0.966171;255.57;254.39;4.087214;3.9;;96.7;0.967498;268.94;260.66;5.493333;5.3;;96.7;0.967498;268.94;260.66;5.493333;5.3;;98.4;0.987615;222.03;204.7;5.923085;5.8;;98.4;0.987615;222.03;204.7;5.923085;5.8;;;;;;;;;;;;;;;;;;;;;;;;;;;;;;;;;;;;
3;Sudeste;35;SP;São Paulo;3509007;Caieiras;5507619.475;57955.42;5172279.115;54427.86;4858858.148;46700.03;4923.69;1735180.595;1894172.878;455744.606;4090021.77;768836.378;Indústrias de transformação;Demais serviços;Comércio e reparação de veículos automotores e motocicletas;7;True;97.0;0.970217;266.35;280.71;4.632631;4.5;;97.0;0.970217;266.35;280.71;4.632631;4.5;;98.9;0.98922;260.31;268.61;5.482;5.4;;98.9;0.98922;260.31;268.61;5.482;5.4;;98.8;0.986423;219.24;215.03;6.057659;6.0;;98.7;0.985791;219.28;215.92;6.074604;6.0;;;;;;;;;100.0;1.0;218.51;199.37;5.759;5.8;;;;;;;;;;;;;;;;;;;;;;
3;Sudeste;35;SP;São Paulo;3509106;Caiuá;111895.2;20471.13;91472.777;16734.87;96254.924;15997.16;31769.709;2736.099;23348.878;34465.425;92320.111;3934.813;Administração, defesa, educação e saúde públicas e seguridade social;Demais serviços;Agricultura, inclusive apoio à agricultura e a pós colheita;6;True;96.8;0.972986;259.03;271.82;4.396738;4.3;;96.8;0.972986;259.03;271.82;4.396738;4.3;;99.5;0.99389;265.35;268.7;5.5675;5.5;;99.5;0.99389;265.35;268.7;5.5675;5.5;;97.3;0.969779;239.62;230.16;6.721681;6.5;;97.3;0.969779;239.62;230.16;6.721681;6.5;;;;;;;;;;;;;;;;;;;;;;;;;;;;;;;;;;;;
3;Sudeste;35;SP;São Paulo;3509205;Cajamar;28984601.766;312708.11;24330164.353;262492.47;22713160.274;287384.67;276.713;2955318.873;14021896.021;497559.69;17475051.296;5238108.977;Comércio e reparação de veículos automotores e motocicletas;Demais serviços;Indústrias de transformação;7;True;95.7;0.957303;263.59;271.75;4.459735;4.3;;95.7;0.957303;263.59;271.75;4.459735;4.3;;98.2;0.982233;251.75;256.26;5.1335;5.0;;97.1;0.971;234.4;240.29;4.578167;4.4;;99.4;0.994195;222.1;215.67;6.123875;6.1;;99.4;0.994195;222.1;215.67;6.123875;6.1;;98.3;0.982984;257.96;261.97;5.332167;5.2;;;;;;;;;;;;;;;;;;;;;;;;;;;;;
3;Sudeste;35;SP;São Paulo;3509254;Cajati;1987670.371;69706.13;2228754.189;78160.76;1755226.467;61714.65;186075.238;621420.512;425561.239;148902.86;1381959.848;373266.619;Indústrias de transformação;Demais serviços;Agricultura, inclusive apoio à agricultura e a pós colheita;6;True;97.0;0.969318;261.51;269.18;4.392048;4.3;;97.0;0.969318;261.51;269.18;4.392048;4.3;;99.4;0.993707;255.85;256.98;5.213833;5.2;;99.4;0.993707;255.85;256.98;5.213833;5.2;;100.0;1.0;231.79;215.81;6.311344;6.3;;100.0;1.0;231.79;215.81;6.311344;6.3;;;;;;;;;;;;;;;;;;;;;;;;;;;;;;;;;;;;
3;Sudeste;35;SP;São Paulo;3509304;Cajobi;275000.646;30110.66;194846.521;21334.34;170916.324;16049.99;23624.544;8703.355;75926.337;52076.02;160330.256;10586.069;Demais serviços;Administração, defesa, educação e saúde públicas e seguridade social;Agricultura, inclusive apoio à agricultura e a pós colheita;6;True;95.7;0.96022;279.44;286.16;4.898066;4.7;;95.7;0.96022;279.44;286.16;4.898066;4.7;;99.8;0.997735;273.5;269.21;5.711833;5.7;;;;;;;;;99.8;0.997984;237.7;219.85;6.497585;6.5;;99.8;0.997984;237.7;219.85;6.497585;6.5;;99.8;0.997735;273.5;269.21;5.711833;5.7;;;;;;;;;;;;;;;;;;;;;;;;;;;;;
3;Sudeste;35;SP;São Paulo;3509403;Cajuru;1123798.612;47158.98;841325.609;35305.31;761749.163;28623.2;145197.576;127357.841;285864.868;131124.944;689545.228;72203.935;Demais serviços;Agricultura, inclusive apoio à agricultura e a pós colheita;Administração, defesa, educação e saúde públicas e seguridade social;6;True;90.8;0.908335;254.24;258.87;4.1356;3.8;;90.8;0.908335;254.24;258.87;4.1356;3.8;;94.9;0.949378;243.78;244.08;4.797667;4.6;;93.6;0.937922;239.41;239.03;4.640667;4.4;;99.8;0.99759;211.28;202.02;5.669205;5.7;;99.8;0.99759;211.28;202.02;5.669205;5.7;;;;;;;;;;;;;;;;;;;;;;;;;;;;;;;;;;;;
3;Sudeste;35;SP;São Paulo;3509452;Campina do Monte Alegre;211436.295;35511.64;176896.213;29710.48;151086.917;24817.17;34383.354;15552.313;57611.072;33231.12;140777.859;10309.057;Demais serviços;Administração, defesa, educação e saúde públicas e seguridade social;Agricultura, inclusive apoio à agricultura e a pós colheita;6;True;91.1;0.909816;262.26;263.98;4.324738;3.9;;91.1;0.909816;262.26;263.98;4.324738;3.9;;98.8;0.987595;252.64;254.12;5.112667;5.0;;;;;;;;;100.0;1.0;226.94;213.51;6.176969;6.2;;100.0;1.0;226.94;213.51;6.176969;6.2;;98.8;0.987595;252.64;254.12;5.112667;5.0;;;;;;;;;;;;;;;;;;;;;;;;;;;;;
3;Sudeste;35;SP;São Paulo;3509502;Campinas;91968328.317;80741.47;80646591.22;70847.71;72946910.167;59634.32;170416.993;11136729.652;42630095.744;5182393.178;59119635.568;13827274.599;Demais serviços;Comércio e reparação de veículos automotores e motocicletas;Indústrias de transformação;8;True;91.1;0.911217;271.84;280.38;4.704797;4.3;;91.1;0.922247;272.46;280.88;4.72099;4.4;;96.6;0.966373;254.59;258.89;5.224667;5.0;;96.7;0.967084;254.95;259.26;5.236833;5.1;;98.7;0.986582;222.26;211.7;6.054747;6.0;;97.7;0.976918;212.25;205.2;5.745534;5.6;;96.3;0.962306;252.95;257.2;5.169167;5.0;;98.9;0.989189;225.1;213.55;6.142582;6.1;;;;;;;;;;;;;;;;;;;;;;
3;Sudeste;35;SP;São Paulo;3509601;Campo Limpo Paulista;3233934.762;41657.24;2976085.474;38335.81;2530950.088;29291.03;10544.411;737110.229;1038525.602;364156.102;2150336.345;380613.743;Demais serviços;Indústrias de transformação;Administração, defesa, educação e saúde públicas e seguridade social;7;True;96.0;0.96051;273.81;287.97;4.846088;4.7;;96.0;0.96051;273.81;287.97;4.846088;4.7;;98.3;0.982702;260.84;265.24;5.434667;5.3;;99.4;0.994236;254.45;258.89;5.222333;5.2;;97.9;0.979307;221.66;212.27;6.05366;5.9;;97.9;0.979307;221.66;212.27;6.05366;5.9;;97.1;0.971121;266.78;271.13;5.631833;5.5;;;;;;;;;;;;;;;;;;;;;;;;;;;;;
3;Sudeste;35;SP;São Paulo;3509700;Campos do Jordão;1946799.338;41444.19;1662494.083;35391.79;1449808.277;27503.81;5938.459;131448.569;930238.697;267718.156;1335343.881;114464.396;Demais serviços;Administração, defesa, educação e saúde públicas e seguridade social;Comércio e reparação de veículos automotores e motocicletas;6;True;88.6;0.890433;277.92;287.47;4.896328;4.4;;89.0;0.918154;284.82;292.13;5.062999;4.6;;97.7;0.977487;273.03;274.36;5.789833;5.7;;;;;;;;;99.6;0.996188;237.31;222.2;6.53287;6.5;;99.6;0.996188;237.31;222.2;6.53287;6.5;;97.7;0.977487;273.03;274.36;5.789833;5.7;;;;;;;;;;;;;;;;;;;;;;;;;;;;;
3;Sudeste;35;SP;São Paulo;3509809;Campos Novos Paulista;342294.513;70027.52;234017.327;47875.89;194705.131;38724.17;82320.64;13825.911;58714.153;29105.415;183966.119;10739.012;Agricultura, inclusive apoio à agricultura e a pós colheita;Demais serviços;Administração, defesa, educação e saúde públicas e seguridade social;6;True;95.9;0.95832;271.21;270.68;4.550739;4.4;;95.9;0.95832;271.21;270.68;4.550739;4.4;;97.5;0.973011;259.41;252.48;5.198167;5.1;;97.5;0.973011;259.41;252.48;5.198167;5.1;;97.6;0.973713;226.89;210.91;6.128742;6.0;;97.6;0.973713;226.89;210.91;6.128742;6.0;;;;;;;;;;;;;;;;;;;;;;;;;;;;;;;;;;;;
3;Sudeste;35;SP;São Paulo;3509908;Cananéia;330537.64;26897.03;286747.105;23333.64;264410.437;21082.0;38790.803;17593.97;119982.166;73959.37;250326.309;14084.128;Demais serviços;Administração, defesa, educação e saúde públicas e seguridade social;Produção florestal, pesca e aquicultura;6;True;86.2;0.861638;265.39;274.58;4.527381;3.9;;86.2;0.861638;265.39;274.58;4.527381;3.9;;90.1;0.892001;242.84;251.54;4.906333;4.4;;90.1;0.892001;242.84;251.54;4.906333;4.4;;97.5;0.975345;232.17;221.35;6.419323;6.3;;97.4;0.975144;232.17;221.35;6.419323;6.3;;;;;;;;;;;;;;;;;;;;;;;;;;;;;;;;;;;;
3;Sudeste;35;SP;São Paulo;3509957;Canas;121017.029;24542.09;131851.625;26739.33;130060.455;24688.77;2281.379;19677.572;63843.677;31054.215;116856.843;13203.612;Demais serviços;Administração, defesa, educação e saúde públicas e seguridade social;Comércio e reparação de veículos automotores e motocicletas;6;True;97.9;0.981825;256.4;255.27;4.112045;4.0;;97.9;0.981825;256.4;255.27;4.112045;4.0;;93.5;0.935686;242.87;248.41;4.854667;4.5;;;;;;;;;93.2;0.933905;221.94;204.49;5.917549;5.5;;93.2;0.933905;221.94;204.49;5.917549;5.5;;93.5;0.935686;242.87;248.41;4.854667;4.5;;;;;;;;;;;;;;;;;;;;;;;;;;;;;
3;Sudeste;35;SP;São Paulo;3510005;Cândido Mota;2482755.063;84306.94;2074288.484;70436.64;1518347.017;48339.61;116464.014;229211.85;832948.84;133277.924;1311902.627;206444.39;Demais serviços;Comércio e reparação de veículos automotores e motocicletas;Indústrias de transformação;7;True;95.4;0.951829;269.05;277.95;4.629235;4.4;;95.4;0.951829;269.05;277.95;4.629235;4.4;;98.7;0.986656;264.94;268.88;5.563667;5.5;;98.7;0.986656;264.94;268.88;5.563667;5.5;;100.0;1.0;237.93;221.6;6.533793;6.5;;100.0;1.0;240.11;225.81;6.651941;6.7;;;;;;;;;100.0;1.0;233.7;213.44;6.304704;6.3;;;;;;;;;;;;;;;;;;;;;;
3;Sudeste;35;SP;São Paulo;3510104;Cândido Rodrigues;157950.773;54673.16;109176.27;37790.33;107107.735;38184.58;32513.445;12621.04;36235.48;17585.306;98955.271;8152.464;Agricultura, inclusive apoio à agricultura e a pós colheita;Demais serviços;Administração, defesa, educação e saúde públicas e seguridade social;6;True;96.3;0.969525;337.22;287.75;5.733385;5.6;;96.3;0.969525;337.22;287.75;5.733385;5.6;;99.2;0.99285;266.44;264.84;5.521333;5.5;;;;;;;;;100.0;1.0;210.89;221.33;6.012853;6.0;;100.0;1.0;210.89;221.33;6.012853;6.0;;99.2;0.99285;266.44;264.84;5.521333;5.5;;;;;;;;;;;;;;;;;;;;;;;;;;;;;
3;Sudeste;35;SP;São Paulo;3510153;Canitar;218327.89;34748.99;215547.863;34306.52;164318.829;30627.93;8454.042;62468.977;47861.798;30588.93;149373.747;14945.083;Indústrias de transformação;Demais serviços;Administração, defesa, educação e saúde públicas e seguridade social;6;True;92.4;0.922985;265.46;258.01;4.28031;4.0;;92.4;0.922985;265.46;258.01;4.28031;4.0;;96.9;0.970515;250.84;264.86;5.261667;5.1;;;;;;;;;98.4;0.984335;220.14;207.12;5.931016;5.8;;98.4;0.984335;220.14;207.12;5.931016;5.8;;96.9;0.970515;250.84;264.86;5.261667;5.1;;;;;;;;;;;;;;;;;;;;;;;;;;;;;
3;Sudeste;35;SP;São Paulo;3510203;Capão Bonito;1668881.584;36016.18;1395125.255;30108.23;1269097.445;26945.89;288352.126;118233.748;550333.294;226304.908;1183224.076;85873.369;Demais serviços;Agricultura, inclusive apoio à agricultura e a pós colheita;Administração, defesa, educação e saúde públicas e seguridade social;7;True;90.8;0.915655;278.39;290.55;4.949037;4.5;;90.8;0.915655;278.39;290.55;4.949037;4.5;;99.0;0.989986;264.95;271.44;5.6065;5.6;;98.8;0.986661;260.7;269.72;5.507;5.4;;99.8;0.998197;238.54;227.83;6.658706;6.6;;99.8;0.998197;238.54;227.83;6.658706;6.6;;99.1;0.99049;266.08;271.9;5.633;5.6;;;;;;;;;;;;;;;;;;;;;;;;;;;;;
3;Sudeste;35;SP;São Paulo;3510302;Capela do Alto;536047.966;23443.01;442198.932;19338.71;392353.724;18457.62;43696.438;40582.496;172141.942;106830.584;363251.46;29102.264;Demais serviços;Administração, defesa, educação e saúde públicas e seguridade social;Comércio e reparação de veículos automotores e motocicletas;6;True;89.2;0.892551;263.78;269.55;4.429469;4.0;;89.2;0.892551;263.78;269.55;4.429469;4.0;;98.8;0.988737;263.67;257.25;5.348667;5.3;;;;;;;;;99.9;0.998597;233.86;214.48;6.326666;6.3;;99.9;0.998597;233.86;214.48;6.326666;6.3;;98.8;0.988737;263.67;257.25;5.348667;5.3;;;;;;;;;;;;;;;;;;;;;;;;;;;;;
3;Sudeste;35;SP;São Paulo;3510401;Capivari;3824460.124;76385.32;3335183.144;66613.07;2990809.569;52495.21;60898.208;1045163.303;1086429.183;297785.227;2490275.922;500533.647;Indústrias de transformação;Demais serviços;Administração, defesa, educação e saúde públicas e seguridade social;7;True;89.9;0.903802;273.47;283.98;4.781583;4.3;;91.0;0.914251;278.48;291.17;4.959583;4.5;;94.6;0.946454;262.64;269.02;5.527667;5.2;;97.8;0.977568;261.61;267.98;5.493167;5.4;;96.3;0.962227;241.23;226.21;6.680588;6.4;;96.3;0.962227;241.23;226.21;6.680588;6.4;;91.0;0.90727;263.9;270.3;5.57;5.1;;;;;;;;;;;;;;;;;;;;;;;;;;;;;
3;Sudeste;35;SP;São Paulo;3510500;Caraguatatuba;5822814.916;43172.58;5575378.387;41337.37;4532235.511;36201.7;14037.065;976219.397;2522464.931;721398.377;4234119.77;298115.74;Demais serviços;Administração, defesa, educação e saúde públicas e seguridade social;Indústrias extrativas;7;True;92.9;0.931088;265.6;273.93;4.5206;4.2;;92.9;0.931744;267.06;275.42;4.563411;4.3;;99.1;0.990733;263.22;266.13;5.489167;5.4;;98.0;0.981054;252.79;257.45;5.170667;5.1;;99.8;0.998199;234.18;219.55;6.424955;6.4;;99.8;0.998199;234.18;219.55;6.424955;6.4;;99.5;0.995497;268.16;270.24;5.64;5.6;;;;;;;;;;;;;;;;;;;;;;;;;;;;;
3;Sudeste;35;SP;São Paulo;3510609;Carapicuíba;8436817.19;21801.46;7817578.68;20194.15;6854705.734;16909.54;331.514;911392.742;3961459.183;1330519.42;6203702.86;651002.874;Demais serviços;Administração, defesa, educação e saúde públicas e seguridade social;Comércio e reparação de veículos automotores e motocicletas;7;True;94.7;0.946039;262.92;274.82;4.496283;4.3;;94.7;0.946039;262.92;274.82;4.496283;4.3;;97.3;0.972612;252.54;257.51;5.1675;5.0;;97.3;0.972612;252.54;257.51;5.1675;5.0;;98.9;0.989155;217.78;207.31;5.889432;5.8;;99.2;0.991773;213.48;203.05;5.729917;5.7;;;;;;;;;98.9;0.988743;219.07;208.59;5.937323;5.9;;;;;;;;;;;;;;;;;;;;;;
3;Sudeste;35;SP;São Paulo;3510708;Cardoso;440024.546;38785.77;372262.441;32812.91;321119.823;25957.47;81695.869;16170.172;141886.416;66213.221;305965.678;15154.145;Demais serviços;Agricultura, inclusive apoio à agricultura e a pós colheita;Administração, defesa, educação e saúde públicas e seguridade social;8;True;99.5;0.994609;266.31;260.8;4.334015;4.3;;99.5;0.994609;266.31;260.8;4.334015;4.3;;97.7;0.975838;281.52;266.16;5.794667;5.7;;99.6;0.996463;253.33;240.45;4.896333;4.9;;98.4;0.984435;267.06;237.14;7.372254;7.3;;98.2;0.982596;268.89;239.39;7.448087;7.3;;96.2;0.958072;301.88;284.72;6.443333;6.2;;100.0;1.0;248.23;214.01;6.592357;6.6;;;;;;;;;;;;;;;;;;;;;;
3;Sudeste;35;SP;São Paulo;3510807;Casa Branca;1494279.305;53209.39;1260885.989;44898.55;1179141.595;38464.9;264213.818;131200.656;508921.118;149670.015;1054005.608;125135.987;Demais serviços;Agricultura, inclusive apoio à agricultura e a pós colheita;Administração, defesa, educação e saúde públicas e seguridade social;6;True;93.7;0.93792;265.45;270.98;4.474331;4.2;;93.7;0.93792;265.45;270.98;4.474331;4.2;;96.0;0.960503;243.52;245.89;4.8235;4.6;;96.0;0.960503;243.52;245.89;4.8235;4.6;;97.9;0.978762;215.5;201.04;5.731921;5.6;;97.9;0.978762;215.5;201.04;5.731921;5.6;;;;;;;;;;;;;;;;;;;;;;;;;;;;;;;;;;;;
3;Sudeste;35;SP;São Paulo;3510906;Cássia dos Coqueiros;306056.167;109344.83;212552.603;75938.76;293111.124;117809.94;218852.843;8449.43;40743.244;20775.1;288820.616;4290.508;Agricultura, inclusive apoio à agricultura e a pós colheita;Demais serviços;Administração, defesa, educação e saúde públicas e seguridade social;6;True;98.7;0.980609;308.99;308.28;5.644231;5.5;;98.7;0.980609;308.99;308.28;5.644231;5.5;;95.9;0.95855;257.97;241.88;4.9975;4.8;;;;;;;;;93.3;0.935381;231.27;219.15;6.362148;6.0;;93.3;0.935381;231.27;219.15;6.362148;6.0;;95.9;0.95855;257.97;241.88;4.9975;4.8;;;;;;;;;;;;;;;;;;;;;;;;;;;;;
3;Sudeste;35;SP;São Paulo;3511003;Castilho;2275540.623;113908.03;1792751.021;89740.75;1388287.047;64508.48;111293.316;532894.123;471492.896;124161.215;1239841.551;148445.496;Indústrias de transformação;Demais serviços;Administração, defesa, educação e saúde públicas e seguridade social;6;True;96.0;0.963759;258.38;261.35;4.230872;4.1;;96.0;0.963759;258.38;261.35;4.230872;4.1;;99.7;0.996989;256.83;256.85;5.228;5.2;;99.7;0.996736;256.83;256.85;5.228;5.2;;99.2;0.991736;233.35;218.64;6.39257;6.3;;99.2;0.991736;233.35;218.64;6.39257;6.3;;;;;;;;;;;;;;;;;;;;;;;;;;;;;;;;;;;;
3;Sudeste;35;SP;São Paulo;3511102;Catanduva;7029953.383;60712.43;6036118.39;52132.13;5218361.311;42386.42;53856.422;910267.106;3239255.171;506725.006;4710103.705;508257.607;Demais serviços;Indústrias de transformação;Comércio e reparação de veículos automotores e motocicletas;7;True;94.1;0.940819;271.06;281.45;4.70986;4.4;;94.4;0.945659;271.06;281.45;4.70986;4.5;;98.5;0.984743;259.24;263.08;5.372;5.3;;98.5;0.985729;260.12;261.88;5.366667;5.3;;99.7;0.996991;242.12;231.37;6.791391;6.8;;99.7;0.996991;242.12;231.37;6.791391;6.8;;98.4;0.984457;257.49;265.45;5.382333;5.3;;;;;;;;;;;;;;;;;;;;;;;;;;;;;
3;Sudeste;35;SP;São Paulo;3511201;Catiguá;196946.443;28123.15;170228.597;24307.95;152901.809;19342.42;22122.727;12343.407;72450.596;35461.173;142377.902;10523.907;Demais serviços;Administração, defesa, educação e saúde públicas e seguridade social;Comércio e reparação de veículos automotores e motocicletas;6;True;96.8;0.966951;254.63;267.52;4.270569;4.1;;96.8;0.966951;254.63;267.52;4.270569;4.1;;98.8;0.988183;261.22;264.05;5.421167;5.4;;98.8;0.988183;261.22;264.05;5.421167;5.4;;100.0;1.0;232.97;217.57;6.365863;6.4;;100.0;1.0;232.97;217.57;6.365863;6.4;;;;;;;;;;;;;;;;;;;;;;;;;;;;;;;;;;;;
3;Sudeste;35;SP;São Paulo;3511300;Cedral;808869.528;64104.42;643216.294;50976.09;533104.147;56401.2;37045.843;172293.312;187027.413;54598.596;450965.163;82138.984;Demais serviços;Indústrias de transformação;Administração, defesa, educação e saúde públicas e seguridade social;4;True;92.3;0.918558;253.27;257.64;4.103563;3.8;;92.3;0.918558;253.27;257.64;4.103563;3.8;;;;;;;;;;;;;;;;99.3;0.993199;240.08;230.86;6.743187;6.7;;99.3;0.993199;240.08;230.86;6.743187;6.7;;;;;;;;;;;;;;;;;;;;;;;;;;;;;;;;;;;;
3;Sudeste;35;SP;São Paulo;3511409;Cerqueira César;1400618.178;65239.1;1220434.479;56846.36;956913.985;46928.25;107438.999;239459.606;417797.78;93132.469;857828.854;99085.131;Demais serviços;Indústrias de transformação;Comércio e reparação de veículos automotores e motocicletas;6;True;94.1;0.943989;270.92;276.36;4.631696;4.4;;94.1;0.943989;270.92;276.36;4.631696;4.4;;97.6;0.975704;261.23;260.39;5.360333;5.2;;97.6;0.975704;261.23;260.39;5.360333;5.2;;100.0;1.0;228.54;210.66;6.155685;6.2;;100.0;1.0;228.54;210.66;6.155685;6.2;;;;;;;;;;;;;;;;;;;;;;;;;;;;;;;;;;;;
3;Sudeste;35;SP;São Paulo;3511508;Cerquilho;2891327.658;64690.18;2566786.006;57428.93;2343905.897;46293.89;75194.103;742604.22;931036.135;215221.715;1964056.173;379849.724;Demais serviços;Indústrias de transformação;Administração, defesa, educação e saúde públicas e seguridade social;6;True;94.2;0.942021;280.63;289.04;4.957893;4.7;;94.2;0.942021;280.63;289.04;4.957893;4.7;;98.7;0.987429;288.56;289.23;6.2965;6.2;;;;;;;;;99.9;0.998797;252.38;237.13;7.09192;7.1;;99.9;0.998797;252.38;237.13;7.09192;7.1;;98.7;0.987429;288.56;289.23;6.2965;6.2;;;;;;;;;;;;;;;;;;;;;;;;;;;;;
3;Sudeste;35;SP;São Paulo;3511607;Cesário Lange;1215884.112;63832.64;1032978.28;54230.28;740569.082;39826.25;62225.298;88444.887;445274.14;90871.279;686815.605;53753.477;Demais serviços;Administração, defesa, educação e saúde públicas e seguridade social;Indústrias de transformação;6;True;89.4;0.896282;262.56;269.16;4.406496;3.9;;89.4;0.896282;262.56;269.16;4.406496;3.9;;95.4;0.952447;266.67;263.52;5.503167;5.2;;;;;;;;;94.9;0.947942;240.9;223.72;6.629017;6.3;;94.9;0.947942;240.9;223.72;6.629017;6.3;;95.4;0.952447;266.67;263.52;5.503167;5.2;;;;;;;;;;;;;;;;;;;;;;;;;;;;;
3;Sudeste;35;SP;São Paulo;3511706;Charqueada;790607.333;50892.01;610774.696;39316.04;515122.578;29370.12;21621.043;174764.359;187873.344;74413.247;458671.993;56450.585;Demais serviços;Indústrias de transformação;Administração, defesa, educação e saúde públicas e seguridade social;7;True;90.1;0.902268;263.15;266.31;4.372118;3.9;;90.1;0.902268;263.15;266.31;4.372118;3.9;;97.8;0.978188;268.0;273.84;5.697333;5.6;;97.4;0.973921;267.7;278.88;5.776333;5.6;;99.1;0.991733;235.4;220.35;6.462783;6.4;;99.1;0.991733;235.4;220.35;6.462783;6.4;;98.1;0.981438;268.13;271.64;5.662833;5.6;;;;;;;;;;;;;;;;;;;;;;;;;;;;;
3;Sudeste;35;SP;São Paulo;3511904;Clementina;254107.308;36394.63;200097.975;28659.12;186410.592;20959.14;29694.728;23717.113;77579.417;42157.702;173148.96;13261.632;Demais serviços;Administração, defesa, educação e saúde públicas e seguridade social;Agricultura, inclusive apoio à agricultura e a pós colheita;6;True;98.8;0.989609;274.69;270.11;4.591083;4.5;;98.8;0.989609;274.69;270.11;4.591083;4.5;;99.3;0.992481;267.43;263.71;5.519;5.5;;99.3;0.992481;267.43;263.71;5.519;5.5;;100.0;1.0;240.5;228.75;6.712838;6.7;;100.0;1.0;240.5;228.75;6.712838;6.7;;;;;;;;;;;;;;;;;;;;;;;;;;;;;;;;;;;;
3;Sudeste;35;SP;São Paulo;3512001;Colina;2052576.439;111034.1;2117227.263;114525.19;1541673.004;82881.19;81769.326;459502.574;687096.536;112413.987;1340782.423;200890.58;Demais serviços;Indústrias de transformação;Comércio e reparação de veículos automotores e motocicletas;7;True;82.6;0.821148;256.61;266.27;4.279665;3.5;;86.0;0.858855;263.95;270.65;4.448324;3.8;;99.4;0.994478;238.24;245.01;4.720833;4.7;;;;;;;;;99.1;0.991597;231.04;217.72;6.331759;6.3;;99.1;0.991597;231.04;217.72;6.331759;6.3;;99.4;0.994478;238.24;245.01;4.720833;4.7;;;;;;;;;;;;;;;;99.0;0.989449;286.89;284.33;4.975305;4.9;;;;;;;;
3;Sudeste;35;SP;São Paulo;3512100;Colômbia;743433.098;112148.6;473152.796;71376.19;373218.645;59974.07;113624.842;80643.52;94802.617;53138.69;342209.67;31008.975;Agricultura, inclusive apoio à agricultura e a pós colheita;Demais serviços;Indústrias de transformação;6;True;96.0;0.955073;276.11;277.72;4.724949;4.5;;96.0;0.955073;276.11;277.72;4.724949;4.5;;100.0;1.0;290.0;280.9;6.181667;6.2;;;;;;;;;100.0;1.0;264.85;243.78;7.450806;7.5;;100.0;1.0;264.85;243.78;7.450806;7.5;;100.0;1.0;290.0;280.9;6.181667;6.2;;;;;;;;;;;;;;;;;;;;;;;;;;;;;
3;Sudeste;35;SP;São Paulo;3512209;Conchal;1093663.839;38919.04;978772.49;34825.56;859274.273;30159.5;46361.614;238864.193;349403.836;126418.659;761048.302;98225.971;Demais serviços;Indústrias de transformação;Administração, defesa, educação e saúde públicas e seguridade social;7;True;90.9;0.905409;281.15;287.22;4.937951;4.5;;90.9;0.905409;281.15;287.22;4.937951;4.5;;97.4;0.972523;274.59;273.28;5.797833;5.6;;97.4;0.973808;272.84;271.63;5.741167;5.6;;98.0;0.981315;235.15;218.51;6.424557;6.3;;98.0;0.981315;235.15;218.51;6.424557;6.3;;96.4;0.947307;310.45;306.98;6.957167;6.6;;;;;;;;;;;;;;;;;;;;;;;;;;;;;
3;Sudeste;35;SP;São Paulo;3512308;Conchas;551103.139;36180.62;471792.848;30973.8;432993.289;23872.16;86114.502;32691.414;188775.724;93455.353;401036.992;31956.298;Demais serviços;Administração, defesa, educação e saúde públicas e seguridade social;Pecuária, inclusive apoio à pecuária;4;True;;;;;;;;;;;;;;;94.4;0.941433;259.35;258.91;5.304333;5.0;;98.6;0.989158;257.61;262.87;5.341333;5.3;;99.9;0.998996;209.81;201.62;5.633879;5.6;;99.9;0.998996;209.81;201.62;5.633879;5.6;;;;;;;;;;;;;;;;;;;;;;;;;;;;;;;;;;;;
3;Sudeste;35;SP;São Paulo;3512407;Cordeirópolis;4167915.366;170021.84;4216369.402;171998.43;4107826.495;163554.17;60273.844;1298662.354;1915957.766;197078.759;3471972.723;635853.772;Indústrias de transformação;Comércio e reparação de veículos automotores e motocicletas;Demais serviços;6;True;91.5;0.913451;268.54;274.61;4.572072;4.2;;91.5;0.913451;268.54;274.61;4.572072;4.2;;98.9;0.988355;255.3;262.29;5.293167;5.2;;98.9;0.988355;255.3;262.29;5.293167;5.2;;100.0;1.0;239.98;224.42;6.624187;6.6;;100.0;1.0;239.98;224.42;6.624187;6.6;;;;;;;;;;;;;;;;;;;;;;;;;;;;;;;;;;;;
3;Sudeste;35;SP;São Paulo;3512506;Coroados;335404.552;62111.95;257147.869;47619.98;218777.214;35303.73;63907.789;37004.816;68661.543;30611.128;200185.276;18591.938;Agricultura, inclusive apoio à agricultura e a pós colheita;Demais serviços;Administração, defesa, educação e saúde públicas e seguridade social;6;True;90.2;0.904523;262.47;275.62;4.501939;4.1;;90.2;0.904523;262.47;275.62;4.501939;4.1;;98.3;0.979565;249.36;260.54;5.165;5.1;;98.3;0.979565;249.36;260.54;5.165;5.1;;100.0;1.0;249.63;229.09;6.893257;6.9;;100.0;1.0;249.63;229.09;6.893257;6.9;;;;;;;;;;;;;;;;;;;;;;;;;;;;;;;;;;;;
3;Sudeste;35;SP;São Paulo;3512605;Coronel Macedo;165849.194;38749.81;143742.07;33584.6;141157.631;30746.6;65678.684;10818.532;31399.016;28508.377;136404.608;4753.022;Agricultura, inclusive apoio à agricultura e a pós colheita;Demais serviços;Administração, defesa, educação e saúde públicas e seguridade social;6;True;95.6;0.949528;256.6;259.11;4.172339;4.0;;95.6;0.949528;256.6;259.11;4.172339;4.0;;100.0;1.0;264.46;263.32;5.463;5.5;;100.0;1.0;264.46;263.32;5.463;5.5;;100.0;1.0;238.73;225.07;6.612151;6.6;;100.0;1.0;238.73;225.07;6.612151;6.6;;;;;;;;;;;;;;;;;;;;;;;;;;;;;;;;;;;;
3;Sudeste;35;SP;São Paulo;3512704;Corumbataí;354603.601;84530.06;340219.852;81101.28;345025.593;84731.24;38854.123;19007.579;200435.336;31662.99;289960.028;55065.565;Comércio e reparação de veículos automotores e motocicletas;Demais serviços;Administração, defesa, educação e saúde públicas e seguridade social;4;True;99.2;0.99118;278.41;283.47;4.84333;4.8;;99.2;0.99118;278.41;283.47;4.84333;4.8;;;;;;;;;;;;;;;;97.6;0.977097;253.17;230.01;6.977541;6.8;;97.6;0.977097;253.17;230.01;6.977541;6.8;;;;;;;;;;;;;;;;;;;;;;;;;;;;;;;;;;;;
3;Sudeste;35;SP;São Paulo;3512803;Cosmópolis;2313364.052;38702.49;2059490.038;34455.19;2109639.73;28255.87;26685.294;652548.775;827086.144;332129.065;1838449.277;271190.453;Demais serviços;Indústrias de transformação;Administração, defesa, educação e saúde públicas e seguridade social;7;True;98.4;0.984645;282.74;293.13;5.048755;5.0;;98.4;0.984645;282.74;293.13;5.048755;5.0;;97.1;0.971035;266.5;274.56;5.684333;5.5;;98.6;0.985931;261.71;274.07;5.596333;5.5;;96.8;0.968595;245.06;229.86;6.820043;6.6;;96.8;0.968595;245.06;229.86;6.820043;6.6;;96.9;0.969297;267.18;274.63;5.696833;5.5;;;;;;;;;;;;;;;;;;;;;;;;;;;;;
3;Sudeste;35;SP;São Paulo;3512902;Cosmorama;878427.208;100748.62;622395.587;71383.83;506809.049;69530.67;86572.891;139844.676;145772.939;41587.71;413778.215;93030.834;Demais serviços;Indústrias de transformação;Agricultura, inclusive apoio à agricultura e a pós colheita;7;True;97.8;0.97833;251.08;258.67;4.088224;4.0;;97.8;0.97833;251.08;258.67;4.088224;4.0;;99.3;0.992066;253.85;257.94;5.1965;5.2;;98.0;0.983193;235.9;248.84;4.745667;4.7;;99.6;0.995165;245.68;220.58;6.663148;6.6;;99.6;0.995165;245.68;220.58;6.663148;6.6;;100.0;1.0;270.75;266.52;5.621167;5.6;;;;;;;;;;;;;;;;;;;;;;;;;;;;;
3;Sudeste;35;SP;São Paulo;3513009;Cotia;19060773.462;69460.17;17274219.489;63127.54;16114164.611;62486.58;31267.793;3684979.104;7573010.285;1172265.337;12461522.519;3652642.093;Demais serviços;Indústrias de transformação;Comércio e reparação de veículos automotores e motocicletas;8;True;91.7;0.916485;260.49;273.33;4.439848;4.1;;91.7;0.916485;260.49;273.33;4.439848;4.1;;96.1;0.960538;247.14;254.59;5.028833;4.8;;96.3;0.963255;246.81;254.68;5.024833;4.8;;97.8;0.977973;222.38;213.43;6.088491;6.0;;97.8;0.977973;222.67;213.78;6.100389;6.0;;94.9;0.945577;253.2;252.95;5.1025;4.8;;100.0;1.0;183.35;166.07;4.482553;4.5;;;;;;;;;;;;;;;;;;;;;;
3;Sudeste;35;SP;São Paulo;3513108;Cravinhos;2357353.267;70831.8;2054668.143;61736.97;1753136.873;48891.09;65544.974;463804.461;745529.014;165770.606;1440649.055;312487.819;Demais serviços;Indústrias de transformação;Administração, defesa, educação e saúde públicas e seguridade social;7;True;83.9;0.845092;266.73;275.01;4.552638;3.8;;83.9;0.845092;266.73;275.01;4.552638;3.8;;93.3;0.931383;249.08;257.57;5.110833;4.8;;93.2;0.927476;245.36;252.13;4.958167;4.6;;95.1;0.950341;212.47;201.16;5.676278;5.4;;95.1;0.950341;212.47;201.16;5.676278;5.4;;93.5;0.933955;256.63;268.61;5.420667;5.1;;;;;;;;;;;;;;;;;;;;;;;;;;;;;
3;Sudeste;35;SP;São Paulo;3513207;Cristais Paulista;449171.364;48443.85;431297.72;46516.15;346565.911;39369.07;154882.564;23523.988;107863.405;43540.115;329810.073;16755.838;Agricultura, inclusive apoio à agricultura e a pós colheita;Demais serviços;Administração, defesa, educação e saúde públicas e seguridade social;4;True;94.3;0.947422;265.03;259.55;4.297325;4.1;;94.3;0.947422;265.03;259.55;4.297325;4.1;;;;;;;;;;;;;;;;96.3;0.965464;238.78;212.87;6.391287;6.2;;96.3;0.965464;238.78;212.87;6.391287;6.2;;;;;;;;;;;;;;;;;;;;;;;;;;;;;;;;;;;;
3;Sudeste;35;SP;São Paulo;3513306;Cruzália;218198.594;103509.77;217897.838;103367.1;137663.972;68116.76;23109.825;5099.345;76365.574;17065.842;121640.586;16023.387;Comércio e reparação de veículos automotores e motocicletas;Demais serviços;Agricultura, inclusive apoio à agricultura e a pós colheita;6;True;100.0;1.0;298.63;281.27;5.094385;5.1;;100.0;1.0;298.63;281.27;5.094385;5.1;;100.0;1.0;252.12;251.69;5.0635;5.1;;100.0;1.0;252.12;251.69;5.0635;5.1;;100.0;1.0;254.41;252.29;7.406296;7.4;;100.0;1.0;254.41;252.29;7.406296;7.4;;;;;;;;;;;;;;;;;;;;;;;;;;;;;;;;;;;;
3;Sudeste;35;SP;São Paulo;3513405;Cruzeiro;4281961.617;57122.53;3815247.008;50896.43;3182372.784;38390.41;12249.688;964748.265;1342170.473;358803.137;2677971.563;504401.221;Demais serviços;Indústrias de transformação;Administração, defesa, educação e saúde públicas e seguridade social;7;True;92.3;0.923991;273.44;284.04;4.782059;4.4;;92.3;0.923991;273.44;284.04;4.782059;4.4;;96.6;0.965956;256.54;262.73;5.321167;5.1;;95.6;0.95566;254.69;261.12;5.2635;5.0;;99.2;0.991767;218.92;206.34;5.893552;5.8;;99.2;0.991767;218.92;206.34;5.893552;5.8;;97.3;0.972687;257.99;264.0;5.3665;5.2;;;;;;;;;;;;;;;;;;;;;;;;;;;;;
3;Sudeste;35;SP;São Paulo;3513504;Cubatão;27813387.639;247282.87;28715658.22;255316.11;21946471.662;165607.5;1326.057;12465419.7;5836351.934;796868.344;19099966.035;2846505.627;Indústrias de transformação;Demais serviços;Eletricidade e gás, água, esgoto, atividades de gestão de resíduos e descontaminação;8;True;92.2;0.927269;267.91;279.13;4.630888;4.3;;92.6;0.94573;277.19;287.7;4.889518;4.6;;93.8;0.938971;261.32;265.46;5.446333;5.1;;96.3;0.963443;263.44;267.12;5.509333;5.3;;96.6;0.965552;219.51;207.77;5.930811;5.7;;96.0;0.959807;217.95;206.31;5.874495;5.6;;92.4;0.925132;259.92;264.36;5.404667;5.0;;99.7;0.996793;225.69;213.57;6.154205;6.1;;;;;;;;;;;;;;;;;;;;;;
3;Sudeste;35;SP;São Paulo;3513603;Cunha;432940.522;19581.21;355775.518;16091.16;326362.259;15269.84;46491.364;15695.85;150424.248;98788.033;311399.495;14962.764;Demais serviços;Administração, defesa, educação e saúde públicas e seguridade social;Pecuária, inclusive apoio à pecuária;6;True;95.9;0.961315;274.41;279.17;4.722779;4.5;;95.9;0.961315;274.41;279.17;4.722779;4.5;;98.1;0.981643;254.97;250.72;5.094833;5.0;;98.1;0.981643;254.97;250.72;5.094833;5.0;;97.7;0.980562;241.94;228.87;6.742501;6.6;;97.7;0.980562;241.94;228.87;6.742501;6.6;;;;;;;;;;;;;;;;;;;;;;;;;;;;;;;;;;;;
3;Sudeste;35;SP;São Paulo;3513702;Descalvado;2584483.423;81385.67;2328295.883;73318.3;2081161.879;61036.51;154764.39;606766.077;817834.082;176024.596;1755389.145;325772.734;Demais serviços;Indústrias de transformação;Comércio e reparação de veículos automotores e motocicletas;6;True;92.7;0.926902;277.66;282.48;4.817976;4.5;;92.7;0.926902;277.66;282.48;4.817976;4.5;;95.5;0.953907;273.95;274.5;5.8075;5.5;;;;;;;;;98.8;0.988324;241.65;221.95;6.611149;6.5;;98.8;0.988324;241.65;221.95;6.611149;6.5;;95.5;0.953907;273.95;274.5;5.8075;5.5;;;;;;;;;;;;;;;;;;;;;;;;;;;;;
3;Sudeste;35;SP;São Paulo;3513801;Diadema;21229085.409;53985.47;20056680.188;51004.05;18484355.533;43031.91;1127.148;5202146.679;7914093.828;1829677.772;14947045.427;3537310.107;Demais serviços;Indústrias de transformação;Comércio e reparação de veículos automotores e motocicletas;7;True;96.7;0.967206;267.54;280.4;4.644703;4.5;;96.7;0.967206;267.54;280.4;4.644703;4.5;;98.4;0.983873;254.55;261.51;5.267667;5.2;;98.4;0.983873;254.55;261.51;5.267667;5.2;;99.8;0.997799;230.29;217.63;6.315809;6.3;;99.7;0.996997;230.98;218.01;6.335886;6.3;;;;;;;;;99.9;0.9986;229.61;217.25;6.295923;6.3;;;;;;;;;;;;;;;;;;;;;;
3;Sudeste;35;SP;São Paulo;3513850;Dirce Reis;99485.465;61410.78;81422.388;50260.73;69826.774;38685.19;9389.9;21193.812;18683.787;13520.937;62788.436;7038.338;Indústrias de transformação;Demais serviços;Administração, defesa, educação e saúde públicas e seguridade social;6;True;100.0;1.0;280.62;269.11;4.659399;4.7;;100.0;1.0;280.62;269.11;4.659399;4.7;;94.6;0.944405;270.23;269.72;5.665833;5.4;;94.6;0.944405;270.23;269.72;5.665833;5.4;;98.9;0.992374;257.89;228.02;7.031436;7.0;;;;;;;;;;;;;;;;98.3;0.987355;257.89;228.02;7.031436;6.9;;;;;;;;;;;;;;;;;;;;;;
3;Sudeste;35;SP;São Paulo;3513900;Divinolândia;528584.116;47372.66;418610.443;37516.62;491457.375;44568.55;164414.276;18570.639;232712.139;51368.66;467065.714;24391.661;Demais serviços;Agricultura, inclusive apoio à agricultura e a pós colheita;Administração, defesa, educação e saúde públicas e seguridade social;7;True;89.8;0.898586;287.47;290.81;5.080457;4.6;;89.8;0.898586;287.47;290.81;5.080457;4.6;;98.8;0.987925;268.74;259.8;5.475667;5.4;;95.2;0.949883;286.86;278.2;6.084333;5.8;;100.0;1.0;220.94;206.39;5.93301;5.9;;100.0;1.0;220.94;206.39;5.93301;5.9;;99.7;0.997481;260.21;251.15;5.189333;5.2;;;;;;;;;;;;;;;;;;;;;;;;;;;;;
3;Sudeste;35;SP;São Paulo;3514007;Dobrada;213754.857;24404.03;160515.772;18325.81;138926.575;15286.82;15060.78;20855.94;47907.212;42454.53;126278.463;12648.112;Demais serviços;Administração, defesa, educação e saúde públicas e seguridade social;Indústrias de transformação;6;True;93.0;0.927272;257.63;261.66;4.224979;3.9;;93.0;0.927272;257.63;261.66;4.224979;3.9;;97.7;0.977815;245.99;245.15;4.852333;4.7;;97.7;0.977815;245.99;245.15;4.852333;4.7;;99.8;0.998592;230.89;215.62;6.290714;6.3;;;;;;;;;;;;;;;;99.8;0.998241;230.89;215.62;6.290714;6.3;;;;;;;;;;;;;;;;;;;;;;
3;Sudeste;35;SP;São Paulo;3514106;Dois Córregos;1187096.718;48433.16;1007949.164;41124.0;835299.134;30150.85;111840.072;150386.967;343848.172;124245.704;730320.914;104978.22;Demais serviços;Indústrias de transformação;Administração, defesa, educação e saúde públicas e seguridade social;7;True;98.0;0.980646;248.34;249.71;3.915609;3.8;;98.0;0.980646;248.34;249.71;3.915609;3.8;;99.2;0.991952;257.63;257.74;5.256167;5.2;;98.5;0.984302;239.83;240.26;4.668167;4.6;;100.0;1.0;230.75;212.1;6.224042;6.2;;100.0;1.0;230.75;212.1;6.224042;6.2;;100.0;1.0;278.96;278.68;5.960667;6.0;;;;;;;;;;;;;;;;;;;;;;;;;;;;;
3;Sudeste;35;SP;São Paulo;3514205;Dolcinópolis;84390.137;38237.49;63005.03;28547.82;58946.794;27963.37;17233.571;2883.359;20071.677;16784.083;56972.689;1974.105;Demais serviços;Administração, defesa, educação e saúde públicas e seguridade social;Agricultura, inclusive apoio à agricultura e a pós colheita;6;True;93.6;0.935628;271.1;271.43;4.560422;4.3;;93.6;0.935628;271.1;271.43;4.560422;4.3;;96.3;0.965573;264.48;267.2;5.528;5.3;;96.3;0.965573;264.48;267.2;5.528;5.3;;98.7;0.986741;220.6;210.46;6.000522;5.9;;98.7;0.986741;220.6;210.46;6.000522;5.9;;;;;;;;;;;;;;;;;;;;;;;;;;;;;;;;;;;;
3;Sudeste;35;SP;São Paulo;3514304;Dourado;1178139.786;145521.22;856062.879;105738.99;802299.144;90318.49;28552.622;314882.638;231733.8;49515.301;624684.362;177614.783;Indústrias de transformação;Demais serviços;Administração, defesa, educação e saúde públicas e seguridade social;6;True;98.6;0.984479;274.34;279.32;4.724041;4.7;;98.6;0.984479;274.34;279.32;4.724041;4.7;;95.3;0.950715;243.2;252.48;4.928;4.7;;;;;;;;;99.3;0.993642;219.76;203.06;5.849946;5.8;;99.3;0.993642;219.76;203.06;5.849946;5.8;;95.3;0.950715;243.2;252.48;4.928;4.7;;;;;;;;;;;;;;;;;;;;;;;;;;;;;
3;Sudeste;35;SP;São Paulo;3514403;Dracena;1855223.877;40797.46;1626665.619;35771.33;1444977.941;30557.62;53745.88;200347.816;865879.916;194977.933;1314951.546;130026.396;Demais serviços;Comércio e reparação de veículos automotores e motocicletas;Administração, defesa, educação e saúde públicas e seguridade social;7;True;97.3;0.97266;281.26;280.75;4.842639;4.7;;97.3;0.97266;281.26;280.75;4.842639;4.7;;98.8;0.987429;268.1;265.89;5.5665;5.5;;98.7;0.986429;268.28;265.97;5.570833;5.5;;99.4;0.994187;251.21;233.97;7.012137;7.0;;99.4;0.994187;251.21;233.97;7.012137;7.0;;100.0;1.0;261.61;263.11;5.412;5.4;;;;;;;;;;;;;;;;;;;;;;;;;;;;;
3;Sudeste;35;SP;São Paulo;3514502;Duartina;435779.649;35348.77;324954.219;26359.04;252625.675;20338.59;16210.505;27923.342;130967.207;60937.279;236038.334;16587.341;Demais serviços;Administração, defesa, educação e saúde públicas e seguridade social;Comércio e reparação de veículos automotores e motocicletas;4;True;;;;;;;;;;;;;;;95.7;0.957982;241.94;247.62;4.826;4.6;;95.7;0.957982;241.94;247.62;4.826;4.6;;99.8;0.99839;275.84;244.87;7.680357;7.7;;99.8;0.99839;275.84;244.87;7.680357;7.7;;;;;;;;;;;;;;;;;;;;;;;;;;;;;;;;;;;;
3;Sudeste;35;SP;São Paulo;3514601;Dumont;414001.737;43712.57;421940.305;44550.77;342331.605;33647.69;29209.02;58643.683;154247.591;50164.566;292264.859;50066.745;Demais serviços;Comércio e reparação de veículos automotores e motocicletas;Administração, defesa, educação e saúde públicas e seguridade social;6;True;97.9;0.983606;269.33;281.39;4.684664;4.6;;97.9;0.983606;269.33;281.39;4.684664;4.6;;98.7;0.986693;265.89;264.44;5.5055;5.4;;;;;;;;;100.0;1.0;265.19;220.84;7.040203;7.0;;100.0;1.0;265.19;220.84;7.040203;7.0;;98.7;0.986693;265.89;264.44;5.5055;5.4;;;;;;;;;;;;;;;;;;;;;;;;;;;;;
3;Sudeste;35;SP;São Paulo;3514700;Echaporã;187402.902;30201.92;166591.695;26847.98;152431.541;25295.64;34664.062;7770.564;66839.921;32686.551;141961.097;10470.443;Demais serviços;Administração, defesa, educação e saúde públicas e seguridade social;Agricultura, inclusive apoio à agricultura e a pós colheita;6;True;97.1;0.965578;254.76;267.82;4.276886;4.1;;97.1;0.965578;254.76;267.82;4.276886;4.1;;98.0;0.978739;246.4;255.98;5.039667;4.9;;98.0;0.978739;246.4;255.98;5.039667;4.9;;100.0;1.0;282.62;238.66;7.696837;7.7;;100.0;1.0;282.62;238.66;7.696837;7.7;;;;;;;;;;;;;;;;;;;;;;;;;;;;;;;;;;;;
3;Sudeste;35;SP;São Paulo;3514809;Eldorado;423995.268;32442.82;309186.428;23658.0;329349.074;21122.95;146214.404;12950.934;86045.306;74408.078;319618.723;9730.352;Agricultura, inclusive apoio à agricultura e a pós colheita;Administração, defesa, educação e saúde públicas e seguridade social;Demais serviços;6;True;97.3;0.972476;262.76;272.39;4.457658;4.3;;97.3;0.972476;262.76;272.39;4.457658;4.3;;99.6;0.996496;255.44;251.86;5.121667;5.1;;99.6;0.996496;255.44;251.86;5.121667;5.1;;94.8;0.949412;239.29;216.43;6.465747;6.1;;94.8;0.949221;239.29;216.43;6.465747;6.1;;;;;;;;;;;;;;;;;;;;;;;;;;;;;;;;;;;;
3;Sudeste;35;SP;São Paulo;3514908;Elias Fausto;2159508.523;122013.02;1510915.948;85367.31;1004655.097;55521.14;101618.804;371413.346;300563.399;96498.853;870094.402;134560.695;Indústrias de transformação;Demais serviços;Administração, defesa, educação e saúde públicas e seguridade social;6;True;94.7;0.951263;260.86;270.34;4.400284;4.2;;94.7;0.951263;260.86;270.34;4.400284;4.2;;98.8;0.987684;275.73;264.78;5.675167;5.6;;;;;;;;;98.1;0.98047;244.23;222.47;6.66984;6.5;;98.1;0.98047;244.23;222.47;6.66984;6.5;;98.8;0.987684;275.73;264.78;5.675167;5.6;;;;;;;;;;;;;;;;;;;;;;;;;;;;;
3;Sudeste;35;SP;São Paulo;3514924;Elisiário;121970.552;38868.88;84550.107;26943.95;76050.806;20323.57;15319.978;2722.802;29479.387;24234.917;71757.084;4293.722;Demais serviços;Administração, defesa, educação e saúde públicas e seguridade social;Agricultura, inclusive apoio à agricultura e a pós colheita;6;True;100.0;1.0;261.46;265.08;4.329969;4.3;;100.0;1.0;261.46;265.08;4.329969;4.3;;100.0;1.0;273.97;278.3;5.871167;5.9;;;;;;;;;100.0;1.0;284.54;261.07;8.140933;8.1;;100.0;1.0;284.54;261.07;8.140933;8.1;;100.0;1.0;273.97;278.3;5.871167;5.9;;;;;;;;;;;;;;;;;;;;;;;;;;;;;
3;Sudeste;35;SP;São Paulo;3514957;Embaúba;93031.653;40048.06;66131.557;28468.17;57200.22;23385.21;11552.23;6253.928;19026.534;18326.03;55158.722;2041.498;Administração, defesa, educação e saúde públicas e seguridade social;Demais serviços;Agricultura, inclusive apoio à agricultura e a pós colheita;6;True;93.9;0.944425;283.64;306.45;5.260797;5.0;;93.9;0.944425;283.64;306.45;5.260797;5.0;;100.0;1.0;302.3;293.31;6.5935;6.6;;100.0;1.0;302.3;293.31;6.5935;6.6;;100.0;1.0;280.11;258.35;8.006936;8.0;;100.0;1.0;280.11;258.35;8.006936;8.0;;;;;;;;;;;;;;;;;;;;;;;;;;;;;;;;;;;;
3;Sudeste;35;SP;São Paulo;3515004;Embu das Artes;17290649.652;68971.96;16591731.265;66176.34;14314753.758;51258.86;397.817;1790455.934;8506889.409;1099631.667;11397374.827;2917378.931;Comércio e reparação de veículos automotores e motocicletas;Demais serviços;Indústrias de transformação;8;True;94.6;0.947354;260.75;274.27;4.457572;4.2;;94.6;0.947354;260.75;274.27;4.457572;4.2;;98.6;0.985725;249.28;256.12;5.09;5.0;;98.6;0.985719;248.86;255.11;5.066167;5.0;;99.9;0.9986;226.58;218.35;6.258099;6.2;;99.9;0.9988;226.36;219.21;6.269536;6.3;;98.4;0.983993;254.53;268.63;5.386;5.3;;99.8;0.998197;227.08;216.45;6.233095;6.2;;;;;;;;;;;;;;;;;;;;;;
3;Sudeste;35;SP;São Paulo;3515103;Embu-Guaçu;1742920.008;26025.38;1548217.577;23118.08;1456125.367;20683.01;2757.21;279476.507;590362.95;317595.864;1190192.531;265932.836;Demais serviços;Administração, defesa, educação e saúde públicas e seguridade social;Indústrias de transformação;8;True;97.3;0.973304;262.14;270.89;4.426495;4.3;;97.3;0.973304;262.14;270.89;4.426495;4.3;;99.2;0.99248;251.18;258.93;5.1685;5.1;;99.4;0.994489;252.23;259.46;5.194833;5.2;;99.7;0.997399;229.66;218.27;6.315423;6.3;;99.5;0.995597;219.81;208.36;5.947264;5.9;;97.2;0.969385;239.3;253.03;4.872167;4.7;;99.8;0.998199;234.02;222.65;6.478265;6.5;;;;;;;;;;;;;;;;;;;;;;
3;Sudeste;35;SP;São Paulo;3515129;Emilianópolis;97865.943;32470.45;78917.541;26183.66;79174.834;24451.77;25690.611;5697.494;22514.839;22579.865;76482.809;2692.026;Administração, defesa, educação e saúde públicas e seguridade social;Demais serviços;Agricultura, inclusive apoio à agricultura e a pós colheita;6;True;92.8;0.934927;266.48;266.84;4.426822;4.1;;92.8;0.934927;266.48;266.84;4.426822;4.1;;99.2;0.991541;308.53;287.87;6.606667;6.6;;;;;;;;;100.0;1.0;246.9;224.5;6.757703;6.8;;100.0;1.0;246.9;224.5;6.757703;6.8;;99.2;0.991541;308.53;287.87;6.606667;6.6;;;;;;;;;;;;;;;;;;;;;;;;;;;;;
3;Sudeste;35;SP;São Paulo;3515152;Engenheiro Coelho;814390.123;41622.72;754021.548;38537.34;661053.173;30446.44;48387.995;130542.389;301599.581;96102.587;576632.552;84420.621;Demais serviços;Indústrias de transformação;Administração, defesa, educação e saúde públicas e seguridade social;6;True;98.6;0.986189;264.34;269.03;4.42955;4.4;;98.6;0.986189;264.34;269.03;4.42955;4.4;;99.4;0.993974;255.89;259.45;5.255667;5.2;;99.4;0.993974;255.89;259.45;5.255667;5.2;;91.9;0.919884;229.27;209.19;6.142889;5.7;;91.9;0.919884;229.27;209.19;6.142889;5.7;;;;;;;;;;;;;;;;;;;;;;;;;;;;;;;;;;;;
3;Sudeste;35;SP;São Paulo;3515186;Espírito Santo do Pinhal;2715247.127;68194.87;2399383.433;60261.79;2065823.762;46311.65;174806.062;570660.663;907642.998;186864.551;1839974.274;225849.487;Demais serviços;Indústrias de transformação;Comércio e reparação de veículos automotores e motocicletas;7;True;91.6;0.917523;272.33;277.13;4.663026;4.3;;91.6;0.917523;272.33;277.13;4.663026;4.3;;94.9;0.948933;251.0;252.55;5.059167;4.8;;94.9;0.948933;251.0;252.55;5.059167;4.8;;99.1;0.991338;246.06;227.71;6.800036;6.7;;99.6;0.995966;254.89;236.82;7.134184;7.1;;;;;;;;;98.6;0.985594;237.37;218.75;6.471287;6.4;;;;;;;;;;;;;;;;;;;;;;
3;Sudeste;35;SP;São Paulo;3515194;Espírito Santo do Turvo;181809.326;43735.71;96443.326;23200.22;91772.493;18630.23;24141.225;4027.772;30170.034;28650.882;86989.913;4782.58;Administração, defesa, educação e saúde públicas e seguridade social;Demais serviços;Agricultura, inclusive apoio à agricultura e a pós colheita;6;True;100.0;1.0;258.46;264.93;4.285588;4.3;;100.0;1.0;258.46;264.93;4.285588;4.3;;99.1;0.99168;248.06;247.75;4.930167;4.9;;99.1;0.99168;248.06;247.75;4.930167;4.9;;100.0;1.0;243.66;224.65;6.698598;6.7;;100.0;1.0;243.66;224.65;6.698598;6.7;;;;;;;;;;;;;;;;;;;;;;;;;;;;;;;;;;;;
3;Sudeste;35;SP;São Paulo;3515202;Estrela d'Oeste;1317162.584;139870.72;1211779.79;128680.02;753257.368;89460.5;47013.073;322398.642;252573.626;40625.238;662610.579;90646.789;Indústrias de transformação;Demais serviços;Administração, defesa, educação e saúde públicas e seguridade social;6;True;98.1;0.980061;273.02;274.54;4.633945;4.5;;98.1;0.980061;273.02;274.54;4.633945;4.5;;98.3;0.982203;262.84;264.18;5.450333;5.4;;98.3;0.982203;262.84;264.18;5.450333;5.4;;96.0;0.959654;244.24;221.94;6.660394;6.4;;96.0;0.959654;244.24;221.94;6.660394;6.4;;;;;;;;;;;;;;;;;;;;;;;;;;;;;;;;;;;;
3;Sudeste;35;SP;São Paulo;3515301;Estrela do Norte;69691.794;25783.13;56385.027;20860.17;62446.432;22511.33;19267.693;2896.191;16302.326;20415.055;58881.266;3565.166;Administração, defesa, educação e saúde públicas e seguridade social;Agricultura, inclusive apoio à agricultura e a pós colheita;Demais serviços;6;True;96.4;0.967407;270.49;270.67;4.540477;4.4;;96.4;0.967407;270.49;270.67;4.540477;4.4;;100.0;1.0;262.16;251.91;5.2345;5.2;;100.0;1.0;262.16;251.91;5.2345;5.2;;98.9;0.988607;250.41;239.62;7.099597;7.0;;98.9;0.988607;250.41;239.62;7.099597;7.0;;;;;;;;;;;;;;;;;;;;;;;;;;;;;;;;;;;;
3;Sudeste;35;SP;São Paulo;3515350;Euclides da Cunha Paulista;162208.418;20470.52;134967.008;17032.69;136498.422;14708.88;35911.63;6392.352;42975.678;45991.363;131271.023;5227.399;Administração, defesa, educação e saúde públicas e seguridade social;Demais serviços;Agricultura, inclusive apoio à agricultura e a pós colheita;6;True;97.6;0.974146;261.08;254.63;4.168195;4.1;;97.6;0.974146;261.08;254.63;4.168195;4.1;;99.8;0.997735;266.99;263.45;5.507333;5.5;;99.8;0.997735;266.99;263.45;5.507333;5.5;;100.0;1.0;222.47;214.26;6.1053;6.1;;100.0;1.0;222.47;214.26;6.1053;6.1;;;;;;;;;;;;;;;;;;;;;;;;;;;;;;;;;;;;
3;Sudeste;35;SP;São Paulo;3515400;Fartura;566394.766;34036.1;482673.126;29005.06;473712.304;29419.47;97585.466;53953.657;214081.615;77777.763;443398.501;30313.803;Demais serviços;Administração, defesa, educação e saúde públicas e seguridade social;Agricultura, inclusive apoio à agricultura e a pós colheita;6;True;96.0;0.960832;289.73;290.87;5.113097;4.9;;96.0;0.960832;289.73;290.87;5.113097;4.9;;98.1;0.981662;279.36;275.99;5.9225;5.8;;98.1;0.981662;279.36;275.99;5.9225;5.8;;99.8;0.997984;262.56;242.28;7.379831;7.4;;99.8;0.997984;262.56;242.28;7.379831;7.4;;;;;;;;;;;;;;;;;;;;;;;;;;;;;;;;;;;;
3;Sudeste;35;SP;São Paulo;3515509;Fernandópolis;2790708.1;39203.05;2760929.076;38784.72;2468766.33;35430.06;83864.046;383335.299;1461339.829;321907.815;2250446.989;218319.342;Demais serviços;Administração, defesa, educação e saúde públicas e seguridade social;Comércio e reparação de veículos automotores e motocicletas;8;True;93.9;0.942851;283.07;287.82;4.973899;4.7;;93.9;0.942851;283.07;287.82;4.973899;4.7;;98.7;0.986902;274.76;275.09;5.830833;5.8;;99.0;0.989628;275.04;276.01;5.850833;5.8;;97.1;0.972569;237.21;218.63;6.466052;6.3;;97.1;0.97193;237.17;218.22;6.457834;6.3;;94.7;0.936844;267.02;249.93;5.2825;4.9;;100.0;1.0;238.53;229.67;6.69197;6.7;;;;;;;;;;;;;;;;;;;;;;
3;Sudeste;35;SP;São Paulo;3515608;Fernando Prestes;281661.783;47401.85;221148.882;37217.92;205593.634;35416.65;61991.458;25277.382;70717.318;33580.899;191567.057;14026.577;Agricultura, inclusive apoio à agricultura e a pós colheita;Demais serviços;Administração, defesa, educação e saúde públicas e seguridade social;6;True;96.4;0.955869;272.87;264.26;4.477946;4.3;;96.4;0.955869;272.87;264.26;4.477946;4.3;;98.9;0.988564;276.85;276.15;5.883333;5.8;;;;;;;;;100.0;1.0;292.5;259.61;8.266296;8.3;;100.0;1.0;292.5;259.61;8.266296;8.3;;98.9;0.988564;276.85;276.15;5.883333;5.8;;;;;;;;;;;;;;;;;;;;;;;;;;;;;
3;Sudeste;35;SP;São Paulo;3515657;Fernão;102634.371;61977.28;79802.95;48190.19;80954.108;46552.1;36213.35;3402.017;23174.42;14526.132;77315.919;3638.189;Agricultura, inclusive apoio à agricultura e a pós colheita;Demais serviços;Administração, defesa, educação e saúde públicas e seguridade social;6;True;100.0;1.0;282.82;288.39;4.978921;5.0;;100.0;1.0;282.82;288.39;4.978921;5.0;;100.0;1.0;264.95;265.05;5.5;5.5;;100.0;1.0;264.95;265.05;5.5;5.5;;100.0;1.0;250.44;229.49;6.915988;6.9;;100.0;1.0;250.44;229.49;6.915988;6.9;;;;;;;;;;;;;;;;;;;;;;;;;;;;;;;;;;;;
3;Sudeste;35;SP;São Paulo;3515707;Ferraz de Vasconcelos;5523980.573;30826.13;5179708.032;28903.81;4740673.305;23863.13;3345.067;1554618.945;1877666.314;721054.293;4156684.618;583988.687;Demais serviços;Indústrias de transformação;Administração, defesa, educação e saúde públicas e seguridade social;7;True;91.5;0.916083;265.39;278.83;4.591004;4.2;;91.5;0.916083;265.39;278.83;4.591004;4.2;;97.0;0.969835;250.45;257.18;5.127167;5.0;;96.5;0.965034;249.52;256.13;5.094167;4.9;;99.3;0.993365;225.39;213.4;6.145389;6.1;;99.3;0.993365;225.39;213.4;6.145389;6.1;;99.6;0.996244;255.71;263.04;5.3125;5.3;;;;;;;;;;;;;;;;;;;;;;;;;;;;;
3;Sudeste;35;SP;São Paulo;3515806;Flora Rica;65664.783;44159.24;47500.084;31943.57;42156.144;30176.19;16114.754;1695.894;10249.123;13061.735;41121.507;1034.637;Administração, defesa, educação e saúde públicas e seguridade social;Agricultura, inclusive apoio à agricultura e a pós colheita;Demais serviços;6;True;98.2;0.978442;266.07;269.95;4.46762;4.4;;98.2;0.978442;266.07;269.95;4.46762;4.4;;96.3;0.952331;266.6;267.4;5.566667;5.3;;;;;;;;;100.0;1.0;217.93;224.11;6.197749;6.2;;100.0;1.0;217.93;224.11;6.197749;6.2;;96.3;0.952331;266.6;267.4;5.566667;5.3;;;;;;;;;;;;;;;;;;;;;;;;;;;;;
3;Sudeste;35;SP;São Paulo;3515905;Floreal;131171.272;47995.34;82992.652;30366.87;81886.09;28393.24;29772.115;4783.238;24273.516;19889.238;78718.107;3167.984;Demais serviços;Administração, defesa, educação e saúde públicas e seguridade social;Agricultura, inclusive apoio à agricultura e a pós colheita;4;True;98.4;0.987705;292.48;284.22;5.05217;5.0;;98.4;0.987705;292.48;284.22;5.05217;5.0;;;;;;;;;;;;;;;;99.2;0.988931;321.07;291.97;9.399888;9.3;;99.2;0.988931;321.07;291.97;9.399888;9.3;;;;;;;;;;;;;;;;;;;;;;;;;;;;;;;;;;;;
3;Sudeste;35;SP;São Paulo;3516002;Flórida Paulista;361684.346;27912.05;289806.679;22365.08;264841.457;17731.75;53191.975;26834.159;103218.827;68907.19;252152.152;12689.306;Demais serviços;Administração, defesa, educação e saúde públicas e seguridade social;Agricultura, inclusive apoio à agricultura e a pós colheita;6;True;95.1;0.952697;246.27;248.69;3.871267;3.7;;95.1;0.952697;246.27;248.69;3.871267;3.7;;99.3;0.993234;255.32;257.24;5.209333;5.2;;99.3;0.993234;255.32;257.24;5.209333;5.2;;98.8;0.988056;224.03;211.47;6.084344;6.0;;98.8;0.988056;224.03;211.47;6.084344;6.0;;;;;;;;;;;;;;;;;;;;;;;;;;;;;;;;;;;;
3;Sudeste;35;SP;São Paulo;3516101;Florínea;216161.178;56131.18;196358.023;50988.84;171948.578;65354.84;35659.459;4959.845;89442.547;22458.78;152520.63;19427.948;Comércio e reparação de veículos automotores e motocicletas;Demais serviços;Agricultura, inclusive apoio à agricultura e a pós colheita;6;True;98.7;0.987004;260.08;278.2;4.506994;4.4;;98.7;0.987004;260.08;278.2;4.506994;4.4;;100.0;1.0;259.14;255.13;5.237833;5.2;;100.0;1.0;259.14;255.13;5.237833;5.2;;100.0;1.0;233.58;219.48;6.412232;6.4;;;;;;;;;;;;;;;;100.0;1.0;233.58;219.48;6.412232;6.4;;;;;;;;;;;;;;;;;;;;;;
3;Sudeste;35;SP;São Paulo;3516200;Franca;14375667.458;40777.87;13076032.508;37091.23;11276086.013;31450.1;159928.808;1608561.476;6913824.261;1438920.582;10121235.126;1154850.887;Demais serviços;Comércio e reparação de veículos automotores e motocicletas;Administração, defesa, educação e saúde públicas e seguridade social;7;True;92.3;0.92438;276.5;283.4;4.815456;4.5;;92.3;0.92438;276.5;283.4;4.815456;4.5;;97.7;0.976614;270.75;270.93;5.694667;5.6;;97.7;0.976614;270.75;270.93;5.694667;5.6;;99.1;0.99164;252.7;233.93;7.039845;7.0;;98.9;0.988027;251.84;232.82;7.003251;6.9;;;;;;;;;99.7;0.99724;253.91;235.5;7.091482;7.1;;;;;;;;;;;;;;;;;;;;;;
3;Sudeste;35;SP;São Paulo;3516309;Francisco Morato;2237469.166;13549.01;2039346.03;12349.27;1872466.812;10439.01;657.915;127499.056;988959.398;658442.041;1775558.41;96908.402;Demais serviços;Administração, defesa, educação e saúde públicas e seguridade social;Comércio e reparação de veículos automotores e motocicletas;7;True;94.7;0.947899;257.41;266.57;4.295392;4.1;;94.7;0.947899;257.41;266.57;4.295392;4.1;;97.5;0.974833;243.73;250.07;4.896667;4.8;;97.5;0.974833;243.73;250.07;4.896667;4.8;;99.7;0.997198;220.31;204.66;5.889533;5.9;;99.7;0.996997;220.65;204.82;5.898931;5.9;;;;;;;;;99.8;0.99778;211.59;200.78;5.652575;5.6;;;;;;;;;;;;;;;;;;;;;;
3;Sudeste;35;SP;São Paulo;3516408;Franco da Rocha;5438088.812;37543.16;5087143.092;35120.32;4297870.725;27126.51;4528.066;1336799.082;1871367.84;607769.478;3820464.465;477406.26;Demais serviços;Indústrias de transformação;Administração, defesa, educação e saúde públicas e seguridade social;7;True;96.5;0.965631;257.28;268.75;4.326201;4.2;;96.5;0.965631;257.28;268.75;4.326201;4.2;;98.4;0.983691;243.45;250.14;4.893167;4.8;;98.3;0.983443;243.45;250.14;4.893167;4.8;;100.0;0.9996;216.56;206.09;5.843968;5.8;;100.0;0.9994;217.45;207.51;5.886771;5.9;;;;;;;;;100.0;1.0;206.59;189.97;5.36061;5.4;;;;;;;;;;;;;;;;;;;;;;
3;Sudeste;35;SP;São Paulo;3516507;Gabriel Monteiro;123955.929;44862.8;109552.287;39649.76;93704.899;33755.37;28442.691;16276.463;26511.248;18157.761;89388.163;4316.736;Agricultura, inclusive apoio à agricultura e a pós colheita;Demais serviços;Administração, defesa, educação e saúde públicas e seguridade social;4;True;100.0;1.0;296.27;301.99;5.371418;5.4;;100.0;1.0;296.27;301.99;5.371418;5.4;;;;;;;;;;;;;;;;99.4;0.995106;268.69;238.93;7.435906;7.4;;99.4;0.995106;268.69;238.93;7.435906;7.4;;;;;;;;;;;;;;;;;;;;;;;;;;;;;;;;;;;;
3;Sudeste;35;SP;São Paulo;3516606;Gália;220849.14;34615.85;167524.334;26257.73;172719.377;26907.52;50283.365;11685.908;67199.592;33852.374;163021.239;9698.139;Demais serviços;Agricultura, inclusive apoio à agricultura e a pós colheita;Administração, defesa, educação e saúde públicas e seguridade social;6;True;100.0;1.0;256.41;272.14;4.36473;4.4;;100.0;1.0;256.41;272.14;4.36473;4.4;;99.6;0.995181;237.55;242.7;4.670833;4.6;;99.6;0.995181;237.55;242.7;4.670833;4.6;;100.0;1.0;221.28;209.73;6.000226;6.0;;100.0;1.0;221.28;209.73;6.000226;6.0;;;;;;;;;;;;;;;;;;;;;;;;;;;;;;;;;;;;
3;Sudeste;35;SP;São Paulo;3516705;Garça;1893765.629;44971.87;1657852.918;39369.58;1725227.785;38831.12;123187.009;217931.225;1045772.679;186022.885;1572913.798;152313.987;Demais serviços;Administração, defesa, educação e saúde públicas e seguridade social;Comércio e reparação de veículos automotores e motocicletas;6;True;90.2;0.902509;271.23;280.19;4.693385;4.2;;90.2;0.902509;271.23;280.19;4.693385;4.2;;98.8;0.987985;253.21;253.97;5.119667;5.1;;98.8;0.987985;253.21;253.97;5.119667;5.1;;99.7;0.997593;232.58;218.36;6.372784;6.4;;99.7;0.997593;232.58;218.36;6.372784;6.4;;;;;;;;;;;;;;;;;;;;;;;;;;;;;;;;;;;;
3;Sudeste;35;SP;São Paulo;3516804;Gastão Vidigal;101942.077;31347.5;83274.604;25607.2;85828.068;17476.7;21817.456;4534.497;31816.826;23337.259;81506.037;4322.031;Demais serviços;Administração, defesa, educação e saúde públicas e seguridade social;Agricultura, inclusive apoio à agricultura e a pós colheita;6;True;97.9;0.983115;257.3;244.94;3.970045;3.9;;97.9;0.983115;257.3;244.94;3.970045;3.9;;98.8;0.988621;255.53;251.43;5.116;5.1;;98.8;0.988621;255.53;251.43;5.116;5.1;;100.0;1.0;235.09;212.12;6.30723;6.3;;;;;;;;;;;;;;;;100.0;1.0;235.09;212.12;6.30723;6.3;;;;;;;;;;;;;;;;;;;;;;
3;Sudeste;35;SP;São Paulo;3516853;Gavião Peixoto;1735632.823;369126.5;1258362.596;267622.84;1184185.051;244615.79;47791.742;739454.245;197164.038;39175.792;1023585.817;160599.234;Indústrias de transformação;Demais serviços;Agricultura, inclusive apoio à agricultura e a pós colheita;6;True;100.0;1.0;257.29;258.41;4.171551;4.2;;100.0;1.0;257.29;258.41;4.171551;4.2;;97.9;0.978533;266.85;261.07;5.465333;5.3;;;;;;;;;100.0;1.0;250.92;222.54;6.798784;6.8;;100.0;1.0;250.92;222.54;6.798784;6.8;;97.9;0.978533;266.85;261.07;5.465333;5.3;;;;;;;;;;;;;;;;;;;;;;;;;;;;;
3;Sudeste;35;SP;São Paulo;3516903;General Salgado;348923.464;33836.64;298226.187;28920.31;275099.291;25343.09;55733.829;12628.317;135424.323;53622.205;257408.674;17690.617;Demais serviços;Administração, defesa, educação e saúde públicas e seguridade social;Agricultura, inclusive apoio à agricultura e a pós colheita;8;True;94.9;0.945395;302.54;295.67;5.364869;5.1;;94.9;0.945395;302.54;295.67;5.364869;5.1;;99.8;0.997735;264.65;259.22;5.397833;5.4;;100.0;1.0;280.73;251.06;5.529833;5.5;;99.1;0.989583;233.71;223.48;6.48744;6.4;;99.0;0.988494;234.19;225.96;6.541691;6.5;;99.8;0.997735;262.88;260.12;5.383333;5.4;;100.0;1.0;230.54;207.17;6.130398;6.1;;;;;;;;;;;;;;;;;;;;;;
3;Sudeste;35;SP;São Paulo;3517000;Getulina;272840.621;26665.42;220875.942;21586.78;215987.576;18806.06;74848.338;6035.606;73131.432;53761.451;207776.827;8210.749;Agricultura, inclusive apoio à agricultura e a pós colheita;Demais serviços;Administração, defesa, educação e saúde públicas e seguridade social;4;True;;;;;;;;;;;;;;;100.0;1.0;236.83;233.92;4.5125;4.5;;100.0;1.0;236.83;233.92;4.5125;4.5;;96.7;0.967447;208.36;189.63;5.388207;5.2;;96.7;0.967447;208.36;189.63;5.388207;5.2;;;;;;;;;;;;;;;;;;;;;;;;;;;;;;;;;;;;
3;Sudeste;35;SP;São Paulo;3517109;Glicério;188391.507;45527.19;138649.413;33506.38;125314.106;25880.65;32201.396;17461.264;39801.549;29046.354;118510.563;6803.543;Demais serviços;Administração, defesa, educação e saúde públicas e seguridade social;Agricultura, inclusive apoio à agricultura e a pós colheita;6;True;98.0;0.974939;252.85;271.71;4.308293;4.2;;98.0;0.974939;252.85;271.71;4.308293;4.2;;98.9;0.988104;233.26;247.89;4.685833;4.6;;98.9;0.988104;233.26;247.89;4.685833;4.6;;99.3;0.993538;259.12;225.98;7.017818;7.0;;99.3;0.993538;259.12;225.98;7.017818;7.0;;;;;;;;;;;;;;;;;;;;;;;;;;;;;;;;;;;;
3;Sudeste;35;SP;São Paulo;3517208;Guaiçara;310852.418;27658.37;259999.736;23133.71;232240.952;18704.97;28038.137;32268.427;83097.326;57415.861;200819.751;31421.201;Demais serviços;Administração, defesa, educação e saúde públicas e seguridade social;Agricultura, inclusive apoio à agricultura e a pós colheita;4;True;;;;;;;;;;;;;;;98.3;0.984061;264.69;260.69;5.423;5.3;;98.3;0.984061;264.69;260.69;5.423;5.3;;100.0;1.0;226.35;209.36;6.090255;6.1;;100.0;1.0;226.35;209.36;6.090255;6.1;;;;;;;;;;;;;;;;;;;;;;;;;;;;;;;;;;;;
3;Sudeste;35;SP;São Paulo;3517307;Guaimbê;593772.31;107723.57;462425.705;83894.36;442961.861;76293.81;26372.233;349668.16;33408.804;25930.348;435379.544;7582.317;Eletricidade e gás, água, esgoto, atividades de gestão de resíduos e descontaminação;Demais serviços;Administração, defesa, educação e saúde públicas e seguridade social;6;True;91.3;0.914993;256.51;266.0;4.274219;3.9;;91.3;0.914993;256.51;266.0;4.274219;3.9;;96.1;0.960412;242.82;249.86;4.878;4.7;;96.1;0.960412;242.82;249.86;4.878;4.7;;100.0;1.0;238.57;217.81;6.477097;6.5;;100.0;1.0;238.57;217.81;6.477097;6.5;;;;;;;;;;;;;;;;;;;;;;;;;;;;;;;;;;;;
3;Sudeste;35;SP;São Paulo;3517406;Guaíra;3233958.32;82333.01;2984915.035;76004.25;2704845.256;65519.59;262394.707;911598.262;1011424.379;223190.265;2408607.612;296237.644;Indústrias de transformação;Demais serviços;Agricultura, inclusive apoio à agricultura e a pós colheita;6;True;91.8;0.919706;264.27;265.33;4.373178;4.0;;91.8;0.919706;264.27;265.33;4.373178;4.0;;97.7;0.977196;256.81;256.15;5.216;5.1;;97.7;0.977196;256.81;256.15;5.216;5.1;;100.0;1.0;222.98;209.19;6.022851;6.0;;100.0;1.0;222.98;209.19;6.022851;6.0;;;;;;;;;;;;;;;;;;;;;;;;;;;;;;;;;;;;
3;Sudeste;35;SP;São Paulo;3517505;Guapiaçu;1134076.67;52235.12;942652.244;43418.19;896415.279;40585.65;68217.484;284893.638;343739.707;94570.406;791421.234;104994.045;Demais serviços;Indústrias de transformação;Administração, defesa, educação e saúde públicas e seguridade social;4;True;82.8;0.827757;264.79;267.21;4.408625;3.6;;82.8;0.827757;264.79;267.21;4.408625;3.6;;;;;;;;;;;;;;;;93.6;0.935724;236.58;213.82;6.366575;6.0;;93.6;0.935724;236.58;213.82;6.366575;6.0;;;;;;;;;;;;;;;;;;;;;;;;;;;;;;;;;;;;
3;Sudeste;35;SP;São Paulo;3517604;Guapiara;585182.465;34279.33;523933.915;30691.46;439111.528;25989.08;186970.175;50975.556;97990.356;86038.301;421974.389;17137.14;Agricultura, inclusive apoio à agricultura e a pós colheita;Administração, defesa, educação e saúde públicas e seguridade social;Demais serviços;7;True;99.2;0.991935;261.69;267.41;4.368079;4.3;;99.2;0.991935;261.69;267.41;4.368079;4.3;;99.2;0.991976;247.28;257.92;5.086667;5.0;;100.0;1.0;236.42;250.41;4.7805;4.8;;99.9;0.999197;224.14;216.76;6.182625;6.2;;99.9;0.999197;224.14;216.76;6.182625;6.2;;97.8;0.977509;258.73;265.83;5.409333;5.3;;;;;;;;;;;;;;;;;;;;;;;;;;;;;
3;Sudeste;35;SP;São Paulo;3517703;Guará;854714.843;45937.59;749059.96;40259.05;618205.494;28896.21;54094.026;101736.603;298764.004;114425.324;569019.957;49185.537;Demais serviços;Administração, defesa, educação e saúde públicas e seguridade social;Comércio e reparação de veículos automotores e motocicletas;6;True;91.8;0.923174;256.25;248.63;4.010537;3.7;;91.8;0.923174;256.25;248.63;4.010537;3.7;;94.2;0.940573;246.37;247.21;4.893;4.6;;;;;;;;;99.9;0.998996;222.62;214.33;6.109435;6.1;;99.9;0.998996;222.62;214.33;6.109435;6.1;;94.2;0.940573;246.37;247.21;4.893;4.6;;;;;;;;;;;;;;;;;;;;;;;;;;;;;
3;Sudeste;35;SP;São Paulo;3517802;Guaraçaí;374454.285;50323.11;280624.568;37713.29;326571.664;39546.1;151152.556;14884.404;99408.666;47542.011;312987.637;13584.027;Agricultura, inclusive apoio à agricultura e a pós colheita;Demais serviços;Administração, defesa, educação e saúde públicas e seguridade social;6;True;95.4;0.961853;279.81;287.97;4.930358;4.7;;95.4;0.961853;279.81;287.97;4.930358;4.7;;99.3;0.99371;265.86;266.63;5.5415;5.5;;99.3;0.99371;265.86;266.63;5.5415;5.5;;100.0;1.0;252.97;224.79;6.878815;6.9;;100.0;1.0;252.97;224.79;6.878815;6.9;;;;;;;;;;;;;;;;;;;;;;;;;;;;;;;;;;;;
3;Sudeste;35;SP;São Paulo;3517901;Guaraci;660485.534;63815.03;449531.446;43432.99;375452.79;32986.54;89255.008;74477.799;110723.041;62792.791;337248.638;38204.151;Demais serviços;Agricultura, inclusive apoio à agricultura e a pós colheita;Indústrias de transformação;6;True;97.7;0.976523;258.98;257.29;4.17852;4.1;;97.7;0.976523;258.98;257.29;4.17852;4.1;;97.7;0.977179;252.9;247.45;5.005833;4.9;;;;;;;;;99.8;0.99839;229.06;222.79;6.386154;6.4;;99.8;0.99839;229.06;222.79;6.386154;6.4;;97.7;0.977179;252.9;247.45;5.005833;4.9;;;;;;;;;;;;;;;;;;;;;;;;;;;;;
3;Sudeste;35;SP;São Paulo;3518008;Guarani d'Oeste;48665.285;24728.3;38174.899;19397.81;37039.506;18556.87;6343.309;2916.658;11395.893;14943.575;35599.435;1440.071;Administração, defesa, educação e saúde públicas e seguridade social;Demais serviços;Agricultura, inclusive apoio à agricultura e a pós colheita;4;True;;;;;;;;;;;;;;;100.0;1.0;268.39;236.19;5.076333;5.1;;100.0;1.0;268.39;236.19;5.076333;5.1;;98.2;0.975637;258.85;246.22;7.380666;7.2;;98.2;0.975637;258.85;246.22;7.380666;7.2;;;;;;;;;;;;;;;;;;;;;;;;;;;;;;;;;;;;
3;Sudeste;35;SP;São Paulo;3518107;Guarantã;312045.476;48552.28;212070.912;32996.87;196318.761;29367.05;64115.506;22445.503;60246.439;36297.544;183104.992;13213.769;Demais serviços;Agricultura, inclusive apoio à agricultura e a pós colheita;Administração, defesa, educação e saúde públicas e seguridade social;4;True;95.1;0.954472;250.17;263.73;4.151192;4.0;;95.1;0.954472;250.17;263.73;4.151192;4.0;;;;;;;;;;;;;;;;98.4;0.985618;216.96;199.65;5.734511;5.7;;98.4;0.985618;216.96;199.65;5.734511;5.7;;;;;;;;;;;;;;;;;;;;;;;;;;;;;;;;;;;;
3;Sudeste;35;SP;São Paulo;3518206;Guararapes;1718487.879;55358.31;1475719.643;47548.64;1199677.625;36072.94;234718.728;231377.231;483626.647;152933.001;1102655.606;97022.02;Demais serviços;Indústrias de transformação;Administração, defesa, educação e saúde públicas e seguridade social;6;True;96.8;0.966892;276.14;281.52;4.782256;4.6;;96.8;0.966892;276.14;281.52;4.782256;4.6;;99.8;0.998241;268.87;268.51;5.623;5.6;;99.8;0.998241;268.87;268.51;5.623;5.6;;98.4;0.985841;241.86;227.25;6.71152;6.6;;98.4;0.985841;241.86;227.25;6.71152;6.6;;;;;;;;;;;;;;;;;;;;;;;;;;;;;;;;;;;;
3;Sudeste;35;SP;São Paulo;3518305;Guararema;2034662.745;65138.39;1650452.409;52838.15;1546741.266;50771.09;50979.23;370827.15;751161.711;149825.75;1322793.841;223947.425;Demais serviços;Indústrias de transformação;Comércio e reparação de veículos automotores e motocicletas;6;True;94.8;0.950992;260.99;263.83;4.304655;4.1;;94.8;0.950992;260.99;263.83;4.304655;4.1;;98.6;0.985941;253.93;258.99;5.215333;5.1;;98.6;0.985941;253.93;258.99;5.215333;5.1;;100.0;1.0;267.64;243.29;7.495141;7.5;;100.0;1.0;267.64;243.29;7.495141;7.5;;;;;;;;;;;;;;;;;;;;;;;;;;;;;;;;;;;;
3;Sudeste;35;SP;São Paulo;3518404;Guaratinguetá;8369820.871;70904.25;8343080.551;70677.72;7877882.192;63948.0;49627.11;2657654.269;3075538.379;538107.546;6320927.304;1556954.888;Demais serviços;Indústrias de transformação;Comércio e reparação de veículos automotores e motocicletas;7;True;92.4;0.927984;289.36;294.25;5.158499;4.8;;92.4;0.927984;289.36;294.25;5.158499;4.8;;95.7;0.957434;266.07;268.83;5.581667;5.3;;94.5;0.945348;266.73;268.7;5.5905;5.3;;99.2;0.992189;234.85;220.49;6.454832;6.4;;99.2;0.992189;234.85;220.49;6.454832;6.4;;96.9;0.967896;265.33;268.98;5.571833;5.4;;;;;;;;;;;;;;;;;;;;;;;;;;;;;
3;Sudeste;35;SP;São Paulo;3518503;Guareí;386201.34;25724.46;331671.389;22092.28;313680.631;16300.18;74506.453;52384.565;83287.362;82014.273;292192.653;21487.978;Administração, defesa, educação e saúde públicas e seguridade social;Demais serviços;Indústrias de transformação;6;True;93.9;0.939801;260.64;270.48;4.39929;4.1;;93.9;0.939801;260.64;270.48;4.39929;4.1;;96.7;0.964474;272.8;266.03;5.647167;5.4;;96.7;0.964474;272.8;266.03;5.647167;5.4;;96.3;0.963931;234.77;222.54;6.490578;6.3;;96.3;0.963931;234.77;222.54;6.490578;6.3;;;;;;;;;;;;;;;;;;;;;;;;;;;;;;;;;;;;
3;Sudeste;35;SP;São Paulo;3518602;Guariba;1517993.918;40482.0;1312651.537;35005.91;1135133.627;27783.09;68503.907;250885.216;512977.842;185248.069;1017615.034;117518.593;Demais serviços;Administração, defesa, educação e saúde públicas e seguridade social;Indústrias de transformação;6;True;93.0;0.933312;265.13;266.19;4.39813;4.1;;93.0;0.933312;265.13;266.19;4.39813;4.1;;98.0;0.980486;277.25;270.1;5.789167;5.7;;;;;;;;;99.7;0.997196;244.8;227.87;6.778899;6.8;;99.7;0.997196;244.8;227.87;6.778899;6.8;;98.0;0.980486;277.25;270.1;5.789167;5.7;;;;;;;;;;;;;;;;;;;;;;;;;;;;;
3;Sudeste;35;SP;São Paulo;3518701;Guarujá;11536359.008;40107.77;11474578.482;39892.98;10494252.383;32292.29;50432.474;1150370.014;5976188.25;1737251.69;8914242.428;1580009.955;Demais serviços;Administração, defesa, educação e saúde públicas e seguridade social;Comércio e reparação de veículos automotores e motocicletas;8;True;90.8;0.908247;259.29;268.61;4.352335;4.0;;90.8;0.908247;259.29;268.61;4.352335;4.0;;96.7;0.966902;249.87;255.48;5.089167;4.9;;97.4;0.973936;249.21;252.81;5.033667;4.9;;98.5;0.985162;217.23;206.96;5.872573;5.8;;98.4;0.984137;221.18;211.01;6.021591;5.9;;96.1;0.960087;250.63;258.58;5.1535;4.9;;98.8;0.987593;209.13;198.63;5.566538;5.5;;;;;;;;;;;;;;;;;;;;;;
3;Sudeste;35;SP;São Paulo;3518800;Guarulhos;97557673.612;75522.42;86373709.547;66863.89;77376425.117;55084.19;57763.458;17040799.785;40037133.405;5882058.391;63017755.038;14358670.079;Demais serviços;Indústrias de transformação;Comércio e reparação de veículos automotores e motocicletas;7;True;92.3;0.923038;260.53;271.99;4.42035;4.1;;92.4;0.941417;261.48;272.77;4.445369;4.2;;97.4;0.973632;249.48;256.02;5.091667;5.0;;97.4;0.973632;249.48;256.02;5.091667;5.0;;99.6;0.995596;219.84;210.74;5.991109;6.0;;99.6;0.995588;214.45;207.23;5.824428;5.8;;;;;;;;;99.5;0.995193;230.98;218.0;6.335704;6.3;;;;;;;;;;;;;;;;;;;;;;
3;Sudeste;35;SP;São Paulo;3518859;Guatapará;353798.145;48333.08;227821.973;31123.22;245363.012;31618.94;87618.689;13970.958;74247.527;51313.309;227150.484;18212.529;Demais serviços;Agricultura, inclusive apoio à agricultura e a pós colheita;Administração, defesa, educação e saúde públicas e seguridade social;6;True;88.3;0.88502;265.17;264.09;4.367255;3.9;;88.3;0.88502;265.17;264.09;4.367255;3.9;;94.4;0.942616;250.3;245.78;4.934667;4.7;;;;;;;;;97.8;0.978805;223.93;214.59;6.139162;6.0;;97.8;0.978805;223.93;214.59;6.139162;6.0;;94.4;0.942616;250.3;245.78;4.934667;4.7;;;;;;;;;;;;;;;;;;;;;;;;;;;;;
3;Sudeste;35;SP;São Paulo;3518909;Guzolândia;120155.836;28298.6;97181.258;22887.72;93585.019;17505.62;23193.226;5722.325;31713.387;29312.786;89941.724;3643.295;Administração, defesa, educação e saúde públicas e seguridade social;Demais serviços;Agricultura, inclusive apoio à agricultura e a pós colheita;6;True;100.0;1.0;275.81;262.03;4.485855;4.5;;100.0;1.0;275.81;262.03;4.485855;4.5;;100.0;1.0;281.96;263.87;5.763833;5.8;;100.0;1.0;281.96;263.87;5.763833;5.8;;99.2;0.992514;250.94;233.9;7.005711;7.0;;99.2;0.992514;250.94;233.9;7.005711;7.0;;;;;;;;;;;;;;;;;;;;;;;;;;;;;;;;;;;;
3;Sudeste;35;SP;São Paulo;3519006;Herculândia;552689.427;60568.7;420580.355;46091.0;355955.455;36890.4;87683.163;73605.696;118033.875;46025.59;325348.324;30607.131;Demais serviços;Agricultura, inclusive apoio à agricultura e a pós colheita;Indústrias de transformação;6;True;75.1;0.743632;258.84;250.84;4.079997;3.0;;75.1;0.743632;258.84;250.84;4.079997;3.0;;93.0;0.926235;254.76;246.75;5.025167;4.7;;93.0;0.926235;254.76;246.75;5.025167;4.7;;100.0;1.0;210.94;200.44;5.633989;5.6;;100.0;1.0;210.94;200.44;5.633989;5.6;;;;;;;;;;;;;;;;;;;;;;;;;;;;;;;;;;;;
3;Sudeste;35;SP;São Paulo;3519055;Holambra;1806633.11;119692.14;1518913.052;100463.86;1463401.405;93777.73;509243.385;228721.833;498745.64;83856.88;1320567.738;142833.667;Agricultura, inclusive apoio à agricultura e a pós colheita;Demais serviços;Indústrias de transformação;4;True;87.4;0.871591;270.71;268.27;4.507639;3.9;;87.4;0.871591;270.71;268.27;4.507639;3.9;;;;;;;;;;;;;;;;100.0;1.0;255.03;231.91;7.047583;7.0;;100.0;1.0;255.03;231.91;7.047583;7.0;;;;;;;;;;;;;;;;;;;;;;;;;;;;;;;;;;;;
3;Sudeste;35;SP;São Paulo;3519071;Hortolândia;22163924.356;93660.54;21420797.259;90520.23;18377821.724;77357.5;1574.644;5178931.114;8314851.018;1088111.935;14583468.711;3794353.013;Demais serviços;Indústrias de transformação;Comércio e reparação de veículos automotores e motocicletas;9;True;95.3;0.954061;271.11;281.63;4.713257;4.5;;95.2;0.953394;274.02;283.83;4.787062;4.6;;98.4;0.983937;257.99;263.25;5.354;5.3;;98.4;0.983937;257.79;263.13;5.348667;5.3;;99.1;0.990879;232.74;223.78;6.474383;6.4;;99.1;0.990879;232.85;224.03;6.481028;6.4;;100.0;1.0;284.46;279.12;6.059667;6.1;;99.0;0.989899;226.07;209.83;6.093457;6.0;;92.9;0.932921;336.19;330.94;6.365476;5.9;;;;;;;;;;;;;;;
3;Sudeste;35;SP;São Paulo;3519105;Iacanga;687530.477;65874.34;843177.424;80787.34;658009.942;54825.02;73945.092;48278.72;379964.829;63165.056;565353.697;92656.245;Comércio e reparação de veículos automotores e motocicletas;Demais serviços;Agricultura, inclusive apoio à agricultura e a pós colheita;4;True;;;;;;;;;;;;;;;100.0;1.0;277.4;272.98;5.839667;5.8;;;;;;;;;99.8;0.998187;261.44;239.5;7.307911;7.3;;99.8;0.998187;261.44;239.5;7.307911;7.3;;100.0;1.0;277.4;272.98;5.839667;5.8;;;;;;;;;;;;;;;;;;;;;;;;;;;;;
3;Sudeste;35;SP;São Paulo;3519204;Iacri;372133.574;60697.04;288024.604;46978.41;316795.432;50533.65;99988.374;27681.229;127935.424;30834.88;286439.907;30355.525;Demais serviços;Comércio e reparação de veículos automotores e motocicletas;Pecuária, inclusive apoio à pecuária;6;True;89.5;0.902314;262.96;260.84;4.287563;3.9;;89.5;0.902314;262.96;260.84;4.287563;3.9;;96.8;0.965963;257.1;259.67;5.2795;5.1;;96.8;0.965963;257.1;259.67;5.2795;5.1;;99.7;0.996964;227.82;210.73;6.143217;6.1;;;;;;;;;;;;;;;;99.6;0.996207;227.82;210.73;6.143217;6.1;;;;;;;;;;;;;;;;;;;;;;
3;Sudeste;35;SP;São Paulo;3519253;Iaras;326006.583;40699.95;185127.609;23112.06;168922.26;17261.62;42584.054;10675.133;56934.427;46904.99;157098.603;11823.657;Administração, defesa, educação e saúde públicas e seguridade social;Demais serviços;Agricultura, inclusive apoio à agricultura e a pós colheita;4;True;96.6;0.961883;275.3;260.36;4.453692;4.3;;96.6;0.961883;275.3;260.36;4.453692;4.3;;;;;;;;;;;;;;;;99.3;0.993168;214.76;205.44;5.797799;5.8;;99.3;0.993168;214.76;205.44;5.797799;5.8;;;;;;;;;;;;;;;;;;;;;;;;;;;;;;;;;;;;
3;Sudeste;35;SP;São Paulo;3519303;Ibaté;1516837.474;47138.96;1231162.979;38261.02;1159253.485;32354.27;50894.146;407365.102;422490.184;155997.629;1036747.062;122506.423;Demais serviços;Indústrias de transformação;Administração, defesa, educação e saúde públicas e seguridade social;6;True;96.1;0.962512;268.3;277.75;4.615707;4.4;;96.1;0.962512;268.3;277.75;4.615707;4.4;;98.7;0.986714;265.22;269.09;5.571833;5.5;;98.7;0.986714;265.22;269.09;5.571833;5.5;;99.0;0.990516;237.04;222.76;6.537899;6.5;;99.0;0.990516;237.04;222.76;6.537899;6.5;;;;;;;;;;;;;;;;;;;;;;;;;;;;;;;;;;;;
3;Sudeste;35;SP;São Paulo;3519402;Ibirá;418177.801;35772.27;342388.77;29289.03;318126.274;25170.21;48698.129;62072.376;126892.359;61802.299;299465.164;18661.11;Demais serviços;Administração, defesa, educação e saúde públicas e seguridade social;Agricultura, inclusive apoio à agricultura e a pós colheita;6;True;80.1;0.803175;253.27;262.67;4.178863;3.4;;80.1;0.803175;253.27;262.67;4.178863;3.4;;99.4;0.993956;270.04;269.09;5.652167;5.6;;;;;;;;;100.0;1.0;260.62;238.44;7.27299;7.3;;100.0;1.0;260.62;238.44;7.27299;7.3;;99.4;0.993956;270.04;269.09;5.652167;5.6;;;;;;;;;;;;;;;;;;;;;;;;;;;;;
3;Sudeste;35;SP;São Paulo;3519501;Ibirarema;331386.983;51900.86;281211.365;44042.5;244614.399;30862.28;40776.07;28914.675;109952.565;36499.159;216142.469;28471.93;Demais serviços;Agricultura, inclusive apoio à agricultura e a pós colheita;Comércio e reparação de veículos automotores e motocicletas;6;True;89.4;0.891791;268.93;267.43;4.470064;4.0;;89.4;0.891791;268.93;267.43;4.470064;4.0;;98.8;0.988347;248.37;249.3;4.961167;4.9;;98.8;0.988347;248.37;249.3;4.961167;4.9;;99.5;0.995571;234.85;219.84;6.443014;6.4;;99.5;0.995571;234.85;219.84;6.443014;6.4;;;;;;;;;;;;;;;;;;;;;;;;;;;;;;;;;;;;
3;Sudeste;35;SP;São Paulo;3519600;Ibitinga;2528835.327;42124.09;1961941.372;32678.87;1965222.526;32137.74;103103.807;407690.466;994118.846;262815.579;1767728.698;197493.828;Demais serviços;Indústrias de transformação;Administração, defesa, educação e saúde públicas e seguridade social;7;True;99.2;0.992275;284.68;292.28;5.063278;5.0;;99.2;0.992275;284.68;292.28;5.063278;5.0;;99.7;0.996498;267.05;267.9;5.5825;5.6;;99.7;0.996498;267.05;267.9;5.5825;5.6;;99.0;0.990428;235.21;217.4;6.40552;6.3;;98.9;0.989186;228.6;210.64;6.156466;6.1;;;;;;;;;100.0;1.0;243.9;226.27;6.732633;6.7;;;;;;;;;;;;;;;;;;;;;;
3;Sudeste;35;SP;São Paulo;3519709;Ibiúna;3023500.924;39990.75;2676376.83;35705.5;2370585.551;29609.37;457846.327;391626.046;904426.913;376554.739;2130454.025;240131.526;Demais serviços;Agricultura, inclusive apoio à agricultura e a pós colheita;Administração, defesa, educação e saúde públicas e seguridade social;6;True;92.5;0.929905;269.81;275.28;4.599939;4.3;;92.5;0.929905;269.81;275.28;4.599939;4.3;;98.0;0.979573;249.96;254.51;5.0745;5.0;;98.0;0.979573;249.96;254.51;5.0745;5.0;;97.2;0.972454;214.2;205.15;5.781839;5.6;;97.2;0.972454;214.2;205.15;5.781839;5.6;;;;;;;;;;;;;;;;;;;;;;;;;;;;;;;;;;;;
3;Sudeste;35;SP;São Paulo;3519808;Icém;263931.834;33755.19;236126.176;30199.02;209289.094;25025.6;30442.17;46755.084;74123.631;50868.999;202189.884;7099.21;Demais serviços;Administração, defesa, educação e saúde públicas e seguridade social;Indústrias extrativas;6;True;98.3;0.984182;263.21;260.55;4.286733;4.2;;98.3;0.984182;263.21;260.55;4.286733;4.2;;97.4;0.973128;251.1;256.04;5.119;5.0;;;;;;;;;100.0;1.0;217.18;203.24;5.803982;5.8;;100.0;1.0;217.18;203.24;5.803982;5.8;;97.4;0.973128;251.1;256.04;5.119;5.0;;;;;;;;;;;;;;;;;;;;;;;;;;;;;
3;Sudeste;35;SP;São Paulo;3519907;Iepê;503731.726;66115.2;476847.14;62586.58;434355.825;52789.96;83572.809;13880.299;222617.793;52061.781;372132.683;62223.143;Comércio e reparação de veículos automotores e motocicletas;Demais serviços;Agricultura, inclusive apoio à agricultura e a pós colheita;6;True;98.2;0.982727;268.37;273.6;4.554564;4.5;;98.2;0.982727;268.37;273.6;4.554564;4.5;;99.0;0.990626;257.72;269.41;5.452167;5.4;;99.0;0.990626;257.72;269.41;5.452167;5.4;;99.3;0.992917;229.27;215.23;6.252707;6.2;;99.3;0.992917;229.27;215.23;6.252707;6.2;;;;;;;;;;;;;;;;;;;;;;;;;;;;;;;;;;;;
3;Sudeste;35;SP;São Paulo;3520004;Igaraçu do Tietê;477976.018;20686.23;416079.055;18007.4;381184.503;15357.34;15879.572;23366.218;202869.944;104422.547;346538.281;34646.222;Demais serviços;Administração, defesa, educação e saúde públicas e seguridade social;Comércio e reparação de veículos automotores e motocicletas;6;True;93.8;0.937238;258.32;270.49;4.366856;4.1;;93.8;0.937238;258.32;270.49;4.366856;4.1;;94.4;0.939792;240.37;251.73;4.868333;4.6;;94.4;0.939792;240.37;251.73;4.868333;4.6;;99.7;0.996984;236.97;221.36;6.511108;6.5;;99.7;0.996984;236.97;221.36;6.511108;6.5;;;;;;;;;;;;;;;;;;;;;;;;;;;;;;;;;;;;
3;Sudeste;35;SP;São Paulo;3520103;Igarapava;1422122.446;54254.63;1592921.307;60770.69;1299637.242;42208.35;58077.579;163275.34;780396.081;129816.965;1131565.966;168071.276;Demais serviços;Comércio e reparação de veículos automotores e motocicletas;Administração, defesa, educação e saúde públicas e seguridade social;5;True;97.3;0.974134;271.12;277.2;4.64708;4.5;;96.2;0.96276;270.18;275.98;4.615614;4.4;;;;;;;;;;;;;;;;98.3;0.984597;210.33;201.79;5.646893;5.6;;98.3;0.984597;210.33;201.79;5.646893;5.6;;;;;;;;;;;;;;;;;;;;;;;88.8;0.887773;264.35;268.4;4.420259;3.9;;;;;;;;
3;Sudeste;35;SP;São Paulo;3520202;Igaratá;353163.257;33301.58;310646.883;29292.49;240165.471;24936.71;2694.457;24559.35;128599.513;55878.919;211732.239;28433.232;Demais serviços;Administração, defesa, educação e saúde públicas e seguridade social;Comércio e reparação de veículos automotores e motocicletas;5;True;;;;;;;;;;;;;;;98.3;0.982685;260.8;265.6;5.44;5.3;;99.2;0.990918;248.31;255.4;5.061833;5.0;;96.4;0.965212;247.66;228.62;6.847116;6.6;;96.4;0.965212;247.66;228.62;6.847116;6.6;;97.8;0.978056;270.32;273.38;5.728333;5.6;;;;;;;;;;;;;;;;;;;;;;;;;;;;;
3;Sudeste;35;SP;São Paulo;3520301;Iguape;1896850.188;65150.27;2376543.246;81626.08;1588620.44;51053.14;102580.484;800549.085;497572.56;158330.72;1559032.85;29587.59;Indústrias extrativas;Demais serviços;Administração, defesa, educação e saúde públicas e seguridade social;7;True;97.4;0.973986;274.15;285.91;4.820025;4.7;;97.4;0.973986;274.15;285.91;4.820025;4.7;;99.5;0.995493;254.76;261.06;5.263667;5.2;;99.5;0.995493;254.76;261.06;5.263667;5.2;;99.6;0.995793;233.7;217.49;6.37834;6.4;;99.9;0.998798;232.45;216.81;6.342121;6.3;;;;;;;;;95.4;0.957419;255.11;229.01;6.996382;6.7;;;;;;;;;;;;;;;;;;;;;;
3;Sudeste;35;SP;São Paulo;3520400;Ilhabela;14830714.927;424535.26;24913501.36;713159.14;13956618.262;385605.85;4355.183;9689118.052;3816794.074;311820.102;13822087.41;134530.851;Indústrias extrativas;Demais serviços;Administração, defesa, educação e saúde públicas e seguridade social;6;True;95.7;0.957619;264.09;273.28;4.489661;4.3;;95.7;0.957619;264.09;273.28;4.489661;4.3;;96.3;0.964131;262.23;265.94;5.4695;5.3;;;;;;;;;99.1;0.991286;226.57;212.99;6.160453;6.1;;99.1;0.991286;226.57;212.99;6.160453;6.1;;96.3;0.964131;262.23;265.94;5.4695;5.3;;;;;;;;;;;;;;;;;;;;;;;;;;;;;
3;Sudeste;35;SP;São Paulo;3520426;Ilha Comprida;2802536.357;208848.38;2303081.816;171628.42;1363561.107;118036.8;5569.439;847859.843;397962.489;96872.878;1348264.649;15296.458;Indústrias extrativas;Demais serviços;Administração, defesa, educação e saúde públicas e seguridade social;6;True;96.8;0.97052;270.93;287.87;4.804142;4.7;;96.8;0.97052;270.93;287.87;4.804142;4.7;;97.3;0.972844;275.34;278.92;5.904333;5.7;;;;;;;;;100.0;1.0;230.17;220.83;6.371701;6.4;;100.0;1.0;230.17;220.83;6.371701;6.4;;97.3;0.972844;275.34;278.92;5.904333;5.7;;;;;;;;;;;;;;;;;;;;;;;;;;;;;
3;Sudeste;35;SP;São Paulo;3520442;Ilha Solteira;917731.981;35920.47;768553.363;30081.54;706074.949;26261.81;73083.216;39867.795;408260.417;142701.463;663912.892;42162.057;Demais serviços;Administração, defesa, educação e saúde públicas e seguridade social;Comércio e reparação de veículos automotores e motocicletas;7;True;96.4;0.965233;290.37;296.82;5.211158;5.0;;96.6;0.967803;294.92;302.05;5.353356;5.2;;98.5;0.985459;272.93;272.67;5.76;5.7;;98.5;0.985459;272.93;272.67;5.76;5.7;;96.8;0.966596;239.74;229.95;6.720153;6.5;;96.8;0.966596;239.74;229.95;6.720153;6.5;;;;;;;;;;;;;;;;97.3;0.976622;319.33;330.11;6.116253;6.0;;;;;;;;;;;;;;;
3;Sudeste;35;SP;São Paulo;3520509;Indaiatuba;28264863.052;110518.41;26940477.52;105343.64;22817116.886;87525.86;46618.663;6772161.333;9716238.747;1241521.091;17776539.834;5040577.052;Demais serviços;Indústrias de transformação;Comércio e reparação de veículos automotores e motocicletas;6;True;96.2;0.960686;273.1;282.82;4.759021;4.6;;96.2;0.960686;273.1;282.82;4.759021;4.6;;98.5;0.984948;269.28;272.52;5.696667;5.6;;98.5;0.984948;269.28;272.52;5.696667;5.6;;97.3;0.974176;264.62;246.27;7.491689;7.3;;97.3;0.974176;264.62;246.27;7.491689;7.3;;;;;;;;;;;;;;;;;;;;;;;;;;;;;;;;;;;;
3;Sudeste;35;SP;São Paulo;3520608;Indiana;99885.601;19623.89;90274.984;17735.75;86968.231;17846.96;18006.03;3921.954;33369.854;27571.412;82869.249;4098.981;Demais serviços;Administração, defesa, educação e saúde públicas e seguridade social;Agricultura, inclusive apoio à agricultura e a pós colheita;6;True;87.4;0.873989;249.71;248.4;3.91524;3.4;;87.4;0.873989;249.71;248.4;3.91524;3.4;;95.7;0.95449;257.57;260.66;5.303833;5.1;;95.7;0.95449;257.57;260.66;5.303833;5.1;;99.6;0.997168;237.26;218.58;6.466097;6.4;;99.6;0.997168;237.26;218.58;6.466097;6.4;;;;;;;;;;;;;;;;;;;;;;;;;;;;;;;;;;;;
3;Sudeste;35;SP;São Paulo;3520707;Indiaporã;167087.329;41409.5;121298.114;30061.49;111102.983;28664.34;27338.074;5859.752;48191.812;24646.943;106036.581;5066.402;Demais serviços;Administração, defesa, educação e saúde públicas e seguridade social;Agricultura, inclusive apoio à agricultura e a pós colheita;6;True;100.0;1.0;266.72;274.8;4.549354;4.5;;100.0;1.0;266.72;274.8;4.549354;4.5;;99.5;0.994666;269.19;268.57;5.629333;5.6;;99.5;0.994666;269.19;268.57;5.629333;5.6;;100.0;1.0;257.61;235.53;7.162638;7.2;;100.0;1.0;257.61;235.53;7.162638;7.2;;;;;;;;;;;;;;;;;;;;;;;;;;;;;;;;;;;;
3;Sudeste;35;SP;São Paulo;3520806;Inúbia Paulista;176722.809;48885.98;160509.048;44400.84;136680.861;33790.08;9787.826;7679.618;81553.699;22845.558;121866.701;14814.16;Demais serviços;Comércio e reparação de veículos automotores e motocicletas;Administração, defesa, educação e saúde públicas e seguridade social;6;True;93.0;0.937935;261.7;268.38;4.382741;4.1;;93.0;0.937935;261.7;268.38;4.382741;4.1;;98.1;0.981132;275.46;271.93;5.789833;5.7;;98.1;0.981132;275.46;271.93;5.789833;5.7;;100.0;1.0;232.5;224.85;6.489257;6.5;;100.0;1.0;232.5;224.85;6.489257;6.5;;;;;;;;;;;;;;;;;;;;;;;;;;;;;;;;;;;;
3;Sudeste;35;SP;São Paulo;3520905;Ipaussu;678117.975;49454.34;583771.297;42573.75;499098.585;32911.22;37047.84;123713.003;210477.649;76943.805;448182.298;50916.287;Demais serviços;Indústrias de transformação;Administração, defesa, educação e saúde públicas e seguridade social;6;True;98.6;0.985967;281.59;293.02;5.030957;5.0;;98.6;0.985967;281.59;293.02;5.030957;5.0;;99.7;0.997494;275.58;266.55;5.702167;5.7;;;;;;;;;99.5;0.994773;234.52;216.5;6.375989;6.3;;99.5;0.994773;234.52;216.5;6.375989;6.3;;99.7;0.997494;275.58;266.55;5.702167;5.7;;;;;;;;;;;;;;;;;;;;;;;;;;;;;
3;Sudeste;35;SP;São Paulo;3521002;Iperó;1291002.665;35409.71;1140856.469;31291.49;969693.824;25010.8;21813.286;308392.806;333669.815;168088.442;831964.349;137729.475;Demais serviços;Indústrias de transformação;Administração, defesa, educação e saúde públicas e seguridade social;6;True;99.8;0.997319;263.58;270.96;4.447768;4.4;;99.8;0.997319;263.58;270.96;4.447768;4.4;;94.6;0.945809;244.81;247.4;4.870167;4.6;;;;;;;;;98.2;0.982839;209.46;199.71;5.592472;5.5;;98.2;0.982839;209.46;199.71;5.592472;5.5;;94.6;0.945809;244.81;247.4;4.870167;4.6;;;;;;;;;;;;;;;;;;;;;;;;;;;;;
3;Sudeste;35;SP;São Paulo;3521101;Ipeúna;1055775.919;154556.57;985603.808;144283.97;947911.795;121154.37;24395.317;486813.768;272643.298;42254.994;826107.378;121804.417;Indústrias de transformação;Demais serviços;Administração, defesa, educação e saúde públicas e seguridade social;6;True;96.7;0.969792;258.38;257.55;4.173986;4.0;;96.7;0.969792;258.38;257.55;4.173986;4.0;;99.7;0.996973;268.74;265.86;5.576667;5.6;;99.7;0.996973;268.74;265.86;5.576667;5.6;;99.6;0.99638;223.08;206.79;5.981123;6.0;;99.6;0.99638;223.08;206.79;5.981123;6.0;;;;;;;;;;;;;;;;;;;;;;;;;;;;;;;;;;;;
3;Sudeste;35;SP;São Paulo;3521150;Ipiguá;173090.62;25601.33;146481.475;21665.65;124258.756;22360.76;19588.334;24359.218;39831.129;26170.561;109949.242;14309.515;Demais serviços;Administração, defesa, educação e saúde públicas e seguridade social;Indústrias de transformação;6;True;96.4;0.965979;272.91;277.53;4.677161;4.5;;96.4;0.965979;272.91;277.53;4.677161;4.5;;99.7;0.997735;246.66;244.33;4.849833;4.8;;99.7;0.997735;246.66;244.33;4.849833;4.8;;99.8;0.997984;227.95;220.29;6.319516;6.3;;99.8;0.997984;227.95;220.29;6.319516;6.3;;;;;;;;;;;;;;;;;;;;;;;;;;;;;;;;;;;;
3;Sudeste;35;SP;São Paulo;3521200;Iporanga;70828.696;17505.86;65472.66;16182.07;63459.365;15181.67;7278.938;2987.449;22229.423;28850.987;61346.797;2112.567;Administração, defesa, educação e saúde públicas e seguridade social;Demais serviços;Agricultura, inclusive apoio à agricultura e a pós colheita;6;True;99.3;0.993927;266.87;273.31;4.529155;4.5;;99.3;0.993927;266.87;273.31;4.529155;4.5;;99.1;0.991681;248.5;252.23;5.012167;5.0;;100.0;1.0;248.5;252.23;5.012167;5.0;;100.0;1.0;224.7;193.24;5.765675;5.8;;100.0;1.0;224.7;193.24;5.765675;5.8;;;;;;;;;;;;;;;;;;;;;;;;;;;;;;;;;;;;
3;Sudeste;35;SP;São Paulo;3521309;Ipuã;589809.58;40805.98;506912.258;35070.72;442715.064;26361.5;75494.416;40963.4;203006.802;90859.553;410324.171;32390.893;Demais serviços;Administração, defesa, educação e saúde públicas e seguridade social;Agricultura, inclusive apoio à agricultura e a pós colheita;6;True;91.0;0.91638;245.15;238.05;3.696255;3.4;;91.0;0.91638;245.15;238.05;3.696255;3.4;;98.6;0.986828;267.89;263.4;5.5215;5.4;;;;;;;;;99.5;0.994776;247.99;219.72;6.691595;6.7;;99.5;0.994776;247.99;219.72;6.691595;6.7;;98.6;0.986828;267.89;263.4;5.5215;5.4;;;;;;;;;;;;;;;;;;;;;;;;;;;;;
3;Sudeste;35;SP;São Paulo;3521408;Iracemápolis;2403777.589;109426.76;2118043.53;96419.33;2127925.258;85178.34;22556.37;714975.253;749838.887;122989.775;1610360.285;517564.974;Indústrias de transformação;Demais serviços;Comércio e reparação de veículos automotores e motocicletas;6;True;98.7;0.984309;279.87;293.47;5.013536;4.9;;98.7;0.984309;279.87;293.47;5.013536;4.9;;99.8;0.998241;271.48;275.95;5.7905;5.8;;99.8;0.998241;271.48;275.95;5.7905;5.8;;100.0;1.0;240.3;219.93;6.548658;6.5;;100.0;1.0;240.3;219.93;6.548658;6.5;;;;;;;;;;;;;;;;;;;;;;;;;;;;;;;;;;;;
3;Sudeste;35;SP;São Paulo;3521507;Irapuã;282415.637;41126.49;199585.58;29064.45;186223.417;22987.71;73483.694;9689.122;59246.677;36457.898;178877.391;7346.026;Agricultura, inclusive apoio à agricultura e a pós colheita;Demais serviços;Administração, defesa, educação e saúde públicas e seguridade social;6;True;100.0;1.0;302.44;299.64;5.422896;5.4;;100.0;1.0;302.44;299.64;5.422896;5.4;;100.0;1.0;281.09;275.94;5.9505;6.0;;100.0;1.0;281.09;275.94;5.9505;6.0;;98.4;0.986953;237.82;223.47;6.565693;6.5;;98.4;0.986953;237.82;223.47;6.565693;6.5;;;;;;;;;;;;;;;;;;;;;;;;;;;;;;;;;;;;
3;Sudeste;35;SP;São Paulo;3521606;Irapuru;142421.744;20101.87;116246.809;19576.76;109595.224;13115.75;21815.73;2638.134;44503.456;35733.851;104691.171;4904.053;Demais serviços;Administração, defesa, educação e saúde públicas e seguridade social;Agricultura, inclusive apoio à agricultura e a pós colheita;6;True;96.3;0.959446;269.48;272.1;4.547699;4.4;;96.3;0.959446;269.48;272.1;4.547699;4.4;;97.7;0.977432;261.57;266.37;5.465667;5.3;;97.7;0.977432;261.57;266.37;5.465667;5.3;;100.0;1.0;241.24;223.17;6.625506;6.6;;100.0;1.0;241.24;223.17;6.625506;6.6;;;;;;;;;;;;;;;;;;;;;;;;;;;;;;;;;;;;
3;Sudeste;35;SP;São Paulo;3521705;Itaberá;1058158.523;58842.16;1204811.289;66997.24;1016119.036;58380.87;304163.077;34937.953;485005.752;91961.078;916067.861;100051.175;Agricultura, inclusive apoio à agricultura e a pós colheita;Comércio e reparação de veículos automotores e motocicletas;Demais serviços;6;True;98.3;0.984209;273.8;277.28;4.685918;4.6;;98.3;0.984209;273.8;277.28;4.685918;4.6;;99.3;0.993227;261.28;252.05;5.222167;5.2;;99.3;0.993227;261.28;252.05;5.222167;5.2;;100.0;1.0;247.43;227.81;6.827999;6.8;;;;;;;;;;;;;;;;100.0;1.0;247.43;227.81;6.827999;6.8;;;;;;;;;;;;;;;;;;;;;;
3;Sudeste;35;SP;São Paulo;3521804;Itaí;1082752.493;43000.5;997076.88;39597.97;924896.722;33471.94;301407.217;68359.7;347177.372;126863.006;843807.294;81089.428;Agricultura, inclusive apoio à agricultura e a pós colheita;Demais serviços;Administração, defesa, educação e saúde públicas e seguridade social;6;True;85.6;0.855249;273.71;270.29;4.580013;3.9;;85.6;0.855249;273.71;270.29;4.580013;3.9;;97.0;0.968918;252.31;248.92;5.0205;4.9;;97.0;0.968918;252.31;248.92;5.0205;4.9;;100.0;1.0;225.97;204.94;6.002639;6.0;;100.0;1.0;225.97;204.94;6.002639;6.0;;;;;;;;;;;;;;;;;;;;;;;;;;;;;;;;;;;;
3;Sudeste;35;SP;São Paulo;3521903;Itajobi;1278534.349;75256.6;1040974.853;61273.46;935219.794;61001.88;195824.674;238575.004;333653.222;79969.036;848021.937;87197.858;Demais serviços;Indústrias de transformação;Agricultura, inclusive apoio à agricultura e a pós colheita;6;True;95.8;0.959522;278.28;281.05;4.805277;4.6;;95.8;0.959522;278.28;281.05;4.805277;4.6;;99.9;0.998745;288.36;275.3;6.061;6.1;;;;;;;;;100.0;1.0;260.89;229.66;7.118506;7.1;;100.0;1.0;260.89;229.66;7.118506;7.1;;99.9;0.998745;288.36;275.3;6.061;6.1;;;;;;;;;;;;;;;;;;;;;;;;;;;;;
3;Sudeste;35;SP;São Paulo;3522000;Itaju;308304.551;85214.08;338466.402;93550.69;232256.5;58993.27;45850.604;79572.071;59660.515;23865.143;208948.334;23308.166;Indústrias de transformação;Demais serviços;Agricultura, inclusive apoio à agricultura e a pós colheita;6;True;95.0;0.94661;264.59;254.11;4.209708;4.0;;95.0;0.94661;264.59;254.11;4.209708;4.0;;96.7;0.966691;263.65;266.26;5.4985;5.3;;96.7;0.966691;263.65;266.26;5.4985;5.3;;100.0;1.0;239.11;214.56;6.428312;6.4;;100.0;1.0;239.11;214.56;6.428312;6.4;;;;;;;;;;;;;;;;;;;;;;;;;;;;;;;;;;;;
3;Sudeste;35;SP;São Paulo;3522109;Itanhaém;2956406.115;26284.77;2611455.45;23217.89;2369274.752;22704.86;65653.361;159891.15;1451541.931;542815.013;2219901.453;149373.299;Demais serviços;Administração, defesa, educação e saúde públicas e seguridade social;Comércio e reparação de veículos automotores e motocicletas;7;True;94.9;0.950221;268.82;278.56;4.635136;4.4;;94.9;0.950221;268.82;278.56;4.635136;4.4;;98.4;0.984723;258.43;263.09;5.358667;5.3;;98.3;0.97963;245.62;246.32;4.865667;4.8;;98.2;0.981531;229.03;212.57;6.199763;6.1;;98.2;0.981531;229.03;212.57;6.199763;6.1;;98.5;0.984468;260.86;266.27;5.452167;5.4;;;;;;;;;;;;;;;;;;;;;;;;;;;;;
3;Sudeste;35;SP;São Paulo;3522158;Itaoca;67981.734;19866.08;56550.772;16530.48;53345.253;16009.98;9352.341;6907.746;15328.072;19520.179;51108.337;2236.916;Administração, defesa, educação e saúde públicas e seguridade social;Demais serviços;Agricultura, inclusive apoio à agricultura e a pós colheita;6;True;98.6;0.985901;274.17;273.35;4.632282;4.6;;98.6;0.985901;274.17;273.35;4.632282;4.6;;100.0;1.0;272.84;269.71;5.709167;5.7;;100.0;1.0;272.84;269.71;5.709167;5.7;;99.6;0.995935;236.1;236.66;6.772687;6.7;;99.4;0.99301;236.1;236.66;6.772687;6.7;;;;;;;;;;;;;;;;;;;;;;;;;;;;;;;;;;;;
3;Sudeste;35;SP;São Paulo;3522208;Itapecerica da Serra;6215133.643;39206.76;5275802.258;33281.2;4909298.748;27338.58;26749.485;767377.049;2720393.811;725528.599;4240048.944;669249.804;Demais serviços;Comércio e reparação de veículos automotores e motocicletas;Administração, defesa, educação e saúde públicas e seguridade social;7;True;95.3;0.954298;267.71;279.55;4.634366;4.4;;95.3;0.954298;267.71;279.55;4.634366;4.4;;98.0;0.979422;255.84;262.4;5.304;5.2;;98.0;0.979422;255.84;262.4;5.304;5.2;;98.9;0.989179;226.98;218.18;6.262641;6.2;;98.9;0.988775;226.7;218.05;6.254934;6.2;;;;;;;;;99.8;0.998187;231.95;220.53;6.400216;6.4;;;;;;;;;;;;;;;;;;;;;;
3;Sudeste;35;SP;São Paulo;3522307;Itapetininga;7962801.863;50464.55;7249598.877;45944.6;6359722.596;38058.01;411249.541;1394942.5;3095970.818;685169.449;5587332.307;772390.288;Demais serviços;Indústrias de transformação;Comércio e reparação de veículos automotores e motocicletas;7;True;94.2;0.942219;271.46;277.47;4.655897;4.4;;94.2;0.952131;276.41;281.63;4.787695;4.6;;98.1;0.980698;267.18;270.55;5.628833;5.5;;98.1;0.980698;267.18;270.55;5.628833;5.5;;99.7;0.996799;235.37;216.32;6.388938;6.4;;99.7;0.996597;232.58;213.68;6.287693;6.3;;;;;;;;;99.7;0.997591;258.39;238.08;7.223887;7.2;;;;;;;;;;;;;;;;;;;;;;
3;Sudeste;35;SP;São Paulo;3522406;Itapeva;4558511.821;50803.67;4196751.159;46771.92;3788992.478;39783.21;991508.663;477193.322;1560789.808;431700.823;3461192.616;327799.862;Demais serviços;Agricultura, inclusive apoio à agricultura e a pós colheita;Administração, defesa, educação e saúde públicas e seguridade social;6;True;95.8;0.95963;284.76;288.85;5.013054;4.8;;95.8;0.95963;284.76;288.85;5.013054;4.8;;98.9;0.988744;267.79;267.86;5.594167;5.5;;;;;;;;;99.1;0.9915;241.59;226.53;6.693276;6.6;;99.1;0.9915;241.59;226.53;6.693276;6.6;;98.9;0.988493;267.79;267.86;5.594167;5.5;;;;;;;;;;;;;;;;;;;;;;;;;;;;;
3;Sudeste;35;SP;São Paulo;3522505;Itapevi;15615097.192;67220.4;15017261.084;64586.76;12854995.018;52656.14;364.666;1967818.035;7477096.427;1016204.434;10461483.562;2393511.456;Demais serviços;Comércio e reparação de veículos automotores e motocicletas;Indústrias de transformação;6;True;89.9;0.898052;254.29;266.8;4.255015;3.8;;89.9;0.898052;254.29;266.8;4.255015;3.8;;94.1;0.939103;241.03;248.8;4.8305;4.5;;94.1;0.939103;241.03;248.8;4.8305;4.5;;99.8;0.997799;227.53;211.2;6.146228;6.1;;99.8;0.997799;227.53;211.2;6.146228;6.1;;;;;;;;;;;;;;;;;;;;;;;;;;;;;;;;;;;;
3;Sudeste;35;SP;São Paulo;3522604;Itapira;6365973.525;88389.29;5497230.367;76327.1;4756331.426;62845.44;76928.681;1922953.26;1743951.181;353902.095;4097735.217;658596.209;Indústrias de transformação;Demais serviços;Administração, defesa, educação e saúde públicas e seguridade social;7;True;90.2;0.90325;279.17;287.99;4.921669;4.4;;90.2;0.90325;279.17;287.99;4.921669;4.4;;94.9;0.947317;260.8;266.05;5.4475;5.2;;94.9;0.947317;260.8;266.05;5.4475;5.2;;98.2;0.981324;239.17;224.36;6.607638;6.5;;98.3;0.982331;238.8;224.69;6.606577;6.5;;;;;;;;;97.4;0.973741;242.5;221.34;6.616279;6.4;;;;;;;;;;;;;;;;;;;;;;
3;Sudeste;35;SP;São Paulo;3522653;Itapirapuã Paulista;77308.055;17953.57;63289.874;14698.07;52590.208;12247.37;3028.786;2864.271;19853.768;24442.448;50189.273;2400.934;Administração, defesa, educação e saúde públicas e seguridade social;Demais serviços;Comércio e reparação de veículos automotores e motocicletas;6;True;96.6;0.975039;285.2;281.76;4.913096;4.8;;96.6;0.975039;285.2;281.76;4.913096;4.8;;99.1;0.990918;279.89;263.16;5.7175;5.7;;99.1;0.990918;279.89;263.16;5.7175;5.7;;100.0;1.0;241.66;211.52;6.421703;6.4;;100.0;1.0;241.66;211.52;6.421703;6.4;;;;;;;;;;;;;;;;;;;;;;;;;;;;;;;;;;;;
3;Sudeste;35;SP;São Paulo;3522703;Itápolis;2524858.407;63931.8;1973005.845;49958.37;1630819.908;37459.11;157620.108;315905.16;784293.487;202192.969;1460011.724;170808.184;Demais serviços;Indústrias de transformação;Administração, defesa, educação e saúde públicas e seguridade social;8;True;99.1;0.992637;286.37;286.76;5.004379;5.0;;99.1;0.992637;286.37;286.76;5.004379;5.0;;99.5;0.994491;274.66;277.43;5.868167;5.8;;99.5;0.994493;269.48;272.36;5.697333;5.7;;99.9;0.999399;256.78;235.74;7.150616;7.1;;100.0;1.0;265.11;247.79;7.528677;7.5;;99.5;0.994924;305.28;307.43;6.8785;6.8;;99.9;0.997735;255.56;233.97;7.095152;7.1;;;;;;;;;;;;;;;;;;;;;;
3;Sudeste;35;SP;São Paulo;3522802;Itaporanga;408306.917;28988.78;367400.991;26084.56;305514.254;20103.59;65058.739;12969.588;142140.633;69996.493;290165.452;15348.801;Demais serviços;Administração, defesa, educação e saúde públicas e seguridade social;Agricultura, inclusive apoio à agricultura e a pós colheita;6;True;96.5;0.963717;265.14;260.63;4.315037;4.2;;96.5;0.963717;265.14;260.63;4.315037;4.2;;99.0;0.989163;239.67;238.71;4.639667;4.6;;99.0;0.989163;239.67;238.71;4.639667;4.6;;100.0;1.0;220.57;206.33;5.924858;5.9;;100.0;1.0;220.57;206.33;5.924858;5.9;;;;;;;;;;;;;;;;;;;;;;;;;;;;;;;;;;;;
3;Sudeste;35;SP;São Paulo;3522901;Itapuí;1311337.801;96005.4;1235795.278;90474.8;1003728.987;70205.57;23467.57;300836.91;466055.325;65153.213;855513.018;148215.97;Indústrias de transformação;Demais serviços;Comércio e reparação de veículos automotores e motocicletas;6;True;93.7;0.940138;258.95;276.96;4.47256;4.2;;93.7;0.940138;258.95;276.96;4.47256;4.2;;98.3;0.98296;260.42;260.25;5.3445;5.3;;98.3;0.98296;260.42;260.25;5.3445;5.3;;95.7;0.959208;249.74;231.08;6.931538;6.6;;95.7;0.959208;249.74;231.08;6.931538;6.6;;;;;;;;;;;;;;;;;;;;;;;;;;;;;;;;;;;;
3;Sudeste;35;SP;São Paulo;3523008;Itapura;209348.725;52613.4;136395.113;34278.74;104627.589;20950.66;35615.413;4324.714;30535.108;29815.317;100290.552;4337.037;Agricultura, inclusive apoio à agricultura e a pós colheita;Administração, defesa, educação e saúde públicas e seguridade social;Demais serviços;6;True;95.2;0.95059;268.24;283.93;4.707379;4.5;;95.2;0.95059;268.24;283.93;4.707379;4.5;;99.5;0.995438;252.35;257.03;5.156333;5.1;;99.5;0.995438;252.35;257.03;5.156333;5.1;;100.0;1.0;238.01;216.77;6.447501;6.4;;100.0;1.0;238.01;216.77;6.447501;6.4;;;;;;;;;;;;;;;;;;;;;;;;;;;;;;;;;;;;
3;Sudeste;35;SP;São Paulo;3523107;Itaquaquecetuba;11979259.765;32439.94;10755651.305;29126.4;9519617.706;25112.29;15805.816;2351745.61;4428777.879;1324841.272;8121170.577;1398447.129;Demais serviços;Indústrias de transformação;Administração, defesa, educação e saúde públicas e seguridade social;7;True;90.9;0.91089;256.6;266.09;4.27683;3.9;;90.9;0.911213;257.06;266.38;4.287632;3.9;;96.4;0.963789;241.77;246.94;4.811833;4.6;;96.4;0.963789;241.77;246.94;4.811833;4.6;;100.0;0.9998;218.87;207.43;5.912416;5.9;;100.0;1.0;219.12;207.72;5.922459;5.9;;;;;;;;;98.8;0.987948;212.98;200.62;5.676193;5.6;;;;;;;;;;;;;;;;;;;;;;
3;Sudeste;35;SP;São Paulo;3523206;Itararé;1406445.26;31649.61;1304342.58;29351.96;1182424.012;23286.15;172774.078;118452.578;580730.102;218485.133;1090441.892;91982.12;Demais serviços;Administração, defesa, educação e saúde públicas e seguridade social;Comércio e reparação de veículos automotores e motocicletas;7;True;91.0;0.91358;271.46;279.71;4.68943;4.3;;91.0;0.91358;271.46;279.71;4.68943;4.3;;98.5;0.984477;269.17;271.16;5.672167;5.6;;98.7;0.986986;270.39;272.64;5.717167;5.6;;96.9;0.970491;227.04;211.83;6.148332;6.0;;96.9;0.970491;227.04;211.83;6.148332;6.0;;97.4;0.970193;258.27;257.95;5.270333;5.1;;;;;;;;;;;;;;;;;;;;;;;;;;;;;
3;Sudeste;35;SP;São Paulo;3523305;Itariri;400626.557;25800.27;327125.649;21066.82;438980.463;24725.72;109346.831;13139.103;204462.196;76866.312;403814.441;35166.021;Demais serviços;Agricultura, inclusive apoio à agricultura e a pós colheita;Comércio e reparação de veículos automotores e motocicletas;7;True;96.2;0.962233;261.4;265.61;4.33706;4.2;;96.2;0.962233;261.4;265.61;4.33706;4.2;;99.5;0.994987;260.6;256.98;5.293;5.3;;99.5;0.994987;260.6;256.98;5.293;5.3;;100.0;1.0;240.56;223.79;6.623802;6.6;;100.0;1.0;241.44;223.25;6.630777;6.6;;;;;;;;;100.0;1.0;238.09;225.32;6.604482;6.6;;;;;;;;;;;;;;;;;;;;;;
3;Sudeste;35;SP;São Paulo;3523404;Itatiba;10327467.002;84936.81;9032760.722;73782.6;8245497.584;66360.02;840129.835;2385197.969;2904492.795;612781.673;6742602.272;1502895.312;Demais serviços;Indústrias de transformação;Agricultura, inclusive apoio à agricultura e a pós colheita;6;True;98.3;0.98431;283.91;291.19;5.036146;5.0;;98.3;0.98431;283.91;291.19;5.036146;5.0;;95.8;0.958519;287.58;285.49;6.217833;6.0;;;;;;;;;97.7;0.975845;259.6;241.78;7.314251;7.1;;97.7;0.975845;259.6;241.78;7.314251;7.1;;95.8;0.958519;287.58;285.49;6.217833;6.0;;;;;;;;;;;;;;;;;;;;;;;;;;;;;
3;Sudeste;35;SP;São Paulo;3523503;Itatinga;601160.989;31523.91;432049.968;22656.0;396659.517;18764.35;47195.842;58661.719;162822.867;93133.09;361813.518;34846.0;Demais serviços;Administração, defesa, educação e saúde públicas e seguridade social;Indústrias de transformação;7;True;90.0;0.902686;258.6;270.09;4.3648;3.9;;90.0;0.902686;258.6;270.09;4.3648;3.9;;96.8;0.96797;273.15;271.65;5.746667;5.6;;98.7;0.987443;267.33;267.67;5.583333;5.5;;98.2;0.98363;255.39;236.82;7.143726;7.0;;98.2;0.98363;255.39;236.82;7.143726;7.0;;94.8;0.94758;280.03;276.34;5.9395;5.6;;;;;;;;;;;;;;;;;;;;;;;;;;;;;
3;Sudeste;35;SP;São Paulo;3523602;Itirapina;1570273.265;97242.59;1735171.426;107454.26;1273183.85;68413.96;97283.467;257539.88;382847.624;106989.752;844660.724;428523.126;Demais serviços;Indústrias de transformação;Administração, defesa, educação e saúde públicas e seguridade social;7;True;99.0;0.988925;255.52;269.4;4.311212;4.3;;99.0;0.988925;255.52;269.4;4.311212;4.3;;98.9;0.989712;256.84;262.33;5.3195;5.3;;99.4;0.994924;249.17;256.55;5.095333;5.1;;99.7;0.996377;236.62;217.97;6.442793;6.4;;99.7;0.996377;236.62;217.97;6.442793;6.4;;98.4;0.985543;266.05;269.26;5.5885;5.5;;;;;;;;;;;;;;;;;;;;;;;;;;;;;
3;Sudeste;35;SP;São Paulo;3523701;Itirapuã;190876.434;33029.32;188762.799;32663.57;161834.767;24568.81;73242.756;9458.206;41938.037;32245.552;156884.551;4950.215;Agricultura, inclusive apoio à agricultura e a pós colheita;Demais serviços;Administração, defesa, educação e saúde públicas e seguridade social;4;True;85.5;0.879371;251.67;259.48;4.108636;3.6;;85.5;0.879371;251.67;259.48;4.108636;3.6;;;;;;;;;;;;;;;;100.0;1.0;213.57;207.46;5.811816;5.8;;100.0;1.0;213.57;207.46;5.811816;5.8;;;;;;;;;;;;;;;;;;;;;;;;;;;;;;;;;;;;
3;Sudeste;35;SP;São Paulo;3523800;Itobi;251137.683;31212.74;250848.438;31176.79;198366.051;25230.99;65156.294;17152.859;71342.018;33120.573;186771.744;11594.307;Agricultura, inclusive apoio à agricultura e a pós colheita;Demais serviços;Administração, defesa, educação e saúde públicas e seguridade social;4;True;;;;;;;;;;;;;;;94.4;0.945289;254.15;258.11;5.204333;4.9;;94.4;0.945289;254.15;258.11;5.204333;4.9;;100.0;1.0;240.02;217.84;6.505314;6.5;;;;;;;;;;;;;;;;100.0;1.0;240.02;217.84;6.505314;6.5;;;;;;;;;;;;;;;;;;;;;;
3;Sudeste;35;SP;São Paulo;3523909;Itu;14012530.257;83288.93;11782988.623;70036.78;10540812.918;59502.19;61727.529;2778956.096;4851515.989;785615.934;8477815.549;2062997.369;Demais serviços;Indústrias de transformação;Comércio e reparação de veículos automotores e motocicletas;6;True;95.0;0.949194;269.18;279.41;4.652917;4.4;;95.0;0.949194;269.18;279.41;4.652917;4.4;;97.2;0.971427;254.44;260.77;5.2535;5.1;;97.2;0.971427;254.44;260.77;5.2535;5.1;;99.5;0.995397;230.68;219.69;6.360706;6.3;;99.5;0.995397;230.68;219.69;6.360706;6.3;;;;;;;;;;;;;;;;;;;;;;;;;;;;;;;;;;;;
3;Sudeste;35;SP;São Paulo;3524006;Itupeva;10529260.248;149105.87;9479462.351;134239.58;8423278.988;130938.58;90568.245;2380931.761;3601852.833;413889.302;6487242.141;1936036.847;Indústrias de transformação;Demais serviços;Comércio e reparação de veículos automotores e motocicletas;6;True;94.6;0.946594;267.11;282.16;4.665011;4.4;;94.6;0.946594;267.11;282.16;4.665011;4.4;;97.9;0.978741;257.29;260.72;5.300167;5.2;;97.9;0.978741;257.29;260.72;5.300167;5.2;;99.7;0.996391;226.79;214.28;6.188106;6.2;;99.7;0.996391;226.79;214.28;6.188106;6.2;;;;;;;;;;;;;;;;;;;;;;;;;;;;;;;;;;;;
3;Sudeste;35;SP;São Paulo;3524105;Ituverava;2218625.13;59051.53;2208547.31;58783.3;1907193.117;45131.05;124876.142;500864.603;801006.844;191840.232;1618587.821;288605.296;Demais serviços;Indústrias de transformação;Administração, defesa, educação e saúde públicas e seguridade social;6;True;89.7;0.898476;269.72;284.41;4.735351;4.3;;89.7;0.898476;269.72;284.41;4.735351;4.3;;86.4;0.864573;253.45;254.42;5.131167;4.4;;;;;;;;;96.6;0.965929;214.79;200.0;5.699462;5.5;;96.6;0.965929;214.79;200.0;5.699462;5.5;;86.4;0.864573;253.45;254.42;5.131167;4.4;;;;;;;;;;;;;;;;;;;;;;;;;;;;;
3;Sudeste;35;SP;São Paulo;3524204;Jaborandi;247094.751;39719.46;174902.421;28114.84;153277.993;22013.21;53492.19;8042.021;49075.616;36614.163;147223.99;6054.003;Agricultura, inclusive apoio à agricultura e a pós colheita;Demais serviços;Administração, defesa, educação e saúde públicas e seguridade social;6;True;98.7;0.988265;270.28;274.29;4.591719;4.5;;98.7;0.988265;270.28;274.29;4.591719;4.5;;99.7;0.997227;268.09;267.91;5.6;5.6;;;;;;;;;100.0;1.0;229.1;211.74;6.186008;6.2;;100.0;1.0;229.1;211.74;6.186008;6.2;;99.7;0.997227;268.09;267.91;5.6;5.6;;;;;;;;;;;;;;;;;;;;;;;;;;;;;
3;Sudeste;35;SP;São Paulo;3524303;Jaboticabal;4156253.295;57869.61;3877101.78;53982.84;3601183.19;46151.86;247869.658;697109.406;1831272.797;389442.189;3165694.051;435489.139;Demais serviços;Comércio e reparação de veículos automotores e motocicletas;Indústrias de transformação;7;True;89.0;0.89155;268.18;275.01;4.573003;4.1;;89.0;0.89155;268.18;275.01;4.573003;4.1;;96.9;0.968419;257.75;258.2;5.265833;5.1;;95.6;0.955554;253.98;256.03;5.166833;4.9;;99.3;0.992775;225.73;211.71;6.12115;6.1;;99.3;0.992775;225.73;211.71;6.12115;6.1;;99.5;0.994987;265.21;262.51;5.462;5.4;;;;;;;;;;;;;;;;;;;;;;;;;;;;;
3;Sudeste;35;SP;São Paulo;3524402;Jacareí;19692996.445;81960.24;17761834.78;73922.94;16080493.543;67816.13;38511.705;5091965.759;6611049.404;954072.132;12695599.0;3384894.543;Demais serviços;Indústrias de transformação;Comércio e reparação de veículos automotores e motocicletas;6;True;90.3;0.903617;272.96;279.7;4.710348;4.3;;90.5;0.910251;275.43;282.58;4.788153;4.4;;97.9;0.978895;259.77;261.98;5.3625;5.2;;97.9;0.978895;259.77;261.98;5.3625;5.2;;97.7;0.976847;232.04;217.64;6.349388;6.2;;97.7;0.976847;232.04;217.64;6.349388;6.2;;;;;;;;;;;;;;;;;;;;;;;;;;;;;;;;;;;;
3;Sudeste;35;SP;São Paulo;3524501;Jaci;880800.415;115696.89;713599.47;93734.33;676808.092;92434.87;32379.736;290062.665;221721.283;37440.558;581604.242;95203.85;Indústrias de transformação;Demais serviços;Administração, defesa, educação e saúde públicas e seguridade social;4;True;;;;;;;;;;;;;;;98.2;0.981816;251.44;254.07;5.091833;5.0;;98.2;0.981816;251.44;254.07;5.091833;5.0;;96.7;0.966545;232.14;217.03;6.340205;6.1;;96.7;0.966545;232.14;217.03;6.340205;6.1;;;;;;;;;;;;;;;;;;;;;;;;;;;;;;;;;;;;
3;Sudeste;35;SP;São Paulo;3524600;Jacupiranga;698900.817;43418.08;579594.588;35963.92;531089.163;29651.56;122648.56;30011.007;253282.227;86628.828;492570.623;38518.541;Demais serviços;Agricultura, inclusive apoio à agricultura e a pós colheita;Administração, defesa, educação e saúde públicas e seguridade social;6;True;95.6;0.953487;266.54;281.57;4.648173;4.4;;95.6;0.953487;266.54;281.57;4.648173;4.4;;99.4;0.993969;259.32;261.86;5.353;5.3;;99.4;0.993969;259.32;261.86;5.353;5.3;;94.5;0.943288;224.33;211.9;6.097887;5.8;;94.5;0.943288;224.33;211.9;6.097887;5.8;;;;;;;;;;;;;;;;;;;;;;;;;;;;;;;;;;;;
3;Sudeste;35;SP;São Paulo;3524709;Jaguariúna;14680877.677;247373.54;13930315.232;234726.53;13981301.517;233328.91;20779.595;3759802.801;6870415.167;379153.169;11030150.731;2951150.786;Demais serviços;Indústrias de transformação;Comércio e reparação de veículos automotores e motocicletas;6;True;90.1;0.899428;277.09;287.51;4.88527;4.4;;90.1;0.899428;277.09;287.51;4.88527;4.4;;99.6;0.996231;286.75;282.53;6.154667;6.1;;;;;;;;;99.7;0.997398;268.82;247.52;7.594569;7.6;;99.7;0.997398;268.82;247.52;7.594569;7.6;;99.6;0.996231;286.75;282.53;6.154667;6.1;;;;;;;;;;;;;;;;;;;;;;;;;;;;;
3;Sudeste;35;SP;São Paulo;3524808;Jales;2590208.251;53104.15;2384962.213;48896.22;1982125.374;40212.72;88022.246;355472.671;1139428.481;219012.819;1801936.217;180189.158;Demais serviços;Indústrias de transformação;Comércio e reparação de veículos automotores e motocicletas;6;True;97.9;0.979274;276.03;279.84;4.755562;4.7;;97.9;0.979274;276.03;279.84;4.755562;4.7;;99.4;0.994494;279.21;277.81;5.950333;5.9;;99.4;0.994494;279.21;277.81;5.950333;5.9;;99.6;0.996176;268.54;247.56;7.589953;7.6;;99.6;0.996176;268.54;247.56;7.589953;7.6;;;;;;;;;;;;;;;;;;;;;;;;;;;;;;;;;;;;
3;Sudeste;35;SP;São Paulo;3524907;Jambeiro;461642.156;72165.41;369698.302;57792.45;352904.037;51684.83;12071.354;112580.984;96688.358;38485.871;259826.567;93077.47;Demais serviços;Indústrias de transformação;Administração, defesa, educação e saúde públicas e seguridade social;6;True;94.0;0.947652;267.79;276.87;4.59537;4.4;;94.0;0.947652;267.79;276.87;4.59537;4.4;;88.2;0.881802;262.52;278.04;5.676;5.0;;;;;;;;;92.2;0.912746;225.95;217.72;6.234621;5.7;;92.2;0.912746;225.95;217.72;6.234621;5.7;;88.2;0.881802;262.52;278.04;5.676;5.0;;;;;;;;;;;;;;;;;;;;;;;;;;;;;
3;Sudeste;35;SP;São Paulo;3525003;Jandira;5547106.684;46991.46;5752532.953;48731.7;4908360.238;38426.42;729.331;1244034.616;2246180.48;552277.477;4043221.904;865138.334;Demais serviços;Indústrias de transformação;Comércio e reparação de veículos automotores e motocicletas;6;True;93.2;0.933416;263.13;278.86;4.559711;4.3;;93.2;0.933416;263.13;278.86;4.559711;4.3;;96.6;0.964943;250.49;259.81;5.171667;5.0;;96.6;0.964943;250.49;259.81;5.171667;5.0;;99.6;0.995996;213.64;210.03;5.859879;5.8;;99.6;0.995996;213.64;210.03;5.859879;5.8;;;;;;;;;;;;;;;;;;;;;;;;;;;;;;;;;;;;
3;Sudeste;35;SP;São Paulo;3525102;Jardinópolis;2398612.345;52970.55;1933190.184;42692.24;1580760.481;34708.42;100311.166;227269.233;825790.259;239951.348;1393322.007;187438.474;Demais serviços;Administração, defesa, educação e saúde públicas e seguridade social;Comércio e reparação de veículos automotores e motocicletas;6;True;96.1;0.963248;254.63;260.61;4.167126;4.0;;96.1;0.963248;254.63;260.61;4.167126;4.0;;93.1;0.929648;254.7;259.51;5.236833;4.9;;;;;;;;;96.6;0.965731;212.32;198.04;5.616688;5.4;;96.6;0.965731;212.32;198.04;5.616688;5.4;;93.1;0.929648;254.7;259.51;5.236833;4.9;;;;;;;;;;;;;;;;;;;;;;;;;;;;;
3;Sudeste;35;SP;São Paulo;3525201;Jarinu;3546443.823;94483.65;3245903.103;86476.7;2997399.556;96153.71;55015.372;565116.712;1683142.428;192492.104;2495766.616;501632.94;Demais serviços;Comércio e reparação de veículos automotores e motocicletas;Indústrias de transformação;6;True;95.9;0.958782;273.12;283.45;4.768733;4.6;;95.9;0.958782;273.12;283.45;4.768733;4.6;;98.7;0.985923;263.32;260.04;5.389333;5.3;;98.7;0.985923;263.32;260.04;5.389333;5.3;;99.7;0.997168;212.84;203.22;5.720794;5.7;;99.7;0.997168;212.84;203.22;5.720794;5.7;;;;;;;;;;;;;;;;;;;;;;;;;;;;;;;;;;;;
3;Sudeste;35;SP;São Paulo;3525300;Jaú;6542932.931;49011.83;6248399.582;46805.54;5582394.761;36376.16;125734.564;878277.38;3302757.538;644925.339;4951694.821;630699.94;Demais serviços;Comércio e reparação de veículos automotores e motocicletas;Administração, defesa, educação e saúde públicas e seguridade social;7;True;92.5;0.929871;278.56;284.48;4.860556;4.5;;92.5;0.929871;278.56;284.48;4.860556;4.5;;97.4;0.973435;259.29;263.58;5.381167;5.2;;97.1;0.970412;256.96;262.13;5.318167;5.2;;99.5;0.994985;235.79;219.62;6.456953;6.4;;99.5;0.994985;235.79;219.62;6.456953;6.4;;99.2;0.992183;273.99;272.7;5.778167;5.7;;;;;;;;;;;;;;;;;;;;;;;;;;;;;
3;Sudeste;35;SP;São Paulo;3525409;Jeriquara;308788.507;79934.9;153123.769;39638.56;168937.393;53750.36;97912.801;9837.269;34950.275;21196.972;163897.317;5040.076;Agricultura, inclusive apoio à agricultura e a pós colheita;Demais serviços;Administração, defesa, educação e saúde públicas e seguridade social;6;True;100.0;1.0;249.35;254.39;3.999855;4.0;;100.0;1.0;249.35;254.39;3.999855;4.0;;97.8;0.96973;255.3;258.16;5.224333;5.1;;;;;;;;;94.2;0.950429;246.35;214.69;6.568843;6.2;;94.2;0.950429;246.35;214.69;6.568843;6.2;;97.8;0.96973;255.3;258.16;5.224333;5.1;;;;;;;;;;;;;;;;;;;;;;;;;;;;;
3;Sudeste;35;SP;São Paulo;3525508;Joanópolis;335736.757;26198.73;285354.38;22267.22;261557.616;19442.33;25635.617;13741.125;141279.273;63361.833;244017.848;17539.768;Demais serviços;Administração, defesa, educação e saúde públicas e seguridade social;Comércio e reparação de veículos automotores e motocicletas;6;True;98.3;0.983329;277.14;276.92;4.727439;4.6;;98.3;0.983329;277.14;276.92;4.727439;4.6;;99.4;0.993479;265.53;268.24;5.562833;5.5;;;;;;;;;97.4;0.974313;233.85;218.53;6.400112;6.2;;97.4;0.974313;233.85;218.53;6.400112;6.2;;99.4;0.993479;265.53;268.24;5.562833;5.5;;;;;;;;;;;;;;;;;;;;;;;;;;;;;
3;Sudeste;35;SP;São Paulo;3525607;João Ramalho;186999.917;42781.95;119071.339;27241.21;148675.33;32483.14;84115.008;2976.951;33336.969;23600.407;144029.335;4645.994;Agricultura, inclusive apoio à agricultura e a pós colheita;Pecuária, inclusive apoio à pecuária;Demais serviços;4;True;;;;;;;;;;;;;;;100.0;1.0;278.91;272.87;5.863;5.9;;100.0;1.0;278.91;272.87;5.863;5.9;;100.0;1.0;227.75;218.59;6.28479;6.3;;100.0;1.0;227.75;218.59;6.28479;6.3;;;;;;;;;;;;;;;;;;;;;;;;;;;;;;;;;;;;
3;Sudeste;35;SP;São Paulo;3525706;José Bonifácio;1940540.325;52972.47;1642066.802;44824.8;1381751.014;36644.42;166490.548;272609.518;626318.305;194282.52;1259700.891;122050.123;Demais serviços;Indústrias de transformação;Administração, defesa, educação e saúde públicas e seguridade social;8;True;89.6;0.89077;262.75;266.86;4.374733;3.9;;89.6;0.89077;262.75;266.86;4.374733;3.9;;98.7;0.986995;266.98;264.83;5.530167;5.5;;98.5;0.984742;272.67;267.25;5.665333;5.6;;99.4;0.994148;232.19;210.7;6.226069;6.2;;98.9;0.986533;235.38;211.82;6.30731;6.2;;99.0;0.990227;259.56;261.69;5.354167;5.3;;100.0;1.0;230.04;209.94;6.17122;6.2;;;;;;;;;;;;;;;;;;;;;;
3;Sudeste;35;SP;São Paulo;3525805;Júlio Mesquita;82839.206;19473.25;67851.478;15950.04;58842.947;12197.96;9938.735;1690.562;20852.077;23464.639;55946.013;2896.933;Administração, defesa, educação e saúde públicas e seguridade social;Demais serviços;Agricultura, inclusive apoio à agricultura e a pós colheita;6;True;94.7;0.943278;256.08;257.6;4.142431;3.9;;94.7;0.943278;256.08;257.6;4.142431;3.9;;97.9;0.976489;239.34;239.9;4.654;4.5;;97.9;0.976489;239.34;239.9;4.654;4.5;;100.0;1.0;238.87;210.89;6.357004;6.4;;100.0;1.0;238.87;210.89;6.357004;6.4;;;;;;;;;;;;;;;;;;;;;;;;;;;;;;;;;;;;
3;Sudeste;35;SP;São Paulo;3525854;Jumirim;287950.527;94224.65;237904.897;77772.11;213999.554;61724.71;18361.669;86777.174;55533.029;20608.189;181280.062;32719.492;Indústrias de transformação;Demais serviços;Administração, defesa, educação e saúde públicas e seguridade social;6;True;90.3;0.901935;283.65;286.88;4.967973;4.5;;90.3;0.901935;283.65;286.88;4.967973;4.5;;95.8;0.960784;266.36;269.16;5.592;5.4;;;;;;;;;97.6;0.975468;252.48;233.87;7.034555;6.9;;97.6;0.975468;252.48;233.87;7.034555;6.9;;95.8;0.960784;266.36;269.16;5.592;5.4;;;;;;;;;;;;;;;;;;;;;;;;;;;;;
3;Sudeste;35;SP;São Paulo;3525904;Jundiaí;65418378.096;147597.65;63835906.83;144061.39;57670892.685;135081.2;185537.439;11700443.69;29583739.418;2239148.491;43708869.039;13962023.646;Demais serviços;Comércio e reparação de veículos automotores e motocicletas;Indústrias de transformação;7;True;96.6;0.965926;277.81;286.74;4.883855;4.7;;96.6;0.966263;278.38;287.14;4.897849;4.7;;98.5;0.984691;269.0;271.07;5.667833;5.6;;98.5;0.984691;269.0;271.07;5.667833;5.6;;100.0;1.0;253.81;236.65;7.110482;7.1;;100.0;1.0;253.81;236.65;7.110482;7.1;;;;;;;;;;;;;;;;97.3;0.972843;331.63;324.24;6.201131;6.0;;;;;;;;;;;;;;;
3;Sudeste;35;SP;São Paulo;3526001;Junqueirópolis;940870.636;46012.84;878755.577;42975.14;807879.163;38510.78;73462.948;177594.526;380557.884;98820.88;730436.239;77442.925;Demais serviços;Indústrias de transformação;Administração, defesa, educação e saúde públicas e seguridade social;6;True;97.8;0.979524;278.62;278.82;4.776669;4.7;;97.8;0.979524;278.62;278.82;4.776669;4.7;;99.3;0.992498;280.11;278.58;5.978167;5.9;;99.3;0.992498;280.11;278.58;5.978167;5.9;;100.0;1.0;274.61;247.22;7.699611;7.7;;100.0;1.0;274.61;247.22;7.699611;7.7;;;;;;;;;;;;;;;;;;;;;;;;;;;;;;;;;;;;
3;Sudeste;35;SP;São Paulo;3526100;Juquiá;446417.514;26024.11;379655.194;22132.17;366459.396;19673.56;89324.04;21741.048;148761.986;86907.696;346734.77;19724.626;Demais serviços;Administração, defesa, educação e saúde públicas e seguridade social;Agricultura, inclusive apoio à agricultura e a pós colheita;6;True;98.0;0.981275;269.59;274.39;4.583525;4.5;;98.0;0.981275;269.59;274.39;4.583525;4.5;;99.6;0.995976;255.17;255.7;5.181167;5.2;;99.6;0.995976;255.17;255.7;5.181167;5.2;;100.0;1.0;244.54;226.32;6.745756;6.7;;100.0;1.0;244.54;226.32;6.745756;6.7;;;;;;;;;;;;;;;;;;;;;;;;;;;;;;;;;;;;
3;Sudeste;35;SP;São Paulo;3526209;Juquitiba;660665.184;24108.35;623225.787;22742.15;573997.22;18025.29;1252.926;78290.446;306244.897;134189.67;519977.939;54019.281;Demais serviços;Administração, defesa, educação e saúde públicas e seguridade social;Comércio e reparação de veículos automotores e motocicletas;7;True;95.5;0.953404;278.5;286.64;4.892049;4.7;;95.5;0.953404;278.5;286.64;4.892049;4.7;;99.6;0.996241;265.11;260.72;5.4305;5.4;;99.6;0.995991;265.11;260.72;5.4305;5.4;;99.8;0.998197;232.44;220.81;6.414658;6.4;;99.8;0.998195;233.54;220.53;6.430559;6.4;;;;;;;;;99.8;0.998195;231.59;221.03;6.402437;6.4;;;;;;;;;;;;;;;;;;;;;;
3;Sudeste;35;SP;São Paulo;3526308;Lagoinha;101410.723;19950.96;83001.502;16329.24;73967.039;15150.97;11329.111;3547.553;30228.134;25593.956;70698.754;3268.285;Demais serviços;Administração, defesa, educação e saúde públicas e seguridade social;Pecuária, inclusive apoio à pecuária;6;True;95.7;0.961026;286.56;290.8;5.067527;4.9;;95.7;0.961026;286.56;290.8;5.067527;4.9;;98.1;0.978157;269.99;258.94;5.482167;5.4;;98.1;0.978157;269.99;258.94;5.482167;5.4;;100.0;1.0;246.68;230.73;6.866777;6.9;;100.0;1.0;246.68;230.73;6.866777;6.9;;;;;;;;;;;;;;;;;;;;;;;;;;;;;;;;;;;;
3;Sudeste;35;SP;São Paulo;3526407;Laranjal Paulista;1688979.269;64315.12;1522677.901;57982.48;1411101.003;48579.92;40153.573;509863.048;502218.974;146191.816;1198427.411;212673.592;Indústrias de transformação;Demais serviços;Administração, defesa, educação e saúde públicas e seguridade social;7;True;89.1;0.893157;267.23;280.34;4.639451;4.1;;89.1;0.893157;267.23;280.34;4.639451;4.1;;97.7;0.975874;257.49;262.16;5.3275;5.2;;96.1;0.958171;252.04;259.25;5.188167;5.0;;98.8;0.987777;222.52;210.74;6.042254;6.0;;98.8;0.987777;222.52;210.74;6.042254;6.0;;98.1;0.9816;259.61;263.29;5.381667;5.3;;;;;;;;;;;;;;;;;;;;;;;;;;;;;
3;Sudeste;35;SP;São Paulo;3526506;Lavínia;262293.976;27071.32;180410.777;18620.16;184895.988;14696.45;69549.161;4258.765;50632.822;52775.844;177216.593;7679.395;Agricultura, inclusive apoio à agricultura e a pós colheita;Administração, defesa, educação e saúde públicas e seguridade social;Demais serviços;6;True;99.4;0.995289;293.11;303.27;5.346198;5.3;;99.4;0.995289;293.11;303.27;5.346198;5.3;;91.7;0.915656;253.11;253.77;5.114667;4.7;;;;;;;;;97.9;0.978945;245.34;225.86;6.752659;6.6;;97.9;0.978945;245.34;225.86;6.752659;6.6;;91.7;0.915656;253.11;253.77;5.114667;4.7;;;;;;;;;;;;;;;;;;;;;;;;;;;;;
3;Sudeste;35;SP;São Paulo;3526605;Lavrinhas;169896.176;23692.12;154189.566;21501.82;133317.098;18111.28;5803.588;22491.291;50203.183;39864.726;118362.789;14954.309;Demais serviços;Administração, defesa, educação e saúde públicas e seguridade social;Indústrias de transformação;7;True;97.2;0.968096;261.56;278.07;4.525834;4.4;;97.2;0.968096;261.56;278.07;4.525834;4.4;;97.8;0.978016;255.23;252.0;5.1205;5.0;;100.0;1.0;264.72;262.66;5.456333;5.5;;98.4;0.987534;222.47;211.01;6.046209;6.0;;98.4;0.987534;222.47;211.01;6.046209;6.0;;97.4;0.974077;252.23;248.63;5.014333;4.9;;;;;;;;;;;;;;;;;;;;;;;;;;;;;
3;Sudeste;35;SP;São Paulo;3526704;Leme;4938511.737;50310.32;5139315.315;52364.51;4101866.544;38964.09;111181.589;983962.352;1929158.941;459955.021;3484257.903;617608.642;Demais serviços;Indústrias de transformação;Administração, defesa, educação e saúde públicas e seguridade social;6;True;97.5;0.973989;276.63;282.99;4.811144;4.7;;97.5;0.973989;276.63;282.99;4.811144;4.7;;98.9;0.989241;257.19;260.61;5.296667;5.2;;98.9;0.989241;257.19;260.61;5.296667;5.2;;100.0;1.0;238.7;223.12;6.576124;6.6;;100.0;1.0;238.7;223.12;6.576124;6.6;;;;;;;;;;;;;;;;;;;;;;;;;;;;;;;;;;;;
3;Sudeste;35;SP;São Paulo;3526803;Lençóis Paulista;6564647.742;98709.09;5881417.984;88435.73;4924228.119;70818.58;97655.088;1872223.387;1952286.818;327595.869;4249761.163;674466.956;Indústrias de transformação;Demais serviços;Comércio e reparação de veículos automotores e motocicletas;7;True;97.0;0.969398;278.3;283.89;4.848072;4.7;;97.0;0.969398;278.3;283.89;4.848072;4.7;;98.2;0.981739;267.66;267.11;5.5795;5.5;;97.1;0.970973;265.2;266.81;5.5335;5.4;;99.1;0.991304;239.56;220.74;6.549263;6.5;;99.1;0.991304;239.56;220.74;6.549263;6.5;;99.4;0.993995;270.77;267.5;5.637833;5.6;;;;;;;;;;;;;;;;;;;;;;;;;;;;;
3;Sudeste;35;SP;São Paulo;3526902;Limeira;20876940.083;71528.46;19078470.332;65366.55;16060738.811;51678.31;113031.059;4846073.774;7194792.767;1324328.677;13478226.277;2582512.534;Demais serviços;Indústrias de transformação;Comércio e reparação de veículos automotores e motocicletas;7;True;95.8;0.957843;280.94;285.72;4.912546;4.7;;95.8;0.957843;280.94;285.72;4.912546;4.7;;98.6;0.985973;269.22;269.88;5.651667;5.6;;98.6;0.985973;269.22;269.88;5.651667;5.6;;99.6;0.995993;251.5;234.74;7.031671;7.0;;99.6;0.995792;251.34;233.93;7.01389;7.0;;;;;;;;;99.7;0.99637;253.42;244.66;7.248676;7.2;;;;;;;;;;;;;;;;;;;;;;
3;Sudeste;35;SP;São Paulo;3527009;Lindóia;405308.216;57785.6;321979.886;45931.51;246178.779;30018.14;9518.671;76442.616;91644.672;43819.052;221425.01;24753.768;Demais serviços;Indústrias de transformação;Administração, defesa, educação e saúde públicas e seguridade social;6;True;92.4;0.924623;283.17;286.27;4.9521;4.6;;92.4;0.924623;283.17;286.27;4.9521;4.6;;95.4;0.953248;267.89;266.93;5.580333;5.3;;;;;;;;;96.4;0.962382;227.66;218.37;6.279073;6.0;;96.4;0.962382;227.66;218.37;6.279073;6.0;;95.4;0.953248;267.89;266.93;5.580333;5.3;;;;;;;;;;;;;;;;;;;;;;;;;;;;;
3;Sudeste;35;SP;São Paulo;3527108;Lins;8610362.609;115144.13;8848508.844;118328.79;6763890.055;85642.71;70627.343;3089440.83;2421186.445;300941.295;5882195.913;881694.143;Indústrias de transformação;Demais serviços;Administração, defesa, educação e saúde públicas e seguridade social;8;True;85.8;0.861843;273.38;281.92;4.74948;4.1;;85.8;0.861843;273.38;281.92;4.74948;4.1;;95.2;0.951454;256.93;258.4;5.2555;5.0;;94.8;0.948694;255.33;257.41;5.212333;4.9;;99.1;0.991615;234.05;219.79;6.426838;6.4;;100.0;1.0;247.26;226.13;6.79421;6.8;;98.8;0.988943;299.93;285.1;6.417167;6.3;;98.8;0.988055;229.73;217.72;6.306759;6.2;;;;;;;;;;;;;;;;;;;;;;
3;Sudeste;35;SP;São Paulo;3527207;Lorena;4501317.953;53047.17;4172744.052;49174.99;3876663.467;43299.19;18505.743;1316995.55;1702224.4;368780.192;3406505.885;470157.583;Demais serviços;Indústrias de transformação;Administração, defesa, educação e saúde públicas e seguridade social;7;True;95.1;0.953706;273.76;282.42;4.762302;4.5;;95.1;0.953706;273.76;282.42;4.762302;4.5;;95.0;0.95009;255.68;258.01;5.228167;5.0;;96.1;0.959944;253.73;257.17;5.181667;5.0;;94.9;0.948939;222.18;208.76;5.999765;5.7;;94.9;0.948939;222.18;208.76;5.999765;5.7;;93.7;0.935646;257.93;258.98;5.281833;4.9;;;;;;;;;;;;;;;;;;;;;;;;;;;;;
3;Sudeste;35;SP;São Paulo;3527256;Lourdes;55440.123;28430.83;43632.559;22375.67;43489.176;18818.34;8581.456;1979.826;14230.276;17220.932;42012.49;1476.686;Administração, defesa, educação e saúde públicas e seguridade social;Demais serviços;Agricultura, inclusive apoio à agricultura e a pós colheita;6;True;100.0;1.0;260.88;263.1;4.292182;4.3;;100.0;1.0;260.88;263.1;4.292182;4.3;;100.0;1.0;278.88;266.36;5.754;5.8;;100.0;1.0;278.88;266.36;5.754;5.8;;100.0;1.0;229.33;207.49;6.113125;6.1;;100.0;1.0;229.33;207.49;6.113125;6.1;;;;;;;;;;;;;;;;;;;;;;;;;;;;;;;;;;;;
3;Sudeste;35;SP;São Paulo;3527306;Louveira;20154612.051;388732.46;19241992.433;371230.54;19677150.59;385773.53;37358.866;5764020.101;9636000.876;326980.049;15764359.891;3912790.699;Indústrias de transformação;Comércio e reparação de veículos automotores e motocicletas;Demais serviços;6;True;94.5;0.94307;264.3;272.64;4.48303;4.2;;94.5;0.94307;264.3;272.64;4.48303;4.2;;98.0;0.980118;264.57;265.27;5.497333;5.4;;98.0;0.980118;264.57;265.27;5.497333;5.4;;99.9;0.9996;241.19;226.98;6.693824;6.7;;99.9;0.9996;241.19;226.98;6.693824;6.7;;;;;;;;;;;;;;;;;;;;;;;;;;;;;;;;;;;;
3;Sudeste;35;SP;São Paulo;3527405;Lucélia;600068.339;29912.18;541971.346;27016.17;584271.282;26531.25;35246.051;142852.412;243594.022;104868.651;526561.136;57710.145;Demais serviços;Indústrias de transformação;Administração, defesa, educação e saúde públicas e seguridade social;7;True;93.6;0.927525;272.03;278.13;4.673783;4.3;;93.6;0.927525;272.03;278.13;4.673783;4.3;;99.0;0.989962;267.55;261.53;5.484667;5.4;;99.0;0.989898;257.45;247.57;5.083667;5.0;;98.5;0.985395;259.11;238.51;7.245446;7.1;;98.5;0.985395;259.11;238.51;7.245446;7.1;;99.1;0.991157;281.1;280.26;6.022667;6.0;;;;;;;;;;;;;;;;;;;;;;;;;;;;;
3;Sudeste;35;SP;São Paulo;3527504;Lucianópolis;138654.329;58454.61;73640.153;31045.6;70465.375;29214.5;26831.011;2953.541;19569.077;18427.169;67780.797;2684.578;Agricultura, inclusive apoio à agricultura e a pós colheita;Administração, defesa, educação e saúde públicas e seguridade social;Demais serviços;4;True;97.2;0.968538;264.7;255.08;4.225774;4.1;;97.2;0.968538;264.7;255.08;4.225774;4.1;;;;;;;;;;;;;;;;96.4;0.962481;239.14;227.25;6.659611;6.4;;96.4;0.962481;239.14;227.25;6.659611;6.4;;;;;;;;;;;;;;;;;;;;;;;;;;;;;;;;;;;;
3;Sudeste;35;SP;São Paulo;3527603;Luís Antônio;2385616.849;194506.06;1813179.403;147833.62;1556606.521;99603.69;90672.033;872248.358;332391.495;97912.357;1393224.243;163382.277;Indústrias de transformação;Demais serviços;Administração, defesa, educação e saúde públicas e seguridade social;6;True;90.8;0.91461;267.16;278.57;4.611971;4.2;;90.8;0.91461;267.16;278.57;4.611971;4.2;;96.4;0.963812;261.43;255.48;5.281833;5.1;;;;;;;;;96.9;0.971529;235.28;213.48;6.335584;6.2;;96.9;0.971529;235.28;213.48;6.335584;6.2;;96.4;0.963812;261.43;255.48;5.281833;5.1;;;;;;;;;;;;;;;;;;;;;;;;;;;;;
3;Sudeste;35;SP;São Paulo;3527702;Luiziânia;117808.607;25060.33;95716.627;20360.91;93808.712;15851.42;25156.373;4672.184;32076.789;28993.253;90898.598;2910.114;Demais serviços;Administração, defesa, educação e saúde públicas e seguridade social;Agricultura, inclusive apoio à agricultura e a pós colheita;6;True;97.5;0.96959;267.7;273.19;4.539016;4.4;;97.5;0.96959;267.7;273.19;4.539016;4.4;;97.2;0.971347;280.47;272.17;5.877333;5.7;;97.2;0.971347;280.47;272.17;5.877333;5.7;;100.0;1.0;256.58;230.24;7.046799;7.0;;100.0;1.0;256.58;230.24;7.046799;7.0;;;;;;;;;;;;;;;;;;;;;;;;;;;;;;;;;;;;
3;Sudeste;35;SP;São Paulo;3527801;Lupércio;115243.875;28948.47;96789.147;24312.77;98336.886;21340.47;19870.025;15263.583;32156.673;25569.845;92860.127;5476.76;Demais serviços;Administração, defesa, educação e saúde públicas e seguridade social;Agricultura, inclusive apoio à agricultura e a pós colheita;6;True;98.4;0.982504;268.56;266.23;4.446903;4.4;;98.4;0.982504;268.56;266.23;4.446903;4.4;;99.5;0.994666;259.44;254.24;5.228;5.2;;99.5;0.994666;259.44;254.24;5.228;5.2;;99.0;0.988709;223.78;205.8;5.976482;5.9;;99.0;0.988709;223.78;205.8;5.976482;5.9;;;;;;;;;;;;;;;;;;;;;;;;;;;;;;;;;;;;
3;Sudeste;35;SP;São Paulo;3527900;Lutécia;135644.625;50975.06;100630.589;37745.91;101173.117;38571.53;50510.647;6703.815;21320.834;19554.955;98090.252;3082.866;Agricultura, inclusive apoio à agricultura e a pós colheita;Demais serviços;Administração, defesa, educação e saúde públicas e seguridade social;6;True;97.1;0.971831;263.96;269.34;4.428854;4.3;;97.1;0.971831;263.96;269.34;4.428854;4.3;;99.4;0.994666;262.36;267.01;5.4895;5.5;;99.4;0.994666;262.36;267.01;5.4895;5.5;;93.1;0.934451;265.36;239.69;7.386175;6.9;;93.1;0.934451;265.36;239.69;7.386175;6.9;;;;;;;;;;;;;;;;;;;;;;;;;;;;;;;;;;;;
3;Sudeste;35;SP;São Paulo;3528007;Macatuba;691847.287;41110.42;636544.053;37824.24;643782.915;37292.64;33949.897;82702.954;364670.144;79429.692;560752.686;83030.229;Demais serviços;Comércio e reparação de veículos automotores e motocicletas;Administração, defesa, educação e saúde públicas e seguridade social;6;True;93.9;0.942189;263.51;268.05;4.403222;4.1;;93.9;0.942189;263.51;268.05;4.403222;4.1;;99.4;0.993962;261.67;263.4;5.417833;5.4;;99.4;0.993962;261.67;263.4;5.417833;5.4;;97.9;0.978731;255.49;239.82;7.20018;7.0;;97.9;0.978731;255.49;239.82;7.20018;7.0;;;;;;;;;;;;;;;;;;;;;;;;;;;;;;;;;;;;
3;Sudeste;35;SP;São Paulo;3528106;Macaubal;245038.153;32754.73;215139.565;28758.13;196951.791;24094.91;55945.013;8253.751;85914.091;35699.717;185812.572;11139.219;Demais serviços;Agricultura, inclusive apoio à agricultura e a pós colheita;Administração, defesa, educação e saúde públicas e seguridade social;6;True;99.0;0.988263;281.76;292.54;5.026159;5.0;;99.0;0.988263;281.76;292.54;5.026159;5.0;;100.0;1.0;265.4;266.85;5.5375;5.5;;100.0;1.0;265.4;266.85;5.5375;5.5;;100.0;1.0;223.21;214.54;6.124513;6.1;;100.0;1.0;223.21;214.54;6.124513;6.1;;;;;;;;;;;;;;;;;;;;;;;;;;;;;;;;;;;;
3;Sudeste;35;SP;São Paulo;3528205;Macedônia;123749.527;31226.22;93684.277;23639.74;90930.779;24669.23;31397.42;6711.848;25016.834;24948.074;88074.175;2856.604;Administração, defesa, educação e saúde públicas e seguridade social;Demais serviços;Agricultura, inclusive apoio à agricultura e a pós colheita;6;True;99.0;0.983471;279.52;287.09;4.913111;4.8;;99.0;0.983471;279.52;287.09;4.913111;4.8;;100.0;1.0;270.15;266.32;5.607833;5.6;;100.0;1.0;270.15;266.32;5.607833;5.6;;98.9;0.990233;251.03;239.3;7.105611;7.0;;98.9;0.990233;251.03;239.3;7.105611;7.0;;;;;;;;;;;;;;;;;;;;;;;;;;;;;;;;;;;;
3;Sudeste;35;SP;São Paulo;3528304;Magda;168948.851;53380.36;121126.535;38270.63;104128.024;33742.07;39341.008;5487.237;34183.619;20299.581;99311.445;4816.58;Agricultura, inclusive apoio à agricultura e a pós colheita;Demais serviços;Administração, defesa, educação e saúde públicas e seguridade social;6;True;97.5;0.971831;276.88;302.35;5.104476;5.0;;97.5;0.971831;276.88;302.35;5.104476;5.0;;100.0;1.0;297.78;285.75;6.392167;6.4;;100.0;1.0;297.78;285.75;6.392167;6.4;;99.4;0.994481;230.7;234.89;6.637452;6.6;;99.4;0.994481;230.7;234.89;6.637452;6.6;;;;;;;;;;;;;;;;;;;;;;;;;;;;;;;;;;;;
3;Sudeste;35;SP;São Paulo;3528403;Mairinque;2923463.212;58437.71;2613752.712;52304.34;2695115.819;56474.15;22658.27;990050.729;989066.471;250616.534;2252392.004;442723.815;Indústrias de transformação;Demais serviços;Administração, defesa, educação e saúde públicas e seguridade social;6;True;97.0;0.970811;275.74;287.82;4.87095;4.7;;97.0;0.970811;275.74;287.82;4.87095;4.7;;91.9;0.918751;253.66;253.44;5.118333;4.7;;;;;;;;;96.7;0.967961;219.14;206.36;5.898114;5.7;;96.7;0.967961;219.14;206.36;5.898114;5.7;;91.9;0.918751;253.66;253.44;5.118333;4.7;;;;;;;;;;;;;;;;;;;;;;;;;;;;;
3;Sudeste;35;SP;São Paulo;3528502;Mairiporã;2767181.265;29484.21;2484184.151;26535.61;2288091.621;22076.24;1026.728;439959.434;1139823.038;405640.392;1986449.592;301642.029;Demais serviços;Administração, defesa, educação e saúde públicas e seguridade social;Indústrias de transformação;6;True;95.3;0.955924;259.37;271.77;4.400764;4.2;;95.3;0.955924;259.37;271.77;4.400764;4.2;;98.6;0.985392;257.17;261.16;5.3055;5.2;;98.6;0.985392;257.17;261.16;5.3055;5.2;;100.0;1.0;237.78;226.2;6.614566;6.6;;100.0;1.0;237.78;226.2;6.614566;6.6;;;;;;;;;;;;;;;;;;;;;;;;;;;;;;;;;;;;
3;Sudeste;35;SP;São Paulo;3528601;Manduri;361118.423;36583.77;310583.804;31464.27;291908.192;29272.78;69510.14;38516.836;109164.946;46612.702;263804.624;28103.568;Demais serviços;Agricultura, inclusive apoio à agricultura e a pós colheita;Administração, defesa, educação e saúde públicas e seguridade social;6;True;92.2;0.925985;257.97;279.41;4.495473;4.2;;92.2;0.925985;257.97;279.41;4.495473;4.2;;98.7;0.986743;241.72;249.14;4.847667;4.8;;98.7;0.986743;241.72;249.14;4.847667;4.8;;100.0;1.0;233.31;222.43;6.460715;6.5;;100.0;1.0;233.31;222.43;6.460715;6.5;;;;;;;;;;;;;;;;;;;;;;;;;;;;;;;;;;;;
3;Sudeste;35;SP;São Paulo;3528700;Marabá Paulista;201667.809;44099.67;139886.538;30589.66;157010.99;25999.5;82794.916;5128.944;28518.134;36865.669;153307.664;3703.326;Agricultura, inclusive apoio à agricultura e a pós colheita;Administração, defesa, educação e saúde públicas e seguridade social;Demais serviços;6;True;95.8;0.962575;259.88;283.0;4.576041;4.4;;95.8;0.962575;259.88;283.0;4.576041;4.4;;100.0;1.0;261.88;265.54;5.457;5.5;;100.0;1.0;261.88;265.54;5.457;5.5;;97.0;0.97157;236.87;212.97;6.356654;6.2;;97.0;0.97157;236.87;212.97;6.356654;6.2;;;;;;;;;;;;;;;;;;;;;;;;;;;;;;;;;;;;
3;Sudeste;35;SP;São Paulo;3528809;Maracaí;1039675.675;82038.64;953215.328;75216.23;517397.816;36775.73;81317.267;67438.835;245176.044;74799.869;468732.015;48665.801;Demais serviços;Comércio e reparação de veículos automotores e motocicletas;Agricultura, inclusive apoio à agricultura e a pós colheita;6;True;97.7;0.980401;265.11;268.63;4.434376;4.3;;97.7;0.980401;265.11;268.63;4.434376;4.3;;99.6;0.996236;262.89;265.69;5.476333;5.5;;99.6;0.996236;262.89;265.69;5.476333;5.5;;100.0;1.0;237.02;215.21;6.400244;6.4;;100.0;1.0;237.02;215.21;6.400244;6.4;;;;;;;;;;;;;;;;;;;;;;;;;;;;;;;;;;;;
3;Sudeste;35;SP;São Paulo;3528858;Marapoama;163561.59;49684.57;124020.437;37673.28;119694.406;38648.5;37043.072;12995.587;37276.323;23401.81;110716.792;8977.615;Agricultura, inclusive apoio à agricultura e a pós colheita;Demais serviços;Administração, defesa, educação e saúde públicas e seguridade social;6;True;100.0;1.0;291.75;280.53;4.986677;5.0;;100.0;1.0;291.75;280.53;4.986677;5.0;;99.3;0.99311;280.47;265.64;5.7685;5.7;;99.3;0.99311;280.47;265.64;5.7685;5.7;;100.0;1.0;272.06;243.0;7.574219;7.6;;100.0;1.0;272.06;243.0;7.574219;7.6;;;;;;;;;;;;;;;;;;;;;;;;;;;;;;;;;;;;
3;Sudeste;35;SP;São Paulo;3528908;Mariápolis;90254.596;25691.6;69905.743;19899.16;76481.673;18663.17;29656.761;3686.543;20335.457;21020.44;74699.202;1782.47;Agricultura, inclusive apoio à agricultura e a pós colheita;Administração, defesa, educação e saúde públicas e seguridade social;Demais serviços;6;True;86.2;0.856013;256.93;276.52;4.437603;3.8;;86.2;0.856013;256.93;276.52;4.437603;3.8;;100.0;1.0;254.12;251.81;5.098833;5.1;;100.0;1.0;254.12;251.81;5.098833;5.1;;100.0;1.0;224.05;208.89;6.037816;6.0;;100.0;1.0;224.05;208.89;6.037816;6.0;;;;;;;;;;;;;;;;;;;;;;;;;;;;;;;;;;;;
3;Sudeste;35;SP;São Paulo;3529005;Marília;12507570.77;52635.31;11020231.383;46375.78;9756006.261;40272.64;93385.45;1380457.887;6118707.401;1057288.483;8649839.222;1106167.039;Demais serviços;Comércio e reparação de veículos automotores e motocicletas;Administração, defesa, educação e saúde públicas e seguridade social;7;True;93.6;0.937287;269.98;275.63;4.607566;4.3;;93.6;0.937287;269.98;275.63;4.607566;4.3;;98.1;0.981389;261.91;263.15;5.417667;5.3;;98.1;0.981389;261.91;263.15;5.417667;5.3;;99.7;0.99719;251.86;228.98;6.933814;6.9;;99.7;0.996987;253.63;229.66;6.979956;7.0;;;;;;;;;99.7;0.996995;243.59;225.78;6.717808;6.7;;;;;;;;;;;;;;;;;;;;;;
3;Sudeste;35;SP;São Paulo;3529104;Marinópolis;56364.596;30303.55;42489.826;22843.99;40066.938;19070.41;9334.689;2086.23;13107.037;14129.652;38657.608;1409.33;Administração, defesa, educação e saúde públicas e seguridade social;Demais serviços;Agricultura, inclusive apoio à agricultura e a pós colheita;6;True;100.0;1.0;280.98;300.48;5.134066;5.1;;100.0;1.0;280.98;300.48;5.134066;5.1;;100.0;1.0;305.69;307.62;6.8885;6.9;;100.0;1.0;305.69;307.62;6.8885;6.9;;100.0;1.0;206.63;206.44;5.660828;5.7;;100.0;1.0;206.63;206.44;5.660828;5.7;;;;;;;;;;;;;;;;;;;;;;;;;;;;;;;;;;;;
3;Sudeste;35;SP;São Paulo;3529203;Martinópolis;949416.286;38158.28;766182.395;30793.87;754950.447;28179.26;169680.7;87075.361;310024.342;133106.383;699886.786;55063.661;Demais serviços;Agricultura, inclusive apoio à agricultura e a pós colheita;Administração, defesa, educação e saúde públicas e seguridade social;7;True;90.8;0.908759;262.45;272.77;4.458993;4.1;;90.8;0.908759;262.45;272.77;4.458993;4.1;;97.7;0.977712;259.24;258.89;5.302167;5.2;;97.6;0.97611;258.55;257.86;5.2735;5.1;;99.9;0.999197;235.95;219.9;6.465097;6.5;;99.9;0.999197;235.95;219.9;6.465097;6.5;;99.0;0.990486;270.33;275.49;5.763667;5.7;;;;;;;;;;;;;;;;;;;;;;;;;;;;;
3;Sudeste;35;SP;São Paulo;3529302;Matão;7646780.494;96754.27;6187823.911;78294.18;5356571.323;63716.37;75388.306;2091848.538;2049721.336;349245.452;4566203.631;790367.692;Indústrias de transformação;Demais serviços;Administração, defesa, educação e saúde públicas e seguridade social;9;True;93.3;0.931578;268.64;274.42;4.570632;4.3;;93.2;0.931272;281.35;286.4;4.928484;4.6;;98.8;0.987994;268.49;266.04;5.5755;5.5;;98.8;0.987702;257.97;256.84;5.246833;5.2;;99.1;0.990144;237.65;223.78;6.568085;6.5;;98.1;0.979754;252.21;234.03;7.032312;6.9;;98.8;0.988887;287.2;282.42;6.160333;6.1;;99.7;0.995982;230.38;218.66;6.336254;6.3;;88.2;0.885896;317.23;325.32;6.015052;5.3;;;;;;;;;;;;;;;
3;Sudeste;35;SP;São Paulo;3529401;Mauá;25000732.02;59773.04;24111460.53;57646.93;20776212.745;43128.78;22.476;7756771.51;7936387.777;1810087.054;17503268.817;3272943.928;Indústrias de transformação;Demais serviços;Administração, defesa, educação e saúde públicas e seguridade social;8;True;93.3;0.931518;268.77;283.24;4.704494;4.4;;93.3;0.931518;268.77;283.24;4.704494;4.4;;96.9;0.968552;256.18;261.85;5.3005;5.1;;96.9;0.969044;256.37;262.16;5.308833;5.1;;99.4;0.994193;225.08;213.24;6.136563;6.1;;99.0;0.979606;197.64;188.98;5.171808;5.1;;94.3;0.942392;247.13;247.25;4.906333;4.6;;99.5;0.99459;225.91;213.98;6.165858;6.1;;;;;;;;;;;;;;;;;;;;;;
3;Sudeste;35;SP;São Paulo;3529500;Mendonça;593744.816;96402.8;474541.432;77048.45;374784.785;66474.78;22399.981;121950.078;149489.646;36115.589;329955.294;44829.49;Indústrias de transformação;Demais serviços;Comércio e reparação de veículos automotores e motocicletas;6;True;92.3;0.921869;270.75;282.66;4.72362;4.4;;92.3;0.921869;270.75;282.66;4.72362;4.4;;99.7;0.996718;281.46;272.3;5.896;5.9;;99.7;0.996718;281.46;272.3;5.896;5.9;;97.6;0.976597;270.24;238.57;7.458941;7.3;;97.6;0.976597;270.24;238.57;7.458941;7.3;;;;;;;;;;;;;;;;;;;;;;;;;;;;;;;;;;;;
3;Sudeste;35;SP;São Paulo;3529609;Meridiano;437548.09;95701.68;399566.164;87394.17;393842.471;103289.4;40163.573;168841.189;116133.402;27332.622;352470.786;41371.685;Indústrias de transformação;Demais serviços;Agricultura, inclusive apoio à agricultura e a pós colheita;6;True;99.1;0.992214;277.36;295.06;5.002086;5.0;;99.1;0.992214;277.36;295.06;5.002086;5.0;;99.5;0.994408;275.6;274.97;5.842833;5.8;;99.5;0.994408;275.6;274.97;5.842833;5.8;;98.9;0.990874;249.25;239.76;7.080005;7.0;;98.9;0.990874;249.25;239.76;7.080005;7.0;;;;;;;;;;;;;;;;;;;;;;;;;;;;;;;;;;;;
3;Sudeste;35;SP;São Paulo;3529658;Mesópolis;108331.327;55497.61;78851.943;40395.46;81615.128;42887.61;43033.586;3123.952;16358.319;15979.377;78495.234;3119.895;Agricultura, inclusive apoio à agricultura e a pós colheita;Administração, defesa, educação e saúde públicas e seguridade social;Demais serviços;6;True;94.6;0.944292;278.32;259.36;4.481138;4.2;;94.6;0.944292;278.32;259.36;4.481138;4.2;;91.9;0.92061;265.54;262.93;5.4745;5.0;;91.9;0.92061;265.54;262.93;5.4745;5.0;;97.5;0.975637;240.18;219.47;6.538004;6.4;;97.5;0.975637;240.18;219.47;6.538004;6.4;;;;;;;;;;;;;;;;;;;;;;;;;;;;;;;;;;;;
3;Sudeste;35;SP;São Paulo;3529708;Miguelópolis;1113098.239;57255.19;1079728.834;55538.75;1016136.928;45201.82;198445.634;442258.151;230862.465;117465.388;989031.638;27105.29;Eletricidade e gás, água, esgoto, atividades de gestão de resíduos e descontaminação;Demais serviços;Agricultura, inclusive apoio à agricultura e a pós colheita;6;True;98.6;0.985921;272.71;274.95;4.635729;4.6;;98.6;0.985921;272.71;274.95;4.635729;4.6;;88.7;0.887865;256.33;268.67;5.416667;4.8;;;;;;;;;92.5;0.925148;211.88;205.13;5.737201;5.3;;92.5;0.925148;211.88;205.13;5.737201;5.3;;88.7;0.887865;256.33;268.67;5.416667;4.8;;;;;;;;;;;;;;;;;;;;;;;;;;;;;
3;Sudeste;35;SP;São Paulo;3529807;Mineiros do Tietê;309941.386;27599.41;255740.214;22772.95;226257.409;17373.68;31033.258;36451.043;81089.288;58851.522;207425.112;18832.296;Demais serviços;Administração, defesa, educação e saúde públicas e seguridade social;Agricultura, inclusive apoio à agricultura e a pós colheita;4;True;;;;;;;;;;;;;;;98.5;0.984353;246.39;253.82;5.0035;4.9;;98.5;0.984353;246.39;253.82;5.0035;4.9;;99.5;0.995314;236.21;213.04;6.345332;6.3;;99.5;0.995314;236.21;213.04;6.345332;6.3;;;;;;;;;;;;;;;;;;;;;;;;;;;;;;;;;;;;
3;Sudeste;35;SP;São Paulo;3529906;Miracatu;560826.527;30228.35;471305.511;25403.2;456953.057;23420.28;66972.288;27338.093;232067.527;95529.134;421907.042;35046.015;Demais serviços;Administração, defesa, educação e saúde públicas e seguridade social;Agricultura, inclusive apoio à agricultura e a pós colheita;6;True;95.4;0.957787;268.32;276.24;4.593383;4.4;;95.4;0.957787;268.32;276.24;4.593383;4.4;;98.0;0.980038;257.18;256.27;5.224167;5.1;;98.0;0.980038;257.18;256.27;5.224167;5.1;;98.5;0.98547;227.2;208.93;6.098658;6.0;;98.6;0.986495;227.2;208.93;6.098658;6.0;;;;;;;;;;;;;;;;;;;;;;;;;;;;;;;;;;;;
3;Sudeste;35;SP;São Paulo;3530003;Mira Estrela;77240.19;24708.95;67283.145;21523.72;70361.627;22515.72;16877.594;5056.605;24736.617;21135.896;67806.712;2554.915;Demais serviços;Administração, defesa, educação e saúde públicas e seguridade social;Pecuária, inclusive apoio à pecuária;4;True;;;;;;;;;;;;;;;98.4;0.985114;282.01;269.38;5.8565;5.8;;98.4;0.985114;282.01;269.38;5.8565;5.8;;98.8;0.9898;260.91;234.76;7.211615;7.1;;98.8;0.9898;260.91;234.76;7.211615;7.1;;;;;;;;;;;;;;;;;;;;;;;;;;;;;;;;;;;;
3;Sudeste;35;SP;São Paulo;3530102;Mirandópolis;978818.314;34979.03;788259.463;28169.23;738742.24;24753.46;153563.244;95679.717;310447.962;121763.883;681454.806;57287.434;Demais serviços;Administração, defesa, educação e saúde públicas e seguridade social;Agricultura, inclusive apoio à agricultura e a pós colheita;6;True;97.0;0.97247;273.64;271.91;4.603282;4.5;;97.0;0.97247;273.64;271.91;4.603282;4.5;;99.0;0.989989;240.53;241.55;4.701333;4.7;;99.0;0.989989;240.53;241.55;4.701333;4.7;;99.8;0.998396;227.54;216.19;6.237146;6.2;;99.8;0.998396;227.54;216.19;6.237146;6.2;;;;;;;;;;;;;;;;;;;;;;;;;;;;;;;;;;;;
3;Sudeste;35;SP;São Paulo;3530201;Mirante do Paranapanema;651108.007;40906.45;585090.332;36758.83;606917.474;32957.78;136704.39;155338.587;174756.508;87262.364;554061.849;52855.625;Demais serviços;Indústrias de transformação;Agricultura, inclusive apoio à agricultura e a pós colheita;7;True;97.6;0.977998;267.73;270.94;4.505755;4.4;;97.6;0.977998;267.73;270.94;4.505755;4.4;;99.2;0.991873;257.45;255.37;5.213667;5.2;;99.2;0.991873;257.45;255.37;5.213667;5.2;;99.6;0.996141;234.37;220.96;6.454217;6.4;;99.5;0.994898;238.53;226.32;6.631061;6.6;;;;;;;;;99.7;0.99778;215.43;196.56;5.64913;5.6;;;;;;;;;;;;;;;;;;;;;;
3;Sudeste;35;SP;São Paulo;3530300;Mirassol;3345887.627;52826.75;3039964.543;47996.66;2660334.032;43778.54;47868.45;695647.435;1293726.584;276931.923;2314174.392;346159.64;Demais serviços;Indústrias de transformação;Comércio e reparação de veículos automotores e motocicletas;6;True;98.6;0.985965;280.93;287.48;4.938753;4.9;;98.6;0.985965;280.93;287.48;4.938753;4.9;;99.2;0.991483;281.85;280.83;6.044667;6.0;;99.2;0.991483;281.85;280.83;6.044667;6.0;;98.5;0.985624;250.42;231.79;6.957424;6.9;;98.5;0.985624;250.42;231.79;6.957424;6.9;;;;;;;;;;;;;;;;;;;;;;;;;;;;;;;;;;;;
3;Sudeste;35;SP;São Paulo;3530409;Mirassolândia;378154.379;80992.58;209298.604;44827.29;213294.971;42951.06;76241.233;44074.562;51176.863;26522.806;198015.463;15279.508;Demais serviços;Agricultura, inclusive apoio à agricultura e a pós colheita;Indústrias de transformação;6;True;95.4;0.95522;266.0;280.64;4.626667;4.4;;95.4;0.95522;266.0;280.64;4.626667;4.4;;97.6;0.974651;257.25;266.75;5.4;5.3;;97.6;0.974651;257.25;266.75;5.4;5.3;;100.0;1.0;249.22;232.63;6.949796;6.9;;100.0;1.0;249.22;232.63;6.949796;6.9;;;;;;;;;;;;;;;;;;;;;;;;;;;;;;;;;;;;
3;Sudeste;35;SP;São Paulo;3530508;Mococa;4014553.266;59315.81;3478085.054;51389.39;3043691.898;44065.5;216964.815;752040.895;1389338.352;320872.626;2679216.688;364475.21;Demais serviços;Indústrias de transformação;Comércio e reparação de veículos automotores e motocicletas;8;True;90.8;0.911927;274.06;277.65;4.695109;4.3;;89.7;0.900608;272.23;276.89;4.658029;4.2;;96.7;0.967124;257.68;256.65;5.238833;5.1;;96.6;0.966402;253.65;252.98;5.1105;4.9;;97.7;0.977134;220.61;208.06;5.957076;5.8;;96.2;0.961103;214.97;201.58;5.731625;5.5;;97.1;0.971067;277.35;274.48;5.863833;5.7;;99.8;0.998195;229.82;218.63;6.325022;6.3;;;;;;;;;;;;;;;;;;;;;;
3;Sudeste;35;SP;São Paulo;3530607;Mogi das Cruzes;26072522.197;57745.81;22702759.066;50455.62;19604517.461;43031.34;538093.689;4765447.415;9446543.059;1881376.429;16631460.593;2973056.869;Demais serviços;Indústrias de transformação;Comércio e reparação de veículos automotores e motocicletas;8;True;95.3;0.954609;271.87;279.76;4.695937;4.5;;95.3;0.954609;271.87;279.76;4.695937;4.5;;98.3;0.983197;261.41;264.13;5.425667;5.3;;98.3;0.98294;260.51;263.5;5.400167;5.3;;99.8;0.9978;230.3;217.55;6.314545;6.3;;99.8;0.9978;230.78;218.11;6.333888;6.3;;99.8;0.997988;295.73;288.31;6.400667;6.4;;99.2;0.992;212.25;196.53;5.587898;5.5;;;;;;;;;;;;;;;;;;;;;;
3;Sudeste;35;SP;São Paulo;3530706;Mogi Guaçu;9433837.649;61395.03;8182932.159;53253.15;6865386.209;44538.21;269941.874;1916750.466;3010575.411;719540.984;5916808.735;948577.474;Demais serviços;Indústrias de transformação;Administração, defesa, educação e saúde públicas e seguridade social;8;True;88.2;0.885487;274.65;278.42;4.714922;4.2;;88.8;0.891544;275.94;279.73;4.752651;4.2;;96.5;0.964928;270.74;273.75;5.7415;5.5;;95.2;0.951241;262.94;265.2;5.469;5.2;;99.1;0.991364;243.99;229.86;6.799623;6.7;;99.1;0.991364;243.99;229.86;6.799623;6.7;;97.6;0.975877;276.95;280.56;5.9585;5.8;;;;;;;;;;;;;;;;98.2;0.98285;289.87;293.84;5.159524;5.1;;;;;;;;
3;Sudeste;35;SP;São Paulo;3530805;Mogi Mirim;8092719.13;87434.03;7317579.339;79058.54;6313563.842;67095.62;215753.186;1540839.884;2918109.015;544512.084;5219214.168;1094349.674;Demais serviços;Indústrias de transformação;Comércio e reparação de veículos automotores e motocicletas;7;True;94.5;0.946271;275.33;282.29;4.782407;4.5;;94.5;0.946271;275.33;282.29;4.782407;4.5;;97.0;0.970563;263.07;264.47;5.459;5.3;;97.1;0.971518;255.19;255.49;5.178;5.0;;99.4;0.994178;243.7;223.43;6.67718;6.6;;99.4;0.994178;243.7;223.43;6.67718;6.6;;96.8;0.966733;278.95;282.54;6.024833;5.8;;;;;;;;;;;;;;;;;;;;;;;;;;;;;
3;Sudeste;35;SP;São Paulo;3530904;Mombuca;179188.607;48143.1;147771.732;39702.24;124517.473;35344.16;24900.335;30102.07;35638.196;25990.335;116630.936;7886.537;Demais serviços;Administração, defesa, educação e saúde públicas e seguridade social;Indústrias de transformação;6;True;89.7;0.894345;274.36;285.58;4.818035;4.3;;89.7;0.894345;274.36;285.58;4.818035;4.3;;92.6;0.924131;266.86;263.75;5.510167;5.1;;;;;;;;;94.8;0.949829;229.09;208.98;6.135636;5.8;;94.8;0.949829;229.09;208.98;6.135636;5.8;;92.6;0.924131;266.86;263.75;5.510167;5.1;;;;;;;;;;;;;;;;;;;;;;;;;;;;;
3;Sudeste;35;SP;São Paulo;3531001;Monções;77880.84;40206.94;63512.781;32789.25;58262.056;25620.96;8345.978;6710.647;19728.284;18772.309;53557.217;4704.839;Administração, defesa, educação e saúde públicas e seguridade social;Demais serviços;Agricultura, inclusive apoio à agricultura e a pós colheita;6;True;97.8;0.986301;270.4;284.86;4.751638;4.7;;97.8;0.986301;270.4;284.86;4.751638;4.7;;100.0;1.0;270.64;270.56;5.686667;5.7;;100.0;1.0;270.64;270.56;5.686667;5.7;;100.0;1.0;250.15;223.69;6.804999;6.8;;100.0;1.0;250.15;223.69;6.804999;6.8;;;;;;;;;;;;;;;;;;;;;;;;;;;;;;;;;;;;
3;Sudeste;35;SP;São Paulo;3531100;Mongaguá;1535905.805;24792.27;1396443.614;22541.1;1254605.285;21421.71;6363.217;139857.338;717173.344;315587.696;1178981.595;75623.69;Demais serviços;Administração, defesa, educação e saúde públicas e seguridade social;Comércio e reparação de veículos automotores e motocicletas;6;True;98.5;0.985658;261.16;270.21;4.402552;4.3;;98.5;0.985658;261.16;270.21;4.402552;4.3;;98.0;0.979727;241.84;247.29;4.818833;4.7;;;;;;;;;97.2;0.971314;213.59;203.03;5.731652;5.6;;97.1;0.971096;213.59;203.03;5.731652;5.6;;97.9;0.979225;241.84;247.29;4.818833;4.7;;;;;;;;;;;;;;;;;;;;;;;;;;;;;
3;Sudeste;35;SP;São Paulo;3531209;Monte Alegre do Sul;304555.388;35302.58;284876.225;33021.47;252217.893;30829.71;64320.06;22128.038;95325.886;43868.357;225642.341;26575.552;Demais serviços;Agricultura, inclusive apoio à agricultura e a pós colheita;Administração, defesa, educação e saúde públicas e seguridade social;6;True;91.9;0.920492;296.07;306.09;5.429986;5.0;;91.9;0.920492;296.07;306.09;5.429986;5.0;;89.6;0.897965;287.69;283.42;6.185167;5.6;;;;;;;;;95.0;0.950971;243.06;225.77;6.707511;6.4;;95.0;0.950971;243.06;225.77;6.707511;6.4;;89.6;0.897965;287.69;283.42;6.185167;5.6;;;;;;;;;;;;;;;;;;;;;;;;;;;;;
3;Sudeste;35;SP;São Paulo;3531308;Monte Alto;3062782.095;64379.33;2825781.759;59397.61;2435240.075;47713.32;259964.846;623780.456;1018818.591;228706.034;2131269.927;303970.148;Demais serviços;Indústrias de transformação;Agricultura, inclusive apoio à agricultura e a pós colheita;7;True;89.7;0.90466;266.82;270.36;4.484292;4.1;;89.7;0.90466;266.82;270.36;4.484292;4.1;;99.1;0.990997;258.42;255.82;5.237333;5.2;;98.7;0.986992;257.59;254.73;5.205333;5.1;;99.8;0.998592;234.1;219.3;6.418883;6.4;;99.8;0.998592;234.1;219.3;6.418883;6.4;;99.5;0.994722;259.48;257.21;5.278167;5.3;;;;;;;;;;;;;;;;;;;;;;;;;;;;;
3;Sudeste;35;SP;São Paulo;3531407;Monte Aprazível;1038559.71;46613.99;880683.706;39527.99;766600.054;29885.78;89782.696;167344.103;325577.154;119768.946;702472.899;64127.155;Demais serviços;Indústrias de transformação;Administração, defesa, educação e saúde públicas e seguridade social;7;True;87.2;0.880817;265.61;274.25;4.525531;4.0;;87.2;0.880817;265.61;274.25;4.525531;4.0;;98.5;0.984653;259.25;263.06;5.371833;5.3;;95.9;0.95811;269.73;268.93;5.644333;5.4;;99.8;0.997994;254.16;233.56;7.06098;7.0;;99.8;0.997994;254.16;233.56;7.06098;7.0;;99.1;0.991209;255.98;261.23;5.286833;5.2;;;;;;;;;;;;;;;;;;;;;;;;;;;;;
3;Sudeste;35;SP;São Paulo;3531506;Monte Azul Paulista;958013.847;52780.22;806993.239;44459.99;639162.497;33768.09;48168.399;53560.146;370222.627;99277.863;571229.035;67933.463;Demais serviços;Comércio e reparação de veículos automotores e motocicletas;Administração, defesa, educação e saúde públicas e seguridade social;7;True;83.2;0.836755;267.5;277.74;4.604321;3.9;;83.2;0.836755;267.5;277.74;4.604321;3.9;;98.4;0.98362;270.67;272.38;5.7175;5.6;;97.4;0.971877;259.88;263.51;5.389833;5.2;;99.5;0.99518;238.41;222.29;6.555498;6.5;;99.5;0.99518;238.41;222.29;6.555498;6.5;;99.0;0.989425;276.3;277.01;5.8885;5.8;;;;;;;;;;;;;;;;;;;;;;;;;;;;;
3;Sudeste;35;SP;São Paulo;3531605;Monte Castelo;161947.18;38357.93;130920.37;31009.09;128087.826;30746.0;45649.683;4061.499;49311.349;23245.796;122268.326;5819.5;Demais serviços;Agricultura, inclusive apoio à agricultura e a pós colheita;Administração, defesa, educação e saúde públicas e seguridade social;6;True;99.4;0.990143;249.15;255.88;4.019351;4.0;;99.4;0.990143;249.15;255.88;4.019351;4.0;;99.4;0.994149;275.75;269.69;5.757333;5.7;;99.4;0.994149;275.75;269.69;5.757333;5.7;;100.0;1.0;246.0;227.33;6.791982;6.8;;100.0;1.0;246.0;227.33;6.791982;6.8;;;;;;;;;;;;;;;;;;;;;;;;;;;;;;;;;;;;
3;Sudeste;35;SP;São Paulo;3531704;Monteiro Lobato;113890.985;27523.2;90419.663;21851.05;83030.469;17520.67;4866.788;10007.29;36349.701;24468.21;75691.989;7338.481;Demais serviços;Administração, defesa, educação e saúde públicas e seguridade social;Indústrias de transformação;6;True;92.7;0.938927;275.8;277.94;4.723888;4.4;;92.7;0.938927;275.8;277.94;4.723888;4.4;;97.9;0.977988;258.27;244.98;5.054167;4.9;;97.9;0.977988;258.27;244.98;5.054167;4.9;;97.9;0.981698;221.53;206.2;5.940815;5.8;;97.9;0.981698;221.53;206.2;5.940815;5.8;;;;;;;;;;;;;;;;;;;;;;;;;;;;;;;;;;;;
3;Sudeste;35;SP;São Paulo;3531803;Monte Mor;6049397.718;93554.14;4751055.794;73475.24;4317763.585;69972.02;88146.894;2105530.839;1150537.978;292570.338;3636786.048;680977.537;Indústrias de transformação;Demais serviços;Administração, defesa, educação e saúde públicas e seguridade social;7;True;96.1;0.962052;278.49;288.5;4.919753;4.7;;96.1;0.962052;278.49;288.5;4.919753;4.7;;94.9;0.948418;266.27;268.96;5.587167;5.3;;97.5;0.974967;254.38;259.15;5.2255;5.1;;95.9;0.959705;236.84;223.65;6.550264;6.3;;95.9;0.959705;236.84;223.65;6.550264;6.3;;93.5;0.935004;273.23;274.71;5.799;5.4;;;;;;;;;;;;;;;;;;;;;;;;;;;;;
3;Sudeste;35;SP;São Paulo;3531902;Morro Agudo;1980195.494;70890.9;1459845.059;52262.38;1225918.089;36487.83;191536.341;293312.423;471700.131;161933.116;1118482.011;107436.078;Demais serviços;Indústrias de transformação;Agricultura, inclusive apoio à agricultura e a pós colheita;8;True;97.7;0.977886;262.7;270.78;4.432714;4.3;;97.7;0.977898;272.76;285.27;4.790922;4.7;;98.2;0.981979;251.34;261.2;5.209;5.1;;98.9;0.987955;253.16;257.61;5.1795;5.1;;96.5;0.965564;227.6;214.56;6.208655;6.0;;96.5;0.965564;227.6;214.56;6.208655;6.0;;97.7;0.977156;250.11;263.63;5.229;5.1;;;;;;;;;;;;;;;;97.8;0.977584;290.2;310.39;5.411914;5.3;;;;;;;;
3;Sudeste;35;SP;São Paulo;3532009;Morungaba;765640.893;55804.73;708975.921;51419.78;633323.989;45445.18;27003.63;256012.463;186841.751;67703.797;537561.641;95762.349;Indústrias de transformação;Demais serviços;Administração, defesa, educação e saúde públicas e seguridade social;7;True;96.7;0.967727;271.15;282.59;4.72819;4.6;;96.7;0.967727;271.15;282.59;4.72819;4.6;;98.3;0.983457;250.02;249.84;4.997667;4.9;;100.0;1.0;250.07;255.01;5.084667;5.1;;98.5;0.985016;224.68;212.77;6.120384;6.0;;98.5;0.985016;224.68;212.77;6.120384;6.0;;97.9;0.979189;249.98;246.18;4.936;4.8;;;;;;;;;;;;;;;;;;;;;;;;;;;;;
3;Sudeste;35;SP;São Paulo;3532058;Motuca;171027.138;42396.42;132075.421;32740.56;120695.871;24983.62;36173.631;14866.367;36679.589;26838.299;114557.886;6137.986;Demais serviços;Agricultura, inclusive apoio à agricultura e a pós colheita;Administração, defesa, educação e saúde públicas e seguridade social;6;True;84.1;0.851482;267.37;273.59;4.54037;3.9;;84.1;0.851482;267.37;273.59;4.54037;3.9;;95.2;0.951575;262.38;270.47;5.5475;5.3;;;;;;;;;98.9;0.990664;251.9;229.57;6.945305;6.9;;98.9;0.990664;251.9;229.57;6.945305;6.9;;95.2;0.951575;262.38;270.47;5.5475;5.3;;;;;;;;;;;;;;;;;;;;;;;;;;;;;
3;Sudeste;35;SP;São Paulo;3532108;Murutinga do Sul;113474.072;30365.02;83672.316;22390.24;88027.071;19453.5;26037.347;2087.377;28329.257;28301.061;84755.042;3272.029;Administração, defesa, educação e saúde públicas e seguridade social;Demais serviços;Agricultura, inclusive apoio à agricultura e a pós colheita;6;True;96.9;0.965431;288.36;282.96;4.975442;4.8;;96.9;0.965431;288.36;282.96;4.975442;4.8;;99.3;0.993631;273.32;273.41;5.778833;5.7;;99.3;0.993631;273.32;273.41;5.778833;5.7;;100.0;1.0;228.64;225.74;6.431775;6.4;;100.0;1.0;228.64;225.74;6.431775;6.4;;;;;;;;;;;;;;;;;;;;;;;;;;;;;;;;;;;;
3;Sudeste;35;SP;São Paulo;3532157;Nantes;189555.515;71261.47;156852.432;58967.08;142300.887;44261.55;36995.988;2573.649;65532.617;24665.294;129767.548;12533.339;Agricultura, inclusive apoio à agricultura e a pós colheita;Demais serviços;Comércio e reparação de veículos automotores e motocicletas;6;True;98.6;0.987705;268.01;267.27;4.454748;4.4;;98.6;0.987705;268.01;267.27;4.454748;4.4;;98.1;0.977018;264.77;264.83;5.493333;5.4;;98.1;0.977018;264.77;264.83;5.493333;5.4;;100.0;1.0;204.28;200.2;5.502526;5.5;;100.0;1.0;204.28;200.2;5.502526;5.5;;;;;;;;;;;;;;;;;;;;;;;;;;;;;;;;;;;;
3;Sudeste;35;SP;São Paulo;3532207;Narandiba;896056.601;156845.2;741378.623;129770.46;639075.516;129106.16;36387.629;301693.831;176032.074;41936.442;556049.976;83025.541;Indústrias de transformação;Demais serviços;Administração, defesa, educação e saúde públicas e seguridade social;6;True;92.6;0.936769;263.33;262.81;4.322251;4.0;;92.6;0.936769;263.33;262.81;4.322251;4.0;;96.9;0.968898;265.68;259.4;5.418;5.2;;;;;;;;;97.4;0.974216;237.61;218.64;6.473867;6.3;;97.4;0.974216;237.61;218.64;6.473867;6.3;;96.9;0.968898;265.68;259.4;5.418;5.2;;;;;;;;;;;;;;;;;;;;;;;;;;;;;
3;Sudeste;35;SP;São Paulo;3532306;Natividade da Serra;159424.698;22778.21;120667.872;17240.73;93391.138;14098.9;14285.492;2820.599;35587.371;36722.854;89416.317;3974.821;Administração, defesa, educação e saúde públicas e seguridade social;Demais serviços;Pecuária, inclusive apoio à pecuária;6;True;96.2;0.960693;259.11;267.29;4.330047;4.2;;96.2;0.960693;259.11;267.29;4.330047;4.2;;99.4;0.993707;256.6;245.39;5.033167;5.0;;99.2;0.991675;256.6;245.39;5.033167;5.0;;99.5;0.995521;242.9;228.21;6.748822;6.7;;99.5;0.995521;242.9;228.21;6.748822;6.7;;;;;;;;;;;;;;;;;;;;;;;;;;;;;;;;;;;;
3;Sudeste;35;SP;São Paulo;3532405;Nazaré Paulista;595409.604;32684.28;505080.919;27725.8;465370.933;24667.18;25909.522;87914.187;204046.836;94917.664;412788.21;52582.723;Demais serviços;Administração, defesa, educação e saúde públicas e seguridade social;Indústrias de transformação;7;True;95.2;0.94996;260.56;268.48;4.368226;4.1;;95.2;0.94996;260.56;268.48;4.368226;4.1;;99.8;0.997996;253.47;254.36;5.1305;5.1;;99.8;0.997996;253.47;254.36;5.1305;5.1;;99.6;0.996589;241.9;224.1;6.65501;6.6;;99.8;0.997591;243.52;225.78;6.716472;6.7;;;;;;;;;99.3;0.993538;234.46;216.4;6.373026;6.3;;;;;;;;;;;;;;;;;;;;;;
3;Sudeste;35;SP;São Paulo;3532504;Neves Paulista;384591.644;39652.71;312975.198;32298.78;276247.695;30979.89;36596.522;48014.711;123245.183;37967.576;245823.992;30423.703;Demais serviços;Administração, defesa, educação e saúde públicas e seguridade social;Indústrias de transformação;4;True;91.5;0.910957;271.11;281.86;4.7167;4.3;;91.5;0.910957;271.11;281.86;4.7167;4.3;;;;;;;;;;;;;;;;99.3;0.993115;274.48;251.89;7.782039;7.7;;99.3;0.993115;274.48;251.89;7.782039;7.7;;;;;;;;;;;;;;;;;;;;;;;;;;;;;;;;;;;;
3;Sudeste;35;SP;São Paulo;3532603;Nhandeara;507862.208;51549.15;437104.509;44367.08;367776.641;31773.36;62082.018;49513.981;170199.328;60295.355;342090.682;25685.959;Demais serviços;Administração, defesa, educação e saúde públicas e seguridade social;Agricultura, inclusive apoio à agricultura e a pós colheita;6;True;93.8;0.938814;260.45;259.41;4.230903;4.0;;93.8;0.938814;260.45;259.41;4.230903;4.0;;99.0;0.990367;255.67;257.61;5.221333;5.2;;99.0;0.990367;255.67;257.61;5.221333;5.2;;100.0;1.0;245.11;224.82;6.729361;6.7;;100.0;1.0;245.11;224.82;6.729361;6.7;;;;;;;;;;;;;;;;;;;;;;;;;;;;;;;;;;;;
3;Sudeste;35;SP;São Paulo;3532702;Nipoã;146719.324;30888.28;103610.376;21812.71;95891.822;17820.45;20239.587;7473.15;36311.104;26338.754;90362.594;5529.228;Demais serviços;Administração, defesa, educação e saúde públicas e seguridade social;Agricultura, inclusive apoio à agricultura e a pós colheita;6;True;100.0;1.0;281.27;274.81;4.753858;4.8;;100.0;1.0;281.27;274.81;4.753858;4.8;;99.2;0.992951;251.9;255.53;5.123833;5.1;;99.2;0.992951;251.9;255.53;5.123833;5.1;;100.0;1.0;260.96;231.92;7.160933;7.2;;100.0;1.0;260.96;231.92;7.160933;7.2;;;;;;;;;;;;;;;;;;;;;;;;;;;;;;;;;;;;
3;Sudeste;35;SP;São Paulo;3532801;Nova Aliança;361490.478;54010.23;385749.554;57634.78;325932.69;45514.97;37295.395;70221.527;156228.924;37123.238;300869.085;25063.606;Demais serviços;Indústrias de transformação;Administração, defesa, educação e saúde públicas e seguridade social;7;True;88.9;0.87772;285.89;294.98;5.120691;4.5;;88.9;0.87772;285.89;294.98;5.120691;4.5;;97.2;0.971863;265.98;260.88;5.447667;5.3;;96.7;0.966814;267.97;261.92;5.498167;5.3;;99.8;0.99778;250.81;237.13;7.061958;7.0;;99.8;0.99778;250.81;237.13;7.061958;7.0;;100.0;1.0;258.93;257.18;5.2685;5.3;;;;;;;;;;;;;;;;;;;;;;;;;;;;;
3;Sudeste;35;SP;São Paulo;3532827;Nova Campina;260753.457;30687.71;229915.533;27058.44;221079.28;22192.26;22836.018;33543.707;47653.803;50738.438;154771.966;66307.314;Administração, defesa, educação e saúde públicas e seguridade social;Demais serviços;Indústrias extrativas;6;True;94.0;0.942981;258.13;266.89;4.310295;4.1;;94.0;0.942981;258.13;266.89;4.310295;4.1;;98.4;0.983878;235.04;241.24;4.604667;4.5;;;;;;;;;98.4;0.983964;233.22;224.87;6.503362;6.4;;98.4;0.983964;233.22;224.87;6.503362;6.4;;98.1;0.981343;235.04;241.24;4.604667;4.5;;;;;;;;;;;;;;;;;;;;;;;;;;;;;
3;Sudeste;35;SP;São Paulo;3532843;Nova Canaã Paulista;57172.272;28135.96;46089.509;22681.85;46304.606;25386.3;16904.183;2218.559;11890.548;13932.066;44945.356;1359.249;Administração, defesa, educação e saúde públicas e seguridade social;Demais serviços;Agricultura, inclusive apoio à agricultura e a pós colheita;6;True;100.0;1.0;299.44;292.32;5.27118;5.3;;100.0;1.0;299.44;292.32;5.27118;5.3;;100.0;1.0;265.27;253.85;5.318667;5.3;;100.0;1.0;265.27;253.85;5.318667;5.3;;100.0;1.0;283.08;249.89;7.909797;7.9;;100.0;1.0;283.08;249.89;7.909797;7.9;;;;;;;;;;;;;;;;;;;;;;;;;;;;;;;;;;;;
3;Sudeste;35;SP;São Paulo;3532868;Nova Castilho;91227.505;85901.61;63339.779;59641.98;60664.975;47027.11;31262.209;1547.828;11557.653;14843.684;59211.374;1453.601;Agricultura, inclusive apoio à agricultura e a pós colheita;Administração, defesa, educação e saúde públicas e seguridade social;Demais serviços;4;True;;;;;;;;;;;;;;;100.0;1.0;260.74;261.97;5.3785;5.4;;100.0;1.0;260.74;261.97;5.3785;5.4;;100.0;1.0;219.35;207.34;5.91994;5.9;;100.0;1.0;219.35;207.34;5.91994;5.9;;;;;;;;;;;;;;;;;;;;;;;;;;;;;;;;;;;;
3;Sudeste;35;SP;São Paulo;3532900;Nova Europa;556399.529;59757.23;430589.789;46245.28;377460.822;32768.54;22829.125;131313.678;124499.503;63485.241;342127.547;35333.275;Indústrias de transformação;Demais serviços;Administração, defesa, educação e saúde públicas e seguridade social;6;True;100.0;1.0;267.87;271.29;4.512961;4.5;;100.0;1.0;267.87;271.29;4.512961;4.5;;99.6;0.995732;271.31;268.51;5.663667;5.6;;;;;;;;;100.0;1.0;236.47;224.29;6.554839;6.6;;100.0;1.0;236.47;224.29;6.554839;6.6;;99.6;0.995732;271.31;268.51;5.663667;5.6;;;;;;;;;;;;;;;;;;;;;;;;;;;;;
3;Sudeste;35;SP;São Paulo;3533007;Nova Granada;732340.979;37712.6;593529.631;30564.38;512828.707;23447.89;104377.926;34425.078;246278.236;92660.76;477742.0;35086.707;Demais serviços;Administração, defesa, educação e saúde públicas e seguridade social;Comércio e reparação de veículos automotores e motocicletas;6;True;94.1;0.945153;256.9;265.46;4.271612;4.0;;94.1;0.945153;256.9;265.46;4.271612;4.0;;99.1;0.991209;255.91;257.17;5.218;5.2;;99.1;0.991209;255.91;257.17;5.218;5.2;;99.9;0.998996;230.85;214.42;6.268133;6.3;;99.9;0.998996;230.85;214.42;6.268133;6.3;;;;;;;;;;;;;;;;;;;;;;;;;;;;;;;;;;;;
3;Sudeste;35;SP;São Paulo;3533106;Nova Guataporanga;47451.061;22008.84;38624.443;17914.86;36774.792;15762.88;3229.592;1933.131;14554.127;15588.795;35305.646;1469.146;Administração, defesa, educação e saúde públicas e seguridade social;Demais serviços;Comércio e reparação de veículos automotores e motocicletas;6;True;100.0;1.0;280.6;293.85;5.029478;5.0;;100.0;1.0;280.6;293.85;5.029478;5.0;;100.0;1.0;266.24;273.33;5.6595;5.7;;100.0;1.0;266.24;273.33;5.6595;5.7;;100.0;1.0;248.12;208.79;6.495349;6.5;;100.0;1.0;248.12;208.79;6.495349;6.5;;;;;;;;;;;;;;;;;;;;;;;;;;;;;;;;;;;;
3;Sudeste;35;SP;São Paulo;3533205;Nova Independência;285939.288;62039.33;207948.953;45118.02;213154.675;51548.89;26717.58;82275.868;54787.476;32068.612;195849.536;17305.139;Eletricidade e gás, água, esgoto, atividades de gestão de resíduos e descontaminação;Demais serviços;Administração, defesa, educação e saúde públicas e seguridade social;6;True;95.7;0.957805;259.06;276.41;4.465872;4.3;;95.7;0.957805;259.06;276.41;4.465872;4.3;;93.4;0.935243;246.06;257.34;5.056667;4.7;;;;;;;;;99.7;0.996347;236.3;212.79;6.342504;6.3;;99.7;0.996347;236.3;212.79;6.342504;6.3;;93.4;0.935243;246.06;257.34;5.056667;4.7;;;;;;;;;;;;;;;;;;;;;;;;;;;;;
3;Sudeste;35;SP;São Paulo;3533254;Novais;105506.875;23913.62;81999.048;18585.46;78660.446;12986.7;16046.373;2314.801;27496.091;29897.195;75754.46;2905.985;Administração, defesa, educação e saúde públicas e seguridade social;Demais serviços;Agricultura, inclusive apoio à agricultura e a pós colheita;6;True;99.2;0.992214;263.08;265.81;4.36365;4.3;;99.2;0.992214;263.08;265.81;4.36365;4.3;;97.3;0.973507;272.79;265.6;5.639833;5.5;;;;;;;;;99.1;0.992374;252.24;231.06;6.978884;6.9;;99.1;0.992374;252.24;231.06;6.978884;6.9;;97.3;0.973507;272.79;265.6;5.639833;5.5;;;;;;;;;;;;;;;;;;;;;;;;;;;;;
3;Sudeste;35;SP;São Paulo;3533304;Nova Luzitânia;70079.78;24702.07;59751.947;21061.67;60213.767;14278.82;10945.748;2796.63;22923.67;21768.044;58434.092;1779.675;Demais serviços;Administração, defesa, educação e saúde públicas e seguridade social;Agricultura, inclusive apoio à agricultura e a pós colheita;6;True;100.0;1.0;289.97;290.47;5.11048;5.1;;100.0;1.0;289.97;290.47;5.11048;5.1;;100.0;1.0;288.84;275.63;6.0745;6.1;;100.0;1.0;288.84;275.63;6.0745;6.1;;100.0;1.0;247.66;238.16;7.02057;7.0;;100.0;1.0;247.66;238.16;7.02057;7.0;;;;;;;;;;;;;;;;;;;;;;;;;;;;;;;;;;;;
3;Sudeste;35;SP;São Paulo;3533403;Nova Odessa;5613296.888;90509.31;4620501.035;74501.38;4020494.254;65145.09;11171.611;1199729.416;1791037.4;316937.673;3318876.101;701618.153;Demais serviços;Indústrias de transformação;Comércio e reparação de veículos automotores e motocicletas;6;True;94.4;0.94584;276.5;287.54;4.877432;4.6;;94.4;0.94584;276.5;287.54;4.877432;4.6;;98.5;0.985162;274.11;277.47;5.859667;5.8;;98.5;0.985162;274.11;277.47;5.859667;5.8;;97.7;0.977239;249.26;229.74;6.898014;6.7;;97.7;0.977239;249.26;229.74;6.898014;6.7;;;;;;;;;;;;;;;;;;;;;;;;;;;;;;;;;;;;
3;Sudeste;35;SP;São Paulo;3533502;Novo Horizonte;2313783.253;60374.26;1821681.962;47533.71;1585955.121;37973.31;158112.501;173155.441;883338.783;189013.168;1403619.894;182335.227;Demais serviços;Comércio e reparação de veículos automotores e motocicletas;Administração, defesa, educação e saúde públicas e seguridade social;7;True;93.1;0.939987;274.48;276.06;4.677205;4.4;;93.1;0.939987;274.48;276.06;4.677205;4.4;;99.1;0.991713;276.53;264.39;5.682;5.6;;98.0;0.97959;288.46;283.34;6.196667;6.1;;99.8;0.997996;243.5;225.3;6.707363;6.7;;99.8;0.997996;243.5;225.3;6.707363;6.7;;99.2;0.992221;275.39;262.57;5.632667;5.6;;;;;;;;;;;;;;;;;;;;;;;;;;;;;
3;Sudeste;35;SP;São Paulo;3533601;Nuporanga;1235536.788;167167.74;1003708.836;135801.49;868091.613;115407.02;76782.636;323151.75;317397.031;46170.153;763501.571;104590.042;Indústrias de transformação;Demais serviços;Comércio e reparação de veículos automotores e motocicletas;6;True;98.9;0.990143;286.93;288.18;5.033502;5.0;;98.9;0.990143;286.93;288.18;5.033502;5.0;;95.1;0.950894;285.13;274.63;5.996;5.7;;;;;;;;;97.2;0.971809;233.21;213.17;6.290443;6.1;;97.2;0.971809;233.21;213.17;6.290443;6.1;;95.1;0.950894;285.13;274.63;5.996;5.7;;;;;;;;;;;;;;;;;;;;;;;;;;;;;
3;Sudeste;35;SP;São Paulo;3533700;Ocauçu;163910.353;37845.84;128930.226;29769.16;141366.238;32921.81;57667.146;8462.643;42198.121;26862.123;135190.034;6176.204;Agricultura, inclusive apoio à agricultura e a pós colheita;Demais serviços;Administração, defesa, educação e saúde públicas e seguridade social;4;True;;;;;;;;;;;;;;;100.0;1.0;264.38;262.23;5.4435;5.4;;100.0;1.0;264.38;262.23;5.4435;5.4;;100.0;1.0;273.81;244.4;7.633071;7.6;;100.0;1.0;273.81;244.4;7.633071;7.6;;;;;;;;;;;;;;;;;;;;;;;;;;;;;;;;;;;;
3;Sudeste;35;SP;São Paulo;3533809;Óleo;143211.547;57010.97;121966.034;48611.41;128271.549;52419.92;82106.15;5390.92;20951.629;17363.064;125811.763;2459.786;Agricultura, inclusive apoio à agricultura e a pós colheita;Demais serviços;Administração, defesa, educação e saúde públicas e seguridade social;6;True;100.0;1.0;271.6;263.23;4.44469;4.4;;100.0;1.0;271.6;263.23;4.44469;4.4;;100.0;1.0;246.68;242.86;4.825667;4.8;;100.0;1.0;246.68;242.86;4.825667;4.8;;100.0;1.0;237.84;214.32;6.399711;6.4;;100.0;1.0;237.84;214.32;6.399711;6.4;;;;;;;;;;;;;;;;;;;;;;;;;;;;;;;;;;;;
3;Sudeste;35;SP;São Paulo;3533908;Olímpia;3569675.501;64815.98;3126540.557;56768.78;2551144.674;45985.63;117750.639;648285.981;1232950.114;265224.635;2264211.369;286933.306;Demais serviços;Indústrias de transformação;Administração, defesa, educação e saúde públicas e seguridade social;6;True;97.8;0.979264;282.34;284.46;4.913347;4.8;;97.8;0.979264;282.34;284.46;4.913347;4.8;;99.6;0.995749;274.41;273.12;5.792167;5.8;;99.6;0.995749;274.41;273.12;5.792167;5.8;;99.3;0.993131;249.08;233.23;6.958033;6.9;;99.3;0.993131;249.08;233.23;6.958033;6.9;;;;;;;;;;;;;;;;;;;;;;;;;;;;;;;;;;;;
3;Sudeste;35;SP;São Paulo;3534005;Onda Verde;370589.412;77675.42;247119.316;51796.13;205635.802;46086.02;43061.136;22135.5;95642.824;27361.351;188200.811;17434.99;Demais serviços;Agricultura, inclusive apoio à agricultura e a pós colheita;Comércio e reparação de veículos automotores e motocicletas;6;True;95.9;0.95563;260.06;267.16;4.341444;4.1;;95.9;0.95563;260.06;267.16;4.341444;4.1;;97.7;0.977353;239.1;240.99;4.668167;4.6;;97.7;0.977353;239.1;240.99;4.668167;4.6;;100.0;1.0;237.03;220.27;6.492435;6.5;;100.0;1.0;237.03;220.27;6.492435;6.5;;;;;;;;;;;;;;;;;;;;;;;;;;;;;;;;;;;;
3;Sudeste;35;SP;São Paulo;3534104;Oriente;194078.729;31894.61;148156.988;24347.9;129763.028;19753.85;16499.305;13730.43;48832.505;31892.082;110954.322;18808.706;Demais serviços;Administração, defesa, educação e saúde públicas e seguridade social;Agricultura, inclusive apoio à agricultura e a pós colheita;6;True;92.0;0.930921;253.41;246.5;3.938763;3.7;;92.0;0.930921;253.41;246.5;3.938763;3.7;;98.3;0.981668;252.74;242.4;4.919;4.8;;98.3;0.981668;252.74;242.4;4.919;4.8;;99.7;0.996964;235.4;206.48;6.210601;6.2;;99.7;0.996964;235.4;206.48;6.210601;6.2;;;;;;;;;;;;;;;;;;;;;;;;;;;;;;;;;;;;
3;Sudeste;35;SP;São Paulo;3534203;Orindiúva;830370.242;137843.67;697765.661;115830.95;640841.175;87570.54;40120.139;247543.221;222996.126;41990.126;552649.612;88191.564;Indústrias de transformação;Demais serviços;Administração, defesa, educação e saúde públicas e seguridade social;6;True;98.5;0.982973;279.03;271.8;4.677337;4.6;;98.5;0.982973;279.03;271.8;4.677337;4.6;;100.0;1.0;271.73;273.58;5.755167;5.8;;;;;;;;;100.0;1.0;245.27;231.72;6.857869;6.9;;100.0;1.0;245.27;231.72;6.857869;6.9;;100.0;1.0;271.73;273.58;5.755167;5.8;;;;;;;;;;;;;;;;;;;;;;;;;;;;;
3;Sudeste;35;SP;São Paulo;3534302;Orlândia;3247647.904;84752.94;2864547.039;74755.27;2579406.068;57728.08;47661.656;974741.561;1017692.765;208564.113;2248660.095;330745.973;Demais serviços;Indústrias de transformação;Administração, defesa, educação e saúde públicas e seguridade social;6;True;95.3;0.952956;270.76;274.87;4.607144;4.4;;95.3;0.952956;270.76;274.87;4.607144;4.4;;97.9;0.97942;249.04;253.93;5.0495;4.9;;;;;;;;;99.3;0.992923;223.39;208.93;6.025948;6.0;;99.3;0.992923;223.39;208.93;6.025948;6.0;;97.9;0.97942;249.04;253.93;5.0495;4.9;;;;;;;;;;;;;;;;;;;;;;;;;;;;;
3;Sudeste;35;SP;São Paulo;3534401;Osasco;119404052.763;163878.12;112145798.194;150848.76;86111259.991;122765.64;1392.36;4963982.431;58664575.895;3286922.853;66916873.54;19194386.451;Demais serviços;Comércio e reparação de veículos automotores e motocicletas;Indústrias de transformação;6;True;93.5;0.935919;260.87;272.76;4.436652;4.2;;93.5;0.935919;260.87;272.76;4.436652;4.2;;97.4;0.973376;245.45;253.51;4.982667;4.9;;97.4;0.973376;245.45;253.51;4.982667;4.9;;99.4;0.993997;232.49;216.45;6.336339;6.3;;99.4;0.993997;232.49;216.45;6.336339;6.3;;;;;;;;;;;;;;;;;;;;;;;;;;;;;;;;;;;;
3;Sudeste;35;SP;São Paulo;3534500;Oscar Bressane;123399.289;49959.23;104638.356;42363.71;112881.755;43366.02;42618.299;13757.006;32686.322;18509.605;107571.232;5310.523;Agricultura, inclusive apoio à agricultura e a pós colheita;Demais serviços;Administração, defesa, educação e saúde públicas e seguridade social;6;True;98.6;0.987705;272.1;267.92;4.521922;4.5;;98.6;0.987705;272.1;267.92;4.521922;4.5;;95.2;0.955531;273.45;270.18;5.727167;5.5;;;;;;;;;96.2;0.954631;276.23;232.74;7.467254;7.1;;96.2;0.954631;276.23;232.74;7.467254;7.1;;95.2;0.955531;273.45;270.18;5.727167;5.5;;;;;;;;;;;;;;;;;;;;;;;;;;;;;
3;Sudeste;35;SP;São Paulo;3534609;Osvaldo Cruz;1615247.661;51651.56;1231458.434;39378.95;1087489.589;32836.81;41703.545;266870.776;525322.959;131802.504;965699.784;121789.805;Demais serviços;Indústrias de transformação;Administração, defesa, educação e saúde públicas e seguridade social;6;True;97.6;0.975195;288.91;293.4;5.139455;5.0;;97.6;0.975195;288.91;293.4;5.139455;5.0;;99.2;0.991963;264.44;268.14;5.543;5.5;;99.2;0.991963;264.44;268.14;5.543;5.5;;100.0;1.0;237.58;221.68;6.528568;6.5;;100.0;1.0;237.58;221.68;6.528568;6.5;;;;;;;;;;;;;;;;;;;;;;;;;;;;;;;;;;;;
3;Sudeste;35;SP;São Paulo;3534708;Ourinhos;4902761.91;47155.54;4463317.19;42928.89;3961570.958;34406.86;53262.239;579223.711;2399698.474;520559.525;3552743.949;408827.009;Demais serviços;Comércio e reparação de veículos automotores e motocicletas;Administração, defesa, educação e saúde públicas e seguridade social;8;True;94.6;0.946336;281.52;287.43;4.946291;4.7;;94.6;0.946336;281.52;287.43;4.946291;4.7;;98.1;0.980396;270.95;271.45;5.706667;5.6;;98.8;0.98744;271.46;272.16;5.727;5.7;;98.2;0.981656;232.36;216.24;6.33004;6.2;;98.1;0.980001;233.56;216.54;6.358396;6.2;;96.8;0.96773;270.11;270.25;5.672667;5.5;;99.5;0.995438;221.13;213.4;6.064091;6.0;;;;;;;;;;;;;;;;;;;;;;
3;Sudeste;35;SP;São Paulo;3534757;Ouroeste;670735.495;65157.91;608635.932;59125.31;548740.254;51226.69;44081.51;191542.515;184148.166;77161.37;496933.562;51806.692;Demais serviços;Indústrias de transformação;Eletricidade e gás, água, esgoto, atividades de gestão de resíduos e descontaminação;7;True;93.8;0.935146;269.89;270.8;4.533996;4.2;;93.8;0.935146;269.89;270.8;4.533996;4.2;;99.1;0.991803;271.76;263.4;5.586;5.5;;98.9;0.991014;270.58;264.2;5.579667;5.5;;100.0;1.0;244.97;228.59;6.795235;6.8;;100.0;1.0;244.97;228.59;6.795235;6.8;;100.0;1.0;283.35;255.57;5.648667;5.6;;;;;;;;;;;;;;;;;;;;;;;;;;;;;
3;Sudeste;35;SP;São Paulo;3534807;Ouro Verde;186891.202;24025.09;143472.239;18443.53;134985.78;15558.53;31819.0;4093.279;50970.587;43103.621;129986.487;4999.293;Demais serviços;Administração, defesa, educação e saúde públicas e seguridade social;Agricultura, inclusive apoio à agricultura e a pós colheita;6;True;100.0;1.0;270.77;268.6;4.513422;4.5;;100.0;1.0;270.77;268.6;4.513422;4.5;;98.8;0.987223;269.78;268.12;5.631667;5.6;;;;;;;;;99.8;0.997577;252.37;229.87;6.959729;6.9;;99.8;0.997577;252.37;229.87;6.959729;6.9;;98.8;0.987223;269.78;268.12;5.631667;5.6;;;;;;;;;;;;;;;;;;;;;;;;;;;;;
3;Sudeste;35;SP;São Paulo;3534906;Pacaembu;285243.693;19173.47;244521.625;16436.22;217694.932;15195.79;36833.352;5199.552;100087.422;64972.309;207092.635;10602.298;Demais serviços;Administração, defesa, educação e saúde públicas e seguridade social;Agricultura, inclusive apoio à agricultura e a pós colheita;6;True;93.5;0.933815;271.94;270.37;4.556351;4.3;;93.5;0.933815;271.94;270.37;4.556351;4.3;;99.2;0.992942;261.12;261.51;5.377167;5.3;;99.2;0.992942;261.12;261.51;5.377167;5.3;;99.4;0.993733;229.62;218.56;6.319932;6.3;;99.4;0.993733;229.62;218.56;6.319932;6.3;;;;;;;;;;;;;;;;;;;;;;;;;;;;;;;;;;;;
3;Sudeste;35;SP;São Paulo;3535002;Palestina;603348.105;52574.77;466894.631;40684.44;420419.963;31646.21;100213.296;96730.214;129659.472;62549.836;389152.818;31267.145;Demais serviços;Indústrias de transformação;Agricultura, inclusive apoio à agricultura e a pós colheita;6;True;96.1;0.962366;273.21;276.36;4.663859;4.5;;96.1;0.962366;273.21;276.36;4.663859;4.5;;99.8;0.998241;262.99;263.62;5.4435;5.4;;;;;;;;;99.7;0.996141;231.97;216.86;6.33387;6.3;;99.7;0.996141;231.97;216.86;6.33387;6.3;;99.8;0.998241;262.99;263.62;5.4435;5.4;;;;;;;;;;;;;;;;;;;;;;;;;;;;;
3;Sudeste;35;SP;São Paulo;3535101;Palmares Paulista;209646.424;21725.02;158111.198;16384.58;136418.658;9964.11;11179.501;7223.137;59052.639;53012.775;130468.053;5950.606;Administração, defesa, educação e saúde públicas e seguridade social;Demais serviços;Agricultura, inclusive apoio à agricultura e a pós colheita;6;True;95.2;0.952698;272.53;276.3;4.65341;4.4;;95.2;0.952698;272.53;276.3;4.65341;4.4;;99.6;0.996207;274.51;272.7;5.786833;5.8;;99.6;0.996207;274.51;272.7;5.786833;5.8;;99.7;0.996784;256.85;240.44;7.237407;7.2;;99.7;0.996784;256.85;240.44;7.237407;7.2;;;;;;;;;;;;;;;;;;;;;;;;;;;;;;;;;;;;
3;Sudeste;35;SP;São Paulo;3535200;Palmeira d'Oeste;308863.583;34692.08;231467.952;25998.87;215050.397;23443.85;60534.637;12975.983;94049.741;38115.289;205675.65;9374.748;Demais serviços;Agricultura, inclusive apoio à agricultura e a pós colheita;Administração, defesa, educação e saúde públicas e seguridade social;6;True;91.7;0.931697;274.74;276.51;4.687593;4.4;;91.7;0.931697;274.74;276.51;4.687593;4.4;;93.0;0.928245;285.11;264.16;5.821167;5.4;;93.0;0.928245;285.11;264.16;5.821167;5.4;;99.7;0.996759;251.39;231.64;6.973208;7.0;;99.7;0.996759;251.39;231.64;6.973208;7.0;;;;;;;;;;;;;;;;;;;;;;;;;;;;;;;;;;;;
3;Sudeste;35;SP;São Paulo;3535309;Palmital;1405806.538;71746.79;1256951.719;64149.83;900626.568;40347.04;110010.31;109062.39;449959.811;111511.501;780544.012;120082.556;Demais serviços;Comércio e reparação de veículos automotores e motocicletas;Administração, defesa, educação e saúde públicas e seguridade social;6;True;94.5;0.94543;275.98;284.02;4.817434;4.6;;94.5;0.94543;275.98;284.02;4.817434;4.6;;95.8;0.957836;253.23;257.57;5.18;5.0;;95.8;0.957836;253.23;257.57;5.18;5.0;;99.2;0.992289;248.26;230.55;6.893657;6.8;;99.2;0.992289;248.26;230.55;6.893657;6.8;;;;;;;;;;;;;;;;;;;;;;;;;;;;;;;;;;;;
3;Sudeste;35;SP;São Paulo;3535408;Panorama;397152.926;26540.56;343055.196;22925.37;317825.589;19933.87;43883.204;23743.699;156404.953;75871.318;299903.174;17922.415;Demais serviços;Administração, defesa, educação e saúde públicas e seguridade social;Comércio e reparação de veículos automotores e motocicletas;6;True;96.3;0.966505;273.32;267.91;4.538907;4.4;;96.3;0.966505;273.32;267.91;4.538907;4.4;;99.3;0.992742;255.66;261.52;5.286333;5.2;;99.3;0.992742;255.66;261.52;5.286333;5.2;;97.5;0.977545;230.38;212.91;6.231709;6.1;;97.5;0.977545;230.38;212.91;6.231709;6.1;;;;;;;;;;;;;;;;;;;;;;;;;;;;;;;;;;;;
3;Sudeste;35;SP;São Paulo;3535507;Paraguaçu Paulista;3133901.5;76213.56;2653821.106;64744.71;1801748.006;39015.76;117848.385;433251.455;854088.938;208124.881;1613313.66;188434.347;Demais serviços;Indústrias de transformação;Comércio e reparação de veículos automotores e motocicletas;7;True;93.9;0.940116;266.06;274.92;4.541881;4.3;;93.9;0.940116;266.06;274.92;4.541881;4.3;;99.4;0.994461;264.58;267.09;5.527833;5.5;;98.6;0.986375;268.64;279.27;5.7985;5.7;;100.0;1.0;234.36;221.78;6.468935;6.5;;100.0;1.0;234.36;221.78;6.468935;6.5;;99.8;0.997481;262.74;261.55;5.404833;5.4;;;;;;;;;;;;;;;;;;;;;;;;;;;;;
3;Sudeste;35;SP;São Paulo;3535606;Paraibuna;408569.087;23126.12;364785.802;20647.86;352397.922;19254.61;14028.871;89623.32;134366.902;89639.56;327658.653;24739.27;Demais serviços;Administração, defesa, educação e saúde públicas e seguridade social;Eletricidade e gás, água, esgoto, atividades de gestão de resíduos e descontaminação;6;True;90.8;0.908989;280.42;278.24;4.793267;4.4;;90.8;0.908989;280.42;278.24;4.793267;4.4;;97.9;0.978143;262.79;265.14;5.4655;5.3;;97.9;0.978143;262.79;265.14;5.4655;5.3;;97.1;0.971087;239.21;219.26;6.515675;6.3;;97.1;0.971087;239.21;219.26;6.515675;6.3;;;;;;;;;;;;;;;;;;;;;;;;;;;;;;;;;;;;
3;Sudeste;35;SP;São Paulo;3535705;Paraíso;436076.194;71499.62;341514.012;55995.08;275312.652;42122.5;37033.209;87834.598;81043.847;34064.798;239976.452;35336.201;Indústrias de transformação;Demais serviços;Agricultura, inclusive apoio à agricultura e a pós colheita;6;True;99.3;0.992558;291.7;297.26;5.236424;5.2;;99.3;0.992558;291.7;297.26;5.236424;5.2;;100.0;1.0;285.63;278.8;6.073833;6.1;;;;;;;;;100.0;1.0;239.24;222.79;6.580429;6.6;;100.0;1.0;239.24;222.79;6.580429;6.6;;100.0;1.0;285.63;278.8;6.073833;6.1;;;;;;;;;;;;;;;;;;;;;;;;;;;;;
3;Sudeste;35;SP;São Paulo;3535804;Paranapanema;1222547.491;63034.16;1134949.704;58517.64;945145.306;45907.58;243678.76;37731.77;456222.125;111471.593;849104.248;96041.058;Demais serviços;Comércio e reparação de veículos automotores e motocicletas;Agricultura, inclusive apoio à agricultura e a pós colheita;6;True;95.3;0.956856;278.53;276.47;4.740225;4.5;;95.3;0.956856;278.53;276.47;4.740225;4.5;;92.9;0.924998;267.5;252.26;5.329333;4.9;;;;;;;;;99.2;0.992576;245.1;207.52;6.414625;6.4;;99.2;0.992576;245.1;207.52;6.414625;6.4;;92.9;0.924998;267.5;252.26;5.329333;4.9;;;;;;;;;;;;;;;;;;;;;;;;;;;;;
3;Sudeste;35;SP;São Paulo;3535903;Paranapuã;160652.727;39854.31;135993.49;33736.91;133064.949;32360.15;57980.099;6058.881;41222.199;22121.623;127382.802;5682.147;Agricultura, inclusive apoio à agricultura e a pós colheita;Demais serviços;Administração, defesa, educação e saúde públicas e seguridade social;6;True;96.7;0.961863;268.63;262.29;4.388904;4.2;;96.7;0.961863;268.63;262.29;4.388904;4.2;;99.4;0.993631;257.52;263.51;5.3505;5.3;;99.4;0.993631;257.52;263.51;5.3505;5.3;;100.0;1.0;224.88;205.9;5.999292;6.0;;100.0;1.0;224.88;205.9;5.999292;6.0;;;;;;;;;;;;;;;;;;;;;;;;;;;;;;;;;;;;
3;Sudeste;35;SP;São Paulo;3536000;Parapuã;1150355.727;108729.27;881743.237;83340.57;741785.799;67842.13;113239.761;229653.756;267073.034;52483.211;662449.763;79336.037;Indústrias de transformação;Demais serviços;Comércio e reparação de veículos automotores e motocicletas;6;True;90.4;0.90796;264.48;258.84;4.278971;3.9;;90.4;0.90796;264.48;258.84;4.278971;3.9;;100.0;1.0;273.38;269.57;5.715833;5.7;;100.0;1.0;273.38;269.57;5.715833;5.7;;98.7;0.987174;262.94;234.77;7.250537;7.2;;98.7;0.987174;262.94;234.77;7.250537;7.2;;;;;;;;;;;;;;;;;;;;;;;;;;;;;;;;;;;;
3;Sudeste;35;SP;São Paulo;3536109;Pardinho;515970.722;72133.47;440221.167;61543.57;368270.938;55976.73;33737.293;78985.66;177618.692;43416.371;333758.016;34512.922;Demais serviços;Indústrias de transformação;Administração, defesa, educação e saúde públicas e seguridade social;6;True;88.7;0.884537;252.95;261.04;4.149967;3.7;;88.7;0.884537;252.95;261.04;4.149967;3.7;;91.4;0.914446;252.19;251.45;5.060667;4.6;;;;;;;;;96.1;0.96409;208.35;188.59;5.369107;5.2;;96.1;0.96409;208.35;188.59;5.369107;5.2;;91.4;0.914446;252.19;251.45;5.060667;4.6;;;;;;;;;;;;;;;;;;;;;;;;;;;;;
3;Sudeste;35;SP;São Paulo;3536208;Pariquera-Açu;753096.869;39156.5;661857.042;34412.57;586023.644;29601.64;73700.156;37303.439;340427.985;86011.323;537442.903;48580.741;Demais serviços;Comércio e reparação de veículos automotores e motocicletas;Administração, defesa, educação e saúde públicas e seguridade social;6;True;90.5;0.905183;270.22;272.78;4.568272;4.1;;90.5;0.905183;270.22;272.78;4.568272;4.1;;97.5;0.975731;252.94;256.82;5.162667;5.0;;97.5;0.975731;252.94;256.82;5.162667;5.0;;99.8;0.998195;231.73;216.77;6.327654;6.3;;99.8;0.998195;231.73;216.77;6.327654;6.3;;;;;;;;;;;;;;;;;;;;;;;;;;;;;;;;;;;;
3;Sudeste;35;SP;São Paulo;3536257;Parisi;67930.902;23489.25;56106.775;19400.68;53619.89;24630.17;15226.568;1575.295;17336.671;17528.91;51667.444;1952.446;Administração, defesa, educação e saúde públicas e seguridade social;Demais serviços;Agricultura, inclusive apoio à agricultura e a pós colheita;6;True;100.0;1.0;261.24;269.93;4.399484;4.4;;100.0;1.0;261.24;269.93;4.399484;4.4;;100.0;1.0;259.74;261.39;5.352167;5.4;;100.0;1.0;259.74;261.39;5.352167;5.4;;100.0;1.0;282.65;242.75;7.771773;7.8;;100.0;1.0;282.65;242.75;7.771773;7.8;;;;;;;;;;;;;;;;;;;;;;;;;;;;;;;;;;;;
3;Sudeste;35;SP;São Paulo;3536307;Patrocínio Paulista;1850012.193;127481.55;1599786.053;110421.46;1360808.588;91078.82;394527.984;386103.137;366420.826;72400.087;1219452.034;141356.554;Agricultura, inclusive apoio à agricultura e a pós colheita;Indústrias de transformação;Demais serviços;6;True;84.9;0.851313;264.42;280.49;4.60223;3.9;;84.9;0.851313;264.42;280.49;4.60223;3.9;;94.8;0.943554;248.83;251.59;5.007;4.7;;94.8;0.943554;248.83;251.59;5.007;4.7;;100.0;1.0;222.8;208.38;6.004688;6.0;;100.0;1.0;222.8;208.38;6.004688;6.0;;;;;;;;;;;;;;;;;;;;;;;;;;;;;;;;;;;;
3;Sudeste;35;SP;São Paulo;3536406;Paulicéia;322393.938;40527.21;254093.733;31941.39;200144.75;26544.4;32861.025;24656.773;87541.499;44687.198;189746.496;10398.253;Demais serviços;Administração, defesa, educação e saúde públicas e seguridade social;Agricultura, inclusive apoio à agricultura e a pós colheita;6;True;98.6;0.987917;257.07;268.12;4.31382;4.3;;98.6;0.987917;257.07;268.12;4.31382;4.3;;100.0;1.0;245.55;246.49;4.867333;4.9;;100.0;1.0;245.55;246.49;4.867333;4.9;;100.0;1.0;265.64;237.62;7.353882;7.4;;100.0;1.0;265.64;237.62;7.353882;7.4;;;;;;;;;;;;;;;;;;;;;;;;;;;;;;;;;;;;
3;Sudeste;35;SP;São Paulo;3536505;Paulínia;67067300.461;606740.73;70496583.77;637764.58;52389436.509;457517.7;18366.625;26746711.487;16124529.315;1228455.565;44118062.99;8271373.519;Indústrias de transformação;Demais serviços;Comércio e reparação de veículos automotores e motocicletas;8;True;91.1;0.910063;272.58;281.2;4.727466;4.3;;91.7;0.916974;283.45;289.45;5.003637;4.6;;95.7;0.95626;261.74;266.98;5.478667;5.2;;96.5;0.963946;260.99;264.48;5.4245;5.2;;98.2;0.982013;235.85;218.77;6.442643;6.3;;98.2;0.982013;235.85;218.77;6.442643;6.3;;95.1;0.950375;262.26;268.75;5.516833;5.2;;;;;;;;;;;;;;;;97.7;0.977223;350.77;340.54;6.713963;6.6;;;;;;;;
3;Sudeste;35;SP;São Paulo;3536570;Paulistânia;74506.181;35648.89;52259.4;25004.5;48636.69;26505.01;13961.467;1865.428;11916.293;17867.287;45610.476;3026.215;Administração, defesa, educação e saúde públicas e seguridade social;Demais serviços;Produção florestal, pesca e aquicultura;6;True;100.0;1.0;235.42;233.31;3.48864;3.5;;100.0;1.0;235.42;233.31;3.48864;3.5;;100.0;1.0;251.52;268.33;5.330833;5.3;;100.0;1.0;251.52;268.33;5.330833;5.3;;100.0;1.0;248.57;229.18;6.874664;6.9;;100.0;1.0;248.57;229.18;6.874664;6.9;;;;;;;;;;;;;;;;;;;;;;;;;;;;;;;;;;;;
3;Sudeste;35;SP;São Paulo;3536604;Paulo de Faria;426145.814;57587.27;306078.825;41362.0;269674.996;30054.05;126868.006;11172.421;75107.445;46504.62;259652.492;10022.503;Agricultura, inclusive apoio à agricultura e a pós colheita;Demais serviços;Administração, defesa, educação e saúde públicas e seguridade social;4;True;;;;;;;;;;;;;;;99.7;0.996973;239.98;239.84;4.663667;4.6;;;;;;;;;99.7;0.996964;235.11;214.19;6.345248;6.3;;99.7;0.996964;235.11;214.19;6.345248;6.3;;99.7;0.996973;239.98;239.84;4.663667;4.6;;;;;;;;;;;;;;;;;;;;;;;;;;;;;
3;Sudeste;35;SP;São Paulo;3536703;Pederneiras;3840420.972;85672.05;3986159.062;88923.17;3066260.985;64521.62;116145.461;1125486.823;1031294.767;212007.17;2484934.222;581326.763;Indústrias de transformação;Demais serviços;Administração, defesa, educação e saúde públicas e seguridade social;6;True;88.9;0.891931;261.21;267.72;4.365978;3.9;;88.9;0.891931;261.21;267.72;4.365978;3.9;;96.1;0.960197;257.66;262.22;5.331333;5.1;;96.1;0.960197;257.66;262.22;5.331333;5.1;;95.8;0.958248;224.49;211.85;6.100031;5.8;;95.8;0.958248;224.49;211.85;6.100031;5.8;;;;;;;;;;;;;;;;;;;;;;;;;;;;;;;;;;;;
3;Sudeste;35;SP;São Paulo;3536802;Pedra Bela;147569.268;22505.61;124824.062;19036.76;118076.036;19271.43;24263.559;6354.5;47984.05;32549.876;111151.985;6924.052;Demais serviços;Administração, defesa, educação e saúde públicas e seguridade social;Agricultura, inclusive apoio à agricultura e a pós colheita;6;True;96.5;0.963636;270.34;265.89;4.466814;4.3;;96.5;0.963636;270.34;265.89;4.466814;4.3;;98.4;0.984902;269.13;272.38;5.691833;5.6;;;;;;;;;99.4;0.993333;250.84;230.31;6.93853;6.9;;99.4;0.993333;250.84;230.31;6.93853;6.9;;98.4;0.984902;269.13;272.38;5.691833;5.6;;;;;;;;;;;;;;;;;;;;;;;;;;;;;
3;Sudeste;35;SP;São Paulo;3536901;Pedranópolis;116927.575;41954.64;84613.995;30360.24;79886.711;32369.01;33440.768;3676.919;19568.365;19842.646;76528.699;3358.012;Agricultura, inclusive apoio à agricultura e a pós colheita;Administração, defesa, educação e saúde públicas e seguridade social;Demais serviços;6;True;100.0;1.0;270.89;269.32;4.525886;4.5;;100.0;1.0;270.89;269.32;4.525886;4.5;;100.0;1.0;270.6;269.17;5.662833;5.7;;100.0;1.0;270.6;269.17;5.662833;5.7;;100.0;1.0;232.72;216.58;6.343092;6.3;;100.0;1.0;232.72;216.58;6.343092;6.3;;;;;;;;;;;;;;;;;;;;;;;;;;;;;;;;;;;;
3;Sudeste;35;SP;São Paulo;3537008;Pedregulho;1417487.589;91303.55;995360.391;64113.39;1731363.803;102593.26;589565.748;651483.459;355373.157;78725.55;1675147.914;56215.889;Eletricidade e gás, água, esgoto, atividades de gestão de resíduos e descontaminação;Agricultura, inclusive apoio à agricultura e a pós colheita;Demais serviços;6;True;88.1;0.890397;266.05;258.52;4.296231;3.8;;88.1;0.890397;266.05;258.52;4.296231;3.8;;97.0;0.970128;249.41;250.81;5.003667;4.9;;97.0;0.970128;249.41;250.81;5.003667;4.9;;97.3;0.974166;239.42;225.55;6.634046;6.5;;97.3;0.974166;239.42;225.55;6.634046;6.5;;;;;;;;;;;;;;;;;;;;;;;;;;;;;;;;;;;;
3;Sudeste;35;SP;São Paulo;3537107;Pedreira;1817291.527;42152.8;1636576.667;37961.05;1502007.81;30658.23;10274.972;356878.015;685061.34;226702.381;1278916.707;223091.103;Demais serviços;Indústrias de transformação;Administração, defesa, educação e saúde públicas e seguridade social;6;True;89.9;0.895918;262.8;270.92;4.436214;4.0;;89.9;0.895918;262.8;270.92;4.436214;4.0;;98.5;0.985568;267.11;266.87;5.566333;5.5;;98.5;0.985568;267.11;266.87;5.566333;5.5;;100.0;0.999599;261.09;241.86;7.344141;7.3;;100.0;0.999599;261.09;241.86;7.344141;7.3;;;;;;;;;;;;;;;;;;;;;;;;;;;;;;;;;;;;
3;Sudeste;35;SP;São Paulo;3537156;Pedrinhas Paulista;177967.145;63469.02;203321.074;72511.08;176652.401;56819.68;21799.021;18484.151;96780.102;21953.768;159017.042;17635.358;Demais serviços;Comércio e reparação de veículos automotores e motocicletas;Administração, defesa, educação e saúde públicas e seguridade social;6;True;98.7;0.989101;270.04;281.6;4.69778;4.6;;98.7;0.989101;270.04;281.6;4.69778;4.6;;99.2;0.989691;257.87;266.47;5.405667;5.3;;99.2;0.989691;257.87;266.47;5.405667;5.3;;100.0;1.0;254.79;232.43;7.052457;7.1;;100.0;1.0;254.79;232.43;7.052457;7.1;;;;;;;;;;;;;;;;;;;;;;;;;;;;;;;;;;;;
3;Sudeste;35;SP;São Paulo;3537206;Pedro de Toledo;208399.244;18473.47;169835.095;15054.97;178608.884;15521.76;32675.893;8575.559;73920.552;53938.365;169110.369;9498.514;Demais serviços;Administração, defesa, educação e saúde públicas e seguridade social;Agricultura, inclusive apoio à agricultura e a pós colheita;6;True;98.6;0.985316;267.63;277.49;4.602404;4.5;;98.6;0.985316;267.63;277.49;4.602404;4.5;;99.3;0.993182;248.11;253.85;5.032667;5.0;;99.3;0.993182;248.11;253.85;5.032667;5.0;;100.0;1.0;222.27;211.66;6.05421;6.1;;100.0;1.0;222.27;211.66;6.05421;6.1;;;;;;;;;;;;;;;;;;;;;;;;;;;;;;;;;;;;
3;Sudeste;35;SP;São Paulo;3537305;Penápolis;2743179.555;44475.1;2259079.347;36626.39;2082458.291;32488.66;96862.97;299214.439;1174012.793;314785.118;1884875.32;197582.971;Demais serviços;Administração, defesa, educação e saúde públicas e seguridade social;Comércio e reparação de veículos automotores e motocicletas;7;True;95.3;0.953041;269.22;276.48;4.609616;4.4;;95.3;0.953041;269.22;276.48;4.609616;4.4;;96.9;0.968699;258.86;262.44;5.355;5.2;;96.9;0.968699;258.86;262.44;5.355;5.2;;99.4;0.994748;264.11;247.48;7.503956;7.5;;99.3;0.993316;262.85;247.18;7.474456;7.4;;;;;;;;;100.0;1.0;269.62;248.81;7.633291;7.6;;;;;;;;;;;;;;;;;;;;;;
3;Sudeste;35;SP;São Paulo;3537404;Pereira Barreto;1495859.413;62081.74;1296050.48;53789.19;1087485.494;42339.32;115617.168;87880.215;631252.452;130849.388;965599.223;121886.271;Demais serviços;Comércio e reparação de veículos automotores e motocicletas;Administração, defesa, educação e saúde públicas e seguridade social;6;True;99.7;0.996644;271.76;272.29;4.582566;4.6;;99.7;0.996644;271.76;272.29;4.582566;4.6;;99.4;0.994241;284.91;277.63;6.042333;6.0;;99.4;0.994241;284.91;277.63;6.042333;6.0;;100.0;1.0;260.99;236.36;7.242232;7.2;;100.0;1.0;260.99;236.36;7.242232;7.2;;;;;;;;;;;;;;;;;;;;;;;;;;;;;;;;;;;;
3;Sudeste;35;SP;São Paulo;3537503;Pereiras;410463.048;46979.86;334838.053;38669.37;317964.199;35826.95;36557.559;106160.074;96904.471;45466.485;285088.589;32875.61;Demais serviços;Indústrias de transformação;Administração, defesa, educação e saúde públicas e seguridade social;4;True;;;;;;;;;;;;;;;99.0;0.989997;250.28;248.49;4.9795;4.9;;99.0;0.989997;250.28;248.49;4.9795;4.9;;95.9;0.960201;241.24;227.48;6.70387;6.4;;95.9;0.960201;241.24;227.48;6.70387;6.4;;;;;;;;;;;;;;;;;;;;;;;;;;;;;;;;;;;;
3;Sudeste;35;SP;São Paulo;3537602;Peruíbe;2366996.023;34629.51;2471440.333;36161.77;1966247.303;28211.36;28423.278;433602.555;1045156.899;360440.044;1867622.776;98624.527;Demais serviços;Administração, defesa, educação e saúde públicas e seguridade social;Indústrias extrativas;7;True;95.9;0.95951;270.71;278.36;4.658687;4.5;;95.9;0.95951;270.71;278.36;4.658687;4.5;;98.9;0.988741;249.51;255.77;5.088;5.0;;99.1;0.990993;248.34;254.73;5.051167;5.0;;99.3;0.993312;219.57;207.12;5.920138;5.9;;99.3;0.993105;219.57;207.12;5.920138;5.9;;96.6;0.96786;264.01;268.58;5.543167;5.4;;;;;;;;;;;;;;;;;;;;;;;;;;;;;
3;Sudeste;35;SP;São Paulo;3537701;Piacatu;160075.041;29004.36;116895.578;21180.57;119024.81;19534.68;32846.471;5451.068;45595.796;30152.738;114046.072;4978.737;Demais serviços;Administração, defesa, educação e saúde públicas e seguridade social;Agricultura, inclusive apoio à agricultura e a pós colheita;4;True;;;;;;;;;;;;;;;99.3;0.991933;271.69;264.15;5.597333;5.6;;99.3;0.991933;271.69;264.15;5.597333;5.6;;100.0;1.0;259.89;234.29;7.183604;7.2;;100.0;1.0;259.89;234.29;7.183604;7.2;;;;;;;;;;;;;;;;;;;;;;;;;;;;;;;;;;;;
3;Sudeste;35;SP;São Paulo;3537800;Piedade;1839652.07;34730.07;1614592.521;30481.26;1597083.415;28657.0;475444.061;167586.946;622008.1;208790.21;1473829.316;123254.098;Agricultura, inclusive apoio à agricultura e a pós colheita;Demais serviços;Administração, defesa, educação e saúde públicas e seguridade social;6;True;95.1;0.95114;276.42;287.41;4.874363;4.6;;95.1;0.95114;276.42;287.41;4.874363;4.6;;98.7;0.987465;276.94;277.17;5.901833;5.8;;98.7;0.987465;276.94;277.17;5.901833;5.8;;99.9;0.998797;238.7;222.38;6.562669;6.6;;99.9;0.998797;238.7;222.38;6.562669;6.6;;;;;;;;;;;;;;;;;;;;;;;;;;;;;;;;;;;;
3;Sudeste;35;SP;São Paulo;3537909;Pilar do Sul;1502793.869;54411.6;1568001.71;56789.02;1276179.945;43096.72;139941.391;48206.132;795120.558;131488.3;1114756.381;161423.564;Comércio e reparação de veículos automotores e motocicletas;Demais serviços;Administração, defesa, educação e saúde públicas e seguridade social;6;True;90.6;0.908116;279.52;284.12;4.86865;4.4;;90.6;0.908116;279.52;284.12;4.86865;4.4;;98.2;0.981679;275.78;276.13;5.865167;5.8;;98.2;0.981679;275.78;276.13;5.865167;5.8;;99.7;0.997197;241.1;225.66;6.668107;6.6;;99.7;0.997197;241.1;225.66;6.668107;6.6;;;;;;;;;;;;;;;;;;;;;;;;;;;;;;;;;;;;
3;Sudeste;35;SP;São Paulo;3538006;Pindamonhangaba;13674680.185;82662.43;13719557.144;82933.71;13742498.486;79951.7;43052.007;6276328.458;4231574.697;775303.52;11326258.683;2416239.802;Indústrias de transformação;Demais serviços;Administração, defesa, educação e saúde públicas e seguridade social;6;True;94.6;0.94645;279.12;286.82;4.903452;4.6;;94.6;0.94645;279.12;286.82;4.903452;4.6;;98.9;0.988728;267.11;269.02;5.602167;5.5;;98.9;0.988728;267.11;269.02;5.602167;5.5;;99.6;0.996174;238.38;221.16;6.53438;6.5;;99.6;0.996174;238.38;221.16;6.53438;6.5;;;;;;;;;;;;;;;;;;;;;;;;;;;;;;;;;;;;
3;Sudeste;35;SP;São Paulo;3538105;Pindorama;733295.538;50426.04;580740.524;39935.4;498800.901;28703.01;32396.097;139678.398;197578.818;80182.043;449835.357;48965.545;Demais serviços;Indústrias de transformação;Administração, defesa, educação e saúde públicas e seguridade social;6;True;84.5;0.841379;258.42;263.55;4.264368;3.6;;84.5;0.841379;258.42;263.55;4.264368;3.6;;98.0;0.979717;273.91;261.48;5.589833;5.5;;;;;;;;;98.3;0.982246;249.22;225.57;6.821432;6.7;;98.3;0.982246;249.22;225.57;6.821432;6.7;;98.5;0.985228;273.91;261.48;5.589833;5.5;;;;;;;;;;;;;;;;;;;;;;;;;;;;;
3;Sudeste;35;SP;São Paulo;3538204;Pinhalzinho;416404.895;27351.87;353044.914;23197.64;314651.306;20216.61;54127.241;31328.263;139613.441;64722.874;289791.819;24859.487;Demais serviços;Administração, defesa, educação e saúde públicas e seguridade social;Agricultura, inclusive apoio à agricultura e a pós colheita;6;True;95.2;0.953112;287.23;295.19;5.142655;4.9;;95.2;0.953112;287.23;295.19;5.142655;4.9;;99.6;0.995994;267.41;266.77;5.569667;5.5;;;;;;;;;100.0;1.0;229.6;219.17;6.330641;6.3;;100.0;1.0;229.6;219.17;6.330641;6.3;;99.6;0.995994;267.41;266.77;5.569667;5.5;;;;;;;;;;;;;;;;;;;;;;;;;;;;;
3;Sudeste;35;SP;São Paulo;3538303;Piquerobi;100296.285;30728.03;75045.123;22991.77;67093.357;18103.98;16621.751;3845.287;20308.244;23239.478;64014.76;3078.597;Administração, defesa, educação e saúde públicas e seguridade social;Demais serviços;Pecuária, inclusive apoio à pecuária;6;True;94.4;0.949358;268.09;264.64;4.4165;4.2;;94.4;0.949358;268.09;264.64;4.4165;4.2;;98.8;0.985528;278.53;284.04;6.042833;6.0;;98.8;0.985528;278.53;284.04;6.042833;6.0;;98.9;0.987615;229.71;217.39;6.300377;6.2;;98.9;0.987615;229.71;217.39;6.300377;6.2;;;;;;;;;;;;;;;;;;;;;;;;;;;;;;;;;;;;
3;Sudeste;35;SP;São Paulo;3538501;Piquete;227360.717;18203.42;211421.675;16927.28;197854.114;14661.29;4666.264;36176.23;90118.282;54602.678;185563.454;12290.66;Demais serviços;Administração, defesa, educação e saúde públicas e seguridade social;Construção;6;True;89.2;0.89669;263.69;275.12;4.511588;4.0;;89.2;0.89669;263.69;275.12;4.511588;4.0;;93.4;0.93076;259.99;256.29;5.271333;4.9;;93.4;0.93076;259.99;256.29;5.271333;4.9;;98.4;0.986235;241.59;220.7;6.587276;6.5;;98.4;0.986235;241.59;220.7;6.587276;6.5;;;;;;;;;;;;;;;;;;;;;;;;;;;;;;;;;;;;
3;Sudeste;35;SP;São Paulo;3538600;Piracaia;799448.681;30713.77;708921.401;27235.83;661695.603;23959.72;34499.769;104961.994;329290.946;119739.608;588492.316;73203.287;Demais serviços;Administração, defesa, educação e saúde públicas e seguridade social;Indústrias de transformação;6;True;96.9;0.967373;261.7;271.21;4.425106;4.3;;96.9;0.967373;261.7;271.21;4.425106;4.3;;97.3;0.972363;266.08;270.74;5.613667;5.5;;99.5;0.994727;264.57;269.55;5.568667;5.5;;97.0;0.969105;246.19;229.44;6.833972;6.6;;97.0;0.969105;246.19;229.44;6.833972;6.6;;;;;;;;;;;;;;;;;;;;;;;;;;;;;;;;;;;;
3;Sudeste;35;SP;São Paulo;3538709;Piracicaba;44351587.75;104770.09;42063296.89;99364.54;34555723.85;84225.76;168945.818;9974330.039;14606754.804;1922643.897;26672674.559;7883049.291;Demais serviços;Indústrias de transformação;Comércio e reparação de veículos automotores e motocicletas;7;True;92.4;0.925437;273.21;282.54;4.756374;4.4;;92.6;0.944572;275.71;284.47;4.820379;4.6;;96.8;0.968665;266.9;269.28;5.603;5.4;;96.8;0.968665;266.9;269.28;5.603;5.4;;98.8;0.987364;240.12;224.64;6.630859;6.5;;98.7;0.98655;236.75;221.59;6.511092;6.4;;;;;;;;;99.4;0.993592;258.29;241.02;7.275433;7.2;;;;;;;;;;;;;;;;;;;;;;
3;Sudeste;35;SP;São Paulo;3538808;Piraju;1088629.415;36982.93;976905.834;33187.45;926203.349;30945.65;91329.86;126489.912;496909.843;140956.42;855686.035;70517.313;Demais serviços;Administração, defesa, educação e saúde públicas e seguridade social;Comércio e reparação de veículos automotores e motocicletas;6;True;93.3;0.936203;282.31;292.13;5.027746;4.7;;93.3;0.936203;282.31;292.13;5.027746;4.7;;99.0;0.989971;266.73;270.67;5.623333;5.6;;99.0;0.989971;266.73;270.67;5.623333;5.6;;100.0;1.0;243.14;230.04;6.786675;6.8;;100.0;1.0;243.14;230.04;6.786675;6.8;;;;;;;;;;;;;;;;;;;;;;;;;;;;;;;;;;;;
3;Sudeste;35;SP;São Paulo;3538907;Pirajuí;737808.736;32892.37;582403.026;25964.2;540057.892;20820.31;88930.161;37446.002;269193.483;109070.085;504639.73;35418.162;Demais serviços;Administração, defesa, educação e saúde públicas e seguridade social;Agricultura, inclusive apoio à agricultura e a pós colheita;6;True;98.7;0.986239;261.35;269.39;4.392945;4.3;;98.7;0.986239;261.35;269.39;4.392945;4.3;;99.1;0.990696;249.1;246.22;4.922;4.9;;99.1;0.990696;249.1;246.22;4.922;4.9;;99.6;0.995986;203.89;199.13;5.475629;5.5;;99.6;0.995986;203.89;199.13;5.475629;5.5;;;;;;;;;;;;;;;;;;;;;;;;;;;;;;;;;;;;
3;Sudeste;35;SP;São Paulo;3539004;Pirangi;535545.259;49200.3;422167.619;38784.35;364797.71;31655.48;47357.201;73598.801;160335.446;52153.959;333445.407;31352.303;Demais serviços;Indústrias de transformação;Administração, defesa, educação e saúde públicas e seguridade social;6;True;93.7;0.940821;260.1;257.46;4.196796;3.9;;93.7;0.940821;260.1;257.46;4.196796;3.9;;99.1;0.990664;247.27;251.41;4.978;4.9;;99.1;0.990664;247.27;251.41;4.978;4.9;;99.8;0.99778;234.13;225.35;6.529455;6.5;;99.8;0.99778;234.13;225.35;6.529455;6.5;;;;;;;;;;;;;;;;;;;;;;;;;;;;;;;;;;;;
3;Sudeste;35;SP;São Paulo;3539103;Pirapora do Bom Jesus;693313.531;37741.62;713384.886;38834.23;826672.314;42495.88;232.06;358646.969;286915.08;104029.096;749823.205;76849.109;Demais serviços;Indústrias de transformação;Eletricidade e gás, água, esgoto, atividades de gestão de resíduos e descontaminação;6;True;95.1;0.948505;243.75;255.88;3.943508;3.7;;95.1;0.948505;243.75;255.88;3.943508;3.7;;98.8;0.987665;234.79;243.53;4.638667;4.6;;;;;;;;;99.0;0.99029;197.26;191.4;5.208557;5.2;;99.0;0.99029;197.26;191.4;5.208557;5.2;;98.8;0.987665;234.79;243.53;4.638667;4.6;;;;;;;;;;;;;;;;;;;;;;;;;;;;;
3;Sudeste;35;SP;São Paulo;3539202;Pirapozinho;1410928.462;55662.32;1226915.658;48402.86;927781.106;33165.84;34317.905;285286.432;371560.44;126887.38;818052.157;109728.949;Demais serviços;Indústrias de transformação;Administração, defesa, educação e saúde públicas e seguridade social;6;True;88.7;0.891304;272.78;273.16;4.609916;4.1;;88.7;0.891304;272.78;273.16;4.609916;4.1;;96.4;0.964496;257.54;253.38;5.182;5.0;;96.4;0.964496;257.54;253.38;5.182;5.0;;99.9;0.998592;238.24;225.75;6.615163;6.6;;99.9;0.998592;238.24;225.75;6.615163;6.6;;;;;;;;;;;;;;;;;;;;;;;;;;;;;;;;;;;;
3;Sudeste;35;SP;São Paulo;3539301;Pirassununga;4304413.432;58527.61;3844918.464;52279.81;3312332.24;42833.73;128540.359;592377.464;1720941.361;387141.683;2829000.866;483331.373;Demais serviços;Comércio e reparação de veículos automotores e motocicletas;Indústrias de transformação;6;True;87.7;0.883631;274.41;281.91;4.763797;4.2;;87.7;0.883631;274.41;281.91;4.763797;4.2;;96.4;0.964306;257.56;259.45;5.2835;5.1;;96.4;0.964306;257.56;259.45;5.2835;5.1;;99.0;0.990499;230.82;216.69;6.308833;6.2;;99.0;0.990499;230.82;216.69;6.308833;6.2;;;;;;;;;;;;;;;;;;;;;;;;;;;;;;;;;;;;
3;Sudeste;35;SP;São Paulo;3539400;Piratininga;389654.818;25791.29;325773.121;21564.38;278466.987;20048.02;35313.439;22352.562;141605.355;58754.494;258025.851;20441.136;Demais serviços;Administração, defesa, educação e saúde públicas e seguridade social;Agricultura, inclusive apoio à agricultura e a pós colheita;4;True;;;;;;;;;;;;;;;94.9;0.9488;241.45;250.37;4.863667;4.6;;94.9;0.9488;241.45;250.37;4.863667;4.6;;99.5;0.994898;232.34;208.22;6.18384;6.2;;99.5;0.994898;232.34;208.22;6.18384;6.2;;;;;;;;;;;;;;;;;;;;;;;;;;;;;;;;;;;;
3;Sudeste;35;SP;São Paulo;3539509;Pitangueiras;1830159.52;54349.34;1637314.793;48622.52;1389560.822;34369.55;97629.338;240279.826;715107.412;177310.155;1230326.732;159234.09;Demais serviços;Comércio e reparação de veículos automotores e motocicletas;Administração, defesa, educação e saúde públicas e seguridade social;7;True;88.7;0.894625;269.88;277.96;4.641042;4.2;;88.7;0.894625;269.88;277.96;4.641042;4.2;;96.6;0.965429;259.24;258.35;5.293167;5.1;;96.5;0.964161;263.72;260.22;5.399;5.2;;98.4;0.983886;246.36;229.28;6.834307;6.7;;98.4;0.983886;246.36;229.28;6.834307;6.7;;97.1;0.96892;246.44;253.02;4.991;4.8;;;;;;;;;;;;;;;;;;;;;;;;;;;;;
3;Sudeste;35;SP;São Paulo;3539608;Planalto;331486.812;75526.73;231891.37;52834.67;193761.556;36082.23;44812.981;44986.379;50656.264;36093.825;176549.449;17212.107;Demais serviços;Agricultura, inclusive apoio à agricultura e a pós colheita;Indústrias de transformação;6;True;94.4;0.945502;266.06;275.51;4.550713;4.3;;94.4;0.945502;266.06;275.51;4.550713;4.3;;98.3;0.983739;263.29;256.71;5.333333;5.2;;98.3;0.983739;263.29;256.71;5.333333;5.2;;98.9;0.987895;227.45;206.06;6.051247;6.0;;98.9;0.987895;227.45;206.06;6.051247;6.0;;;;;;;;;;;;;;;;;;;;;;;;;;;;;;;;;;;;
3;Sudeste;35;SP;São Paulo;3539707;Platina;160405.565;53026.63;139776.855;46130.98;120018.909;33283.11;44723.913;13437.68;25511.078;24422.331;108095.002;11923.906;Agricultura, inclusive apoio à agricultura e a pós colheita;Demais serviços;Administração, defesa, educação e saúde públicas e seguridade social;6;True;93.2;0.928307;239.81;241.56;3.6738;3.4;;93.2;0.928307;239.81;241.56;3.6738;3.4;;91.8;0.902534;242.02;238.61;4.677167;4.2;;91.8;0.902534;242.02;238.61;4.677167;4.2;;100.0;1.0;254.48;240.25;7.188723;7.2;;100.0;1.0;254.48;240.25;7.188723;7.2;;;;;;;;;;;;;;;;;;;;;;;;;;;;;;;;;;;;
3;Sudeste;35;SP;São Paulo;3539806;Poá;4610760.103;44434.64;4022934.981;38769.67;3769347.372;31616.47;3513.614;1004374.56;1688507.023;562104.846;3258500.043;510847.329;Demais serviços;Indústrias de transformação;Administração, defesa, educação e saúde públicas e seguridade social;7;True;95.4;0.953632;266.73;279.82;4.624644;4.4;;95.4;0.953632;266.73;279.82;4.624644;4.4;;98.2;0.981494;264.1;268.2;5.538333;5.4;;98.0;0.980447;253.92;259.89;5.230167;5.1;;99.2;0.991579;225.9;218.1;6.240576;6.2;;99.2;0.991579;225.9;218.1;6.240576;6.2;;98.4;0.984909;289.59;288.99;6.309667;6.2;;;;;;;;;;;;;;;;;;;;;;;;;;;;;
3;Sudeste;35;SP;São Paulo;3539905;Poloni;199994.46;35764.39;172111.564;30778.18;154422.732;25044.23;33294.854;30293.966;45648.986;30755.434;139993.24;14429.492;Demais serviços;Administração, defesa, educação e saúde públicas e seguridade social;Agricultura, inclusive apoio à agricultura e a pós colheita;6;True;89.7;0.898278;265.13;279.67;4.599927;4.1;;89.7;0.898278;265.13;279.67;4.599927;4.1;;94.7;0.946858;270.85;260.82;5.527833;5.2;;94.7;0.946858;270.85;260.82;5.527833;5.2;;100.0;1.0;237.52;205.45;6.232332;6.2;;;;;;;;;;;;;;;;100.0;1.0;237.52;205.45;6.232332;6.2;;;;;;;;;;;;;;;;;;;;;;
3;Sudeste;35;SP;São Paulo;3540002;Pompéia;2509065.063;124235.74;2325356.654;115139.47;1951861.434;87425.49;47880.902;841052.627;653537.436;115359.259;1657830.224;294031.211;Indústrias de transformação;Demais serviços;Administração, defesa, educação e saúde públicas e seguridade social;6;True;87.7;0.886855;270.03;282.93;4.717549;4.2;;87.7;0.886855;270.03;282.93;4.717549;4.2;;97.6;0.974515;262.41;267.02;5.4905;5.4;;97.6;0.974515;262.41;267.02;5.4905;5.4;;100.0;1.0;267.14;240.18;7.429053;7.4;;100.0;1.0;267.14;240.18;7.429053;7.4;;;;;;;;;;;;;;;;;;;;;;;;;;;;;;;;;;;;
3;Sudeste;35;SP;São Paulo;3540101;Pongaí;124380.214;36636.29;99853.716;29411.99;94398.934;27887.43;25946.722;4713.374;37104.152;21905.071;89669.319;4729.615;Demais serviços;Administração, defesa, educação e saúde públicas e seguridade social;Agricultura, inclusive apoio à agricultura e a pós colheita;6;True;97.3;0.980249;273.19;279.08;4.704297;4.6;;97.3;0.980249;273.19;279.08;4.704297;4.6;;100.0;1.0;262.96;271.02;5.566333;5.6;;100.0;1.0;262.96;271.02;5.566333;5.6;;97.9;0.977597;263.39;235.73;7.276579;7.1;;97.9;0.977597;263.39;235.73;7.276579;7.1;;;;;;;;;;;;;;;;;;;;;;;;;;;;;;;;;;;;
3;Sudeste;35;SP;São Paulo;3540200;Pontal;2153953.579;57275.34;1667659.75;44344.4;1462864.886;28285.96;81325.328;450923.587;540579.857;224953.808;1297782.58;165082.306;Demais serviços;Indústrias de transformação;Administração, defesa, educação e saúde públicas e seguridade social;7;True;89.1;0.894792;264.42;274.75;4.516302;4.0;;89.1;0.894792;264.42;274.75;4.516302;4.0;;98.2;0.982205;253.24;259.99;5.2205;5.1;;98.1;0.981367;248.17;255.24;5.056833;5.0;;99.6;0.996372;238.47;217.93;6.477371;6.5;;99.6;0.996372;238.47;217.93;6.477371;6.5;;98.4;0.984784;263.61;269.71;5.555333;5.5;;;;;;;;;;;;;;;;;;;;;;;;;;;;;
3;Sudeste;35;SP;São Paulo;3540259;Pontalinda;131996.978;31983.76;97316.213;23580.38;98029.534;20773.37;38924.762;3922.52;27381.924;24128.747;94357.953;3671.581;Agricultura, inclusive apoio à agricultura e a pós colheita;Administração, defesa, educação e saúde públicas e seguridade social;Demais serviços;6;True;90.2;0.91013;275.83;267.14;4.562633;4.2;;90.2;0.91013;275.83;267.14;4.562633;4.2;;100.0;1.0;279.72;277.34;5.951;6.0;;100.0;1.0;279.72;277.34;5.951;6.0;;96.1;0.961259;223.05;201.31;5.880914;5.7;;96.1;0.961259;223.05;201.31;5.880914;5.7;;;;;;;;;;;;;;;;;;;;;;;;;;;;;;;;;;;;
3;Sudeste;35;SP;São Paulo;3540309;Pontes Gestal;152498.657;63887.16;115084.068;48212.85;126662.711;49170.31;23558.894;17561.669;32158.988;21651.352;94930.902;31731.809;Demais serviços;Administração, defesa, educação e saúde públicas e seguridade social;Agricultura, inclusive apoio à agricultura e a pós colheita;4;True;;;;;;;;;;;;;;;97.9;0.980413;252.59;261.41;5.233333;5.1;;97.9;0.980413;252.59;261.41;5.233333;5.1;;100.0;1.0;252.41;240.32;7.150492;7.2;;100.0;1.0;252.41;240.32;7.150492;7.2;;;;;;;;;;;;;;;;;;;;;;;;;;;;;;;;;;;;
3;Sudeste;35;SP;São Paulo;3540408;Populina;156037.352;37808.91;120313.545;29152.79;117259.827;28351.02;46156.519;5126.137;35944.338;26042.974;113269.967;3989.86;Agricultura, inclusive apoio à agricultura e a pós colheita;Demais serviços;Administração, defesa, educação e saúde públicas e seguridade social;6;True;100.0;1.0;294.87;303.46;5.373761;5.4;;100.0;1.0;294.87;303.46;5.373761;5.4;;100.0;1.0;284.21;265.72;5.832167;5.8;;100.0;1.0;284.21;265.72;5.832167;5.8;;97.4;0.973242;246.61;215.51;6.588714;6.4;;97.4;0.973242;246.61;215.51;6.588714;6.4;;;;;;;;;;;;;;;;;;;;;;;;;;;;;;;;;;;;
3;Sudeste;35;SP;São Paulo;3540507;Porangaba;309199.549;29585.64;259914.531;24869.82;233734.267;22903.9;65062.559;16478.762;91472.273;46301.559;219315.155;14419.112;Demais serviços;Pecuária, inclusive apoio à pecuária;Administração, defesa, educação e saúde públicas e seguridade social;6;True;91.4;0.903824;262.41;274.07;4.477892;4.0;;91.4;0.903824;262.41;274.07;4.477892;4.0;;95.9;0.959062;243.5;243.53;4.783833;4.6;;95.9;0.959062;243.5;243.53;4.783833;4.6;;99.8;0.99778;219.86;207.68;5.935854;5.9;;99.8;0.99778;219.86;207.68;5.935854;5.9;;;;;;;;;;;;;;;;;;;;;;;;;;;;;;;;;;;;
3;Sudeste;35;SP;São Paulo;3540606;Porto Feliz;5067048.835;89687.04;4346576.883;76934.65;3754665.663;69921.89;227392.769;861156.651;1505563.877;267988.011;2862101.308;892564.355;Demais serviços;Indústrias de transformação;Comércio e reparação de veículos automotores e motocicletas;7;True;94.5;0.947534;270.48;277.17;4.637642;4.4;;94.5;0.947534;270.48;277.17;4.637642;4.4;;99.9;0.998749;262.79;265.16;5.465833;5.5;;99.5;0.994722;266.7;275.56;5.704333;5.7;;100.0;1.0;224.16;214.29;6.138097;6.1;;100.0;1.0;224.16;214.29;6.138097;6.1;;100.0;0.999499;262.1;263.32;5.423667;5.4;;;;;;;;;;;;;;;;;;;;;;;;;;;;;
3;Sudeste;35;SP;São Paulo;3540705;Porto Ferreira;3069355.36;58298.46;2690983.419;51111.77;2495873.112;43904.33;65186.806;810504.629;890768.826;265956.556;2032416.818;463456.294;Demais serviços;Indústrias de transformação;Administração, defesa, educação e saúde públicas e seguridade social;6;True;83.1;0.8354;281.11;288.86;4.96194;4.1;;83.3;0.835016;282.67;289.37;4.991485;4.2;;92.8;0.927551;256.92;260.75;5.2945;4.9;;92.5;0.92284;254.8;257.43;5.203833;4.8;;97.0;0.970508;242.47;224.97;6.681706;6.5;;97.0;0.970508;242.47;224.97;6.681706;6.5;;;;;;;;;;;;;;;;;;;;;;;;;;;;;;;;;;;;
3;Sudeste;35;SP;São Paulo;3540754;Potim;355270.826;17422.07;333131.61;16336.39;308459.434;12047.78;2965.718;42569.123;129450.598;104072.821;279058.261;29401.174;Administração, defesa, educação e saúde públicas e seguridade social;Demais serviços;Indústrias de transformação;6;True;72.6;0.737358;250.36;253.91;4.006854;3.0;;72.6;0.737358;250.36;253.91;4.006854;3.0;;99.1;0.990982;269.01;268.49;5.625;5.6;;;;;;;;;99.7;0.997792;239.81;219.81;6.537125;6.5;;99.7;0.997792;239.81;219.81;6.537125;6.5;;99.1;0.990982;269.01;268.49;5.625;5.6;;;;;;;;;;;;;;;;;;;;;;;;;;;;;
3;Sudeste;35;SP;São Paulo;3540804;Potirendaba;1017222.502;54996.89;738361.947;39920.09;620168.928;35101.25;62041.144;186511.432;231343.072;81259.743;561155.391;59013.537;Demais serviços;Indústrias de transformação;Administração, defesa, educação e saúde públicas e seguridade social;6;True;97.5;0.975025;276.8;290.71;4.929101;4.8;;97.5;0.975025;276.8;290.71;4.929101;4.8;;94.8;0.947246;269.27;266.35;5.593667;5.3;;;;;;;;;99.3;0.992965;240.38;222.03;6.588366;6.5;;99.3;0.992965;240.38;222.03;6.588366;6.5;;94.8;0.947246;269.27;266.35;5.593667;5.3;;;;;;;;;;;;;;;;;;;;;;;;;;;;;
3;Sudeste;35;SP;São Paulo;3540853;Pracinha;44001.326;17068.01;36226.968;14052.35;40969.449;9468.33;5252.385;2023.387;11143.002;21417.133;39835.908;1133.541;Administração, defesa, educação e saúde públicas e seguridade social;Demais serviços;Agricultura, inclusive apoio à agricultura e a pós colheita;6;True;100.0;1.0;247.9;250.44;3.920358;3.9;;100.0;1.0;247.9;250.44;3.920358;3.9;;100.0;1.0;243.76;229.47;4.553833;4.6;;100.0;1.0;243.76;229.47;4.553833;4.6;;100.0;1.0;228.85;197.87;5.929056;5.9;;100.0;1.0;228.85;197.87;5.929056;5.9;;;;;;;;;;;;;;;;;;;;;;;;;;;;;;;;;;;;
3;Sudeste;35;SP;São Paulo;3540903;Pradópolis;1456795.944;85302.49;1224933.671;71725.83;1096525.583;49306.42;38146.789;395874.063;352138.853;129845.316;916005.021;180520.562;Indústrias de transformação;Demais serviços;Administração, defesa, educação e saúde públicas e seguridade social;6;True;92.6;0.922228;264.99;272.66;4.49302;4.1;;92.6;0.922228;264.99;272.66;4.49302;4.1;;93.3;0.9317;256.73;255.06;5.1965;4.8;;;;;;;;;98.3;0.983258;220.37;206.36;5.921587;5.8;;98.3;0.983258;220.37;206.36;5.921587;5.8;;93.3;0.9317;256.73;255.06;5.1965;4.8;;;;;;;;;;;;;;;;;;;;;;;;;;;;;
3;Sudeste;35;SP;São Paulo;3541000;Praia Grande;11396645.549;32567.89;9984881.465;28533.53;8727831.468;25940.64;5370.531;829936.303;5478764.798;1747690.357;8061761.989;666069.479;Demais serviços;Administração, defesa, educação e saúde públicas e seguridade social;Comércio e reparação de veículos automotores e motocicletas;7;True;96.6;0.96758;265.69;278.51;4.590427;4.4;;96.6;0.96758;265.69;278.51;4.590427;4.4;;95.9;0.95947;260.92;266.58;5.458333;5.2;;97.3;0.974209;255.15;258.09;5.220667;5.1;;96.8;0.968395;227.82;216.69;6.251581;6.1;;96.8;0.968395;227.82;216.69;6.251581;6.1;;95.6;0.955186;262.81;269.37;5.536333;5.3;;;;;;;;;;;;;;;;;;;;;;;;;;;;;
3;Sudeste;35;SP;São Paulo;3541059;Pratânia;252654.531;49288.83;132254.685;25800.76;126366.892;23527.63;41597.294;8319.528;38295.405;28955.301;117167.528;9199.365;Demais serviços;Administração, defesa, educação e saúde públicas e seguridade social;Pecuária, inclusive apoio à pecuária;4;True;;;;;;;;;;;;;;;99.1;0.99039;258.81;249.17;5.133;5.1;;99.1;0.99039;258.81;249.17;5.133;5.1;;100.0;1.0;220.49;200.68;5.820604;5.8;;100.0;1.0;220.49;200.68;5.820604;5.8;;;;;;;;;;;;;;;;;;;;;;;;;;;;;;;;;;;;
3;Sudeste;35;SP;São Paulo;3541109;Presidente Alves;112971.57;29698.1;81380.053;21393.28;77332.792;19014.7;24089.03;3404.973;24925.976;21861.285;74281.265;3051.527;Demais serviços;Administração, defesa, educação e saúde públicas e seguridade social;Pecuária, inclusive apoio à pecuária;4;True;;;;;;;;;;;;;;;100.0;1.0;249.48;257.36;5.114;5.1;;100.0;1.0;249.48;257.36;5.114;5.1;;98.5;0.986477;211.57;184.17;5.350194;5.3;;;;;;;;;;;;;;;;98.5;0.986477;211.57;184.17;5.350194;5.3;;;;;;;;;;;;;;;;;;;;;;
3;Sudeste;35;SP;São Paulo;3541208;Presidente Bernardes;351783.368;24277.67;336492.11;23222.37;331914.146;25644.3;54727.507;17709.227;163406.16;68099.092;303941.987;27972.159;Demais serviços;Administração, defesa, educação e saúde públicas e seguridade social;Comércio e reparação de veículos automotores e motocicletas;6;True;96.8;0.96665;269.65;277.04;4.624039;4.5;;96.8;0.96665;269.65;277.04;4.624039;4.5;;96.7;0.967491;267.44;254.77;5.370167;5.2;;;;;;;;;99.8;0.997168;214.16;212.62;5.916894;5.9;;99.8;0.997168;214.16;212.62;5.916894;5.9;;97.2;0.972163;267.44;254.77;5.370167;5.2;;;;;;;;;;;;;;;;;;;;;;;;;;;;;
3;Sudeste;35;SP;São Paulo;3541307;Presidente Epitácio;1521762.21;38520.75;1570777.976;39761.5;1325522.126;29738.9;95665.205;206442.422;740222.661;187910.916;1230241.205;95280.921;Demais serviços;Administração, defesa, educação e saúde públicas e seguridade social;Indústrias de transformação;7;True;96.0;0.960361;263.6;270.25;4.43742;4.3;;94.8;0.94826;277.45;281.13;4.794817;4.5;;98.0;0.98072;271.62;270.22;5.697333;5.6;;98.0;0.98072;271.62;270.22;5.697333;5.6;;99.7;0.996974;252.82;233.34;7.031407;7.0;;99.9;0.999599;247.75;225.15;6.785743;6.8;;;;;;;;;99.5;0.994666;255.07;236.97;7.140346;7.1;;;;;;;;;;;;;;;;;;;;;;
3;Sudeste;35;SP;São Paulo;3541406;Presidente Prudente;11617598.706;51480.93;10344114.975;45837.76;9242189.133;39845.09;44943.632;1206432.864;6029072.116;919877.186;8200325.798;1041863.335;Demais serviços;Comércio e reparação de veículos automotores e motocicletas;Administração, defesa, educação e saúde públicas e seguridade social;6;True;91.7;0.913821;273.09;277.62;4.681036;4.3;;91.7;0.913821;273.09;277.62;4.681036;4.3;;96.3;0.963306;258.41;260.05;5.307667;5.1;;96.3;0.963306;258.41;260.05;5.307667;5.1;;96.7;0.967369;245.21;228.16;6.791997;6.6;;96.7;0.967369;245.21;228.16;6.791997;6.6;;;;;;;;;;;;;;;;;;;;;;;;;;;;;;;;;;;;
3;Sudeste;35;SP;São Paulo;3541505;Presidente Venceslau;1096298.255;31143.95;912751.618;25929.71;823130.043;20760.95;33876.117;33624.736;543918.302;149854.998;761274.153;61855.89;Demais serviços;Administração, defesa, educação e saúde públicas e seguridade social;Comércio e reparação de veículos automotores e motocicletas;6;True;94.5;0.946277;283.54;296.86;5.11583;4.8;;94.5;0.946277;283.54;296.86;5.11583;4.8;;98.2;0.982478;269.99;272.31;5.705;5.6;;98.2;0.982478;269.99;272.31;5.705;5.6;;99.8;0.997792;258.86;234.96;7.176129;7.2;;99.8;0.997792;258.86;234.96;7.176129;7.2;;;;;;;;;;;;;;;;;;;;;;;;;;;;;;;;;;;;
3;Sudeste;35;SP;São Paulo;3541604;Promissão;3349680.915;95348.29;2922927.936;83200.82;2115365.137;51330.11;97930.104;869918.623;702533.622;201300.014;1871682.363;243682.774;Indústrias de transformação;Demais serviços;Administração, defesa, educação e saúde públicas e seguridade social;7;True;87.8;0.893935;268.29;274.37;4.564968;4.1;;87.8;0.893935;268.29;274.37;4.564968;4.1;;97.7;0.976628;256.67;254.75;5.190333;5.1;;97.7;0.976628;256.67;254.75;5.190333;5.1;;99.4;0.993468;241.09;220.83;6.580098;6.5;;99.9;0.999197;249.15;225.74;6.823187;6.8;;;;;;;;;98.4;0.98176;228.29;213.04;6.194187;6.1;;;;;;;;;;;;;;;;;;;;;;
3;Sudeste;35;SP;São Paulo;3541653;Quadra;209960.369;61662.37;157133.527;46147.88;144522.602;37038.08;64414.798;4907.805;40333.172;28130.108;137785.884;6736.719;Agricultura, inclusive apoio à agricultura e a pós colheita;Demais serviços;Administração, defesa, educação e saúde públicas e seguridade social;6;True;98.8;0.986225;260.77;275.23;4.472224;4.4;;98.8;0.986225;260.77;275.23;4.472224;4.4;;97.9;0.978945;279.45;263.98;5.723833;5.6;;;;;;;;;95.5;0.954039;232.51;203.42;6.099812;5.8;;95.5;0.954039;232.51;203.42;6.099812;5.8;;97.9;0.978945;279.45;263.98;5.723833;5.6;;;;;;;;;;;;;;;;;;;;;;;;;;;;;
3;Sudeste;35;SP;São Paulo;3541703;Quatá;1087543.316;82621.23;917950.531;69737.18;821158.912;57387.58;56280.547;266167.478;328347.114;67059.348;717854.486;103304.426;Indústrias de transformação;Demais serviços;Comércio e reparação de veículos automotores e motocicletas;6;True;94.0;0.939541;282.55;286.1;4.940847;4.6;;94.0;0.939541;282.55;286.1;4.940847;4.6;;96.2;0.962267;252.86;259.91;5.212833;5.0;;96.2;0.962267;252.86;259.91;5.212833;5.0;;100.0;1.0;240.21;218.34;6.518031;6.5;;100.0;1.0;240.21;218.34;6.518031;6.5;;;;;;;;;;;;;;;;;;;;;;;;;;;;;;;;;;;;
3;Sudeste;35;SP;São Paulo;3541802;Queiroz;1095800.38;335620.33;747539.905;228955.56;684733.345;194914.13;101587.799;314269.632;163503.105;28491.176;607851.712;76881.633;Indústrias de transformação;Demais serviços;Pecuária, inclusive apoio à pecuária;6;True;97.1;0.970509;265.47;264.57;4.378654;4.2;;97.1;0.970509;265.47;264.57;4.378654;4.2;;100.0;1.0;258.87;258.05;5.282;5.3;;100.0;1.0;258.87;258.05;5.282;5.3;;100.0;1.0;235.32;223.03;6.509983;6.5;;100.0;1.0;235.32;223.03;6.509983;6.5;;;;;;;;;;;;;;;;;;;;;;;;;;;;;;;;;;;;
3;Sudeste;35;SP;São Paulo;3541901;Queluz;481508.718;52572.19;451013.232;49242.63;388523.141;28178.35;4393.669;49016.47;225259.917;68470.448;347140.505;41382.636;Demais serviços;Comércio e reparação de veículos automotores e motocicletas;Administração, defesa, educação e saúde públicas e seguridade social;6;True;91.0;0.916945;261.28;258.62;4.230734;3.9;;91.0;0.916945;261.28;258.62;4.230734;3.9;;90.4;0.898138;258.06;256.54;5.243333;4.7;;;;;;;;;95.6;0.955113;213.84;195.23;5.594605;5.3;;95.6;0.955113;213.84;195.23;5.594605;5.3;;90.4;0.898138;258.06;256.54;5.243333;4.7;;;;;;;;;;;;;;;;;;;;;;;;;;;;;
3;Sudeste;35;SP;São Paulo;3542008;Quintana;371696.18;52812.76;326892.685;46446.82;276283.799;41016.0;55401.526;71633.619;89933.672;33547.315;250516.132;25767.667;Demais serviços;Indústrias de transformação;Agricultura, inclusive apoio à agricultura e a pós colheita;4;True;;;;;;;;;;;;;;;96.6;0.966082;263.43;263.0;5.4405;5.3;;96.6;0.966082;263.43;263.0;5.4405;5.3;;100.0;1.0;243.76;213.62;6.499961;6.5;;100.0;1.0;243.76;213.62;6.499961;6.5;;;;;;;;;;;;;;;;;;;;;;;;;;;;;;;;;;;;
3;Sudeste;35;SP;São Paulo;3542107;Rafard;594930.466;66361.46;543863.159;60665.16;442882.5;48529.75;20286.315;174144.116;141670.81;45998.402;382099.643;60782.858;Indústrias de transformação;Demais serviços;Administração, defesa, educação e saúde públicas e seguridade social;6;True;96.7;0.967819;276.54;284.55;4.833234;4.7;;96.7;0.967819;276.54;284.55;4.833234;4.7;;98.9;0.988987;264.87;270.65;5.592;5.5;;98.9;0.988987;264.87;270.65;5.592;5.5;;100.0;1.0;232.68;216.27;6.336693;6.3;;100.0;1.0;232.68;216.27;6.336693;6.3;;;;;;;;;;;;;;;;;;;;;;;;;;;;;;;;;;;;
3;Sudeste;35;SP;São Paulo;3542206;Rancharia;1999656.704;69947.42;1724782.502;60332.39;1381836.35;46459.21;283382.561;281459.334;547758.116;143717.627;1256317.637;125518.713;Demais serviços;Indústrias de transformação;Agricultura, inclusive apoio à agricultura e a pós colheita;7;True;90.8;0.911074;265.75;261.42;4.335431;3.9;;90.8;0.911074;265.75;261.42;4.335431;3.9;;99.0;0.990236;276.08;268.71;5.7465;5.7;;99.0;0.989737;276.08;268.71;5.7465;5.7;;97.2;0.972522;246.21;230.63;6.85599;6.7;;97.2;0.972325;246.69;232.11;6.892059;6.7;;;;;;;;;100.0;1.0;236.63;201.02;6.134802;6.1;;;;;;;;;;;;;;;;;;;;;;
3;Sudeste;35;SP;São Paulo;3542305;Redenção da Serra;122058.723;27160.37;82130.385;18275.56;66824.941;17461.44;14008.206;3298.308;24434.812;22062.525;63803.851;3021.09;Demais serviços;Administração, defesa, educação e saúde públicas e seguridade social;Pecuária, inclusive apoio à pecuária;6;True;96.0;0.956189;268.85;279.04;4.642743;4.4;;96.0;0.956189;268.85;279.04;4.642743;4.4;;99.6;0.996207;251.53;256.46;5.133167;5.1;;99.6;0.996207;251.53;256.46;5.133167;5.1;;100.0;1.0;249.51;228.63;6.882603;6.9;;100.0;1.0;249.51;228.63;6.882603;6.9;;;;;;;;;;;;;;;;;;;;;;;;;;;;;;;;;;;;
3;Sudeste;35;SP;São Paulo;3542404;Regente Feijó;1293798.465;64224.3;1123239.391;55757.73;983725.278;47932.82;72280.677;119719.467;534674.237;109415.958;836090.34;147634.938;Demais serviços;Comércio e reparação de veículos automotores e motocicletas;Administração, defesa, educação e saúde públicas e seguridade social;6;True;93.4;0.936894;256.46;264.92;4.257349;4.0;;93.4;0.936894;256.46;264.92;4.257349;4.0;;95.3;0.95239;253.16;260.81;5.232833;5.0;;95.3;0.95239;253.16;260.81;5.232833;5.0;;99.6;0.99557;252.04;230.29;6.961067;6.9;;99.6;0.99557;252.04;230.29;6.961067;6.9;;;;;;;;;;;;;;;;;;;;;;;;;;;;;;;;;;;;
3;Sudeste;35;SP;São Paulo;3542503;Reginópolis;270644.409;35322.95;197943.416;25834.43;184875.117;18401.03;69046.284;6299.308;55621.67;46939.155;177906.417;6968.699;Agricultura, inclusive apoio à agricultura e a pós colheita;Demais serviços;Administração, defesa, educação e saúde públicas e seguridade social;6;True;93.1;0.937746;253.13;250.75;3.998453;3.7;;93.1;0.937746;253.13;250.75;3.998453;3.7;;96.7;0.964016;252.02;255.13;5.119167;4.9;;96.7;0.964016;252.02;255.13;5.119167;4.9;;99.0;0.98991;224.36;209.75;6.059368;6.0;;99.0;0.98991;224.36;209.75;6.059368;6.0;;;;;;;;;;;;;;;;;;;;;;;;;;;;;;;;;;;;
3;Sudeste;35;SP;São Paulo;3542602;Registro;2931914.98;48908.45;2726881.038;45488.96;2357409.327;41751.4;114879.81;163775.815;1531136.703;270795.48;2080587.808;276821.519;Demais serviços;Comércio e reparação de veículos automotores e motocicletas;Administração, defesa, educação e saúde públicas e seguridade social;6;True;97.7;0.976252;280.44;287.87;4.937709;4.8;;97.8;0.977237;288.71;294.26;5.14952;5.0;;99.0;0.989743;265.49;267.68;5.552833;5.5;;99.0;0.989743;265.49;267.68;5.552833;5.5;;99.1;0.991105;239.85;222.56;6.587888;6.5;;99.1;0.991105;239.85;222.56;6.587888;6.5;;;;;;;;;;;;;;;;;;;;;;;;;;;;;;;;;;;;
3;Sudeste;35;SP;São Paulo;3542701;Restinga;311796.861;48687.83;253224.678;39541.64;211751.731;27280.56;65327.198;31185.788;57624.834;43809.474;197947.293;13804.438;Agricultura, inclusive apoio à agricultura e a pós colheita;Demais serviços;Administração, defesa, educação e saúde públicas e seguridade social;4;True;91.1;0.910279;263.65;270.96;4.448751;4.0;;91.1;0.910279;263.65;270.96;4.448751;4.0;;;;;;;;;;;;;;;;97.8;0.976826;232.43;221.87;6.43374;6.3;;97.8;0.976826;232.43;221.87;6.43374;6.3;;;;;;;;;;;;;;;;;;;;;;;;;;;;;;;;;;;;
3;Sudeste;35;SP;São Paulo;3542800;Ribeira;61921.669;19770.65;56194.05;17941.91;62081.261;18699.17;14888.842;2321.653;22349.047;18943.363;58502.904;3578.356;Administração, defesa, educação e saúde públicas e seguridade social;Demais serviços;Agricultura, inclusive apoio à agricultura e a pós colheita;6;True;100.0;1.0;268.37;269.69;4.496031;4.5;;100.0;1.0;268.37;269.69;4.496031;4.5;;100.0;1.0;257.92;263.06;5.349667;5.3;;100.0;1.0;257.92;263.06;5.349667;5.3;;100.0;1.0;235.91;219.61;6.459061;6.5;;100.0;1.0;235.91;219.61;6.459061;6.5;;;;;;;;;;;;;;;;;;;;;;;;;;;;;;;;;;;;
3;Sudeste;35;SP;São Paulo;3542909;Ribeirão Bonito;494054.078;44958.97;412615.322;37548.03;371778.478;27794.44;73855.425;31299.151;184693.109;59740.268;349587.953;22190.526;Demais serviços;Administração, defesa, educação e saúde públicas e seguridade social;Agricultura, inclusive apoio à agricultura e a pós colheita;6;True;96.9;0.969598;247.16;259.84;4.050683;3.9;;96.9;0.969598;247.16;259.84;4.050683;3.9;;97.0;0.971336;225.84;235.01;4.3475;4.2;;;;;;;;;97.9;0.978786;220.86;206.98;5.942211;5.8;;97.9;0.978786;220.86;206.98;5.942211;5.8;;97.0;0.971336;225.84;235.01;4.3475;4.2;;;;;;;;;;;;;;;;;;;;;;;;;;;;;
3;Sudeste;35;SP;São Paulo;3543006;Ribeirão Branco;640748.923;34398.93;445041.016;23892.25;595498.967;37255.94;378479.394;22176.25;107844.412;74591.408;583091.465;12407.503;Agricultura, inclusive apoio à agricultura e a pós colheita;Demais serviços;Administração, defesa, educação e saúde públicas e seguridade social;6;True;93.5;0.938037;277.06;280.24;4.776016;4.5;;93.5;0.938037;277.06;280.24;4.776016;4.5;;99.4;0.993416;265.57;263.15;5.478667;5.4;;99.4;0.993416;265.57;263.15;5.478667;5.4;;100.0;1.0;246.35;226.34;6.780661;6.8;;100.0;1.0;246.35;226.34;6.780661;6.8;;;;;;;;;;;;;;;;;;;;;;;;;;;;;;;;;;;;
3;Sudeste;35;SP;São Paulo;3543105;Ribeirão Corrente;282574.463;61322.58;211826.79;45969.36;319057.831;66664.82;206883.033;12518.718;62648.775;30036.847;312087.373;6970.458;Agricultura, inclusive apoio à agricultura e a pós colheita;Demais serviços;Administração, defesa, educação e saúde públicas e seguridade social;6;True;93.3;0.937478;257.51;255.73;4.134521;3.9;;93.3;0.937478;257.51;255.73;4.134521;3.9;;95.0;0.947472;279.94;272.59;5.8755;5.6;;;;;;;;;97.3;0.977022;237.83;220.5;6.511884;6.4;;97.3;0.977022;237.83;220.5;6.511884;6.4;;95.0;0.947472;279.94;272.59;5.8755;5.6;;;;;;;;;;;;;;;;;;;;;;;;;;;;;
3;Sudeste;35;SP;São Paulo;3543204;Ribeirão do Sul;326854.578;69885.52;295843.701;63255.01;224362.519;49451.73;58713.303;12106.65;104315.168;28719.939;203855.06;20507.46;Demais serviços;Agricultura, inclusive apoio à agricultura e a pós colheita;Comércio e reparação de veículos automotores e motocicletas;6;True;93.6;0.933998;274.22;278.57;4.711128;4.4;;93.6;0.933998;274.22;278.57;4.711128;4.4;;98.0;0.976445;257.62;260.51;5.302167;5.2;;98.0;0.976445;257.62;260.51;5.302167;5.2;;99.6;0.995935;232.22;220.48;6.404459;6.4;;99.6;0.995935;232.22;220.48;6.404459;6.4;;;;;;;;;;;;;;;;;;;;;;;;;;;;;;;;;;;;
3;Sudeste;35;SP;São Paulo;3543238;Ribeirão dos Índios;56509.323;27905.84;45555.183;22496.39;47000.592;21152.38;13530.595;2079.879;12821.803;16996.59;45428.867;1571.725;Administração, defesa, educação e saúde públicas e seguridade social;Demais serviços;Agricultura, inclusive apoio à agricultura e a pós colheita;6;True;87.1;0.882501;288.96;288.13;5.061265;4.5;;87.1;0.882501;288.96;288.13;5.061265;4.5;;93.8;0.94477;269.71;279.05;5.812667;5.5;;93.8;0.94477;269.71;279.05;5.812667;5.5;;97.5;0.97394;225.76;233.86;6.52445;6.4;;97.5;0.97394;225.76;233.86;6.52445;6.4;;;;;;;;;;;;;;;;;;;;;;;;;;;;;;;;;;;;
3;Sudeste;35;SP;São Paulo;3543253;Ribeirão Grande;127268.877;17083.07;114005.038;15302.69;116991.72;15221.41;33355.353;7966.09;33481.625;38330.653;113133.721;3857.999;Administração, defesa, educação e saúde públicas e seguridade social;Agricultura, inclusive apoio à agricultura e a pós colheita;Demais serviços;6;True;96.1;0.958991;280.26;283.36;4.867666;4.7;;96.1;0.958991;280.26;283.36;4.867666;4.7;;98.5;0.985496;275.71;269.59;5.755;5.7;;98.5;0.985496;275.71;269.59;5.755;5.7;;100.0;1.0;239.48;227.01;6.661736;6.7;;100.0;1.0;239.48;227.01;6.661736;6.7;;;;;;;;;;;;;;;;;;;;;;;;;;;;;;;;;;;;
3;Sudeste;35;SP;São Paulo;3543303;Ribeirão Pires;4853228.612;41997.84;4665685.953;40374.92;3891002.63;31068.87;1771.047;868340.258;1974789.715;496761.422;3341662.443;549340.187;Demais serviços;Indústrias de transformação;Comércio e reparação de veículos automotores e motocicletas;8;True;95.8;0.959091;277.79;290.21;4.93552;4.7;;95.8;0.959091;277.79;290.21;4.93552;4.7;;98.1;0.980452;265.43;270.79;5.603667;5.5;;98.4;0.98417;263.1;269.24;5.539;5.5;;99.3;0.993374;240.27;226.01;6.658631;6.6;;98.9;0.989114;245.6;230.89;6.849076;6.8;;96.7;0.967213;275.8;277.68;5.891333;5.7;;99.7;0.996594;237.2;223.2;6.548952;6.5;;;;;;;;;;;;;;;;;;;;;;
3;Sudeste;35;SP;São Paulo;3543402;Ribeirão Preto;52306819.755;74869.27;47434521.407;67932.56;39955305.609;55484.54;120324.39;5374493.185;26672690.555;2865373.695;35032881.825;4922423.784;Demais serviços;Comércio e reparação de veículos automotores e motocicletas;Indústrias de transformação;8;True;84.8;0.853615;267.63;276.49;4.587434;3.9;;84.8;0.853615;267.63;276.49;4.587434;3.9;;93.8;0.937473;250.41;252.65;5.051;4.7;;92.8;0.928152;250.58;254.67;5.0875;4.7;;98.1;0.981145;221.36;209.4;5.995753;5.9;;98.1;0.980997;221.4;211.07;6.02688;5.9;;95.0;0.950477;250.17;249.86;5.0005;4.8;;98.1;0.981442;221.33;208.04;5.970453;5.9;;;;;;;;;;;;;;;;;;;;;;
3;Sudeste;35;SP;São Paulo;3543501;Riversul;119164.482;21283.17;102811.999;18362.56;92796.33;17299.84;27094.174;5038.52;28006.545;28482.952;88622.191;4174.139;Administração, defesa, educação e saúde públicas e seguridade social;Demais serviços;Agricultura, inclusive apoio à agricultura e a pós colheita;6;True;96.2;0.965473;269.49;268.35;4.491702;4.3;;96.2;0.965473;269.49;268.35;4.491702;4.3;;98.1;0.980657;255.62;257.17;5.213167;5.1;;98.1;0.980657;255.62;257.17;5.213167;5.1;;100.0;1.0;230.48;219.26;6.349071;6.3;;100.0;1.0;230.48;219.26;6.349071;6.3;;;;;;;;;;;;;;;;;;;;;;;;;;;;;;;;;;;;
3;Sudeste;35;SP;São Paulo;3543600;Rifaina;232910.865;57523.06;207289.248;51195.17;191157.71;52357.63;36130.572;40687.709;70364.227;28658.969;175841.477;15316.233;Demais serviços;Indústrias de transformação;Administração, defesa, educação e saúde públicas e seguridade social;6;True;92.6;0.940609;257.74;276.95;4.455416;4.2;;92.6;0.940609;257.74;276.95;4.455416;4.2;;95.9;0.959782;247.4;248.33;4.928833;4.7;;95.9;0.959782;247.4;248.33;4.928833;4.7;;97.0;0.973224;232.83;214.89;6.314464;6.1;;97.0;0.973224;232.83;214.89;6.314464;6.1;;;;;;;;;;;;;;;;;;;;;;;;;;;;;;;;;;;;
3;Sudeste;35;SP;São Paulo;3543709;Rincão;346936.887;38133.31;252857.453;27792.64;226043.187;20883.52;47037.112;18982.225;93798.312;52240.413;212058.062;13985.125;Demais serviços;Administração, defesa, educação e saúde públicas e seguridade social;Agricultura, inclusive apoio à agricultura e a pós colheita;7;True;97.8;0.98102;243.31;257.46;3.960981;3.9;;97.8;0.98102;243.31;257.46;3.960981;3.9;;98.6;0.985895;232.05;238.27;4.505333;4.4;;98.4;0.983091;231.09;236.52;4.460167;4.4;;99.6;0.995521;228.8;207.79;6.108465;6.1;;99.6;0.995521;228.8;207.79;6.108465;6.1;;100.0;1.0;236.11;245.74;4.6975;4.7;;;;;;;;;;;;;;;;;;;;;;;;;;;;;
3;Sudeste;35;SP;São Paulo;3543808;Rinópolis;495679.83;53534.92;387787.637;41882.24;349025.974;35113.28;106189.324;54593.581;121641.767;42651.161;325075.833;23950.141;Demais serviços;Pecuária, inclusive apoio à pecuária;Indústrias de transformação;4;True;;;;;;;;;;;;;;;98.3;0.980438;261.18;257.67;5.314167;5.2;;98.3;0.980438;261.18;257.67;5.314167;5.2;;100.0;1.0;230.38;216.2;6.291527;6.3;;;;;;;;;;;;;;;;100.0;1.0;230.38;216.2;6.291527;6.3;;;;;;;;;;;;;;;;;;;;;;
3;Sudeste;35;SP;São Paulo;3543907;Rio Claro;15427116.506;76592.54;13877679.58;68899.9;13245335.958;63209.08;112216.836;4767917.619;5155244.741;1035055.215;11070434.411;2174901.547;Demais serviços;Indústrias de transformação;Administração, defesa, educação e saúde públicas e seguridade social;7;True;96.4;0.963574;271.2;282.89;4.733383;4.6;;96.4;0.963574;271.2;282.89;4.733383;4.6;;98.5;0.984987;260.32;265.88;5.436667;5.4;;98.6;0.985731;260.32;265.88;5.436667;5.4;;97.6;0.97666;233.48;218.99;6.401414;6.3;;97.6;0.976444;233.04;218.78;6.389199;6.2;;;;;;;;;99.3;0.99301;261.77;233.14;7.198573;7.1;;;;;;;;;;;;;;;;;;;;;;
3;Sudeste;35;SP;São Paulo;3544004;Rio das Pedras;2037525.868;65038.49;2124685.713;67820.66;1787681.408;49338.49;29941.306;401905.016;834683.382;175137.138;1441666.842;346014.566;Demais serviços;Indústrias de transformação;Comércio e reparação de veículos automotores e motocicletas;7;True;94.5;0.946515;275.48;290.88;4.913106;4.7;;94.5;0.946515;275.48;290.88;4.913106;4.7;;92.7;0.92612;272.75;276.57;5.822;5.4;;98.9;0.989954;271.98;272.9;5.748;5.7;;97.1;0.971407;242.24;230.15;6.771499;6.6;;97.1;0.971407;242.24;230.15;6.771499;6.6;;91.0;0.907012;272.98;277.67;5.844167;5.3;;;;;;;;;;;;;;;;;;;;;;;;;;;;;
3;Sudeste;35;SP;São Paulo;3544103;Rio Grande da Serra;1166050.396;26399.15;1037153.032;23480.94;960727.232;18472.33;843.112;162025.797;506839.251;186092.794;855800.954;104926.279;Demais serviços;Comércio e reparação de veículos automotores e motocicletas;Administração, defesa, educação e saúde públicas e seguridade social;7;True;92.5;0.928378;269.4;279.3;4.65436;4.3;;92.5;0.928378;269.4;279.3;4.65436;4.3;;96.6;0.96621;258.26;261.22;5.324667;5.1;;96.6;0.96621;258.26;261.22;5.324667;5.1;;99.5;0.994748;231.44;215.7;6.302665;6.3;;100.0;1.0;208.18;199.88;5.571135;5.6;;;;;;;;;99.5;0.994542;232.17;216.19;6.325505;6.3;;;;;;;;;;;;;;;;;;;;;;
3;Sudeste;35;SP;São Paulo;3544202;Riolândia;390634.838;37892.6;313423.066;30402.86;268963.075;20921.21;96918.132;14491.007;79811.807;67408.638;258629.584;10333.491;Agricultura, inclusive apoio à agricultura e a pós colheita;Demais serviços;Administração, defesa, educação e saúde públicas e seguridade social;6;True;97.3;0.971494;254.31;248.38;3.979547;3.9;;97.3;0.971494;254.31;248.38;3.979547;3.9;;100.0;1.0;259.12;247.2;5.105333;5.1;;;;;;;;;100.0;1.0;230.23;213.13;6.232846;6.2;;100.0;1.0;230.23;213.13;6.232846;6.2;;100.0;1.0;259.12;247.2;5.105333;5.1;;;;;;;;;;;;;;;;;;;;;;;;;;;;;
3;Sudeste;35;SP;São Paulo;3544251;Rosana;1542730.941;88459.34;1631427.68;93545.17;1941771.839;121901.68;70908.157;1521544.537;208092.733;121058.863;1921604.291;20167.548;Eletricidade e gás, água, esgoto, atividades de gestão de resíduos e descontaminação;Demais serviços;Administração, defesa, educação e saúde públicas e seguridade social;7;True;98.3;0.981039;263.2;267.26;4.387042;4.3;;98.3;0.981039;263.2;267.26;4.387042;4.3;;98.0;0.98056;260.13;265.93;5.434333;5.3;;98.0;0.98056;260.13;265.93;5.434333;5.3;;100.0;1.0;241.71;234.64;6.843021;6.8;;100.0;1.0;240.71;234.73;6.825573;6.8;;;;;;;;;100.0;1.0;244.26;234.42;6.887685;6.9;;;;;;;;;;;;;;;;;;;;;;
3;Sudeste;35;SP;São Paulo;3544301;Roseira;450314.327;41572.59;416137.459;38417.42;374786.246;34421.96;6311.252;90354.55;180997.182;55619.889;333282.872;41503.374;Demais serviços;Indústrias de transformação;Administração, defesa, educação e saúde públicas e seguridade social;6;True;87.5;0.880638;267.3;285.32;4.714985;4.2;;87.5;0.880638;267.3;285.32;4.714985;4.2;;94.3;0.943281;270.12;269.3;5.657;5.3;;;;;;;;;95.8;0.962012;240.63;220.99;6.574228;6.3;;95.8;0.962012;240.63;220.99;6.574228;6.3;;94.3;0.943281;270.12;269.3;5.657;5.3;;;;;;;;;;;;;;;;;;;;;;;;;;;;;
3;Sudeste;35;SP;São Paulo;3544400;Rubiácea;88678.676;32843.95;69438.88;25718.1;78950.332;24710.59;33639.442;3548.239;18347.839;20915.373;76450.893;2499.438;Agricultura, inclusive apoio à agricultura e a pós colheita;Administração, defesa, educação e saúde públicas e seguridade social;Demais serviços;6;True;100.0;1.0;283.17;286.29;4.952399;5.0;;100.0;1.0;283.17;286.29;4.952399;5.0;;100.0;1.0;266.14;274.42;5.676;5.7;;100.0;1.0;266.14;274.42;5.676;5.7;;100.0;1.0;240.38;225.0;6.642366;6.6;;100.0;1.0;240.38;225.0;6.642366;6.6;;;;;;;;;;;;;;;;;;;;;;;;;;;;;;;;;;;;
3;Sudeste;35;SP;São Paulo;3544509;Rubinéia;196382.182;51234.59;145707.499;38013.96;102856.803;32233.41;34686.171;4783.028;36348.031;22660.468;98477.697;4379.107;Demais serviços;Administração, defesa, educação e saúde públicas e seguridade social;Produção florestal, pesca e aquicultura;6;True;90.6;0.913927;277.08;271.71;4.648602;4.2;;90.6;0.913927;277.08;271.71;4.648602;4.2;;100.0;1.0;264.03;269.06;5.5515;5.6;;100.0;1.0;264.03;269.06;5.5515;5.6;;99.0;0.992798;257.11;225.23;6.965823;6.9;;99.0;0.992798;257.11;225.23;6.965823;6.9;;;;;;;;;;;;;;;;;;;;;;;;;;;;;;;;;;;;
3;Sudeste;35;SP;São Paulo;3544608;Sabino;183224.581;35842.05;167592.452;32784.13;175475.616;31123.73;72684.113;5164.994;57895.85;31476.897;167221.854;8253.762;Agricultura, inclusive apoio à agricultura e a pós colheita;Demais serviços;Administração, defesa, educação e saúde públicas e seguridade social;6;True;89.4;0.884367;271.33;263.46;4.444341;3.9;;89.4;0.884367;271.33;263.46;4.444341;3.9;;93.1;0.930399;239.89;238.57;4.641;4.3;;93.1;0.930399;239.89;238.57;4.641;4.3;;94.6;0.946964;253.79;221.32;6.831373;6.5;;94.6;0.946964;253.79;221.32;6.831373;6.5;;;;;;;;;;;;;;;;;;;;;;;;;;;;;;;;;;;;
3;Sudeste;35;SP;São Paulo;3544707;Sagres;72625.441;29355.47;54988.258;22226.46;54769.352;22566.69;16300.252;2285.073;16790.864;17808.494;53184.683;1584.669;Administração, defesa, educação e saúde públicas e seguridade social;Demais serviços;Agricultura, inclusive apoio à agricultura e a pós colheita;6;True;97.1;0.975157;262.72;264.84;4.344073;4.2;;97.1;0.975157;262.72;264.84;4.344073;4.2;;100.0;1.0;267.22;267.85;5.5845;5.6;;100.0;1.0;267.22;267.85;5.5845;5.6;;96.5;0.970483;257.29;229.56;7.047985;6.8;;96.5;0.970483;257.29;229.56;7.047985;6.8;;;;;;;;;;;;;;;;;;;;;;;;;;;;;;;;;;;;
3;Sudeste;35;SP;São Paulo;3544806;Sales;266233.881;41359.93;203344.845;31590.0;169480.032;26150.29;44360.384;6382.233;78462.855;32929.688;162135.16;7344.872;Demais serviços;Agricultura, inclusive apoio à agricultura e a pós colheita;Administração, defesa, educação e saúde públicas e seguridade social;6;True;94.2;0.952906;269.61;277.96;4.637249;4.4;;94.2;0.952906;269.61;277.96;4.637249;4.4;;98.1;0.981328;261.74;251.88;5.227;5.1;;98.1;0.981328;261.74;251.88;5.227;5.1;;98.9;0.989827;250.17;222.5;6.783744;6.7;;98.9;0.989827;250.17;222.5;6.783744;6.7;;;;;;;;;;;;;;;;;;;;;;;;;;;;;;;;;;;;
3;Sudeste;35;SP;São Paulo;3544905;Sales Oliveira;529464.336;46399.47;474424.454;41576.06;417237.49;34473.89;67156.374;85088.256;173985.042;53601.821;379831.493;37405.997;Demais serviços;Indústrias de transformação;Administração, defesa, educação e saúde públicas e seguridade social;4;True;;;;;;;;;;;;;;;96.2;0.961865;230.33;236.11;4.440667;4.3;;96.2;0.961865;230.33;236.11;4.440667;4.3;;100.0;1.0;227.11;208.94;6.097122;6.1;;100.0;1.0;227.11;208.94;6.097122;6.1;;;;;;;;;;;;;;;;;;;;;;;;;;;;;;;;;;;;
3;Sudeste;35;SP;São Paulo;3545001;Salesópolis;310985.155;20456.86;271541.435;17862.22;251751.908;14499.33;27911.065;11189.23;128927.665;69563.599;237591.559;14160.35;Demais serviços;Administração, defesa, educação e saúde públicas e seguridade social;Comércio e reparação de veículos automotores e motocicletas;6;True;91.8;0.920392;272.58;281.74;4.73555;4.4;;91.8;0.920392;272.58;281.74;4.73555;4.4;;98.4;0.983599;271.94;266.15;5.634833;5.5;;98.4;0.983599;271.94;266.15;5.634833;5.5;;99.7;0.996984;238.71;228.45;6.673223;6.7;;99.7;0.996984;238.71;228.45;6.673223;6.7;;;;;;;;;;;;;;;;;;;;;;;;;;;;;;;;;;;;
3;Sudeste;35;SP;São Paulo;3545100;Salmourão;114823.55;23881.77;92861.161;19313.89;96894.972;18037.04;30980.728;4221.725;30835.038;27979.726;94017.216;2877.755;Administração, defesa, educação e saúde públicas e seguridade social;Agricultura, inclusive apoio à agricultura e a pós colheita;Demais serviços;6;True;96.2;0.965167;270.76;274.92;4.607892;4.4;;96.2;0.965167;270.76;274.92;4.607892;4.4;;98.2;0.98204;250.01;257.83;5.130667;5.0;;98.2;0.98204;250.01;257.83;5.130667;5.0;;97.7;0.976884;232.44;215.63;6.320476;6.2;;97.7;0.976884;232.44;215.63;6.320476;6.2;;;;;;;;;;;;;;;;;;;;;;;;;;;;;;;;;;;;
3;Sudeste;35;SP;São Paulo;3545159;Saltinho;471342.306;57755.46;431950.188;52928.59;377871.414;44465.92;18640.608;65924.154;189118.567;45259.454;318942.782;58928.632;Demais serviços;Comércio e reparação de veículos automotores e motocicletas;Indústrias de transformação;6;True;97.7;0.976632;265.32;272.86;4.500649;4.4;;97.7;0.976632;265.32;272.86;4.500649;4.4;;99.2;0.991917;290.38;283.13;6.225167;6.2;;99.2;0.991917;290.38;283.13;6.225167;6.2;;96.0;0.959057;257.85;241.19;7.270127;7.0;;96.0;0.959057;257.85;241.19;7.270127;7.0;;;;;;;;;;;;;;;;;;;;;;;;;;;;;;;;;;;;
3;Sudeste;35;SP;São Paulo;3545209;Salto;11498958.795;85609.32;10822151.682;80570.52;9303486.748;77029.01;14776.445;2891896.873;4214031.257;553966.857;7674671.432;1628815.316;Demais serviços;Indústrias de transformação;Comércio e reparação de veículos automotores e motocicletas;9;True;97.5;0.975273;269.16;279.08;4.647696;4.5;;97.6;0.976616;273.66;283.09;4.770928;4.7;;98.5;0.985224;263.5;267.35;5.514167;5.4;;98.5;0.985216;263.01;266.99;5.5;5.4;;99.7;0.996795;241.24;225.72;6.67187;6.7;;99.7;0.996593;244.16;226.78;6.746867;6.7;;99.4;0.995181;275.67;276.18;5.864167;5.8;;99.7;0.996591;236.28;223.93;6.544668;6.5;;99.3;0.991296;333.65;336.65;6.41528;6.4;;;;;;;;;;;;;;;
3;Sudeste;35;SP;São Paulo;3545308;Salto de Pirapora;2856415.228;65292.48;2659063.228;60781.37;2221476.714;47995.61;19757.781;1024555.25;666588.506;195077.919;1905979.455;315497.258;Indústrias de transformação;Demais serviços;Administração, defesa, educação e saúde públicas e seguridade social;7;True;89.4;0.895532;269.76;274.17;4.58262;4.1;;89.4;0.895532;269.76;274.17;4.58262;4.1;;96.0;0.959929;263.28;265.34;5.477;5.3;;96.3;0.963279;259.73;261.46;5.353167;5.2;;98.7;0.986815;228.14;214.68;6.221142;6.1;;98.6;0.986179;228.14;214.68;6.221142;6.1;;94.6;0.9471;279.52;283.04;6.042667;5.7;;;;;;;;;;;;;;;;;;;;;;;;;;;;;
3;Sudeste;35;SP;São Paulo;3545407;Salto Grande;394927.897;43638.44;320746.215;35441.57;273943.204;29155.3;43114.819;48822.264;113272.933;46659.162;251869.177;22074.026;Demais serviços;Administração, defesa, educação e saúde públicas e seguridade social;Agricultura, inclusive apoio à agricultura e a pós colheita;4;True;;;;;;;;;;;;;;;97.9;0.979373;253.01;249.53;5.042333;4.9;;97.9;0.979373;253.01;249.53;5.042333;4.9;;99.8;0.997984;236.87;211.19;6.324291;6.3;;99.8;0.997984;236.87;211.19;6.324291;6.3;;;;;;;;;;;;;;;;;;;;;;;;;;;;;;;;;;;;
3;Sudeste;35;SP;São Paulo;3545506;Sandovalina;455962.205;125092.51;378966.479;103968.86;318809.778;72374.52;71526.328;144229.223;51478.986;39558.516;306793.052;12016.726;Eletricidade e gás, água, esgoto, atividades de gestão de resíduos e descontaminação;Agricultura, inclusive apoio à agricultura e a pós colheita;Demais serviços;6;True;99.3;0.99187;268.73;283.43;4.706776;4.7;;99.3;0.99187;268.73;283.43;4.706776;4.7;;96.6;0.968026;250.17;252.35;5.042;4.9;;;;;;;;;97.5;0.976117;208.92;195.4;5.503803;5.4;;97.5;0.976117;208.92;195.4;5.503803;5.4;;96.6;0.968026;250.17;252.35;5.042;4.9;;;;;;;;;;;;;;;;;;;;;;;;;;;;;
3;Sudeste;35;SP;São Paulo;3545605;Santa Adélia;560338.958;39972.82;462736.507;33010.17;382545.565;24461.0;82701.045;9911.674;197598.05;69164.102;359374.872;23170.694;Demais serviços;Agricultura, inclusive apoio à agricultura e a pós colheita;Administração, defesa, educação e saúde públicas e seguridade social;7;True;98.9;0.989101;275.38;283.56;4.802121;4.7;;98.9;0.989101;275.38;283.56;4.802121;4.7;;99.8;0.998241;277.24;268.61;5.764167;5.8;;100.0;1.0;269.24;265.14;5.573;5.6;;99.7;0.996964;226.81;219.84;6.289579;6.3;;99.7;0.996964;226.81;219.84;6.289579;6.3;;99.8;0.996973;279.53;269.6;5.818833;5.8;;;;;;;;;;;;;;;;;;;;;;;;;;;;;
3;Sudeste;35;SP;São Paulo;3545704;Santa Albertina;333896.991;52228.53;277754.737;43446.7;214790.792;35584.96;30195.349;55697.825;77797.21;32799.254;196489.638;18301.154;Demais serviços;Indústrias de transformação;Administração, defesa, educação e saúde públicas e seguridade social;6;True;98.2;0.98114;281.3;284.56;4.900237;4.8;;98.2;0.98114;281.3;284.56;4.900237;4.8;;99.6;0.995951;260.04;261.07;5.351833;5.3;;99.6;0.995951;260.04;261.07;5.351833;5.3;;100.0;1.0;233.77;221.46;6.451858;6.5;;100.0;1.0;233.77;221.46;6.451858;6.5;;;;;;;;;;;;;;;;;;;;;;;;;;;;;;;;;;;;
3;Sudeste;35;SP;São Paulo;3545803;Santa Bárbara d'Oeste;10803991.725;58926.47;9437421.271;51473.01;7825506.502;40073.67;37205.583;2030517.323;3641483.469;955416.19;6664622.565;1160883.937;Demais serviços;Indústrias de transformação;Administração, defesa, educação e saúde públicas e seguridade social;7;True;90.7;0.908026;274.49;284.36;4.801597;4.4;;90.7;0.908026;274.49;284.36;4.801597;4.4;;97.5;0.974865;269.79;269.94;5.662167;5.5;;97.5;0.974865;269.79;269.94;5.662167;5.5;;99.4;0.993709;243.18;227.48;6.740892;6.7;;99.3;0.992677;241.57;226.22;6.687258;6.6;;;;;;;;;99.9;0.998798;250.58;233.27;6.987387;7.0;;;;;;;;;;;;;;;;;;;;;;
3;Sudeste;35;SP;São Paulo;3546009;Santa Branca;357556.385;25585.43;323281.467;23132.84;312818.584;20959.37;7654.173;74785.447;133136.413;73038.806;288614.839;24203.745;Demais serviços;Administração, defesa, educação e saúde públicas e seguridade social;Indústrias de transformação;6;True;91.5;0.916324;258.43;270.12;4.362862;4.0;;91.5;0.916324;258.43;270.12;4.362862;4.0;;91.9;0.917718;245.29;245.69;4.849667;4.5;;;;;;;;;95.3;0.952537;213.92;198.5;5.655586;5.4;;95.3;0.952537;213.92;198.5;5.655586;5.4;;91.9;0.917718;245.29;245.69;4.849667;4.5;;;;;;;;;;;;;;;;;;;;;;;;;;;;;
3;Sudeste;35;SP;São Paulo;3546108;Santa Clara d'Oeste;130552.835;50251.28;101020.668;38884.01;96783.316;45847.14;32616.507;13088.348;25747.306;20225.579;91677.74;5105.576;Produção florestal, pesca e aquicultura;Demais serviços;Administração, defesa, educação e saúde públicas e seguridade social;4;True;;;;;;;;;;;;;;;98.6;0.985386;269.04;268.73;5.6295;5.5;;98.6;0.985386;269.04;268.73;5.6295;5.5;;100.0;1.0;254.53;236.15;7.115132;7.1;;100.0;1.0;254.53;236.15;7.115132;7.1;;;;;;;;;;;;;;;;;;;;;;;;;;;;;;;;;;;;
3;Sudeste;35;SP;São Paulo;3546207;Santa Cruz da Conceição;200489.693;46876.24;173305.963;40520.45;161650.68;35264.11;26035.007;21339.892;64182.381;32998.879;144556.159;17094.521;Demais serviços;Administração, defesa, educação e saúde públicas e seguridade social;Comércio e reparação de veículos automotores e motocicletas;6;True;97.6;0.979797;257.86;273.13;4.399916;4.3;;97.6;0.979797;257.86;273.13;4.399916;4.3;;100.0;1.0;268.07;260.44;5.475167;5.5;;100.0;1.0;268.07;260.44;5.475167;5.5;;99.6;0.995106;226.66;221.45;6.315989;6.3;;99.6;0.995106;226.66;221.45;6.315989;6.3;;;;;;;;;;;;;;;;;;;;;;;;;;;;;;;;;;;;
3;Sudeste;35;SP;São Paulo;3546256;Santa Cruz da Esperança;101458.892;47948.44;61840.488;29225.18;63456.694;29296.72;22280.32;3182.942;17160.176;18943.848;61567.286;1889.408;Agricultura, inclusive apoio à agricultura e a pós colheita;Administração, defesa, educação e saúde públicas e seguridade social;Demais serviços;6;True;100.0;1.0;239.94;256.48;3.898979;3.9;;100.0;1.0;239.94;256.48;3.898979;3.9;;97.5;0.972094;277.5;272.07;5.826167;5.7;;;;;;;;;100.0;1.0;229.16;223.88;6.407881;6.4;;100.0;1.0;229.16;223.88;6.407881;6.4;;97.5;0.972094;277.5;272.07;5.826167;5.7;;;;;;;;;;;;;;;;;;;;;;;;;;;;;
3;Sudeste;35;SP;São Paulo;3546306;Santa Cruz das Palmeiras;788978.101;27334.33;723279.634;25058.19;655974.339;18687.66;59893.535;21537.978;380846.13;142122.511;604400.154;51574.185;Demais serviços;Administração, defesa, educação e saúde públicas e seguridade social;Comércio e reparação de veículos automotores e motocicletas;6;True;91.8;0.920488;264.98;267.02;4.408449;4.1;;91.8;0.920488;264.98;267.02;4.408449;4.1;;97.6;0.975889;259.61;264.86;5.407833;5.3;;97.6;0.975889;259.61;264.86;5.407833;5.3;;99.9;0.999399;230.05;215.68;6.275774;6.3;;99.9;0.999399;230.05;215.68;6.275774;6.3;;;;;;;;;;;;;;;;;;;;;;;;;;;;;;;;;;;;
3;Sudeste;35;SP;São Paulo;3546405;Santa Cruz do Rio Pardo;4319822.468;93015.43;3445164.454;74182.09;2786906.107;57811.23;183709.816;770808.261;1248462.762;243413.036;2446393.875;340512.232;Demais serviços;Indústrias de transformação;Comércio e reparação de veículos automotores e motocicletas;8;True;87.3;0.872658;278.22;282.81;4.830781;4.2;;87.3;0.872658;278.22;282.81;4.830781;4.2;;97.7;0.976664;268.92;268.76;5.628;5.5;;96.6;0.965844;259.7;263.08;5.379667;5.2;;99.9;0.999199;244.18;225.8;6.729431;6.7;;99.9;0.998798;245.05;225.64;6.743125;6.7;;100.0;1.0;289.94;281.7;6.194;6.2;;100.0;1.0;242.19;226.16;6.697999;6.7;;;;;;;;;;;;;;;;;;;;;;
3;Sudeste;35;SP;São Paulo;3546504;Santa Ernestina;152154.555;24869.98;122316.261;19992.85;104372.706;18714.85;15709.522;6348.247;46813.366;30065.592;98936.727;5435.979;Demais serviços;Administração, defesa, educação e saúde públicas e seguridade social;Agricultura, inclusive apoio à agricultura e a pós colheita;6;True;99.5;0.995968;258.75;263.55;4.269003;4.3;;99.5;0.995968;258.75;263.55;4.269003;4.3;;100.0;1.0;271.32;260.45;5.5295;5.5;;100.0;1.0;271.32;260.45;5.5295;5.5;;100.0;1.0;250.14;235.09;7.01208;7.0;;100.0;1.0;250.14;235.09;7.01208;7.0;;;;;;;;;;;;;;;;;;;;;;;;;;;;;;;;;;;;
3;Sudeste;35;SP;São Paulo;3546603;Santa Fé do Sul;1988880.172;57161.58;1681363.387;48323.37;1344880.815;41007.46;49563.016;245497.189;723952.564;193499.542;1212512.31;132368.505;Demais serviços;Indústrias de transformação;Administração, defesa, educação e saúde públicas e seguridade social;6;True;86.1;0.867574;261.28;262.98;4.296003;3.7;;86.1;0.867574;261.28;262.98;4.296003;3.7;;100.0;1.0;270.49;271.28;5.696167;5.7;;;;;;;;;99.7;0.997168;234.92;219.57;6.439441;6.4;;99.7;0.997168;234.92;219.57;6.439441;6.4;;100.0;1.0;270.49;271.28;5.696167;5.7;;;;;;;;;;;;;;;;;;;;;;;;;;;;;
3;Sudeste;35;SP;São Paulo;3546702;Santa Gertrudes;3568256.895;151126.89;3508436.63;148593.31;3895817.986;139885.74;11776.002;2307247.556;723287.443;164236.196;3206547.198;689270.788;Indústrias de transformação;Demais serviços;Eletricidade e gás, água, esgoto, atividades de gestão de resíduos e descontaminação;6;True;95.7;0.959604;273.51;280.06;4.723462;4.5;;95.7;0.959604;273.51;280.06;4.723462;4.5;;97.2;0.972275;278.25;278.66;5.9485;5.8;;;;;;;;;98.6;0.986973;248.36;227.87;6.846838;6.8;;98.6;0.986973;248.36;227.87;6.846838;6.8;;97.2;0.972275;278.25;278.66;5.9485;5.8;;;;;;;;;;;;;;;;;;;;;;;;;;;;;
3;Sudeste;35;SP;São Paulo;3546801;Santa Isabel;2298061.229;43217.76;1947787.624;36630.45;1658732.668;28340.36;75738.403;339688.536;803783.316;252992.035;1472202.291;186530.378;Demais serviços;Administração, defesa, educação e saúde públicas e seguridade social;Indústrias de transformação;6;True;94.4;0.942824;271.25;277.58;4.654594;4.4;;94.4;0.942824;271.25;277.58;4.654594;4.4;;98.6;0.985694;264.73;264.33;5.484333;5.4;;98.6;0.985694;264.73;264.33;5.484333;5.4;;99.9;0.998999;231.02;217.19;6.32174;6.3;;99.9;0.998999;231.02;217.19;6.32174;6.3;;;;;;;;;;;;;;;;;;;;;;;;;;;;;;;;;;;;
3;Sudeste;35;SP;São Paulo;3546900;Santa Lúcia;185362.45;25928.44;141710.316;19822.4;131127.832;14751.7;39226.251;4057.202;44589.409;38222.493;126095.355;5032.477;Demais serviços;Agricultura, inclusive apoio à agricultura e a pós colheita;Administração, defesa, educação e saúde públicas e seguridade social;6;True;91.3;0.915861;267.47;266.75;4.439379;4.1;;91.3;0.915861;267.47;266.75;4.439379;4.1;;97.5;0.974826;256.86;258.37;5.253833;5.1;;97.5;0.974826;256.86;258.37;5.253833;5.1;;97.4;0.977453;244.99;225.48;6.739071;6.6;;97.4;0.977453;244.99;225.48;6.739071;6.6;;;;;;;;;;;;;;;;;;;;;;;;;;;;;;;;;;;;
3;Sudeste;35;SP;São Paulo;3547007;Santa Maria da Serra;197769.076;37720.59;164149.021;31308.22;153023.631;24297.18;29119.759;26485.308;55640.419;31762.629;143008.114;10015.517;Demais serviços;Administração, defesa, educação e saúde públicas e seguridade social;Agricultura, inclusive apoio à agricultura e a pós colheita;6;True;91.1;0.906368;275.79;279.79;4.751442;4.3;;91.1;0.906368;275.79;279.79;4.751442;4.3;;98.7;0.986502;253.1;255.4;5.141667;5.1;;98.7;0.986502;253.1;255.4;5.141667;5.1;;99.2;0.992159;231.25;210.23;6.199584;6.2;;99.2;0.992159;231.25;210.23;6.199584;6.2;;;;;;;;;;;;;;;;;;;;;;;;;;;;;;;;;;;;
3;Sudeste;35;SP;São Paulo;3547106;Santa Mercedes;97262.169;32903.3;73932.624;25011.04;69067.532;23436.56;19337.389;3217.578;24690.615;18600.138;65845.719;3221.813;Demais serviços;Administração, defesa, educação e saúde públicas e seguridade social;Agricultura, inclusive apoio à agricultura e a pós colheita;6;True;99.1;0.990143;270.34;275.84;4.615766;4.6;;99.1;0.990143;270.34;275.84;4.615766;4.6;;100.0;1.0;269.39;270.44;5.663833;5.7;;100.0;1.0;269.39;270.44;5.663833;5.7;;100.0;1.0;256.96;230.17;7.052779;7.1;;100.0;1.0;256.96;230.17;7.052779;7.1;;;;;;;;;;;;;;;;;;;;;;;;;;;;;;;;;;;;
3;Sudeste;35;SP;São Paulo;3547205;Santana da Ponte Pensa;56776.266;33997.76;45598.463;27304.47;39913.179;27564.35;12838.29;1769.976;10938.256;13117.162;38663.685;1249.494;Administração, defesa, educação e saúde públicas e seguridade social;Demais serviços;Agricultura, inclusive apoio à agricultura e a pós colheita;4;True;;;;;;;;;;;;;;;100.0;1.0;324.9;318.54;7.390667;7.4;;100.0;1.0;324.9;318.54;7.390667;7.4;;100.0;1.0;265.24;231.84;7.241158;7.2;;;;;;;;;;;;;;;;100.0;1.0;265.24;231.84;7.241158;7.2;;;;;;;;;;;;;;;;;;;;;;
3;Sudeste;35;SP;São Paulo;3547304;Santana de Parnaíba;14328397.388;92978.15;12774323.594;82893.63;11544903.483;79579.96;125769.367;2027288.28;6311003.897;1004321.29;9468382.834;2076520.648;Demais serviços;Indústrias de transformação;Comércio e reparação de veículos automotores e motocicletas;7;True;98.9;0.988656;308.78;320.98;5.831402;5.8;;98.8;0.987639;268.44;274.23;4.564978;4.5;;99.1;0.991245;264.1;268.0;5.535;5.5;;;;;;;;;99.6;0.995591;232.26;222.18;6.436132;6.4;;99.6;0.995591;232.26;222.18;6.436132;6.4;;99.1;0.991245;264.1;268.0;5.535;5.5;;;;;;;;;;;;;;;;98.8;0.987286;261.84;266.58;4.357761;4.3;;;;;;;;
3;Sudeste;35;SP;São Paulo;3547403;Santa Rita d'Oeste;105525.401;38611.56;82816.562;30302.44;68134.763;27518.08;20832.115;1877.796;25363.914;17300.769;65374.595;2760.168;Demais serviços;Administração, defesa, educação e saúde públicas e seguridade social;Agricultura, inclusive apoio à agricultura e a pós colheita;4;True;;;;;;;;;;;;;;;100.0;1.0;297.42;295.55;6.5495;6.5;;100.0;1.0;297.42;295.55;6.5495;6.5;;99.3;0.992374;264.02;243.59;7.431511;7.4;;99.3;0.992374;264.02;243.59;7.431511;7.4;;;;;;;;;;;;;;;;;;;;;;;;;;;;;;;;;;;;
3;Sudeste;35;SP;São Paulo;3547502;Santa Rita do Passa Quatro;992179.626;39954.08;874777.001;35226.39;825834.738;29877.17;88082.72;115490.234;408510.435;121169.83;733253.219;92581.519;Demais serviços;Administração, defesa, educação e saúde públicas e seguridade social;Comércio e reparação de veículos automotores e motocicletas;7;True;88.5;0.8936;271.26;280.24;4.694555;4.2;;88.5;0.8936;271.26;280.24;4.694555;4.2;;96.8;0.968158;249.65;248.79;4.974;4.8;;96.3;0.963946;248.36;249.28;4.960667;4.8;;99.9;0.998592;240.28;224.57;6.63264;6.6;;99.9;0.998592;240.28;224.57;6.63264;6.6;;98.3;0.981046;253.33;247.38;5.011833;4.9;;;;;;;;;;;;;;;;;;;;;;;;;;;;;
3;Sudeste;35;SP;São Paulo;3547601;Santa Rosa de Viterbo;1131988.61;48352.85;890869.12;38053.44;833444.1;30914.1;42429.504;218541.814;313616.038;125855.001;700442.357;133001.744;Demais serviços;Indústrias de transformação;Administração, defesa, educação e saúde públicas e seguridade social;6;True;92.8;0.928943;251.11;255.28;4.037897;3.8;;92.8;0.928943;251.11;255.28;4.037897;3.8;;96.9;0.969117;247.23;255.5;5.0455;4.9;;96.9;0.969117;247.23;255.5;5.0455;4.9;;97.3;0.973894;219.86;205.77;5.901127;5.7;;97.3;0.973894;219.86;205.77;5.901127;5.7;;;;;;;;;;;;;;;;;;;;;;;;;;;;;;;;;;;;
3;Sudeste;35;SP;São Paulo;3547650;Santa Salete;66139.508;40206.39;44239.58;26893.36;42106.248;27025.83;11391.71;2117.031;12833.314;13588.408;39930.463;2175.784;Administração, defesa, educação e saúde públicas e seguridade social;Demais serviços;Agricultura, inclusive apoio à agricultura e a pós colheita;6;True;100.0;1.0;298.35;298.62;5.350183;5.4;;100.0;1.0;298.35;298.62;5.350183;5.4;;100.0;1.0;305.0;294.5;6.658333;6.7;;100.0;1.0;305.0;294.5;6.658333;6.7;;100.0;1.0;258.03;245.67;7.355017;7.4;;;;;;;;;;;;;;;;100.0;1.0;258.03;245.67;7.355017;7.4;;;;;;;;;;;;;;;;;;;;;;
3;Sudeste;35;SP;São Paulo;3547700;Santo Anastácio;630472.796;35098.41;578356.216;32197.08;555800.928;26650.73;80281.793;81044.873;257093.12;89684.152;508103.938;47696.99;Demais serviços;Administração, defesa, educação e saúde públicas e seguridade social;Agricultura, inclusive apoio à agricultura e a pós colheita;6;True;83.2;0.818153;261.37;278.73;4.533046;3.7;;83.2;0.818153;261.37;278.73;4.533046;3.7;;94.0;0.940121;256.31;258.44;5.245833;4.9;;94.0;0.940121;256.31;258.44;5.245833;4.9;;99.6;0.995975;224.76;211.3;6.095184;6.1;;99.6;0.995975;224.76;211.3;6.095184;6.1;;;;;;;;;;;;;;;;;;;;;;;;;;;;;;;;;;;;
3;Sudeste;35;SP;São Paulo;3547809;Santo André;36931350.665;49312.88;36470028.631;48696.89;32620294.592;45062.56;1385.093;7782624.984;17322921.87;2818755.748;27925687.694;4694606.898;Demais serviços;Indústrias de transformação;Comércio e reparação de veículos automotores e motocicletas;7;True;92.1;0.921408;270.46;281.29;4.699038;4.3;;92.1;0.921408;270.46;281.29;4.699038;4.3;;96.8;0.968085;256.5;263.49;5.333167;5.2;;96.8;0.968085;256.5;263.49;5.333167;5.2;;99.1;0.99116;235.19;224.03;6.525684;6.5;;99.2;0.991752;234.85;224.63;6.530105;6.5;;;;;;;;;98.8;0.98858;236.5;221.73;6.508866;6.4;;;;;;;;;;;;;;;;;;;;;;
3;Sudeste;35;SP;São Paulo;3547908;Santo Antônio da Alegria;282936.894;41761.9;201695.276;29770.52;211521.905;30114.17;81213.937;7656.974;69243.969;41577.064;199691.943;11829.961;Agricultura, inclusive apoio à agricultura e a pós colheita;Demais serviços;Administração, defesa, educação e saúde públicas e seguridade social;6;True;96.6;0.966981;272.11;266.14;4.495416;4.3;;96.6;0.966981;272.11;266.14;4.495416;4.3;;98.8;0.987766;273.99;254.91;5.481667;5.4;;;;;;;;;100.0;1.0;268.62;239.59;7.44657;7.4;;100.0;1.0;268.62;239.59;7.44657;7.4;;98.8;0.987766;273.99;254.91;5.481667;5.4;;;;;;;;;;;;;;;;;;;;;;;;;;;;;
3;Sudeste;35;SP;São Paulo;3548005;Santo Antônio de Posse;2146889.718;92363.18;1947452.238;83783.01;1870734.354;78794.3;226780.43;376094.552;802556.542;121588.77;1527020.295;343714.059;Demais serviços;Indústrias de transformação;Comércio e reparação de veículos automotores e motocicletas;6;True;89.5;0.896613;272.64;283.36;4.760644;4.3;;89.5;0.896613;272.64;283.36;4.760644;4.3;;90.1;0.90814;264.28;268.77;5.550833;5.0;;;;;;;;;94.5;0.950734;228.22;213.23;6.196305;5.9;;94.5;0.950734;228.22;213.23;6.196305;5.9;;90.1;0.90814;264.28;268.77;5.550833;5.0;;;;;;;;;;;;;;;;;;;;;;;;;;;;;
3;Sudeste;35;SP;São Paulo;3548054;Santo Antônio do Aracanguá;380219.452;45377.66;292812.002;34945.94;289678.137;33916.19;109970.317;21800.531;82896.563;63316.71;277984.121;11694.016;Agricultura, inclusive apoio à agricultura e a pós colheita;Demais serviços;Administração, defesa, educação e saúde públicas e seguridade social;6;True;96.9;0.970149;277.32;278.15;4.74838;4.6;;96.9;0.970149;277.32;278.15;4.74838;4.6;;100.0;1.0;270.07;274.03;5.735;5.7;;;;;;;;;99.1;0.991031;237.49;217.82;6.456668;6.4;;99.1;0.991031;237.49;217.82;6.456668;6.4;;100.0;1.0;270.07;274.03;5.735;5.7;;;;;;;;;;;;;;;;;;;;;;;;;;;;;
3;Sudeste;35;SP;São Paulo;3548104;Santo Antônio do Jardim;253743.152;41420.69;274001.154;44727.58;222832.584;37602.53;89678.809;11351.638;77595.169;30209.145;208834.761;13997.823;Agricultura, inclusive apoio à agricultura e a pós colheita;Demais serviços;Administração, defesa, educação e saúde públicas e seguridade social;6;True;94.5;0.943904;272.56;285.39;4.78991;4.5;;94.5;0.943904;272.56;285.39;4.78991;4.5;;97.8;0.97698;245.13;235.23;4.672667;4.6;;97.8;0.97698;245.13;235.23;4.672667;4.6;;98.9;0.988055;230.23;212.93;6.22921;6.2;;98.8;0.986064;230.23;212.93;6.22921;6.1;;;;;;;;;;;;;;;;;;;;;;;;;;;;;;;;;;;;
3;Sudeste;35;SP;São Paulo;3548203;Santo Antônio do Pinhal;191747.438;26881.74;159641.819;22380.74;148429.124;21690.65;16760.97;7378.609;77467.992;39101.693;140709.264;7719.86;Demais serviços;Administração, defesa, educação e saúde públicas e seguridade social;Agricultura, inclusive apoio à agricultura e a pós colheita;6;True;93.6;0.930792;270.87;274.19;4.598509;4.3;;93.6;0.930792;270.87;274.19;4.598509;4.3;;98.3;0.984373;257.34;260.26;5.293333;5.2;;;;;;;;;99.8;0.997984;238.57;223.45;6.579643;6.6;;99.8;0.997984;238.57;223.45;6.579643;6.6;;98.3;0.984373;257.34;260.26;5.293333;5.2;;;;;;;;;;;;;;;;;;;;;;;;;;;;;
3;Sudeste;35;SP;São Paulo;3548302;Santo Expedito;60255.674;20085.22;53812.634;17937.54;47273.391;14964.67;6470.526;3327.494;17748.76;18406.667;45953.447;1319.944;Administração, defesa, educação e saúde públicas e seguridade social;Demais serviços;Agricultura, inclusive apoio à agricultura e a pós colheita;6;True;98.8;0.987004;243.33;238.15;3.67219;3.6;;98.8;0.987004;243.33;238.15;3.67219;3.6;;97.5;0.977018;231.52;238.35;4.497833;4.4;;97.5;0.977018;231.52;238.35;4.497833;4.4;;98.8;0.988193;222.42;216.39;6.143073;6.1;;98.8;0.988193;222.42;216.39;6.143073;6.1;;;;;;;;;;;;;;;;;;;;;;;;;;;;;;;;;;;;
3;Sudeste;35;SP;São Paulo;3548401;Santópolis do Aguapeí;97801.855;25083.83;87085.663;22335.38;80653.418;16609.02;11204.767;3838.978;36716.096;24002.814;75762.655;4890.763;Demais serviços;Administração, defesa, educação e saúde públicas e seguridade social;Comércio e reparação de veículos automotores e motocicletas;6;True;97.0;0.967208;269.73;271.25;4.538486;4.4;;97.0;0.967208;269.73;271.25;4.538486;4.4;;98.9;0.98938;262.18;263.47;5.4275;5.4;;98.9;0.98938;262.18;263.47;5.4275;5.4;;100.0;1.0;250.98;234.52;7.017747;7.0;;100.0;1.0;250.98;234.52;7.017747;7.0;;;;;;;;;;;;;;;;;;;;;;;;;;;;;;;;;;;;
3;Sudeste;35;SP;São Paulo;3548500;Santos;30961718.45;73963.51;27510857.303;65719.86;24090173.097;55508.46;5248.939;2150156.228;15770943.804;2400186.743;20326535.714;3763637.383;Demais serviços;Comércio e reparação de veículos automotores e motocicletas;Administração, defesa, educação e saúde públicas e seguridade social;8;True;94.2;0.943876;269.99;283.75;4.729263;4.5;;94.2;0.943876;269.99;283.75;4.729263;4.5;;97.5;0.974719;254.28;259.98;5.237667;5.1;;98.8;0.988239;254.76;262.06;5.280333;5.2;;97.8;0.978086;222.84;210.73;6.048179;5.9;;97.8;0.977672;222.81;210.69;6.046879;5.9;;95.8;0.95784;253.64;257.22;5.181;5.0;;100.0;1.0;225.49;213.96;6.157479;6.2;;;;;;;;;;;;;;;;;;;;;;
3;Sudeste;35;SP;São Paulo;3548609;São Bento do Sapucaí;354768.094;30389.59;305965.07;26186.67;406647.208;37283.14;39804.065;13677.018;283080.376;51153.626;387715.086;18932.122;Demais serviços;Administração, defesa, educação e saúde públicas e seguridade social;Comércio e reparação de veículos automotores e motocicletas;6;True;98.5;0.988189;276.42;278.61;4.742626;4.7;;98.5;0.988189;276.42;278.61;4.742626;4.7;;99.4;0.99421;273.34;263.49;5.613833;5.6;;99.4;0.99421;273.34;263.49;5.613833;5.6;;100.0;1.0;259.05;235.31;7.186119;7.2;;100.0;1.0;259.05;235.31;7.186119;7.2;;;;;;;;;;;;;;;;;;;;;;;;;;;;;;;;;;;;
3;Sudeste;35;SP;São Paulo;3548708;São Bernardo do Campo;71965791.185;88766.77;65652404.178;80979.47;58277014.065;68571.36;11195.535;13216248.199;29662760.19;3651104.667;46541308.592;11735705.473;Demais serviços;Indústrias de transformação;Comércio e reparação de veículos automotores e motocicletas;6;True;91.5;0.916117;274.57;288.52;4.864996;4.5;;91.5;0.916117;274.57;288.52;4.864996;4.5;;97.1;0.971291;263.0;268.9;5.531667;5.4;;97.1;0.971291;263.0;268.9;5.531667;5.4;;97.9;0.979235;245.78;232.2;6.876329;6.7;;97.9;0.979235;245.78;232.2;6.876329;6.7;;;;;;;;;;;;;;;;;;;;;;;;;;;;;;;;;;;;
3;Sudeste;35;SP;São Paulo;3548807;São Caetano do Sul;22553448.009;136147.1;18128058.799;109432.61;15566768.386;95640.71;30.821;3515560.444;8183229.277;1532317.804;13231138.346;2335630.04;Demais serviços;Indústrias de transformação;Administração, defesa, educação e saúde públicas e seguridade social;8;True;93.1;0.931973;288.06;291.8;5.103564;4.8;;93.3;0.933683;292.61;298.02;5.260582;4.9;;98.9;0.98849;277.35;277.04;5.9065;5.8;;99.2;0.992219;275.1;280.52;5.927;5.9;;99.5;0.995585;250.89;235.21;7.028575;7.0;;99.5;0.995585;250.89;235.21;7.028575;7.0;;98.8;0.987972;277.99;276.06;5.900833;5.8;;;;;;;;;;;;;;;;93.6;0.936006;296.87;303.83;5.40739;5.1;;;;;;;;
3;Sudeste;35;SP;São Paulo;3548906;São Carlos;18386920.167;72146.03;15599640.336;61217.79;14141854.369;55044.88;170583.18;3844335.362;6861133.828;1208302.393;12084354.763;2057499.606;Demais serviços;Indústrias de transformação;Comércio e reparação de veículos automotores e motocicletas;8;True;95.5;0.956235;274.72;284.46;4.806324;4.6;;95.5;0.966811;278.17;286.43;4.884271;4.7;;98.2;0.981682;266.95;269.59;5.609;5.5;;98.2;0.982411;265.81;268.5;5.571833;5.5;;99.0;0.990156;243.11;227.57;6.741193;6.7;;98.2;0.982452;230.97;216.22;6.30315;6.2;;97.6;0.976839;278.66;280.75;5.990167;5.9;;99.7;0.996993;254.81;238.53;7.163748;7.1;;;;;;;;;;;;;;;;;;;;;;
3;Sudeste;35;SP;São Paulo;3549003;São Francisco;59556.069;22888.57;50205.106;19294.81;51167.786;18189.76;16633.994;2507.216;14798.64;16043.426;49983.276;1184.51;Administração, defesa, educação e saúde públicas e seguridade social;Demais serviços;Agricultura, inclusive apoio à agricultura e a pós colheita;6;True;100.0;1.0;292.34;292.78;5.178347;5.2;;100.0;1.0;292.34;292.78;5.178347;5.2;;100.0;1.0;293.7;280.04;6.229;6.2;;100.0;1.0;293.7;280.04;6.229;6.2;;100.0;1.0;231.58;225.44;6.482427;6.5;;;;;;;;;;;;;;;;100.0;1.0;231.58;225.44;6.482427;6.5;;;;;;;;;;;;;;;;;;;;;;
3;Sudeste;35;SP;São Paulo;3549102;São João da Boa Vista;5011180.867;54147.42;4683628.525;50614.67;4135189.744;44794.34;125955.232;943016.747;2146777.947;422205.569;3637955.496;497234.248;Demais serviços;Indústrias de transformação;Comércio e reparação de veículos automotores e motocicletas;7;True;89.7;0.89707;267.94;274.26;4.558405;4.1;;90.5;0.92599;280.01;287.04;4.919245;4.6;;96.3;0.961811;264.9;266.56;5.524333;5.3;;96.3;0.961811;264.9;266.56;5.524333;5.3;;99.9;0.998592;240.65;224.18;6.63261;6.6;;99.9;0.998592;240.65;224.18;6.63261;6.6;;;;;;;;;;;;;;;;96.6;0.968909;333.37;343.52;6.514192;6.3;;;;;;;;;;;;;;;
3;Sudeste;35;SP;São Paulo;3549201;São João das Duas Pontes;72713.498;28183.53;55918.879;21673.98;52612.013;20591.79;16036.73;3694.699;14414.448;17036.494;51182.372;1429.642;Administração, defesa, educação e saúde públicas e seguridade social;Demais serviços;Agricultura, inclusive apoio à agricultura e a pós colheita;6;True;100.0;1.0;277.64;270.83;4.643294;4.6;;100.0;1.0;277.64;270.83;4.643294;4.6;;100.0;1.0;266.79;260.85;5.460667;5.5;;100.0;1.0;266.79;260.85;5.460667;5.5;;93.3;0.948035;258.97;245.25;7.365319;7.0;;93.3;0.948035;258.97;245.25;7.365319;7.0;;;;;;;;;;;;;;;;;;;;;;;;;;;;;;;;;;;;
3;Sudeste;35;SP;São Paulo;3549250;São João de Iracema;69614.459;37710.97;52814.894;28610.45;51478.104;26507.78;19378.211;1440.394;13452.91;15765.594;50037.108;1440.996;Agricultura, inclusive apoio à agricultura e a pós colheita;Administração, defesa, educação e saúde públicas e seguridade social;Demais serviços;6;True;100.0;1.0;273.87;271.65;4.60262;4.6;;100.0;1.0;273.87;271.65;4.60262;4.6;;100.0;1.0;268.34;278.03;5.772833;5.8;;100.0;1.0;268.34;278.03;5.772833;5.8;;97.0;0.965693;225.85;207.99;6.055804;5.8;;97.0;0.965693;225.85;207.99;6.055804;5.8;;;;;;;;;;;;;;;;;;;;;;;;;;;;;;;;;;;;
3;Sudeste;35;SP;São Paulo;3549300;São João do Pau d'Alho;83376.43;37188.42;64165.545;28619.78;58492.972;27920.27;19148.291;3111.482;17640.906;16271.021;56171.7;2321.272;Agricultura, inclusive apoio à agricultura e a pós colheita;Demais serviços;Administração, defesa, educação e saúde públicas e seguridade social;6;True;100.0;1.0;272.81;257.74;4.379499;4.4;;100.0;1.0;272.81;257.74;4.379499;4.4;;100.0;1.0;259.94;251.11;5.184167;5.2;;100.0;1.0;259.94;251.11;5.184167;5.2;;100.0;1.0;264.84;248.07;7.528615;7.5;;100.0;1.0;264.84;248.07;7.528615;7.5;;;;;;;;;;;;;;;;;;;;;;;;;;;;;;;;;;;;
3;Sudeste;35;SP;São Paulo;3549409;São Joaquim da Barra;2733786.441;56299.4;2485889.106;51194.22;2191085.894;41547.41;54709.298;727988.648;931319.947;228172.35;1942190.242;248895.652;Demais serviços;Indústrias de transformação;Administração, defesa, educação e saúde públicas e seguridade social;7;True;92.9;0.92979;276.01;282.7;4.798095;4.5;;92.9;0.92979;276.01;282.7;4.798095;4.5;;97.2;0.971991;256.76;261.16;5.298667;5.2;;97.2;0.971991;256.76;261.16;5.298667;5.2;;99.3;0.993533;242.25;223.37;6.648417;6.6;;98.5;0.979868;234.27;212.62;6.300672;6.2;;;;;;;;;99.9;0.999248;244.78;226.79;6.758881;6.8;;;;;;;;;;;;;;;;;;;;;;
3;Sudeste;35;SP;São Paulo;3549508;São José da Bela Vista;336021.818;44062.66;281274.434;36883.61;231517.142;25749.88;95960.632;5787.293;70175.342;48907.88;220831.148;10685.994;Agricultura, inclusive apoio à agricultura e a pós colheita;Demais serviços;Administração, defesa, educação e saúde públicas e seguridade social;6;True;89.5;0.892187;262.29;261.57;4.289081;3.8;;89.5;0.892187;262.29;261.57;4.289081;3.8;;90.2;0.903231;238.14;246.71;4.7475;4.3;;90.2;0.903231;238.14;246.71;4.7475;4.3;;92.3;0.925736;213.87;192.66;5.54845;5.1;;92.3;0.925736;213.87;192.66;5.54845;5.1;;;;;;;;;;;;;;;;;;;;;;;;;;;;;;;;;;;;
3;Sudeste;35;SP;São Paulo;3549607;São José do Barreiro;80553.126;20906.6;66747.687;17323.56;63347.21;15297.56;9640.511;2432.084;22349.784;26616.607;61038.985;2308.225;Administração, defesa, educação e saúde públicas e seguridade social;Demais serviços;Pecuária, inclusive apoio à pecuária;4;True;;;;;;;;;;;;;;;99.6;0.995951;247.16;244.56;4.862;4.8;;;;;;;;;100.0;1.0;220.89;217.39;6.132056;6.1;;100.0;1.0;220.89;217.39;6.132056;6.1;;99.6;0.995951;247.16;244.56;4.862;4.8;;;;;;;;;;;;;;;;;;;;;;;;;;;;;
3;Sudeste;35;SP;São Paulo;3549706;São José do Rio Pardo;2876972.561;55109.14;2619385.788;50175.96;2375167.083;42952.13;196939.838;472632.208;1153489.695;244885.405;2067947.146;307219.937;Demais serviços;Indústrias de transformação;Comércio e reparação de veículos automotores e motocicletas;9;True;87.8;0.885723;280.11;287.04;4.920649;4.4;;88.3;0.890566;280.34;287.38;4.92897;4.4;;94.7;0.946483;265.22;266.9;5.535333;5.2;;96.2;0.961608;266.56;268.45;5.5835;5.4;;98.4;0.984077;233.27;218.6;6.390316;6.3;;98.1;0.979571;228.88;215.46;6.249446;6.1;;85.1;0.855046;256.04;256.33;5.206167;4.5;;98.7;0.98734;237.86;221.87;6.537366;6.5;;;;;;;;;93.2;0.936196;282.6;290.75;5.01116;4.7;;;;;;;;
3;Sudeste;35;SP;São Paulo;3549805;São José do Rio Preto;26390120.821;54934.44;23799646.384;49537.29;20962614.976;44679.93;64179.636;2145379.949;14508306.843;1854124.83;18571991.257;2390623.719;Demais serviços;Comércio e reparação de veículos automotores e motocicletas;Administração, defesa, educação e saúde públicas e seguridade social;7;True;92.6;0.927189;273.56;281.32;4.743026;4.4;;92.6;0.927189;273.56;281.32;4.743026;4.4;;96.9;0.968243;257.93;263.41;5.355667;5.2;;97.3;0.972005;259.63;265.2;5.413833;5.3;;98.6;0.985763;234.98;222.04;6.485495;6.4;;98.6;0.985763;234.98;222.04;6.485495;6.4;;93.1;0.932049;242.54;247.13;4.827833;4.5;;;;;;;;;;;;;;;;;;;;;;;;;;;;;
3;Sudeste;35;SP;São Paulo;3549904;São José dos Campos;61394524.128;88077.14;56653326.722;81231.79;45208807.937;61315.88;25504.102;16459170.872;19457995.78;2884818.643;38827489.397;6381318.54;Demais serviços;Indústrias de transformação;Comércio e reparação de veículos automotores e motocicletas;8;True;92.3;0.923275;273.96;280.3;4.733375;4.4;;92.4;0.923967;274.87;281.06;4.757533;4.4;;98.8;0.987721;271.03;270.28;5.6885;5.6;;97.3;0.972872;264.32;265.55;5.497833;5.3;;99.9;0.999199;245.75;228.47;6.807938;6.8;;100.0;0.9998;247.16;229.13;6.846847;6.8;;100.0;1.0;276.49;274.13;5.843667;5.8;;99.5;0.995593;239.69;225.64;6.640835;6.6;;;;;;;;;;;;;;;;;;;;;;
3;Sudeste;35;SP;São Paulo;3549953;São Lourenço da Serra;346115.309;21542.0;301589.307;18868.2;285411.765;17697.76;1858.98;27606.501;158623.601;72815.995;260905.076;24506.689;Demais serviços;Administração, defesa, educação e saúde públicas e seguridade social;Comércio e reparação de veículos automotores e motocicletas;6;True;97.9;0.978309;272.25;284.95;4.778969;4.7;;97.9;0.978309;272.25;284.95;4.778969;4.7;;99.9;0.998745;256.74;265.75;5.374833;5.4;;99.9;0.998745;256.74;265.75;5.374833;5.4;;99.6;0.996178;224.9;215.08;6.166583;6.1;;99.6;0.996178;224.9;215.08;6.166583;6.1;;;;;;;;;;;;;;;;;;;;;;;;;;;;;;;;;;;;
3;Sudeste;35;SP;São Paulo;3550001;São Luiz do Paraitinga;252579.139;24434.47;220581.512;21339.03;204219.19;19098.4;24929.186;12156.921;97556.423;57574.176;192216.706;12002.484;Demais serviços;Administração, defesa, educação e saúde públicas e seguridade social;Pecuária, inclusive apoio à pecuária;6;True;96.2;0.963567;275.2;279.42;4.737617;4.6;;96.2;0.963567;275.2;279.42;4.737617;4.6;;97.7;0.975736;271.62;278.11;5.828833;5.7;;;;;;;;;97.1;0.97348;240.05;224.39;6.624978;6.4;;97.1;0.97348;240.05;224.39;6.624978;6.4;;97.7;0.975736;271.62;278.11;5.828833;5.7;;;;;;;;;;;;;;;;;;;;;;;;;;;;;
3;Sudeste;35;SP;São Paulo;3550100;São Manuel;1889877.382;50681.9;1482433.37;39755.25;1340317.267;32463.42;118878.275;195029.982;721870.938;159806.614;1195585.809;144731.457;Demais serviços;Comércio e reparação de veículos automotores e motocicletas;Administração, defesa, educação e saúde públicas e seguridade social;6;True;93.6;0.937438;271.93;280.75;4.7116;4.4;;93.6;0.937438;271.93;280.75;4.7116;4.4;;96.1;0.96051;250.33;258.26;5.143167;4.9;;96.1;0.96051;250.33;258.26;5.143167;4.9;;98.4;0.984557;228.54;214.49;6.225321;6.1;;98.4;0.984557;228.54;214.49;6.225321;6.1;;;;;;;;;;;;;;;;;;;;;;;;;;;;;;;;;;;;
3;Sudeste;35;SP;São Paulo;3550209;São Miguel Arcanjo;1157726.376;36134.91;941899.305;29398.52;954225.102;28853.83;391383.783;47114.506;328949.807;140484.388;907932.485;46292.618;Agricultura, inclusive apoio à agricultura e a pós colheita;Demais serviços;Administração, defesa, educação e saúde públicas e seguridade social;6;True;95.9;0.958915;275.33;280.1;4.749622;4.6;;95.9;0.958915;275.33;280.1;4.749622;4.6;;98.3;0.98246;268.14;267.09;5.587167;5.5;;98.3;0.982447;268.14;267.09;5.587167;5.5;;100.0;1.0;233.7;216.13;6.353613;6.4;;100.0;1.0;233.7;216.13;6.353613;6.4;;;;;;;;;;;;;;;;;;;;;;;;;;;;;;;;;;;;
3;Sudeste;35;SP;São Paulo;3550308;São Paulo;1066825104.983;93156.23;945946482.808;82606.43;828980746.586;66872.85;61624.738;62513857.934;549767525.142;48453704.592;660796712.406;168184034.18;Demais serviços;Comércio e reparação de veículos automotores e motocicletas;Administração, defesa, educação e saúde públicas e seguridade social;11;True;89.4;0.896169;265.35;277.16;4.565442;4.1;;89.5;0.918187;265.86;277.57;4.578743;4.2;;97.0;0.97017;247.94;251.95;4.998167;4.8;;95.6;0.956073;250.39;255.72;5.101833;4.9;;99.1;0.991197;219.14;207.11;5.91175;5.9;;99.5;0.994799;210.61;198.68;5.595691;5.6;;98.8;0.987988;244.77;247.08;4.864167;4.8;;98.9;0.988595;224.88;212.79;6.124565;6.1;;95.6;0.958503;327.41;330.84;6.240664;6.0;;94.3;0.956757;266.21;273.1;4.516742;4.3;;100.0;1.0;241.37;217.5;6.524896;6.5;
3;Sudeste;35;SP;São Paulo;3550407;São Pedro;1243177.03;32496.26;1023481.532;26753.49;886335.955;24418.31;64623.833;64260.756;514870.525;165476.393;809231.506;77104.449;Demais serviços;Administração, defesa, educação e saúde públicas e seguridade social;Comércio e reparação de veículos automotores e motocicletas;6;True;88.0;0.888767;287.9;297.92;5.192934;4.6;;88.0;0.888767;287.9;297.92;5.192934;4.6;;93.5;0.935107;270.5;274.99;5.758167;5.4;;;;;;;;;95.8;0.958459;238.33;222.05;6.549608;6.3;;95.8;0.958459;238.33;222.05;6.549608;6.3;;93.4;0.934396;273.49;277.52;5.850167;5.5;;;;;;;;;;;;;;;;;;;;;;;;;;;;;
3;Sudeste;35;SP;São Paulo;3550506;São Pedro do Turvo;393936.414;54584.51;235145.548;32595.72;234364.608;30342.39;91072.717;24160.74;61183.344;42698.862;219115.663;15248.945;Agricultura, inclusive apoio à agricultura e a pós colheita;Demais serviços;Administração, defesa, educação e saúde públicas e seguridade social;4;True;;;;;;;;;;;;;;;98.7;0.986723;275.2;271.86;5.784333;5.7;;98.7;0.986723;275.2;271.86;5.784333;5.7;;99.1;0.991442;262.49;239.01;7.31904;7.3;;99.1;0.991442;262.49;239.01;7.31904;7.3;;;;;;;;;;;;;;;;;;;;;;;;;;;;;;;;;;;;
3;Sudeste;35;SP;São Paulo;3550605;São Roque;4532567.306;57024.9;3900209.584;49069.12;3450778.678;37074.85;45528.581;602986.495;1906386.234;395962.738;2950864.049;499914.63;Demais serviços;Comércio e reparação de veículos automotores e motocicletas;Indústrias de transformação;6;True;96.9;0.968519;266.75;275.51;4.560404;4.4;;96.9;0.968463;276.56;284.1;4.826778;4.7;;95.5;0.954983;252.06;254.02;5.101333;4.9;;;;;;;;;97.4;0.974432;216.86;207.05;5.867148;5.7;;97.4;0.974432;216.86;207.05;5.867148;5.7;;95.5;0.954983;252.06;254.02;5.101333;4.9;;;;;;;;;;;;;;;;;;;;;;;;;;;;;
3;Sudeste;35;SP;São Paulo;3550704;São Sebastião;17400619.207;213255.95;18873505.615;231463.15;16008645.421;174696.31;15863.894;9764264.038;5075980.831;695835.071;15551943.835;456701.586;Indústrias extrativas;Demais serviços;Administração, defesa, educação e saúde públicas e seguridade social;6;True;97.4;0.9753;267.0;277.08;4.587418;4.5;;97.4;0.9753;267.0;277.08;4.587418;4.5;;98.7;0.987224;252.3;260.07;5.206167;5.1;;;;;;;;;99.5;0.994767;223.5;212.71;6.096774;6.1;;99.5;0.994767;223.5;212.71;6.096774;6.1;;98.7;0.987224;252.3;260.07;5.206167;5.1;;;;;;;;;;;;;;;;;;;;;;;;;;;;;
3;Sudeste;35;SP;São Paulo;3550803;São Sebastião da Grama;481876.411;46152.32;379071.51;36306.05;428491.854;35304.59;140653.599;31465.975;173855.553;54012.076;399987.202;28504.652;Agricultura, inclusive apoio à agricultura e a pós colheita;Demais serviços;Administração, defesa, educação e saúde públicas e seguridade social;6;True;91.9;0.917814;261.38;280.01;4.552348;4.2;;91.9;0.917814;261.38;280.01;4.552348;4.2;;93.7;0.935811;253.29;260.16;5.224167;4.9;;93.7;0.935811;253.29;260.16;5.224167;4.9;;100.0;1.0;240.06;223.56;6.610078;6.6;;100.0;1.0;240.06;223.56;6.610078;6.6;;;;;;;;;;;;;;;;;;;;;;;;;;;;;;;;;;;;
3;Sudeste;35;SP;São Paulo;3550902;São Simão;648091.535;48213.92;531982.172;39576.12;501326.889;32456.75;73197.787;60108.933;223996.775;84468.756;441772.251;59554.637;Demais serviços;Administração, defesa, educação e saúde públicas e seguridade social;Comércio e reparação de veículos automotores e motocicletas;7;True;98.5;0.985302;263.88;266.31;4.382371;4.3;;98.5;0.985302;263.88;266.31;4.382371;4.3;;98.0;0.979922;255.38;259.43;5.246833;5.1;;98.0;0.979922;255.38;259.43;5.246833;5.1;;99.6;0.99557;236.93;225.66;6.588527;6.6;;99.5;0.994351;242.04;225.43;6.681864;6.6;;;;;;;;;100.0;1.0;221.97;226.32;6.315031;6.3;;;;;;;;;;;;;;;;;;;;;;
3;Sudeste;35;SP;São Paulo;3551009;São Vicente;7414656.3;22474.72;6746300.707;20453.0;6121259.1;16506.51;4375.988;510075.084;3598069.999;1568230.121;5680751.192;440507.908;Demais serviços;Administração, defesa, educação e saúde públicas e seguridade social;Comércio e reparação de veículos automotores e motocicletas;8;True;93.6;0.938209;256.82;269.05;4.324231;4.1;;93.6;0.938209;256.82;269.05;4.324231;4.1;;96.6;0.965971;249.38;256.25;5.093833;4.9;;97.8;0.977455;248.64;255.26;5.065;5.0;;97.9;0.979519;216.42;202.94;5.784024;5.7;;98.0;0.980328;216.18;202.69;5.774898;5.7;;95.7;0.956677;250.07;257.17;5.120667;4.9;;96.4;0.966268;222.9;210.03;6.036597;5.8;;;;;;;;;;;;;;;;;;;;;;
3;Sudeste;35;SP;São Paulo;3551108;Sarapuí;270123.317;26051.05;228901.398;22075.55;203910.875;19433.04;41315.191;30057.453;67773.753;48706.546;187852.942;16057.933;Demais serviços;Administração, defesa, educação e saúde públicas e seguridade social;Agricultura, inclusive apoio à agricultura e a pós colheita;6;True;91.1;0.906987;267.56;272.88;4.532409;4.1;;91.1;0.906987;267.56;272.88;4.532409;4.1;;98.5;0.984417;261.84;266.76;5.476667;5.4;;98.5;0.984417;261.84;266.76;5.476667;5.4;;100.0;1.0;218.54;205.92;5.878663;5.9;;100.0;1.0;218.54;205.92;5.878663;5.9;;;;;;;;;;;;;;;;;;;;;;;;;;;;;;;;;;;;
3;Sudeste;35;SP;São Paulo;3551207;Sarutaiá;115634.692;31218.87;93449.444;25229.33;96557.722;26651.32;43668.874;3996.137;25356.998;21770.775;94792.784;1764.938;Agricultura, inclusive apoio à agricultura e a pós colheita;Demais serviços;Administração, defesa, educação e saúde públicas e seguridade social;4;True;;;;;;;;;;;;;;;99.0;0.990664;254.64;264.29;5.3155;5.3;;99.0;0.990664;254.64;264.29;5.3155;5.3;;100.0;1.0;262.18;238.31;7.300397;7.3;;100.0;1.0;262.18;238.31;7.300397;7.3;;;;;;;;;;;;;;;;;;;;;;;;;;;;;;;;;;;;
3;Sudeste;35;SP;São Paulo;3551306;Sebastianópolis do Sul;454541.519;145220.93;424963.418;135771.06;417498.625;116133.14;40418.681;193532.531;114679.751;26257.953;374888.915;42609.711;Indústrias de transformação;Demais serviços;Agricultura, inclusive apoio à agricultura e a pós colheita;4;True;97.9;0.987004;271.92;268.71;4.53122;4.5;;97.9;0.987004;271.92;268.71;4.53122;4.5;;;;;;;;;;;;;;;;100.0;1.0;273.28;245.7;7.646593;7.6;;100.0;1.0;273.28;245.7;7.646593;7.6;;;;;;;;;;;;;;;;;;;;;;;;;;;;;;;;;;;;
3;Sudeste;35;SP;São Paulo;3551405;Serra Azul;269296.727;21127.94;190474.262;14943.85;195523.134;12785.98;46604.064;11240.366;62819.181;68651.422;189315.033;6208.102;Administração, defesa, educação e saúde públicas e seguridade social;Demais serviços;Agricultura, inclusive apoio à agricultura e a pós colheita;6;True;90.6;0.90861;269.06;273.04;4.555872;4.1;;90.6;0.90861;269.06;273.04;4.555872;4.1;;91.9;0.919491;249.63;243.68;4.8885;4.5;;91.9;0.919491;249.63;243.68;4.8885;4.5;;94.9;0.949448;204.57;187.52;5.277515;5.0;;94.9;0.949448;204.57;187.52;5.277515;5.0;;;;;;;;;;;;;;;;;;;;;;;;;;;;;;;;;;;;
3;Sudeste;35;SP;São Paulo;3551504;Serrana;1454534.798;33126.12;1366460.223;31120.28;1349050.264;29221.73;21355.507;227605.044;722884.231;236601.738;1208446.52;140603.744;Demais serviços;Comércio e reparação de veículos automotores e motocicletas;Administração, defesa, educação e saúde públicas e seguridade social;7;True;88.4;0.887788;269.64;279.48;4.660425;4.1;;88.4;0.887788;269.64;279.48;4.660425;4.1;;92.3;0.922658;244.17;251.52;4.928167;4.5;;93.3;0.932577;247.91;253.34;5.020833;4.7;;98.0;0.979641;218.83;208.73;5.935289;5.8;;98.0;0.979641;218.83;208.73;5.935289;5.8;;91.0;0.906777;238.28;248.64;4.782;4.3;;;;;;;;;;;;;;;;;;;;;;;;;;;;;
3;Sudeste;35;SP;São Paulo;3551603;Serra Negra;1025007.433;34288.07;896883.444;30002.12;845122.36;28485.03;84669.631;62088.45;489895.096;127911.869;764565.045;80557.315;Demais serviços;Administração, defesa, educação e saúde públicas e seguridade social;Comércio e reparação de veículos automotores e motocicletas;6;True;90.6;0.903935;262.3;265.4;4.346557;3.9;;90.6;0.903935;262.3;265.4;4.346557;3.9;;98.3;0.982641;271.59;267.32;5.6485;5.6;;98.3;0.982641;271.59;267.32;5.6485;5.6;;99.4;0.993333;229.16;215.83;6.261517;6.2;;;;;;;;;;;;;;;;99.2;0.99168;229.16;215.83;6.261517;6.2;;;;;;;;;;;;;;;;;;;;;;
3;Sudeste;35;SP;São Paulo;3551702;Sertãozinho;9075017.911;71520.47;8098068.339;63821.1;7109021.763;55352.42;86717.477;2110801.327;3249541.352;660685.268;6107745.423;1001276.34;Demais serviços;Indústrias de transformação;Comércio e reparação de veículos automotores e motocicletas;7;True;94.2;0.943963;275.38;283.39;4.799576;4.5;;94.6;0.95645;284.8;291.07;5.04685;4.8;;94.6;0.946406;272.67;274.52;5.7865;5.5;;97.4;0.973623;266.25;270.37;5.610333;5.5;;94.1;0.942399;242.7;226.32;6.710641;6.3;;94.1;0.942399;242.7;226.32;6.710641;6.3;;91.5;0.91494;280.29;279.44;5.9955;5.5;;;;;;;;;;;;;;;;;;;;;;;;;;;;;
3;Sudeste;35;SP;São Paulo;3551801;Sete Barras;461849.31;36280.39;363320.094;28540.46;379170.022;29783.21;180937.473;23882.691;98288.768;62559.381;365668.313;13501.71;Agricultura, inclusive apoio à agricultura e a pós colheita;Demais serviços;Administração, defesa, educação e saúde públicas e seguridade social;6;True;95.2;0.953035;264.18;270.87;4.454848;4.2;;95.2;0.953035;264.18;270.87;4.454848;4.2;;98.3;0.982793;246.23;242.71;4.815667;4.7;;98.0;0.979196;246.23;242.71;4.815667;4.7;;100.0;1.0;225.03;212.91;6.129609;6.1;;100.0;1.0;225.03;212.91;6.129609;6.1;;;;;;;;;;;;;;;;;;;;;;;;;;;;;;;;;;;;
3;Sudeste;35;SP;São Paulo;3551900;Severínia;340596.56;23366.94;314475.315;21574.87;271911.501;15258.78;19012.237;9149.505;141189.913;84016.986;253368.641;18542.86;Demais serviços;Administração, defesa, educação e saúde públicas e seguridade social;Comércio e reparação de veículos automotores e motocicletas;6;True;94.2;0.945803;268.82;262.33;4.392172;4.2;;94.2;0.945803;268.82;262.33;4.392172;4.2;;98.6;0.986166;257.3;253.09;5.173167;5.1;;;;;;;;;99.8;0.997577;233.74;215.22;6.337831;6.3;;99.8;0.997577;233.74;215.22;6.337831;6.3;;98.6;0.986166;257.3;253.09;5.173167;5.1;;;;;;;;;;;;;;;;;;;;;;;;;;;;;
3;Sudeste;35;SP;São Paulo;3552007;Silveiras;116266.107;18795.04;101328.983;16380.37;92558.565;14518.99;11715.01;3987.86;32206.108;40275.404;88184.383;4374.183;Administração, defesa, educação e saúde públicas e seguridade social;Demais serviços;Pecuária, inclusive apoio à pecuária;6;True;91.5;0.92625;257.65;259.09;4.186787;3.9;;90.3;0.907405;250.56;248.19;3.924035;3.6;;95.0;0.949898;266.14;263.83;5.4995;5.2;;93.8;0.93649;266.14;263.83;5.4995;5.2;;97.9;0.976879;213.98;199.64;5.677459;5.5;;97.9;0.976879;213.98;199.64;5.677459;5.5;;;;;;;;;;;;;;;;;;;;;;;;;;;;;;;;;;;;
3;Sudeste;35;SP;São Paulo;3552106;Socorro;1449300.539;36122.34;1269084.376;31630.64;1120219.486;26870.22;113684.979;134639.933;581522.818;180394.994;1010242.723;109976.763;Demais serviços;Administração, defesa, educação e saúde públicas e seguridade social;Comércio e reparação de veículos automotores e motocicletas;6;True;97.5;0.973553;271.43;275.85;4.631224;4.5;;97.5;0.973553;271.43;275.85;4.631224;4.5;;99.0;0.990449;259.01;264.72;5.3955;5.3;;99.0;0.990449;259.01;264.72;5.3955;5.3;;99.9;0.999399;254.43;237.44;7.136678;7.1;;99.9;0.999399;254.43;237.44;7.136678;7.1;;;;;;;;;;;;;;;;;;;;;;;;;;;;;;;;;;;;
3;Sudeste;35;SP;São Paulo;3552205;Sorocaba;58816286.432;81273.66;54465435.816;75272.79;44533398.241;64046.61;43587.377;11416523.526;20709422.068;2960148.0;35129680.971;9403717.27;Demais serviços;Indústrias de transformação;Comércio e reparação de veículos automotores e motocicletas;8;True;95.7;0.958311;274.99;287.05;4.848889;4.6;;95.8;0.968404;275.73;287.55;4.866767;4.7;;98.4;0.983473;265.81;270.98;5.613167;5.5;;98.5;0.984467;264.99;270.39;5.589667;5.5;;98.8;0.987547;231.66;219.34;6.373045;6.3;;98.6;0.986324;230.41;218.28;6.329917;6.2;;97.1;0.971394;276.83;278.92;5.929167;5.8;;99.5;0.99519;238.47;225.09;6.607552;6.6;;;;;;;;;;;;;;;;;;;;;;
3;Sudeste;35;SP;São Paulo;3552304;Sud Mennucci;302800.668;41169.36;210354.54;28600.21;226784.378;29307.88;82363.193;9944.752;74978.087;47715.315;215001.348;11783.03;Demais serviços;Agricultura, inclusive apoio à agricultura e a pós colheita;Administração, defesa, educação e saúde públicas e seguridade social;6;True;94.6;0.948067;277.39;277.01;4.732297;4.5;;94.6;0.948067;277.39;277.01;4.732297;4.5;;99.5;0.995438;265.3;264.49;5.4965;5.5;;;;;;;;;100.0;1.0;236.66;212.2;6.338647;6.3;;100.0;1.0;236.66;212.2;6.338647;6.3;;99.5;0.995438;265.3;264.49;5.4965;5.5;;;;;;;;;;;;;;;;;;;;;;;;;;;;;
3;Sudeste;35;SP;São Paulo;3552403;Sumaré;19026093.466;68060.93;17753218.624;63507.32;16179891.951;55816.79;328221.75;4539680.55;7114201.096;1149288.71;13131392.106;3048499.845;Demais serviços;Indústrias de transformação;Comércio e reparação de veículos automotores e motocicletas;9;True;93.1;0.929447;266.4;275.94;4.561926;4.2;;93.4;0.94595;270.03;280.49;4.681023;4.4;;97.0;0.969698;257.96;261.29;5.320833;5.2;;97.2;0.972374;256.85;260.55;5.29;5.1;;98.5;0.985183;223.15;212.15;6.079913;6.0;;98.2;0.980849;221.17;211.16;6.024127;5.9;;95.3;0.952368;264.56;265.68;5.504;5.2;;99.4;0.99322;226.53;213.84;6.175144;6.1;;;;;;;;;96.8;0.969163;288.29;303.36;5.279848;5.1;;;;;;;;
3;Sudeste;35;SP;São Paulo;3552502;Suzano;18618697.595;60562.59;16866186.246;54873.66;14811513.691;48818.92;365314.028;5291217.803;5335113.26;1214448.17;12206093.262;2605420.429;Indústrias de transformação;Demais serviços;Administração, defesa, educação e saúde públicas e seguridade social;7;True;90.7;0.907107;263.57;275.32;4.512897;4.1;;90.8;0.907767;265.49;276.85;4.562767;4.1;;97.2;0.971805;252.08;259.67;5.195833;5.0;;97.2;0.971805;252.08;259.67;5.195833;5.0;;99.3;0.992772;223.36;212.26;6.085921;6.0;;99.2;0.992346;225.99;215.86;6.201566;6.2;;;;;;;;;99.4;0.994392;221.99;210.4;6.025958;6.0;;;;;;;;;;;;;;;;;;;;;;
3;Sudeste;35;SP;São Paulo;3552551;Suzanápolis;511504.073;150089.22;386090.263;114737.08;341980.906;84169.56;36433.753;142422.703;96822.567;27419.425;303098.448;38882.458;Indústrias de transformação;Demais serviços;Agricultura, inclusive apoio à agricultura e a pós colheita;6;True;98.9;0.988404;256.37;280.01;4.481983;4.4;;98.9;0.988404;256.37;280.01;4.481983;4.4;;97.8;0.97775;262.33;264.88;5.4535;5.3;;97.8;0.97775;262.33;264.88;5.4535;5.3;;100.0;1.0;265.97;239.29;7.390543;7.4;;100.0;1.0;265.97;239.29;7.390543;7.4;;;;;;;;;;;;;;;;;;;;;;;;;;;;;;;;;;;;
3;Sudeste;35;SP;São Paulo;3552601;Tabapuã;397691.073;35122.41;304867.309;26924.61;287136.559;22859.37;77407.832;11555.619;121741.022;62127.838;272832.311;14304.249;Demais serviços;Agricultura, inclusive apoio à agricultura e a pós colheita;Administração, defesa, educação e saúde públicas e seguridade social;7;True;96.6;0.967056;264.94;276.6;4.5513;4.4;;96.6;0.967056;264.94;276.6;4.5513;4.4;;99.2;0.992225;279.92;273.71;5.893833;5.8;;97.6;0.977571;277.71;266.81;5.742;5.6;;100.0;1.0;281.47;252.65;7.929254;7.9;;100.0;1.0;281.47;252.65;7.929254;7.9;;100.0;1.0;281.57;278.86;6.007167;6.0;;;;;;;;;;;;;;;;;;;;;;;;;;;;;
3;Sudeste;35;SP;São Paulo;3552700;Tabatinga;512361.457;34691.68;376564.503;25496.95;340423.445;20278.99;78089.282;29679.683;133545.56;77089.874;318404.399;22019.046;Demais serviços;Administração, defesa, educação e saúde públicas e seguridade social;Agricultura, inclusive apoio à agricultura e a pós colheita;8;True;93.4;0.939362;278.47;277.78;4.758993;4.5;;93.4;0.939362;278.47;277.78;4.758993;4.5;;98.7;0.986639;256.33;253.93;5.171;5.1;;100.0;1.0;249.02;252.48;5.025;5.0;;100.0;1.0;233.62;217.18;6.371177;6.4;;100.0;1.0;232.45;215.36;6.315758;6.3;;97.3;0.97256;262.76;255.21;5.2995;5.2;;100.0;1.0;243.12;231.89;6.819929;6.8;;;;;;;;;;;;;;;;;;;;;;
3;Sudeste;35;SP;São Paulo;3552809;Taboão da Serra;12084179.332;44176.69;10975626.354;40124.1;10291072.498;34588.58;265.211;2086009.277;5310499.081;1252193.145;8648966.714;1642105.784;Demais serviços;Indústrias de transformação;Comércio e reparação de veículos automotores e motocicletas;7;True;95.2;0.952412;264.8;278.04;4.570891;4.4;;95.2;0.952412;264.8;278.04;4.570891;4.4;;98.2;0.982196;253.19;259.18;5.206167;5.1;;98.2;0.982196;253.19;259.18;5.206167;5.1;;99.8;0.997799;223.58;211.69;6.079756;6.1;;99.8;0.997799;223.46;211.5;6.074011;6.1;;;;;;;;;99.5;0.994137;226.91;216.6;6.232578;6.2;;;;;;;;;;;;;;;;;;;;;;
3;Sudeste;35;SP;São Paulo;3552908;Taciba;242091.189;38672.71;199127.993;31809.58;186412.175;29259.48;68762.806;10090.195;54417.335;46713.717;179984.052;6428.122;Agricultura, inclusive apoio à agricultura e a pós colheita;Demais serviços;Administração, defesa, educação e saúde públicas e seguridade social;6;True;96.5;0.965765;257.59;262.03;4.229956;4.1;;96.5;0.965765;257.59;262.03;4.229956;4.1;;97.6;0.974506;258.59;254.45;5.217333;5.1;;97.6;0.974506;258.59;254.45;5.217333;5.1;;97.3;0.973853;267.22;249.29;7.596217;7.4;;97.3;0.973853;267.22;249.29;7.596217;7.4;;;;;;;;;;;;;;;;;;;;;;;;;;;;;;;;;;;;
3;Sudeste;35;SP;São Paulo;3553005;Taguaí;409335.494;32310.01;391497.809;30902.03;343427.748;23824.33;55797.041;20165.789;171943.913;63891.786;311798.528;31629.219;Demais serviços;Comércio e reparação de veículos automotores e motocicletas;Administração, defesa, educação e saúde públicas e seguridade social;6;True;97.3;0.976988;280.91;283.64;4.880987;4.8;;97.3;0.976988;280.91;283.64;4.880987;4.8;;98.8;0.987909;278.68;273.73;5.8735;5.8;;98.8;0.987909;278.68;273.73;5.8735;5.8;;100.0;1.0;267.24;243.86;7.497871;7.5;;100.0;1.0;267.24;243.86;7.497871;7.5;;;;;;;;;;;;;;;;;;;;;;;;;;;;;;;;;;;;
3;Sudeste;35;SP;São Paulo;3553104;Taiaçu;155640.314;27415.94;121215.941;21352.11;109907.367;17319.16;28186.582;2699.843;44400.285;28776.496;104063.207;5844.161;Demais serviços;Administração, defesa, educação e saúde públicas e seguridade social;Agricultura, inclusive apoio à agricultura e a pós colheita;6;True;98.6;0.986238;265.95;280.59;4.625216;4.6;;98.6;0.986238;265.95;280.59;4.625216;4.6;;99.6;0.995951;252.22;255.88;5.135;5.1;;99.6;0.995951;252.22;255.88;5.135;5.1;;100.0;1.0;224.84;210.23;6.077256;6.1;;100.0;1.0;224.84;210.23;6.077256;6.1;;;;;;;;;;;;;;;;;;;;;;;;;;;;;;;;;;;;
3;Sudeste;35;SP;São Paulo;3553203;Taiúva;188353.34;28765.02;151516.031;23139.28;139651.101;25108.07;24191.068;20237.949;52322.844;31400.116;128151.977;11499.124;Demais serviços;Administração, defesa, educação e saúde públicas e seguridade social;Agricultura, inclusive apoio à agricultura e a pós colheita;6;True;99.3;0.992558;285.45;286.43;4.986518;4.9;;99.3;0.992558;285.45;286.43;4.986518;4.9;;100.0;1.0;267.93;270.7;5.643833;5.6;;100.0;1.0;267.93;270.7;5.643833;5.6;;100.0;1.0;219.99;198.95;5.779608;5.8;;100.0;1.0;219.99;198.95;5.779608;5.8;;;;;;;;;;;;;;;;;;;;;;;;;;;;;;;;;;;;
3;Sudeste;35;SP;São Paulo;3553302;Tambaú;966714.25;45099.8;843711.182;39361.38;700419.073;30119.07;78980.377;158476.676;304125.371;95553.04;637135.464;63283.609;Demais serviços;Indústrias de transformação;Administração, defesa, educação e saúde públicas e seguridade social;6;True;88.5;0.895558;264.86;274.55;4.519488;4.0;;88.5;0.895558;264.86;274.55;4.519488;4.0;;97.0;0.969283;242.88;239.38;4.704333;4.6;;97.0;0.969283;242.88;239.38;4.704333;4.6;;100.0;1.0;223.85;211.55;6.082363;6.1;;100.0;1.0;223.85;211.55;6.082363;6.1;;;;;;;;;;;;;;;;;;;;;;;;;;;;;;;;;;;;
3;Sudeste;35;SP;São Paulo;3553401;Tanabi;1592466.95;63030.55;1408897.055;55764.78;1323569.967;50458.24;132284.228;461061.387;480104.57;124694.717;1198144.902;125425.065;Indústrias de transformação;Demais serviços;Administração, defesa, educação e saúde públicas e seguridade social;7;True;99.5;0.995289;267.93;269.04;4.480121;4.5;;99.5;0.995289;267.93;269.04;4.480121;4.5;;100.0;1.0;274.82;277.21;5.867167;5.9;;100.0;1.0;271.95;274.58;5.7755;5.8;;100.0;1.0;258.89;237.49;7.222702;7.2;;100.0;1.0;258.89;237.49;7.222702;7.2;;100.0;1.0;284.23;285.8;6.167167;6.2;;;;;;;;;;;;;;;;;;;;;;;;;;;;;
3;Sudeste;35;SP;São Paulo;3553500;Tapiraí;223954.353;28008.3;191747.235;23980.39;185138.411;23966.14;68949.22;11578.765;55735.276;40565.281;176828.541;8309.87;Agricultura, inclusive apoio à agricultura e a pós colheita;Demais serviços;Administração, defesa, educação e saúde públicas e seguridade social;6;True;95.2;0.949064;269.53;284.44;4.733132;4.5;;95.2;0.949064;269.53;284.44;4.733132;4.5;;97.9;0.979818;247.92;241.94;4.831;4.7;;97.9;0.979818;247.92;241.94;4.831;4.7;;99.7;0.996347;229.05;214.91;6.24269;6.2;;99.7;0.996347;229.05;214.91;6.24269;6.2;;;;;;;;;;;;;;;;;;;;;;;;;;;;;;;;;;;;
3;Sudeste;35;SP;São Paulo;3553609;Tapiratiba;358652.712;30353.14;294802.08;24949.4;301184.818;23275.49;72223.91;25469.716;125753.736;60004.652;283452.014;17732.804;Demais serviços;Administração, defesa, educação e saúde públicas e seguridade social;Agricultura, inclusive apoio à agricultura e a pós colheita;4;True;;;;;;;;;;;;;;;96.9;0.968601;277.69;265.33;5.717;5.5;;;;;;;;;99.8;0.998187;250.92;232.12;6.972966;7.0;;99.8;0.998187;250.92;232.12;6.972966;7.0;;98.5;0.985695;286.91;272.08;5.983167;5.9;;;;;;;;;;;;;;;;;;;;;;;;;;;;;
3;Sudeste;35;SP;São Paulo;3553658;Taquaral;92382.788;35274.07;55233.706;21089.62;46861.863;16647.2;7715.097;1850.936;14486.849;20223.797;44276.679;2585.185;Administração, defesa, educação e saúde públicas e seguridade social;Demais serviços;Agricultura, inclusive apoio à agricultura e a pós colheita;6;True;98.7;0.982759;262.45;263.21;4.315879;4.2;;98.7;0.982759;262.45;263.21;4.315879;4.2;;100.0;1.0;271.35;259.04;5.5065;5.5;;100.0;1.0;271.35;259.04;5.5065;5.5;;100.0;1.0;202.81;199.03;5.4532;5.5;;100.0;1.0;202.81;199.03;5.4532;5.5;;;;;;;;;;;;;;;;;;;;;;;;;;;;;;;;;;;;
3;Sudeste;35;SP;São Paulo;3553708;Taquaritinga;2307144.805;44147.43;1930593.663;36942.09;1660014.384;28846.24;115944.357;235408.591;885902.109;272970.048;1510225.105;149789.279;Demais serviços;Administração, defesa, educação e saúde públicas e seguridade social;Comércio e reparação de veículos automotores e motocicletas;7;True;98.6;0.986318;278.62;278.89;4.777716;4.7;;98.6;0.986318;278.62;278.89;4.777716;4.7;;99.7;0.996743;276.58;268.17;5.745833;5.7;;99.6;0.996493;277.9;268.41;5.771833;5.8;;99.7;0.996789;236.79;221.79;6.515491;6.5;;99.7;0.996789;236.79;221.79;6.515491;6.5;;100.0;1.0;264.99;266.08;5.517833;5.5;;;;;;;;;;;;;;;;;;;;;;;;;;;;;
3;Sudeste;35;SP;São Paulo;3553807;Taquarituba;1279103.093;52529.9;1227811.122;50423.45;988151.947;42424.52;132339.82;66621.372;574067.49;100748.895;873777.576;114374.371;Demais serviços;Comércio e reparação de veículos automotores e motocicletas;Agricultura, inclusive apoio à agricultura e a pós colheita;6;True;93.6;0.938062;277.74;282.51;4.819549;4.5;;93.6;0.938062;277.74;282.51;4.819549;4.5;;98.6;0.985689;271.23;270.97;5.703333;5.6;;98.6;0.985689;271.23;270.97;5.703333;5.6;;99.8;0.99839;248.22;228.96;6.863985;6.9;;99.8;0.99839;248.22;228.96;6.863985;6.9;;;;;;;;;;;;;;;;;;;;;;;;;;;;;;;;;;;;
3;Sudeste;35;SP;São Paulo;3553856;Taquarivaí;433013.79;62974.66;453976.28;66023.31;367323.698;61548.88;122948.156;16843.793;157444.137;35426.188;332662.275;34661.424;Agricultura, inclusive apoio à agricultura e a pós colheita;Comércio e reparação de veículos automotores e motocicletas;Demais serviços;6;True;93.5;0.937528;268.05;272.78;4.537794;4.3;;93.5;0.937528;268.05;272.78;4.537794;4.3;;98.7;0.987063;265.91;270.91;5.613667;5.5;;;;;;;;;98.6;0.986144;236.94;217.28;6.436354;6.3;;98.6;0.986144;236.94;217.28;6.436354;6.3;;98.7;0.987063;265.91;270.91;5.613667;5.5;;;;;;;;;;;;;;;;;;;;;;;;;;;;;
3;Sudeste;35;SP;São Paulo;3553906;Tarabai;187170.91;28636.92;170112.935;26027.07;168350.324;22125.16;16002.304;14259.364;60792.112;42013.462;133067.241;35283.083;Demais serviços;Administração, defesa, educação e saúde públicas e seguridade social;Comércio e reparação de veículos automotores e motocicletas;6;True;91.9;0.919532;262.07;269.85;4.409943;4.1;;91.9;0.919532;262.07;269.85;4.409943;4.1;;99.2;0.992938;269.05;261.36;5.506833;5.5;;;;;;;;;99.3;0.99312;242.5;226.6;6.711915;6.7;;99.3;0.99312;242.5;226.6;6.711915;6.7;;99.2;0.992938;269.05;261.36;5.506833;5.5;;;;;;;;;;;;;;;;;;;;;;;;;;;;;
3;Sudeste;35;SP;São Paulo;3553955;Tarumã;1153082.93;77481.72;918710.468;61733.0;897036.192;58396.99;56414.134;342396.588;316519.163;77491.177;792821.062;104215.13;Indústrias de transformação;Demais serviços;Administração, defesa, educação e saúde públicas e seguridade social;6;True;91.8;0.918525;258.85;271.48;4.38912;4.0;;91.8;0.918525;258.85;271.48;4.38912;4.0;;98.3;0.982724;258.25;257.45;5.261667;5.2;;98.3;0.982724;258.25;257.45;5.261667;5.2;;100.0;1.0;272.85;251.28;7.739841;7.7;;100.0;1.0;272.85;251.28;7.739841;7.7;;;;;;;;;;;;;;;;;;;;;;;;;;;;;;;;;;;;
3;Sudeste;35;SP;São Paulo;3554003;Tatuí;6784534.581;54739.59;5978311.904;48234.75;5076192.938;40892.85;154857.403;1324244.268;2439454.528;526084.162;4444640.36;631552.579;Demais serviços;Indústrias de transformação;Administração, defesa, educação e saúde públicas e seguridade social;7;True;92.6;0.926859;272.39;281.81;4.733929;4.4;;92.6;0.926859;272.39;281.81;4.733929;4.4;;97.1;0.970415;257.55;261.47;5.317;5.2;;97.4;0.973348;259.16;262.87;5.367167;5.2;;99.4;0.993786;227.06;215.93;6.223259;6.2;;99.4;0.993786;227.06;215.93;6.223259;6.2;;96.5;0.964894;254.43;258.76;5.219833;5.0;;;;;;;;;;;;;;;;;;;;;;;;;;;;;
3;Sudeste;35;SP;São Paulo;3554102;Taubaté;22607800.468;72754.95;18462529.003;59414.91;16199985.933;50495.56;29195.862;4619437.11;7062455.685;1494813.013;13205901.67;2994084.263;Demais serviços;Indústrias de transformação;Administração, defesa, educação e saúde públicas e seguridade social;8;True;93.1;0.933735;271.84;280.94;4.71318;4.4;;93.5;0.937738;273.76;282.3;4.760506;4.5;;98.4;0.983966;256.01;258.49;5.241667;5.2;;98.6;0.984932;281.8;282.72;6.075333;6.0;;99.2;0.992593;225.58;212.98;6.141378;6.1;;99.2;0.992593;225.58;212.98;6.141378;6.1;;98.4;0.983714;255.71;258.21;5.232;5.1;;;;;;;;;;;;;;;;99.7;0.9965;287.52;292.04;5.099573;5.1;;;;;;;;
3;Sudeste;35;SP;São Paulo;3554201;Tejupá;341127.352;82657.46;124784.075;30236.02;138116.334;31023.44;74288.846;4616.711;29408.651;25903.365;134217.573;3898.761;Agricultura, inclusive apoio à agricultura e a pós colheita;Demais serviços;Administração, defesa, educação e saúde públicas e seguridade social;7;True;87.4;0.862929;267.35;270.65;4.496077;3.9;;87.4;0.862929;267.35;270.65;4.496077;3.9;;97.3;0.97153;246.1;243.57;4.827833;4.7;;97.0;0.964947;238.13;233.28;4.5235;4.4;;99.6;0.996347;250.81;235.52;7.032685;7.0;;99.6;0.996347;250.81;235.52;7.032685;7.0;;98.4;0.984567;263.9;266.59;5.508167;5.4;;;;;;;;;;;;;;;;;;;;;;;;;;;;;
3;Sudeste;35;SP;São Paulo;3554300;Teodoro Sampaio;822760.153;37106.4;678819.552;30614.69;627028.261;26801.81;125733.521;89635.136;265524.496;103985.516;584878.668;42149.592;Demais serviços;Agricultura, inclusive apoio à agricultura e a pós colheita;Administração, defesa, educação e saúde públicas e seguridade social;8;True;93.6;0.93445;272.98;279.26;4.704042;4.4;;93.6;0.93445;272.98;279.26;4.704042;4.4;;98.9;0.988901;263.12;261.8;5.415333;5.4;;98.8;0.987895;261.03;258.42;5.324167;5.3;;100.0;1.0;238.73;220.98;6.537787;6.5;;100.0;1.0;239.9;221.75;6.574115;6.6;;99.5;0.993631;273.32;278.34;5.861;5.8;;100.0;1.0;223.7;211.13;6.071864;6.1;;;;;;;;;;;;;;;;;;;;;;
3;Sudeste;35;SP;São Paulo;3554409;Terra Roxa;237426.174;30038.74;182316.05;23066.3;174935.246;18410.36;42624.259;15260.385;63207.555;45914.494;167006.693;7928.553;Demais serviços;Administração, defesa, educação e saúde públicas e seguridade social;Agricultura, inclusive apoio à agricultura e a pós colheita;6;True;94.2;0.944538;265.68;270.6;4.471873;4.2;;94.2;0.944538;265.68;270.6;4.471873;4.2;;100.0;1.0;270.76;263.54;5.571667;5.6;;;;;;;;;100.0;1.0;250.79;219.78;6.746121;6.7;;100.0;1.0;250.79;219.78;6.746121;6.7;;100.0;1.0;270.76;263.54;5.571667;5.6;;;;;;;;;;;;;;;;;;;;;;;;;;;;;
3;Sudeste;35;SP;São Paulo;3554508;Tietê;2954947.719;78457.58;2473358.84;65670.79;2158402.234;50258.52;64791.462;734290.347;854750.252;214403.526;1868235.587;290166.646;Demais serviços;Indústrias de transformação;Administração, defesa, educação e saúde públicas e seguridade social;6;True;92.7;0.93098;269.56;277.12;4.623972;4.3;;92.7;0.93098;269.56;277.12;4.623972;4.3;;98.5;0.984217;270.1;266.98;5.618;5.5;;;;;;;;;99.5;0.994591;231.29;214.64;6.280529;6.2;;99.5;0.994591;231.29;214.64;6.280529;6.2;;98.5;0.984217;270.1;266.98;5.618;5.5;;;;;;;;;;;;;;;;;;;;;;;;;;;;;
3;Sudeste;35;SP;São Paulo;3554607;Timburi;80267.648;32576.16;62755.097;25468.79;66301.28;25047.71;24316.821;2843.964;17936.369;19346.577;64443.731;1857.549;Agricultura, inclusive apoio à agricultura e a pós colheita;Administração, defesa, educação e saúde públicas e seguridade social;Demais serviços;6;True;94.9;0.946768;286.1;288.77;5.030677;4.8;;94.9;0.946768;286.1;288.77;5.030677;4.8;;96.3;0.960729;260.67;253.71;5.239667;5.0;;96.3;0.960729;260.67;253.71;5.239667;5.0;;98.0;0.978017;234.63;218.76;6.419179;6.3;;98.0;0.978017;234.63;218.76;6.419179;6.3;;;;;;;;;;;;;;;;;;;;;;;;;;;;;;;;;;;;
3;Sudeste;35;SP;São Paulo;3554656;Torre de Pedra;44086.733;21547.77;37807.309;18478.65;37756.621;15524.93;2822.443;2481.025;14580.731;16230.499;36114.699;1641.922;Administração, defesa, educação e saúde públicas e seguridade social;Demais serviços;Pecuária, inclusive apoio à pecuária;4;True;98.1;0.990835;274.75;280.56;4.748363;4.7;;98.1;0.990835;274.75;280.56;4.748363;4.7;;;;;;;;;;;;;;;;98.8;0.988195;235.65;226.84;6.585554;6.5;;98.8;0.988195;235.65;226.84;6.585554;6.5;;;;;;;;;;;;;;;;;;;;;;;;;;;;;;;;;;;;
3;Sudeste;35;SP;São Paulo;3554706;Torrinha;380075.254;40715.08;320479.876;34331.0;284592.255;28177.45;68706.213;27529.067;120260.732;45387.966;261883.978;22708.278;Demais serviços;Agricultura, inclusive apoio à agricultura e a pós colheita;Administração, defesa, educação e saúde públicas e seguridade social;6;True;83.1;0.829361;273.42;274.54;4.639563;3.8;;83.1;0.829361;273.42;274.54;4.639563;3.8;;96.6;0.965433;260.32;248.78;5.151667;5.0;;94.9;0.949174;260.32;248.78;5.151667;4.9;;100.0;1.0;227.77;214.47;6.210263;6.2;;;;;;;;;;;;;;;;100.0;1.0;227.77;214.47;6.210263;6.2;;;;;;;;;;;;;;;;;;;;;;
3;Sudeste;35;SP;São Paulo;3554755;Trabiju;66640.706;39619.92;52600.846;31272.8;44919.531;25639.0;9226.651;4962.707;12380.141;15981.989;42551.488;2368.043;Administração, defesa, educação e saúde públicas e seguridade social;Demais serviços;Agricultura, inclusive apoio à agricultura e a pós colheita;6;True;98.3;0.98319;263.41;275.76;4.517237;4.4;;98.3;0.98319;263.41;275.76;4.517237;4.4;;95.6;0.959749;248.68;255.17;5.064167;4.9;;;;;;;;;100.0;1.0;248.59;208.08;6.491409;6.5;;100.0;1.0;248.59;208.08;6.491409;6.5;;95.6;0.959749;248.68;255.17;5.064167;4.9;;;;;;;;;;;;;;;;;;;;;;;;;;;;;
3;Sudeste;35;SP;São Paulo;3554805;Tremembé;1091770.581;21334.89;1023337.713;19997.61;896633.754;18591.56;12195.007;180772.247;398574.987;215319.233;806861.473;89772.28;Demais serviços;Administração, defesa, educação e saúde públicas e seguridade social;Indústrias de transformação;6;True;99.1;0.992325;272.96;280.69;4.725168;4.7;;99.1;0.992325;272.96;280.69;4.725168;4.7;;95.1;0.950086;259.49;262.69;5.369667;5.1;;;;;;;;;96.2;0.962471;225.58;212.32;6.129378;5.9;;96.2;0.962471;225.58;212.32;6.129378;5.9;;95.1;0.950086;259.49;262.69;5.369667;5.1;;;;;;;;;;;;;;;;;;;;;;;;;;;;;
3;Sudeste;35;SP;São Paulo;3554904;Três Fronteiras;155504.752;22854.9;130745.408;19215.96;122035.537;20839.4;23088.42;8711.591;52012.067;31356.597;115168.674;6866.863;Demais serviços;Administração, defesa, educação e saúde públicas e seguridade social;Agricultura, inclusive apoio à agricultura e a pós colheita;4;True;97.6;0.970227;263.49;271.28;4.451294;4.3;;97.6;0.970227;263.49;271.28;4.451294;4.3;;99.0;0.989606;267.02;267.87;5.5815;5.5;;99.0;0.989606;267.02;267.87;5.5815;5.5;;;;;;;;;;;;;;;;;;;;;;;;;;;;;;;;;;;;;;;;;;;;;;;;;;
3;Sudeste;35;SP;São Paulo;3554953;Tuiuti;239682.024;35361.76;193507.593;28549.36;181790.461;25756.65;43333.376;6697.597;86971.045;31495.348;168497.366;13293.095;Demais serviços;Comércio e reparação de veículos automotores e motocicletas;Agricultura, inclusive apoio à agricultura e a pós colheita;6;True;100.0;1.0;278.63;283.58;4.848067;4.8;;100.0;1.0;278.63;283.58;4.848067;4.8;;99.5;0.994217;266.46;261.33;5.463167;5.4;;;;;;;;;100.0;1.0;219.34;213.98;6.040476;6.0;;100.0;1.0;219.34;213.98;6.040476;6.0;;99.5;0.994217;266.46;261.33;5.463167;5.4;;;;;;;;;;;;;;;;;;;;;;;;;;;;;
3;Sudeste;35;SP;São Paulo;3555000;Tupã;3128301.71;48934.77;2509745.856;39258.95;2213337.24;33732.18;193785.747;289544.79;1243051.898;275150.707;2001533.142;211804.098;Demais serviços;Comércio e reparação de veículos automotores e motocicletas;Administração, defesa, educação e saúde públicas e seguridade social;8;True;91.9;0.922117;282.97;286.43;4.951686;4.6;;92.6;0.929152;285.31;289.24;5.026617;4.7;;97.2;0.97066;263.5;264.19;5.4615;5.3;;97.2;0.97066;263.5;264.19;5.4615;5.3;;99.8;0.997798;245.38;226.39;6.763059;6.7;;99.9;0.999197;244.69;226.01;6.742982;6.7;;;;;;;;;99.6;0.995992;246.33;226.9;6.790461;6.8;;98.4;0.98621;307.9;316.35;5.749731;5.7;;;;;;;;;;;;;;;
3;Sudeste;35;SP;São Paulo;3555109;Tupi Paulista;446937.811;28190.85;375898.108;23709.99;340357.291;21720.31;43825.339;9779.23;193547.67;73728.046;320880.284;19477.007;Demais serviços;Administração, defesa, educação e saúde públicas e seguridade social;Agricultura, inclusive apoio à agricultura e a pós colheita;6;True;91.8;0.918855;272.7;283.85;4.768822;4.4;;91.8;0.918855;272.7;283.85;4.768822;4.4;;98.3;0.98356;276.8;275.2;5.866667;5.8;;;;;;;;;99.7;0.997168;275.99;253.54;7.840856;7.8;;99.7;0.997168;275.99;253.54;7.840856;7.8;;98.3;0.98356;276.8;275.2;5.866667;5.8;;;;;;;;;;;;;;;;;;;;;;;;;;;;;
3;Sudeste;35;SP;São Paulo;3555208;Turiúba;88091.265;48455.04;61349.86;33745.8;56424.618;27877.78;21508.551;2346.69;15192.574;15777.222;54825.036;1599.582;Administração, defesa, educação e saúde públicas e seguridade social;Agricultura, inclusive apoio à agricultura e a pós colheita;Demais serviços;6;True;98.2;0.980609;272.52;282.36;4.743988;4.7;;98.2;0.980609;272.52;282.36;4.743988;4.7;;100.0;1.0;251.25;241.64;4.8815;4.9;;100.0;1.0;251.25;241.64;4.8815;4.9;;100.0;1.0;249.22;214.85;6.626523;6.6;;100.0;1.0;249.22;214.85;6.626523;6.6;;;;;;;;;;;;;;;;;;;;;;;;;;;;;;;;;;;;
3;Sudeste;35;SP;São Paulo;3555307;Turmalina;100226.09;60051.58;72579.582;43486.87;73691.514;44206.07;37998.619;3096.682;15557.667;14853.303;71506.271;2185.243;Agricultura, inclusive apoio à agricultura e a pós colheita;Administração, defesa, educação e saúde públicas e seguridade social;Demais serviços;6;True;100.0;1.0;276.11;264.82;4.531835;4.5;;100.0;1.0;276.11;264.82;4.531835;4.5;;100.0;1.0;280.66;263.0;5.727667;5.7;;100.0;1.0;280.66;263.0;5.727667;5.7;;100.0;1.0;247.51;235.58;6.970799;7.0;;100.0;1.0;247.51;235.58;6.970799;7.0;;;;;;;;;;;;;;;;;;;;;;;;;;;;;;;;;;;;
3;Sudeste;35;SP;São Paulo;3555356;Ubarana;298745.87;55684.23;230722.502;43005.13;212639.004;32774.2;37290.128;79174.59;50542.026;36674.157;203680.901;8958.103;Eletricidade e gás, água, esgoto, atividades de gestão de resíduos e descontaminação;Demais serviços;Administração, defesa, educação e saúde públicas e seguridade social;6;True;97.9;0.977375;276.89;271.22;4.638598;4.5;;97.9;0.977375;276.89;271.22;4.638598;4.5;;96.5;0.96344;260.05;255.83;5.264667;5.1;;;;;;;;;98.6;0.987202;240.48;211.22;6.393729;6.3;;98.6;0.987202;240.48;211.22;6.393729;6.3;;96.5;0.96344;260.05;255.83;5.264667;5.1;;;;;;;;;;;;;;;;;;;;;;;;;;;;;
3;Sudeste;35;SP;São Paulo;3555406;Ubatuba;3506919.269;37716.51;3218974.11;34620.07;2705941.156;29152.88;31826.987;381498.027;1654039.192;482564.721;2549928.927;156012.23;Demais serviços;Administração, defesa, educação e saúde públicas e seguridade social;Comércio e reparação de veículos automotores e motocicletas;8;True;89.9;0.905441;260.29;267.21;4.345422;3.9;;91.0;0.916047;264.18;272.64;4.481345;4.1;;97.1;0.970562;243.82;250.15;4.8995;4.8;;96.9;0.968364;242.91;249.53;4.874;4.7;;99.4;0.993776;221.37;209.52;5.998126;6.0;;99.4;0.993776;221.37;209.52;5.998126;6.0;;97.8;0.978461;246.86;252.24;4.985;4.9;;;;;;;;;;;;;;;;97.6;0.976292;284.53;301.07;5.192758;5.1;;;;;;;;
3;Sudeste;35;SP;São Paulo;3555505;Ubirajara;201026.244;39171.13;123802.334;24123.6;114467.732;23709.14;30979.063;5088.472;40952.197;32485.898;109505.63;4962.101;Demais serviços;Administração, defesa, educação e saúde públicas e seguridade social;Agricultura, inclusive apoio à agricultura e a pós colheita;2;True;;;;;;;;;;;;;;;;;;;;;;;;;;;;;100.0;1.0;230.43;211.41;6.20539;6.2;;100.0;1.0;230.43;211.41;6.20539;6.2;;;;;;;;;;;;;;;;;;;;;;;;;;;;;;;;;;;;
3;Sudeste;35;SP;São Paulo;3555604;Uchoa;521823.515;50204.3;408570.533;39308.31;401840.509;39430.92;38483.852;143054.14;127884.479;50079.771;359502.242;42338.267;Indústrias de transformação;Demais serviços;Administração, defesa, educação e saúde públicas e seguridade social;6;True;86.0;0.854669;279.96;288.03;4.933363;4.2;;86.0;0.854669;279.96;288.03;4.933363;4.2;;99.2;0.990959;250.89;248.47;4.989333;4.9;;;;;;;;;99.6;0.996553;236.88;212.67;6.351391;6.3;;99.6;0.996553;236.88;212.67;6.351391;6.3;;99.2;0.990959;250.89;248.47;4.989333;4.9;;;;;;;;;;;;;;;;;;;;;;;;;;;;;
3;Sudeste;35;SP;São Paulo;3555703;União Paulista;72243.943;45067.96;64215.389;40059.51;57594.759;30538.05;20856.867;2472.881;16340.222;16201.576;55871.545;1723.214;Agricultura, inclusive apoio à agricultura e a pós colheita;Administração, defesa, educação e saúde públicas e seguridade social;Demais serviços;6;True;100.0;1.0;263.65;266.58;4.383182;4.4;;100.0;1.0;263.65;266.58;4.383182;4.4;;100.0;1.0;245.98;239.92;4.765;4.8;;100.0;1.0;245.98;239.92;4.765;4.8;;100.0;1.0;216.27;200.76;5.741525;5.7;;;;;;;;;;;;;;;;100.0;1.0;216.27;200.76;5.741525;5.7;;;;;;;;;;;;;;;;;;;;;;
3;Sudeste;35;SP;São Paulo;3555802;Urânia;366620.323;41505.75;313528.164;35495.09;286014.199;31344.02;89081.036;31474.634;107196.73;37625.921;265378.322;20635.877;Demais serviços;Agricultura, inclusive apoio à agricultura e a pós colheita;Administração, defesa, educação e saúde públicas e seguridade social;6;True;96.5;0.962063;287.97;285.36;5.005893;4.8;;96.5;0.962063;287.97;285.36;5.005893;4.8;;99.4;0.994408;272.39;268.78;5.686167;5.7;;99.4;0.994408;272.39;268.78;5.686167;5.7;;100.0;1.0;247.13;223.73;6.748092;6.7;;;;;;;;;;;;;;;;100.0;1.0;247.13;223.73;6.748092;6.7;;;;;;;;;;;;;;;;;;;;;;
3;Sudeste;35;SP;São Paulo;3555901;Uru;66749.681;48125.22;51165.923;36889.63;46392.065;40623.52;15392.137;1861.27;12625.748;15184.252;45063.406;1328.659;Administração, defesa, educação e saúde públicas e seguridade social;Agricultura, inclusive apoio à agricultura e a pós colheita;Demais serviços;4;True;;;;;;;;;;;;;;;98.1;0.98063;273.5;266.78;5.671333;5.6;;98.1;0.98063;273.5;266.78;5.671333;5.6;;100.0;1.0;228.96;194.92;5.877518;5.9;;100.0;1.0;228.96;194.92;5.877518;5.9;;;;;;;;;;;;;;;;;;;;;;;;;;;;;;;;;;;;
3;Sudeste;35;SP;São Paulo;3556008;Urupês;647135.023;47084.91;549725.349;39997.48;483324.505;34609.7;96842.634;39978.607;224435.235;75254.706;436511.181;46813.323;Demais serviços;Administração, defesa, educação e saúde públicas e seguridade social;Agricultura, inclusive apoio à agricultura e a pós colheita;6;True;99.0;0.991285;289.63;282.96;4.993279;4.9;;99.0;0.991285;289.63;282.96;4.993279;4.9;;99.2;0.991675;274.78;269.71;5.7415;5.7;;;;;;;;;100.0;1.0;263.46;242.01;7.392097;7.4;;100.0;1.0;263.46;242.01;7.392097;7.4;;99.2;0.991675;274.78;269.71;5.7415;5.7;;;;;;;;;;;;;;;;;;;;;;;;;;;;;
3;Sudeste;35;SP;São Paulo;3556107;Valentim Gentil;565653.229;40122.94;459473.416;32591.39;437546.287;31863.26;23344.673;141998.187;160684.032;61920.349;387947.242;49599.045;Demais serviços;Indústrias de transformação;Administração, defesa, educação e saúde públicas e seguridade social;6;True;97.9;0.978589;271.52;285.29;4.773806;4.7;;97.9;0.978589;271.52;285.29;4.773806;4.7;;98.9;0.988719;249.67;257.34;5.116833;5.1;;98.9;0.988719;249.67;257.34;5.116833;5.1;;100.0;1.0;263.86;227.91;7.143367;7.1;;100.0;1.0;263.86;227.91;7.143367;7.1;;;;;;;;;;;;;;;;;;;;;;;;;;;;;;;;;;;;
3;Sudeste;35;SP;São Paulo;3556206;Valinhos;10200700.888;80718.99;9259974.242;73302.78;7969199.991;59842.76;57997.585;1796025.796;3845353.053;657577.284;6356953.717;1612246.275;Demais serviços;Indústrias de transformação;Comércio e reparação de veículos automotores e motocicletas;7;True;91.2;0.912037;281.86;291.98;5.01918;4.6;;91.2;0.912037;281.86;291.98;5.01918;4.6;;95.3;0.952838;269.74;273.71;5.724167;5.5;;97.3;0.973187;263.32;271.54;5.581;5.4;;97.1;0.971789;236.4;228.2;6.624594;6.4;;97.1;0.971789;236.4;228.2;6.624594;6.4;;94.4;0.943621;273.47;274.97;5.807333;5.5;;;;;;;;;;;;;;;;;;;;;;;;;;;;;
3;Sudeste;35;SP;São Paulo;3556305;Valparaíso;1426927.115;58864.2;1338314.344;55208.71;1236296.888;45529.09;138004.542;449113.554;379299.013;142460.757;1108877.867;127419.021;Indústrias de transformação;Demais serviços;Administração, defesa, educação e saúde públicas e seguridade social;6;True;97.8;0.975422;260.82;270.72;4.405411;4.3;;97.8;0.975422;260.82;270.72;4.405411;4.3;;100.0;1.0;253.78;258.39;5.202833;5.2;;100.0;1.0;253.78;258.39;5.202833;5.2;;99.8;0.99778;242.4;222.56;6.636552;6.6;;99.8;0.99778;242.4;222.56;6.636552;6.6;;;;;;;;;;;;;;;;;;;;;;;;;;;;;;;;;;;;
3;Sudeste;35;SP;São Paulo;3556354;Vargem;222012.401;21119.9;183035.024;17412.01;153401.48;14148.82;12805.434;13569.871;72837.108;42707.275;141919.688;11481.792;Demais serviços;Administração, defesa, educação e saúde públicas e seguridade social;Comércio e reparação de veículos automotores e motocicletas;6;True;98.9;0.986609;259.92;278.52;4.509537;4.4;;98.9;0.986609;259.92;278.52;4.509537;4.4;;99.8;0.997988;249.53;256.52;5.100833;5.1;;;;;;;;;100.0;1.0;222.56;220.71;6.22429;6.2;;100.0;1.0;222.56;220.71;6.22429;6.2;;99.8;0.997988;249.53;256.52;5.100833;5.1;;;;;;;;;;;;;;;;;;;;;;;;;;;;;
3;Sudeste;35;SP;São Paulo;3556404;Vargem Grande do Sul;1431641.524;35672.43;1357282.639;33819.62;1287338.885;29684.07;59764.36;221264.678;670165.935;174876.449;1126071.422;161267.463;Demais serviços;Indústrias de transformação;Comércio e reparação de veículos automotores e motocicletas;6;True;85.8;0.864373;276.49;285.92;4.85304;4.2;;85.8;0.864373;276.49;285.92;4.85304;4.2;;94.9;0.948002;261.89;263.0;5.414833;5.1;;94.9;0.948002;261.89;263.0;5.414833;5.1;;99.3;0.992587;252.82;232.05;7.007953;7.0;;99.3;0.992587;252.82;232.05;7.007953;7.0;;;;;;;;;;;;;;;;;;;;;;;;;;;;;;;;;;;;
3;Sudeste;35;SP;São Paulo;3556453;Vargem Grande Paulista;3524292.853;69905.64;3266316.567;64894.14;2898202.787;53359.16;43369.001;641802.059;1368881.741;275206.948;2329259.749;568943.038;Demais serviços;Indústrias de transformação;Comércio e reparação de veículos automotores e motocicletas;6;True;95.9;0.961155;269.29;279.95;4.662545;4.5;;95.9;0.961155;269.29;279.95;4.662545;4.5;;98.7;0.987235;255.72;260.7;5.273667;5.2;;98.7;0.987235;255.72;260.7;5.273667;5.2;;99.6;0.996584;237.21;226.64;6.611688;6.6;;99.6;0.996584;237.21;226.64;6.611688;6.6;;;;;;;;;;;;;;;;;;;;;;;;;;;;;;;;;;;;
3;Sudeste;35;SP;São Paulo;3556503;Várzea Paulista;4736061.572;40908.88;4339125.715;37480.25;3965839.453;31913.34;2910.654;1326933.945;1594687.474;484951.255;3409483.328;556356.125;Demais serviços;Indústrias de transformação;Administração, defesa, educação e saúde públicas e seguridade social;6;True;95.7;0.955528;262.64;272.67;4.460165;4.3;;95.7;0.955528;262.64;272.67;4.460165;4.3;;99.2;0.991975;260.76;263.46;5.403667;5.4;;99.2;0.991975;260.76;263.46;5.403667;5.4;;100.0;0.999399;231.76;216.98;6.332044;6.3;;100.0;0.999399;231.76;216.98;6.332044;6.3;;;;;;;;;;;;;;;;;;;;;;;;;;;;;;;;;;;;
3;Sudeste;35;SP;São Paulo;3556602;Vera Cruz;302804.606;29756.74;277525.316;27272.53;240193.45;22231.9;23928.208;8141.643;136683.118;48491.658;217244.627;22948.823;Demais serviços;Comércio e reparação de veículos automotores e motocicletas;Administração, defesa, educação e saúde públicas e seguridade social;6;True;98.9;0.988055;269.17;276.14;4.603824;4.5;;98.9;0.988055;269.17;276.14;4.603824;4.5;;99.5;0.995478;277.01;268.67;5.761333;5.7;;99.5;0.995478;277.01;268.67;5.761333;5.7;;99.8;0.99778;238.96;222.19;6.564176;6.5;;99.8;0.99778;238.96;222.19;6.564176;6.5;;;;;;;;;;;;;;;;;;;;;;;;;;;;;;;;;;;;
3;Sudeste;35;SP;São Paulo;3556701;Vinhedo;14699664.334;192052.06;14061247.725;183416.35;12557908.972;154054.53;14330.505;3476251.858;5428696.996;554172.339;9473451.699;3084457.273;Demais serviços;Indústrias de transformação;Comércio e reparação de veículos automotores e motocicletas;6;True;93.2;0.932375;282.35;298.27;5.120224;4.8;;93.2;0.932375;282.35;298.27;5.120224;4.8;;94.4;0.943525;272.37;270.08;5.7075;5.4;;;;;;;;;95.1;0.952414;241.76;225.68;6.681066;6.4;;95.1;0.952414;241.76;225.68;6.681066;6.4;;94.4;0.943525;272.37;270.08;5.7075;5.4;;;;;;;;;;;;;;;;;;;;;;;;;;;;;
3;Sudeste;35;SP;São Paulo;3556800;Viradouro;563835.943;32378.31;512076.106;29406.0;443704.352;23190.53;42303.844;60045.235;209493.978;90416.126;402259.183;41445.168;Demais serviços;Administração, defesa, educação e saúde públicas e seguridade social;Comércio e reparação de veículos automotores e motocicletas;7;True;92.3;0.916729;252.43;260.21;4.130239;3.8;;92.3;0.916729;252.43;260.21;4.130239;3.8;;99.3;0.99347;229.11;234.71;4.397;4.4;;98.2;0.981343;228.52;235.27;4.3965;4.3;;99.9;0.998996;220.06;206.21;5.912944;5.9;;99.9;0.998996;220.06;206.21;5.912944;5.9;;99.8;0.998241;229.32;234.52;4.397333;4.4;;;;;;;;;;;;;;;;;;;;;;;;;;;;;
3;Sudeste;35;SP;São Paulo;3556909;Vista Alegre do Alto;705941.182;87056.5;547752.424;67548.7;425057.809;46388.5;33887.394;150924.149;144839.52;45133.927;374784.99;50272.819;Indústrias de transformação;Demais serviços;Administração, defesa, educação e saúde públicas e seguridade social;6;True;100.0;1.0;281.58;287.27;4.944739;4.9;;100.0;1.0;281.58;287.27;4.944739;4.9;;100.0;1.0;258.82;254.96;5.229667;5.2;;100.0;1.0;258.82;254.96;5.229667;5.2;;100.0;1.0;246.23;228.72;6.821644;6.8;;100.0;1.0;246.23;228.72;6.821644;6.8;;;;;;;;;;;;;;;;;;;;;;;;;;;;;;;;;;;;
3;Sudeste;35;SP;São Paulo;3556958;Vitória Brasil;64481.075;35942.63;47828.506;26660.26;45178.636;24394.51;7651.375;1930.555;18826.427;13865.715;42274.072;2904.564;Administração, defesa, educação e saúde públicas e seguridade social;Demais serviços;Agricultura, inclusive apoio à agricultura e a pós colheita;6;True;94.5;0.943422;282.42;291.14;5.01447;4.7;;94.5;0.943422;282.42;291.14;5.01447;4.7;;99.0;0.989691;268.36;252.43;5.3465;5.3;;99.0;0.989691;268.36;252.43;5.3465;5.3;;100.0;1.0;222.15;198.3;5.809011;5.8;;100.0;1.0;222.15;198.3;5.809011;5.8;;;;;;;;;;;;;;;;;;;;;;;;;;;;;;;;;;;;
3;Sudeste;35;SP;São Paulo;3557006;Votorantim;5209654.121;40724.92;4518921.679;35325.33;3919236.248;31487.9;3661.49;932430.123;1897868.436;549536.002;3383496.05;535740.197;Demais serviços;Indústrias de transformação;Administração, defesa, educação e saúde públicas e seguridade social;6;True;90.7;0.908453;269.95;279.21;4.660737;4.2;;90.7;0.908453;269.95;279.21;4.660737;4.2;;97.0;0.968818;268.11;270.8;5.6485;5.5;;97.0;0.968818;268.11;270.8;5.6485;5.5;;99.7;0.997194;234.44;217.52;6.393008;6.4;;99.7;0.997194;234.44;217.52;6.393008;6.4;;;;;;;;;;;;;;;;;;;;;;;;;;;;;;;;;;;;
3;Sudeste;35;SP;São Paulo;3557105;Votuporanga;4582202.643;47418.12;4138149.397;42822.91;3862539.651;40190.41;63921.381;720558.066;2277197.924;387363.358;3449040.729;413498.922;Demais serviços;Indústrias de transformação;Comércio e reparação de veículos automotores e motocicletas;8;True;94.1;0.942631;267.87;275.73;4.579428;4.3;;94.2;0.944634;277.2;282.61;4.813461;4.5;;99.4;0.993731;268.63;269.83;5.641;5.6;;99.4;0.994478;268.48;269.84;5.638667;5.6;;99.2;0.99255;249.27;229.87;6.900568;6.8;;99.2;0.99255;249.27;229.87;6.900568;6.8;;96.7;0.959955;276.0;269.22;5.753667;5.5;;;;;;;;;95.8;0.960511;353.94;339.17;6.737977;6.5;;;;;;;;;;;;;;;
3;Sudeste;35;SP;São Paulo;3557154;Zacarias;177562.313;65959.25;146668.319;54483.03;130188.73;46763.19;60922.172;13184.488;29175.66;21355.46;124637.781;5550.95;Agricultura, inclusive apoio à agricultura e a pós colheita;Demais serviços;Administração, defesa, educação e saúde públicas e seguridade social;6;True;93.8;0.946919;288.1;289.5;5.069695;4.8;;93.8;0.946919;288.1;289.5;5.069695;4.8;;100.0;1.0;271.6;244.65;5.270833;5.3;;100.0;1.0;271.6;244.65;5.270833;5.3;;100.0;1.0;224.72;218.47;6.224784;6.2;;100.0;1.0;224.72;218.47;6.224784;6.2;;;;;;;;;;;;;;;;;;;;;;;;;;;;;;;;;;;;
3;Sudeste;35;SP;São Paulo;3557204;Chavantes;477220.027;39081.16;379732.48;31097.57;266344.771;21448.28;26826.392;20929.378;129521.785;64975.589;242253.144;24091.627;Demais serviços;Administração, defesa, educação e saúde públicas e seguridade social;Comércio e reparação de veículos automotores e motocicletas;7;True;93.3;0.933018;248.38;252.6;3.959435;3.7;;93.3;0.933018;248.38;252.6;3.959435;3.7;;98.5;0.980633;249.8;249.19;4.983167;4.9;;98.0;0.975989;246.33;244.12;4.840833;4.7;;99.0;0.991736;225.76;209.38;6.079359;6.0;;99.0;0.991736;225.76;209.38;6.079359;6.0;;100.0;1.0;265.14;271.53;5.611167;5.6;;;;;;;;;;;;;;;;;;;;;;;;;;;;;
3;Sudeste;35;SP;São Paulo;3557303;Estiva Gerbi;532211.875;47119.25;444697.274;39371.16;389432.135;33843.06;55493.171;92781.439;133306.477;60521.225;342102.311;47329.824;Demais serviços;Indústrias de transformação;Administração, defesa, educação e saúde públicas e seguridade social;6;True;95.0;0.950105;267.12;275.33;4.562906;4.3;;95.0;0.950105;267.12;275.33;4.562906;4.3;;97.3;0.972677;242.43;239.27;4.695;4.6;;;;;;;;;95.7;0.95774;225.6;217.69;6.227396;6.0;;95.7;0.95774;225.6;217.69;6.227396;6.0;;97.3;0.972677;242.43;239.27;4.695;4.6;;;;;;;;;;;;;;;;;;;;;;;;;;;;;
